<?xml version='1.0' encoding='UTF-8'?>
<annotation><filename>1.jpg</filename><folder>segmentation_xray</folder><source><sourceImage>The MIT-CSAIL database of objects and scenes</sourceImage><sourceAnnotation>LabelMe Webtool</sourceAnnotation></source><object><name>tooth</name><deleted>0</deleted><verified>0</verified><occluded>no</occluded><attributes>27</attributes><parts><hasparts>12</hasparts><ispartof /></parts><date>10-01-22 15:16:10:731</date><id>0</id><type>bounding_box</type><polygon><username>anonymous</username><pt><x>1097</x><y>5</y><time>10-01-22 15:16:00:316</time></pt><pt><x>803</x><y>5</y><time>10-01-22 15:16:04:247</time></pt><pt><x>803</x><y>234</y><time>undefined</time></pt><pt><x>1097</x><y>234</y><time>undefined</time></pt><closed_date>10-01-22 15:16:04:248</closed_date></polygon></object><object><name>tooth</name><deleted>0</deleted><verified>0</verified><occluded>no</occluded><attributes>26</attributes><parts><hasparts>10</hasparts><ispartof /></parts><date>10-01-22 15:16:21:242</date><id>1</id><type>bounding_box</type><polygon><username>anonymous</username><pt><x>481</x><y>0</y><time>10-01-22 15:16:13:502</time></pt><pt><x>811</x><y>0</y><time>10-01-22 15:16:15:832</time></pt><pt><x>811</x><y>244</y><time>undefined</time></pt><pt><x>481</x><y>244</y><time>undefined</time></pt><closed_date>10-01-22 15:16:15:833</closed_date></polygon></object><object><name>tooth</name><deleted>0</deleted><verified>0</verified><occluded>no</occluded><attributes>25</attributes><parts><hasparts>11</hasparts><ispartof /></parts><date>10-01-22 15:16:30:295</date><id>2</id><type>bounding_box</type><polygon><username>anonymous</username><pt><x>275</x><y>5</y><time>10-01-22 15:16:23:527</time></pt><pt><x>491</x><y>5</y><time>10-01-22 15:16:25:337</time></pt><pt><x>491</x><y>220</y><time>undefined</time></pt><pt><x>275</x><y>220</y><time>undefined</time></pt><closed_date>10-01-22 15:16:25:338</closed_date></polygon></object><object><name>tooth</name><deleted>0</deleted><verified>0</verified><occluded>no</occluded><attributes>24</attributes><parts><hasparts /><ispartof /></parts><date>10-01-22 15:16:46:585</date><id>3</id><type>bounding_box</type><polygon><username>anonymous</username><pt><x>40</x><y>202</y><time>10-01-22 15:16:34:181</time></pt><pt><x>277</x><y>202</y><time>10-01-22 15:16:38:637</time></pt><pt><x>277</x><y>7</y><time>undefined</time></pt><pt><x>40</x><y>7</y><time>undefined</time></pt><closed_date>10-01-22 15:16:38:637</closed_date></polygon></object><object><name>tooth</name><deleted>0</deleted><verified>0</verified><occluded>no</occluded><attributes>38</attributes><parts><hasparts>13</hasparts><ispartof /></parts><date>10-01-22 15:17:02:357</date><id>4</id><type>bounding_box</type><polygon><username>anonymous</username><pt><x>1217</x><y>149</y><time>10-01-22 15:16:48:974</time></pt><pt><x>1057</x><y>149</y><time>10-01-22 15:16:53:897</time></pt><pt><x>1057</x><y>601</y><time>undefined</time></pt><pt><x>1217</x><y>601</y><time>undefined</time></pt><closed_date>10-01-22 15:16:53:897</closed_date></polygon></object><object><name>tooth</name><deleted>0</deleted><verified>0</verified><occluded>no</occluded><attributes>34</attributes><parts><hasparts /><ispartof /></parts><date>10-01-22 15:17:22:136</date><id>5</id><type>bounding_box</type><polygon><username>anonymous</username><pt><x>2</x><y>287</y><time>10-01-22 15:17:08:271</time></pt><pt><x>212</x><y>287</y><time>10-01-22 15:17:13:364</time></pt><pt><x>212</x><y>938</y><time>undefined</time></pt><pt><x>2</x><y>938</y><time>undefined</time></pt><closed_date>10-01-22 15:17:13:365</closed_date></polygon></object><object><name>tooth</name><deleted>0</deleted><verified>0</verified><occluded>no</occluded><attributes>36</attributes><parts><hasparts>9</hasparts><ispartof /></parts><date>10-01-22 15:17:36:865</date><id>6</id><type>bounding_box</type><polygon><username>anonymous</username><pt><x>422</x><y>289</y><time>10-01-22 15:17:25:619</time></pt><pt><x>865</x><y>289</y><time>10-01-22 15:17:29:603</time></pt><pt><x>865</x><y>935</y><time>undefined</time></pt><pt><x>422</x><y>935</y><time>undefined</time></pt><closed_date>10-01-22 15:17:29:604</closed_date></polygon></object><object><name>tooth</name><deleted>0</deleted><verified>0</verified><occluded>no</occluded><attributes>35</attributes><parts><hasparts /><ispartof /></parts><date>10-01-22 15:17:56:839</date><id>7</id><type>bounding_box</type><polygon><username>anonymous</username><pt><x>202</x><y>925</y><time>10-01-22 15:17:45:860</time></pt><pt><x>439</x><y>925</y><time>10-01-22 15:17:51:820</time></pt><pt><x>439</x><y>294</y><time>undefined</time></pt><pt><x>202</x><y>294</y><time>undefined</time></pt><closed_date>10-01-22 15:17:51:820</closed_date></polygon></object><object><name>tooth</name><deleted>0</deleted><verified>0</verified><occluded>no</occluded><attributes>37</attributes><parts><hasparts /><ispartof /></parts><date>10-01-22 15:18:11:558</date><id>8</id><type>bounding_box</type><polygon><username>anonymous</username><pt><x>1219</x><y>873</y><time>10-01-22 15:18:02:566</time></pt><pt><x>755</x><y>873</y><time>10-01-22 15:18:05:571</time></pt><pt><x>755</x><y>234</y><time>undefined</time></pt><pt><x>1219</x><y>234</y><time>undefined</time></pt><closed_date>10-01-22 15:18:05:572</closed_date></polygon></object><object><name>restoration</name><deleted>0</deleted><verified>0</verified><occluded>no</occluded><attributes /><parts><hasparts /><ispartof>6</ispartof></parts><date>10-01-22 15:18:42:442</date><id>9</id><polygon><username>anonymous</username><pt><x>459</x><y>376</y><time>10-01-22 15:18:17:736</time></pt><pt><x>503</x><y>416</y><time>10-01-22 15:18:19:065</time></pt><pt><x>526</x><y>424</y><time>10-01-22 15:18:19:936</time></pt><pt><x>544</x><y>421</y><time>10-01-22 15:18:21:016</time></pt><pt><x>551</x><y>436</y><time>10-01-22 15:18:22:018</time></pt><pt><x>566</x><y>447</y><time>10-01-22 15:18:22:771</time></pt><pt><x>604</x><y>461</y><time>10-01-22 15:18:23:648</time></pt><pt><x>618</x><y>447</y><time>10-01-22 15:18:24:297</time></pt><pt><x>618</x><y>424</y><time>10-01-22 15:18:24:831</time></pt><pt><x>624</x><y>412</y><time>10-01-22 15:18:25:347</time></pt><pt><x>639</x><y>412</y><time>10-01-22 15:18:25:988</time></pt><pt><x>671</x><y>406</y><time>10-01-22 15:18:26:843</time></pt><pt><x>671</x><y>389</y><time>10-01-22 15:18:27:325</time></pt><pt><x>686</x><y>371</y><time>10-01-22 15:18:27:727</time></pt><pt><x>690</x><y>357</y><time>10-01-22 15:18:28:286</time></pt><pt><x>683</x><y>356</y><time>10-01-22 15:18:28:772</time></pt><pt><x>700</x><y>329</y><time>10-01-22 15:18:29:923</time></pt><pt><x>680</x><y>326</y><time>10-01-22 15:18:30:614</time></pt><pt><x>658</x><y>319</y><time>10-01-22 15:18:31:275</time></pt><pt><x>628</x><y>352</y><time>10-01-22 15:18:32:284</time></pt><pt><x>614</x><y>366</y><time>10-01-22 15:18:32:924</time></pt><pt><x>606</x><y>369</y><time>10-01-22 15:18:33:287</time></pt><pt><x>604</x><y>361</y><time>10-01-22 15:18:33:719</time></pt><pt><x>593</x><y>356</y><time>10-01-22 15:18:34:061</time></pt><pt><x>581</x><y>344</y><time>10-01-22 15:18:34:542</time></pt><pt><x>578</x><y>346</y><time>10-01-22 15:18:36:146</time></pt><pt><x>566</x><y>356</y><time>10-01-22 15:18:36:622</time></pt><pt><x>554</x><y>364</y><time>10-01-22 15:18:37:001</time></pt><pt><x>538</x><y>364</y><time>10-01-22 15:18:37:328</time></pt><pt><x>521</x><y>366</y><time>10-01-22 15:18:37:607</time></pt><pt><x>504</x><y>369</y><time>10-01-22 15:18:37:894</time></pt><pt><x>499</x><y>361</y><time>10-01-22 15:18:38:186</time></pt><pt><x>488</x><y>359</y><time>10-01-22 15:18:38:527</time></pt><closed_date>10-01-22 15:18:38:931</closed_date></polygon></object><object><name>restoration</name><deleted>0</deleted><verified>0</verified><occluded>no</occluded><attributes /><parts><hasparts /><ispartof>1</ispartof></parts><date>10-01-22 15:20:23:512</date><id>10</id><polygon><username>anonymous</username><pt><x>529</x><y>134</y><time>10-01-22 15:19:45:737</time></pt><pt><x>564</x><y>119</y><time>10-01-22 15:19:47:040</time></pt><pt><x>616</x><y>99</y><time>10-01-22 15:19:48:478</time></pt><pt><x>661</x><y>94</y><time>10-01-22 15:19:50:219</time></pt><pt><x>669</x><y>126</y><time>10-01-22 15:19:51:033</time></pt><pt><x>681</x><y>131</y><time>10-01-22 15:19:51:898</time></pt><pt><x>723</x><y>117</y><time>10-01-22 15:19:53:054</time></pt><pt><x>753</x><y>124</y><time>10-01-22 15:19:53:965</time></pt><pt><x>766</x><y>136</y><time>10-01-22 15:19:54:877</time></pt><pt><x>769</x><y>167</y><time>10-01-22 15:20:06:662</time></pt><pt><x>736</x><y>174</y><time>10-01-22 15:20:07:665</time></pt><pt><x>708</x><y>187</y><time>10-01-22 15:20:08:481</time></pt><pt><x>678</x><y>197</y><time>10-01-22 15:20:09:487</time></pt><pt><x>649</x><y>176</y><time>10-01-22 15:20:10:427</time></pt><pt><x>629</x><y>166</y><time>10-01-22 15:20:12:699</time></pt><pt><x>602</x><y>176</y><time>10-01-22 15:20:13:430</time></pt><pt><x>544</x><y>177</y><time>10-01-22 15:20:14:156</time></pt><pt><x>519</x><y>154</y><time>10-01-22 15:20:15:385</time></pt><closed_date>10-01-22 15:20:16:166</closed_date></polygon></object><object><name>restoration</name><deleted>0</deleted><verified>0</verified><occluded>no</occluded><attributes /><parts><hasparts /><ispartof>2</ispartof></parts><date>10-01-22 15:21:53:781</date><id>11</id><polygon><username>anonymous</username><pt><x>327</x><y>114</y><time>10-01-22 15:21:36:869</time></pt><pt><x>354</x><y>102</y><time>10-01-22 15:21:37:375</time></pt><pt><x>371</x><y>100</y><time>10-01-22 15:21:41:105</time></pt><pt><x>416</x><y>99</y><time>10-01-22 15:21:41:732</time></pt><pt><x>434</x><y>105</y><time>10-01-22 15:21:42:189</time></pt><pt><x>439</x><y>85</y><time>10-01-22 15:21:43:084</time></pt><pt><x>444</x><y>65</y><time>10-01-22 15:21:43:527</time></pt><pt><x>464</x><y>63</y><time>10-01-22 15:21:43:948</time></pt><pt><x>484</x><y>70</y><time>10-01-22 15:21:44:586</time></pt><pt><x>489</x><y>90</y><time>10-01-22 15:21:45:088</time></pt><pt><x>489</x><y>122</y><time>10-01-22 15:21:45:526</time></pt><pt><x>488</x><y>155</y><time>10-01-22 15:21:46:052</time></pt><pt><x>476</x><y>164</y><time>10-01-22 15:21:46:475</time></pt><pt><x>451</x><y>155</y><time>10-01-22 15:21:46:926</time></pt><pt><x>439</x><y>152</y><time>10-01-22 15:21:47:305</time></pt><pt><x>414</x><y>154</y><time>10-01-22 15:21:47:699</time></pt><pt><x>374</x><y>164</y><time>10-01-22 15:21:48:099</time></pt><pt><x>332</x><y>160</y><time>10-01-22 15:21:48:523</time></pt><pt><x>309</x><y>150</y><time>10-01-22 15:21:48:908</time></pt><closed_date>10-01-22 15:21:49:372</closed_date></polygon></object><object><name>restoration</name><deleted>0</deleted><verified>0</verified><occluded>no</occluded><attributes /><parts><hasparts /><ispartof>0</ispartof></parts><date>10-01-22 15:22:08:744</date><id>12</id><polygon><username>anonymous</username><pt><x>836</x><y>128</y><time>10-01-22 15:21:55:690</time></pt><pt><x>858</x><y>122</y><time>10-01-22 15:21:56:117</time></pt><pt><x>883</x><y>115</y><time>10-01-22 15:21:56:508</time></pt><pt><x>911</x><y>95</y><time>10-01-22 15:21:56:922</time></pt><pt><x>928</x><y>73</y><time>10-01-22 15:21:57:369</time></pt><pt><x>951</x><y>75</y><time>10-01-22 15:21:57:836</time></pt><pt><x>980</x><y>86</y><time>10-01-22 15:21:58:343</time></pt><pt><x>1001</x><y>85</y><time>10-01-22 15:21:58:726</time></pt><pt><x>1023</x><y>71</y><time>10-01-22 15:21:59:052</time></pt><pt><x>1042</x><y>65</y><time>10-01-22 15:21:59:375</time></pt><pt><x>1062</x><y>63</y><time>10-01-22 15:21:59:781</time></pt><pt><x>1080</x><y>76</y><time>10-01-22 15:22:00:280</time></pt><pt><x>1073</x><y>105</y><time>10-01-22 15:22:00:691</time></pt><pt><x>1055</x><y>127</y><time>10-01-22 15:22:01:082</time></pt><pt><x>1045</x><y>145</y><time>10-01-22 15:22:01:515</time></pt><pt><x>1013</x><y>152</y><time>10-01-22 15:22:02:153</time></pt><pt><x>975</x><y>138</y><time>10-01-22 15:22:02:675</time></pt><pt><x>950</x><y>133</y><time>10-01-22 15:22:03:073</time></pt><pt><x>916</x><y>147</y><time>10-01-22 15:22:03:490</time></pt><pt><x>878</x><y>157</y><time>10-01-22 15:22:03:936</time></pt><pt><x>843</x><y>150</y><time>10-01-22 15:22:04:334</time></pt><closed_date>10-01-22 15:22:04:758</closed_date></polygon></object><object><name>restoration</name><deleted>0</deleted><verified>0</verified><occluded>no</occluded><attributes /><parts><hasparts /><ispartof>4</ispartof></parts><date>10-01-22 15:22:23:244</date><id>13</id><polygon><username>anonymous</username><pt><x>1124</x><y>280</y><time>10-01-22 15:22:14:455</time></pt><pt><x>1142</x><y>282</y><time>10-01-22 15:22:14:787</time></pt><pt><x>1165</x><y>284</y><time>10-01-22 15:22:15:726</time></pt><pt><x>1177</x><y>250</y><time>10-01-22 15:22:16:192</time></pt><pt><x>1200</x><y>245</y><time>10-01-22 15:22:16:792</time></pt><pt><x>1212</x><y>230</y><time>10-01-22 15:22:18:062</time></pt><pt><x>1214</x><y>202</y><time>10-01-22 15:22:18:536</time></pt><pt><x>1184</x><y>185</y><time>10-01-22 15:22:19:016</time></pt><pt><x>1162</x><y>184</y><time>10-01-22 15:22:19:474</time></pt><pt><x>1147</x><y>212</y><time>10-01-22 15:22:19:791</time></pt><pt><x>1127</x><y>230</y><time>10-01-22 15:22:20:125</time></pt><pt><x>1122</x><y>257</y><time>10-01-22 15:22:20:430</time></pt><closed_date>10-01-22 15:22:20:673</closed_date></polygon></object><imagesize><nrows /><ncols /></imagesize></annotation>