<?xml version="1.0" encoding="UTF-8"?><annotation><filename>102.jpg</filename><folder>segmentation_xray</folder><source><sourceImage>The MIT-CSAIL database of objects and scenes</sourceImage><sourceAnnotation>LabelMe Webtool</sourceAnnotation></source><object><name>tooth</name><deleted>0</deleted><verified>0</verified><occluded>no</occluded><attributes>13</attributes><parts><hasparts/><ispartof/></parts><date>13-12-21 17:34:27:274</date><id>0</id><type>bounding_box</type><polygon><username>anonymous</username><pt><x>332</x><y>506</y><time>13-12-21 17:34:13:098</time></pt><pt><x>4</x><y>506</y><time>13-12-21 17:34:15:385</time></pt><pt><x>4</x><y>51</y><time>undefined</time></pt><pt><x>332</x><y>51</y><time>undefined</time></pt><closed_date>13-12-21 17:34:15:386</closed_date></polygon></object><object><name>tooth</name><deleted>0</deleted><verified>0</verified><occluded>no</occluded><attributes>14</attributes><parts><hasparts/><ispartof/></parts><date>13-12-21 17:34:47:355</date><id>1</id><type>bounding_box</type><polygon><username>anonymous</username><pt><x>633</x><y>492</y><time>13-12-21 17:34:40:832</time></pt><pt><x>336</x><y>492</y><time>13-12-21 17:34:42:848</time></pt><pt><x>336</x><y>13</y><time>undefined</time></pt><pt><x>633</x><y>13</y><time>undefined</time></pt><closed_date>13-12-21 17:34:42:848</closed_date></polygon></object><object><name>tooth</name><deleted>0</deleted><verified>0</verified><occluded>no</occluded><attributes>16</attributes><parts><hasparts/><ispartof/></parts><date>13-12-21 17:34:56:261</date><id>2</id><type>bounding_box</type><polygon><username>anonymous</username><pt><x>1339</x><y>479</y><time>13-12-21 17:34:48:553</time></pt><pt><x>864</x><y>479</y><time>13-12-21 17:34:50:343</time></pt><pt><x>864</x><y>13</y><time>undefined</time></pt><pt><x>1339</x><y>13</y><time>undefined</time></pt><closed_date>13-12-21 17:34:50:343</closed_date></polygon></object><object><name>tooth</name><deleted>0</deleted><verified>0</verified><occluded>no</occluded><attributes>14</attributes><parts><hasparts/><ispartof/></parts><date>13-12-21 17:35:07:708</date><id>3</id><type>bounding_box</type><polygon><username>anonymous</username><pt><x>1607</x><y>451</y><time>13-12-21 17:34:59:400</time></pt><pt><x>1319</x><y>451</y><time>13-12-21 17:35:01:528</time></pt><pt><x>1319</x><y>7</y><time>undefined</time></pt><pt><x>1607</x><y>7</y><time>undefined</time></pt><closed_date>13-12-21 17:35:01:528</closed_date></polygon></object><object><name>tooth</name><deleted>0</deleted><verified>0</verified><occluded>no</occluded><attributes>27</attributes><parts><hasparts>14,9</hasparts><ispartof/></parts><date>13-12-21 17:35:19:413</date><id>4</id><type>bounding_box</type><polygon><username>anonymous</username><pt><x>1603</x><y>470</y><time>13-12-21 17:35:09:633</time></pt><pt><x>1310</x><y>470</y><time>13-12-21 17:35:13:111</time></pt><pt><x>1310</x><y>1110</y><time>undefined</time></pt><pt><x>1603</x><y>1110</y><time>undefined</time></pt><closed_date>13-12-21 17:35:13:111</closed_date></polygon></object><object><name>tooth</name><deleted>0</deleted><verified>0</verified><occluded>no</occluded><attributes>26</attributes><parts><hasparts>10</hasparts><ispartof/></parts><date>13-12-21 17:35:27:695</date><id>5</id><type>bounding_box</type><polygon><username>anonymous</username><pt><x>851</x><y>596</y><time>13-12-21 17:35:21:281</time></pt><pt><x>1442</x><y>596</y><time>13-12-21 17:35:23:087</time></pt><pt><x>1442</x><y>1229</y><time>undefined</time></pt><pt><x>851</x><y>1229</y><time>undefined</time></pt><closed_date>13-12-21 17:35:23:088</closed_date></polygon></object><object><name>tooth</name><deleted>0</deleted><verified>0</verified><occluded>no</occluded><attributes>25</attributes><parts><hasparts>11</hasparts><ispartof/></parts><date>13-12-21 17:35:36:768</date><id>6</id><type>bounding_box</type><polygon><username>anonymous</username><pt><x>534</x><y>618</y><time>13-12-21 17:35:30:205</time></pt><pt><x>906</x><y>618</y><time>13-12-21 17:35:32:316</time></pt><pt><x>906</x><y>1244</y><time>undefined</time></pt><pt><x>534</x><y>1244</y><time>undefined</time></pt><closed_date>13-12-21 17:35:32:316</closed_date></polygon></object><object><name>tooth</name><deleted>0</deleted><verified>0</verified><occluded>no</occluded><attributes>24</attributes><parts><hasparts>13</hasparts><ispartof/></parts><date>13-12-21 17:35:43:455</date><id>7</id><type>bounding_box</type><polygon><username>anonymous</username><pt><x>268</x><y>677</y><time>13-12-21 17:35:38:173</time></pt><pt><x>563</x><y>677</y><time>13-12-21 17:35:39:499</time></pt><pt><x>563</x><y>1242</y><time>undefined</time></pt><pt><x>268</x><y>1242</y><time>undefined</time></pt><closed_date>13-12-21 17:35:39:500</closed_date></polygon></object><object><name>tooth</name><deleted>0</deleted><verified>0</verified><occluded>no</occluded><attributes>23</attributes><parts><hasparts>12</hasparts><ispartof/></parts><date>13-12-21 17:35:51:448</date><id>8</id><type>bounding_box</type><polygon><username>anonymous</username><pt><x>13</x><y>646</y><time>13-12-21 17:35:44:205</time></pt><pt><x>396</x><y>646</y><time>13-12-21 17:35:46:403</time></pt><pt><x>396</x><y>1233</y><time>undefined</time></pt><pt><x>13</x><y>1233</y><time>undefined</time></pt><closed_date>13-12-21 17:35:46:404</closed_date></polygon></object><object><name>restoration</name><deleted>1</deleted><verified>0</verified><occluded>no</occluded><attributes></attributes><parts><hasparts/><ispartof>4</ispartof></parts><date>13-12-21 17:36:10:328</date><id>9</id><polygon><username>anonymous</username><pt><x>8</x><y>461</y><time>13-12-21 17:35:57:741</time></pt><pt><x>58</x><y>461</y><time>13-12-21 17:35:58:148</time></pt><pt><x>1368</x><y>666</y><time>13-12-21 17:35:58:419</time></pt><pt><x>8</x><y>898</y><time>13-12-21 17:35:58:734</time></pt><pt><x>1438</x><y>686</y><time>13-12-21 17:35:59:012</time></pt><pt><x>1455</x><y>690</y><time>13-12-21 17:35:59:299</time></pt><pt><x>1480</x><y>701</y><time>13-12-21 17:35:59:619</time></pt><pt><x>1493</x><y>699</y><time>13-12-21 17:35:59:924</time></pt><pt><x>1517</x><y>690</y><time>13-12-21 17:36:00:243</time></pt><pt><x>1528</x><y>686</y><time>13-12-21 17:36:00:548</time></pt><pt><x>1537</x><y>668</y><time>13-12-21 17:36:00:827</time></pt><pt><x>1559</x><y>655</y><time>13-12-21 17:36:01:083</time></pt><pt><x>1587</x><y>655</y><time>13-12-21 17:36:01:323</time></pt><pt><x>1598</x><y>635</y><time>13-12-21 17:36:01:860</time></pt><pt><x>1603</x><y>596</y><time>13-12-21 17:36:02:212</time></pt><pt><x>1596</x><y>563</y><time>13-12-21 17:36:02:547</time></pt><pt><x>1576</x><y>561</y><time>13-12-21 17:36:02:827</time></pt><pt><x>1565</x><y>550</y><time>13-12-21 17:36:03:131</time></pt><pt><x>1543</x><y>558</y><time>13-12-21 17:36:03:364</time></pt><pt><x>1535</x><y>561</y><time>13-12-21 17:36:03:620</time></pt><pt><x>1521</x><y>550</y><time>13-12-21 17:36:03:884</time></pt><pt><x>1497</x><y>561</y><time>13-12-21 17:36:04:126</time></pt><pt><x>1497</x><y>563</y><time>13-12-21 17:36:04:340</time></pt><pt><x>1475</x><y>583</y><time>13-12-21 17:36:04:908</time></pt><pt><x>1458</x><y>600</y><time>13-12-21 17:36:05:299</time></pt><pt><x>1433</x><y>602</y><time>13-12-21 17:36:05:566</time></pt><pt><x>1416</x><y>607</y><time>13-12-21 17:36:05:780</time></pt><pt><x>1365</x><y>622</y><time>13-12-21 17:36:06:005</time></pt><closed_date>13-12-21 17:36:06:428</closed_date></polygon></object><object><name>restoration</name><deleted>0</deleted><verified>0</verified><occluded>no</occluded><attributes/><parts><hasparts/><ispartof>5</ispartof></parts><date>13-12-21 17:36:34:364</date><id>10</id><polygon><username>anonymous</username><pt><x>1060</x><y>743</y><time>13-12-21 17:36:15:341</time></pt><pt><x>1084</x><y>730</y><time>13-12-21 17:36:15:836</time></pt><pt><x>1126</x><y>726</y><time>13-12-21 17:36:16:164</time></pt><pt><x>1134</x><y>734</y><time>13-12-21 17:36:16:540</time></pt><pt><x>1148</x><y>748</y><time>13-12-21 17:36:16:843</time></pt><pt><x>1167</x><y>750</y><time>13-12-21 17:36:17:132</time></pt><pt><x>1189</x><y>752</y><time>13-12-21 17:36:17:412</time></pt><pt><x>1205</x><y>748</y><time>13-12-21 17:36:17:715</time></pt><pt><x>1220</x><y>737</y><time>13-12-21 17:36:18:020</time></pt><pt><x>1225</x><y>719</y><time>13-12-21 17:36:18:380</time></pt><pt><x>1253</x><y>723</y><time>13-12-21 17:36:18:660</time></pt><pt><x>1269</x><y>732</y><time>13-12-21 17:36:18:950</time></pt><pt><x>1284</x><y>734</y><time>13-12-21 17:36:19:222</time></pt><pt><x>1302</x><y>734</y><time>13-12-21 17:36:19:484</time></pt><pt><x>1324</x><y>723</y><time>13-12-21 17:36:19:804</time></pt><pt><x>1337</x><y>706</y><time>13-12-21 17:36:20:140</time></pt><pt><x>1330</x><y>673</y><time>13-12-21 17:36:20:515</time></pt><pt><x>1299</x><y>664</y><time>13-12-21 17:36:20:939</time></pt><pt><x>1249</x><y>644</y><time>13-12-21 17:36:21:444</time></pt><pt><x>1209</x><y>642</y><time>13-12-21 17:36:21:820</time></pt><pt><x>1178</x><y>642</y><time>13-12-21 17:36:22:085</time></pt><pt><x>1128</x><y>653</y><time>13-12-21 17:36:22:451</time></pt><pt><x>1106</x><y>657</y><time>13-12-21 17:36:22:804</time></pt><pt><x>1088</x><y>651</y><time>13-12-21 17:36:23:132</time></pt><pt><x>1082</x><y>624</y><time>13-12-21 17:36:23:460</time></pt><pt><x>1080</x><y>611</y><time>13-12-21 17:36:23:772</time></pt><pt><x>1058</x><y>611</y><time>13-12-21 17:36:24:062</time></pt><pt><x>1047</x><y>618</y><time>13-12-21 17:36:24:323</time></pt><pt><x>1036</x><y>635</y><time>13-12-21 17:36:24:566</time></pt><pt><x>1025</x><y>642</y><time>13-12-21 17:36:24:812</time></pt><pt><x>1005</x><y>649</y><time>13-12-21 17:36:25:076</time></pt><pt><x>972</x><y>655</y><time>13-12-21 17:36:25:308</time></pt><pt><x>941</x><y>657</y><time>13-12-21 17:36:25:564</time></pt><pt><x>910</x><y>657</y><time>13-12-21 17:36:25:820</time></pt><pt><x>888</x><y>673</y><time>13-12-21 17:36:26:276</time></pt><pt><x>879</x><y>684</y><time>13-12-21 17:36:26:555</time></pt><pt><x>857</x><y>701</y><time>13-12-21 17:36:26:898</time></pt><pt><x>849</x><y>721</y><time>13-12-21 17:36:27:242</time></pt><pt><x>846</x><y>765</y><time>13-12-21 17:36:27:640</time></pt><pt><x>857</x><y>796</y><time>13-12-21 17:36:28:034</time></pt><pt><x>866</x><y>827</y><time>13-12-21 17:36:28:384</time></pt><pt><x>882</x><y>842</y><time>13-12-21 17:36:28:736</time></pt><pt><x>899</x><y>846</y><time>13-12-21 17:36:29:024</time></pt><pt><x>923</x><y>846</y><time>13-12-21 17:36:29:368</time></pt><pt><x>939</x><y>840</y><time>13-12-21 17:36:29:664</time></pt><pt><x>970</x><y>827</y><time>13-12-21 17:36:30:088</time></pt><pt><x>987</x><y>807</y><time>13-12-21 17:36:30:408</time></pt><pt><x>1000</x><y>778</y><time>13-12-21 17:36:30:834</time></pt><pt><x>1022</x><y>754</y><time>13-12-21 17:36:31:120</time></pt><pt><x>1033</x><y>745</y><time>13-12-21 17:36:31:360</time></pt><closed_date>13-12-21 17:36:31:728</closed_date></polygon></object><object><name>restoration</name><deleted>0</deleted><verified>0</verified><occluded>no</occluded><attributes/><parts><hasparts/><ispartof>6</ispartof></parts><date>13-12-21 17:36:50:965</date><id>11</id><polygon><username>anonymous</username><pt><x>846</x><y>677</y><time>13-12-21 17:36:37:378</time></pt><pt><x>818</x><y>666</y><time>13-12-21 17:36:37:904</time></pt><pt><x>785</x><y>666</y><time>13-12-21 17:36:38:288</time></pt><pt><x>759</x><y>662</y><time>13-12-21 17:36:38:632</time></pt><pt><x>732</x><y>673</y><time>13-12-21 17:36:38:968</time></pt><pt><x>719</x><y>682</y><time>13-12-21 17:36:39:256</time></pt><pt><x>708</x><y>688</y><time>13-12-21 17:36:39:514</time></pt><pt><x>682</x><y>688</y><time>13-12-21 17:36:39:768</time></pt><pt><x>662</x><y>693</y><time>13-12-21 17:36:40:048</time></pt><pt><x>638</x><y>704</y><time>13-12-21 17:36:40:329</time></pt><pt><x>616</x><y>717</y><time>13-12-21 17:36:40:808</time></pt><pt><x>629</x><y>739</y><time>13-12-21 17:36:41:259</time></pt><pt><x>649</x><y>750</y><time>13-12-21 17:36:41:576</time></pt><pt><x>675</x><y>756</y><time>13-12-21 17:36:41:832</time></pt><pt><x>693</x><y>765</y><time>13-12-21 17:36:42:274</time></pt><pt><x>717</x><y>767</y><time>13-12-21 17:36:42:579</time></pt><pt><x>726</x><y>770</y><time>13-12-21 17:36:42:858</time></pt><pt><x>734</x><y>800</y><time>13-12-21 17:36:43:306</time></pt><pt><x>752</x><y>824</y><time>13-12-21 17:36:43:656</time></pt><pt><x>781</x><y>833</y><time>13-12-21 17:36:43:936</time></pt><pt><x>802</x><y>840</y><time>13-12-21 17:36:44:226</time></pt><pt><x>813</x><y>842</y><time>13-12-21 17:36:44:560</time></pt><pt><x>838</x><y>838</y><time>13-12-21 17:36:44:840</time></pt><pt><x>849</x><y>824</y><time>13-12-21 17:36:45:112</time></pt><pt><x>857</x><y>798</y><time>13-12-21 17:36:45:424</time></pt><pt><x>860</x><y>756</y><time>13-12-21 17:36:45:775</time></pt><pt><x>862</x><y>726</y><time>13-12-21 17:36:46:112</time></pt><pt><x>851</x><y>704</y><time>13-12-21 17:36:46:448</time></pt><closed_date>13-12-21 17:36:46:752</closed_date></polygon></object><object><name>restoration</name><deleted>0</deleted><verified>0</verified><occluded>no</occluded><attributes/><parts><hasparts/><ispartof>8</ispartof></parts><date>13-12-21 17:37:06:924</date><id>12</id><polygon><username>anonymous</username><pt><x>255</x><y>787</y><time>13-12-21 17:36:52:034</time></pt><pt><x>233</x><y>800</y><time>13-12-21 17:36:52:584</time></pt><pt><x>215</x><y>796</y><time>13-12-21 17:36:52:968</time></pt><pt><x>207</x><y>805</y><time>13-12-21 17:36:53:258</time></pt><pt><x>191</x><y>809</y><time>13-12-21 17:36:53:552</time></pt><pt><x>167</x><y>807</y><time>13-12-21 17:36:53:824</time></pt><pt><x>145</x><y>802</y><time>13-12-21 17:36:54:080</time></pt><pt><x>121</x><y>798</y><time>13-12-21 17:36:54:290</time></pt><pt><x>106</x><y>794</y><time>13-12-21 17:36:54:536</time></pt><pt><x>90</x><y>785</y><time>13-12-21 17:36:54:824</time></pt><pt><x>68</x><y>785</y><time>13-12-21 17:36:55:072</time></pt><pt><x>46</x><y>781</y><time>13-12-21 17:36:55:336</time></pt><pt><x>40</x><y>763</y><time>13-12-21 17:36:55:600</time></pt><pt><x>51</x><y>739</y><time>13-12-21 17:36:55:888</time></pt><pt><x>84</x><y>734</y><time>13-12-21 17:36:56:152</time></pt><pt><x>95</x><y>734</y><time>13-12-21 17:36:56:400</time></pt><pt><x>117</x><y>726</y><time>13-12-21 17:36:56:688</time></pt><pt><x>145</x><y>726</y><time>13-12-21 17:36:56:964</time></pt><pt><x>169</x><y>726</y><time>13-12-21 17:36:57:216</time></pt><pt><x>218</x><y>721</y><time>13-12-21 17:36:57:745</time></pt><pt><x>237</x><y>721</y><time>13-12-21 17:36:58:024</time></pt><pt><x>253</x><y>723</y><time>13-12-21 17:36:58:303</time></pt><pt><x>266</x><y>739</y><time>13-12-21 17:36:58:568</time></pt><pt><x>268</x><y>761</y><time>13-12-21 17:36:58:815</time></pt><closed_date>13-12-21 17:36:59:063</closed_date></polygon></object><object><name>restoration</name><deleted>0</deleted><verified>0</verified><occluded>no</occluded><attributes/><parts><hasparts/><ispartof>7</ispartof></parts><date>13-12-21 17:37:48:867</date><id>13</id><polygon><username>anonymous</username><pt><x>477</x><y>754</y><time>13-12-21 17:37:40:696</time></pt><pt><x>495</x><y>770</y><time>13-12-21 17:37:41:321</time></pt><pt><x>497</x><y>787</y><time>13-12-21 17:37:41:750</time></pt><pt><x>468</x><y>796</y><time>13-12-21 17:37:42:335</time></pt><pt><x>446</x><y>798</y><time>13-12-21 17:37:42:639</time></pt><pt><x>416</x><y>785</y><time>13-12-21 17:37:42:887</time></pt><pt><x>400</x><y>781</y><time>13-12-21 17:37:43:127</time></pt><pt><x>383</x><y>787</y><time>13-12-21 17:37:43:366</time></pt><pt><x>369</x><y>796</y><time>13-12-21 17:37:43:600</time></pt><pt><x>354</x><y>800</y><time>13-12-21 17:37:43:878</time></pt><pt><x>336</x><y>791</y><time>13-12-21 17:37:44:127</time></pt><pt><x>319</x><y>778</y><time>13-12-21 17:37:44:375</time></pt><pt><x>314</x><y>770</y><time>13-12-21 17:37:44:638</time></pt><pt><x>321</x><y>759</y><time>13-12-21 17:37:44:895</time></pt><pt><x>339</x><y>763</y><time>13-12-21 17:37:45:096</time></pt><pt><x>350</x><y>763</y><time>13-12-21 17:37:45:335</time></pt><pt><x>365</x><y>750</y><time>13-12-21 17:37:45:582</time></pt><pt><x>385</x><y>743</y><time>13-12-21 17:37:45:807</time></pt><pt><x>405</x><y>743</y><time>13-12-21 17:37:46:007</time></pt><pt><x>424</x><y>750</y><time>13-12-21 17:37:46:214</time></pt><pt><x>442</x><y>752</y><time>13-12-21 17:37:46:417</time></pt><closed_date>13-12-21 17:37:46:617</closed_date></polygon></object><imagesize><nrows></nrows><ncols></ncols></imagesize><object><name>restoration</name><deleted>0</deleted><verified>0</verified><occluded>no</occluded><attributes></attributes><parts><hasparts></hasparts><ispartof>4</ispartof></parts><date>07-04-22 14:19:25:144</date><id>14</id><polygon><username>admin</username><pt><x>1365</x><y>649</y><time>07-04-22 14:19:10:025</time></pt><pt><x>1390</x><y>677</y><time>07-04-22 14:19:10:600</time></pt><pt><x>1416</x><y>677</y><time>07-04-22 14:19:10:998</time></pt><pt><x>1449</x><y>690</y><time>07-04-22 14:19:11:328</time></pt><pt><x>1482</x><y>695</y><time>07-04-22 14:19:11:648</time></pt><pt><x>1521</x><y>693</y><time>07-04-22 14:19:13:352</time></pt><pt><x>1537</x><y>664</y><time>07-04-22 14:19:14:063</time></pt><pt><x>1543</x><y>655</y><time>07-04-22 14:19:14:466</time></pt><pt><x>1557</x><y>644</y><time>07-04-22 14:19:14:868</time></pt><pt><x>1581</x><y>644</y><time>07-04-22 14:19:15:293</time></pt><pt><x>1605</x><y>631</y><time>07-04-22 14:19:15:743</time></pt><pt><x>1605</x><y>598</y><time>07-04-22 14:19:16:165</time></pt><pt><x>1605</x><y>567</y><time>07-04-22 14:19:16:588</time></pt><pt><x>1594</x><y>558</y><time>07-04-22 14:19:17:014</time></pt><pt><x>1579</x><y>545</y><time>07-04-22 14:19:17:481</time></pt><pt><x>1572</x><y>552</y><time>07-04-22 14:19:17:873</time></pt><pt><x>1557</x><y>563</y><time>07-04-22 14:19:18:249</time></pt><pt><x>1537</x><y>567</y><time>07-04-22 14:19:18:628</time></pt><pt><x>1528</x><y>554</y><time>07-04-22 14:19:19:027</time></pt><pt><x>1506</x><y>556</y><time>07-04-22 14:19:19:380</time></pt><pt><x>1495</x><y>565</y><time>07-04-22 14:19:19:682</time></pt><pt><x>1484</x><y>567</y><time>07-04-22 14:19:20:089</time></pt><pt><x>1471</x><y>578</y><time>07-04-22 14:19:20:356</time></pt><pt><x>1471</x><y>585</y><time>07-04-22 14:19:20:625</time></pt><pt><x>1458</x><y>594</y><time>07-04-22 14:19:20:937</time></pt><pt><x>1420</x><y>596</y><time>07-04-22 14:19:21:233</time></pt><pt><x>1401</x><y>602</y><time>07-04-22 14:19:21:521</time></pt><pt><x>1390</x><y>613</y><time>07-04-22 14:19:21:771</time></pt><pt><x>1376</x><y>624</y><time>07-04-22 14:19:22:069</time></pt><closed_date>07-04-22 14:19:22:313</closed_date></polygon></object></annotation>