<?xml version='1.0' encoding='UTF-8'?>
<annotation><filename>105.jpg</filename><folder>segmentation_xray</folder><source><sourceImage>The MIT-CSAIL database of objects and scenes</sourceImage><sourceAnnotation>LabelMe Webtool</sourceAnnotation></source><object><name>tooth</name><deleted>0</deleted><verified>0</verified><occluded>no</occluded><attributes>27</attributes><parts><hasparts>10</hasparts><ispartof /></parts><date>05-01-22 16:02:09:090</date><id>0</id><type>bounding_box</type><polygon><username>anonymous</username><pt><x>1216</x><y>11</y><time>05-01-22 16:01:50:323</time></pt><pt><x>1610</x><y>11</y><time>05-01-22 16:01:56:804</time></pt><pt><x>1610</x><y>462</y><time>undefined</time></pt><pt><x>1216</x><y>462</y><time>undefined</time></pt><closed_date>05-01-22 16:01:56:804</closed_date></polygon></object><object><name>tooth</name><deleted>0</deleted><verified>0</verified><occluded>no</occluded><attributes>26</attributes><parts><hasparts>12</hasparts><ispartof /></parts><date>05-01-22 16:03:23:519</date><id>1</id><type>bounding_box</type><polygon><username>anonymous</username><pt><x>854</x><y>22</y><time>05-01-22 16:03:13:421</time></pt><pt><x>1279</x><y>22</y><time>05-01-22 16:03:17:021</time></pt><pt><x>1279</x><y>516</y><time>undefined</time></pt><pt><x>854</x><y>516</y><time>undefined</time></pt><closed_date>05-01-22 16:03:17:022</closed_date></polygon></object><object><name>tooth</name><deleted>0</deleted><verified>0</verified><occluded>no</occluded><attributes>25</attributes><parts><hasparts>11</hasparts><ispartof /></parts><date>05-01-22 16:03:40:528</date><id>2</id><type>bounding_box</type><polygon><username>anonymous</username><pt><x>532</x><y>519</y><time>05-01-22 16:03:31:101</time></pt><pt><x>856</x><y>519</y><time>05-01-22 16:03:35:881</time></pt><pt><x>856</x><y>11</y><time>undefined</time></pt><pt><x>532</x><y>11</y><time>undefined</time></pt><closed_date>05-01-22 16:03:35:882</closed_date></polygon></object><object><name>tooth</name><deleted>0</deleted><verified>0</verified><occluded>no</occluded><attributes>24</attributes><parts><hasparts /><ispartof /></parts><date>05-01-22 16:03:56:394</date><id>3</id><type>bounding_box</type><polygon><username>anonymous</username><pt><x>200</x><y>506</y><time>05-01-22 16:03:44:595</time></pt><pt><x>556</x><y>506</y><time>05-01-22 16:03:50:670</time></pt><pt><x>556</x><y>17</y><time>undefined</time></pt><pt><x>200</x><y>17</y><time>undefined</time></pt><closed_date>05-01-22 16:03:50:671</closed_date></polygon></object><object><name>tooth</name><deleted>0</deleted><verified>0</verified><occluded>no</occluded><attributes>23</attributes><parts><hasparts /><ispartof /></parts><date>05-01-22 16:04:04:980</date><id>4</id><type>bounding_box</type><polygon><username>anonymous</username><pt><x>9</x><y>464</y><time>05-01-22 16:03:57:709</time></pt><pt><x>283</x><y>464</y><time>05-01-22 16:03:59:400</time></pt><pt><x>283</x><y>15</y><time>undefined</time></pt><pt><x>9</x><y>15</y><time>undefined</time></pt><closed_date>05-01-22 16:03:59:400</closed_date></polygon></object><object><name>tooth</name><deleted>0</deleted><verified>0</verified><occluded>no</occluded><attributes>37</attributes><parts><hasparts /><ispartof /></parts><date>05-01-22 16:04:32:787</date><id>5</id><type>bounding_box</type><polygon><username>anonymous</username><pt><x>1602</x><y>497</y><time>05-01-22 16:04:17:809</time></pt><pt><x>1268</x><y>497</y><time>05-01-22 16:04:22:493</time></pt><pt><x>1268</x><y>1212</y><time>undefined</time></pt><pt><x>1602</x><y>1212</y><time>undefined</time></pt><closed_date>05-01-22 16:04:22:493</closed_date></polygon></object><object><name>tooth</name><deleted>0</deleted><verified>0</verified><occluded>no</occluded><attributes>36</attributes><parts><hasparts>13,14,15</hasparts><ispartof /></parts><date>05-01-22 16:04:49:093</date><id>6</id><type>bounding_box</type><polygon><username>anonymous</username><pt><x>800</x><y>595</y><time>05-01-22 16:04:39:918</time></pt><pt><x>1375</x><y>595</y><time>05-01-22 16:04:43:104</time></pt><pt><x>1375</x><y>1225</y><time>undefined</time></pt><pt><x>800</x><y>1225</y><time>undefined</time></pt><closed_date>05-01-22 16:04:43:104</closed_date></polygon></object><object><name>tooth</name><deleted>0</deleted><verified>0</verified><occluded>no</occluded><attributes>35</attributes><parts><hasparts /><ispartof /></parts><date>05-01-22 16:05:19:120</date><id>7</id><type>bounding_box</type><polygon><username>anonymous</username><pt><x>473</x><y>567</y><time>05-01-22 16:05:10:147</time></pt><pt><x>861</x><y>567</y><time>05-01-22 16:05:12:890</time></pt><pt><x>861</x><y>1229</y><time>undefined</time></pt><pt><x>473</x><y>1229</y><time>undefined</time></pt><closed_date>05-01-22 16:05:12:890</closed_date></polygon></object><object><name>tooth</name><deleted>0</deleted><verified>0</verified><occluded>no</occluded><attributes>34</attributes><parts><hasparts /><ispartof /></parts><date>05-01-22 16:05:31:157</date><id>8</id><type>bounding_box</type><polygon><username>anonymous</username><pt><x>153</x><y>558</y><time>05-01-22 16:05:21:637</time></pt><pt><x>508</x><y>558</y><time>05-01-22 16:05:25:075</time></pt><pt><x>508</x><y>1225</y><time>undefined</time></pt><pt><x>153</x><y>1225</y><time>undefined</time></pt><closed_date>05-01-22 16:05:25:076</closed_date></polygon></object><object><name>tooth</name><deleted>0</deleted><verified>0</verified><occluded>no</occluded><attributes>33</attributes><parts><hasparts /><ispartof /></parts><date>05-01-22 16:05:40:125</date><id>9</id><type>bounding_box</type><polygon><username>anonymous</username><pt><x>7</x><y>573</y><time>05-01-22 16:05:32:671</time></pt><pt><x>336</x><y>573</y><time>05-01-22 16:05:34:403</time></pt><pt><x>336</x><y>1231</y><time>undefined</time></pt><pt><x>7</x><y>1231</y><time>undefined</time></pt><closed_date>05-01-22 16:05:34:403</closed_date></polygon></object><object><name>restoration</name><deleted>0</deleted><verified>0</verified><occluded>no</occluded><attributes /><parts><hasparts /><ispartof>0</ispartof></parts><date>05-01-22 16:06:08:619</date><id>10</id><polygon><username>anonymous</username><pt><x>1299</x><y>235</y><time>05-01-22 16:05:48:339</time></pt><pt><x>1332</x><y>211</y><time>05-01-22 16:05:49:474</time></pt><pt><x>1360</x><y>211</y><time>05-01-22 16:05:50:191</time></pt><pt><x>1388</x><y>224</y><time>05-01-22 16:05:50:940</time></pt><pt><x>1393</x><y>253</y><time>05-01-22 16:05:51:687</time></pt><pt><x>1393</x><y>281</y><time>05-01-22 16:05:52:369</time></pt><pt><x>1403</x><y>301</y><time>05-01-22 16:05:53:188</time></pt><pt><x>1421</x><y>292</y><time>05-01-22 16:05:54:086</time></pt><pt><x>1438</x><y>349</y><time>05-01-22 16:05:57:216</time></pt><pt><x>1430</x><y>399</y><time>05-01-22 16:05:59:143</time></pt><pt><x>1360</x><y>412</y><time>05-01-22 16:06:00:081</time></pt><pt><x>1342</x><y>423</y><time>05-01-22 16:06:00:798</time></pt><pt><x>1308</x><y>364</y><time>05-01-22 16:06:01:831</time></pt><pt><x>1297</x><y>305</y><time>05-01-22 16:06:02:985</time></pt><pt><x>1294</x><y>264</y><time>05-01-22 16:06:03:521</time></pt><closed_date>05-01-22 16:06:03:893</closed_date></polygon></object><object><name>restoration</name><deleted>0</deleted><verified>0</verified><occluded>no</occluded><attributes /><parts><hasparts /><ispartof>2</ispartof></parts><date>05-01-22 16:06:42:990</date><id>11</id><polygon><username>anonymous</username><pt><x>599</x><y>224</y><time>05-01-22 16:06:25:938</time></pt><pt><x>639</x><y>235</y><time>05-01-22 16:06:26:627</time></pt><pt><x>652</x><y>235</y><time>05-01-22 16:06:27:117</time></pt><pt><x>652</x><y>303</y><time>05-01-22 16:06:27:775</time></pt><pt><x>652</x><y>351</y><time>05-01-22 16:06:28:287</time></pt><pt><x>656</x><y>370</y><time>05-01-22 16:06:28:709</time></pt><pt><x>697</x><y>368</y><time>05-01-22 16:06:29:077</time></pt><pt><x>747</x><y>347</y><time>05-01-22 16:06:29:488</time></pt><pt><x>780</x><y>344</y><time>05-01-22 16:06:29:858</time></pt><pt><x>813</x><y>347</y><time>05-01-22 16:06:30:269</time></pt><pt><x>830</x><y>377</y><time>05-01-22 16:06:30:758</time></pt><pt><x>826</x><y>421</y><time>05-01-22 16:06:31:276</time></pt><pt><x>813</x><y>425</y><time>05-01-22 16:06:36:045</time></pt><pt><x>771</x><y>414</y><time>05-01-22 16:06:36:500</time></pt><pt><x>730</x><y>403</y><time>05-01-22 16:06:36:880</time></pt><pt><x>673</x><y>405</y><time>05-01-22 16:06:37:243</time></pt><pt><x>623</x><y>410</y><time>05-01-22 16:06:37:640</time></pt><pt><x>582</x><y>405</y><time>05-01-22 16:06:37:976</time></pt><pt><x>558</x><y>392</y><time>05-01-22 16:06:38:276</time></pt><pt><x>551</x><y>375</y><time>05-01-22 16:06:38:559</time></pt><pt><x>554</x><y>338</y><time>05-01-22 16:06:38:808</time></pt><pt><x>569</x><y>288</y><time>05-01-22 16:06:39:067</time></pt><pt><x>578</x><y>255</y><time>05-01-22 16:06:39:333</time></pt><pt><x>588</x><y>240</y><time>05-01-22 16:06:39:532</time></pt><closed_date>05-01-22 16:06:40:310</closed_date></polygon></object><object><name>restoration</name><deleted>0</deleted><verified>0</verified><occluded>no</occluded><attributes /><parts><hasparts /><ispartof>1</ispartof></parts><date>05-01-22 16:06:55:033</date><id>12</id><polygon><username>anonymous</username><pt><x>1116</x><y>464</y><time>05-01-22 16:06:45:706</time></pt><pt><x>1131</x><y>412</y><time>05-01-22 16:06:46:441</time></pt><pt><x>1153</x><y>362</y><time>05-01-22 16:06:47:091</time></pt><pt><x>1186</x><y>342</y><time>05-01-22 16:06:47:731</time></pt><pt><x>1216</x><y>362</y><time>05-01-22 16:06:48:441</time></pt><pt><x>1242</x><y>379</y><time>05-01-22 16:06:48:980</time></pt><pt><x>1251</x><y>388</y><time>05-01-22 16:06:49:680</time></pt><pt><x>1216</x><y>425</y><time>05-01-22 16:06:50:585</time></pt><pt><x>1164</x><y>445</y><time>05-01-22 16:06:51:226</time></pt><closed_date>05-01-22 16:06:51:791</closed_date></polygon></object><object><name>restoration</name><deleted>0</deleted><verified>0</verified><occluded>no</occluded><attributes /><parts><hasparts /><ispartof>6</ispartof></parts><date>05-01-22 16:07:27:478</date><id>13</id><polygon><username>anonymous</username><pt><x>915</x><y>800</y><time>05-01-22 16:07:07:731</time></pt><pt><x>950</x><y>883</y><time>05-01-22 16:07:08:339</time></pt><pt><x>1013</x><y>920</y><time>05-01-22 16:07:09:022</time></pt><pt><x>1070</x><y>920</y><time>05-01-22 16:07:09:531</time></pt><pt><x>1109</x><y>937</y><time>05-01-22 16:07:09:986</time></pt><pt><x>1148</x><y>926</y><time>05-01-22 16:07:10:457</time></pt><pt><x>1170</x><y>898</y><time>05-01-22 16:07:10:929</time></pt><pt><x>1181</x><y>876</y><time>05-01-22 16:07:11:271</time></pt><pt><x>1212</x><y>854</y><time>05-01-22 16:07:11:613</time></pt><pt><x>1240</x><y>839</y><time>05-01-22 16:07:11:960</time></pt><pt><x>1268</x><y>813</y><time>05-01-22 16:07:12:386</time></pt><pt><x>1223</x><y>641</y><time>05-01-22 16:07:13:482</time></pt><pt><x>1196</x><y>643</y><time>05-01-22 16:07:14:983</time></pt><pt><x>1129</x><y>649</y><time>05-01-22 16:07:15:850</time></pt><pt><x>1083</x><y>669</y><time>05-01-22 16:07:16:362</time></pt><pt><x>1046</x><y>658</y><time>05-01-22 16:07:16:899</time></pt><pt><x>1007</x><y>643</y><time>05-01-22 16:07:17:449</time></pt><pt><x>968</x><y>632</y><time>05-01-22 16:07:17:965</time></pt><pt><x>939</x><y>630</y><time>05-01-22 16:07:18:339</time></pt><pt><x>870</x><y>647</y><time>05-01-22 16:07:19:248</time></pt><pt><x>824</x><y>689</y><time>05-01-22 16:07:19:790</time></pt><pt><x>835</x><y>739</y><time>05-01-22 16:07:20:602</time></pt><pt><x>856</x><y>804</y><time>05-01-22 16:07:21:368</time></pt><pt><x>889</x><y>811</y><time>05-01-22 16:07:21:830</time></pt><closed_date>05-01-22 16:07:22:184</closed_date></polygon></object><object><name>root canal treatment</name><deleted>0</deleted><verified>0</verified><occluded>no</occluded><attributes /><parts><hasparts /><ispartof>6</ispartof></parts><date>05-01-22 16:07:44:444</date><id>14</id><polygon><username>anonymous</username><pt><x>974</x><y>985</y><time>05-01-22 16:07:32:775</time></pt><pt><x>970</x><y>1077</y><time>05-01-22 16:07:33:418</time></pt><pt><x>976</x><y>1188</y><time>05-01-22 16:07:36:295</time></pt><pt><x>985</x><y>1227</y><time>05-01-22 16:07:36:917</time></pt><pt><x>1024</x><y>1227</y><time>05-01-22 16:07:37:855</time></pt><pt><x>1018</x><y>1129</y><time>05-01-22 16:07:38:630</time></pt><pt><x>1013</x><y>1037</y><time>05-01-22 16:07:39:188</time></pt><pt><x>1011</x><y>992</y><time>05-01-22 16:07:39:800</time></pt><closed_date>05-01-22 16:07:41:022</closed_date></polygon></object><object><name>root canal treatment</name><deleted>0</deleted><verified>0</verified><occluded>no</occluded><attributes /><parts><hasparts /><ispartof>6</ispartof></parts><date>05-01-22 16:08:10:875</date><id>15</id><polygon><username>anonymous</username><pt><x>1146</x><y>968</y><time>05-01-22 16:07:45:162</time></pt><pt><x>1240</x><y>1151</y><time>05-01-22 16:07:46:219</time></pt><pt><x>1266</x><y>1209</y><time>05-01-22 16:07:47:025</time></pt><pt><x>1277</x><y>1229</y><time>05-01-22 16:07:47:527</time></pt><pt><x>1318</x><y>1231</y><time>05-01-22 16:07:48:172</time></pt><pt><x>1273</x><y>1138</y><time>05-01-22 16:07:49:170</time></pt><pt><x>1242</x><y>1055</y><time>05-01-22 16:08:02:099</time></pt><pt><x>1181</x><y>955</y><time>05-01-22 16:08:04:467</time></pt><closed_date>05-01-22 16:08:05:570</closed_date></polygon></object><imagesize><nrows /><ncols /></imagesize></annotation>