<?xml version='1.0' encoding='UTF-8'?>
<annotation><filename>107.jpg</filename><folder>segmentation_xray</folder><source><sourceImage>The MIT-CSAIL database of objects and scenes</sourceImage><sourceAnnotation>LabelMe Webtool</sourceAnnotation></source><object><name>tooth</name><deleted>0</deleted><verified>0</verified><occluded>no</occluded><attributes>27</attributes><parts><hasparts>17</hasparts><ispartof /></parts><date>13-12-21 17:51:01:530</date><id>0</id><type>bounding_box</type><polygon><username>anonymous</username><pt><x>1061</x><y>375</y><time>13-12-21 17:50:13:661</time></pt><pt><x>1460</x><y>375</y><time>13-12-21 17:50:17:819</time></pt><pt><x>1460</x><y>17</y><time>undefined</time></pt><pt><x>1061</x><y>17</y><time>undefined</time></pt><closed_date>13-12-21 17:50:17:819</closed_date></polygon></object><object><name>tooth</name><deleted>0</deleted><verified>0</verified><occluded>no</occluded><attributes>26</attributes><parts><hasparts>15</hasparts><ispartof /></parts><date>13-12-21 17:51:11:096</date><id>1</id><type>bounding_box</type><polygon><username>anonymous</username><pt><x>619</x><y>394</y><time>13-12-21 17:51:04:269</time></pt><pt><x>1053</x><y>394</y><time>13-12-21 17:51:06:843</time></pt><pt><x>1053</x><y>22</y><time>undefined</time></pt><pt><x>619</x><y>22</y><time>undefined</time></pt><closed_date>13-12-21 17:51:06:843</closed_date></polygon></object><object><name>tooth</name><deleted>0</deleted><verified>0</verified><occluded>no</occluded><attributes>25</attributes><parts><hasparts /><ispartof /></parts><date>13-12-21 17:51:17:896</date><id>2</id><type>bounding_box</type><polygon><username>anonymous</username><pt><x>331</x><y>331</y><time>13-12-21 17:51:14:041</time></pt><pt><x>628</x><y>331</y><time>13-12-21 17:51:16:348</time></pt><pt><x>628</x><y>0</y><time>undefined</time></pt><pt><x>331</x><y>0</y><time>undefined</time></pt><closed_date>13-12-21 17:51:16:348</closed_date></polygon></object><object><name>tooth</name><deleted>0</deleted><verified>0</verified><occluded>no</occluded><attributes>24</attributes><parts><hasparts /><ispartof /></parts><date>13-12-21 17:51:32:472</date><id>3</id><type>bounding_box</type><polygon><username>anonymous</username><pt><x>46</x><y>309</y><time>13-12-21 17:51:25:670</time></pt><pt><x>344</x><y>309</y><time>13-12-21 17:51:27:636</time></pt><pt><x>344</x><y>7</y><time>undefined</time></pt><pt><x>46</x><y>7</y><time>undefined</time></pt><closed_date>13-12-21 17:51:27:637</closed_date></polygon></object><object><name>tooth</name><deleted>0</deleted><verified>0</verified><occluded>no</occluded><attributes>37</attributes><parts><hasparts>16</hasparts><ispartof /></parts><date>13-12-21 17:51:46:952</date><id>4</id><type>bounding_box</type><polygon><username>anonymous</username><pt><x>1593</x><y>403</y><time>13-12-21 17:51:36:061</time></pt><pt><x>1172</x><y>403</y><time>13-12-21 17:51:41:653</time></pt><pt><x>1172</x><y>1203</y><time>undefined</time></pt><pt><x>1593</x><y>1203</y><time>undefined</time></pt><closed_date>13-12-21 17:51:41:653</closed_date></polygon></object><object><name>tooth</name><deleted>0</deleted><verified>0</verified><occluded>no</occluded><attributes>36</attributes><parts><hasparts>11,12,13</hasparts><ispartof /></parts><date>13-12-21 17:51:58:768</date><id>5</id><type>bounding_box</type><polygon><username>anonymous</username><pt><x>697</x><y>466</y><time>13-12-21 17:51:49:742</time></pt><pt><x>1251</x><y>466</y><time>13-12-21 17:51:53:909</time></pt><pt><x>1251</x><y>1238</y><time>undefined</time></pt><pt><x>697</x><y>1238</y><time>undefined</time></pt><closed_date>13-12-21 17:51:53:910</closed_date></polygon></object><object><name>tooth</name><deleted>0</deleted><verified>0</verified><occluded>no</occluded><attributes>35</attributes><parts><hasparts>10,14</hasparts><ispartof /></parts><date>13-12-21 17:52:11:112</date><id>6</id><type>bounding_box</type><polygon><username>anonymous</username><pt><x>388</x><y>425</y><time>13-12-21 17:52:01:582</time></pt><pt><x>695</x><y>425</y><time>13-12-21 17:52:05:693</time></pt><pt><x>695</x><y>1231</y><time>undefined</time></pt><pt><x>388</x><y>1231</y><time>undefined</time></pt><closed_date>13-12-21 17:52:05:693</closed_date></polygon></object><object><name>tooth</name><deleted>0</deleted><verified>0</verified><occluded>no</occluded><attributes>34</attributes><parts><hasparts>9</hasparts><ispartof /></parts><date>13-12-21 17:52:18:937</date><id>7</id><type>bounding_box</type><polygon><username>anonymous</username><pt><x>100</x><y>458</y><time>13-12-21 17:52:12:918</time></pt><pt><x>414</x><y>458</y><time>13-12-21 17:52:15:189</time></pt><pt><x>414</x><y>1231</y><time>undefined</time></pt><pt><x>100</x><y>1231</y><time>undefined</time></pt><closed_date>13-12-21 17:52:15:189</closed_date></polygon></object><object><name>tooth</name><deleted>0</deleted><verified>0</verified><occluded>no</occluded><attributes>33</attributes><parts><hasparts /><ispartof /></parts><date>13-12-21 17:52:27:417</date><id>8</id><type>bounding_box</type><polygon><username>anonymous</username><pt><x>2</x><y>425</y><time>13-12-21 17:52:21:030</time></pt><pt><x>235</x><y>425</y><time>13-12-21 17:52:22:797</time></pt><pt><x>235</x><y>1233</y><time>undefined</time></pt><pt><x>2</x><y>1233</y><time>undefined</time></pt><closed_date>13-12-21 17:52:22:797</closed_date></polygon></object><object><name>restoration</name><deleted>0</deleted><verified>0</verified><occluded>no</occluded><attributes /><parts><hasparts /><ispartof>7</ispartof></parts><date>13-12-21 17:52:44:017</date><id>9</id><polygon><username>anonymous</username><pt><x>349</x><y>591</y><time>13-12-21 17:52:29:735</time></pt><pt><x>338</x><y>625</y><time>13-12-21 17:52:30:189</time></pt><pt><x>325</x><y>652</y><time>13-12-21 17:52:30:517</time></pt><pt><x>303</x><y>684</y><time>13-12-21 17:52:30:839</time></pt><pt><x>270</x><y>704</y><time>13-12-21 17:52:31:124</time></pt><pt><x>248</x><y>719</y><time>13-12-21 17:52:31:405</time></pt><pt><x>214</x><y>732</y><time>13-12-21 17:52:33:749</time></pt><pt><x>179</x><y>715</y><time>13-12-21 17:52:34:973</time></pt><pt><x>159</x><y>669</y><time>13-12-21 17:52:35:420</time></pt><pt><x>153</x><y>634</y><time>13-12-21 17:52:35:781</time></pt><pt><x>135</x><y>582</y><time>13-12-21 17:52:36:164</time></pt><pt><x>122</x><y>545</y><time>13-12-21 17:52:36:533</time></pt><pt><x>129</x><y>532</y><time>13-12-21 17:52:36:877</time></pt><pt><x>166</x><y>554</y><time>13-12-21 17:52:37:208</time></pt><pt><x>196</x><y>567</y><time>13-12-21 17:52:37:485</time></pt><pt><x>209</x><y>567</y><time>13-12-21 17:52:37:733</time></pt><pt><x>220</x><y>567</y><time>13-12-21 17:52:37:935</time></pt><pt><x>229</x><y>567</y><time>13-12-21 17:52:38:149</time></pt><pt><x>257</x><y>549</y><time>13-12-21 17:52:38:391</time></pt><pt><x>277</x><y>540</y><time>13-12-21 17:52:38:624</time></pt><pt><x>292</x><y>532</y><time>13-12-21 17:52:38:861</time></pt><pt><x>309</x><y>530</y><time>13-12-21 17:52:39:109</time></pt><pt><x>325</x><y>540</y><time>13-12-21 17:52:39:311</time></pt><pt><x>333</x><y>543</y><time>13-12-21 17:52:39:511</time></pt><pt><x>349</x><y>545</y><time>13-12-21 17:52:39:717</time></pt><pt><x>370</x><y>545</y><time>13-12-21 17:52:40:005</time></pt><pt><x>375</x><y>545</y><time>13-12-21 17:52:40:303</time></pt><pt><x>379</x><y>556</y><time>13-12-21 17:52:40:524</time></pt><closed_date>13-12-21 17:52:40:815</closed_date></polygon></object><object><name>restoration</name><deleted>0</deleted><verified>0</verified><occluded>no</occluded><attributes /><parts><hasparts /><ispartof>6</ispartof></parts><date>13-12-21 17:52:55:633</date><id>10</id><polygon><username>anonymous</username><pt><x>482</x><y>545</y><time>13-12-21 17:52:45:647</time></pt><pt><x>486</x><y>621</y><time>13-12-21 17:52:46:141</time></pt><pt><x>499</x><y>660</y><time>13-12-21 17:52:46:471</time></pt><pt><x>508</x><y>704</y><time>13-12-21 17:52:46:783</time></pt><pt><x>527</x><y>743</y><time>13-12-21 17:52:47:231</time></pt><pt><x>551</x><y>776</y><time>13-12-21 17:52:47:588</time></pt><pt><x>567</x><y>789</y><time>13-12-21 17:52:47:901</time></pt><pt><x>588</x><y>789</y><time>13-12-21 17:52:48:205</time></pt><pt><x>612</x><y>763</y><time>13-12-21 17:52:48:525</time></pt><pt><x>645</x><y>737</y><time>13-12-21 17:52:48:797</time></pt><pt><x>665</x><y>717</y><time>13-12-21 17:52:49:093</time></pt><pt><x>676</x><y>671</y><time>13-12-21 17:52:49:381</time></pt><pt><x>693</x><y>625</y><time>13-12-21 17:52:49:703</time></pt><pt><x>695</x><y>564</y><time>13-12-21 17:52:50:053</time></pt><pt><x>697</x><y>525</y><time>13-12-21 17:52:50:397</time></pt><pt><x>678</x><y>499</y><time>13-12-21 17:52:50:732</time></pt><pt><x>652</x><y>521</y><time>13-12-21 17:52:51:133</time></pt><pt><x>621</x><y>532</y><time>13-12-21 17:52:51:461</time></pt><pt><x>595</x><y>525</y><time>13-12-21 17:52:51:773</time></pt><pt><x>562</x><y>519</y><time>13-12-21 17:52:52:077</time></pt><pt><x>534</x><y>516</y><time>13-12-21 17:52:52:621</time></pt><pt><x>508</x><y>521</y><time>13-12-21 17:52:52:941</time></pt><closed_date>13-12-21 17:52:53:293</closed_date></polygon></object><object><name>restoration</name><deleted>0</deleted><verified>0</verified><occluded>no</occluded><attributes /><parts><hasparts /><ispartof>5</ispartof></parts><date>13-12-21 17:53:18:040</date><id>11</id><polygon><username>anonymous</username><pt><x>715</x><y>562</y><time>13-12-21 17:52:58:002</time></pt><pt><x>769</x><y>560</y><time>13-12-21 17:52:58:461</time></pt><pt><x>804</x><y>560</y><time>13-12-21 17:52:58:797</time></pt><pt><x>863</x><y>560</y><time>13-12-21 17:52:59:093</time></pt><pt><x>913</x><y>560</y><time>13-12-21 17:52:59:365</time></pt><pt><x>924</x><y>556</y><time>13-12-21 17:52:59:837</time></pt><pt><x>924</x><y>534</y><time>13-12-21 17:53:00:181</time></pt><pt><x>933</x><y>519</y><time>13-12-21 17:53:00:461</time></pt><pt><x>955</x><y>519</y><time>13-12-21 17:53:00:799</time></pt><pt><x>968</x><y>521</y><time>13-12-21 17:53:01:053</time></pt><pt><x>983</x><y>523</y><time>13-12-21 17:53:01:293</time></pt><pt><x>989</x><y>530</y><time>13-12-21 17:53:01:525</time></pt><pt><x>998</x><y>538</y><time>13-12-21 17:53:01:757</time></pt><pt><x>1013</x><y>558</y><time>13-12-21 17:53:02:013</time></pt><pt><x>1024</x><y>575</y><time>13-12-21 17:53:02:279</time></pt><pt><x>1035</x><y>578</y><time>13-12-21 17:53:02:533</time></pt><pt><x>1053</x><y>575</y><time>13-12-21 17:53:02:749</time></pt><pt><x>1072</x><y>573</y><time>13-12-21 17:53:03:045</time></pt><pt><x>1094</x><y>575</y><time>13-12-21 17:53:03:397</time></pt><pt><x>1107</x><y>593</y><time>13-12-21 17:53:07:757</time></pt><pt><x>1105</x><y>634</y><time>13-12-21 17:53:08:157</time></pt><pt><x>1109</x><y>669</y><time>13-12-21 17:53:08:621</time></pt><pt><x>1105</x><y>702</y><time>13-12-21 17:53:09:004</time></pt><pt><x>1081</x><y>730</y><time>13-12-21 17:53:09:372</time></pt><pt><x>1061</x><y>758</y><time>13-12-21 17:53:09:708</time></pt><pt><x>1035</x><y>785</y><time>13-12-21 17:53:10:084</time></pt><pt><x>1020</x><y>802</y><time>13-12-21 17:53:10:412</time></pt><pt><x>998</x><y>811</y><time>13-12-21 17:53:10:686</time></pt><pt><x>963</x><y>822</y><time>13-12-21 17:53:10:948</time></pt><pt><x>928</x><y>826</y><time>13-12-21 17:53:11:236</time></pt><pt><x>898</x><y>828</y><time>13-12-21 17:53:11:508</time></pt><pt><x>865</x><y>811</y><time>13-12-21 17:53:11:916</time></pt><pt><x>852</x><y>806</y><time>13-12-21 17:53:12:340</time></pt><pt><x>800</x><y>791</y><time>13-12-21 17:53:12:836</time></pt><pt><x>750</x><y>765</y><time>13-12-21 17:53:13:372</time></pt><pt><x>726</x><y>713</y><time>13-12-21 17:53:13:996</time></pt><pt><x>721</x><y>676</y><time>13-12-21 17:53:14:396</time></pt><pt><x>708</x><y>628</y><time>13-12-21 17:53:14:876</time></pt><closed_date>13-12-21 17:53:15:324</closed_date></polygon></object><object><name>root canal treatment</name><deleted>0</deleted><verified>0</verified><occluded>no</occluded><attributes /><parts><hasparts /><ispartof>5</ispartof></parts><date>13-12-21 17:53:34:185</date><id>12</id><polygon><username>anonymous</username><pt><x>983</x><y>828</y><time>13-12-21 17:53:19:718</time></pt><pt><x>998</x><y>848</y><time>13-12-21 17:53:20:102</time></pt><pt><x>1007</x><y>876</y><time>13-12-21 17:53:20:406</time></pt><pt><x>1018</x><y>915</y><time>13-12-21 17:53:20:836</time></pt><pt><x>1031</x><y>944</y><time>13-12-21 17:53:21:190</time></pt><pt><x>1040</x><y>968</y><time>13-12-21 17:53:21:444</time></pt><pt><x>1048</x><y>996</y><time>13-12-21 17:53:21:773</time></pt><pt><x>1083</x><y>1094</y><time>13-12-21 17:53:22:419</time></pt><pt><x>1127</x><y>1157</y><time>13-12-21 17:53:22:892</time></pt><pt><x>1157</x><y>1216</y><time>13-12-21 17:53:23:444</time></pt><pt><x>1168</x><y>1238</y><time>13-12-21 17:53:23:852</time></pt><pt><x>1177</x><y>1190</y><time>13-12-21 17:53:24:924</time></pt><pt><x>1157</x><y>1162</y><time>13-12-21 17:53:25:452</time></pt><pt><x>1135</x><y>1127</y><time>13-12-21 17:53:25:892</time></pt><pt><x>1124</x><y>1087</y><time>13-12-21 17:53:26:332</time></pt><pt><x>1116</x><y>1048</y><time>13-12-21 17:53:26:660</time></pt><pt><x>1105</x><y>1002</y><time>13-12-21 17:53:27:004</time></pt><pt><x>1101</x><y>961</y><time>13-12-21 17:53:27:284</time></pt><pt><x>1074</x><y>911</y><time>13-12-21 17:53:27:572</time></pt><pt><x>1057</x><y>870</y><time>13-12-21 17:53:27:828</time></pt><pt><x>1050</x><y>828</y><time>13-12-21 17:53:28:132</time></pt><pt><x>1040</x><y>791</y><time>13-12-21 17:53:28:532</time></pt><pt><x>1002</x><y>811</y><time>13-12-21 17:53:29:068</time></pt><closed_date>13-12-21 17:53:29:612</closed_date></polygon></object><object><name>root canal treatment</name><deleted>0</deleted><verified>0</verified><occluded>no</occluded><attributes /><parts><hasparts /><ispartof>5</ispartof></parts><date>13-12-21 17:53:47:856</date><id>13</id><polygon><username>anonymous</username><pt><x>841</x><y>817</y><time>13-12-21 17:53:35:669</time></pt><pt><x>850</x><y>893</y><time>13-12-21 17:53:36:212</time></pt><pt><x>852</x><y>937</y><time>13-12-21 17:53:36:692</time></pt><pt><x>856</x><y>981</y><time>13-12-21 17:53:37:031</time></pt><pt><x>856</x><y>1022</y><time>13-12-21 17:53:37:310</time></pt><pt><x>865</x><y>1072</y><time>13-12-21 17:53:37:628</time></pt><pt><x>891</x><y>1127</y><time>13-12-21 17:53:38:068</time></pt><pt><x>913</x><y>1159</y><time>13-12-21 17:53:38:436</time></pt><pt><x>941</x><y>1205</y><time>13-12-21 17:53:38:788</time></pt><pt><x>963</x><y>1233</y><time>13-12-21 17:53:39:158</time></pt><pt><x>965</x><y>1227</y><time>13-12-21 17:53:39:628</time></pt><pt><x>961</x><y>1181</y><time>13-12-21 17:53:40:020</time></pt><pt><x>952</x><y>1144</y><time>13-12-21 17:53:40:340</time></pt><pt><x>948</x><y>1120</y><time>13-12-21 17:53:40:580</time></pt><pt><x>944</x><y>1096</y><time>13-12-21 17:53:40:853</time></pt><pt><x>941</x><y>1074</y><time>13-12-21 17:53:41:100</time></pt><pt><x>937</x><y>1029</y><time>13-12-21 17:53:41:372</time></pt><pt><x>935</x><y>989</y><time>13-12-21 17:53:41:612</time></pt><pt><x>933</x><y>952</y><time>13-12-21 17:53:41:868</time></pt><pt><x>933</x><y>917</y><time>13-12-21 17:53:42:156</time></pt><pt><x>933</x><y>870</y><time>13-12-21 17:53:42:436</time></pt><pt><x>935</x><y>841</y><time>13-12-21 17:53:42:732</time></pt><pt><x>935</x><y>828</y><time>13-12-21 17:53:43:020</time></pt><pt><x>896</x><y>826</y><time>13-12-21 17:53:43:460</time></pt><pt><x>859</x><y>819</y><time>13-12-21 17:53:43:908</time></pt><pt><x>828</x><y>837</y><time>13-12-21 17:53:44:276</time></pt><closed_date>13-12-21 17:53:44:996</closed_date></polygon></object><object><name>root canal treatment</name><deleted>0</deleted><verified>0</verified><occluded>no</occluded><attributes /><parts><hasparts /><ispartof>6</ispartof></parts><date>13-12-21 17:53:56:752</date><id>14</id><polygon><username>anonymous</username><pt><x>551</x><y>802</y><time>13-12-21 17:53:48:694</time></pt><pt><x>569</x><y>1087</y><time>13-12-21 17:53:49:820</time></pt><pt><x>580</x><y>1146</y><time>13-12-21 17:53:50:365</time></pt><pt><x>591</x><y>1214</y><time>13-12-21 17:53:50:750</time></pt><pt><x>599</x><y>1220</y><time>13-12-21 17:53:51:301</time></pt><pt><x>599</x><y>1138</y><time>13-12-21 17:53:51:836</time></pt><pt><x>601</x><y>1059</y><time>13-12-21 17:53:52:237</time></pt><pt><x>591</x><y>987</y><time>13-12-21 17:53:52:588</time></pt><pt><x>586</x><y>913</y><time>13-12-21 17:53:52:964</time></pt><pt><x>586</x><y>863</y><time>13-12-21 17:53:53:340</time></pt><pt><x>582</x><y>817</y><time>13-12-21 17:53:53:685</time></pt><pt><x>582</x><y>778</y><time>13-12-21 17:53:53:988</time></pt><closed_date>13-12-21 17:53:54:548</closed_date></polygon></object><object><name>restoration</name><deleted>0</deleted><verified>0</verified><occluded>no</occluded><attributes /><parts><hasparts /><ispartof>1</ispartof></parts><date>13-12-21 17:54:26:163</date><id>15</id><polygon><username>anonymous</username><pt><x>665</x><y>255</y><time>13-12-21 17:54:08:912</time></pt><pt><x>693</x><y>229</y><time>13-12-21 17:54:09:262</time></pt><pt><x>730</x><y>222</y><time>13-12-21 17:54:09:567</time></pt><pt><x>758</x><y>224</y><time>13-12-21 17:54:09:825</time></pt><pt><x>785</x><y>220</y><time>13-12-21 17:54:10:119</time></pt><pt><x>804</x><y>192</y><time>13-12-21 17:54:10:487</time></pt><pt><x>824</x><y>185</y><time>13-12-21 17:54:10:799</time></pt><pt><x>856</x><y>185</y><time>13-12-21 17:54:11:031</time></pt><pt><x>874</x><y>196</y><time>13-12-21 17:54:11:287</time></pt><pt><x>889</x><y>218</y><time>13-12-21 17:54:11:567</time></pt><pt><x>917</x><y>196</y><time>13-12-21 17:54:12:047</time></pt><pt><x>941</x><y>190</y><time>13-12-21 17:54:12:321</time></pt><pt><x>963</x><y>205</y><time>13-12-21 17:54:12:559</time></pt><pt><x>981</x><y>214</y><time>13-12-21 17:54:12:776</time></pt><pt><x>989</x><y>222</y><time>13-12-21 17:54:13:031</time></pt><pt><x>976</x><y>200</y><time>13-12-21 17:54:15:727</time></pt><pt><x>992</x><y>172</y><time>13-12-21 17:54:16:015</time></pt><pt><x>1013</x><y>168</y><time>13-12-21 17:54:16:294</time></pt><pt><x>1040</x><y>177</y><time>13-12-21 17:54:16:559</time></pt><pt><x>1053</x><y>207</y><time>13-12-21 17:54:16:831</time></pt><pt><x>1046</x><y>235</y><time>13-12-21 17:54:17:159</time></pt><pt><x>1024</x><y>259</y><time>13-12-21 17:54:17:455</time></pt><pt><x>1007</x><y>262</y><time>13-12-21 17:54:17:735</time></pt><pt><x>996</x><y>272</y><time>13-12-21 17:54:18:062</time></pt><pt><x>985</x><y>290</y><time>13-12-21 17:54:18:319</time></pt><pt><x>959</x><y>312</y><time>13-12-21 17:54:18:567</time></pt><pt><x>937</x><y>318</y><time>13-12-21 17:54:18:775</time></pt><pt><x>907</x><y>318</y><time>13-12-21 17:54:19:015</time></pt><pt><x>887</x><y>294</y><time>13-12-21 17:54:19:271</time></pt><pt><x>859</x><y>275</y><time>13-12-21 17:54:19:503</time></pt><pt><x>826</x><y>272</y><time>13-12-21 17:54:19:726</time></pt><pt><x>809</x><y>312</y><time>13-12-21 17:54:20:047</time></pt><pt><x>785</x><y>333</y><time>13-12-21 17:54:20:286</time></pt><pt><x>756</x><y>340</y><time>13-12-21 17:54:20:535</time></pt><pt><x>726</x><y>325</y><time>13-12-21 17:54:20:831</time></pt><pt><x>684</x><y>305</y><time>13-12-21 17:54:21:103</time></pt><pt><x>647</x><y>301</y><time>13-12-21 17:54:21:359</time></pt><pt><x>632</x><y>301</y><time>13-12-21 17:54:21:583</time></pt><pt><x>623</x><y>270</y><time>13-12-21 17:54:21:894</time></pt><pt><x>645</x><y>244</y><time>13-12-21 17:54:22:183</time></pt><closed_date>13-12-21 17:54:22:502</closed_date></polygon></object><object><name>restoration</name><deleted>0</deleted><verified>0</verified><occluded>no</occluded><attributes /><parts><hasparts /><ispartof>4</ispartof></parts><date>13-12-21 17:55:12:916</date><id>16</id><polygon><username>anonymous</username><pt><x>1260</x><y>591</y><time>13-12-21 17:55:02:545</time></pt><pt><x>1286</x><y>599</y><time>13-12-21 17:55:02:863</time></pt><pt><x>1308</x><y>595</y><time>13-12-21 17:55:03:137</time></pt><pt><x>1340</x><y>599</y><time>13-12-21 17:55:03:351</time></pt><pt><x>1351</x><y>604</y><time>13-12-21 17:55:03:575</time></pt><pt><x>1371</x><y>599</y><time>13-12-21 17:55:03:807</time></pt><pt><x>1401</x><y>597</y><time>13-12-21 17:55:04:007</time></pt><pt><x>1412</x><y>604</y><time>13-12-21 17:55:04:223</time></pt><pt><x>1425</x><y>604</y><time>13-12-21 17:55:04:415</time></pt><pt><x>1471</x><y>593</y><time>13-12-21 17:55:04:641</time></pt><pt><x>1510</x><y>575</y><time>13-12-21 17:55:04:839</time></pt><pt><x>1530</x><y>567</y><time>13-12-21 17:55:05:047</time></pt><pt><x>1554</x><y>562</y><time>13-12-21 17:55:05:240</time></pt><pt><x>1578</x><y>538</y><time>13-12-21 17:55:05:503</time></pt><pt><x>1589</x><y>512</y><time>13-12-21 17:55:05:792</time></pt><pt><x>1580</x><y>477</y><time>13-12-21 17:55:06:095</time></pt><pt><x>1569</x><y>455</y><time>13-12-21 17:55:06:359</time></pt><pt><x>1543</x><y>447</y><time>13-12-21 17:55:06:615</time></pt><pt><x>1512</x><y>451</y><time>13-12-21 17:55:06:872</time></pt><pt><x>1491</x><y>471</y><time>13-12-21 17:55:07:111</time></pt><pt><x>1462</x><y>490</y><time>13-12-21 17:55:07:359</time></pt><pt><x>1410</x><y>508</y><time>13-12-21 17:55:07:625</time></pt><pt><x>1371</x><y>508</y><time>13-12-21 17:55:07:895</time></pt><pt><x>1340</x><y>497</y><time>13-12-21 17:55:08:183</time></pt><pt><x>1310</x><y>486</y><time>13-12-21 17:55:08:431</time></pt><pt><x>1288</x><y>484</y><time>13-12-21 17:55:08:679</time></pt><pt><x>1257</x><y>497</y><time>13-12-21 17:55:08:919</time></pt><pt><x>1231</x><y>508</y><time>13-12-21 17:55:09:150</time></pt><pt><x>1207</x><y>534</y><time>13-12-21 17:55:09:417</time></pt><pt><x>1175</x><y>554</y><time>13-12-21 17:55:09:711</time></pt><pt><x>1181</x><y>578</y><time>13-12-21 17:55:09:993</time></pt><pt><x>1231</x><y>591</y><time>13-12-21 17:55:10:311</time></pt><closed_date>13-12-21 17:55:10:535</closed_date></polygon></object><object><name>restoration</name><deleted>0</deleted><verified>0</verified><occluded>no</occluded><attributes /><parts><hasparts /><ispartof>0</ispartof></parts><date>13-12-21 17:55:26:539</date><id>17</id><polygon><username>anonymous</username><pt><x>1124</x><y>220</y><time>13-12-21 17:55:14:369</time></pt><pt><x>1168</x><y>179</y><time>13-12-21 17:55:14:799</time></pt><pt><x>1203</x><y>148</y><time>13-12-21 17:55:15:183</time></pt><pt><x>1229</x><y>122</y><time>13-12-21 17:55:15:518</time></pt><pt><x>1266</x><y>120</y><time>13-12-21 17:55:15:800</time></pt><pt><x>1310</x><y>129</y><time>13-12-21 17:55:16:047</time></pt><pt><x>1334</x><y>133</y><time>13-12-21 17:55:16:263</time></pt><pt><x>1360</x><y>133</y><time>13-12-21 17:55:16:527</time></pt><pt><x>1388</x><y>131</y><time>13-12-21 17:55:16:784</time></pt><pt><x>1401</x><y>135</y><time>13-12-21 17:55:16:984</time></pt><pt><x>1403</x><y>111</y><time>13-12-21 17:55:19:296</time></pt><pt><x>1403</x><y>57</y><time>13-12-21 17:55:19:591</time></pt><pt><x>1412</x><y>52</y><time>13-12-21 17:55:19:855</time></pt><pt><x>1430</x><y>85</y><time>13-12-21 17:55:20:153</time></pt><pt><x>1449</x><y>122</y><time>13-12-21 17:55:20:449</time></pt><pt><x>1451</x><y>161</y><time>13-12-21 17:55:20:681</time></pt><pt><x>1438</x><y>194</y><time>13-12-21 17:55:21:002</time></pt><pt><x>1427</x><y>211</y><time>13-12-21 17:55:21:248</time></pt><pt><x>1386</x><y>218</y><time>13-12-21 17:55:21:479</time></pt><pt><x>1349</x><y>218</y><time>13-12-21 17:55:21:695</time></pt><pt><x>1314</x><y>233</y><time>13-12-21 17:55:21:935</time></pt><pt><x>1253</x><y>246</y><time>13-12-21 17:55:22:327</time></pt><pt><x>1218</x><y>248</y><time>13-12-21 17:55:22:599</time></pt><pt><x>1177</x><y>262</y><time>13-12-21 17:55:22:999</time></pt><pt><x>1148</x><y>257</y><time>13-12-21 17:55:23:255</time></pt><pt><x>1127</x><y>246</y><time>13-12-21 17:55:23:503</time></pt><pt><x>1120</x><y>240</y><time>13-12-21 17:55:23:775</time></pt><closed_date>13-12-21 17:55:24:207</closed_date></polygon></object><imagesize><nrows /><ncols /></imagesize></annotation>