<?xml version='1.0' encoding='UTF-8'?>
<annotation><filename>110.jpg</filename><folder>segmentation_xray</folder><source><sourceImage>The MIT-CSAIL database of objects and scenes</sourceImage><sourceAnnotation>LabelMe Webtool</sourceAnnotation></source><object><name>tooth</name><deleted>0</deleted><verified>0</verified><occluded>no</occluded><attributes>28</attributes><parts><hasparts /><ispartof /></parts><date>18-01-22 17:36:21:634</date><id>0</id><type>bounding_box</type><polygon><username>anonymous</username><pt><x>831</x><y>5</y><time>18-01-22 17:36:05:441</time></pt><pt><x>1112</x><y>5</y><time>18-01-22 17:36:10:208</time></pt><pt><x>1112</x><y>321</y><time>undefined</time></pt><pt><x>831</x><y>321</y><time>undefined</time></pt><closed_date>18-01-22 17:36:10:209</closed_date></polygon></object><object><name>tooth</name><deleted>0</deleted><verified>0</verified><occluded>no</occluded><attributes>27</attributes><parts><hasparts>13</hasparts><ispartof /></parts><date>18-01-22 17:36:33:221</date><id>1</id><type>bounding_box</type><polygon><username>anonymous</username><pt><x>474</x><y>5</y><time>18-01-22 17:36:27:745</time></pt><pt><x>816</x><y>5</y><time>18-01-22 17:36:29:424</time></pt><pt><x>816</x><y>354</y><time>undefined</time></pt><pt><x>474</x><y>354</y><time>undefined</time></pt><closed_date>18-01-22 17:36:29:424</closed_date></polygon></object><object><name>tooth</name><deleted>0</deleted><verified>0</verified><occluded>no</occluded><attributes>25</attributes><parts><hasparts>12,14</hasparts><ispartof /></parts><date>18-01-22 17:36:41:700</date><id>2</id><type>bounding_box</type><polygon><username>anonymous</username><pt><x>447</x><y>7</y><time>18-01-22 17:36:34:594</time></pt><pt><x>219</x><y>7</y><time>18-01-22 17:36:37:385</time></pt><pt><x>219</x><y>337</y><time>undefined</time></pt><pt><x>447</x><y>337</y><time>undefined</time></pt><closed_date>18-01-22 17:36:37:385</closed_date></polygon></object><object><name>tooth</name><deleted>0</deleted><verified>0</verified><occluded>no</occluded><attributes>24</attributes><parts><hasparts>11</hasparts><ispartof /></parts><date>18-01-22 17:36:50:484</date><id>3</id><type>bounding_box</type><polygon><username>anonymous</username><pt><x>0</x><y>317</y><time>18-01-22 17:36:43:243</time></pt><pt><x>235</x><y>317</y><time>18-01-22 17:36:46:056</time></pt><pt><x>235</x><y>7</y><time>undefined</time></pt><pt><x>0</x><y>7</y><time>undefined</time></pt><closed_date>18-01-22 17:36:46:056</closed_date></polygon></object><object><name>tooth</name><deleted>0</deleted><verified>0</verified><occluded>no</occluded><attributes>34</attributes><parts><hasparts /><ispartof /></parts><date>18-01-22 17:37:03:210</date><id>4</id><type>bounding_box</type><polygon><username>anonymous</username><pt><x>2</x><y>331</y><time>18-01-22 17:36:51:754</time></pt><pt><x>182</x><y>331</y><time>18-01-22 17:36:54:536</time></pt><pt><x>182</x><y>873</y><time>undefined</time></pt><pt><x>2</x><y>873</y><time>undefined</time></pt><closed_date>18-01-22 17:36:54:536</closed_date></polygon></object><object><name>tooth</name><deleted>0</deleted><verified>0</verified><occluded>no</occluded><attributes>35</attributes><parts><hasparts>10</hasparts><ispartof /></parts><date>18-01-22 17:37:18:036</date><id>5</id><type>bounding_box</type><polygon><username>anonymous</username><pt><x>416</x><y>357</y><time>18-01-22 17:37:09:410</time></pt><pt><x>114</x><y>357</y><time>18-01-22 17:37:14:161</time></pt><pt><x>114</x><y>945</y><time>undefined</time></pt><pt><x>416</x><y>945</y><time>undefined</time></pt><closed_date>18-01-22 17:37:14:161</closed_date></polygon></object><object><name>tooth</name><deleted>0</deleted><verified>0</verified><occluded>no</occluded><attributes>37</attributes><parts><hasparts>9</hasparts><ispartof /></parts><date>18-01-22 17:37:28:690</date><id>6</id><type>bounding_box</type><polygon><username>anonymous</username><pt><x>427</x><y>379</y><time>18-01-22 17:37:21:592</time></pt><pt><x>1018</x><y>379</y><time>18-01-22 17:37:24:608</time></pt><pt><x>1018</x><y>943</y><time>undefined</time></pt><pt><x>427</x><y>943</y><time>undefined</time></pt><closed_date>18-01-22 17:37:24:609</closed_date></polygon></object><object><name>tooth</name><deleted>0</deleted><verified>0</verified><occluded>no</occluded><attributes>38</attributes><parts><hasparts>8</hasparts><ispartof /></parts><date>18-01-22 17:37:39:071</date><id>7</id><type>bounding_box</type><polygon><username>anonymous</username><pt><x>1217</x><y>282</y><time>18-01-22 17:37:31:817</time></pt><pt><x>763</x><y>282</y><time>18-01-22 17:37:35:873</time></pt><pt><x>763</x><y>933</y><time>undefined</time></pt><pt><x>1217</x><y>933</y><time>undefined</time></pt><closed_date>18-01-22 17:37:35:873</closed_date></polygon></object><object><name>restoration</name><deleted>0</deleted><verified>0</verified><occluded>no</occluded><attributes /><parts><hasparts /><ispartof>7</ispartof></parts><date>18-01-22 17:38:43:069</date><id>8</id><polygon><username>anonymous</username><pt><x>885</x><y>401</y><time>18-01-22 17:38:25:002</time></pt><pt><x>908</x><y>429</y><time>18-01-22 17:38:25:683</time></pt><pt><x>917</x><y>459</y><time>18-01-22 17:38:26:225</time></pt><pt><x>965</x><y>444</y><time>18-01-22 17:38:26:969</time></pt><pt><x>972</x><y>434</y><time>18-01-22 17:38:27:514</time></pt><pt><x>977</x><y>422</y><time>18-01-22 17:38:27:840</time></pt><pt><x>987</x><y>436</y><time>18-01-22 17:38:28:201</time></pt><pt><x>1003</x><y>436</y><time>18-01-22 17:38:28:521</time></pt><pt><x>1023</x><y>417</y><time>18-01-22 17:38:28:865</time></pt><pt><x>1025</x><y>414</y><time>18-01-22 17:38:29:346</time></pt><pt><x>1033</x><y>399</y><time>18-01-22 17:38:29:681</time></pt><pt><x>1055</x><y>389</y><time>18-01-22 17:38:30:097</time></pt><pt><x>1054</x><y>372</y><time>18-01-22 17:38:30:481</time></pt><pt><x>1042</x><y>362</y><time>18-01-22 17:38:30:841</time></pt><pt><x>1022</x><y>369</y><time>18-01-22 17:38:31:186</time></pt><pt><x>1008</x><y>374</y><time>18-01-22 17:38:31:441</time></pt><pt><x>1007</x><y>357</y><time>18-01-22 17:38:34:649</time></pt><pt><x>995</x><y>352</y><time>18-01-22 17:38:35:705</time></pt><pt><x>985</x><y>359</y><time>18-01-22 17:38:36:130</time></pt><pt><x>977</x><y>366</y><time>18-01-22 17:38:36:489</time></pt><pt><x>975</x><y>377</y><time>18-01-22 17:38:36:785</time></pt><pt><x>970</x><y>389</y><time>18-01-22 17:38:37:073</time></pt><pt><x>955</x><y>391</y><time>18-01-22 17:38:37:314</time></pt><pt><x>940</x><y>394</y><time>18-01-22 17:38:37:521</time></pt><pt><x>932</x><y>376</y><time>18-01-22 17:38:38:129</time></pt><closed_date>18-01-22 17:38:38:737</closed_date></polygon></object><object><name>restoration</name><deleted>0</deleted><verified>0</verified><occluded>no</occluded><attributes /><parts><hasparts /><ispartof>6</ispartof></parts><date>18-01-22 17:38:58:364</date><id>9</id><polygon><username>anonymous</username><pt><x>548</x><y>494</y><time>18-01-22 17:38:44:138</time></pt><pt><x>536</x><y>462</y><time>18-01-22 17:38:44:649</time></pt><pt><x>554</x><y>462</y><time>18-01-22 17:38:45:162</time></pt><pt><x>571</x><y>447</y><time>18-01-22 17:38:45:827</time></pt><pt><x>588</x><y>467</y><time>18-01-22 17:38:46:265</time></pt><pt><x>653</x><y>434</y><time>18-01-22 17:38:47:210</time></pt><pt><x>690</x><y>436</y><time>18-01-22 17:38:47:842</time></pt><pt><x>706</x><y>446</y><time>18-01-22 17:38:48:353</time></pt><pt><x>713</x><y>464</y><time>18-01-22 17:38:48:729</time></pt><pt><x>654</x><y>503</y><time>18-01-22 17:38:49:562</time></pt><pt><x>636</x><y>513</y><time>18-01-22 17:38:50:145</time></pt><pt><x>618</x><y>528</y><time>18-01-22 17:38:50:513</time></pt><pt><x>603</x><y>538</y><time>18-01-22 17:38:50:889</time></pt><pt><x>578</x><y>548</y><time>18-01-22 17:38:51:233</time></pt><pt><x>561</x><y>554</y><time>18-01-22 17:38:51:561</time></pt><pt><x>546</x><y>569</y><time>18-01-22 17:38:51:881</time></pt><pt><x>534</x><y>583</y><time>18-01-22 17:38:52:201</time></pt><pt><x>513</x><y>584</y><time>18-01-22 17:38:52:633</time></pt><pt><x>474</x><y>579</y><time>18-01-22 17:38:53:113</time></pt><pt><x>461</x><y>566</y><time>18-01-22 17:38:53:617</time></pt><pt><x>456</x><y>556</y><time>18-01-22 17:38:54:098</time></pt><pt><x>462</x><y>539</y><time>18-01-22 17:38:55:081</time></pt><pt><x>498</x><y>524</y><time>18-01-22 17:38:55:473</time></pt><pt><x>531</x><y>503</y><time>18-01-22 17:38:56:049</time></pt><closed_date>18-01-22 17:38:56:578</closed_date></polygon></object><object><name>restoration</name><deleted>0</deleted><verified>0</verified><occluded>no</occluded><attributes /><parts><hasparts /><ispartof>5</ispartof></parts><date>18-01-22 17:39:13:749</date><id>10</id><polygon><username>anonymous</username><pt><x>299</x><y>396</y><time>18-01-22 17:38:59:646</time></pt><pt><x>284</x><y>424</y><time>18-01-22 17:39:00:378</time></pt><pt><x>289</x><y>442</y><time>18-01-22 17:39:05:473</time></pt><pt><x>302</x><y>449</y><time>18-01-22 17:39:05:905</time></pt><pt><x>312</x><y>456</y><time>18-01-22 17:39:06:233</time></pt><pt><x>351</x><y>472</y><time>18-01-22 17:39:07:049</time></pt><pt><x>369</x><y>479</y><time>18-01-22 17:39:07:785</time></pt><pt><x>389</x><y>479</y><time>18-01-22 17:39:08:195</time></pt><pt><x>406</x><y>466</y><time>18-01-22 17:39:08:595</time></pt><pt><x>406</x><y>449</y><time>18-01-22 17:39:09:017</time></pt><pt><x>394</x><y>436</y><time>18-01-22 17:39:09:418</time></pt><pt><x>371</x><y>421</y><time>18-01-22 17:39:09:914</time></pt><pt><x>354</x><y>406</y><time>18-01-22 17:39:10:297</time></pt><pt><x>342</x><y>394</y><time>18-01-22 17:39:10:657</time></pt><pt><x>327</x><y>394</y><time>18-01-22 17:39:10:889</time></pt><closed_date>18-01-22 17:39:11:106</closed_date></polygon></object><object><name>restoration</name><deleted>0</deleted><verified>0</verified><occluded>no</occluded><attributes /><parts><hasparts /><ispartof>3</ispartof></parts><date>18-01-22 17:40:01:397</date><id>11</id><polygon><username>anonymous</username><pt><x>37</x><y>107</y><time>18-01-22 17:39:14:738</time></pt><pt><x>38</x><y>135</y><time>18-01-22 17:39:15:089</time></pt><pt><x>55</x><y>157</y><time>18-01-22 17:39:15:449</time></pt><pt><x>70</x><y>165</y><time>18-01-22 17:39:19:811</time></pt><pt><x>88</x><y>170</y><time>18-01-22 17:39:20:378</time></pt><pt><x>119</x><y>177</y><time>18-01-22 17:39:20:778</time></pt><pt><x>130</x><y>185</y><time>18-01-22 17:39:21:121</time></pt><pt><x>147</x><y>172</y><time>18-01-22 17:39:21:681</time></pt><pt><x>155</x><y>140</y><time>18-01-22 17:39:22:049</time></pt><pt><x>170</x><y>119</y><time>18-01-22 17:39:22:364</time></pt><pt><x>184</x><y>102</y><time>18-01-22 17:39:22:746</time></pt><pt><x>205</x><y>99</y><time>18-01-22 17:39:23:066</time></pt><pt><x>229</x><y>109</y><time>18-01-22 17:39:23:409</time></pt><pt><x>235</x><y>117</y><time>18-01-22 17:39:23:690</time></pt><pt><x>244</x><y>144</y><time>18-01-22 17:39:24:081</time></pt><pt><x>239</x><y>202</y><time>18-01-22 17:39:24:810</time></pt><pt><x>230</x><y>249</y><time>18-01-22 17:39:25:274</time></pt><pt><x>209</x><y>279</y><time>18-01-22 17:39:45:554</time></pt><pt><x>175</x><y>269</y><time>18-01-22 17:39:46:402</time></pt><pt><x>165</x><y>257</y><time>18-01-22 17:39:46:778</time></pt><pt><x>144</x><y>255</y><time>18-01-22 17:39:47:138</time></pt><pt><x>122</x><y>239</y><time>18-01-22 17:39:47:433</time></pt><pt><x>93</x><y>237</y><time>18-01-22 17:39:47:714</time></pt><pt><x>68</x><y>247</y><time>18-01-22 17:39:48:097</time></pt><pt><x>32</x><y>237</y><time>18-01-22 17:39:48:522</time></pt><pt><x>22</x><y>220</y><time>18-01-22 17:39:48:786</time></pt><pt><x>13</x><y>204</y><time>18-01-22 17:39:49:106</time></pt><pt><x>10</x><y>187</y><time>18-01-22 17:39:49:434</time></pt><pt><x>12</x><y>150</y><time>18-01-22 17:39:58:114</time></pt><pt><x>22</x><y>127</y><time>18-01-22 17:39:58:506</time></pt><closed_date>18-01-22 17:39:58:818</closed_date></polygon></object><object><name>restoration</name><deleted>0</deleted><verified>0</verified><occluded>no</occluded><attributes /><parts><hasparts /><ispartof>2</ispartof></parts><date>18-01-22 17:41:04:966</date><id>12</id><polygon><username>anonymous</username><pt><x>257</x><y>134</y><time>18-01-22 17:40:02:646</time></pt><pt><x>306</x><y>119</y><time>18-01-22 17:40:03:417</time></pt><pt><x>351</x><y>119</y><time>18-01-22 17:40:04:530</time></pt><pt><x>357</x><y>124</y><time>18-01-22 17:40:49:747</time></pt><pt><x>357</x><y>155</y><time>18-01-22 17:40:50:450</time></pt><pt><x>354</x><y>239</y><time>18-01-22 17:40:52:386</time></pt><pt><x>372</x><y>215</y><time>18-01-22 17:40:52:994</time></pt><pt><x>391</x><y>202</y><time>18-01-22 17:40:53:642</time></pt><pt><x>412</x><y>205</y><time>18-01-22 17:40:54:009</time></pt><pt><x>432</x><y>205</y><time>18-01-22 17:40:55:202</time></pt><pt><x>441</x><y>209</y><time>18-01-22 17:40:55:514</time></pt><pt><x>434</x><y>257</y><time>18-01-22 17:40:56:259</time></pt><pt><x>427</x><y>279</y><time>18-01-22 17:40:56:890</time></pt><pt><x>401</x><y>279</y><time>18-01-22 17:40:57:314</time></pt><pt><x>372</x><y>274</y><time>18-01-22 17:40:57:778</time></pt><pt><x>326</x><y>270</y><time>18-01-22 17:40:58:426</time></pt><pt><x>296</x><y>269</y><time>18-01-22 17:40:58:898</time></pt><pt><x>275</x><y>262</y><time>18-01-22 17:40:59:209</time></pt><pt><x>252</x><y>245</y><time>18-01-22 17:40:59:538</time></pt><pt><x>230</x><y>230</y><time>18-01-22 17:40:59:987</time></pt><pt><x>230</x><y>197</y><time>18-01-22 17:41:00:538</time></pt><pt><x>252</x><y>159</y><time>18-01-22 17:41:00:962</time></pt><closed_date>18-01-22 17:41:01:618</closed_date></polygon></object><object><name>restoration</name><deleted>0</deleted><verified>0</verified><occluded>no</occluded><attributes /><parts><hasparts /><ispartof>1</ispartof></parts><date>18-01-22 17:41:16:315</date><id>13</id><polygon><username>anonymous</username><pt><x>586</x><y>240</y><time>18-01-22 17:41:06:251</time></pt><pt><x>608</x><y>225</y><time>18-01-22 17:41:06:690</time></pt><pt><x>643</x><y>224</y><time>18-01-22 17:41:06:994</time></pt><pt><x>688</x><y>217</y><time>18-01-22 17:41:07:362</time></pt><pt><x>730</x><y>212</y><time>18-01-22 17:41:07:708</time></pt><pt><x>751</x><y>222</y><time>18-01-22 17:41:08:034</time></pt><pt><x>765</x><y>234</y><time>18-01-22 17:41:08:339</time></pt><pt><x>771</x><y>250</y><time>18-01-22 17:41:08:610</time></pt><pt><x>781</x><y>270</y><time>18-01-22 17:41:08:962</time></pt><pt><x>778</x><y>282</y><time>18-01-22 17:41:09:329</time></pt><pt><x>756</x><y>292</y><time>18-01-22 17:41:09:634</time></pt><pt><x>740</x><y>304</y><time>18-01-22 17:41:09:874</time></pt><pt><x>720</x><y>309</y><time>18-01-22 17:41:10:099</time></pt><pt><x>686</x><y>311</y><time>18-01-22 17:41:10:323</time></pt><pt><x>663</x><y>306</y><time>18-01-22 17:41:10:594</time></pt><pt><x>651</x><y>286</y><time>18-01-22 17:41:10:898</time></pt><pt><x>633</x><y>270</y><time>18-01-22 17:41:11:314</time></pt><pt><x>621</x><y>262</y><time>18-01-22 17:41:11:539</time></pt><pt><x>604</x><y>262</y><time>18-01-22 17:41:11:762</time></pt><pt><x>591</x><y>259</y><time>18-01-22 17:41:12:066</time></pt><closed_date>18-01-22 17:41:12:307</closed_date></polygon></object><object><name>root canal treatment</name><deleted>0</deleted><verified>0</verified><occluded>no</occluded><attributes /><parts><hasparts /><ispartof>2</ispartof></parts><date>18-01-22 17:41:30:108</date><id>14</id><polygon><username>anonymous</username><pt><x>316</x><y>110</y><time>18-01-22 17:41:18:964</time></pt><pt><x>329</x><y>52</y><time>18-01-22 17:41:22:356</time></pt><pt><x>334</x><y>18</y><time>18-01-22 17:41:22:754</time></pt><pt><x>341</x><y>5</y><time>18-01-22 17:41:24:130</time></pt><pt><x>366</x><y>7</y><time>18-01-22 17:41:24:674</time></pt><pt><x>372</x><y>10</y><time>18-01-22 17:41:25:234</time></pt><pt><x>357</x><y>114</y><time>18-01-22 17:41:26:323</time></pt><closed_date>18-01-22 17:41:26:891</closed_date></polygon></object><imagesize><nrows /><ncols /></imagesize></annotation>