<?xml version='1.0' encoding='UTF-8'?>
<annotation><filename>112.jpg</filename><folder>segmentation_xray</folder><source><sourceImage>The MIT-CSAIL database of objects and scenes</sourceImage><sourceAnnotation>LabelMe Webtool</sourceAnnotation></source><object><name>tooth</name><deleted>0</deleted><verified>0</verified><occluded>no</occluded><attributes>18</attributes><parts><hasparts>9</hasparts><ispartof /></parts><date>13-01-22 18:43:41:094</date><id>0</id><type>bounding_box</type><polygon><username>anonymous</username><pt><x>159</x><y>3</y><time>13-01-22 18:43:35:012</time></pt><pt><x>411</x><y>3</y><time>13-01-22 18:43:36:743</time></pt><pt><x>411</x><y>197</y><time>undefined</time></pt><pt><x>159</x><y>197</y><time>undefined</time></pt><closed_date>13-01-22 18:43:36:743</closed_date></polygon></object><object><name>tooth</name><deleted>0</deleted><verified>0</verified><occluded>no</occluded><attributes>17</attributes><parts><hasparts>10</hasparts><ispartof /></parts><date>13-01-22 18:43:51:195</date><id>1</id><type>bounding_box</type><polygon><username>anonymous</username><pt><x>651</x><y>3</y><time>13-01-22 18:43:43:208</time></pt><pt><x>379</x><y>3</y><time>13-01-22 18:43:47:043</time></pt><pt><x>379</x><y>339</y><time>undefined</time></pt><pt><x>651</x><y>339</y><time>undefined</time></pt><closed_date>13-01-22 18:43:47:043</closed_date></polygon></object><object><name>tooth</name><deleted>0</deleted><verified>0</verified><occluded>no</occluded><attributes>16</attributes><parts><hasparts>11,12</hasparts><ispartof /></parts><date>13-01-22 18:44:00:808</date><id>2</id><type>bounding_box</type><polygon><username>anonymous</username><pt><x>932</x><y>3</y><time>13-01-22 18:43:53:504</time></pt><pt><x>621</x><y>3</y><time>13-01-22 18:43:57:245</time></pt><pt><x>621</x><y>411</y><time>undefined</time></pt><pt><x>932</x><y>411</y><time>undefined</time></pt><closed_date>13-01-22 18:43:57:245</closed_date></polygon></object><object><name>tooth</name><deleted>0</deleted><verified>0</verified><occluded>no</occluded><attributes>15</attributes><parts><hasparts>13</hasparts><ispartof /></parts><date>13-01-22 18:44:09:889</date><id>3</id><type>bounding_box</type><polygon><username>anonymous</username><pt><x>1107</x><y>0</y><time>13-01-22 18:44:03:731</time></pt><pt><x>913</x><y>0</y><time>13-01-22 18:44:06:817</time></pt><pt><x>913</x><y>372</y><time>undefined</time></pt><pt><x>1107</x><y>372</y><time>undefined</time></pt><closed_date>13-01-22 18:44:06:818</closed_date></polygon></object><object><name>tooth</name><deleted>0</deleted><verified>0</verified><occluded>no</occluded><attributes>14</attributes><parts><hasparts>14</hasparts><ispartof /></parts><date>13-01-22 18:44:18:754</date><id>4</id><type>bounding_box</type><polygon><username>anonymous</username><pt><x>1214</x><y>419</y><time>13-01-22 18:44:11:560</time></pt><pt><x>1114</x><y>419</y><time>13-01-22 18:44:14:270</time></pt><pt><x>1114</x><y>52</y><time>undefined</time></pt><pt><x>1214</x><y>52</y><time>undefined</time></pt><closed_date>13-01-22 18:44:14:270</closed_date></polygon></object><object><name>tooth</name><deleted>0</deleted><verified>0</verified><occluded>no</occluded><attributes>44</attributes><parts><hasparts>15</hasparts><ispartof /></parts><date>13-01-22 18:44:31:280</date><id>5</id><type>bounding_box</type><polygon><username>anonymous</username><pt><x>1215</x><y>504</y><time>13-01-22 18:44:20:606</time></pt><pt><x>975</x><y>504</y><time>13-01-22 18:44:24:199</time></pt><pt><x>975</x><y>947</y><time>undefined</time></pt><pt><x>1215</x><y>947</y><time>undefined</time></pt><closed_date>13-01-22 18:44:24:200</closed_date></polygon></object><object><name>tooth</name><deleted>0</deleted><verified>0</verified><occluded>no</occluded><attributes>45</attributes><parts><hasparts>16</hasparts><ispartof /></parts><date>13-01-22 18:44:39:772</date><id>6</id><type>bounding_box</type><polygon><username>anonymous</username><pt><x>700</x><y>942</y><time>13-01-22 18:44:33:496</time></pt><pt><x>1032</x><y>942</y><time>13-01-22 18:44:36:086</time></pt><pt><x>1032</x><y>478</y><time>undefined</time></pt><pt><x>700</x><y>478</y><time>undefined</time></pt><closed_date>13-01-22 18:44:36:086</closed_date></polygon></object><object><name>tooth</name><deleted>0</deleted><verified>0</verified><occluded>no</occluded><attributes>48</attributes><parts><hasparts>17</hasparts><ispartof /></parts><date>13-01-22 18:44:57:618</date><id>7</id><type>bounding_box</type><polygon><username>anonymous</username><pt><x>5</x><y>664</y><time>13-01-22 18:44:48:357</time></pt><pt><x>367</x><y>664</y><time>13-01-22 18:44:52:893</time></pt><pt><x>367</x><y>204</y><time>undefined</time></pt><pt><x>5</x><y>204</y><time>undefined</time></pt><closed_date>13-01-22 18:44:52:893</closed_date></polygon></object><object><name>tooth</name><deleted>0</deleted><verified>0</verified><occluded>no</occluded><attributes>47</attributes><parts><hasparts>18</hasparts><ispartof /></parts><date>13-01-22 18:45:15:314</date><id>8</id><type>bounding_box</type><polygon><username>anonymous</username><pt><x>633</x><y>940</y><time>13-01-22 18:45:05:845</time></pt><pt><x>55</x><y>940</y><time>13-01-22 18:45:09:831</time></pt><pt><x>55</x><y>389</y><time>undefined</time></pt><pt><x>633</x><y>389</y><time>undefined</time></pt><closed_date>13-01-22 18:45:09:831</closed_date></polygon></object><object><name>restoration</name><deleted>0</deleted><verified>0</verified><occluded>no</occluded><attributes /><parts><hasparts /><ispartof>0</ispartof></parts><date>13-01-22 18:45:29:883</date><id>9</id><polygon><username>anonymous</username><pt><x>229</x><y>73</y><time>13-01-22 18:45:18:951</time></pt><pt><x>234</x><y>33</y><time>13-01-22 18:45:20:153</time></pt><pt><x>272</x><y>30</y><time>13-01-22 18:45:20:904</time></pt><pt><x>292</x><y>40</y><time>13-01-22 18:45:21:408</time></pt><pt><x>297</x><y>52</y><time>13-01-22 18:45:21:921</time></pt><pt><x>319</x><y>65</y><time>13-01-22 18:45:22:451</time></pt><pt><x>326</x><y>77</y><time>13-01-22 18:45:22:876</time></pt><pt><x>327</x><y>95</y><time>13-01-22 18:45:23:233</time></pt><pt><x>327</x><y>114</y><time>13-01-22 18:45:23:571</time></pt><pt><x>326</x><y>124</y><time>13-01-22 18:45:23:867</time></pt><pt><x>289</x><y>99</y><time>13-01-22 18:45:25:337</time></pt><pt><x>267</x><y>92</y><time>13-01-22 18:45:25:920</time></pt><pt><x>245</x><y>80</y><time>13-01-22 18:45:26:506</time></pt><closed_date>13-01-22 18:45:26:952</closed_date></polygon></object><object><name>restoration</name><deleted>0</deleted><verified>0</verified><occluded>no</occluded><attributes /><parts><hasparts /><ispartof>1</ispartof></parts><date>13-01-22 18:45:45:430</date><id>10</id><polygon><username>anonymous</username><pt><x>422</x><y>169</y><time>13-01-22 18:45:32:229</time></pt><pt><x>451</x><y>159</y><time>13-01-22 18:45:32:760</time></pt><pt><x>471</x><y>139</y><time>13-01-22 18:45:33:184</time></pt><pt><x>494</x><y>127</y><time>13-01-22 18:45:33:551</time></pt><pt><x>516</x><y>124</y><time>13-01-22 18:45:33:997</time></pt><pt><x>576</x><y>125</y><time>13-01-22 18:45:34:449</time></pt><pt><x>601</x><y>152</y><time>13-01-22 18:45:35:130</time></pt><pt><x>618</x><y>179</y><time>13-01-22 18:45:35:568</time></pt><pt><x>624</x><y>194</y><time>13-01-22 18:45:35:931</time></pt><pt><x>634</x><y>184</y><time>13-01-22 18:45:36:447</time></pt><pt><x>639</x><y>184</y><time>13-01-22 18:45:36:765</time></pt><pt><x>641</x><y>205</y><time>13-01-22 18:45:37:135</time></pt><pt><x>641</x><y>237</y><time>13-01-22 18:45:37:455</time></pt><pt><x>634</x><y>264</y><time>13-01-22 18:45:37:734</time></pt><pt><x>628</x><y>286</y><time>13-01-22 18:45:38:012</time></pt><pt><x>616</x><y>306</y><time>13-01-22 18:45:38:313</time></pt><pt><x>594</x><y>291</y><time>13-01-22 18:45:39:035</time></pt><pt><x>576</x><y>280</y><time>13-01-22 18:45:39:419</time></pt><pt><x>556</x><y>282</y><time>13-01-22 18:45:39:705</time></pt><pt><x>526</x><y>286</y><time>13-01-22 18:45:40:024</time></pt><pt><x>499</x><y>280</y><time>13-01-22 18:45:40:347</time></pt><pt><x>483</x><y>264</y><time>13-01-22 18:45:40:609</time></pt><pt><x>467</x><y>247</y><time>13-01-22 18:45:40:876</time></pt><pt><x>452</x><y>230</y><time>13-01-22 18:45:41:097</time></pt><pt><x>437</x><y>217</y><time>13-01-22 18:45:41:347</time></pt><pt><x>424</x><y>212</y><time>13-01-22 18:45:41:591</time></pt><pt><x>421</x><y>192</y><time>13-01-22 18:45:41:814</time></pt><closed_date>13-01-22 18:45:42:057</closed_date></polygon></object><object><name>restoration</name><deleted>0</deleted><verified>0</verified><occluded>no</occluded><attributes /><parts><hasparts /><ispartof>2</ispartof></parts><date>13-01-22 18:46:06:974</date><id>11</id><polygon><username>anonymous</username><pt><x>686</x><y>197</y><time>13-01-22 18:45:46:728</time></pt><pt><x>701</x><y>162</y><time>13-01-22 18:45:47:241</time></pt><pt><x>716</x><y>150</y><time>13-01-22 18:45:47:610</time></pt><pt><x>730</x><y>134</y><time>13-01-22 18:45:47:949</time></pt><pt><x>741</x><y>114</y><time>13-01-22 18:45:48:285</time></pt><pt><x>758</x><y>100</y><time>13-01-22 18:45:48:589</time></pt><pt><x>786</x><y>92</y><time>13-01-22 18:45:48:928</time></pt><pt><x>825</x><y>88</y><time>13-01-22 18:45:49:558</time></pt><pt><x>846</x><y>97</y><time>13-01-22 18:45:49:892</time></pt><pt><x>860</x><y>114</y><time>13-01-22 18:45:50:207</time></pt><pt><x>870</x><y>130</y><time>13-01-22 18:45:50:520</time></pt><pt><x>870</x><y>154</y><time>13-01-22 18:45:50:831</time></pt><pt><x>865</x><y>180</y><time>13-01-22 18:45:51:165</time></pt><pt><x>840</x><y>199</y><time>13-01-22 18:45:51:475</time></pt><pt><x>823</x><y>212</y><time>13-01-22 18:45:51:751</time></pt><pt><x>808</x><y>227</y><time>13-01-22 18:45:52:060</time></pt><pt><x>803</x><y>237</y><time>13-01-22 18:45:52:379</time></pt><pt><x>805</x><y>250</y><time>13-01-22 18:45:52:638</time></pt><pt><x>810</x><y>264</y><time>13-01-22 18:45:52:934</time></pt><pt><x>816</x><y>269</y><time>13-01-22 18:45:53:199</time></pt><pt><x>821</x><y>282</y><time>13-01-22 18:45:53:530</time></pt><pt><x>835</x><y>277</y><time>13-01-22 18:45:53:938</time></pt><pt><x>843</x><y>262</y><time>13-01-22 18:45:54:215</time></pt><pt><x>846</x><y>245</y><time>13-01-22 18:45:54:438</time></pt><pt><x>850</x><y>224</y><time>13-01-22 18:45:54:696</time></pt><pt><x>867</x><y>212</y><time>13-01-22 18:45:54:961</time></pt><pt><x>888</x><y>212</y><time>13-01-22 18:45:55:242</time></pt><pt><x>905</x><y>225</y><time>13-01-22 18:45:55:507</time></pt><pt><x>912</x><y>279</y><time>13-01-22 18:45:55:859</time></pt><pt><x>907</x><y>321</y><time>13-01-22 18:45:56:426</time></pt><pt><x>873</x><y>326</y><time>13-01-22 18:45:56:799</time></pt><pt><x>853</x><y>332</y><time>13-01-22 18:45:57:113</time></pt><pt><x>828</x><y>339</y><time>13-01-22 18:45:57:430</time></pt><pt><x>806</x><y>339</y><time>13-01-22 18:45:57:733</time></pt><pt><x>795</x><y>346</y><time>13-01-22 18:45:58:020</time></pt><pt><x>793</x><y>359</y><time>13-01-22 18:45:58:296</time></pt><pt><x>791</x><y>371</y><time>13-01-22 18:45:58:604</time></pt><pt><x>768</x><y>376</y><time>13-01-22 18:45:58:905</time></pt><pt><x>748</x><y>372</y><time>13-01-22 18:45:59:196</time></pt><pt><x>731</x><y>352</y><time>13-01-22 18:45:59:753</time></pt><pt><x>720</x><y>364</y><time>13-01-22 18:46:00:234</time></pt><pt><x>696</x><y>352</y><time>13-01-22 18:46:00:638</time></pt><pt><x>685</x><y>346</y><time>13-01-22 18:46:00:916</time></pt><pt><x>670</x><y>341</y><time>13-01-22 18:46:01:194</time></pt><pt><x>653</x><y>321</y><time>13-01-22 18:46:01:488</time></pt><pt><x>644</x><y>314</y><time>13-01-22 18:46:01:723</time></pt><pt><x>639</x><y>294</y><time>13-01-22 18:46:02:001</time></pt><pt><x>639</x><y>262</y><time>13-01-22 18:46:02:254</time></pt><pt><x>636</x><y>219</y><time>13-01-22 18:46:02:561</time></pt><pt><x>653</x><y>192</y><time>13-01-22 18:46:02:874</time></pt><closed_date>13-01-22 18:46:03:270</closed_date></polygon></object><object><name>root canal treatment</name><deleted>0</deleted><verified>0</verified><occluded>no</occluded><attributes /><parts><hasparts /><ispartof>2</ispartof></parts><date>13-01-22 18:46:23:790</date><id>12</id><polygon><username>anonymous</username><pt><x>730</x><y>100</y><time>13-01-22 18:46:09:359</time></pt><pt><x>700</x><y>13</y><time>13-01-22 18:46:10:163</time></pt><pt><x>720</x><y>5</y><time>13-01-22 18:46:10:729</time></pt><pt><x>763</x><y>77</y><time>13-01-22 18:46:11:440</time></pt><pt><x>783</x><y>67</y><time>13-01-22 18:46:11:921</time></pt><pt><x>778</x><y>15</y><time>13-01-22 18:46:12:845</time></pt><pt><x>808</x><y>5</y><time>13-01-22 18:46:13:592</time></pt><pt><x>820</x><y>23</y><time>13-01-22 18:46:14:240</time></pt><pt><x>820</x><y>50</y><time>13-01-22 18:46:14:644</time></pt><pt><x>820</x><y>67</y><time>13-01-22 18:46:14:996</time></pt><pt><x>830</x><y>70</y><time>13-01-22 18:46:15:472</time></pt><pt><x>841</x><y>30</y><time>13-01-22 18:46:15:946</time></pt><pt><x>855</x><y>5</y><time>13-01-22 18:46:16:419</time></pt><pt><x>867</x><y>3</y><time>13-01-22 18:46:16:927</time></pt><pt><x>872</x><y>10</y><time>13-01-22 18:46:17:303</time></pt><pt><x>858</x><y>50</y><time>13-01-22 18:46:17:699</time></pt><pt><x>848</x><y>80</y><time>13-01-22 18:46:18:062</time></pt><pt><x>843</x><y>97</y><time>13-01-22 18:46:18:369</time></pt><pt><x>823</x><y>87</y><time>13-01-22 18:46:18:822</time></pt><pt><x>805</x><y>90</y><time>13-01-22 18:46:19:126</time></pt><pt><x>770</x><y>100</y><time>13-01-22 18:46:19:491</time></pt><pt><x>750</x><y>110</y><time>13-01-22 18:46:19:772</time></pt><pt><x>728</x><y>117</y><time>13-01-22 18:46:20:026</time></pt><closed_date>13-01-22 18:46:20:388</closed_date></polygon></object><object><name>restoration</name><deleted>0</deleted><verified>0</verified><occluded>no</occluded><attributes /><parts><hasparts /><ispartof>3</ispartof></parts><date>13-01-22 18:46:37:179</date><id>13</id><polygon><username>anonymous</username><pt><x>937</x><y>222</y><time>13-01-22 18:46:26:852</time></pt><pt><x>955</x><y>227</y><time>13-01-22 18:46:27:384</time></pt><pt><x>973</x><y>227</y><time>13-01-22 18:46:27:740</time></pt><pt><x>980</x><y>234</y><time>13-01-22 18:46:28:054</time></pt><pt><x>987</x><y>245</y><time>13-01-22 18:46:28:327</time></pt><pt><x>995</x><y>255</y><time>13-01-22 18:46:28:612</time></pt><pt><x>1010</x><y>262</y><time>13-01-22 18:46:28:883</time></pt><pt><x>1027</x><y>264</y><time>13-01-22 18:46:29:173</time></pt><pt><x>1043</x><y>267</y><time>13-01-22 18:46:29:495</time></pt><pt><x>1060</x><y>277</y><time>13-01-22 18:46:29:779</time></pt><pt><x>1065</x><y>287</y><time>13-01-22 18:46:30:067</time></pt><pt><x>1072</x><y>304</y><time>13-01-22 18:46:30:329</time></pt><pt><x>1084</x><y>321</y><time>13-01-22 18:46:30:622</time></pt><pt><x>1085</x><y>334</y><time>13-01-22 18:46:30:986</time></pt><pt><x>1067</x><y>347</y><time>13-01-22 18:46:31:345</time></pt><pt><x>1043</x><y>357</y><time>13-01-22 18:46:31:655</time></pt><pt><x>1022</x><y>357</y><time>13-01-22 18:46:31:958</time></pt><pt><x>1003</x><y>354</y><time>13-01-22 18:46:32:252</time></pt><pt><x>982</x><y>344</y><time>13-01-22 18:46:32:519</time></pt><pt><x>967</x><y>339</y><time>13-01-22 18:46:32:790</time></pt><pt><x>933</x><y>329</y><time>13-01-22 18:46:33:164</time></pt><pt><x>923</x><y>319</y><time>13-01-22 18:46:33:452</time></pt><pt><x>920</x><y>297</y><time>13-01-22 18:46:33:696</time></pt><pt><x>920</x><y>275</y><time>13-01-22 18:46:33:974</time></pt><pt><x>922</x><y>240</y><time>13-01-22 18:46:34:257</time></pt><closed_date>13-01-22 18:46:34:479</closed_date></polygon></object><object><name>restoration</name><deleted>0</deleted><verified>0</verified><occluded>no</occluded><attributes /><parts><hasparts /><ispartof>4</ispartof></parts><date>13-01-22 18:46:49:382</date><id>14</id><polygon><username>anonymous</username><pt><x>1130</x><y>260</y><time>13-01-22 18:46:39:973</time></pt><pt><x>1159</x><y>262</y><time>13-01-22 18:46:40:644</time></pt><pt><x>1174</x><y>306</y><time>13-01-22 18:46:41:146</time></pt><pt><x>1185</x><y>317</y><time>13-01-22 18:46:41:606</time></pt><pt><x>1204</x><y>322</y><time>13-01-22 18:46:41:954</time></pt><pt><x>1214</x><y>329</y><time>13-01-22 18:46:42:238</time></pt><pt><x>1217</x><y>376</y><time>13-01-22 18:46:42:859</time></pt><pt><x>1217</x><y>389</y><time>13-01-22 18:46:43:336</time></pt><pt><x>1200</x><y>389</y><time>13-01-22 18:46:43:757</time></pt><pt><x>1179</x><y>374</y><time>13-01-22 18:46:44:093</time></pt><pt><x>1165</x><y>371</y><time>13-01-22 18:46:44:331</time></pt><pt><x>1152</x><y>372</y><time>13-01-22 18:46:44:596</time></pt><pt><x>1134</x><y>372</y><time>13-01-22 18:46:44:873</time></pt><pt><x>1120</x><y>357</y><time>13-01-22 18:46:45:090</time></pt><pt><x>1117</x><y>339</y><time>13-01-22 18:46:45:332</time></pt><pt><x>1117</x><y>316</y><time>13-01-22 18:46:45:556</time></pt><pt><x>1117</x><y>291</y><time>13-01-22 18:46:45:772</time></pt><pt><x>1117</x><y>265</y><time>13-01-22 18:46:45:990</time></pt><closed_date>13-01-22 18:46:46:218</closed_date></polygon></object><object><name>restoration</name><deleted>0</deleted><verified>0</verified><occluded>no</occluded><attributes /><parts><hasparts /><ispartof>5</ispartof></parts><date>13-01-22 18:47:00:193</date><id>15</id><polygon><username>anonymous</username><pt><x>1050</x><y>598</y><time>13-01-22 18:46:50:122</time></pt><pt><x>1099</x><y>594</y><time>13-01-22 18:46:50:940</time></pt><pt><x>1135</x><y>611</y><time>13-01-22 18:46:51:401</time></pt><pt><x>1164</x><y>621</y><time>13-01-22 18:46:51:860</time></pt><pt><x>1182</x><y>614</y><time>13-01-22 18:46:52:223</time></pt><pt><x>1187</x><y>593</y><time>13-01-22 18:46:52:565</time></pt><pt><x>1187</x><y>578</y><time>13-01-22 18:46:52:842</time></pt><pt><x>1194</x><y>566</y><time>13-01-22 18:46:53:106</time></pt><pt><x>1200</x><y>554</y><time>13-01-22 18:46:53:406</time></pt><pt><x>1190</x><y>538</y><time>13-01-22 18:46:53:700</time></pt><pt><x>1182</x><y>533</y><time>13-01-22 18:46:54:050</time></pt><pt><x>1164</x><y>534</y><time>13-01-22 18:46:54:291</time></pt><pt><x>1145</x><y>534</y><time>13-01-22 18:46:54:537</time></pt><pt><x>1132</x><y>534</y><time>13-01-22 18:46:54:795</time></pt><pt><x>1115</x><y>529</y><time>13-01-22 18:46:55:073</time></pt><pt><x>1099</x><y>533</y><time>13-01-22 18:46:55:337</time></pt><pt><x>1074</x><y>536</y><time>13-01-22 18:46:55:732</time></pt><pt><x>1062</x><y>536</y><time>13-01-22 18:46:56:026</time></pt><pt><x>1055</x><y>554</y><time>13-01-22 18:46:56:279</time></pt><pt><x>1055</x><y>581</y><time>13-01-22 18:46:56:575</time></pt><closed_date>13-01-22 18:46:56:850</closed_date></polygon></object><object><name>restoration</name><deleted>0</deleted><verified>0</verified><occluded>no</occluded><attributes /><parts><hasparts /><ispartof>6</ispartof></parts><date>13-01-22 18:47:09:641</date><id>16</id><polygon><username>anonymous</username><pt><x>818</x><y>586</y><time>13-01-22 18:47:02:246</time></pt><pt><x>845</x><y>613</y><time>13-01-22 18:47:03:015</time></pt><pt><x>846</x><y>626</y><time>13-01-22 18:47:03:378</time></pt><pt><x>890</x><y>611</y><time>13-01-22 18:47:04:069</time></pt><pt><x>897</x><y>571</y><time>13-01-22 18:47:04:667</time></pt><pt><x>898</x><y>536</y><time>13-01-22 18:47:05:090</time></pt><pt><x>892</x><y>526</y><time>13-01-22 18:47:05:553</time></pt><pt><x>877</x><y>528</y><time>13-01-22 18:47:05:839</time></pt><pt><x>860</x><y>528</y><time>13-01-22 18:47:06:107</time></pt><pt><x>841</x><y>536</y><time>13-01-22 18:47:06:330</time></pt><pt><x>831</x><y>548</y><time>13-01-22 18:47:06:560</time></pt><pt><x>823</x><y>569</y><time>13-01-22 18:47:06:806</time></pt><closed_date>13-01-22 18:47:07:022</closed_date></polygon></object><object><name>restoration</name><deleted>0</deleted><verified>0</verified><occluded>no</occluded><attributes /><parts><hasparts /><ispartof>7</ispartof></parts><date>13-01-22 18:47:24:517</date><id>17</id><polygon><username>anonymous</username><pt><x>321</x><y>504</y><time>13-01-22 18:47:10:814</time></pt><pt><x>339</x><y>543</y><time>13-01-22 18:47:11:344</time></pt><pt><x>354</x><y>553</y><time>13-01-22 18:47:11:722</time></pt><pt><x>366</x><y>551</y><time>13-01-22 18:47:12:029</time></pt><pt><x>372</x><y>541</y><time>13-01-22 18:47:12:279</time></pt><pt><x>392</x><y>521</y><time>13-01-22 18:47:12:698</time></pt><pt><x>401</x><y>519</y><time>13-01-22 18:47:12:939</time></pt><pt><x>409</x><y>526</y><time>13-01-22 18:47:13:214</time></pt><pt><x>422</x><y>554</y><time>13-01-22 18:47:13:464</time></pt><pt><x>429</x><y>573</y><time>13-01-22 18:47:13:701</time></pt><pt><x>439</x><y>588</y><time>13-01-22 18:47:13:932</time></pt><pt><x>459</x><y>596</y><time>13-01-22 18:47:14:173</time></pt><pt><x>499</x><y>616</y><time>13-01-22 18:47:14:447</time></pt><pt><x>524</x><y>628</y><time>13-01-22 18:47:14:711</time></pt><pt><x>543</x><y>631</y><time>13-01-22 18:47:14:973</time></pt><pt><x>561</x><y>623</y><time>13-01-22 18:47:15:224</time></pt><pt><x>588</x><y>606</y><time>13-01-22 18:47:15:513</time></pt><pt><x>609</x><y>596</y><time>13-01-22 18:47:15:803</time></pt><pt><x>619</x><y>598</y><time>13-01-22 18:47:16:112</time></pt><pt><x>626</x><y>588</y><time>13-01-22 18:47:16:418</time></pt><pt><x>619</x><y>544</y><time>13-01-22 18:47:16:899</time></pt><pt><x>598</x><y>519</y><time>13-01-22 18:47:17:331</time></pt><pt><x>576</x><y>506</y><time>13-01-22 18:47:17:620</time></pt><pt><x>539</x><y>481</y><time>13-01-22 18:47:18:073</time></pt><pt><x>516</x><y>464</y><time>13-01-22 18:47:18:445</time></pt><pt><x>476</x><y>437</y><time>13-01-22 18:47:18:773</time></pt><pt><x>461</x><y>424</y><time>13-01-22 18:47:19:048</time></pt><pt><x>442</x><y>411</y><time>13-01-22 18:47:19:340</time></pt><pt><x>419</x><y>394</y><time>13-01-22 18:47:19:629</time></pt><pt><x>406</x><y>394</y><time>13-01-22 18:47:19:901</time></pt><pt><x>392</x><y>401</y><time>13-01-22 18:47:21:138</time></pt><pt><x>376</x><y>426</y><time>13-01-22 18:47:21:419</time></pt><pt><x>361</x><y>456</y><time>13-01-22 18:47:21:718</time></pt><pt><x>334</x><y>486</y><time>13-01-22 18:47:22:053</time></pt><closed_date>13-01-22 18:47:22:272</closed_date></polygon></object><object><name>restoration</name><deleted>0</deleted><verified>0</verified><occluded>no</occluded><attributes /><parts><hasparts /><ispartof>8</ispartof></parts><date>13-01-22 18:47:44:216</date><id>18</id><polygon><username>anonymous</username><pt><x>175</x><y>247</y><time>13-01-22 18:47:25:675</time></pt><pt><x>137</x><y>284</y><time>13-01-22 18:47:29:931</time></pt><pt><x>140</x><y>299</y><time>13-01-22 18:47:30:453</time></pt><pt><x>154</x><y>311</y><time>13-01-22 18:47:30:900</time></pt><pt><x>172</x><y>321</y><time>13-01-22 18:47:31:197</time></pt><pt><x>189</x><y>346</y><time>13-01-22 18:47:31:513</time></pt><pt><x>222</x><y>364</y><time>13-01-22 18:47:32:020</time></pt><pt><x>247</x><y>376</y><time>13-01-22 18:47:32:420</time></pt><pt><x>277</x><y>391</y><time>13-01-22 18:47:32:773</time></pt><pt><x>336</x><y>412</y><time>13-01-22 18:47:33:101</time></pt><pt><x>352</x><y>401</y><time>13-01-22 18:47:33:885</time></pt><pt><x>354</x><y>357</y><time>13-01-22 18:47:34:326</time></pt><pt><x>347</x><y>346</y><time>13-01-22 18:47:34:694</time></pt><pt><x>317</x><y>329</y><time>13-01-22 18:47:35:021</time></pt><pt><x>299</x><y>317</y><time>13-01-22 18:47:35:265</time></pt><pt><x>272</x><y>314</y><time>13-01-22 18:47:35:510</time></pt><pt><x>262</x><y>312</y><time>13-01-22 18:47:35:724</time></pt><pt><x>257</x><y>301</y><time>13-01-22 18:47:35:969</time></pt><pt><x>250</x><y>294</y><time>13-01-22 18:47:36:205</time></pt><pt><x>244</x><y>292</y><time>13-01-22 18:47:36:328</time></pt><pt><x>210</x><y>269</y><time>13-01-22 18:47:36:884</time></pt><pt><x>202</x><y>269</y><time>13-01-22 18:47:37:132</time></pt><pt><x>194</x><y>255</y><time>13-01-22 18:47:37:462</time></pt><closed_date>13-01-22 18:47:37:739</closed_date></polygon></object><imagesize><nrows /><ncols /></imagesize></annotation>