<?xml version='1.0' encoding='UTF-8'?>
<annotation><filename>113.jpg</filename><folder>segmentation_xray</folder><source><sourceImage>The MIT-CSAIL database of objects and scenes</sourceImage><sourceAnnotation>LabelMe Webtool</sourceAnnotation></source><object><name>tooth 27</name><deleted>0</deleted><verified>0</verified><occluded>no</occluded><attributes /><parts><hasparts /><ispartof /></parts><date>13-01-22 11:15:23:611</date><id>0</id><type>bounding_box</type><polygon><username>anonymous</username><pt><x>803</x><y>310</y><time>13-01-22 11:15:15:258</time></pt><pt><x>1130</x><y>310</y><time>13-01-22 11:15:18:890</time></pt><pt><x>1130</x><y>4</y><time>undefined</time></pt><pt><x>803</x><y>4</y><time>undefined</time></pt><closed_date>13-01-22 11:15:18:890</closed_date></polygon></object><object><name>tooth 26</name><deleted>0</deleted><verified>0</verified><occluded>no</occluded><attributes /><parts><hasparts>9</hasparts><ispartof /></parts><date>13-01-22 11:15:31:733</date><id>1</id><type>bounding_box</type><polygon><username>anonymous</username><pt><x>518</x><y>382</y><time>13-01-22 11:15:26:391</time></pt><pt><x>842</x><y>382</y><time>13-01-22 11:15:28:932</time></pt><pt><x>842</x><y>4</y><time>undefined</time></pt><pt><x>518</x><y>4</y><time>undefined</time></pt><closed_date>13-01-22 11:15:28:932</closed_date></polygon></object><object><name>tooth 25</name><deleted>0</deleted><verified>0</verified><occluded>no</occluded><attributes /><parts><hasparts /><ispartof /></parts><date>13-01-22 11:15:40:907</date><id>2</id><type>bounding_box</type><polygon><username>anonymous</username><pt><x>269</x><y>352</y><time>13-01-22 11:15:34:360</time></pt><pt><x>520</x><y>352</y><time>13-01-22 11:15:36:814</time></pt><pt><x>520</x><y>2</y><time>undefined</time></pt><pt><x>269</x><y>2</y><time>undefined</time></pt><closed_date>13-01-22 11:15:36:815</closed_date></polygon></object><object><name>tooth 24</name><deleted>0</deleted><verified>0</verified><occluded>no</occluded><attributes /><parts><hasparts /><ispartof /></parts><date>13-01-22 11:15:47:308</date><id>3</id><type>bounding_box</type><polygon><username>anonymous</username><pt><x>46</x><y>343</y><time>13-01-22 11:15:43:157</time></pt><pt><x>306</x><y>343</y><time>13-01-22 11:15:44:540</time></pt><pt><x>306</x><y>0</y><time>undefined</time></pt><pt><x>46</x><y>0</y><time>undefined</time></pt><closed_date>13-01-22 11:15:44:541</closed_date></polygon></object><object><name>tooth 38</name><deleted>0</deleted><verified>0</verified><occluded>no</occluded><attributes /><parts><hasparts /><ispartof /></parts><date>13-01-22 11:15:56:588</date><id>4</id><type>bounding_box</type><polygon><username>anonymous</username><pt><x>1146</x><y>646</y><time>13-01-22 11:15:49:710</time></pt><pt><x>1215</x><y>646</y><time>13-01-22 11:15:51:465</time></pt><pt><x>1215</x><y>828</y><time>undefined</time></pt><pt><x>1146</x><y>828</y><time>undefined</time></pt><closed_date>13-01-22 11:15:51:465</closed_date></polygon></object><object><name>tooth 37</name><deleted>0</deleted><verified>0</verified><occluded>no</occluded><attributes /><parts><hasparts /><ispartof /></parts><date>13-01-22 11:16:10:210</date><id>5</id><type>bounding_box</type><polygon><username>anonymous</username><pt><x>805</x><y>393</y><time>13-01-22 11:15:59:228</time></pt><pt><x>1159</x><y>393</y><time>13-01-22 11:16:01:840</time></pt><pt><x>1159</x><y>946</y><time>undefined</time></pt><pt><x>805</x><y>946</y><time>undefined</time></pt><closed_date>13-01-22 11:16:01:840</closed_date></polygon></object><object><name>tooth 36</name><deleted>0</deleted><verified>0</verified><occluded>no</occluded><attributes /><parts><hasparts /><ispartof /></parts><date>13-01-22 11:16:18:570</date><id>6</id><type>bounding_box</type><polygon><username>anonymous</username><pt><x>462</x><y>430</y><time>13-01-22 11:16:11:963</time></pt><pt><x>817</x><y>430</y><time>13-01-22 11:16:14:704</time></pt><pt><x>817</x><y>946</y><time>undefined</time></pt><pt><x>462</x><y>946</y><time>undefined</time></pt><closed_date>13-01-22 11:16:14:705</closed_date></polygon></object><object><name>tooth 35</name><deleted>0</deleted><verified>0</verified><occluded>no</occluded><attributes /><parts><hasparts /><ispartof /></parts><date>13-01-22 11:16:27:707</date><id>7</id><type>bounding_box</type><polygon><username>anonymous</username><pt><x>191</x><y>414</y><time>13-01-22 11:16:20:486</time></pt><pt><x>460</x><y>414</y><time>13-01-22 11:16:24:184</time></pt><pt><x>460</x><y>946</y><time>undefined</time></pt><pt><x>191</x><y>946</y><time>undefined</time></pt><closed_date>13-01-22 11:16:24:184</closed_date></polygon></object><object><name>tooth 34</name><deleted>0</deleted><verified>0</verified><occluded>no</occluded><attributes /><parts><hasparts /><ispartof /></parts><date>13-01-22 11:16:37:598</date><id>8</id><type>bounding_box</type><polygon><username>anonymous</username><pt><x>0</x><y>373</y><time>13-01-22 11:16:30:894</time></pt><pt><x>205</x><y>373</y><time>13-01-22 11:16:33:235</time></pt><pt><x>205</x><y>945</y><time>undefined</time></pt><pt><x>0</x><y>945</y><time>undefined</time></pt><closed_date>13-01-22 11:16:33:236</closed_date></polygon></object><object><name>restoration</name><deleted>0</deleted><verified>0</verified><occluded>no</occluded><attributes /><parts><hasparts /><ispartof>1</ispartof></parts><date>13-01-22 11:17:15:468</date><id>9</id><polygon><username>anonymous</username><pt><x>639</x><y>255</y><time>13-01-22 11:17:02:733</time></pt><pt><x>614</x><y>219</y><time>13-01-22 11:17:03:475</time></pt><pt><x>589</x><y>211</y><time>13-01-22 11:17:05:023</time></pt><pt><x>584</x><y>191</y><time>13-01-22 11:17:05:836</time></pt><pt><x>566</x><y>196</y><time>13-01-22 11:17:06:407</time></pt><pt><x>525</x><y>214</y><time>13-01-22 11:17:07:023</time></pt><pt><x>522</x><y>249</y><time>13-01-22 11:17:07:792</time></pt><pt><x>515</x><y>262</y><time>13-01-22 11:17:08:390</time></pt><pt><x>524</x><y>278</y><time>13-01-22 11:17:09:033</time></pt><pt><x>559</x><y>278</y><time>13-01-22 11:17:09:563</time></pt><pt><x>587</x><y>283</y><time>13-01-22 11:17:10:255</time></pt><pt><x>612</x><y>295</y><time>13-01-22 11:17:11:046</time></pt><pt><x>639</x><y>285</y><time>13-01-22 11:17:11:655</time></pt><pt><x>646</x><y>276</y><time>13-01-22 11:17:12:289</time></pt><closed_date>13-01-22 11:17:13:060</closed_date></polygon></object><imagesize><nrows /><ncols /></imagesize></annotation>