<?xml version='1.0' encoding='UTF-8'?>
<annotation><filename>114.jpg</filename><folder>segmentation_xray</folder><source><sourceImage>The MIT-CSAIL database of objects and scenes</sourceImage><sourceAnnotation>LabelMe Webtool</sourceAnnotation></source><object><name>tooth 37</name><deleted>0</deleted><verified>0</verified><occluded>no</occluded><attributes /><parts><hasparts>9</hasparts><ispartof /></parts><date>11-01-22 16:21:12:210</date><id>0</id><type>bounding_box</type><polygon><username>anonymous</username><pt><x>506</x><y>315</y><time>11-01-22 16:21:03:023</time></pt><pt><x>913</x><y>315</y><time>11-01-22 16:21:06:717</time></pt><pt><x>913</x><y>945</y><time>undefined</time></pt><pt><x>506</x><y>945</y><time>undefined</time></pt><closed_date>11-01-22 16:21:06:718</closed_date></polygon></object><object><name>tooth 36</name><deleted>0</deleted><verified>0</verified><occluded>no</occluded><attributes /><parts><hasparts>10</hasparts><ispartof /></parts><date>11-01-22 16:21:24:831</date><id>1</id><type>bounding_box</type><polygon><username>anonymous</username><pt><x>157</x><y>361</y><time>11-01-22 16:21:13:662</time></pt><pt><x>575</x><y>361</y><time>11-01-22 16:21:21:950</time></pt><pt><x>575</x><y>943</y><time>undefined</time></pt><pt><x>157</x><y>943</y><time>undefined</time></pt><closed_date>11-01-22 16:21:21:950</closed_date></polygon></object><object><name>tooth 35</name><deleted>0</deleted><verified>0</verified><occluded>no</occluded><attributes /><parts><hasparts>11</hasparts><ispartof /></parts><date>11-01-22 16:21:33:314</date><id>2</id><type>bounding_box</type><polygon><username>anonymous</username><pt><x>0</x><y>370</y><time>11-01-22 16:21:27:935</time></pt><pt><x>205</x><y>370</y><time>11-01-22 16:21:30:123</time></pt><pt><x>205</x><y>948</y><time>undefined</time></pt><pt><x>0</x><y>948</y><time>undefined</time></pt><closed_date>11-01-22 16:21:30:124</closed_date></polygon></object><object><name>tooth 27</name><deleted>0</deleted><verified>0</verified><occluded>no</occluded><attributes /><parts><hasparts>6</hasparts><ispartof /></parts><date>11-01-22 16:21:41:142</date><id>3</id><type>bounding_box</type><polygon><username>anonymous</username><pt><x>494</x><y>262</y><time>11-01-22 16:21:35:103</time></pt><pt><x>796</x><y>262</y><time>11-01-22 16:21:38:030</time></pt><pt><x>796</x><y>4</y><time>undefined</time></pt><pt><x>494</x><y>4</y><time>undefined</time></pt><closed_date>11-01-22 16:21:38:031</closed_date></polygon></object><object><name>tooth 26</name><deleted>0</deleted><verified>0</verified><occluded>no</occluded><attributes /><parts><hasparts>7</hasparts><ispartof /></parts><date>11-01-22 16:21:47:974</date><id>4</id><type>bounding_box</type><polygon><username>anonymous</username><pt><x>207</x><y>295</y><time>11-01-22 16:21:42:944</time></pt><pt><x>506</x><y>295</y><time>11-01-22 16:21:44:657</time></pt><pt><x>506</x><y>4</y><time>undefined</time></pt><pt><x>207</x><y>4</y><time>undefined</time></pt><closed_date>11-01-22 16:21:44:657</closed_date></polygon></object><object><name>tooth 25</name><deleted>0</deleted><verified>0</verified><occluded>no</occluded><attributes /><parts><hasparts>8</hasparts><ispartof /></parts><date>11-01-22 16:21:56:954</date><id>5</id><type>bounding_box</type><polygon><username>anonymous</username><pt><x>4</x><y>299</y><time>11-01-22 16:21:49:761</time></pt><pt><x>212</x><y>299</y><time>11-01-22 16:21:52:396</time></pt><pt><x>212</x><y>4</y><time>undefined</time></pt><pt><x>4</x><y>4</y><time>undefined</time></pt><closed_date>11-01-22 16:21:52:396</closed_date></polygon></object><object><name>restoration</name><deleted>0</deleted><verified>0</verified><occluded>no</occluded><attributes /><parts><hasparts /><ispartof>3</ispartof></parts><date>11-01-22 16:22:28:691</date><id>6</id><polygon><username>anonymous</username><pt><x>750</x><y>119</y><time>11-01-22 16:22:12:042</time></pt><pt><x>716</x><y>108</y><time>11-01-22 16:22:12:886</time></pt><pt><x>685</x><y>136</y><time>11-01-22 16:22:13:470</time></pt><pt><x>649</x><y>131</y><time>11-01-22 16:22:14:663</time></pt><pt><x>591</x><y>143</y><time>11-01-22 16:22:15:295</time></pt><pt><x>580</x><y>177</y><time>11-01-22 16:22:16:004</time></pt><pt><x>534</x><y>175</y><time>11-01-22 16:22:17:643</time></pt><pt><x>522</x><y>207</y><time>11-01-22 16:22:18:227</time></pt><pt><x>543</x><y>225</y><time>11-01-22 16:22:18:842</time></pt><pt><x>586</x><y>257</y><time>11-01-22 16:22:19:584</time></pt><pt><x>655</x><y>260</y><time>11-01-22 16:22:20:581</time></pt><pt><x>692</x><y>214</y><time>11-01-22 16:22:21:504</time></pt><pt><x>764</x><y>212</y><time>11-01-22 16:22:22:673</time></pt><pt><x>784</x><y>166</y><time>11-01-22 16:22:23:520</time></pt><pt><x>796</x><y>122</y><time>11-01-22 16:22:24:289</time></pt><closed_date>11-01-22 16:22:25:218</closed_date></polygon></object><object><name>restoration</name><deleted>0</deleted><verified>0</verified><occluded>no</occluded><attributes /><parts><hasparts /><ispartof>4</ispartof></parts><date>11-01-22 16:23:13:166</date><id>7</id><polygon><username>anonymous</username><pt><x>219</x><y>120</y><time>11-01-22 16:22:50:652</time></pt><pt><x>248</x><y>104</y><time>11-01-22 16:22:51:422</time></pt><pt><x>285</x><y>117</y><time>11-01-22 16:22:52:015</time></pt><pt><x>295</x><y>172</y><time>11-01-22 16:22:52:715</time></pt><pt><x>297</x><y>202</y><time>11-01-22 16:22:54:503</time></pt><pt><x>317</x><y>179</y><time>11-01-22 16:22:55:236</time></pt><pt><x>363</x><y>175</y><time>11-01-22 16:22:56:014</time></pt><pt><x>430</x><y>172</y><time>11-01-22 16:22:56:872</time></pt><pt><x>465</x><y>182</y><time>11-01-22 16:22:57:530</time></pt><pt><x>474</x><y>131</y><time>11-01-22 16:22:58:278</time></pt><pt><x>494</x><y>119</y><time>11-01-22 16:22:58:830</time></pt><pt><x>508</x><y>196</y><time>11-01-22 16:22:59:810</time></pt><pt><x>476</x><y>255</y><time>11-01-22 16:23:02:217</time></pt><pt><x>451</x><y>269</y><time>11-01-22 16:23:03:117</time></pt><pt><x>396</x><y>249</y><time>11-01-22 16:23:03:993</time></pt><pt><x>329</x><y>267</y><time>11-01-22 16:23:04:787</time></pt><pt><x>285</x><y>278</y><time>11-01-22 16:23:05:407</time></pt><pt><x>239</x><y>235</y><time>11-01-22 16:23:06:415</time></pt><pt><x>198</x><y>228</y><time>11-01-22 16:23:07:975</time></pt><pt><x>203</x><y>173</y><time>11-01-22 16:23:09:009</time></pt><closed_date>11-01-22 16:23:09:675</closed_date></polygon></object><object><name>restoration</name><deleted>0</deleted><verified>0</verified><occluded>no</occluded><attributes /><parts><hasparts /><ispartof>5</ispartof></parts><date>11-01-22 16:23:37:803</date><id>8</id><polygon><username>anonymous</username><pt><x>200</x><y>103</y><time>11-01-22 16:23:18:227</time></pt><pt><x>172</x><y>113</y><time>11-01-22 16:23:18:998</time></pt><pt><x>161</x><y>145</y><time>11-01-22 16:23:19:571</time></pt><pt><x>142</x><y>184</y><time>11-01-22 16:23:20:209</time></pt><pt><x>108</x><y>191</y><time>11-01-22 16:23:20:794</time></pt><pt><x>90</x><y>188</y><time>11-01-22 16:23:21:383</time></pt><pt><x>96</x><y>156</y><time>11-01-22 16:23:22:004</time></pt><pt><x>96</x><y>127</y><time>11-01-22 16:23:22:513</time></pt><pt><x>90</x><y>78</y><time>11-01-22 16:23:23:122</time></pt><pt><x>67</x><y>57</y><time>11-01-22 16:23:24:734</time></pt><pt><x>35</x><y>90</y><time>11-01-22 16:23:25:868</time></pt><pt><x>12</x><y>138</y><time>11-01-22 16:23:26:951</time></pt><pt><x>4</x><y>182</y><time>11-01-22 16:23:27:918</time></pt><pt><x>11</x><y>207</y><time>11-01-22 16:23:28:829</time></pt><pt><x>28</x><y>216</y><time>11-01-22 16:23:29:494</time></pt><pt><x>80</x><y>244</y><time>11-01-22 16:23:30:090</time></pt><pt><x>115</x><y>271</y><time>11-01-22 16:23:30:787</time></pt><pt><x>180</x><y>219</y><time>11-01-22 16:23:31:954</time></pt><pt><x>198</x><y>207</y><time>11-01-22 16:23:32:563</time></pt><closed_date>11-01-22 16:23:33:766</closed_date></polygon></object><object><name>restoration</name><deleted>0</deleted><verified>0</verified><occluded>no</occluded><attributes /><parts><hasparts /><ispartof>0</ispartof></parts><date>11-01-22 16:24:11:086</date><id>9</id><polygon><username>anonymous</username><pt><x>541</x><y>409</y><time>11-01-22 16:23:52:869</time></pt><pt><x>543</x><y>439</y><time>11-01-22 16:23:54:485</time></pt><pt><x>564</x><y>456</y><time>11-01-22 16:23:54:987</time></pt><pt><x>598</x><y>433</y><time>11-01-22 16:23:55:567</time></pt><pt><x>617</x><y>435</y><time>11-01-22 16:23:56:109</time></pt><pt><x>651</x><y>460</y><time>11-01-22 16:23:56:718</time></pt><pt><x>686</x><y>453</y><time>11-01-22 16:23:57:376</time></pt><pt><x>702</x><y>414</y><time>11-01-22 16:23:57:964</time></pt><pt><x>789</x><y>418</y><time>11-01-22 16:24:01:278</time></pt><pt><x>794</x><y>412</y><time>11-01-22 16:24:01:850</time></pt><pt><x>810</x><y>347</y><time>11-01-22 16:24:02:513</time></pt><pt><x>764</x><y>322</y><time>11-01-22 16:24:03:054</time></pt><pt><x>734</x><y>324</y><time>11-01-22 16:24:03:523</time></pt><pt><x>683</x><y>354</y><time>11-01-22 16:24:04:166</time></pt><pt><x>642</x><y>357</y><time>11-01-22 16:24:04:719</time></pt><pt><x>624</x><y>357</y><time>11-01-22 16:24:05:313</time></pt><pt><x>548</x><y>361</y><time>11-01-22 16:24:06:907</time></pt><closed_date>11-01-22 16:24:07:621</closed_date></polygon></object><object><name>restoration</name><deleted>0</deleted><verified>0</verified><occluded>no</occluded><attributes /><parts><hasparts /><ispartof>1</ispartof></parts><date>11-01-22 16:24:39:514</date><id>10</id><polygon><username>anonymous</username><pt><x>260</x><y>432</y><time>11-01-22 16:24:21:398</time></pt><pt><x>269</x><y>462</y><time>11-01-22 16:24:22:284</time></pt><pt><x>269</x><y>478</y><time>11-01-22 16:24:22:850</time></pt><pt><x>297</x><y>478</y><time>11-01-22 16:24:23:382</time></pt><pt><x>311</x><y>458</y><time>11-01-22 16:24:24:082</time></pt><pt><x>341</x><y>479</y><time>11-01-22 16:24:24:726</time></pt><pt><x>370</x><y>464</y><time>11-01-22 16:24:25:444</time></pt><pt><x>368</x><y>449</y><time>11-01-22 16:24:25:941</time></pt><pt><x>402</x><y>495</y><time>11-01-22 16:24:26:598</time></pt><pt><x>433</x><y>506</y><time>11-01-22 16:24:27:151</time></pt><pt><x>472</x><y>492</y><time>11-01-22 16:24:27:736</time></pt><pt><x>513</x><y>492</y><time>11-01-22 16:24:28:550</time></pt><pt><x>508</x><y>433</y><time>11-01-22 16:24:29:703</time></pt><pt><x>504</x><y>389</y><time>11-01-22 16:24:30:479</time></pt><pt><x>442</x><y>387</y><time>11-01-22 16:24:31:556</time></pt><pt><x>384</x><y>387</y><time>11-01-22 16:24:32:207</time></pt><pt><x>347</x><y>412</y><time>11-01-22 16:24:33:207</time></pt><pt><x>303</x><y>409</y><time>11-01-22 16:24:33:877</time></pt><pt><x>274</x><y>395</y><time>11-01-22 16:24:34:498</time></pt><pt><x>244</x><y>391</y><time>11-01-22 16:24:35:248</time></pt><pt><x>248</x><y>403</y><time>11-01-22 16:24:35:507</time></pt><closed_date>11-01-22 16:24:36:068</closed_date></polygon></object><object><name>restoration</name><deleted>0</deleted><verified>0</verified><occluded>no</occluded><attributes /><parts><hasparts /><ispartof>2</ispartof></parts><date>11-01-22 16:24:52:771</date><id>11</id><polygon><username>anonymous</username><pt><x>110</x><y>469</y><time>11-01-22 16:24:42:936</time></pt><pt><x>110</x><y>499</y><time>11-01-22 16:24:43:643</time></pt><pt><x>126</x><y>532</y><time>11-01-22 16:24:44:182</time></pt><pt><x>159</x><y>534</y><time>11-01-22 16:24:44:767</time></pt><pt><x>177</x><y>532</y><time>11-01-22 16:24:45:353</time></pt><pt><x>186</x><y>490</y><time>11-01-22 16:24:45:920</time></pt><pt><x>188</x><y>423</y><time>11-01-22 16:24:46:598</time></pt><pt><x>138</x><y>400</y><time>11-01-22 16:24:47:178</time></pt><pt><x>99</x><y>396</y><time>11-01-22 16:24:47:744</time></pt><pt><x>74</x><y>396</y><time>11-01-22 16:24:48:290</time></pt><pt><x>96</x><y>433</y><time>11-01-22 16:24:48:825</time></pt><closed_date>11-01-22 16:24:49:378</closed_date></polygon></object><imagesize><nrows /><ncols /></imagesize></annotation>