<?xml version='1.0' encoding='UTF-8'?>
<annotation><filename>119.jpg</filename><folder>segmentation_xray</folder><source><sourceImage>The MIT-CSAIL database of objects and scenes</sourceImage><sourceAnnotation>LabelMe Webtool</sourceAnnotation></source><object><name>tooth 27</name><deleted>0</deleted><verified>0</verified><occluded>no</occluded><attributes /><parts><hasparts>10</hasparts><ispartof /></parts><date>06-12-21 11:11:59:458</date><id>0</id><type>bounding_box</type><polygon><username>anonymous</username><pt><x>847</x><y>403</y><time>06-12-21 11:11:43:547</time></pt><pt><x>1168</x><y>403</y><time>06-12-21 11:11:46:453</time></pt><pt><x>1168</x><y>1</y><time>undefined</time></pt><pt><x>847</x><y>1</y><time>undefined</time></pt><closed_date>06-12-21 11:11:46:453</closed_date></polygon></object><object><name>tooth 26</name><deleted>0</deleted><verified>0</verified><occluded>no</occluded><attributes /><parts><hasparts>11</hasparts><ispartof /></parts><date>06-12-21 11:12:06:628</date><id>1</id><type>bounding_box</type><polygon><username>anonymous</username><pt><x>515</x><y>462</y><time>06-12-21 11:12:01:263</time></pt><pt><x>860</x><y>462</y><time>06-12-21 11:12:03:761</time></pt><pt><x>860</x><y>4</y><time>undefined</time></pt><pt><x>515</x><y>4</y><time>undefined</time></pt><closed_date>06-12-21 11:12:03:761</closed_date></polygon></object><object><name>tooth 25</name><deleted>0</deleted><verified>0</verified><occluded>no</occluded><attributes /><parts><hasparts>12,13</hasparts><ispartof /></parts><date>06-12-21 11:12:13:737</date><id>2</id><type>bounding_box</type><polygon><username>anonymous</username><pt><x>297</x><y>481</y><time>06-12-21 11:12:08:412</time></pt><pt><x>520</x><y>481</y><time>06-12-21 11:12:10:909</time></pt><pt><x>520</x><y>2</y><time>undefined</time></pt><pt><x>297</x><y>2</y><time>undefined</time></pt><closed_date>06-12-21 11:12:10:910</closed_date></polygon></object><object><name>tooth 24</name><deleted>0</deleted><verified>0</verified><occluded>no</occluded><attributes /><parts><hasparts /><ispartof /></parts><date>06-12-21 11:12:20:333</date><id>3</id><type>bounding_box</type><polygon><username>anonymous</username><pt><x>73</x><y>453</y><time>06-12-21 11:12:15:491</time></pt><pt><x>308</x><y>453</y><time>06-12-21 11:12:17:463</time></pt><pt><x>308</x><y>4</y><time>undefined</time></pt><pt><x>73</x><y>4</y><time>undefined</time></pt><closed_date>06-12-21 11:12:17:464</closed_date></polygon></object><object><name>tooth 23</name><deleted>0</deleted><verified>0</verified><occluded>no</occluded><attributes /><parts><hasparts /><ispartof /></parts><date>06-12-21 11:12:30:210</date><id>4</id><type>bounding_box</type><polygon><username>anonymous</username><pt><x>1</x><y>419</y><time>06-12-21 11:12:24:707</time></pt><pt><x>80</x><y>419</y><time>06-12-21 11:12:26:654</time></pt><pt><x>80</x><y>32</y><time>undefined</time></pt><pt><x>1</x><y>32</y><time>undefined</time></pt><closed_date>06-12-21 11:12:26:654</closed_date></polygon></object><object><name>tooth 37</name><deleted>0</deleted><verified>0</verified><occluded>no</occluded><attributes /><parts><hasparts>14</hasparts><ispartof /></parts><date>06-12-21 11:12:41:872</date><id>5</id><type>bounding_box</type><polygon><username>anonymous</username><pt><x>892</x><y>442</y><time>06-12-21 11:12:32:128</time></pt><pt><x>1217</x><y>442</y><time>06-12-21 11:12:34:837</time></pt><pt><x>1217</x><y>939</y><time>undefined</time></pt><pt><x>892</x><y>939</y><time>undefined</time></pt><closed_date>06-12-21 11:12:34:837</closed_date></polygon></object><object><name>tooth 36</name><deleted>0</deleted><verified>0</verified><occluded>no</occluded><attributes /><parts><hasparts>15,16,17</hasparts><ispartof /></parts><date>06-12-21 11:12:49:482</date><id>6</id><type>bounding_box</type><polygon><username>anonymous</username><pt><x>580</x><y>522</y><time>06-12-21 11:12:43:688</time></pt><pt><x>1012</x><y>522</y><time>06-12-21 11:12:46:353</time></pt><pt><x>1012</x><y>948</y><time>undefined</time></pt><pt><x>580</x><y>948</y><time>undefined</time></pt><closed_date>06-12-21 11:12:46:354</closed_date></polygon></object><object><name>tooth 35</name><deleted>0</deleted><verified>0</verified><occluded>no</occluded><attributes /><parts><hasparts>18</hasparts><ispartof /></parts><date>06-12-21 11:12:57:954</date><id>7</id><type>bounding_box</type><polygon><username>anonymous</username><pt><x>322</x><y>538</y><time>06-12-21 11:12:52:004</time></pt><pt><x>584</x><y>538</y><time>06-12-21 11:12:54:629</time></pt><pt><x>584</x><y>948</y><time>undefined</time></pt><pt><x>322</x><y>948</y><time>undefined</time></pt><closed_date>06-12-21 11:12:54:629</closed_date></polygon></object><object><name>tooth 34</name><deleted>0</deleted><verified>0</verified><occluded>no</occluded><attributes /><parts><hasparts>19</hasparts><ispartof /></parts><date>06-12-21 11:13:07:627</date><id>8</id><type>bounding_box</type><polygon><username>anonymous</username><pt><x>92</x><y>532</y><time>06-12-21 11:12:59:923</time></pt><pt><x>331</x><y>532</y><time>06-12-21 11:13:03:921</time></pt><pt><x>331</x><y>945</y><time>undefined</time></pt><pt><x>92</x><y>945</y><time>undefined</time></pt><closed_date>06-12-21 11:13:03:922</closed_date></polygon></object><object><name>tooth 33</name><deleted>0</deleted><verified>0</verified><occluded>no</occluded><attributes /><parts><hasparts /><ispartof /></parts><date>06-12-21 11:13:18:328</date><id>9</id><type>bounding_box</type><polygon><username>anonymous</username><pt><x>1</x><y>509</y><time>06-12-21 11:13:13:659</time></pt><pt><x>122</x><y>509</y><time>06-12-21 11:13:15:422</time></pt><pt><x>122</x><y>936</y><time>undefined</time></pt><pt><x>1</x><y>936</y><time>undefined</time></pt><closed_date>06-12-21 11:13:15:423</closed_date></polygon></object><object><name>restoration</name><deleted>0</deleted><verified>0</verified><occluded>no</occluded><attributes /><parts><hasparts /><ispartof>0</ispartof></parts><date>06-12-21 11:13:56:955</date><id>10</id><polygon><username>anonymous</username><pt><x>863</x><y>267</y><time>06-12-21 11:13:35:834</time></pt><pt><x>888</x><y>251</y><time>06-12-21 11:13:36:447</time></pt><pt><x>916</x><y>260</y><time>06-12-21 11:13:36:953</time></pt><pt><x>936</x><y>264</y><time>06-12-21 11:13:37:385</time></pt><pt><x>962</x><y>253</y><time>06-12-21 11:13:37:994</time></pt><pt><x>978</x><y>248</y><time>06-12-21 11:13:38:402</time></pt><pt><x>1007</x><y>253</y><time>06-12-21 11:13:38:776</time></pt><pt><x>1019</x><y>260</y><time>06-12-21 11:13:39:041</time></pt><pt><x>1035</x><y>265</y><time>06-12-21 11:13:39:369</time></pt><pt><x>1051</x><y>283</y><time>06-12-21 11:13:39:856</time></pt><pt><x>1054</x><y>294</y><time>06-12-21 11:13:40:463</time></pt><pt><x>1061</x><y>274</y><time>06-12-21 11:13:40:977</time></pt><pt><x>1067</x><y>257</y><time>06-12-21 11:13:41:406</time></pt><pt><x>1100</x><y>232</y><time>06-12-21 11:13:42:233</time></pt><pt><x>1122</x><y>230</y><time>06-12-21 11:13:42:673</time></pt><pt><x>1132</x><y>242</y><time>06-12-21 11:13:42:998</time></pt><pt><x>1143</x><y>264</y><time>06-12-21 11:13:43:292</time></pt><pt><x>1150</x><y>274</y><time>06-12-21 11:13:43:526</time></pt><pt><x>1157</x><y>290</y><time>06-12-21 11:13:43:896</time></pt><pt><x>1132</x><y>315</y><time>06-12-21 11:13:44:543</time></pt><pt><x>1118</x><y>352</y><time>06-12-21 11:13:45:095</time></pt><pt><x>1100</x><y>373</y><time>06-12-21 11:13:45:734</time></pt><pt><x>1058</x><y>373</y><time>06-12-21 11:13:46:423</time></pt><pt><x>1028</x><y>373</y><time>06-12-21 11:13:46:921</time></pt><pt><x>1015</x><y>361</y><time>06-12-21 11:13:47:425</time></pt><pt><x>1005</x><y>361</y><time>06-12-21 11:13:48:290</time></pt><pt><x>991</x><y>361</y><time>06-12-21 11:13:48:799</time></pt><pt><x>973</x><y>368</y><time>06-12-21 11:13:49:225</time></pt><pt><x>961</x><y>372</y><time>06-12-21 11:13:49:587</time></pt><pt><x>945</x><y>382</y><time>06-12-21 11:13:50:159</time></pt><pt><x>906</x><y>386</y><time>06-12-21 11:13:51:129</time></pt><pt><x>876</x><y>375</y><time>06-12-21 11:13:51:817</time></pt><pt><x>856</x><y>370</y><time>06-12-21 11:13:52:329</time></pt><pt><x>849</x><y>341</y><time>06-12-21 11:13:52:977</time></pt><closed_date>06-12-21 11:13:54:065</closed_date></polygon></object><object><name>restoration</name><deleted>0</deleted><verified>0</verified><occluded>no</occluded><attributes /><parts><hasparts /><ispartof>1</ispartof></parts><date>06-12-21 11:14:46:517</date><id>11</id><polygon><username>anonymous</username><pt><x>637</x><y>345</y><time>06-12-21 11:14:12:191</time></pt><pt><x>663</x><y>329</y><time>06-12-21 11:14:12:969</time></pt><pt><x>686</x><y>333</y><time>06-12-21 11:14:13:481</time></pt><pt><x>704</x><y>354</y><time>06-12-21 11:14:13:888</time></pt><pt><x>713</x><y>366</y><time>06-12-21 11:14:14:538</time></pt><pt><x>743</x><y>345</y><time>06-12-21 11:14:15:457</time></pt><pt><x>755</x><y>352</y><time>06-12-21 11:14:15:886</time></pt><pt><x>764</x><y>350</y><time>06-12-21 11:14:16:857</time></pt><pt><x>787</x><y>315</y><time>06-12-21 11:14:17:585</time></pt><pt><x>784</x><y>295</y><time>06-12-21 11:14:18:341</time></pt><pt><x>793</x><y>290</y><time>06-12-21 11:14:18:817</time></pt><pt><x>810</x><y>288</y><time>06-12-21 11:14:19:200</time></pt><pt><x>833</x><y>294</y><time>06-12-21 11:14:19:865</time></pt><pt><x>847</x><y>294</y><time>06-12-21 11:14:20:326</time></pt><pt><x>856</x><y>313</y><time>06-12-21 11:14:20:831</time></pt><pt><x>856</x><y>345</y><time>06-12-21 11:14:21:153</time></pt><pt><x>862</x><y>375</y><time>06-12-21 11:14:21:607</time></pt><pt><x>860</x><y>393</y><time>06-12-21 11:14:22:222</time></pt><pt><x>837</x><y>402</y><time>06-12-21 11:14:30:142</time></pt><pt><x>805</x><y>405</y><time>06-12-21 11:14:30:743</time></pt><pt><x>762</x><y>419</y><time>06-12-21 11:14:31:625</time></pt><pt><x>741</x><y>432</y><time>06-12-21 11:14:32:277</time></pt><pt><x>663</x><y>441</y><time>06-12-21 11:14:33:386</time></pt><pt><x>646</x><y>433</y><time>06-12-21 11:14:33:993</time></pt><pt><x>635</x><y>425</y><time>06-12-21 11:14:34:362</time></pt><pt><x>609</x><y>437</y><time>06-12-21 11:14:35:079</time></pt><pt><x>573</x><y>437</y><time>06-12-21 11:14:35:775</time></pt><pt><x>545</x><y>419</y><time>06-12-21 11:14:36:352</time></pt><pt><x>527</x><y>416</y><time>06-12-21 11:14:36:890</time></pt><pt><x>520</x><y>407</y><time>06-12-21 11:14:37:313</time></pt><pt><x>518</x><y>375</y><time>06-12-21 11:14:37:785</time></pt><pt><x>522</x><y>338</y><time>06-12-21 11:14:38:351</time></pt><pt><x>534</x><y>290</y><time>06-12-21 11:14:39:008</time></pt><pt><x>557</x><y>306</y><time>06-12-21 11:14:40:025</time></pt><pt><x>580</x><y>297</y><time>06-12-21 11:14:41:065</time></pt><pt><x>596</x><y>295</y><time>06-12-21 11:14:41:617</time></pt><pt><x>617</x><y>301</y><time>06-12-21 11:14:41:950</time></pt><pt><x>630</x><y>318</y><time>06-12-21 11:14:42:265</time></pt><closed_date>06-12-21 11:14:42:889</closed_date></polygon></object><object><name>root canal treatment</name><deleted>0</deleted><verified>0</verified><occluded>no</occluded><attributes /><parts><hasparts /><ispartof>2</ispartof></parts><date>06-12-21 11:15:12:444</date><id>12</id><polygon><username>anonymous</username><pt><x>403</x><y>150</y><time>06-12-21 11:15:00:275</time></pt><pt><x>432</x><y>152</y><time>06-12-21 11:15:01:280</time></pt><pt><x>442</x><y>87</y><time>06-12-21 11:15:02:025</time></pt><pt><x>444</x><y>7</y><time>06-12-21 11:15:03:933</time></pt><pt><x>423</x><y>7</y><time>06-12-21 11:15:06:321</time></pt><closed_date>06-12-21 11:15:08:737</closed_date></polygon></object><object><name>restoration</name><deleted>0</deleted><verified>0</verified><occluded>no</occluded><attributes /><parts><hasparts /><ispartof>2</ispartof></parts><date>06-12-21 11:15:47:851</date><id>13</id><polygon><username>anonymous</username><pt><x>350</x><y>317</y><time>06-12-21 11:15:22:520</time></pt><pt><x>356</x><y>278</y><time>06-12-21 11:15:23:385</time></pt><pt><x>380</x><y>255</y><time>06-12-21 11:15:23:807</time></pt><pt><x>391</x><y>212</y><time>06-12-21 11:15:24:334</time></pt><pt><x>402</x><y>168</y><time>06-12-21 11:15:25:199</time></pt><pt><x>403</x><y>154</y><time>06-12-21 11:15:26:105</time></pt><pt><x>414</x><y>154</y><time>06-12-21 11:15:26:537</time></pt><pt><x>426</x><y>154</y><time>06-12-21 11:15:26:902</time></pt><pt><x>441</x><y>180</y><time>06-12-21 11:15:27:148</time></pt><pt><x>441</x><y>189</y><time>06-12-21 11:15:27:386</time></pt><pt><x>432</x><y>193</y><time>06-12-21 11:15:27:654</time></pt><pt><x>442</x><y>198</y><time>06-12-21 11:15:27:904</time></pt><pt><x>456</x><y>218</y><time>06-12-21 11:15:28:449</time></pt><pt><x>474</x><y>223</y><time>06-12-21 11:15:28:854</time></pt><pt><x>488</x><y>207</y><time>06-12-21 11:15:29:322</time></pt><pt><x>499</x><y>203</y><time>06-12-21 11:15:29:736</time></pt><pt><x>506</x><y>203</y><time>06-12-21 11:15:30:073</time></pt><pt><x>508</x><y>211</y><time>06-12-21 11:15:30:287</time></pt><pt><x>508</x><y>214</y><time>06-12-21 11:15:30:473</time></pt><pt><x>506</x><y>228</y><time>06-12-21 11:15:30:670</time></pt><pt><x>506</x><y>239</y><time>06-12-21 11:15:30:903</time></pt><pt><x>506</x><y>249</y><time>06-12-21 11:15:31:123</time></pt><pt><x>509</x><y>260</y><time>06-12-21 11:15:31:339</time></pt><pt><x>509</x><y>271</y><time>06-12-21 11:15:31:544</time></pt><pt><x>504</x><y>294</y><time>06-12-21 11:15:31:766</time></pt><pt><x>501</x><y>303</y><time>06-12-21 11:15:31:973</time></pt><pt><x>494</x><y>299</y><time>06-12-21 11:15:41:097</time></pt><pt><x>481</x><y>299</y><time>06-12-21 11:15:41:513</time></pt><pt><x>465</x><y>317</y><time>06-12-21 11:15:41:856</time></pt><pt><x>465</x><y>331</y><time>06-12-21 11:15:42:143</time></pt><pt><x>462</x><y>345</y><time>06-12-21 11:15:42:350</time></pt><pt><x>458</x><y>372</y><time>06-12-21 11:15:42:562</time></pt><pt><x>453</x><y>398</y><time>06-12-21 11:15:42:775</time></pt><pt><x>451</x><y>409</y><time>06-12-21 11:15:42:990</time></pt><pt><x>412</x><y>400</y><time>06-12-21 11:15:43:591</time></pt><pt><x>366</x><y>396</y><time>06-12-21 11:15:43:960</time></pt><closed_date>06-12-21 11:15:44:873</closed_date></polygon></object><object><name>restoration</name><deleted>0</deleted><verified>0</verified><occluded>no</occluded><attributes /><parts><hasparts /><ispartof>5</ispartof></parts><date>06-12-21 11:16:48:111</date><id>14</id><polygon><username>anonymous</username><pt><x>1088</x><y>548</y><time>06-12-21 11:16:24:503</time></pt><pt><x>1115</x><y>545</y><time>06-12-21 11:16:25:236</time></pt><pt><x>1143</x><y>545</y><time>06-12-21 11:16:25:662</time></pt><pt><x>1152</x><y>527</y><time>06-12-21 11:16:26:128</time></pt><pt><x>1155</x><y>513</y><time>06-12-21 11:16:26:574</time></pt><pt><x>1176</x><y>506</y><time>06-12-21 11:16:27:055</time></pt><pt><x>1210</x><y>497</y><time>06-12-21 11:16:27:513</time></pt><pt><x>1199</x><y>458</y><time>06-12-21 11:16:28:577</time></pt><pt><x>1175</x><y>442</y><time>06-12-21 11:16:29:376</time></pt><pt><x>1141</x><y>441</y><time>06-12-21 11:16:29:952</time></pt><pt><x>1120</x><y>456</y><time>06-12-21 11:16:30:582</time></pt><pt><x>1067</x><y>469</y><time>06-12-21 11:16:31:664</time></pt><pt><x>1042</x><y>485</y><time>06-12-21 11:16:32:369</time></pt><pt><x>1030</x><y>492</y><time>06-12-21 11:16:32:900</time></pt><pt><x>1021</x><y>490</y><time>06-12-21 11:16:33:378</time></pt><pt><x>1010</x><y>488</y><time>06-12-21 11:16:33:782</time></pt><pt><x>1003</x><y>501</y><time>06-12-21 11:16:34:128</time></pt><pt><x>984</x><y>506</y><time>06-12-21 11:16:34:527</time></pt><pt><x>966</x><y>506</y><time>06-12-21 11:16:34:859</time></pt><pt><x>959</x><y>508</y><time>06-12-21 11:16:35:144</time></pt><pt><x>939</x><y>509</y><time>06-12-21 11:16:35:408</time></pt><pt><x>934</x><y>511</y><time>06-12-21 11:16:35:646</time></pt><pt><x>922</x><y>509</y><time>06-12-21 11:16:35:884</time></pt><pt><x>909</x><y>509</y><time>06-12-21 11:16:36:137</time></pt><pt><x>900</x><y>509</y><time>06-12-21 11:16:36:318</time></pt><pt><x>893</x><y>524</y><time>06-12-21 11:16:36:529</time></pt><pt><x>893</x><y>532</y><time>06-12-21 11:16:36:742</time></pt><pt><x>893</x><y>582</y><time>06-12-21 11:16:37:392</time></pt><pt><x>897</x><y>623</y><time>06-12-21 11:16:38:081</time></pt><pt><x>897</x><y>642</y><time>06-12-21 11:16:38:544</time></pt><pt><x>923</x><y>626</y><time>06-12-21 11:16:39:496</time></pt><pt><x>952</x><y>623</y><time>06-12-21 11:16:40:112</time></pt><pt><x>966</x><y>632</y><time>06-12-21 11:16:40:590</time></pt><pt><x>994</x><y>632</y><time>06-12-21 11:16:41:352</time></pt><pt><x>1014</x><y>614</y><time>06-12-21 11:16:41:894</time></pt><pt><x>1024</x><y>594</y><time>06-12-21 11:16:42:323</time></pt><pt><x>1024</x><y>577</y><time>06-12-21 11:16:42:888</time></pt><pt><x>1047</x><y>570</y><time>06-12-21 11:16:43:525</time></pt><pt><x>1063</x><y>570</y><time>06-12-21 11:16:44:064</time></pt><closed_date>06-12-21 11:16:44:672</closed_date></polygon></object><object><name>root canal treatment</name><deleted>0</deleted><verified>0</verified><occluded>no</occluded><attributes /><parts><hasparts /><ispartof>6</ispartof></parts><date>06-12-21 11:17:23:212</date><id>15</id><polygon><username>anonymous</username><pt><x>704</x><y>877</y><time>06-12-21 11:17:14:011</time></pt><pt><x>734</x><y>858</y><time>06-12-21 11:17:15:136</time></pt><pt><x>752</x><y>897</y><time>06-12-21 11:17:16:176</time></pt><pt><x>761</x><y>932</y><time>06-12-21 11:17:16:790</time></pt><pt><x>761</x><y>948</y><time>06-12-21 11:17:17:318</time></pt><pt><x>716</x><y>939</y><time>06-12-21 11:17:19:719</time></pt><closed_date>06-12-21 11:17:20:616</closed_date></polygon></object><object><name>root canal treatment</name><deleted>0</deleted><verified>0</verified><occluded>no</occluded><attributes /><parts><hasparts /><ispartof>6</ispartof></parts><date>06-12-21 11:17:34:691</date><id>16</id><polygon><username>anonymous</username><pt><x>881</x><y>870</y><time>06-12-21 11:17:24:652</time></pt><pt><x>900</x><y>847</y><time>06-12-21 11:17:25:449</time></pt><pt><x>918</x><y>863</y><time>06-12-21 11:17:25:936</time></pt><pt><x>929</x><y>877</y><time>06-12-21 11:17:26:214</time></pt><pt><x>931</x><y>881</y><time>06-12-21 11:17:26:414</time></pt><pt><x>939</x><y>892</y><time>06-12-21 11:17:26:649</time></pt><pt><x>948</x><y>913</y><time>06-12-21 11:17:26:849</time></pt><pt><x>955</x><y>925</y><time>06-12-21 11:17:27:039</time></pt><pt><x>964</x><y>925</y><time>06-12-21 11:17:27:240</time></pt><pt><x>966</x><y>945</y><time>06-12-21 11:17:29:588</time></pt><pt><x>932</x><y>945</y><time>06-12-21 11:17:30:704</time></pt><pt><x>915</x><y>946</y><time>06-12-21 11:17:31:232</time></pt><closed_date>06-12-21 11:17:32:104</closed_date></polygon></object><object><name>crown</name><deleted>0</deleted><verified>0</verified><occluded>no</occluded><attributes /><parts><hasparts /><ispartof>6</ispartof></parts><date>06-12-21 11:18:24:474</date><id>17</id><polygon><username>anonymous</username><pt><x>734</x><y>840</y><time>06-12-21 11:17:41:804</time></pt><pt><x>750</x><y>785</y><time>06-12-21 11:17:42:448</time></pt><pt><x>766</x><y>770</y><time>06-12-21 11:17:43:072</time></pt><pt><x>784</x><y>754</y><time>06-12-21 11:17:44:607</time></pt><pt><x>805</x><y>777</y><time>06-12-21 11:17:48:656</time></pt><pt><x>819</x><y>801</y><time>06-12-21 11:17:49:160</time></pt><pt><x>837</x><y>824</y><time>06-12-21 11:17:49:416</time></pt><pt><x>849</x><y>840</y><time>06-12-21 11:17:49:726</time></pt><pt><x>865</x><y>858</y><time>06-12-21 11:17:50:066</time></pt><pt><x>879</x><y>872</y><time>06-12-21 11:17:50:368</time></pt><pt><x>906</x><y>851</y><time>06-12-21 11:17:51:761</time></pt><pt><x>883</x><y>789</y><time>06-12-21 11:17:52:961</time></pt><pt><x>863</x><y>754</y><time>06-12-21 11:17:53:616</time></pt><pt><x>863</x><y>724</y><time>06-12-21 11:17:54:302</time></pt><pt><x>879</x><y>718</y><time>06-12-21 11:17:55:048</time></pt><pt><x>909</x><y>704</y><time>06-12-21 11:17:55:798</time></pt><pt><x>911</x><y>662</y><time>06-12-21 11:17:56:406</time></pt><pt><x>916</x><y>624</y><time>06-12-21 11:17:56:918</time></pt><pt><x>890</x><y>524</y><time>06-12-21 11:17:58:568</time></pt><pt><x>854</x><y>527</y><time>06-12-21 11:18:00:160</time></pt><pt><x>824</x><y>531</y><time>06-12-21 11:18:00:632</time></pt><pt><x>808</x><y>524</y><time>06-12-21 11:18:01:296</time></pt><pt><x>784</x><y>524</y><time>06-12-21 11:18:01:754</time></pt><pt><x>773</x><y>532</y><time>06-12-21 11:18:02:186</time></pt><pt><x>754</x><y>548</y><time>06-12-21 11:18:08:808</time></pt><pt><x>734</x><y>554</y><time>06-12-21 11:18:09:824</time></pt><pt><x>702</x><y>557</y><time>06-12-21 11:18:10:361</time></pt><pt><x>681</x><y>557</y><time>06-12-21 11:18:10:888</time></pt><pt><x>649</x><y>552</y><time>06-12-21 11:18:12:004</time></pt><pt><x>632</x><y>559</y><time>06-12-21 11:18:12:574</time></pt><pt><x>607</x><y>561</y><time>06-12-21 11:18:13:174</time></pt><pt><x>586</x><y>571</y><time>06-12-21 11:18:13:593</time></pt><pt><x>577</x><y>589</y><time>06-12-21 11:18:14:064</time></pt><pt><x>578</x><y>610</y><time>06-12-21 11:18:14:558</time></pt><pt><x>580</x><y>633</y><time>06-12-21 11:18:14:925</time></pt><pt><x>580</x><y>662</y><time>06-12-21 11:18:15:223</time></pt><pt><x>598</x><y>681</y><time>06-12-21 11:18:15:951</time></pt><pt><x>617</x><y>709</y><time>06-12-21 11:18:16:527</time></pt><pt><x>630</x><y>720</y><time>06-12-21 11:18:16:936</time></pt><pt><x>651</x><y>745</y><time>06-12-21 11:18:17:529</time></pt><pt><x>674</x><y>755</y><time>06-12-21 11:18:18:199</time></pt><pt><x>679</x><y>789</y><time>06-12-21 11:18:18:952</time></pt><pt><x>699</x><y>846</y><time>06-12-21 11:18:19:912</time></pt><pt><x>706</x><y>883</y><time>06-12-21 11:18:20:513</time></pt><pt><x>741</x><y>860</y><time>06-12-21 11:18:21:680</time></pt><closed_date>06-12-21 11:18:22:126</closed_date></polygon></object><object><name>restoration</name><deleted>0</deleted><verified>0</verified><occluded>no</occluded><attributes /><parts><hasparts /><ispartof>7</ispartof></parts><date>06-12-21 11:18:57:118</date><id>18</id><polygon><username>anonymous</username><pt><x>405</x><y>639</y><time>06-12-21 11:18:34:811</time></pt><pt><x>428</x><y>614</y><time>06-12-21 11:18:35:334</time></pt><pt><x>462</x><y>623</y><time>06-12-21 11:18:35:815</time></pt><pt><x>509</x><y>633</y><time>06-12-21 11:18:36:800</time></pt><pt><x>508</x><y>663</y><time>06-12-21 11:18:37:327</time></pt><pt><x>509</x><y>660</y><time>06-12-21 11:18:37:664</time></pt><pt><x>527</x><y>679</y><time>06-12-21 11:18:37:951</time></pt><pt><x>534</x><y>693</y><time>06-12-21 11:18:38:312</time></pt><pt><x>555</x><y>695</y><time>06-12-21 11:18:38:675</time></pt><pt><x>563</x><y>695</y><time>06-12-21 11:18:38:986</time></pt><pt><x>582</x><y>676</y><time>06-12-21 11:18:39:545</time></pt><pt><x>582</x><y>616</y><time>06-12-21 11:18:40:784</time></pt><pt><x>575</x><y>589</y><time>06-12-21 11:18:41:740</time></pt><pt><x>545</x><y>582</y><time>06-12-21 11:18:42:624</time></pt><pt><x>538</x><y>584</y><time>06-12-21 11:18:43:176</time></pt><pt><x>531</x><y>584</y><time>06-12-21 11:18:43:536</time></pt><pt><x>522</x><y>570</y><time>06-12-21 11:18:44:055</time></pt><pt><x>508</x><y>563</y><time>06-12-21 11:18:44:471</time></pt><pt><x>485</x><y>571</y><time>06-12-21 11:18:44:913</time></pt><pt><x>465</x><y>580</y><time>06-12-21 11:18:45:620</time></pt><pt><x>433</x><y>575</y><time>06-12-21 11:18:46:704</time></pt><pt><x>407</x><y>578</y><time>06-12-21 11:18:47:256</time></pt><pt><x>384</x><y>578</y><time>06-12-21 11:18:47:742</time></pt><pt><x>356</x><y>586</y><time>06-12-21 11:18:48:239</time></pt><pt><x>347</x><y>587</y><time>06-12-21 11:18:48:455</time></pt><pt><x>331</x><y>605</y><time>06-12-21 11:18:48:906</time></pt><pt><x>329</x><y>621</y><time>06-12-21 11:18:49:464</time></pt><pt><x>331</x><y>656</y><time>06-12-21 11:18:50:024</time></pt><pt><x>331</x><y>685</y><time>06-12-21 11:18:50:431</time></pt><pt><x>331</x><y>708</y><time>06-12-21 11:18:50:862</time></pt><pt><x>349</x><y>697</y><time>06-12-21 11:18:51:501</time></pt><pt><x>354</x><y>674</y><time>06-12-21 11:18:52:008</time></pt><pt><x>382</x><y>674</y><time>06-12-21 11:18:52:539</time></pt><pt><x>398</x><y>674</y><time>06-12-21 11:18:52:903</time></pt><pt><x>402</x><y>653</y><time>06-12-21 11:18:53:558</time></pt><closed_date>06-12-21 11:18:54:072</closed_date></polygon></object><object><name>restoration</name><deleted>0</deleted><verified>0</verified><occluded>no</occluded><attributes /><parts><hasparts /><ispartof>8</ispartof></parts><date>06-12-21 11:19:31:323</date><id>19</id><polygon><username>anonymous</username><pt><x>209</x><y>584</y><time>06-12-21 11:19:14:700</time></pt><pt><x>198</x><y>601</y><time>06-12-21 11:19:15:816</time></pt><pt><x>200</x><y>614</y><time>06-12-21 11:19:16:285</time></pt><pt><x>200</x><y>619</y><time>06-12-21 11:19:16:660</time></pt><pt><x>214</x><y>626</y><time>06-12-21 11:19:16:942</time></pt><pt><x>225</x><y>630</y><time>06-12-21 11:19:17:376</time></pt><pt><x>244</x><y>630</y><time>06-12-21 11:19:17:832</time></pt><pt><x>257</x><y>623</y><time>06-12-21 11:19:18:294</time></pt><pt><x>262</x><y>623</y><time>06-12-21 11:19:18:728</time></pt><pt><x>265</x><y>632</y><time>06-12-21 11:19:19:118</time></pt><pt><x>262</x><y>642</y><time>06-12-21 11:19:19:408</time></pt><pt><x>262</x><y>649</y><time>06-12-21 11:19:19:630</time></pt><pt><x>274</x><y>651</y><time>06-12-21 11:19:20:112</time></pt><pt><x>280</x><y>663</y><time>06-12-21 11:19:20:608</time></pt><pt><x>288</x><y>681</y><time>06-12-21 11:19:20:950</time></pt><pt><x>303</x><y>690</y><time>06-12-21 11:19:21:416</time></pt><pt><x>322</x><y>676</y><time>06-12-21 11:19:22:000</time></pt><pt><x>329</x><y>676</y><time>06-12-21 11:19:22:520</time></pt><pt><x>327</x><y>601</y><time>06-12-21 11:19:23:528</time></pt><pt><x>303</x><y>591</y><time>06-12-21 11:19:24:200</time></pt><pt><x>274</x><y>580</y><time>06-12-21 11:19:25:008</time></pt><pt><x>253</x><y>566</y><time>06-12-21 11:19:25:586</time></pt><pt><x>232</x><y>555</y><time>06-12-21 11:19:26:078</time></pt><pt><x>225</x><y>554</y><time>06-12-21 11:19:26:605</time></pt><pt><x>214</x><y>554</y><time>06-12-21 11:19:27:089</time></pt><pt><x>214</x><y>561</y><time>06-12-21 11:19:27:423</time></pt><pt><x>209</x><y>566</y><time>06-12-21 11:19:27:816</time></pt><pt><x>207</x><y>566</y><time>06-12-21 11:19:28:128</time></pt><closed_date>06-12-21 11:19:28:654</closed_date></polygon></object><imagesize><nrows /><ncols /></imagesize></annotation>