<?xml version='1.0' encoding='UTF-8'?>
<annotation><filename>12.jpg</filename><folder>segmentation_xray</folder><source><sourceImage>The MIT-CSAIL database of objects and scenes</sourceImage><sourceAnnotation>LabelMe Webtool</sourceAnnotation></source><object><name>tooth</name><deleted>0</deleted><verified>0</verified><occluded>no</occluded><attributes>17</attributes><parts><hasparts>10</hasparts><ispartof /></parts><date>16-12-21 11:46:24:673</date><id>0</id><type>bounding_box</type><polygon><username>anonymous</username><pt><x>240</x><y>421</y><time>16-12-21 11:46:16:367</time></pt><pt><x>546</x><y>421</y><time>16-12-21 11:46:19:778</time></pt><pt><x>546</x><y>7</y><time>undefined</time></pt><pt><x>240</x><y>7</y><time>undefined</time></pt><closed_date>16-12-21 11:46:19:779</closed_date></polygon></object><object><name>tooth</name><deleted>0</deleted><verified>0</verified><occluded>no</occluded><attributes>16</attributes><parts><hasparts>9</hasparts><ispartof /></parts><date>16-12-21 11:46:34:354</date><id>1</id><type>bounding_box</type><polygon><username>anonymous</username><pt><x>551</x><y>416</y><time>16-12-21 11:46:26:476</time></pt><pt><x>888</x><y>416</y><time>16-12-21 11:46:29:513</time></pt><pt><x>888</x><y>5</y><time>undefined</time></pt><pt><x>551</x><y>5</y><time>undefined</time></pt><closed_date>16-12-21 11:46:29:514</closed_date></polygon></object><object><name>tooth</name><deleted>0</deleted><verified>0</verified><occluded>no</occluded><attributes>15</attributes><parts><hasparts>11</hasparts><ispartof /></parts><date>16-12-21 11:46:48:804</date><id>2</id><type>bounding_box</type><polygon><username>anonymous</username><pt><x>1090</x><y>412</y><time>16-12-21 11:46:41:074</time></pt><pt><x>835</x><y>412</y><time>16-12-21 11:46:45:434</time></pt><pt><x>835</x><y>5</y><time>undefined</time></pt><pt><x>1090</x><y>5</y><time>undefined</time></pt><closed_date>16-12-21 11:46:45:434</closed_date></polygon></object><object><name>tooth</name><deleted>0</deleted><verified>0</verified><occluded>no</occluded><attributes>14</attributes><parts><hasparts>12</hasparts><ispartof /></parts><date>16-12-21 11:46:56:179</date><id>3</id><type>bounding_box</type><polygon><username>anonymous</username><pt><x>1215</x><y>382</y><time>16-12-21 11:46:50:539</time></pt><pt><x>1055</x><y>382</y><time>16-12-21 11:46:52:570</time></pt><pt><x>1055</x><y>10</y><time>undefined</time></pt><pt><x>1215</x><y>10</y><time>undefined</time></pt><closed_date>16-12-21 11:46:52:570</closed_date></polygon></object><object><name>tooth</name><deleted>0</deleted><verified>0</verified><occluded>no</occluded><attributes>44</attributes><parts><hasparts /><ispartof /></parts><date>16-12-21 11:47:04:029</date><id>4</id><type>bounding_box</type><polygon><username>anonymous</username><pt><x>1217</x><y>454</y><time>16-12-21 11:46:58:489</time></pt><pt><x>1072</x><y>454</y><time>16-12-21 11:47:01:202</time></pt><pt><x>1072</x><y>900</y><time>undefined</time></pt><pt><x>1217</x><y>900</y><time>undefined</time></pt><closed_date>16-12-21 11:47:01:202</closed_date></polygon></object><object><name>tooth</name><deleted>0</deleted><verified>0</verified><occluded>no</occluded><attributes>45</attributes><parts><hasparts>13,14</hasparts><ispartof /></parts><date>16-12-21 11:47:14:746</date><id>5</id><type>bounding_box</type><polygon><username>anonymous</username><pt><x>846</x><y>494</y><time>16-12-21 11:47:08:731</time></pt><pt><x>1079</x><y>494</y><time>16-12-21 11:47:11:274</time></pt><pt><x>1079</x><y>945</y><time>undefined</time></pt><pt><x>846</x><y>945</y><time>undefined</time></pt><closed_date>16-12-21 11:47:11:274</closed_date></polygon></object><object><name>tooth</name><deleted>0</deleted><verified>0</verified><occluded>no</occluded><attributes>46</attributes><parts><hasparts>15,16</hasparts><ispartof /></parts><date>16-12-21 11:47:25:541</date><id>6</id><type>bounding_box</type><polygon><username>anonymous</username><pt><x>496</x><y>481</y><time>16-12-21 11:47:18:099</time></pt><pt><x>841</x><y>481</y><time>16-12-21 11:47:22:457</time></pt><pt><x>841</x><y>945</y><time>undefined</time></pt><pt><x>496</x><y>945</y><time>undefined</time></pt><closed_date>16-12-21 11:47:22:458</closed_date></polygon></object><object><name>tooth</name><deleted>0</deleted><verified>0</verified><occluded>no</occluded><attributes>47</attributes><parts><hasparts>8</hasparts><ispartof /></parts><date>16-12-21 11:47:38:398</date><id>7</id><type>bounding_box</type><polygon><username>anonymous</username><pt><x>68</x><y>441</y><time>16-12-21 11:47:31:236</time></pt><pt><x>518</x><y>441</y><time>16-12-21 11:47:34:961</time></pt><pt><x>518</x><y>943</y><time>undefined</time></pt><pt><x>68</x><y>943</y><time>undefined</time></pt><closed_date>16-12-21 11:47:34:961</closed_date></polygon></object><object><name>restoration</name><deleted>0</deleted><verified>0</verified><occluded>no</occluded><attributes /><parts><hasparts /><ispartof>7</ispartof></parts><date>16-12-21 11:47:55:282</date><id>8</id><polygon><username>anonymous</username><pt><x>180</x><y>529</y><time>16-12-21 11:47:42:124</time></pt><pt><x>215</x><y>539</y><time>16-12-21 11:47:42:562</time></pt><pt><x>247</x><y>546</y><time>16-12-21 11:47:43:010</time></pt><pt><x>259</x><y>538</y><time>16-12-21 11:47:43:322</time></pt><pt><x>279</x><y>561</y><time>16-12-21 11:47:43:642</time></pt><pt><x>304</x><y>574</y><time>16-12-21 11:47:43:867</time></pt><pt><x>322</x><y>586</y><time>16-12-21 11:47:44:170</time></pt><pt><x>344</x><y>588</y><time>16-12-21 11:47:44:458</time></pt><pt><x>367</x><y>588</y><time>16-12-21 11:47:44:707</time></pt><pt><x>384</x><y>588</y><time>16-12-21 11:47:44:914</time></pt><pt><x>404</x><y>594</y><time>16-12-21 11:47:45:114</time></pt><pt><x>419</x><y>608</y><time>16-12-21 11:47:45:338</time></pt><pt><x>434</x><y>621</y><time>16-12-21 11:47:45:539</time></pt><pt><x>451</x><y>629</y><time>16-12-21 11:47:45:746</time></pt><pt><x>472</x><y>631</y><time>16-12-21 11:47:45:994</time></pt><pt><x>486</x><y>633</y><time>16-12-21 11:47:46:219</time></pt><pt><x>496</x><y>628</y><time>16-12-21 11:47:46:450</time></pt><pt><x>506</x><y>604</y><time>16-12-21 11:47:46:738</time></pt><pt><x>518</x><y>586</y><time>16-12-21 11:47:47:057</time></pt><pt><x>519</x><y>559</y><time>16-12-21 11:47:47:355</time></pt><pt><x>521</x><y>529</y><time>16-12-21 11:47:47:642</time></pt><pt><x>518</x><y>503</y><time>16-12-21 11:47:48:290</time></pt><pt><x>489</x><y>501</y><time>16-12-21 11:47:48:571</time></pt><pt><x>471</x><y>509</y><time>16-12-21 11:47:48:826</time></pt><pt><x>441</x><y>511</y><time>16-12-21 11:47:49:058</time></pt><pt><x>414</x><y>511</y><time>16-12-21 11:47:49:274</time></pt><pt><x>371</x><y>501</y><time>16-12-21 11:47:50:089</time></pt><pt><x>334</x><y>489</y><time>16-12-21 11:47:50:402</time></pt><pt><x>311</x><y>479</y><time>16-12-21 11:47:50:666</time></pt><pt><x>284</x><y>467</y><time>16-12-21 11:47:50:914</time></pt><pt><x>252</x><y>462</y><time>16-12-21 11:47:51:186</time></pt><pt><x>225</x><y>452</y><time>16-12-21 11:47:51:810</time></pt><pt><x>199</x><y>467</y><time>16-12-21 11:47:52:098</time></pt><pt><x>187</x><y>496</y><time>16-12-21 11:47:52:346</time></pt><closed_date>16-12-21 11:47:52:585</closed_date></polygon></object><object><name>restoration</name><deleted>0</deleted><verified>0</verified><occluded>no</occluded><attributes /><parts><hasparts /><ispartof>1</ispartof></parts><date>16-12-21 11:48:10:844</date><id>9</id><polygon><username>anonymous</username><pt><x>571</x><y>234</y><time>16-12-21 11:47:57:035</time></pt><pt><x>604</x><y>220</y><time>16-12-21 11:47:57:410</time></pt><pt><x>624</x><y>220</y><time>16-12-21 11:47:57:657</time></pt><pt><x>638</x><y>224</y><time>16-12-21 11:47:57:866</time></pt><pt><x>651</x><y>237</y><time>16-12-21 11:47:58:114</time></pt><pt><x>663</x><y>267</y><time>16-12-21 11:47:58:322</time></pt><pt><x>670</x><y>289</y><time>16-12-21 11:47:58:523</time></pt><pt><x>678</x><y>306</y><time>16-12-21 11:47:58:730</time></pt><pt><x>691</x><y>312</y><time>16-12-21 11:47:58:914</time></pt><pt><x>718</x><y>312</y><time>16-12-21 11:47:59:137</time></pt><pt><x>741</x><y>314</y><time>16-12-21 11:47:59:337</time></pt><pt><x>771</x><y>316</y><time>16-12-21 11:47:59:554</time></pt><pt><x>800</x><y>317</y><time>16-12-21 11:47:59:746</time></pt><pt><x>825</x><y>319</y><time>16-12-21 11:47:59:930</time></pt><pt><x>848</x><y>334</y><time>16-12-21 11:48:00:123</time></pt><pt><x>858</x><y>349</y><time>16-12-21 11:48:00:315</time></pt><pt><x>855</x><y>361</y><time>16-12-21 11:48:00:539</time></pt><pt><x>820</x><y>374</y><time>16-12-21 11:48:00:786</time></pt><pt><x>771</x><y>379</y><time>16-12-21 11:48:01:034</time></pt><pt><x>753</x><y>382</y><time>16-12-21 11:48:01:266</time></pt><pt><x>750</x><y>394</y><time>16-12-21 11:48:01:473</time></pt><pt><x>748</x><y>404</y><time>16-12-21 11:48:01:694</time></pt><pt><x>725</x><y>386</y><time>16-12-21 11:48:01:977</time></pt><pt><x>701</x><y>399</y><time>16-12-21 11:48:06:201</time></pt><pt><x>666</x><y>401</y><time>16-12-21 11:48:06:489</time></pt><pt><x>643</x><y>391</y><time>16-12-21 11:48:06:745</time></pt><pt><x>618</x><y>397</y><time>16-12-21 11:48:06:977</time></pt><pt><x>593</x><y>396</y><time>16-12-21 11:48:07:185</time></pt><pt><x>574</x><y>377</y><time>16-12-21 11:48:07:433</time></pt><pt><x>568</x><y>376</y><time>16-12-21 11:48:07:634</time></pt><pt><x>556</x><y>347</y><time>16-12-21 11:48:07:873</time></pt><pt><x>554</x><y>326</y><time>16-12-21 11:48:08:089</time></pt><pt><x>561</x><y>304</y><time>16-12-21 11:48:08:289</time></pt><pt><x>564</x><y>270</y><time>16-12-21 11:48:08:530</time></pt><closed_date>16-12-21 11:48:08:762</closed_date></polygon></object><object><name>restoration</name><deleted>0</deleted><verified>0</verified><occluded>no</occluded><attributes /><parts><hasparts /><ispartof>0</ispartof></parts><date>16-12-21 11:48:25:502</date><id>10</id><polygon><username>anonymous</username><pt><x>269</x><y>347</y><time>16-12-21 11:48:11:723</time></pt><pt><x>299</x><y>361</y><time>16-12-21 11:48:12:050</time></pt><pt><x>312</x><y>372</y><time>16-12-21 11:48:12:385</time></pt><pt><x>337</x><y>391</y><time>16-12-21 11:48:12:626</time></pt><pt><x>369</x><y>392</y><time>16-12-21 11:48:12:946</time></pt><pt><x>389</x><y>399</y><time>16-12-21 11:48:13:202</time></pt><pt><x>409</x><y>406</y><time>16-12-21 11:48:13:521</time></pt><pt><x>414</x><y>379</y><time>16-12-21 11:48:15:666</time></pt><pt><x>436</x><y>374</y><time>16-12-21 11:48:16:154</time></pt><pt><x>459</x><y>374</y><time>16-12-21 11:48:16:402</time></pt><pt><x>499</x><y>377</y><time>16-12-21 11:48:16:626</time></pt><pt><x>508</x><y>376</y><time>16-12-21 11:48:16:834</time></pt><pt><x>516</x><y>366</y><time>16-12-21 11:48:17:162</time></pt><pt><x>539</x><y>354</y><time>16-12-21 11:48:17:474</time></pt><pt><x>544</x><y>321</y><time>16-12-21 11:48:17:754</time></pt><pt><x>551</x><y>275</y><time>16-12-21 11:48:18:153</time></pt><pt><x>553</x><y>240</y><time>16-12-21 11:48:18:442</time></pt><pt><x>518</x><y>245</y><time>16-12-21 11:48:18:827</time></pt><pt><x>472</x><y>247</y><time>16-12-21 11:48:19:250</time></pt><pt><x>454</x><y>259</y><time>16-12-21 11:48:19:555</time></pt><pt><x>449</x><y>275</y><time>16-12-21 11:48:19:890</time></pt><pt><x>426</x><y>270</y><time>16-12-21 11:48:20:321</time></pt><pt><x>394</x><y>262</y><time>16-12-21 11:48:20:594</time></pt><pt><x>376</x><y>262</y><time>16-12-21 11:48:20:842</time></pt><pt><x>362</x><y>269</y><time>16-12-21 11:48:21:074</time></pt><pt><x>351</x><y>280</y><time>16-12-21 11:48:21:299</time></pt><pt><x>334</x><y>286</y><time>16-12-21 11:48:21:515</time></pt><pt><x>306</x><y>289</y><time>16-12-21 11:48:21:826</time></pt><pt><x>286</x><y>296</y><time>16-12-21 11:48:22:162</time></pt><pt><x>277</x><y>301</y><time>16-12-21 11:48:22:394</time></pt><pt><x>275</x><y>314</y><time>16-12-21 11:48:22:593</time></pt><pt><x>272</x><y>326</y><time>16-12-21 11:48:22:794</time></pt><closed_date>16-12-21 11:48:22:978</closed_date></polygon></object><object><name>restoration</name><deleted>0</deleted><verified>0</verified><occluded>no</occluded><attributes /><parts><hasparts /><ispartof>2</ispartof></parts><date>16-12-21 11:48:34:670</date><id>11</id><polygon><username>anonymous</username><pt><x>900</x><y>304</y><time>16-12-21 11:48:27:148</time></pt><pt><x>925</x><y>289</y><time>16-12-21 11:48:27:410</time></pt><pt><x>968</x><y>279</y><time>16-12-21 11:48:27:666</time></pt><pt><x>985</x><y>272</y><time>16-12-21 11:48:27:850</time></pt><pt><x>1000</x><y>244</y><time>16-12-21 11:48:28:090</time></pt><pt><x>1012</x><y>229</y><time>16-12-21 11:48:28:322</time></pt><pt><x>1028</x><y>227</y><time>16-12-21 11:48:28:602</time></pt><pt><x>1065</x><y>257</y><time>16-12-21 11:48:30:066</time></pt><pt><x>1064</x><y>294</y><time>16-12-21 11:48:30:355</time></pt><pt><x>1057</x><y>339</y><time>16-12-21 11:48:30:651</time></pt><pt><x>1037</x><y>354</y><time>16-12-21 11:48:30:874</time></pt><pt><x>1027</x><y>372</y><time>16-12-21 11:48:31:097</time></pt><pt><x>997</x><y>387</y><time>16-12-21 11:48:31:306</time></pt><pt><x>955</x><y>391</y><time>16-12-21 11:48:31:521</time></pt><pt><x>915</x><y>391</y><time>16-12-21 11:48:31:754</time></pt><pt><x>903</x><y>377</y><time>16-12-21 11:48:31:970</time></pt><pt><x>895</x><y>356</y><time>16-12-21 11:48:32:210</time></pt><pt><x>882</x><y>334</y><time>16-12-21 11:48:32:434</time></pt><closed_date>16-12-21 11:48:32:650</closed_date></polygon></object><object><name>restoration</name><deleted>0</deleted><verified>0</verified><occluded>no</occluded><attributes /><parts><hasparts /><ispartof>3</ispartof></parts><date>16-12-21 11:48:49:573</date><id>12</id><polygon><username>anonymous</username><pt><x>1072</x><y>225</y><time>16-12-21 11:48:35:715</time></pt><pt><x>1090</x><y>225</y><time>16-12-21 11:48:36:026</time></pt><pt><x>1129</x><y>229</y><time>16-12-21 11:48:36:426</time></pt><pt><x>1137</x><y>230</y><time>16-12-21 11:48:36:754</time></pt><pt><x>1140</x><y>224</y><time>16-12-21 11:48:37:122</time></pt><pt><x>1145</x><y>220</y><time>16-12-21 11:48:37:338</time></pt><pt><x>1167</x><y>232</y><time>16-12-21 11:48:37:546</time></pt><pt><x>1172</x><y>250</y><time>16-12-21 11:48:37:755</time></pt><pt><x>1175</x><y>255</y><time>16-12-21 11:48:38:002</time></pt><pt><x>1194</x><y>259</y><time>16-12-21 11:48:38:218</time></pt><pt><x>1200</x><y>237</y><time>16-12-21 11:48:38:594</time></pt><pt><x>1207</x><y>232</y><time>16-12-21 11:48:38:906</time></pt><pt><x>1215</x><y>254</y><time>16-12-21 11:48:39:156</time></pt><pt><x>1215</x><y>336</y><time>16-12-21 11:48:44:730</time></pt><pt><x>1202</x><y>354</y><time>16-12-21 11:48:45:130</time></pt><pt><x>1167</x><y>354</y><time>16-12-21 11:48:45:482</time></pt><pt><x>1124</x><y>351</y><time>16-12-21 11:48:45:786</time></pt><pt><x>1105</x><y>337</y><time>16-12-21 11:48:46:114</time></pt><pt><x>1084</x><y>337</y><time>16-12-21 11:48:46:370</time></pt><pt><x>1062</x><y>321</y><time>16-12-21 11:48:46:642</time></pt><pt><x>1059</x><y>294</y><time>16-12-21 11:48:46:898</time></pt><pt><x>1059</x><y>245</y><time>16-12-21 11:48:47:162</time></pt><closed_date>16-12-21 11:48:47:370</closed_date></polygon></object><object><name>crown</name><deleted>0</deleted><verified>0</verified><occluded>no</occluded><attributes /><parts><hasparts /><ispartof>5</ispartof></parts><date>16-12-21 11:49:02:122</date><id>13</id><polygon><username>anonymous</username><pt><x>932</x><y>716</y><time>16-12-21 11:48:51:362</time></pt><pt><x>892</x><y>691</y><time>16-12-21 11:48:51:762</time></pt><pt><x>862</x><y>670</y><time>16-12-21 11:48:52:146</time></pt><pt><x>851</x><y>624</y><time>16-12-21 11:48:52:482</time></pt><pt><x>863</x><y>544</y><time>16-12-21 11:48:52:891</time></pt><pt><x>883</x><y>523</y><time>16-12-21 11:48:53:387</time></pt><pt><x>907</x><y>516</y><time>16-12-21 11:48:53:690</time></pt><pt><x>950</x><y>519</y><time>16-12-21 11:48:53:964</time></pt><pt><x>978</x><y>523</y><time>16-12-21 11:48:54:195</time></pt><pt><x>1003</x><y>521</y><time>16-12-21 11:48:54:427</time></pt><pt><x>1049</x><y>521</y><time>16-12-21 11:48:54:650</time></pt><pt><x>1075</x><y>529</y><time>16-12-21 11:48:54:859</time></pt><pt><x>1082</x><y>553</y><time>16-12-21 11:48:55:091</time></pt><pt><x>1082</x><y>603</y><time>16-12-21 11:48:55:322</time></pt><pt><x>1070</x><y>646</y><time>16-12-21 11:48:55:547</time></pt><pt><x>1052</x><y>673</y><time>16-12-21 11:48:55:772</time></pt><pt><x>1020</x><y>696</y><time>16-12-21 11:48:56:154</time></pt><pt><x>997</x><y>711</y><time>16-12-21 11:48:56:483</time></pt><pt><x>957</x><y>720</y><time>16-12-21 11:48:56:844</time></pt><closed_date>16-12-21 11:48:57:106</closed_date></polygon></object><object><name>root canal treatment</name><deleted>0</deleted><verified>0</verified><occluded>no</occluded><attributes /><parts><hasparts /><ispartof>5</ispartof></parts><date>16-12-21 11:49:09:642</date><id>14</id><polygon><username>anonymous</username><pt><x>938</x><y>723</y><time>16-12-21 11:49:02:914</time></pt><pt><x>940</x><y>793</y><time>16-12-21 11:49:03:346</time></pt><pt><x>940</x><y>828</y><time>16-12-21 11:49:03:642</time></pt><pt><x>943</x><y>880</y><time>16-12-21 11:49:03:931</time></pt><pt><x>945</x><y>925</y><time>16-12-21 11:49:04:220</time></pt><pt><x>947</x><y>942</y><time>16-12-21 11:49:04:523</time></pt><pt><x>967</x><y>945</y><time>16-12-21 11:49:05:499</time></pt><pt><x>973</x><y>808</y><time>16-12-21 11:49:06:323</time></pt><pt><x>980</x><y>736</y><time>16-12-21 11:49:06:802</time></pt><pt><x>990</x><y>716</y><time>16-12-21 11:49:07:090</time></pt><closed_date>16-12-21 11:49:07:434</closed_date></polygon></object><object><name>crown</name><deleted>0</deleted><verified>0</verified><occluded>no</occluded><attributes /><parts><hasparts /><ispartof>6</ispartof></parts><date>16-12-21 11:49:31:830</date><id>15</id><polygon><username>anonymous</username><pt><x>528</x><y>746</y><time>16-12-21 11:49:10:740</time></pt><pt><x>526</x><y>700</y><time>16-12-21 11:49:11:083</time></pt><pt><x>533</x><y>673</y><time>16-12-21 11:49:11:418</time></pt><pt><x>536</x><y>659</y><time>16-12-21 11:49:11:691</time></pt><pt><x>534</x><y>623</y><time>16-12-21 11:49:11:979</time></pt><pt><x>533</x><y>593</y><time>16-12-21 11:49:12:243</time></pt><pt><x>536</x><y>566</y><time>16-12-21 11:49:12:489</time></pt><pt><x>538</x><y>544</y><time>16-12-21 11:49:12:739</time></pt><pt><x>566</x><y>533</y><time>16-12-21 11:49:19:627</time></pt><pt><x>589</x><y>528</y><time>16-12-21 11:49:20:131</time></pt><pt><x>616</x><y>538</y><time>16-12-21 11:49:20:427</time></pt><pt><x>644</x><y>541</y><time>16-12-21 11:49:20:707</time></pt><pt><x>678</x><y>541</y><time>16-12-21 11:49:20:964</time></pt><pt><x>696</x><y>541</y><time>16-12-21 11:49:21:202</time></pt><pt><x>736</x><y>539</y><time>16-12-21 11:49:21:459</time></pt><pt><x>765</x><y>538</y><time>16-12-21 11:49:21:724</time></pt><pt><x>781</x><y>554</y><time>16-12-21 11:49:22:011</time></pt><pt><x>795</x><y>564</y><time>16-12-21 11:49:22:267</time></pt><pt><x>805</x><y>586</y><time>16-12-21 11:49:22:524</time></pt><pt><x>806</x><y>613</y><time>16-12-21 11:49:22:779</time></pt><pt><x>801</x><y>648</y><time>16-12-21 11:49:23:027</time></pt><pt><x>791</x><y>678</y><time>16-12-21 11:49:23:259</time></pt><pt><x>783</x><y>698</y><time>16-12-21 11:49:23:468</time></pt><pt><x>773</x><y>711</y><time>16-12-21 11:49:23:692</time></pt><pt><x>753</x><y>735</y><time>16-12-21 11:49:23:916</time></pt><pt><x>743</x><y>746</y><time>16-12-21 11:49:24:187</time></pt><pt><x>725</x><y>778</y><time>16-12-21 11:49:24:524</time></pt><pt><x>718</x><y>796</y><time>16-12-21 11:49:24:812</time></pt><pt><x>636</x><y>783</y><time>16-12-21 11:49:26:107</time></pt><pt><x>594</x><y>781</y><time>16-12-21 11:49:26:595</time></pt><pt><x>546</x><y>760</y><time>16-12-21 11:49:27:019</time></pt><closed_date>16-12-21 11:49:27:330</closed_date></polygon></object><object><name>root canal treatment</name><deleted>0</deleted><verified>0</verified><occluded>no</occluded><attributes /><parts><hasparts /><ispartof>6</ispartof></parts><date>16-12-21 11:49:46:886</date><id>16</id><polygon><username>anonymous</username><pt><x>523</x><y>753</y><time>16-12-21 11:49:33:260</time></pt><pt><x>538</x><y>783</y><time>16-12-21 11:49:33:627</time></pt><pt><x>534</x><y>818</y><time>16-12-21 11:49:33:938</time></pt><pt><x>529</x><y>853</y><time>16-12-21 11:49:34:178</time></pt><pt><x>523</x><y>882</y><time>16-12-21 11:49:34:410</time></pt><pt><x>521</x><y>910</y><time>16-12-21 11:49:34:627</time></pt><pt><x>519</x><y>927</y><time>16-12-21 11:49:34:860</time></pt><pt><x>519</x><y>943</y><time>16-12-21 11:49:35:162</time></pt><pt><x>518</x><y>945</y><time>16-12-21 11:49:35:571</time></pt><pt><x>658</x><y>945</y><time>16-12-21 11:49:36:643</time></pt><pt><x>656</x><y>913</y><time>16-12-21 11:49:37:011</time></pt><pt><x>671</x><y>862</y><time>16-12-21 11:49:37:251</time></pt><pt><x>681</x><y>845</y><time>16-12-21 11:49:37:467</time></pt><pt><x>698</x><y>811</y><time>16-12-21 11:49:37:699</time></pt><pt><x>710</x><y>798</y><time>16-12-21 11:49:37:923</time></pt><closed_date>16-12-21 11:49:38:771</closed_date></polygon></object><imagesize><nrows /><ncols /></imagesize></annotation>