<?xml version='1.0' encoding='UTF-8'?>
<annotation><filename>122.jpg</filename><folder>segmentation_xray</folder><source><sourceImage>The MIT-CSAIL database of objects and scenes</sourceImage><sourceAnnotation>LabelMe Webtool</sourceAnnotation></source><object><name>tooth</name><deleted>0</deleted><verified>0</verified><occluded>no</occluded><attributes>17</attributes><parts><hasparts>10</hasparts><ispartof /></parts><date>18-01-22 17:58:11:720</date><id>0</id><type>bounding_box</type><polygon><username>anonymous</username><pt><x>9</x><y>673</y><time>18-01-22 17:58:02:828</time></pt><pt><x>474</x><y>673</y><time>18-01-22 17:58:05:732</time></pt><pt><x>474</x><y>26</y><time>undefined</time></pt><pt><x>9</x><y>26</y><time>undefined</time></pt><closed_date>18-01-22 17:58:05:732</closed_date></polygon></object><object><name>tooth</name><deleted>0</deleted><verified>0</verified><occluded>no</occluded><attributes>15</attributes><parts><hasparts>11</hasparts><ispartof /></parts><date>18-01-22 17:58:21:094</date><id>1</id><type>bounding_box</type><polygon><username>anonymous</username><pt><x>834</x><y>593</y><time>18-01-22 17:58:14:304</time></pt><pt><x>450</x><y>593</y><time>18-01-22 17:58:16:771</time></pt><pt><x>450</x><y>15</y><time>undefined</time></pt><pt><x>834</x><y>15</y><time>undefined</time></pt><closed_date>18-01-22 17:58:16:772</closed_date></polygon></object><object><name>tooth</name><deleted>0</deleted><verified>0</verified><occluded>no</occluded><attributes>14</attributes><parts><hasparts>12</hasparts><ispartof /></parts><date>18-01-22 17:58:31:221</date><id>2</id><type>bounding_box</type><polygon><username>anonymous</username><pt><x>1117</x><y>556</y><time>18-01-22 17:58:23:795</time></pt><pt><x>760</x><y>556</y><time>18-01-22 17:58:27:171</time></pt><pt><x>760</x><y>22</y><time>undefined</time></pt><pt><x>1117</x><y>22</y><time>undefined</time></pt><closed_date>18-01-22 17:58:27:172</closed_date></polygon></object><object><name>tooth</name><deleted>0</deleted><verified>0</verified><occluded>no</occluded><attributes>13</attributes><parts><hasparts /><ispartof /></parts><date>18-01-22 17:58:45:687</date><id>3</id><type>bounding_box</type><polygon><username>anonymous</username><pt><x>1399</x><y>515</y><time>18-01-22 17:58:39:644</time></pt><pt><x>1017</x><y>515</y><time>18-01-22 17:58:42:003</time></pt><pt><x>1017</x><y>9</y><time>undefined</time></pt><pt><x>1399</x><y>9</y><time>undefined</time></pt><closed_date>18-01-22 17:58:42:004</closed_date></polygon></object><object><name>tooth</name><deleted>0</deleted><verified>0</verified><occluded>no</occluded><attributes>12</attributes><parts><hasparts>13</hasparts><ispartof /></parts><date>18-01-22 17:58:52:702</date><id>4</id><type>bounding_box</type><polygon><username>anonymous</username><pt><x>1601</x><y>408</y><time>18-01-22 17:58:46:952</time></pt><pt><x>1258</x><y>408</y><time>18-01-22 17:58:48:444</time></pt><pt><x>1258</x><y>20</y><time>undefined</time></pt><pt><x>1601</x><y>20</y><time>undefined</time></pt><closed_date>18-01-22 17:58:48:444</closed_date></polygon></object><object><name>tooth</name><deleted>0</deleted><verified>0</verified><occluded>no</occluded><attributes>43</attributes><parts><hasparts /><ispartof /></parts><date>18-01-22 17:59:01:606</date><id>5</id><type>bounding_box</type><polygon><username>anonymous</username><pt><x>1603</x><y>491</y><time>18-01-22 17:58:53:324</time></pt><pt><x>1405</x><y>491</y><time>18-01-22 17:58:55:090</time></pt><pt><x>1405</x><y>1216</y><time>undefined</time></pt><pt><x>1603</x><y>1216</y><time>undefined</time></pt><closed_date>18-01-22 17:58:55:090</closed_date></polygon></object><object><name>tooth</name><deleted>0</deleted><verified>0</verified><occluded>no</occluded><attributes>44</attributes><parts><hasparts /><ispartof /></parts><date>18-01-22 17:59:08:408</date><id>6</id><type>bounding_box</type><polygon><username>anonymous</username><pt><x>1145</x><y>615</y><time>18-01-22 17:59:03:828</time></pt><pt><x>1427</x><y>615</y><time>18-01-22 17:59:05:623</time></pt><pt><x>1427</x><y>1223</y><time>undefined</time></pt><pt><x>1145</x><y>1223</y><time>undefined</time></pt><closed_date>18-01-22 17:59:05:623</closed_date></polygon></object><object><name>tooth</name><deleted>0</deleted><verified>0</verified><occluded>no</occluded><attributes>45</attributes><parts><hasparts>14</hasparts><ispartof /></parts><date>18-01-22 17:59:51:412</date><id>7</id><type>bounding_box</type><polygon><username>anonymous</username><pt><x>871</x><y>645</y><time>18-01-22 17:59:09:253</time></pt><pt><x>1153</x><y>645</y><time>18-01-22 17:59:11:533</time></pt><pt><x>1153</x><y>1232</y><time>undefined</time></pt><pt><x>871</x><y>1232</y><time>undefined</time></pt><closed_date>18-01-22 17:59:11:533</closed_date></polygon></object><object><name>tooth</name><deleted>0</deleted><verified>0</verified><occluded>no</occluded><attributes>47</attributes><parts><hasparts>16</hasparts><ispartof /></parts><date>18-01-22 18:00:04:750</date><id>8</id><type>bounding_box</type><polygon><username>anonymous</username><pt><x>7</x><y>708</y><time>18-01-22 17:59:57:902</time></pt><pt><x>443</x><y>708</y><time>18-01-22 18:00:00:492</time></pt><pt><x>443</x><y>1232</y><time>undefined</time></pt><pt><x>7</x><y>1232</y><time>undefined</time></pt><closed_date>18-01-22 18:00:00:492</closed_date></polygon></object><object><name>tooth</name><deleted>0</deleted><verified>0</verified><occluded>no</occluded><attributes>46</attributes><parts><hasparts>15</hasparts><ispartof /></parts><date>18-01-22 18:00:15:136</date><id>9</id><type>bounding_box</type><polygon><username>anonymous</username><pt><x>862</x><y>680</y><time>18-01-22 18:00:08:972</time></pt><pt><x>417</x><y>680</y><time>18-01-22 18:00:11:004</time></pt><pt><x>417</x><y>1232</y><time>undefined</time></pt><pt><x>862</x><y>1232</y><time>undefined</time></pt><closed_date>18-01-22 18:00:11:005</closed_date></polygon></object><object><name>restoration</name><deleted>0</deleted><verified>0</verified><occluded>no</occluded><attributes /><parts><hasparts /><ispartof>0</ispartof></parts><date>18-01-22 18:00:28:902</date><id>10</id><polygon><username>anonymous</username><pt><x>109</x><y>582</y><time>18-01-22 18:00:16:910</time></pt><pt><x>137</x><y>597</y><time>18-01-22 18:00:17:412</time></pt><pt><x>163</x><y>606</y><time>18-01-22 18:00:17:868</time></pt><pt><x>189</x><y>595</y><time>18-01-22 18:00:18:189</time></pt><pt><x>206</x><y>595</y><time>18-01-22 18:00:18:445</time></pt><pt><x>226</x><y>571</y><time>18-01-22 18:00:18:797</time></pt><pt><x>230</x><y>558</y><time>18-01-22 18:00:19:166</time></pt><pt><x>276</x><y>545</y><time>18-01-22 18:00:19:541</time></pt><pt><x>317</x><y>530</y><time>18-01-22 18:00:19:933</time></pt><pt><x>343</x><y>528</y><time>18-01-22 18:00:20:412</time></pt><pt><x>313</x><y>454</y><time>18-01-22 18:00:21:245</time></pt><pt><x>278</x><y>439</y><time>18-01-22 18:00:21:949</time></pt><pt><x>237</x><y>450</y><time>18-01-22 18:00:22:692</time></pt><pt><x>202</x><y>478</y><time>18-01-22 18:00:23:182</time></pt><pt><x>189</x><y>489</y><time>18-01-22 18:00:23:662</time></pt><pt><x>150</x><y>478</y><time>18-01-22 18:00:24:356</time></pt><pt><x>109</x><y>491</y><time>18-01-22 18:00:24:798</time></pt><pt><x>93</x><y>519</y><time>18-01-22 18:00:25:237</time></pt><pt><x>96</x><y>554</y><time>18-01-22 18:00:25:677</time></pt><closed_date>18-01-22 18:00:26:021</closed_date></polygon></object><object><name>restoration</name><deleted>0</deleted><verified>0</verified><occluded>no</occluded><attributes /><parts><hasparts /><ispartof>1</ispartof></parts><date>18-01-22 18:00:40:102</date><id>11</id><polygon><username>anonymous</username><pt><x>593</x><y>491</y><time>18-01-22 18:00:30:054</time></pt><pt><x>619</x><y>428</y><time>18-01-22 18:00:30:956</time></pt><pt><x>645</x><y>398</y><time>18-01-22 18:00:31:492</time></pt><pt><x>678</x><y>393</y><time>18-01-22 18:00:31:869</time></pt><pt><x>691</x><y>395</y><time>18-01-22 18:00:32:229</time></pt><pt><x>732</x><y>369</y><time>18-01-22 18:00:32:789</time></pt><pt><x>760</x><y>363</y><time>18-01-22 18:00:33:188</time></pt><pt><x>793</x><y>367</y><time>18-01-22 18:00:33:716</time></pt><pt><x>819</x><y>467</y><time>18-01-22 18:00:34:893</time></pt><pt><x>786</x><y>524</y><time>18-01-22 18:00:35:798</time></pt><pt><x>741</x><y>534</y><time>18-01-22 18:00:36:213</time></pt><pt><x>693</x><y>534</y><time>18-01-22 18:00:36:837</time></pt><pt><x>628</x><y>534</y><time>18-01-22 18:00:37:333</time></pt><closed_date>18-01-22 18:00:37:989</closed_date></polygon></object><object><name>restoration</name><deleted>0</deleted><verified>0</verified><occluded>no</occluded><attributes /><parts><hasparts /><ispartof>2</ispartof></parts><date>18-01-22 18:01:01:285</date><id>12</id><polygon><username>anonymous</username><pt><x>949</x><y>395</y><time>18-01-22 18:00:46:158</time></pt><pt><x>895</x><y>400</y><time>18-01-22 18:00:46:861</time></pt><pt><x>873</x><y>424</y><time>18-01-22 18:00:47:524</time></pt><pt><x>871</x><y>437</y><time>18-01-22 18:00:47:901</time></pt><pt><x>852</x><y>461</y><time>18-01-22 18:00:48:613</time></pt><pt><x>860</x><y>495</y><time>18-01-22 18:00:50:885</time></pt><pt><x>875</x><y>495</y><time>18-01-22 18:00:51:398</time></pt><pt><x>897</x><y>495</y><time>18-01-22 18:00:51:813</time></pt><pt><x>910</x><y>497</y><time>18-01-22 18:00:52:188</time></pt><pt><x>923</x><y>493</y><time>18-01-22 18:00:52:580</time></pt><pt><x>951</x><y>491</y><time>18-01-22 18:00:52:932</time></pt><pt><x>993</x><y>491</y><time>18-01-22 18:00:53:396</time></pt><pt><x>1021</x><y>469</y><time>18-01-22 18:00:53:860</time></pt><pt><x>1036</x><y>463</y><time>18-01-22 18:00:54:236</time></pt><pt><x>1032</x><y>443</y><time>18-01-22 18:00:54:660</time></pt><pt><x>1023</x><y>441</y><time>18-01-22 18:00:55:861</time></pt><pt><x>1030</x><y>411</y><time>18-01-22 18:00:56:532</time></pt><pt><x>1014</x><y>391</y><time>18-01-22 18:00:57:068</time></pt><pt><x>1004</x><y>382</y><time>18-01-22 18:00:57:661</time></pt><pt><x>975</x><y>380</y><time>18-01-22 18:00:58:012</time></pt><closed_date>18-01-22 18:00:58:356</closed_date></polygon></object><object><name>restoration</name><deleted>0</deleted><verified>0</verified><occluded>no</occluded><attributes /><parts><hasparts /><ispartof>4</ispartof></parts><date>18-01-22 18:01:12:972</date><id>13</id><polygon><username>anonymous</username><pt><x>1353</x><y>232</y><time>18-01-22 18:01:03:317</time></pt><pt><x>1377</x><y>241</y><time>18-01-22 18:01:03:844</time></pt><pt><x>1412</x><y>243</y><time>18-01-22 18:01:04:652</time></pt><pt><x>1427</x><y>241</y><time>18-01-22 18:01:05:110</time></pt><pt><x>1455</x><y>241</y><time>18-01-22 18:01:05:532</time></pt><pt><x>1473</x><y>235</y><time>18-01-22 18:01:06:076</time></pt><pt><x>1455</x><y>209</y><time>18-01-22 18:01:06:693</time></pt><pt><x>1453</x><y>172</y><time>18-01-22 18:01:07:388</time></pt><pt><x>1442</x><y>148</y><time>18-01-22 18:01:08:012</time></pt><pt><x>1408</x><y>141</y><time>18-01-22 18:01:08:524</time></pt><pt><x>1375</x><y>159</y><time>18-01-22 18:01:09:156</time></pt><pt><x>1349</x><y>185</y><time>18-01-22 18:01:09:604</time></pt><pt><x>1349</x><y>209</y><time>18-01-22 18:01:09:996</time></pt><closed_date>18-01-22 18:01:10:349</closed_date></polygon></object><object><name>restoration</name><deleted>0</deleted><verified>0</verified><occluded>no</occluded><attributes /><parts><hasparts /><ispartof>7</ispartof></parts><date>18-01-22 18:01:24:982</date><id>14</id><polygon><username>anonymous</username><pt><x>878</x><y>799</y><time>18-01-22 18:01:14:542</time></pt><pt><x>925</x><y>823</y><time>18-01-22 18:01:15:293</time></pt><pt><x>984</x><y>819</y><time>18-01-22 18:01:15:909</time></pt><pt><x>1017</x><y>808</y><time>18-01-22 18:01:16:268</time></pt><pt><x>1049</x><y>791</y><time>18-01-22 18:01:16:740</time></pt><pt><x>1064</x><y>771</y><time>18-01-22 18:01:17:156</time></pt><pt><x>1075</x><y>765</y><time>18-01-22 18:01:17:468</time></pt><pt><x>1114</x><y>736</y><time>18-01-22 18:01:18:029</time></pt><pt><x>1106</x><y>728</y><time>18-01-22 18:01:18:492</time></pt><pt><x>1095</x><y>691</y><time>18-01-22 18:01:18:884</time></pt><pt><x>1025</x><y>704</y><time>18-01-22 18:01:19:461</time></pt><pt><x>993</x><y>710</y><time>18-01-22 18:01:19:820</time></pt><pt><x>973</x><y>697</y><time>18-01-22 18:01:20:372</time></pt><pt><x>949</x><y>702</y><time>18-01-22 18:01:20:780</time></pt><pt><x>932</x><y>723</y><time>18-01-22 18:01:21:348</time></pt><pt><x>895</x><y>758</y><time>18-01-22 18:01:22:308</time></pt><closed_date>18-01-22 18:01:22:734</closed_date></polygon></object><object><name>restoration</name><deleted>0</deleted><verified>0</verified><occluded>no</occluded><attributes /><parts><hasparts /><ispartof>9</ispartof></parts><date>18-01-22 18:01:35:358</date><id>15</id><polygon><username>anonymous</username><pt><x>515</x><y>741</y><time>18-01-22 18:01:25:878</time></pt><pt><x>515</x><y>817</y><time>18-01-22 18:01:26:773</time></pt><pt><x>547</x><y>845</y><time>18-01-22 18:01:27:628</time></pt><pt><x>623</x><y>860</y><time>18-01-22 18:01:28:420</time></pt><pt><x>699</x><y>880</y><time>18-01-22 18:01:29:093</time></pt><pt><x>754</x><y>862</y><time>18-01-22 18:01:29:725</time></pt><pt><x>806</x><y>767</y><time>18-01-22 18:01:30:476</time></pt><pt><x>810</x><y>723</y><time>18-01-22 18:01:30:972</time></pt><pt><x>784</x><y>710</y><time>18-01-22 18:01:31:412</time></pt><pt><x>730</x><y>719</y><time>18-01-22 18:01:31:805</time></pt><pt><x>702</x><y>732</y><time>18-01-22 18:01:32:204</time></pt><closed_date>18-01-22 18:01:33:093</closed_date></polygon></object><object><name>restoration</name><deleted>0</deleted><verified>0</verified><occluded>no</occluded><attributes /><parts><hasparts /><ispartof>8</ispartof></parts><date>18-01-22 18:02:26:112</date><id>16</id><polygon><username>anonymous</username><pt><x>378</x><y>882</y><time>18-01-22 18:01:36:766</time></pt><pt><x>380</x><y>802</y><time>18-01-22 18:01:37:245</time></pt><pt><x>350</x><y>756</y><time>18-01-22 18:01:37:725</time></pt><pt><x>311</x><y>754</y><time>18-01-22 18:01:38:100</time></pt><pt><x>282</x><y>775</y><time>18-01-22 18:01:38:412</time></pt><pt><x>245</x><y>793</y><time>18-01-22 18:02:17:230</time></pt><pt><x>187</x><y>775</y><time>18-01-22 18:02:17:678</time></pt><pt><x>119</x><y>767</y><time>18-01-22 18:02:18:206</time></pt><pt><x>96</x><y>758</y><time>18-01-22 18:02:18:541</time></pt><pt><x>93</x><y>838</y><time>18-01-22 18:02:19:574</time></pt><pt><x>111</x><y>871</y><time>18-01-22 18:02:20:062</time></pt><pt><x>150</x><y>865</y><time>18-01-22 18:02:20:478</time></pt><pt><x>185</x><y>869</y><time>18-01-22 18:02:20:831</time></pt><pt><x>200</x><y>899</y><time>18-01-22 18:02:21:286</time></pt><pt><x>226</x><y>906</y><time>18-01-22 18:02:21:669</time></pt><pt><x>306</x><y>891</y><time>18-01-22 18:02:22:406</time></pt><pt><x>343</x><y>893</y><time>18-01-22 18:02:22:870</time></pt><closed_date>18-01-22 18:02:23:359</closed_date></polygon></object><imagesize><nrows /><ncols /></imagesize></annotation>