<?xml version='1.0' encoding='UTF-8'?>
<annotation><filename>125.jpg</filename><folder>segmentation_xray</folder><source><sourceImage>The MIT-CSAIL database of objects and scenes</sourceImage><sourceAnnotation>LabelMe Webtool</sourceAnnotation></source><object><name>tooth</name><deleted>0</deleted><verified>0</verified><occluded>no</occluded><attributes>17</attributes><parts><hasparts>10,9</hasparts><ispartof /></parts><date>14-01-22 14:44:52:723</date><id>0</id><type>bounding_box</type><polygon><username>anonymous</username><pt><x>282</x><y>20</y><time>14-01-22 14:44:47:161</time></pt><pt><x>666</x><y>20</y><time>14-01-22 14:44:48:641</time></pt><pt><x>666</x><y>574</y><time>undefined</time></pt><pt><x>282</x><y>574</y><time>undefined</time></pt><closed_date>14-01-22 14:44:48:641</closed_date></polygon></object><object><name>tooth</name><deleted>0</deleted><verified>0</verified><occluded>no</occluded><attributes>16</attributes><parts><hasparts>11,12</hasparts><ispartof /></parts><date>14-01-22 14:45:02:241</date><id>1</id><type>bounding_box</type><polygon><username>anonymous</username><pt><x>1097</x><y>596</y><time>14-01-22 14:44:55:890</time></pt><pt><x>661</x><y>596</y><time>14-01-22 14:44:58:889</time></pt><pt><x>661</x><y>7</y><time>undefined</time></pt><pt><x>1097</x><y>7</y><time>undefined</time></pt><closed_date>14-01-22 14:44:58:889</closed_date></polygon></object><object><name>tooth</name><deleted>0</deleted><verified>0</verified><occluded>no</occluded><attributes>15</attributes><parts><hasparts>13</hasparts><ispartof /></parts><date>14-01-22 14:45:10:090</date><id>2</id><type>bounding_box</type><polygon><username>anonymous</username><pt><x>1377</x><y>596</y><time>14-01-22 14:45:04:114</time></pt><pt><x>1069</x><y>596</y><time>14-01-22 14:45:06:128</time></pt><pt><x>1069</x><y>4</y><time>undefined</time></pt><pt><x>1377</x><y>4</y><time>undefined</time></pt><closed_date>14-01-22 14:45:06:128</closed_date></polygon></object><object><name>tooth</name><deleted>0</deleted><verified>0</verified><occluded>no</occluded><attributes>14</attributes><parts><hasparts>14</hasparts><ispartof /></parts><date>14-01-22 14:45:18:082</date><id>3</id><type>bounding_box</type><polygon><username>anonymous</username><pt><x>1601</x><y>545</y><time>14-01-22 14:45:11:363</time></pt><pt><x>1283</x><y>545</y><time>14-01-22 14:45:14:497</time></pt><pt><x>1283</x><y>7</y><time>undefined</time></pt><pt><x>1601</x><y>7</y><time>undefined</time></pt><closed_date>14-01-22 14:45:14:497</closed_date></polygon></object><object><name>tooth</name><deleted>0</deleted><verified>0</verified><occluded>no</occluded><attributes>43</attributes><parts><hasparts /><ispartof /></parts><date>14-01-22 14:45:26:220</date><id>4</id><type>bounding_box</type><polygon><username>anonymous</username><pt><x>1605</x><y>672</y><time>14-01-22 14:45:18:962</time></pt><pt><x>1393</x><y>672</y><time>14-01-22 14:45:20:977</time></pt><pt><x>1393</x><y>1222</y><time>undefined</time></pt><pt><x>1605</x><y>1222</y><time>undefined</time></pt><closed_date>14-01-22 14:45:20:977</closed_date></polygon></object><object><name>tooth</name><deleted>0</deleted><verified>0</verified><occluded>no</occluded><attributes>45</attributes><parts><hasparts>15,16</hasparts><ispartof /></parts><date>14-01-22 14:45:34:242</date><id>5</id><type>bounding_box</type><polygon><username>anonymous</username><pt><x>1211</x><y>646</y><time>14-01-22 14:45:28:162</time></pt><pt><x>880</x><y>646</y><time>14-01-22 14:45:30:977</time></pt><pt><x>880</x><y>1228</y><time>undefined</time></pt><pt><x>1211</x><y>1228</y><time>undefined</time></pt><closed_date>14-01-22 14:45:30:977</closed_date></polygon></object><object><name>tooth</name><deleted>0</deleted><verified>0</verified><occluded>no</occluded><attributes>44</attributes><parts><hasparts /><ispartof /></parts><date>14-01-22 14:45:44:021</date><id>6</id><type>bounding_box</type><polygon><username>anonymous</username><pt><x>1176</x><y>1211</y><time>14-01-22 14:45:38:865</time></pt><pt><x>1482</x><y>1211</y><time>14-01-22 14:45:40:928</time></pt><pt><x>1482</x><y>655</y><time>undefined</time></pt><pt><x>1176</x><y>655</y><time>undefined</time></pt><closed_date>14-01-22 14:45:40:928</closed_date></polygon></object><object><name>tooth</name><deleted>0</deleted><verified>0</verified><occluded>no</occluded><attributes>46</attributes><parts><hasparts>17,19</hasparts><ispartof /></parts><date>14-01-22 14:45:54:424</date><id>7</id><type>bounding_box</type><polygon><username>anonymous</username><pt><x>272</x><y>1224</y><time>14-01-22 14:45:47:377</time></pt><pt><x>920</x><y>1224</y><time>14-01-22 14:45:50:465</time></pt><pt><x>920</x><y>618</y><time>undefined</time></pt><pt><x>272</x><y>618</y><time>undefined</time></pt><closed_date>14-01-22 14:45:50:465</closed_date></polygon></object><object><name>tooth</name><deleted>0</deleted><verified>0</verified><occluded>no</occluded><attributes>47</attributes><parts><hasparts>18</hasparts><ispartof /></parts><date>14-01-22 14:46:02:177</date><id>8</id><type>bounding_box</type><polygon><username>anonymous</username><pt><x>7</x><y>519</y><time>14-01-22 14:45:55:955</time></pt><pt><x>462</x><y>519</y><time>14-01-22 14:45:58:465</time></pt><pt><x>462</x><y>1097</y><time>undefined</time></pt><pt><x>7</x><y>1097</y><time>undefined</time></pt><closed_date>14-01-22 14:45:58:465</closed_date></polygon></object><object><name>restoration</name><deleted>0</deleted><verified>0</verified><occluded>no</occluded><attributes /><parts><hasparts /><ispartof>0</ispartof></parts><date>14-01-22 14:46:17:227</date><id>9</id><polygon><username>anonymous</username><pt><x>416</x><y>318</y><time>14-01-22 14:46:04:355</time></pt><pt><x>388</x><y>346</y><time>14-01-22 14:46:05:001</time></pt><pt><x>390</x><y>385</y><time>14-01-22 14:46:05:361</time></pt><pt><x>407</x><y>414</y><time>14-01-22 14:46:05:585</time></pt><pt><x>414</x><y>442</y><time>14-01-22 14:46:05:865</time></pt><pt><x>414</x><y>482</y><time>14-01-22 14:46:06:128</time></pt><pt><x>416</x><y>510</y><time>14-01-22 14:46:06:408</time></pt><pt><x>418</x><y>528</y><time>14-01-22 14:46:10:361</time></pt><pt><x>508</x><y>539</y><time>14-01-22 14:46:10:729</time></pt><pt><x>547</x><y>552</y><time>14-01-22 14:46:11:306</time></pt><pt><x>580</x><y>558</y><time>14-01-22 14:46:11:658</time></pt><pt><x>598</x><y>539</y><time>14-01-22 14:46:11:922</time></pt><pt><x>600</x><y>499</y><time>14-01-22 14:46:12:162</time></pt><pt><x>600</x><y>455</y><time>14-01-22 14:46:12:361</time></pt><pt><x>604</x><y>416</y><time>14-01-22 14:46:12:570</time></pt><pt><x>613</x><y>394</y><time>14-01-22 14:46:12:810</time></pt><pt><x>622</x><y>370</y><time>14-01-22 14:46:13:025</time></pt><pt><x>598</x><y>328</y><time>14-01-22 14:46:13:370</time></pt><pt><x>554</x><y>328</y><time>14-01-22 14:46:13:627</time></pt><pt><x>539</x><y>337</y><time>14-01-22 14:46:13:834</time></pt><pt><x>515</x><y>326</y><time>14-01-22 14:46:14:098</time></pt><pt><x>501</x><y>304</y><time>14-01-22 14:46:14:314</time></pt><pt><x>445</x><y>302</y><time>14-01-22 14:46:14:529</time></pt><closed_date>14-01-22 14:46:14:745</closed_date></polygon></object><object><name>root canal treatment</name><deleted>0</deleted><verified>0</verified><occluded>no</occluded><attributes /><parts><hasparts /><ispartof>0</ispartof></parts><date>14-01-22 14:46:24:295</date><id>10</id><polygon><username>anonymous</username><pt><x>416</x><y>293</y><time>14-01-22 14:46:18:147</time></pt><pt><x>427</x><y>13</y><time>14-01-22 14:46:19:282</time></pt><pt><x>458</x><y>11</y><time>14-01-22 14:46:19:769</time></pt><pt><x>501</x><y>289</y><time>14-01-22 14:46:20:793</time></pt><closed_date>14-01-22 14:46:21:674</closed_date></polygon></object><object><name>root canal treatment</name><deleted>0</deleted><verified>0</verified><occluded>no</occluded><attributes /><parts><hasparts /><ispartof>1</ispartof></parts><date>14-01-22 14:46:33:510</date><id>11</id><polygon><username>anonymous</username><pt><x>766</x><y>206</y><time>14-01-22 14:46:25:108</time></pt><pt><x>714</x><y>26</y><time>14-01-22 14:46:25:626</time></pt><pt><x>769</x><y>20</y><time>14-01-22 14:46:26:386</time></pt><pt><x>826</x><y>169</y><time>14-01-22 14:46:27:163</time></pt><pt><x>865</x><y>173</y><time>14-01-22 14:46:27:882</time></pt><pt><x>832</x><y>24</y><time>14-01-22 14:46:28:714</time></pt><pt><x>863</x><y>18</y><time>14-01-22 14:46:29:146</time></pt><pt><x>898</x><y>208</y><time>14-01-22 14:46:29:986</time></pt><pt><x>856</x><y>210</y><time>14-01-22 14:46:30:570</time></pt><pt><x>793</x><y>206</y><time>14-01-22 14:46:30:977</time></pt><closed_date>14-01-22 14:46:31:258</closed_date></polygon></object><object><name>restoration</name><deleted>0</deleted><verified>0</verified><occluded>no</occluded><attributes /><parts><hasparts /><ispartof>1</ispartof></parts><date>14-01-22 14:46:54:948</date><id>12</id><polygon><username>anonymous</username><pt><x>777</x><y>223</y><time>14-01-22 14:46:34:373</time></pt><pt><x>758</x><y>282</y><time>14-01-22 14:46:38:985</time></pt><pt><x>745</x><y>287</y><time>14-01-22 14:46:40:890</time></pt><pt><x>727</x><y>309</y><time>14-01-22 14:46:41:258</time></pt><pt><x>725</x><y>333</y><time>14-01-22 14:46:41:523</time></pt><pt><x>723</x><y>344</y><time>14-01-22 14:46:41:794</time></pt><pt><x>696</x><y>361</y><time>14-01-22 14:46:42:290</time></pt><pt><x>683</x><y>388</y><time>14-01-22 14:46:42:626</time></pt><pt><x>672</x><y>412</y><time>14-01-22 14:46:42:881</time></pt><pt><x>668</x><y>447</y><time>14-01-22 14:46:43:122</time></pt><pt><x>668</x><y>471</y><time>14-01-22 14:46:43:331</time></pt><pt><x>670</x><y>501</y><time>14-01-22 14:46:43:562</time></pt><pt><x>674</x><y>528</y><time>14-01-22 14:46:44:090</time></pt><pt><x>690</x><y>547</y><time>14-01-22 14:46:44:362</time></pt><pt><x>712</x><y>563</y><time>14-01-22 14:46:44:842</time></pt><pt><x>753</x><y>565</y><time>14-01-22 14:46:45:706</time></pt><pt><x>793</x><y>563</y><time>14-01-22 14:46:45:978</time></pt><pt><x>815</x><y>552</y><time>14-01-22 14:46:46:210</time></pt><pt><x>867</x><y>550</y><time>14-01-22 14:46:46:409</time></pt><pt><x>911</x><y>552</y><time>14-01-22 14:46:46:620</time></pt><pt><x>970</x><y>558</y><time>14-01-22 14:46:46:834</time></pt><pt><x>992</x><y>554</y><time>14-01-22 14:46:47:066</time></pt><pt><x>1016</x><y>541</y><time>14-01-22 14:46:47:282</time></pt><pt><x>1038</x><y>521</y><time>14-01-22 14:46:47:490</time></pt><pt><x>1045</x><y>497</y><time>14-01-22 14:46:47:715</time></pt><pt><x>1077</x><y>491</y><time>14-01-22 14:46:47:898</time></pt><pt><x>1088</x><y>475</y><time>14-01-22 14:46:48:177</time></pt><pt><x>1073</x><y>412</y><time>14-01-22 14:46:48:626</time></pt><pt><x>1045</x><y>405</y><time>14-01-22 14:46:49:218</time></pt><pt><x>1005</x><y>394</y><time>14-01-22 14:46:49:578</time></pt><pt><x>988</x><y>374</y><time>14-01-22 14:46:49:842</time></pt><pt><x>977</x><y>353</y><time>14-01-22 14:46:50:106</time></pt><pt><x>961</x><y>342</y><time>14-01-22 14:46:50:386</time></pt><pt><x>928</x><y>307</y><time>14-01-22 14:46:50:938</time></pt><pt><x>898</x><y>212</y><time>14-01-22 14:46:51:658</time></pt><closed_date>14-01-22 14:46:52:306</closed_date></polygon></object><object><name>restoration</name><deleted>0</deleted><verified>0</verified><occluded>no</occluded><attributes /><parts><hasparts /><ispartof>2</ispartof></parts><date>14-01-22 14:47:49:126</date><id>13</id><polygon><username>anonymous</username><pt><x>1104</x><y>390</y><time>14-01-22 14:47:40:349</time></pt><pt><x>1137</x><y>388</y><time>14-01-22 14:47:40:882</time></pt><pt><x>1152</x><y>418</y><time>14-01-22 14:47:41:266</time></pt><pt><x>1154</x><y>453</y><time>14-01-22 14:47:41:604</time></pt><pt><x>1158</x><y>473</y><time>14-01-22 14:47:41:914</time></pt><pt><x>1200</x><y>471</y><time>14-01-22 14:47:42:251</time></pt><pt><x>1233</x><y>466</y><time>14-01-22 14:47:42:531</time></pt><pt><x>1244</x><y>493</y><time>14-01-22 14:47:42:764</time></pt><pt><x>1248</x><y>497</y><time>14-01-22 14:47:42:987</time></pt><pt><x>1277</x><y>497</y><time>14-01-22 14:47:43:202</time></pt><pt><x>1310</x><y>504</y><time>14-01-22 14:47:43:410</time></pt><pt><x>1316</x><y>530</y><time>14-01-22 14:47:43:794</time></pt><pt><x>1272</x><y>556</y><time>14-01-22 14:47:44:410</time></pt><pt><x>1242</x><y>576</y><time>14-01-22 14:47:44:787</time></pt><pt><x>1204</x><y>576</y><time>14-01-22 14:47:45:067</time></pt><pt><x>1174</x><y>563</y><time>14-01-22 14:47:45:354</time></pt><pt><x>1150</x><y>545</y><time>14-01-22 14:47:45:627</time></pt><pt><x>1106</x><y>528</y><time>14-01-22 14:47:45:834</time></pt><pt><x>1104</x><y>495</y><time>14-01-22 14:47:46:188</time></pt><pt><x>1088</x><y>414</y><time>14-01-22 14:47:46:506</time></pt><closed_date>14-01-22 14:47:46:778</closed_date></polygon></object><object><name>restoration</name><deleted>0</deleted><verified>0</verified><occluded>no</occluded><attributes /><parts><hasparts /><ispartof>3</ispartof></parts><date>14-01-22 14:47:58:244</date><id>14</id><polygon><username>anonymous</username><pt><x>1397</x><y>466</y><time>14-01-22 14:47:50:564</time></pt><pt><x>1408</x><y>442</y><time>14-01-22 14:47:51:106</time></pt><pt><x>1450</x><y>449</y><time>14-01-22 14:47:51:739</time></pt><pt><x>1474</x><y>453</y><time>14-01-22 14:47:52:027</time></pt><pt><x>1482</x><y>455</y><time>14-01-22 14:47:52:291</time></pt><pt><x>1493</x><y>447</y><time>14-01-22 14:47:52:587</time></pt><pt><x>1533</x><y>431</y><time>14-01-22 14:47:52:835</time></pt><pt><x>1553</x><y>423</y><time>14-01-22 14:47:53:171</time></pt><pt><x>1581</x><y>442</y><time>14-01-22 14:47:54:043</time></pt><pt><x>1579</x><y>462</y><time>14-01-22 14:47:54:404</time></pt><pt><x>1568</x><y>480</y><time>14-01-22 14:47:54:652</time></pt><pt><x>1550</x><y>491</y><time>14-01-22 14:47:54:842</time></pt><pt><x>1515</x><y>488</y><time>14-01-22 14:47:55:123</time></pt><pt><x>1489</x><y>497</y><time>14-01-22 14:47:55:363</time></pt><pt><x>1445</x><y>493</y><time>14-01-22 14:47:55:643</time></pt><pt><x>1399</x><y>510</y><time>14-01-22 14:47:55:915</time></pt><closed_date>14-01-22 14:47:56:483</closed_date></polygon></object><object><name>restoration</name><deleted>0</deleted><verified>0</verified><occluded>no</occluded><attributes /><parts><hasparts /><ispartof>5</ispartof></parts><date>14-01-22 14:48:08:229</date><id>15</id><polygon><username>anonymous</username><pt><x>1034</x><y>974</y><time>14-01-22 14:47:59:196</time></pt><pt><x>1097</x><y>788</y><time>14-01-22 14:48:00:018</time></pt><pt><x>1145</x><y>709</y><time>14-01-22 14:48:01:226</time></pt><pt><x>1097</x><y>703</y><time>14-01-22 14:48:01:898</time></pt><pt><x>1042</x><y>703</y><time>14-01-22 14:48:02:162</time></pt><pt><x>968</x><y>712</y><time>14-01-22 14:48:02:634</time></pt><pt><x>928</x><y>712</y><time>14-01-22 14:48:03:194</time></pt><pt><x>915</x><y>760</y><time>14-01-22 14:48:03:626</time></pt><pt><x>937</x><y>843</y><time>14-01-22 14:48:04:283</time></pt><pt><x>968</x><y>869</y><time>14-01-22 14:48:04:786</time></pt><pt><x>988</x><y>887</y><time>14-01-22 14:48:05:036</time></pt><pt><x>996</x><y>939</y><time>14-01-22 14:48:05:411</time></pt><pt><x>999</x><y>972</y><time>14-01-22 14:48:05:811</time></pt><closed_date>14-01-22 14:48:06:194</closed_date></polygon></object><object><name>root canal treatment</name><deleted>0</deleted><verified>0</verified><occluded>no</occluded><attributes /><parts><hasparts /><ispartof>5</ispartof></parts><date>14-01-22 14:48:14:502</date><id>16</id><polygon><username>anonymous</username><pt><x>983</x><y>979</y><time>14-01-22 14:48:08:844</time></pt><pt><x>935</x><y>1233</y><time>14-01-22 14:48:09:979</time></pt><pt><x>974</x><y>1226</y><time>14-01-22 14:48:10:539</time></pt><pt><x>1036</x><y>988</y><time>14-01-22 14:48:11:547</time></pt><closed_date>14-01-22 14:48:12:027</closed_date></polygon></object><object><name>restoration</name><deleted>0</deleted><verified>0</verified><occluded>no</occluded><attributes /><parts><hasparts /><ispartof>7</ispartof></parts><date>14-01-22 14:48:30:645</date><id>17</id><polygon><username>anonymous</username><pt><x>569</x><y>701</y><time>14-01-22 14:48:15:300</time></pt><pt><x>644</x><y>740</y><time>14-01-22 14:48:16:059</time></pt><pt><x>659</x><y>806</y><time>14-01-22 14:48:19:851</time></pt><pt><x>681</x><y>812</y><time>14-01-22 14:48:20:539</time></pt><pt><x>723</x><y>830</y><time>14-01-22 14:48:20:899</time></pt><pt><x>749</x><y>815</y><time>14-01-22 14:48:21:363</time></pt><pt><x>771</x><y>782</y><time>14-01-22 14:48:21:899</time></pt><pt><x>777</x><y>771</y><time>14-01-22 14:48:22:259</time></pt><pt><x>801</x><y>775</y><time>14-01-22 14:48:22:692</time></pt><pt><x>815</x><y>771</y><time>14-01-22 14:48:22:979</time></pt><pt><x>819</x><y>758</y><time>14-01-22 14:48:23:243</time></pt><pt><x>823</x><y>747</y><time>14-01-22 14:48:23:482</time></pt><pt><x>815</x><y>727</y><time>14-01-22 14:48:23:995</time></pt><pt><x>777</x><y>718</y><time>14-01-22 14:48:24:602</time></pt><pt><x>742</x><y>705</y><time>14-01-22 14:48:24:891</time></pt><pt><x>703</x><y>705</y><time>14-01-22 14:48:25:131</time></pt><pt><x>696</x><y>685</y><time>14-01-22 14:48:25:555</time></pt><pt><x>690</x><y>677</y><time>14-01-22 14:48:25:947</time></pt><pt><x>655</x><y>679</y><time>14-01-22 14:48:26:306</time></pt><pt><x>622</x><y>674</y><time>14-01-22 14:48:26:731</time></pt><pt><x>565</x><y>653</y><time>14-01-22 14:48:27:163</time></pt><closed_date>14-01-22 14:48:27:771</closed_date></polygon></object><object><name>restoration</name><deleted>0</deleted><verified>0</verified><occluded>no</occluded><attributes /><parts><hasparts /><ispartof>8</ispartof></parts><date>14-01-22 14:48:41:679</date><id>18</id><polygon><username>anonymous</username><pt><x>208</x><y>598</y><time>14-01-22 14:48:31:668</time></pt><pt><x>197</x><y>628</y><time>14-01-22 14:48:32:138</time></pt><pt><x>206</x><y>659</y><time>14-01-22 14:48:32:419</time></pt><pt><x>223</x><y>679</y><time>14-01-22 14:48:32:659</time></pt><pt><x>245</x><y>692</y><time>14-01-22 14:48:32:923</time></pt><pt><x>265</x><y>703</y><time>14-01-22 14:48:33:179</time></pt><pt><x>285</x><y>718</y><time>14-01-22 14:48:33:403</time></pt><pt><x>311</x><y>734</y><time>14-01-22 14:48:33:939</time></pt><pt><x>346</x><y>742</y><time>14-01-22 14:48:34:187</time></pt><pt><x>374</x><y>740</y><time>14-01-22 14:48:34:419</time></pt><pt><x>405</x><y>712</y><time>14-01-22 14:48:34:739</time></pt><pt><x>423</x><y>679</y><time>14-01-22 14:48:35:011</time></pt><pt><x>423</x><y>664</y><time>14-01-22 14:48:35:515</time></pt><pt><x>396</x><y>657</y><time>14-01-22 14:48:35:787</time></pt><pt><x>361</x><y>657</y><time>14-01-22 14:48:35:995</time></pt><pt><x>337</x><y>657</y><time>14-01-22 14:48:36:195</time></pt><pt><x>318</x><y>639</y><time>14-01-22 14:48:36:451</time></pt><pt><x>296</x><y>626</y><time>14-01-22 14:48:36:739</time></pt><pt><x>261</x><y>622</y><time>14-01-22 14:48:36:987</time></pt><pt><x>236</x><y>607</y><time>14-01-22 14:48:37:301</time></pt><closed_date>14-01-22 14:48:37:700</closed_date></polygon></object><object><name>restoration</name><deleted>0</deleted><verified>0</verified><occluded>no</occluded><attributes /><parts><hasparts /><ispartof>7</ispartof></parts><date>14-01-22 14:48:54:871</date><id>19</id><polygon><username>anonymous</username><pt><x>815</x><y>944</y><time>14-01-22 14:48:43:949</time></pt><pt><x>832</x><y>854</y><time>14-01-22 14:48:44:836</time></pt><pt><x>823</x><y>817</y><time>14-01-22 14:48:45:307</time></pt><pt><x>828</x><y>769</y><time>14-01-22 14:48:45:779</time></pt><pt><x>852</x><y>747</y><time>14-01-22 14:48:46:147</time></pt><pt><x>893</x><y>745</y><time>14-01-22 14:48:46:555</time></pt><pt><x>909</x><y>762</y><time>14-01-22 14:48:46:875</time></pt><pt><x>911</x><y>786</y><time>14-01-22 14:48:47:190</time></pt><pt><x>898</x><y>834</y><time>14-01-22 14:48:50:211</time></pt><pt><x>878</x><y>852</y><time>14-01-22 14:48:50:595</time></pt><pt><x>854</x><y>889</y><time>14-01-22 14:48:50:915</time></pt><pt><x>832</x><y>915</y><time>14-01-22 14:48:51:219</time></pt><closed_date>14-01-22 14:48:51:651</closed_date></polygon></object><imagesize><nrows /><ncols /></imagesize></annotation>