<?xml version='1.0' encoding='UTF-8'?>
<annotation><filename>126.jpg</filename><folder>segmentation_xray</folder><source><sourceImage>The MIT-CSAIL database of objects and scenes</sourceImage><sourceAnnotation>LabelMe Webtool</sourceAnnotation></source><object><name>tooth</name><deleted>0</deleted><verified>0</verified><occluded>no</occluded><attributes>26</attributes><parts><hasparts>10</hasparts><ispartof /></parts><date>14-12-21 19:12:37:561</date><id>0</id><type>bounding_box</type><polygon><username>anonymous</username><pt><x>791</x><y>606</y><time>14-12-21 19:12:28:409</time></pt><pt><x>1226</x><y>606</y><time>14-12-21 19:12:30:520</time></pt><pt><x>1226</x><y>24</y><time>undefined</time></pt><pt><x>791</x><y>24</y><time>undefined</time></pt><closed_date>14-12-21 19:12:30:520</closed_date></polygon></object><object><name>tooth</name><deleted>0</deleted><verified>0</verified><occluded>no</occluded><attributes>25</attributes><parts><hasparts>11</hasparts><ispartof /></parts><date>14-12-21 19:12:45:672</date><id>1</id><type>bounding_box</type><polygon><username>anonymous</username><pt><x>549</x><y>602</y><time>14-12-21 19:12:39:505</time></pt><pt><x>793</x><y>602</y><time>14-12-21 19:12:40:928</time></pt><pt><x>793</x><y>26</y><time>undefined</time></pt><pt><x>549</x><y>26</y><time>undefined</time></pt><closed_date>14-12-21 19:12:40:928</closed_date></polygon></object><object><name>tooth</name><deleted>0</deleted><verified>0</verified><occluded>no</occluded><attributes>24</attributes><parts><hasparts>17,18</hasparts><ispartof /></parts><date>14-12-21 19:12:54:801</date><id>2</id><type>bounding_box</type><polygon><username>anonymous</username><pt><x>268</x><y>644</y><time>14-12-21 19:12:48:192</time></pt><pt><x>538</x><y>644</y><time>14-12-21 19:12:49:991</time></pt><pt><x>538</x><y>7</y><time>undefined</time></pt><pt><x>268</x><y>7</y><time>undefined</time></pt><closed_date>14-12-21 19:12:49:991</closed_date></polygon></object><object><name>tooth</name><deleted>0</deleted><verified>0</verified><occluded>no</occluded><attributes>23</attributes><parts><hasparts /><ispartof /></parts><date>14-12-21 19:13:03:294</date><id>3</id><type>bounding_box</type><polygon><username>anonymous</username><pt><x>4</x><y>718</y><time>14-12-21 19:12:55:857</time></pt><pt><x>279</x><y>718</y><time>14-12-21 19:12:57:519</time></pt><pt><x>279</x><y>11</y><time>undefined</time></pt><pt><x>4</x><y>11</y><time>undefined</time></pt><closed_date>14-12-21 19:12:57:520</closed_date></polygon></object><object><name>tooth</name><deleted>0</deleted><verified>0</verified><occluded>no</occluded><attributes>28</attributes><parts><hasparts>12</hasparts><ispartof /></parts><date>14-12-21 19:13:09:584</date><id>4</id><type>bounding_box</type><polygon><username>anonymous</username><pt><x>1448</x><y>59</y><time>14-12-21 19:13:04:313</time></pt><pt><x>1599</x><y>59</y><time>14-12-21 19:13:04:954</time></pt><pt><x>1599</x><y>292</y><time>undefined</time></pt><pt><x>1448</x><y>292</y><time>undefined</time></pt><closed_date>14-12-21 19:13:04:955</closed_date></polygon></object><object><name>tooth</name><deleted>0</deleted><verified>0</verified><occluded>no</occluded><attributes>33</attributes><parts><hasparts /><ispartof /></parts><date>14-12-21 19:13:17:260</date><id>5</id><type>bounding_box</type><polygon><username>anonymous</username><pt><x>13</x><y>727</y><time>14-12-21 19:13:13:654</time></pt><pt><x>319</x><y>727</y><time>14-12-21 19:13:15:719</time></pt><pt><x>319</x><y>1235</y><time>undefined</time></pt><pt><x>13</x><y>1235</y><time>undefined</time></pt><closed_date>14-12-21 19:13:15:719</closed_date></polygon></object><object><name>tooth</name><deleted>0</deleted><verified>0</verified><occluded>no</occluded><attributes>34</attributes><parts><hasparts /><ispartof /></parts><date>14-12-21 19:13:32:033</date><id>6</id><type>bounding_box</type><polygon><username>anonymous</username><pt><x>516</x><y>710</y><time>14-12-21 19:13:24:947</time></pt><pt><x>189</x><y>710</y><time>14-12-21 19:13:26:791</time></pt><pt><x>189</x><y>1230</y><time>undefined</time></pt><pt><x>516</x><y>1230</y><time>undefined</time></pt><closed_date>14-12-21 19:13:26:791</closed_date></polygon></object><object><name>tooth</name><deleted>0</deleted><verified>0</verified><occluded>no</occluded><attributes>35</attributes><parts><hasparts>15,16</hasparts><ispartof /></parts><date>14-12-21 19:13:43:331</date><id>7</id><type>bounding_box</type><polygon><username>anonymous</username><pt><x>850</x><y>668</y><time>14-12-21 19:13:34:817</time></pt><pt><x>512</x><y>668</y><time>14-12-21 19:13:39:127</time></pt><pt><x>512</x><y>1226</y><time>undefined</time></pt><pt><x>850</x><y>1226</y><time>undefined</time></pt><closed_date>14-12-21 19:13:39:128</closed_date></polygon></object><object><name>tooth</name><deleted>0</deleted><verified>0</verified><occluded>no</occluded><attributes>38</attributes><parts><hasparts>13</hasparts><ispartof /></parts><date>14-12-21 19:13:53:289</date><id>8</id><type>bounding_box</type><polygon><username>anonymous</username><pt><x>1604</x><y>314</y><time>14-12-21 19:13:47:208</time></pt><pt><x>1413</x><y>314</y><time>14-12-21 19:13:48:871</time></pt><pt><x>1413</x><y>764</y><time>undefined</time></pt><pt><x>1604</x><y>764</y><time>undefined</time></pt><closed_date>14-12-21 19:13:48:872</closed_date></polygon></object><object><name>tooth</name><deleted>0</deleted><verified>0</verified><occluded>no</occluded><attributes>37</attributes><parts><hasparts>14</hasparts><ispartof /></parts><date>14-12-21 19:14:20:486</date><id>9</id><type>bounding_box</type><polygon><username>anonymous</username><pt><x>1019</x><y>1228</y><time>14-12-21 19:14:12:305</time></pt><pt><x>1593</x><y>1228</y><time>14-12-21 19:14:16:000</time></pt><pt><x>1593</x><y>490</y><time>undefined</time></pt><pt><x>1019</x><y>490</y><time>undefined</time></pt><closed_date>14-12-21 19:14:16:000</closed_date></polygon></object><object><name>restoration</name><deleted>0</deleted><verified>0</verified><occluded>no</occluded><attributes /><parts><hasparts /><ispartof>0</ispartof></parts><date>14-12-21 19:14:57:432</date><id>10</id><polygon><username>anonymous</username><pt><x>1041</x><y>422</y><time>14-12-21 19:14:47:058</time></pt><pt><x>1019</x><y>402</y><time>14-12-21 19:14:47:431</time></pt><pt><x>995</x><y>398</y><time>14-12-21 19:14:47:784</time></pt><pt><x>969</x><y>398</y><time>14-12-21 19:14:48:032</time></pt><pt><x>929</x><y>413</y><time>14-12-21 19:14:48:400</time></pt><pt><x>892</x><y>420</y><time>14-12-21 19:14:48:696</time></pt><pt><x>901</x><y>444</y><time>14-12-21 19:14:49:176</time></pt><pt><x>907</x><y>472</y><time>14-12-21 19:14:49:480</time></pt><pt><x>909</x><y>492</y><time>14-12-21 19:14:49:720</time></pt><pt><x>914</x><y>501</y><time>14-12-21 19:14:49:992</time></pt><pt><x>923</x><y>505</y><time>14-12-21 19:14:50:210</time></pt><pt><x>945</x><y>505</y><time>14-12-21 19:14:50:400</time></pt><pt><x>967</x><y>499</y><time>14-12-21 19:14:50:615</time></pt><pt><x>982</x><y>499</y><time>14-12-21 19:14:50:808</time></pt><pt><x>997</x><y>499</y><time>14-12-21 19:14:51:016</time></pt><pt><x>1011</x><y>521</y><time>14-12-21 19:14:51:224</time></pt><pt><x>1024</x><y>529</y><time>14-12-21 19:14:51:424</time></pt><pt><x>1043</x><y>529</y><time>14-12-21 19:14:51:632</time></pt><pt><x>1057</x><y>529</y><time>14-12-21 19:14:51:808</time></pt><pt><x>1072</x><y>516</y><time>14-12-21 19:14:52:008</time></pt><pt><x>1094</x><y>501</y><time>14-12-21 19:14:52:224</time></pt><pt><x>1107</x><y>472</y><time>14-12-21 19:14:52:425</time></pt><pt><x>1129</x><y>464</y><time>14-12-21 19:14:52:632</time></pt><pt><x>1158</x><y>455</y><time>14-12-21 19:14:52:831</time></pt><pt><x>1171</x><y>439</y><time>14-12-21 19:14:53:096</time></pt><pt><x>1175</x><y>406</y><time>14-12-21 19:14:53:368</time></pt><pt><x>1160</x><y>380</y><time>14-12-21 19:14:53:832</time></pt><pt><x>1145</x><y>365</y><time>14-12-21 19:14:54:168</time></pt><pt><x>1118</x><y>371</y><time>14-12-21 19:14:54:416</time></pt><pt><x>1094</x><y>380</y><time>14-12-21 19:14:54:640</time></pt><pt><x>1074</x><y>402</y><time>14-12-21 19:14:54:832</time></pt><pt><x>1057</x><y>413</y><time>14-12-21 19:14:55:048</time></pt><closed_date>14-12-21 19:14:55:241</closed_date></polygon></object><object><name>restoration</name><deleted>0</deleted><verified>0</verified><occluded>no</occluded><attributes /><parts><hasparts /><ispartof>1</ispartof></parts><date>14-12-21 19:15:07:401</date><id>11</id><polygon><username>anonymous</username><pt><x>595</x><y>358</y><time>14-12-21 19:14:59:826</time></pt><pt><x>571</x><y>356</y><time>14-12-21 19:15:00:231</time></pt><pt><x>558</x><y>356</y><time>14-12-21 19:15:00:560</time></pt><pt><x>547</x><y>376</y><time>14-12-21 19:15:00:809</time></pt><pt><x>543</x><y>409</y><time>14-12-21 19:15:01:065</time></pt><pt><x>545</x><y>435</y><time>14-12-21 19:15:01:336</time></pt><pt><x>538</x><y>466</y><time>14-12-21 19:15:01:576</time></pt><pt><x>543</x><y>486</y><time>14-12-21 19:15:01:824</time></pt><pt><x>549</x><y>514</y><time>14-12-21 19:15:02:047</time></pt><pt><x>558</x><y>540</y><time>14-12-21 19:15:02:319</time></pt><pt><x>567</x><y>551</y><time>14-12-21 19:15:02:687</time></pt><pt><x>591</x><y>547</y><time>14-12-21 19:15:03:048</time></pt><pt><x>611</x><y>538</y><time>14-12-21 19:15:03:407</time></pt><pt><x>617</x><y>525</y><time>14-12-21 19:15:03:681</time></pt><pt><x>622</x><y>514</y><time>14-12-21 19:15:03:936</time></pt><pt><x>622</x><y>488</y><time>14-12-21 19:15:04:121</time></pt><pt><x>620</x><y>468</y><time>14-12-21 19:15:04:320</time></pt><pt><x>615</x><y>453</y><time>14-12-21 19:15:04:520</time></pt><pt><x>611</x><y>424</y><time>14-12-21 19:15:04:720</time></pt><pt><x>606</x><y>395</y><time>14-12-21 19:15:04:936</time></pt><pt><x>611</x><y>367</y><time>14-12-21 19:15:05:305</time></pt><closed_date>14-12-21 19:15:05:600</closed_date></polygon></object><object><name>restoration</name><deleted>0</deleted><verified>0</verified><occluded>no</occluded><attributes /><parts><hasparts /><ispartof>4</ispartof></parts><date>14-12-21 19:15:22:466</date><id>12</id><polygon><username>anonymous</username><pt><x>1520</x><y>92</y><time>14-12-21 19:15:12:226</time></pt><pt><x>1489</x><y>94</y><time>14-12-21 19:15:12:912</time></pt><pt><x>1476</x><y>101</y><time>14-12-21 19:15:13:969</time></pt><pt><x>1476</x><y>127</y><time>14-12-21 19:15:14:289</time></pt><pt><x>1476</x><y>163</y><time>14-12-21 19:15:14:552</time></pt><pt><x>1483</x><y>191</y><time>14-12-21 19:15:14:776</time></pt><pt><x>1494</x><y>209</y><time>14-12-21 19:15:15:025</time></pt><pt><x>1507</x><y>226</y><time>14-12-21 19:15:15:273</time></pt><pt><x>1525</x><y>233</y><time>14-12-21 19:15:15:496</time></pt><pt><x>1542</x><y>237</y><time>14-12-21 19:15:15:680</time></pt><pt><x>1551</x><y>239</y><time>14-12-21 19:15:15:897</time></pt><pt><x>1575</x><y>239</y><time>14-12-21 19:15:16:106</time></pt><pt><x>1591</x><y>235</y><time>14-12-21 19:15:16:321</time></pt><pt><x>1593</x><y>220</y><time>14-12-21 19:15:16:617</time></pt><pt><x>1586</x><y>193</y><time>14-12-21 19:15:16:904</time></pt><pt><x>1569</x><y>171</y><time>14-12-21 19:15:17:176</time></pt><pt><x>1564</x><y>145</y><time>14-12-21 19:15:19:256</time></pt><pt><x>1551</x><y>123</y><time>14-12-21 19:15:19:672</time></pt><pt><x>1531</x><y>105</y><time>14-12-21 19:15:20:017</time></pt><closed_date>14-12-21 19:15:20:336</closed_date></polygon></object><object><name>restoration</name><deleted>0</deleted><verified>0</verified><occluded>no</occluded><attributes /><parts><hasparts /><ispartof>8</ispartof></parts><date>14-12-21 19:15:29:012</date><id>13</id><polygon><username>anonymous</username><pt><x>1505</x><y>464</y><time>14-12-21 19:15:23:427</time></pt><pt><x>1540</x><y>437</y><time>14-12-21 19:15:23:792</time></pt><pt><x>1566</x><y>406</y><time>14-12-21 19:15:24:080</time></pt><pt><x>1588</x><y>380</y><time>14-12-21 19:15:24:352</time></pt><pt><x>1599</x><y>378</y><time>14-12-21 19:15:24:568</time></pt><pt><x>1599</x><y>402</y><time>14-12-21 19:15:24:842</time></pt><pt><x>1599</x><y>450</y><time>14-12-21 19:15:25:074</time></pt><pt><x>1601</x><y>468</y><time>14-12-21 19:15:25:289</time></pt><pt><x>1591</x><y>483</y><time>14-12-21 19:15:25:530</time></pt><pt><x>1571</x><y>494</y><time>14-12-21 19:15:25:736</time></pt><pt><x>1540</x><y>505</y><time>14-12-21 19:15:25:946</time></pt><pt><x>1514</x><y>510</y><time>14-12-21 19:15:26:168</time></pt><pt><x>1494</x><y>510</y><time>14-12-21 19:15:26:401</time></pt><pt><x>1483</x><y>510</y><time>14-12-21 19:15:26:632</time></pt><pt><x>1483</x><y>488</y><time>14-12-21 19:15:26:872</time></pt><closed_date>14-12-21 19:15:27:096</closed_date></polygon></object><object><name>restoration</name><deleted>0</deleted><verified>0</verified><occluded>no</occluded><attributes /><parts><hasparts /><ispartof>9</ispartof></parts><date>14-12-21 19:15:44:194</date><id>14</id><polygon><username>anonymous</username><pt><x>1347</x><y>587</y><time>14-12-21 19:15:29:754</time></pt><pt><x>1364</x><y>620</y><time>14-12-21 19:15:30:144</time></pt><pt><x>1360</x><y>661</y><time>14-12-21 19:15:30:585</time></pt><pt><x>1336</x><y>681</y><time>14-12-21 19:15:30:912</time></pt><pt><x>1309</x><y>685</y><time>14-12-21 19:15:31:137</time></pt><pt><x>1301</x><y>703</y><time>14-12-21 19:15:31:363</time></pt><pt><x>1285</x><y>723</y><time>14-12-21 19:15:31:601</time></pt><pt><x>1263</x><y>738</y><time>14-12-21 19:15:31:808</time></pt><pt><x>1239</x><y>751</y><time>14-12-21 19:15:32:152</time></pt><pt><x>1235</x><y>758</y><time>14-12-21 19:15:32:401</time></pt><pt><x>1210</x><y>762</y><time>14-12-21 19:15:32:656</time></pt><pt><x>1191</x><y>762</y><time>14-12-21 19:15:32:897</time></pt><pt><x>1175</x><y>758</y><time>14-12-21 19:15:33:169</time></pt><pt><x>1149</x><y>764</y><time>14-12-21 19:15:33:440</time></pt><pt><x>1123</x><y>758</y><time>14-12-21 19:15:33:745</time></pt><pt><x>1120</x><y>758</y><time>14-12-21 19:15:34:000</time></pt><pt><x>1096</x><y>780</y><time>14-12-21 19:15:34:465</time></pt><pt><x>1068</x><y>767</y><time>14-12-21 19:15:35:041</time></pt><pt><x>1061</x><y>747</y><time>14-12-21 19:15:35:401</time></pt><pt><x>1063</x><y>723</y><time>14-12-21 19:15:35:665</time></pt><pt><x>1085</x><y>699</y><time>14-12-21 19:15:35:897</time></pt><pt><x>1116</x><y>681</y><time>14-12-21 19:15:36:137</time></pt><pt><x>1140</x><y>679</y><time>14-12-21 19:15:38:465</time></pt><pt><x>1151</x><y>659</y><time>14-12-21 19:15:38:849</time></pt><pt><x>1151</x><y>635</y><time>14-12-21 19:15:39:168</time></pt><pt><x>1182</x><y>617</y><time>14-12-21 19:15:39:577</time></pt><pt><x>1208</x><y>617</y><time>14-12-21 19:15:40:024</time></pt><pt><x>1226</x><y>630</y><time>14-12-21 19:15:40:329</time></pt><pt><x>1243</x><y>602</y><time>14-12-21 19:15:40:801</time></pt><pt><x>1279</x><y>582</y><time>14-12-21 19:15:41:137</time></pt><pt><x>1314</x><y>573</y><time>14-12-21 19:15:41:408</time></pt><pt><x>1336</x><y>573</y><time>14-12-21 19:15:41:624</time></pt><closed_date>14-12-21 19:15:41:882</closed_date></polygon></object><object><name>restoration</name><deleted>0</deleted><verified>0</verified><occluded>no</occluded><attributes /><parts><hasparts /><ispartof>7</ispartof></parts><date>14-12-21 19:15:51:369</date><id>15</id><polygon><username>anonymous</username><pt><x>606</x><y>771</y><time>14-12-21 19:15:45:394</time></pt><pt><x>620</x><y>795</y><time>14-12-21 19:15:45:624</time></pt><pt><x>615</x><y>811</y><time>14-12-21 19:15:46:001</time></pt><pt><x>593</x><y>819</y><time>14-12-21 19:15:46:295</time></pt><pt><x>576</x><y>824</y><time>14-12-21 19:15:46:584</time></pt><pt><x>554</x><y>813</y><time>14-12-21 19:15:46:936</time></pt><pt><x>547</x><y>804</y><time>14-12-21 19:15:47:208</time></pt><pt><x>547</x><y>786</y><time>14-12-21 19:15:47:448</time></pt><pt><x>569</x><y>775</y><time>14-12-21 19:15:47:672</time></pt><closed_date>14-12-21 19:15:47:896</closed_date></polygon></object><object><name>restoration</name><deleted>0</deleted><verified>0</verified><occluded>no</occluded><attributes /><parts><hasparts /><ispartof>7</ispartof></parts><date>14-12-21 19:15:56:631</date><id>16</id><polygon><username>anonymous</username><pt><x>701</x><y>771</y><time>14-12-21 19:15:52:026</time></pt><pt><x>703</x><y>802</y><time>14-12-21 19:15:52:400</time></pt><pt><x>712</x><y>822</y><time>14-12-21 19:15:52:688</time></pt><pt><x>725</x><y>826</y><time>14-12-21 19:15:53:080</time></pt><pt><x>760</x><y>822</y><time>14-12-21 19:15:53:360</time></pt><pt><x>773</x><y>804</y><time>14-12-21 19:15:53:632</time></pt><pt><x>780</x><y>786</y><time>14-12-21 19:15:53:888</time></pt><pt><x>786</x><y>780</y><time>14-12-21 19:15:54:248</time></pt><pt><x>758</x><y>775</y><time>14-12-21 19:15:54:560</time></pt><pt><x>738</x><y>773</y><time>14-12-21 19:15:54:776</time></pt><pt><x>718</x><y>769</y><time>14-12-21 19:15:55:000</time></pt><closed_date>14-12-21 19:15:55:167</closed_date></polygon></object><object><name>restoration</name><deleted>0</deleted><verified>0</verified><occluded>no</occluded><attributes /><parts><hasparts /><ispartof>2</ispartof></parts><date>14-12-21 19:18:08:571</date><id>17</id><polygon><username>anonymous</username><pt><x>365</x><y>237</y><time>14-12-21 19:17:50:305</time></pt><pt><x>334</x><y>244</y><time>14-12-21 19:17:50:794</time></pt><pt><x>316</x><y>277</y><time>14-12-21 19:17:51:057</time></pt><pt><x>305</x><y>319</y><time>14-12-21 19:17:51:546</time></pt><pt><x>303</x><y>347</y><time>14-12-21 19:17:51:858</time></pt><pt><x>303</x><y>378</y><time>14-12-21 19:17:52:106</time></pt><pt><x>303</x><y>409</y><time>14-12-21 19:17:52:298</time></pt><pt><x>299</x><y>437</y><time>14-12-21 19:17:57:866</time></pt><pt><x>292</x><y>459</y><time>14-12-21 19:17:58:249</time></pt><pt><x>297</x><y>501</y><time>14-12-21 19:17:58:763</time></pt><pt><x>308</x><y>534</y><time>14-12-21 19:17:59:114</time></pt><pt><x>319</x><y>551</y><time>14-12-21 19:17:59:394</time></pt><pt><x>334</x><y>562</y><time>14-12-21 19:17:59:674</time></pt><pt><x>387</x><y>573</y><time>14-12-21 19:18:01:138</time></pt><pt><x>422</x><y>584</y><time>14-12-21 19:18:01:553</time></pt><pt><x>442</x><y>587</y><time>14-12-21 19:18:01:834</time></pt><pt><x>466</x><y>578</y><time>14-12-21 19:18:02:073</time></pt><pt><x>483</x><y>554</y><time>14-12-21 19:18:02:305</time></pt><pt><x>510</x><y>521</y><time>14-12-21 19:18:02:817</time></pt><pt><x>518</x><y>472</y><time>14-12-21 19:18:03:146</time></pt><pt><x>518</x><y>431</y><time>14-12-21 19:18:03:457</time></pt><pt><x>523</x><y>395</y><time>14-12-21 19:18:03:721</time></pt><pt><x>510</x><y>360</y><time>14-12-21 19:18:03:993</time></pt><pt><x>501</x><y>314</y><time>14-12-21 19:18:04:266</time></pt><pt><x>472</x><y>277</y><time>14-12-21 19:18:04:538</time></pt><pt><x>435</x><y>264</y><time>14-12-21 19:18:04:841</time></pt><pt><x>384</x><y>246</y><time>14-12-21 19:18:05:138</time></pt><closed_date>14-12-21 19:18:05:418</closed_date></polygon></object><object><name>root canal treatment</name><deleted>0</deleted><verified>0</verified><occluded>no</occluded><attributes /><parts><hasparts /><ispartof>2</ispartof></parts><date>14-12-21 19:18:20:274</date><id>18</id><polygon><username>anonymous</username><pt><x>382</x><y>235</y><time>14-12-21 19:18:09:236</time></pt><pt><x>369</x><y>196</y><time>14-12-21 19:18:09:562</time></pt><pt><x>369</x><y>147</y><time>14-12-21 19:18:09:858</time></pt><pt><x>369</x><y>103</y><time>14-12-21 19:18:10:138</time></pt><pt><x>378</x><y>86</y><time>14-12-21 19:18:10:425</time></pt><pt><x>389</x><y>86</y><time>14-12-21 19:18:10:690</time></pt><pt><x>398</x><y>108</y><time>14-12-21 19:18:10:969</time></pt><pt><x>404</x><y>134</y><time>14-12-21 19:18:11:378</time></pt><pt><x>411</x><y>156</y><time>14-12-21 19:18:11:610</time></pt><pt><x>413</x><y>187</y><time>14-12-21 19:18:11:801</time></pt><pt><x>417</x><y>224</y><time>14-12-21 19:18:12:169</time></pt><pt><x>422</x><y>248</y><time>14-12-21 19:18:12:355</time></pt><pt><x>417</x><y>257</y><time>14-12-21 19:18:12:546</time></pt><pt><x>380</x><y>255</y><time>14-12-21 19:18:12:954</time></pt><closed_date>14-12-21 19:18:13:234</closed_date></polygon></object><imagesize><nrows /><ncols /></imagesize></annotation>