<?xml version='1.0' encoding='UTF-8'?>
<annotation><filename>133.jpg</filename><folder>segmentation_xray</folder><source><sourceImage>The MIT-CSAIL database of objects and scenes</sourceImage><sourceAnnotation>LabelMe Webtool</sourceAnnotation></source><object><name>tooth</name><deleted>0</deleted><verified>0</verified><occluded>no</occluded><attributes>27</attributes><parts><hasparts>15</hasparts><ispartof /></parts><date>11-01-22 17:05:07:019</date><id>0</id><type>bounding_box</type><polygon><username>anonymous</username><pt><x>1117</x><y>15</y><time>11-01-22 17:04:58:480</time></pt><pt><x>1554</x><y>15</y><time>11-01-22 17:05:01:544</time></pt><pt><x>1554</x><y>599</y><time>undefined</time></pt><pt><x>1117</x><y>599</y><time>undefined</time></pt><closed_date>11-01-22 17:05:01:544</closed_date></polygon></object><object><name>tooth</name><deleted>0</deleted><verified>0</verified><occluded>no</occluded><attributes>25</attributes><parts><hasparts>10,11</hasparts><ispartof /></parts><date>11-01-22 17:05:19:642</date><id>1</id><type>bounding_box</type><polygon><username>anonymous</username><pt><x>754</x><y>20</y><time>11-01-22 17:05:08:953</time></pt><pt><x>442</x><y>20</y><time>11-01-22 17:05:13:762</time></pt><pt><x>442</x><y>579</y><time>undefined</time></pt><pt><x>754</x><y>579</y><time>undefined</time></pt><closed_date>11-01-22 17:05:13:763</closed_date></polygon></object><object><name>tooth</name><deleted>0</deleted><verified>0</verified><occluded>no</occluded><attributes>26</attributes><parts><hasparts>12,13</hasparts><ispartof /></parts><date>11-01-22 17:05:34:240</date><id>2</id><type>bounding_box</type><polygon><username>anonymous</username><pt><x>1154</x><y>582</y><time>11-01-22 17:05:26:143</time></pt><pt><x>728</x><y>582</y><time>11-01-22 17:05:29:213</time></pt><pt><x>728</x><y>15</y><time>undefined</time></pt><pt><x>1154</x><y>15</y><time>undefined</time></pt><closed_date>11-01-22 17:05:29:214</closed_date></polygon></object><object><name>tooth</name><deleted>0</deleted><verified>0</verified><occluded>no</occluded><attributes>24</attributes><parts><hasparts>14</hasparts><ispartof /></parts><date>11-01-22 17:08:04:283</date><id>3</id><type>bounding_box</type><polygon><username>anonymous</username><pt><x>146</x><y>582</y><time>11-01-22 17:07:55:490</time></pt><pt><x>442</x><y>582</y><time>11-01-22 17:07:59:489</time></pt><pt><x>442</x><y>9</y><time>undefined</time></pt><pt><x>146</x><y>9</y><time>undefined</time></pt><closed_date>11-01-22 17:07:59:489</closed_date></polygon></object><object><name>tooth</name><deleted>0</deleted><verified>0</verified><occluded>no</occluded><attributes>23</attributes><parts><hasparts /><ispartof /></parts><date>11-01-22 17:08:12:918</date><id>4</id><type>bounding_box</type><polygon><username>anonymous</username><pt><x>11</x><y>571</y><time>11-01-22 17:08:05:575</time></pt><pt><x>179</x><y>571</y><time>11-01-22 17:08:08:759</time></pt><pt><x>179</x><y>24</y><time>undefined</time></pt><pt><x>11</x><y>24</y><time>undefined</time></pt><closed_date>11-01-22 17:08:08:760</closed_date></polygon></object><object><name>tooth</name><deleted>0</deleted><verified>0</verified><occluded>no</occluded><attributes>37</attributes><parts><hasparts>16</hasparts><ispartof /></parts><date>11-01-22 17:08:27:271</date><id>5</id><type>bounding_box</type><polygon><username>anonymous</username><pt><x>1581</x><y>568</y><time>11-01-22 17:08:16:801</time></pt><pt><x>1095</x><y>568</y><time>11-01-22 17:08:20:350</time></pt><pt><x>1095</x><y>1237</y><time>undefined</time></pt><pt><x>1581</x><y>1237</y><time>undefined</time></pt><closed_date>11-01-22 17:08:20:350</closed_date></polygon></object><object><name>tooth</name><deleted>0</deleted><verified>0</verified><occluded>no</occluded><attributes>35</attributes><parts><hasparts>18</hasparts><ispartof /></parts><date>11-01-22 17:09:27:079</date><id>6</id><type>bounding_box</type><polygon><username>anonymous</username><pt><x>652</x><y>665</y><time>11-01-22 17:09:15:884</time></pt><pt><x>354</x><y>665</y><time>11-01-22 17:09:21:871</time></pt><pt><x>354</x><y>1231</y><time>undefined</time></pt><pt><x>652</x><y>1231</y><time>undefined</time></pt><closed_date>11-01-22 17:09:21:872</closed_date></polygon></object><object><name>tooth</name><deleted>0</deleted><verified>0</verified><occluded>no</occluded><attributes>36</attributes><parts><hasparts>17</hasparts><ispartof /></parts><date>11-01-22 17:09:39:636</date><id>7</id><type>bounding_box</type><polygon><username>anonymous</username><pt><x>662</x><y>652</y><time>11-01-22 17:09:32:735</time></pt><pt><x>1202</x><y>652</y><time>11-01-22 17:09:35:047</time></pt><pt><x>1202</x><y>1235</y><time>undefined</time></pt><pt><x>662</x><y>1235</y><time>undefined</time></pt><closed_date>11-01-22 17:09:35:047</closed_date></polygon></object><object><name>tooth</name><deleted>0</deleted><verified>0</verified><occluded>no</occluded><attributes>34</attributes><parts><hasparts /><ispartof /></parts><date>11-01-22 17:09:50:210</date><id>8</id><type>bounding_box</type><polygon><username>anonymous</username><pt><x>52</x><y>684</y><time>11-01-22 17:09:40:868</time></pt><pt><x>380</x><y>684</y><time>11-01-22 17:09:43:831</time></pt><pt><x>380</x><y>1231</y><time>undefined</time></pt><pt><x>52</x><y>1231</y><time>undefined</time></pt><closed_date>11-01-22 17:09:43:831</closed_date></polygon></object><object><name>tooth</name><deleted>0</deleted><verified>0</verified><occluded>no</occluded><attributes>33</attributes><parts><hasparts /><ispartof /></parts><date>11-01-22 17:09:57:332</date><id>9</id><type>bounding_box</type><polygon><username>anonymous</username><pt><x>7</x><y>656</y><time>11-01-22 17:09:51:132</time></pt><pt><x>186</x><y>656</y><time>11-01-22 17:09:52:274</time></pt><pt><x>186</x><y>1227</y><time>undefined</time></pt><pt><x>7</x><y>1227</y><time>undefined</time></pt><closed_date>11-01-22 17:09:52:274</closed_date></polygon></object><object><name>dental implant</name><deleted>0</deleted><verified>0</verified><occluded>no</occluded><attributes /><parts><hasparts /><ispartof>1</ispartof></parts><date>11-01-22 17:10:15:958</date><id>10</id><polygon><username>anonymous</username><pt><x>582</x><y>33</y><time>11-01-22 17:10:00:764</time></pt><pt><x>564</x><y>85</y><time>11-01-22 17:10:01:435</time></pt><pt><x>564</x><y>120</y><time>11-01-22 17:10:01:960</time></pt><pt><x>575</x><y>144</y><time>11-01-22 17:10:02:468</time></pt><pt><x>582</x><y>166</y><time>11-01-22 17:10:02:943</time></pt><pt><x>555</x><y>256</y><time>11-01-22 17:10:04:254</time></pt><pt><x>697</x><y>291</y><time>11-01-22 17:10:05:920</time></pt><pt><x>693</x><y>168</y><time>11-01-22 17:10:06:736</time></pt><pt><x>717</x><y>160</y><time>11-01-22 17:10:07:823</time></pt><pt><x>726</x><y>125</y><time>11-01-22 17:10:08:213</time></pt><pt><x>728</x><y>94</y><time>11-01-22 17:10:08:548</time></pt><pt><x>735</x><y>63</y><time>11-01-22 17:10:08:834</time></pt><pt><x>750</x><y>44</y><time>11-01-22 17:10:09:141</time></pt><pt><x>739</x><y>22</y><time>11-01-22 17:10:09:852</time></pt><closed_date>11-01-22 17:10:11:211</closed_date></polygon></object><object><name>crown</name><deleted>0</deleted><verified>0</verified><occluded>no</occluded><attributes /><parts><hasparts /><ispartof>1</ispartof></parts><date>11-01-22 17:10:34:459</date><id>11</id><polygon><username>anonymous</username><pt><x>551</x><y>247</y><time>11-01-22 17:10:17:164</time></pt><pt><x>498</x><y>273</y><time>11-01-22 17:10:17:894</time></pt><pt><x>474</x><y>306</y><time>11-01-22 17:10:18:348</time></pt><pt><x>461</x><y>350</y><time>11-01-22 17:10:18:871</time></pt><pt><x>448</x><y>404</y><time>11-01-22 17:10:19:380</time></pt><pt><x>457</x><y>488</y><time>11-01-22 17:10:20:160</time></pt><pt><x>481</x><y>529</y><time>11-01-22 17:10:20:732</time></pt><pt><x>531</x><y>553</y><time>11-01-22 17:10:21:331</time></pt><pt><x>584</x><y>568</y><time>11-01-22 17:10:21:944</time></pt><pt><x>621</x><y>571</y><time>11-01-22 17:10:22:557</time></pt><pt><x>678</x><y>533</y><time>11-01-22 17:10:23:087</time></pt><pt><x>715</x><y>488</y><time>11-01-22 17:10:23:568</time></pt><pt><x>728</x><y>446</y><time>11-01-22 17:10:23:972</time></pt><pt><x>728</x><y>391</y><time>11-01-22 17:10:24:446</time></pt><pt><x>715</x><y>352</y><time>11-01-22 17:10:24:822</time></pt><pt><x>695</x><y>293</y><time>11-01-22 17:10:25:358</time></pt><pt><x>566</x><y>256</y><time>11-01-22 17:10:26:174</time></pt><closed_date>11-01-22 17:10:27:296</closed_date></polygon></object><object><name>restoration</name><deleted>0</deleted><verified>0</verified><occluded>no</occluded><attributes /><parts><hasparts /><ispartof>2</ispartof></parts><date>11-01-22 17:11:06:140</date><id>12</id><polygon><username>anonymous</username><pt><x>857</x><y>284</y><time>11-01-22 17:10:46:677</time></pt><pt><x>813</x><y>280</y><time>11-01-22 17:10:47:350</time></pt><pt><x>789</x><y>295</y><time>11-01-22 17:10:47:797</time></pt><pt><x>765</x><y>339</y><time>11-01-22 17:10:48:207</time></pt><pt><x>748</x><y>385</y><time>11-01-22 17:10:48:605</time></pt><pt><x>737</x><y>435</y><time>11-01-22 17:10:49:043</time></pt><pt><x>739</x><y>472</y><time>11-01-22 17:10:49:483</time></pt><pt><x>776</x><y>540</y><time>11-01-22 17:10:49:970</time></pt><pt><x>809</x><y>571</y><time>11-01-22 17:10:51:036</time></pt><pt><x>896</x><y>571</y><time>11-01-22 17:10:51:699</time></pt><pt><x>942</x><y>547</y><time>11-01-22 17:10:52:096</time></pt><pt><x>982</x><y>531</y><time>11-01-22 17:10:52:424</time></pt><pt><x>1032</x><y>551</y><time>11-01-22 17:10:53:002</time></pt><pt><x>1067</x><y>560</y><time>11-01-22 17:10:53:399</time></pt><pt><x>1135</x><y>516</y><time>11-01-22 17:10:54:067</time></pt><pt><x>1159</x><y>477</y><time>11-01-22 17:10:54:695</time></pt><pt><x>1159</x><y>433</y><time>11-01-22 17:10:55:343</time></pt><pt><x>1154</x><y>374</y><time>11-01-22 17:10:55:991</time></pt><pt><x>1143</x><y>345</y><time>11-01-22 17:10:56:472</time></pt><pt><x>1119</x><y>376</y><time>11-01-22 17:10:57:015</time></pt><pt><x>1093</x><y>363</y><time>11-01-22 17:10:57:511</time></pt><pt><x>1067</x><y>380</y><time>11-01-22 17:10:57:921</time></pt><pt><x>1023</x><y>407</y><time>11-01-22 17:10:58:926</time></pt><pt><x>999</x><y>404</y><time>11-01-22 17:10:59:629</time></pt><pt><x>971</x><y>404</y><time>11-01-22 17:10:59:970</time></pt><pt><x>944</x><y>411</y><time>11-01-22 17:11:00:248</time></pt><pt><x>918</x><y>420</y><time>11-01-22 17:11:00:514</time></pt><pt><x>907</x><y>400</y><time>11-01-22 17:11:01:022</time></pt><pt><x>894</x><y>396</y><time>11-01-22 17:11:01:475</time></pt><pt><x>872</x><y>385</y><time>11-01-22 17:11:01:844</time></pt><pt><x>864</x><y>372</y><time>11-01-22 17:11:02:159</time></pt><pt><x>864</x><y>341</y><time>11-01-22 17:11:02:549</time></pt><pt><x>864</x><y>304</y><time>11-01-22 17:11:02:933</time></pt><closed_date>11-01-22 17:11:03:271</closed_date></polygon></object><object><name>root canal treatment</name><deleted>0</deleted><verified>0</verified><occluded>no</occluded><attributes /><parts><hasparts /><ispartof>2</ispartof></parts><date>11-01-22 17:11:31:217</date><id>13</id><polygon><username>anonymous</username><pt><x>875</x><y>258</y><time>11-01-22 17:11:07:262</time></pt><pt><x>866</x><y>203</y><time>11-01-22 17:11:07:930</time></pt><pt><x>864</x><y>164</y><time>11-01-22 17:11:08:439</time></pt><pt><x>864</x><y>120</y><time>11-01-22 17:11:08:793</time></pt><pt><x>896</x><y>28</y><time>11-01-22 17:11:09:636</time></pt><pt><x>907</x><y>28</y><time>11-01-22 17:11:10:340</time></pt><pt><x>901</x><y>103</y><time>11-01-22 17:11:11:638</time></pt><pt><x>890</x><y>162</y><time>11-01-22 17:11:12:433</time></pt><pt><x>896</x><y>216</y><time>11-01-22 17:11:13:005</time></pt><pt><x>914</x><y>254</y><time>11-01-22 17:11:13:422</time></pt><pt><x>927</x><y>249</y><time>11-01-22 17:11:13:966</time></pt><pt><x>951</x><y>208</y><time>11-01-22 17:11:14:496</time></pt><pt><x>951</x><y>162</y><time>11-01-22 17:11:14:991</time></pt><pt><x>958</x><y>112</y><time>11-01-22 17:11:15:318</time></pt><pt><x>971</x><y>70</y><time>11-01-22 17:11:15:681</time></pt><pt><x>982</x><y>44</y><time>11-01-22 17:11:15:980</time></pt><pt><x>995</x><y>31</y><time>11-01-22 17:11:16:273</time></pt><pt><x>1008</x><y>31</y><time>11-01-22 17:11:16:615</time></pt><pt><x>1010</x><y>87</y><time>11-01-22 17:11:17:436</time></pt><pt><x>1012</x><y>153</y><time>11-01-22 17:11:18:057</time></pt><pt><x>1012</x><y>166</y><time>11-01-22 17:11:18:399</time></pt><pt><x>1054</x><y>46</y><time>11-01-22 17:11:19:605</time></pt><pt><x>1065</x><y>24</y><time>11-01-22 17:11:20:008</time></pt><pt><x>1067</x><y>72</y><time>11-01-22 17:11:20:922</time></pt><pt><x>1049</x><y>118</y><time>11-01-22 17:11:21:403</time></pt><pt><x>1038</x><y>203</y><time>11-01-22 17:11:22:050</time></pt><pt><x>1025</x><y>249</y><time>11-01-22 17:11:22:594</time></pt><pt><x>1006</x><y>275</y><time>11-01-22 17:11:23:654</time></pt><pt><x>1010</x><y>300</y><time>11-01-22 17:11:24:238</time></pt><pt><x>1010</x><y>335</y><time>11-01-22 17:11:24:656</time></pt><pt><x>1006</x><y>350</y><time>11-01-22 17:11:25:201</time></pt><pt><x>984</x><y>345</y><time>11-01-22 17:11:25:633</time></pt><pt><x>955</x><y>352</y><time>11-01-22 17:11:25:925</time></pt><pt><x>934</x><y>363</y><time>11-01-22 17:11:26:176</time></pt><pt><x>920</x><y>365</y><time>11-01-22 17:11:26:420</time></pt><pt><x>914</x><y>343</y><time>11-01-22 17:11:26:699</time></pt><pt><x>901</x><y>310</y><time>11-01-22 17:11:27:096</time></pt><pt><x>896</x><y>297</y><time>11-01-22 17:11:27:424</time></pt><closed_date>11-01-22 17:11:27:779</closed_date></polygon></object><object><name>restoration</name><deleted>0</deleted><verified>0</verified><occluded>no</occluded><attributes /><parts><hasparts /><ispartof>3</ispartof></parts><date>11-01-22 17:16:56:380</date><id>14</id><polygon><username>anonymous</username><pt><x>402</x><y>350</y><time>11-01-22 17:16:44:263</time></pt><pt><x>365</x><y>339</y><time>11-01-22 17:16:44:890</time></pt><pt><x>339</x><y>369</y><time>11-01-22 17:16:45:280</time></pt><pt><x>317</x><y>415</y><time>11-01-22 17:16:45:936</time></pt><pt><x>321</x><y>442</y><time>11-01-22 17:16:46:465</time></pt><pt><x>286</x><y>444</y><time>11-01-22 17:16:47:170</time></pt><pt><x>254</x><y>457</y><time>11-01-22 17:16:47:678</time></pt><pt><x>221</x><y>477</y><time>11-01-22 17:16:48:228</time></pt><pt><x>214</x><y>490</y><time>11-01-22 17:16:48:682</time></pt><pt><x>324</x><y>503</y><time>11-01-22 17:16:49:288</time></pt><pt><x>374</x><y>509</y><time>11-01-22 17:16:50:634</time></pt><pt><x>418</x><y>498</y><time>11-01-22 17:16:51:317</time></pt><pt><x>439</x><y>459</y><time>11-01-22 17:16:51:874</time></pt><pt><x>442</x><y>424</y><time>11-01-22 17:16:52:272</time></pt><pt><x>435</x><y>400</y><time>11-01-22 17:16:52:627</time></pt><pt><x>415</x><y>372</y><time>11-01-22 17:16:52:941</time></pt><closed_date>11-01-22 17:16:53:263</closed_date></polygon></object><object><name>restoration</name><deleted>0</deleted><verified>0</verified><occluded>no</occluded><attributes /><parts><hasparts /><ispartof>0</ispartof></parts><date>11-01-22 17:17:11:798</date><id>15</id><polygon><username>anonymous</username><pt><x>1489</x><y>457</y><time>11-01-22 17:17:00:102</time></pt><pt><x>1436</x><y>439</y><time>11-01-22 17:17:00:896</time></pt><pt><x>1404</x><y>439</y><time>11-01-22 17:17:01:251</time></pt><pt><x>1371</x><y>424</y><time>11-01-22 17:17:01:571</time></pt><pt><x>1342</x><y>418</y><time>11-01-22 17:17:01:836</time></pt><pt><x>1312</x><y>422</y><time>11-01-22 17:17:02:122</time></pt><pt><x>1275</x><y>431</y><time>11-01-22 17:17:02:387</time></pt><pt><x>1231</x><y>433</y><time>11-01-22 17:17:02:659</time></pt><pt><x>1207</x><y>433</y><time>11-01-22 17:17:02:910</time></pt><pt><x>1194</x><y>422</y><time>11-01-22 17:17:03:161</time></pt><pt><x>1185</x><y>398</y><time>11-01-22 17:17:03:397</time></pt><pt><x>1185</x><y>372</y><time>11-01-22 17:17:03:697</time></pt><pt><x>1178</x><y>354</y><time>11-01-22 17:17:04:025</time></pt><pt><x>1167</x><y>319</y><time>11-01-22 17:17:04:339</time></pt><pt><x>1148</x><y>369</y><time>11-01-22 17:17:04:757</time></pt><pt><x>1167</x><y>463</y><time>11-01-22 17:17:05:300</time></pt><pt><x>1196</x><y>518</y><time>11-01-22 17:17:05:893</time></pt><pt><x>1268</x><y>531</y><time>11-01-22 17:17:06:513</time></pt><pt><x>1314</x><y>525</y><time>11-01-22 17:17:07:015</time></pt><pt><x>1342</x><y>498</y><time>11-01-22 17:17:07:343</time></pt><pt><x>1358</x><y>474</y><time>11-01-22 17:17:07:586</time></pt><pt><x>1404</x><y>477</y><time>11-01-22 17:17:07:991</time></pt><pt><x>1445</x><y>479</y><time>11-01-22 17:17:08:388</time></pt><closed_date>11-01-22 17:17:08:695</closed_date></polygon></object><object><name>restoration</name><deleted>0</deleted><verified>0</verified><occluded>no</occluded><attributes /><parts><hasparts /><ispartof>5</ispartof></parts><date>11-01-22 17:17:22:145</date><id>16</id><polygon><username>anonymous</username><pt><x>1259</x><y>778</y><time>11-01-22 17:17:12:871</time></pt><pt><x>1290</x><y>820</y><time>11-01-22 17:17:13:420</time></pt><pt><x>1329</x><y>831</y><time>11-01-22 17:17:13:880</time></pt><pt><x>1362</x><y>826</y><time>11-01-22 17:17:14:270</time></pt><pt><x>1406</x><y>807</y><time>11-01-22 17:17:14:814</time></pt><pt><x>1412</x><y>776</y><time>11-01-22 17:17:15:267</time></pt><pt><x>1408</x><y>746</y><time>11-01-22 17:17:15:672</time></pt><pt><x>1397</x><y>721</y><time>11-01-22 17:17:15:971</time></pt><pt><x>1349</x><y>717</y><time>11-01-22 17:17:17:574</time></pt><pt><x>1316</x><y>721</y><time>11-01-22 17:17:17:938</time></pt><pt><x>1275</x><y>735</y><time>11-01-22 17:17:18:340</time></pt><pt><x>1255</x><y>750</y><time>11-01-22 17:17:18:696</time></pt><closed_date>11-01-22 17:17:19:191</closed_date></polygon></object><object><name>restoration</name><deleted>0</deleted><verified>0</verified><occluded>no</occluded><attributes /><parts><hasparts /><ispartof>7</ispartof></parts><date>11-01-22 17:28:24:259</date><id>17</id><polygon><username>anonymous</username><pt><x>682</x><y>883</y><time>11-01-22 17:17:23:660</time></pt><pt><x>759</x><y>890</y><time>11-01-22 17:17:24:605</time></pt><pt><x>791</x><y>866</y><time>11-01-22 17:17:25:156</time></pt><pt><x>811</x><y>859</y><time>11-01-22 17:17:25:581</time></pt><pt><x>844</x><y>844</y><time>11-01-22 17:17:25:978</time></pt><pt><x>861</x><y>809</y><time>11-01-22 17:17:26:410</time></pt><pt><x>879</x><y>796</y><time>11-01-22 17:28:00:066</time></pt><pt><x>923</x><y>789</y><time>11-01-22 17:28:00:658</time></pt><pt><x>966</x><y>783</y><time>11-01-22 17:28:01:104</time></pt><pt><x>999</x><y>770</y><time>11-01-22 17:28:01:452</time></pt><pt><x>1021</x><y>756</y><time>11-01-22 17:28:01:801</time></pt><pt><x>1045</x><y>702</y><time>11-01-22 17:28:02:491</time></pt><pt><x>997</x><y>711</y><time>11-01-22 17:28:14:663</time></pt><pt><x>949</x><y>724</y><time>11-01-22 17:28:15:115</time></pt><pt><x>914</x><y>735</y><time>11-01-22 17:28:15:514</time></pt><pt><x>850</x><y>743</y><time>11-01-22 17:28:16:010</time></pt><pt><x>831</x><y>735</y><time>11-01-22 17:28:16:525</time></pt><pt><x>798</x><y>724</y><time>11-01-22 17:28:17:069</time></pt><pt><x>781</x><y>724</y><time>11-01-22 17:28:17:361</time></pt><pt><x>759</x><y>708</y><time>11-01-22 17:28:17:710</time></pt><pt><x>748</x><y>689</y><time>11-01-22 17:28:17:989</time></pt><pt><x>721</x><y>708</y><time>11-01-22 17:28:18:469</time></pt><pt><x>697</x><y>717</y><time>11-01-22 17:28:18:763</time></pt><pt><x>676</x><y>737</y><time>11-01-22 17:28:19:097</time></pt><pt><x>662</x><y>756</y><time>11-01-22 17:28:19:432</time></pt><pt><x>669</x><y>861</y><time>11-01-22 17:28:20:701</time></pt><closed_date>11-01-22 17:28:21:141</closed_date></polygon></object><object><name>restoration</name><deleted>0</deleted><verified>0</verified><occluded>no</occluded><attributes /><parts><hasparts /><ispartof>6</ispartof></parts><date>11-01-22 17:28:41:477</date><id>18</id><polygon><username>anonymous</username><pt><x>540</x><y>842</y><time>11-01-22 17:28:25:333</time></pt><pt><x>558</x><y>881</y><time>11-01-22 17:28:26:000</time></pt><pt><x>577</x><y>899</y><time>11-01-22 17:28:26:579</time></pt><pt><x>608</x><y>892</y><time>11-01-22 17:28:27:108</time></pt><pt><x>632</x><y>870</y><time>11-01-22 17:28:27:527</time></pt><pt><x>636</x><y>846</y><time>11-01-22 17:28:27:841</time></pt><pt><x>643</x><y>815</y><time>11-01-22 17:28:28:238</time></pt><pt><x>643</x><y>778</y><time>11-01-22 17:28:28:552</time></pt><pt><x>643</x><y>750</y><time>11-01-22 17:28:28:893</time></pt><pt><x>641</x><y>741</y><time>11-01-22 17:28:29:194</time></pt><pt><x>632</x><y>724</y><time>11-01-22 17:28:30:735</time></pt><pt><x>573</x><y>708</y><time>11-01-22 17:28:31:529</time></pt><pt><x>547</x><y>706</y><time>11-01-22 17:28:31:926</time></pt><pt><x>516</x><y>702</y><time>11-01-22 17:28:32:317</time></pt><pt><x>490</x><y>711</y><time>11-01-22 17:28:32:645</time></pt><pt><x>457</x><y>721</y><time>11-01-22 17:28:32:987</time></pt><pt><x>420</x><y>724</y><time>11-01-22 17:28:33:286</time></pt><pt><x>389</x><y>715</y><time>11-01-22 17:28:33:607</time></pt><pt><x>359</x><y>737</y><time>11-01-22 17:28:34:131</time></pt><pt><x>363</x><y>765</y><time>11-01-22 17:28:34:669</time></pt><pt><x>389</x><y>802</y><time>11-01-22 17:28:35:107</time></pt><pt><x>426</x><y>807</y><time>11-01-22 17:28:35:609</time></pt><pt><x>442</x><y>787</y><time>11-01-22 17:28:35:937</time></pt><pt><x>472</x><y>791</y><time>11-01-22 17:28:36:404</time></pt><pt><x>503</x><y>774</y><time>11-01-22 17:28:36:878</time></pt><pt><x>516</x><y>756</y><time>11-01-22 17:28:37:240</time></pt><pt><x>538</x><y>765</y><time>11-01-22 17:28:37:631</time></pt><pt><x>555</x><y>774</y><time>11-01-22 17:28:37:986</time></pt><pt><x>542</x><y>822</y><time>11-01-22 17:28:38:454</time></pt><closed_date>11-01-22 17:28:38:907</closed_date></polygon></object><imagesize><nrows /><ncols /></imagesize></annotation>