<?xml version='1.0' encoding='UTF-8'?>
<annotation><filename>137.jpg</filename><folder>segmentation_xray</folder><source><sourceImage>The MIT-CSAIL database of objects and scenes</sourceImage><sourceAnnotation>LabelMe Webtool</sourceAnnotation></source><object><name>tooth</name><deleted>0</deleted><verified>0</verified><occluded>no</occluded><attributes>27</attributes><parts><hasparts>13,14</hasparts><ispartof /></parts><date>13-01-22 11:30:44:881</date><id>0</id><type>bounding_box</type><polygon><username>anonymous</username><pt><x>1205</x><y>11</y><time>13-01-22 11:30:36:056</time></pt><pt><x>1603</x><y>11</y><time>13-01-22 11:30:38:584</time></pt><pt><x>1603</x><y>479</y><time>undefined</time></pt><pt><x>1205</x><y>479</y><time>undefined</time></pt><closed_date>13-01-22 11:30:38:584</closed_date></polygon></object><object><name>tooth</name><deleted>0</deleted><verified>0</verified><occluded>no</occluded><attributes>26</attributes><parts><hasparts>10</hasparts><ispartof /></parts><date>13-01-22 11:30:52:265</date><id>1</id><type>bounding_box</type><polygon><username>anonymous</username><pt><x>746</x><y>15</y><time>13-01-22 11:30:46:682</time></pt><pt><x>1216</x><y>15</y><time>13-01-22 11:30:48:786</time></pt><pt><x>1216</x><y>496</y><time>undefined</time></pt><pt><x>746</x><y>496</y><time>undefined</time></pt><closed_date>13-01-22 11:30:48:787</closed_date></polygon></object><object><name>tooth</name><deleted>0</deleted><verified>0</verified><occluded>no</occluded><attributes>25</attributes><parts><hasparts /><ispartof /></parts><date>13-01-22 11:30:59:466</date><id>2</id><type>bounding_box</type><polygon><username>anonymous</username><pt><x>461</x><y>15</y><time>13-01-22 11:30:53:919</time></pt><pt><x>748</x><y>15</y><time>13-01-22 11:30:55:777</time></pt><pt><x>748</x><y>498</y><time>undefined</time></pt><pt><x>461</x><y>498</y><time>undefined</time></pt><closed_date>13-01-22 11:30:55:777</closed_date></polygon></object><object><name>tooth</name><deleted>0</deleted><verified>0</verified><occluded>no</occluded><attributes>24</attributes><parts><hasparts /><ispartof /></parts><date>13-01-22 11:31:15:745</date><id>3</id><type>bounding_box</type><polygon><username>anonymous</username><pt><x>431</x><y>512</y><time>13-01-22 11:31:07:310</time></pt><pt><x>129</x><y>512</y><time>13-01-22 11:31:11:336</time></pt><pt><x>129</x><y>11</y><time>undefined</time></pt><pt><x>431</x><y>11</y><time>undefined</time></pt><closed_date>13-01-22 11:31:11:337</closed_date></polygon></object><object><name>tooth</name><deleted>0</deleted><verified>0</verified><occluded>no</occluded><attributes>23</attributes><parts><hasparts /><ispartof /></parts><date>13-01-22 11:31:22:129</date><id>4</id><type>bounding_box</type><polygon><username>anonymous</username><pt><x>17</x><y>474</y><time>13-01-22 11:31:17:028</time></pt><pt><x>216</x><y>474</y><time>13-01-22 11:31:18:478</time></pt><pt><x>216</x><y>7</y><time>undefined</time></pt><pt><x>17</x><y>7</y><time>undefined</time></pt><closed_date>13-01-22 11:31:18:478</closed_date></polygon></object><object><name>tooth</name><deleted>0</deleted><verified>0</verified><occluded>no</occluded><attributes>37</attributes><parts><hasparts /><ispartof /></parts><date>13-01-22 11:31:33:811</date><id>5</id><type>bounding_box</type><polygon><username>anonymous</username><pt><x>1605</x><y>492</y><time>13-01-22 11:31:23:413</time></pt><pt><x>1345</x><y>492</y><time>13-01-22 11:31:27:300</time></pt><pt><x>1345</x><y>1146</y><time>undefined</time></pt><pt><x>1605</x><y>1146</y><time>undefined</time></pt><closed_date>13-01-22 11:31:27:300</closed_date></polygon></object><object><name>tooth</name><deleted>0</deleted><verified>0</verified><occluded>no</occluded><attributes>36</attributes><parts><hasparts>11</hasparts><ispartof /></parts><date>13-01-22 11:31:42:926</date><id>6</id><type>bounding_box</type><polygon><username>anonymous</username><pt><x>844</x><y>575</y><time>13-01-22 11:31:36:265</time></pt><pt><x>1456</x><y>575</y><time>13-01-22 11:31:38:385</time></pt><pt><x>1456</x><y>1233</y><time>undefined</time></pt><pt><x>844</x><y>1233</y><time>undefined</time></pt><closed_date>13-01-22 11:31:38:385</closed_date></polygon></object><object><name>tooth</name><deleted>0</deleted><verified>0</verified><occluded>no</occluded><attributes>35</attributes><parts><hasparts>12</hasparts><ispartof /></parts><date>13-01-22 11:31:50:191</date><id>7</id><type>bounding_box</type><polygon><username>anonymous</username><pt><x>498</x><y>597</y><time>13-01-22 11:31:44:163</time></pt><pt><x>890</x><y>597</y><time>13-01-22 11:31:46:132</time></pt><pt><x>890</x><y>1235</y><time>undefined</time></pt><pt><x>498</x><y>1235</y><time>undefined</time></pt><closed_date>13-01-22 11:31:46:133</closed_date></polygon></object><object><name>tooth</name><deleted>0</deleted><verified>0</verified><occluded>no</occluded><attributes>34</attributes><parts><hasparts /><ispartof /></parts><date>13-01-22 11:31:56:856</date><id>8</id><type>bounding_box</type><polygon><username>anonymous</username><pt><x>168</x><y>636</y><time>13-01-22 11:31:51:361</time></pt><pt><x>514</x><y>636</y><time>13-01-22 11:31:53:389</time></pt><pt><x>514</x><y>1229</y><time>undefined</time></pt><pt><x>168</x><y>1229</y><time>undefined</time></pt><closed_date>13-01-22 11:31:53:390</closed_date></polygon></object><object><name>tooth</name><deleted>0</deleted><verified>0</verified><occluded>no</occluded><attributes>33</attributes><parts><hasparts /><ispartof /></parts><date>13-01-22 11:32:02:637</date><id>9</id><type>bounding_box</type><polygon><username>anonymous</username><pt><x>4</x><y>553</y><time>13-01-22 11:31:57:811</time></pt><pt><x>282</x><y>553</y><time>13-01-22 11:31:59:181</time></pt><pt><x>282</x><y>1224</y><time>undefined</time></pt><pt><x>4</x><y>1224</y><time>undefined</time></pt><closed_date>13-01-22 11:31:59:181</closed_date></polygon></object><object><name>restoration</name><deleted>0</deleted><verified>0</verified><occluded>no</occluded><attributes /><parts><hasparts /><ispartof>1</ispartof></parts><date>13-01-22 11:32:17:806</date><id>10</id><polygon><username>anonymous</username><pt><x>796</x><y>400</y><time>13-01-22 11:32:04:906</time></pt><pt><x>818</x><y>359</y><time>13-01-22 11:32:05:416</time></pt><pt><x>844</x><y>372</y><time>13-01-22 11:32:06:098</time></pt><pt><x>864</x><y>378</y><time>13-01-22 11:32:06:493</time></pt><pt><x>923</x><y>337</y><time>13-01-22 11:32:07:137</time></pt><pt><x>986</x><y>332</y><time>13-01-22 11:32:07:911</time></pt><pt><x>1004</x><y>352</y><time>13-01-22 11:32:08:414</time></pt><pt><x>999</x><y>398</y><time>13-01-22 11:32:08:871</time></pt><pt><x>1047</x><y>378</y><time>13-01-22 11:32:09:595</time></pt><pt><x>1089</x><y>372</y><time>13-01-22 11:32:10:238</time></pt><pt><x>1106</x><y>396</y><time>13-01-22 11:32:10:699</time></pt><pt><x>1108</x><y>415</y><time>13-01-22 11:32:11:108</time></pt><pt><x>1091</x><y>439</y><time>13-01-22 11:32:11:521</time></pt><pt><x>1069</x><y>459</y><time>13-01-22 11:32:11:889</time></pt><pt><x>1041</x><y>472</y><time>13-01-22 11:32:12:220</time></pt><pt><x>1008</x><y>472</y><time>13-01-22 11:32:12:519</time></pt><pt><x>979</x><y>455</y><time>13-01-22 11:32:12:777</time></pt><pt><x>953</x><y>439</y><time>13-01-22 11:32:13:167</time></pt><pt><x>944</x><y>439</y><time>13-01-22 11:32:13:351</time></pt><pt><x>920</x><y>446</y><time>13-01-22 11:32:13:629</time></pt><pt><x>892</x><y>453</y><time>13-01-22 11:32:13:887</time></pt><pt><x>861</x><y>463</y><time>13-01-22 11:32:14:131</time></pt><pt><x>835</x><y>468</y><time>13-01-22 11:32:14:354</time></pt><pt><x>813</x><y>455</y><time>13-01-22 11:32:14:592</time></pt><pt><x>805</x><y>437</y><time>13-01-22 11:32:14:841</time></pt><closed_date>13-01-22 11:32:15:058</closed_date></polygon></object><object><name>restoration</name><deleted>0</deleted><verified>0</verified><occluded>no</occluded><attributes /><parts><hasparts /><ispartof>6</ispartof></parts><date>13-01-22 11:32:34:772</date><id>11</id><polygon><username>anonymous</username><pt><x>853</x><y>728</y><time>13-01-22 11:32:20:958</time></pt><pt><x>899</x><y>748</y><time>13-01-22 11:32:21:619</time></pt><pt><x>931</x><y>763</y><time>13-01-22 11:32:22:052</time></pt><pt><x>960</x><y>767</y><time>13-01-22 11:32:22:364</time></pt><pt><x>977</x><y>765</y><time>13-01-22 11:32:22:652</time></pt><pt><x>995</x><y>748</y><time>13-01-22 11:32:22:943</time></pt><pt><x>1006</x><y>735</y><time>13-01-22 11:32:23:209</time></pt><pt><x>1014</x><y>732</y><time>13-01-22 11:32:23:504</time></pt><pt><x>1047</x><y>743</y><time>13-01-22 11:32:23:783</time></pt><pt><x>1080</x><y>748</y><time>13-01-22 11:32:24:053</time></pt><pt><x>1115</x><y>746</y><time>13-01-22 11:32:24:320</time></pt><pt><x>1137</x><y>737</y><time>13-01-22 11:32:24:548</time></pt><pt><x>1176</x><y>735</y><time>13-01-22 11:32:24:885</time></pt><pt><x>1202</x><y>719</y><time>13-01-22 11:32:25:142</time></pt><pt><x>1224</x><y>665</y><time>13-01-22 11:32:25:632</time></pt><pt><x>1227</x><y>649</y><time>13-01-22 11:32:25:863</time></pt><pt><x>1233</x><y>632</y><time>13-01-22 11:32:26:105</time></pt><pt><x>1240</x><y>612</y><time>13-01-22 11:32:26:440</time></pt><pt><x>1216</x><y>601</y><time>13-01-22 11:32:27:237</time></pt><pt><x>1200</x><y>592</y><time>13-01-22 11:32:27:508</time></pt><pt><x>1161</x><y>590</y><time>13-01-22 11:32:27:794</time></pt><pt><x>1135</x><y>590</y><time>13-01-22 11:32:28:067</time></pt><pt><x>1108</x><y>590</y><time>13-01-22 11:32:28:312</time></pt><pt><x>1076</x><y>603</y><time>13-01-22 11:32:28:564</time></pt><pt><x>1058</x><y>612</y><time>13-01-22 11:32:28:800</time></pt><pt><x>1038</x><y>614</y><time>13-01-22 11:32:29:063</time></pt><pt><x>1014</x><y>623</y><time>13-01-22 11:32:29:303</time></pt><pt><x>990</x><y>627</y><time>13-01-22 11:32:29:539</time></pt><pt><x>960</x><y>627</y><time>13-01-22 11:32:29:758</time></pt><pt><x>934</x><y>630</y><time>13-01-22 11:32:29:975</time></pt><pt><x>894</x><y>645</y><time>13-01-22 11:32:30:253</time></pt><pt><x>875</x><y>667</y><time>13-01-22 11:32:30:496</time></pt><pt><x>857</x><y>686</y><time>13-01-22 11:32:30:749</time></pt><pt><x>848</x><y>702</y><time>13-01-22 11:32:30:998</time></pt><closed_date>13-01-22 11:32:31:208</closed_date></polygon></object><object><name>restoration</name><deleted>0</deleted><verified>0</verified><occluded>no</occluded><attributes /><parts><hasparts /><ispartof>7</ispartof></parts><date>13-01-22 11:32:43:421</date><id>12</id><polygon><username>anonymous</username><pt><x>636</x><y>673</y><time>13-01-22 11:32:36:535</time></pt><pt><x>662</x><y>686</y><time>13-01-22 11:32:36:943</time></pt><pt><x>697</x><y>686</y><time>13-01-22 11:32:37:307</time></pt><pt><x>715</x><y>680</y><time>13-01-22 11:32:37:558</time></pt><pt><x>763</x><y>658</y><time>13-01-22 11:32:38:322</time></pt><pt><x>778</x><y>647</y><time>13-01-22 11:32:38:591</time></pt><pt><x>774</x><y>643</y><time>13-01-22 11:32:39:074</time></pt><pt><x>756</x><y>647</y><time>13-01-22 11:32:39:359</time></pt><pt><x>735</x><y>649</y><time>13-01-22 11:32:39:633</time></pt><pt><x>708</x><y>654</y><time>13-01-22 11:32:39:871</time></pt><pt><x>678</x><y>656</y><time>13-01-22 11:32:40:165</time></pt><pt><x>662</x><y>658</y><time>13-01-22 11:32:40:372</time></pt><pt><x>649</x><y>662</y><time>13-01-22 11:32:40:574</time></pt><closed_date>13-01-22 11:32:40:824</closed_date></polygon></object><object><name>restoration</name><deleted>0</deleted><verified>0</verified><occluded>no</occluded><attributes /><parts><hasparts /><ispartof>0</ispartof></parts><date>13-01-22 11:32:51:475</date><id>13</id><polygon><username>anonymous</username><pt><x>1257</x><y>409</y><time>13-01-22 11:32:44:365</time></pt><pt><x>1316</x><y>404</y><time>13-01-22 11:32:44:931</time></pt><pt><x>1349</x><y>387</y><time>13-01-22 11:32:45:242</time></pt><pt><x>1366</x><y>374</y><time>13-01-22 11:32:45:522</time></pt><pt><x>1393</x><y>365</y><time>13-01-22 11:32:45:837</time></pt><pt><x>1419</x><y>369</y><time>13-01-22 11:32:46:123</time></pt><pt><x>1439</x><y>394</y><time>13-01-22 11:32:46:516</time></pt><pt><x>1421</x><y>400</y><time>13-01-22 11:32:47:638</time></pt><pt><x>1397</x><y>413</y><time>13-01-22 11:32:48:003</time></pt><pt><x>1362</x><y>426</y><time>13-01-22 11:32:48:303</time></pt><pt><x>1323</x><y>426</y><time>13-01-22 11:32:48:534</time></pt><pt><x>1281</x><y>424</y><time>13-01-22 11:32:48:782</time></pt><closed_date>13-01-22 11:32:49:019</closed_date></polygon></object><object><name>restoration</name><deleted>0</deleted><verified>0</verified><occluded>no</occluded><attributes /><parts><hasparts /><ispartof>0</ispartof></parts><date>13-01-22 11:33:01:109</date><id>14</id><polygon><username>anonymous</username><pt><x>1489</x><y>380</y><time>13-01-22 11:32:52:470</time></pt><pt><x>1502</x><y>341</y><time>13-01-22 11:32:52:924</time></pt><pt><x>1544</x><y>335</y><time>13-01-22 11:32:53:607</time></pt><pt><x>1570</x><y>339</y><time>13-01-22 11:32:54:014</time></pt><pt><x>1592</x><y>350</y><time>13-01-22 11:32:54:334</time></pt><pt><x>1589</x><y>361</y><time>13-01-22 11:32:54:710</time></pt><pt><x>1570</x><y>372</y><time>13-01-22 11:32:54:995</time></pt><pt><x>1546</x><y>383</y><time>13-01-22 11:32:55:261</time></pt><pt><x>1528</x><y>391</y><time>13-01-22 11:32:55:491</time></pt><pt><x>1506</x><y>400</y><time>13-01-22 11:32:55:724</time></pt><pt><x>1495</x><y>396</y><time>13-01-22 11:32:56:056</time></pt><closed_date>13-01-22 11:32:56:449</closed_date></polygon></object><imagesize><nrows /><ncols /></imagesize></annotation>