<?xml version='1.0' encoding='UTF-8'?>
<annotation><filename>139.jpg</filename><folder>segmentation_xray</folder><source><sourceImage>The MIT-CSAIL database of objects and scenes</sourceImage><sourceAnnotation>LabelMe Webtool</sourceAnnotation></source><object><name>tooth</name><deleted>0</deleted><verified>0</verified><occluded>no</occluded><attributes>17</attributes><parts><hasparts>10</hasparts><ispartof /></parts><date>13-12-21 20:38:10:610</date><id>0</id><type>bounding_box</type><polygon><username>anonymous</username><pt><x>357</x><y>523</y><time>13-12-21 20:37:58:860</time></pt><pt><x>3</x><y>523</y><time>13-12-21 20:38:02:732</time></pt><pt><x>3</x><y>3</y><time>undefined</time></pt><pt><x>357</x><y>3</y><time>undefined</time></pt><closed_date>13-12-21 20:38:02:732</closed_date></polygon></object><object><name>tooth</name><deleted>0</deleted><verified>0</verified><occluded>no</occluded><attributes>16</attributes><parts><hasparts>7</hasparts><ispartof /></parts><date>13-12-21 20:38:20:959</date><id>1</id><type>bounding_box</type><polygon><username>anonymous</username><pt><x>725</x><y>524</y><time>13-12-21 20:38:13:557</time></pt><pt><x>336</x><y>524</y><time>13-12-21 20:38:16:842</time></pt><pt><x>336</x><y>3</y><time>undefined</time></pt><pt><x>725</x><y>3</y><time>undefined</time></pt><closed_date>13-12-21 20:38:16:843</closed_date></polygon></object><object><name>tooth</name><deleted>0</deleted><verified>0</verified><occluded>no</occluded><attributes>15</attributes><parts><hasparts>8</hasparts><ispartof /></parts><date>13-12-21 20:38:36:659</date><id>2</id><type>bounding_box</type><polygon><username>anonymous</username><pt><x>970</x><y>518</y><time>13-12-21 20:38:27:853</time></pt><pt><x>718</x><y>518</y><time>13-12-21 20:38:32:915</time></pt><pt><x>718</x><y>5</y><time>undefined</time></pt><pt><x>970</x><y>5</y><time>undefined</time></pt><closed_date>13-12-21 20:38:32:916</closed_date></polygon></object><object><name>tooth</name><deleted>0</deleted><verified>0</verified><occluded>no</occluded><attributes>14</attributes><parts><hasparts /><ispartof /></parts><date>13-12-21 20:38:43:827</date><id>3</id><type>bounding_box</type><polygon><username>anonymous</username><pt><x>1207</x><y>503</y><time>13-12-21 20:38:38:192</time></pt><pt><x>957</x><y>503</y><time>13-12-21 20:38:40:407</time></pt><pt><x>957</x><y>3</y><time>undefined</time></pt><pt><x>1207</x><y>3</y><time>undefined</time></pt><closed_date>13-12-21 20:38:40:407</closed_date></polygon></object><object><name>tooth</name><deleted>0</deleted><verified>0</verified><occluded>no</occluded><attributes>45</attributes><parts><hasparts /><ispartof /></parts><date>13-12-21 20:38:55:646</date><id>4</id><type>bounding_box</type><polygon><username>anonymous</username><pt><x>1184</x><y>571</y><time>13-12-21 20:38:45:848</time></pt><pt><x>925</x><y>571</y><time>13-12-21 20:38:48:439</time></pt><pt><x>925</x><y>947</y><time>undefined</time></pt><pt><x>1184</x><y>947</y><time>undefined</time></pt><closed_date>13-12-21 20:38:48:439</closed_date></polygon></object><object><name>tooth</name><deleted>0</deleted><verified>0</verified><occluded>no</occluded><attributes>46</attributes><parts><hasparts>9</hasparts><ispartof /></parts><date>13-12-21 20:39:05:307</date><id>5</id><type>bounding_box</type><polygon><username>anonymous</username><pt><x>513</x><y>573</y><time>13-12-21 20:38:57:657</time></pt><pt><x>927</x><y>573</y><time>13-12-21 20:39:01:863</time></pt><pt><x>927</x><y>948</y><time>undefined</time></pt><pt><x>513</x><y>948</y><time>undefined</time></pt><closed_date>13-12-21 20:39:01:863</closed_date></polygon></object><object><name>tooth</name><deleted>0</deleted><verified>0</verified><occluded>no</occluded><attributes>47</attributes><parts><hasparts /><ispartof /></parts><date>13-12-21 20:39:15:259</date><id>6</id><type>bounding_box</type><polygon><username>anonymous</username><pt><x>503</x><y>573</y><time>13-12-21 20:39:07:289</time></pt><pt><x>85</x><y>573</y><time>13-12-21 20:39:11:151</time></pt><pt><x>85</x><y>947</y><time>undefined</time></pt><pt><x>503</x><y>947</y><time>undefined</time></pt><closed_date>13-12-21 20:39:11:152</closed_date></polygon></object><object><name>restoration</name><deleted>0</deleted><verified>0</verified><occluded>no</occluded><attributes /><parts><hasparts /><ispartof>1</ispartof></parts><date>13-12-21 20:39:33:003</date><id>7</id><polygon><username>anonymous</username><pt><x>638</x><y>457</y><time>13-12-21 20:39:21:625</time></pt><pt><x>611</x><y>441</y><time>13-12-21 20:39:22:103</time></pt><pt><x>589</x><y>424</y><time>13-12-21 20:39:22:471</time></pt><pt><x>568</x><y>412</y><time>13-12-21 20:39:22:903</time></pt><pt><x>556</x><y>409</y><time>13-12-21 20:39:23:231</time></pt><pt><x>523</x><y>414</y><time>13-12-21 20:39:23:511</time></pt><pt><x>508</x><y>427</y><time>13-12-21 20:39:23:839</time></pt><pt><x>498</x><y>434</y><time>13-12-21 20:39:24:143</time></pt><pt><x>466</x><y>422</y><time>13-12-21 20:39:24:510</time></pt><pt><x>451</x><y>422</y><time>13-12-21 20:39:24:831</time></pt><pt><x>414</x><y>434</y><time>13-12-21 20:39:25:103</time></pt><pt><x>406</x><y>447</y><time>13-12-21 20:39:25:362</time></pt><pt><x>404</x><y>462</y><time>13-12-21 20:39:25:655</time></pt><pt><x>412</x><y>479</y><time>13-12-21 20:39:25:983</time></pt><pt><x>459</x><y>486</y><time>13-12-21 20:39:26:263</time></pt><pt><x>478</x><y>489</y><time>13-12-21 20:39:26:512</time></pt><pt><x>501</x><y>496</y><time>13-12-21 20:39:26:871</time></pt><pt><x>533</x><y>498</y><time>13-12-21 20:39:27:183</time></pt><pt><x>539</x><y>498</y><time>13-12-21 20:39:27:447</time></pt><pt><x>558</x><y>493</y><time>13-12-21 20:39:27:663</time></pt><pt><x>571</x><y>486</y><time>13-12-21 20:39:27:887</time></pt><pt><x>596</x><y>469</y><time>13-12-21 20:39:28:152</time></pt><closed_date>13-12-21 20:39:28:417</closed_date></polygon></object><object><name>restoration</name><deleted>0</deleted><verified>0</verified><occluded>no</occluded><attributes /><parts><hasparts /><ispartof>2</ispartof></parts><date>13-12-21 20:39:43:245</date><id>8</id><polygon><username>anonymous</username><pt><x>933</x><y>417</y><time>13-12-21 20:39:34:953</time></pt><pt><x>903</x><y>411</y><time>13-12-21 20:39:35:287</time></pt><pt><x>877</x><y>404</y><time>13-12-21 20:39:35:607</time></pt><pt><x>860</x><y>394</y><time>13-12-21 20:39:35:919</time></pt><pt><x>835</x><y>389</y><time>13-12-21 20:39:36:400</time></pt><pt><x>823</x><y>387</y><time>13-12-21 20:39:36:705</time></pt><pt><x>808</x><y>399</y><time>13-12-21 20:39:36:928</time></pt><pt><x>785</x><y>397</y><time>13-12-21 20:39:37:161</time></pt><pt><x>773</x><y>404</y><time>13-12-21 20:39:37:417</time></pt><pt><x>766</x><y>426</y><time>13-12-21 20:39:37:673</time></pt><pt><x>766</x><y>441</y><time>13-12-21 20:39:37:921</time></pt><pt><x>771</x><y>451</y><time>13-12-21 20:39:38:218</time></pt><pt><x>806</x><y>457</y><time>13-12-21 20:39:38:633</time></pt><pt><x>836</x><y>461</y><time>13-12-21 20:39:38:889</time></pt><pt><x>855</x><y>461</y><time>13-12-21 20:39:39:249</time></pt><pt><x>875</x><y>451</y><time>13-12-21 20:39:39:569</time></pt><pt><x>908</x><y>454</y><time>13-12-21 20:39:40:000</time></pt><pt><x>920</x><y>452</y><time>13-12-21 20:39:40:232</time></pt><closed_date>13-12-21 20:39:40:536</closed_date></polygon></object><object><name>restoration</name><deleted>0</deleted><verified>0</verified><occluded>no</occluded><attributes /><parts><hasparts /><ispartof>5</ispartof></parts><date>13-12-21 20:40:02:293</date><id>9</id><polygon><username>anonymous</username><pt><x>573</x><y>644</y><time>13-12-21 20:39:45:770</time></pt><pt><x>584</x><y>678</y><time>13-12-21 20:39:46:385</time></pt><pt><x>593</x><y>688</y><time>13-12-21 20:39:46:809</time></pt><pt><x>598</x><y>693</y><time>13-12-21 20:39:47:193</time></pt><pt><x>619</x><y>696</y><time>13-12-21 20:39:47:473</time></pt><pt><x>636</x><y>688</y><time>13-12-21 20:39:47:721</time></pt><pt><x>659</x><y>683</y><time>13-12-21 20:39:47:953</time></pt><pt><x>686</x><y>698</y><time>13-12-21 20:39:48:529</time></pt><pt><x>696</x><y>703</y><time>13-12-21 20:39:48:881</time></pt><pt><x>708</x><y>701</y><time>13-12-21 20:39:49:163</time></pt><pt><x>721</x><y>706</y><time>13-12-21 20:39:49:433</time></pt><pt><x>741</x><y>706</y><time>13-12-21 20:39:49:689</time></pt><pt><x>751</x><y>703</y><time>13-12-21 20:39:49:944</time></pt><pt><x>760</x><y>696</y><time>13-12-21 20:39:50:169</time></pt><pt><x>770</x><y>685</y><time>13-12-21 20:39:54:353</time></pt><pt><x>793</x><y>673</y><time>13-12-21 20:39:54:689</time></pt><pt><x>826</x><y>668</y><time>13-12-21 20:39:55:065</time></pt><pt><x>845</x><y>648</y><time>13-12-21 20:39:55:481</time></pt><pt><x>853</x><y>626</y><time>13-12-21 20:39:55:841</time></pt><pt><x>870</x><y>613</y><time>13-12-21 20:39:56:249</time></pt><pt><x>853</x><y>603</y><time>13-12-21 20:39:56:713</time></pt><pt><x>843</x><y>598</y><time>13-12-21 20:39:57:145</time></pt><pt><x>778</x><y>598</y><time>13-12-21 20:39:57:465</time></pt><pt><x>738</x><y>606</y><time>13-12-21 20:39:57:944</time></pt><pt><x>700</x><y>601</y><time>13-12-21 20:39:58:360</time></pt><pt><x>683</x><y>596</y><time>13-12-21 20:39:58:705</time></pt><pt><x>656</x><y>591</y><time>13-12-21 20:39:59:009</time></pt><pt><x>613</x><y>606</y><time>13-12-21 20:39:59:273</time></pt><pt><x>594</x><y>626</y><time>13-12-21 20:39:59:665</time></pt><closed_date>13-12-21 20:39:59:985</closed_date></polygon></object><object><name>restoration</name><deleted>0</deleted><verified>0</verified><occluded>no</occluded><attributes /><parts><hasparts /><ispartof>0</ispartof></parts><date>13-12-21 20:40:42:380</date><id>10</id><polygon><username>anonymous</username><pt><x>105</x><y>366</y><time>13-12-21 20:40:29:379</time></pt><pt><x>152</x><y>361</y><time>13-12-21 20:40:29:825</time></pt><pt><x>172</x><y>361</y><time>13-12-21 20:40:30:417</time></pt><pt><x>195</x><y>376</y><time>13-12-21 20:40:30:745</time></pt><pt><x>209</x><y>396</y><time>13-12-21 20:40:31:178</time></pt><pt><x>230</x><y>412</y><time>13-12-21 20:40:31:513</time></pt><pt><x>252</x><y>419</y><time>13-12-21 20:40:31:897</time></pt><pt><x>279</x><y>434</y><time>13-12-21 20:40:32:449</time></pt><pt><x>291</x><y>449</y><time>13-12-21 20:40:32:961</time></pt><pt><x>294</x><y>476</y><time>13-12-21 20:40:33:321</time></pt><pt><x>286</x><y>494</y><time>13-12-21 20:40:33:730</time></pt><pt><x>255</x><y>483</y><time>13-12-21 20:40:34:145</time></pt><pt><x>229</x><y>479</y><time>13-12-21 20:40:34:489</time></pt><pt><x>212</x><y>481</y><time>13-12-21 20:40:34:769</time></pt><pt><x>192</x><y>491</y><time>13-12-21 20:40:35:057</time></pt><pt><x>152</x><y>489</y><time>13-12-21 20:40:35:321</time></pt><pt><x>142</x><y>479</y><time>13-12-21 20:40:35:625</time></pt><pt><x>137</x><y>472</y><time>13-12-21 20:40:35:937</time></pt><pt><x>117</x><y>459</y><time>13-12-21 20:40:36:192</time></pt><pt><x>100</x><y>427</y><time>13-12-21 20:40:36:480</time></pt><pt><x>102</x><y>407</y><time>13-12-21 20:40:37:024</time></pt><pt><x>88</x><y>374</y><time>13-12-21 20:40:37:312</time></pt><closed_date>13-12-21 20:40:37:616</closed_date></polygon></object><imagesize><nrows /><ncols /></imagesize></annotation>