<?xml version='1.0' encoding='UTF-8'?>
<annotation><filename>14.jpg</filename><folder>segmentation_xray</folder><source><sourceImage>The MIT-CSAIL database of objects and scenes</sourceImage><sourceAnnotation>LabelMe Webtool</sourceAnnotation></source><object><name>tooth 47</name><deleted>0</deleted><verified>0</verified><occluded>no</occluded><attributes /><parts><hasparts /><ispartof /></parts><date>13-01-22 11:11:26:404</date><id>0</id><type>bounding_box</type><polygon><username>anonymous</username><pt><x>62</x><y>430</y><time>13-01-22 11:11:18:475</time></pt><pt><x>430</x><y>430</y><time>13-01-22 11:11:21:934</time></pt><pt><x>430</x><y>943</y><time>undefined</time></pt><pt><x>62</x><y>943</y><time>undefined</time></pt><closed_date>13-01-22 11:11:21:935</closed_date></polygon></object><object><name>tooth 46</name><deleted>0</deleted><verified>0</verified><occluded>no</occluded><attributes /><parts><hasparts /><ispartof /></parts><date>13-01-22 11:11:37:966</date><id>1</id><type>bounding_box</type><polygon><username>anonymous</username><pt><x>412</x><y>492</y><time>13-01-22 11:11:30:869</time></pt><pt><x>780</x><y>492</y><time>13-01-22 11:11:33:923</time></pt><pt><x>780</x><y>946</y><time>undefined</time></pt><pt><x>412</x><y>946</y><time>undefined</time></pt><closed_date>13-01-22 11:11:33:923</closed_date></polygon></object><object><name>tooth 45</name><deleted>0</deleted><verified>0</verified><occluded>no</occluded><attributes /><parts><hasparts /><ispartof /></parts><date>13-01-22 11:11:48:851</date><id>2</id><type>bounding_box</type><polygon><username>anonymous</username><pt><x>785</x><y>486</y><time>13-01-22 11:11:40:010</time></pt><pt><x>1008</x><y>486</y><time>13-01-22 11:11:45:660</time></pt><pt><x>1008</x><y>945</y><time>undefined</time></pt><pt><x>785</x><y>945</y><time>undefined</time></pt><closed_date>13-01-22 11:11:45:661</closed_date></polygon></object><object><name>tooth 44</name><deleted>0</deleted><verified>0</verified><occluded>no</occluded><attributes /><parts><hasparts /><ispartof /></parts><date>13-01-22 11:11:59:620</date><id>3</id><type>bounding_box</type><polygon><username>anonymous</username><pt><x>1012</x><y>446</y><time>13-01-22 11:11:50:747</time></pt><pt><x>1217</x><y>446</y><time>13-01-22 11:11:56:388</time></pt><pt><x>1217</x><y>932</y><time>undefined</time></pt><pt><x>1012</x><y>932</y><time>undefined</time></pt><closed_date>13-01-22 11:11:56:388</closed_date></polygon></object><object><name>tooth 17</name><deleted>0</deleted><verified>0</verified><occluded>no</occluded><attributes /><parts><hasparts /><ispartof /></parts><date>13-01-22 11:12:07:926</date><id>4</id><type>bounding_box</type><polygon><username>anonymous</username><pt><x>103</x><y>416</y><time>13-01-22 11:12:01:641</time></pt><pt><x>414</x><y>416</y><time>13-01-22 11:12:04:231</time></pt><pt><x>414</x><y>0</y><time>undefined</time></pt><pt><x>103</x><y>0</y><time>undefined</time></pt><closed_date>13-01-22 11:12:04:231</closed_date></polygon></object><object><name>tooth 16</name><deleted>0</deleted><verified>0</verified><occluded>no</occluded><attributes /><parts><hasparts /><ispartof /></parts><date>13-01-22 11:12:19:429</date><id>5</id><type>bounding_box</type><polygon><username>anonymous</username><pt><x>747</x><y>409</y><time>13-01-22 11:12:13:181</time></pt><pt><x>395</x><y>409</y><time>13-01-22 11:12:16:329</time></pt><pt><x>395</x><y>5</y><time>undefined</time></pt><pt><x>747</x><y>5</y><time>undefined</time></pt><closed_date>13-01-22 11:12:16:329</closed_date></polygon></object><object><name>tooth 15</name><deleted>0</deleted><verified>0</verified><occluded>no</occluded><attributes /><parts><hasparts /><ispartof /></parts><date>13-01-22 11:12:28:379</date><id>6</id><type>bounding_box</type><polygon><username>anonymous</username><pt><x>964</x><y>407</y><time>13-01-22 11:12:22:045</time></pt><pt><x>725</x><y>407</y><time>13-01-22 11:12:25:670</time></pt><pt><x>725</x><y>5</y><time>undefined</time></pt><pt><x>964</x><y>5</y><time>undefined</time></pt><closed_date>13-01-22 11:12:25:671</closed_date></polygon></object><object><name>tooth 14</name><deleted>0</deleted><verified>0</verified><occluded>no</occluded><attributes /><parts><hasparts /><ispartof /></parts><date>13-01-22 11:12:38:203</date><id>7</id><type>bounding_box</type><polygon><username>anonymous</username><pt><x>1171</x><y>391</y><time>13-01-22 11:12:30:782</time></pt><pt><x>929</x><y>391</y><time>13-01-22 11:12:33:158</time></pt><pt><x>929</x><y>2</y><time>undefined</time></pt><pt><x>1171</x><y>2</y><time>undefined</time></pt><closed_date>13-01-22 11:12:33:158</closed_date></polygon></object><object><name>tooth 13</name><deleted>0</deleted><verified>0</verified><occluded>no</occluded><attributes /><parts><hasparts /><ispartof /></parts><date>13-01-22 11:12:56:979</date><id>8</id><type>bounding_box</type><polygon><username>anonymous</username><pt><x>1219</x><y>292</y><time>13-01-22 11:12:51:043</time></pt><pt><x>1120</x><y>292</y><time>13-01-22 11:12:52:652</time></pt><pt><x>1120</x><y>30</y><time>undefined</time></pt><pt><x>1219</x><y>30</y><time>undefined</time></pt><closed_date>13-01-22 11:12:52:652</closed_date></polygon></object><imagesize><nrows /><ncols /></imagesize></annotation>