<?xml version='1.0' encoding='UTF-8'?>
<annotation><filename>141.jpg</filename><folder>segmentation_xray</folder><source><sourceImage>The MIT-CSAIL database of objects and scenes</sourceImage><sourceAnnotation>LabelMe Webtool</sourceAnnotation></source><object><name>tooth</name><deleted>0</deleted><verified>0</verified><occluded>no</occluded><attributes>28</attributes><parts><hasparts /><ispartof /></parts><date>09-12-21 08:36:11:349</date><id>0</id><type>bounding_box</type><polygon><username>anonymous</username><pt><x>1500</x><y>338</y><time>09-12-21 08:35:47:640</time></pt><pt><x>1154</x><y>338</y><time>09-12-21 08:35:50:578</time></pt><pt><x>1154</x><y>17</y><time>undefined</time></pt><pt><x>1500</x><y>17</y><time>undefined</time></pt><closed_date>09-12-21 08:35:50:579</closed_date></polygon></object><object><name>tooth</name><deleted>0</deleted><verified>0</verified><occluded>no</occluded><attributes>27</attributes><parts><hasparts /><ispartof /></parts><date>09-12-21 08:36:29:602</date><id>1</id><type>bounding_box</type><polygon><username>anonymous</username><pt><x>1206</x><y>510</y><time>09-12-21 08:36:18:777</time></pt><pt><x>753</x><y>510</y><time>09-12-21 08:36:24:111</time></pt><pt><x>753</x><y>17</y><time>undefined</time></pt><pt><x>1206</x><y>17</y><time>undefined</time></pt><closed_date>09-12-21 08:36:24:112</closed_date></polygon></object><object><name>tooth</name><deleted>0</deleted><verified>0</verified><occluded>no</occluded><attributes>26</attributes><parts><hasparts /><ispartof /></parts><date>09-12-21 08:36:48:264</date><id>2</id><type>bounding_box</type><polygon><username>anonymous</username><pt><x>340</x><y>492</y><time>09-12-21 08:36:34:513</time></pt><pt><x>834</x><y>492</y><time>09-12-21 08:36:40:737</time></pt><pt><x>834</x><y>13</y><time>undefined</time></pt><pt><x>340</x><y>13</y><time>undefined</time></pt><closed_date>09-12-21 08:36:40:737</closed_date></polygon></object><object><name>tooth</name><deleted>0</deleted><verified>0</verified><occluded>no</occluded><attributes>25</attributes><parts><hasparts /><ispartof /></parts><date>09-12-21 08:37:13:045</date><id>3</id><type>bounding_box</type><polygon><username>anonymous</username><pt><x>54</x><y>390</y><time>09-12-21 08:37:03:925</time></pt><pt><x>407</x><y>390</y><time>09-12-21 08:37:07:789</time></pt><pt><x>407</x><y>13</y><time>undefined</time></pt><pt><x>54</x><y>13</y><time>undefined</time></pt><closed_date>09-12-21 08:37:07:790</closed_date></polygon></object><object><name>tooth</name><deleted>0</deleted><verified>0</verified><occluded>no</occluded><attributes>24</attributes><parts><hasparts /><ispartof /></parts><date>09-12-21 08:37:36:283</date><id>4</id><type>bounding_box</type><polygon><username>anonymous</username><pt><x>4</x><y>318</y><time>09-12-21 08:37:24:794</time></pt><pt><x>139</x><y>318</y><time>09-12-21 08:37:27:343</time></pt><pt><x>139</x><y>9</y><time>undefined</time></pt><pt><x>4</x><y>9</y><time>undefined</time></pt><closed_date>09-12-21 08:37:27:343</closed_date></polygon></object><object><name>tooth</name><deleted>0</deleted><verified>0</verified><occluded>no</occluded><attributes>37</attributes><parts><hasparts /><ispartof /></parts><date>09-12-21 08:37:52:542</date><id>5</id><type>bounding_box</type><polygon><username>anonymous</username><pt><x>1442</x><y>555</y><time>09-12-21 08:37:41:243</time></pt><pt><x>982</x><y>555</y><time>09-12-21 08:37:44:010</time></pt><pt><x>982</x><y>1230</y><time>undefined</time></pt><pt><x>1442</x><y>1230</y><time>undefined</time></pt><closed_date>09-12-21 08:37:44:010</closed_date></polygon></object><object><name>tooth</name><deleted>0</deleted><verified>0</verified><occluded>no</occluded><attributes>36</attributes><parts><hasparts /><ispartof /></parts><date>09-12-21 08:38:08:280</date><id>6</id><type>bounding_box</type><polygon><username>anonymous</username><pt><x>997</x><y>571</y><time>09-12-21 08:37:58:910</time></pt><pt><x>557</x><y>571</y><time>09-12-21 08:38:02:967</time></pt><pt><x>557</x><y>1226</y><time>undefined</time></pt><pt><x>997</x><y>1226</y><time>undefined</time></pt><closed_date>09-12-21 08:38:02:967</closed_date></polygon></object><object><name>tooth</name><deleted>0</deleted><verified>0</verified><occluded>no</occluded><attributes>35</attributes><parts><hasparts /><ispartof /></parts><date>09-12-21 08:38:32:328</date><id>7</id><type>bounding_box</type><polygon><username>anonymous</username><pt><x>187</x><y>492</y><time>09-12-21 08:38:21:760</time></pt><pt><x>599</x><y>492</y><time>09-12-21 08:38:25:997</time></pt><pt><x>599</x><y>1237</y><time>undefined</time></pt><pt><x>187</x><y>1237</y><time>undefined</time></pt><closed_date>09-12-21 08:38:25:997</closed_date></polygon></object><object><name>tooth</name><deleted>0</deleted><verified>0</verified><occluded>no</occluded><attributes>34</attributes><parts><hasparts /><ispartof /></parts><date>09-12-21 08:38:51:690</date><id>8</id><type>bounding_box</type><polygon><username>anonymous</username><pt><x>2</x><y>433</y><time>09-12-21 08:38:33:328</time></pt><pt><x>198</x><y>433</y><time>09-12-21 08:38:45:716</time></pt><pt><x>198</x><y>1128</y><time>undefined</time></pt><pt><x>2</x><y>1128</y><time>undefined</time></pt><closed_date>09-12-21 08:38:45:717</closed_date></polygon></object><imagesize><nrows /><ncols /></imagesize></annotation>