<?xml version="1.0" encoding="UTF-8"?><annotation><filename>142.jpg</filename><folder>segmentation_xray</folder><source><sourceImage>The MIT-CSAIL database of objects and scenes</sourceImage><sourceAnnotation>LabelMe Webtool</sourceAnnotation></source><object><name>tooth 18</name><deleted>1</deleted><verified>0</verified><occluded>no</occluded><attributes/><parts><hasparts>0,1,2,3,4,5,6,7,8,9</hasparts><ispartof>0</ispartof></parts><date>13-01-22 11:42:43:986</date><id>0</id><type>bounding_box</type><polygon><username>anonymous</username><pt><x>21</x><y>315</y><time>13-01-22 11:42:38:339</time></pt><pt><x>325</x><y>315</y><time>13-01-22 11:42:40:365</time></pt><pt><x>325</x><y>28</y><time>undefined</time></pt><pt><x>21</x><y>28</y><time>undefined</time></pt><closed_date>13-01-22 11:42:40:365</closed_date></polygon></object><object><name>tooth 17</name><deleted>1</deleted><verified>0</verified><occluded>no</occluded><attributes/><parts><hasparts/><ispartof>0</ispartof></parts><date>13-01-22 11:42:51:016</date><id>1</id><type>bounding_box</type><polygon><username>anonymous</username><pt><x>284</x><y>566</y><time>13-01-22 11:42:45:448</time></pt><pt><x>677</x><y>566</y><time>13-01-22 11:42:48:522</time></pt><pt><x>677</x><y>9</y><time>undefined</time></pt><pt><x>284</x><y>9</y><time>undefined</time></pt><closed_date>13-01-22 11:42:48:522</closed_date></polygon></object><object><name>tooth 16</name><deleted>1</deleted><verified>0</verified><occluded>no</occluded><attributes/><parts><hasparts/><ispartof>0</ispartof></parts><date>13-01-22 11:42:58:330</date><id>2</id><type>bounding_box</type><polygon><username>anonymous</username><pt><x>1099</x><y>514</y><time>13-01-22 11:42:53:048</time></pt><pt><x>628</x><y>514</y><time>13-01-22 11:42:55:694</time></pt><pt><x>628</x><y>21</y><time>undefined</time></pt><pt><x>1099</x><y>21</y><time>undefined</time></pt><closed_date>13-01-22 11:42:55:694</closed_date></polygon></object><object><name>tooth 15</name><deleted>1</deleted><verified>0</verified><occluded>no</occluded><attributes/><parts><hasparts/><ispartof>0</ispartof></parts><date>13-01-22 11:43:04:263</date><id>3</id><type>bounding_box</type><polygon><username>anonymous</username><pt><x>1395</x><y>552</y><time>13-01-22 11:43:00:149</time></pt><pt><x>1071</x><y>552</y><time>13-01-22 11:43:01:798</time></pt><pt><x>1071</x><y>5</y><time>undefined</time></pt><pt><x>1395</x><y>5</y><time>undefined</time></pt><closed_date>13-01-22 11:43:01:798</closed_date></polygon></object><object><name>tooth 14</name><deleted>1</deleted><verified>0</verified><occluded>no</occluded><attributes/><parts><hasparts/><ispartof>0</ispartof></parts><date>13-01-22 11:43:10:579</date><id>4</id><type>bounding_box</type><polygon><username>anonymous</username><pt><x>1613</x><y>521</y><time>13-01-22 11:43:06:358</time></pt><pt><x>1331</x><y>521</y><time>13-01-22 11:43:08:055</time></pt><pt><x>1331</x><y>0</y><time>undefined</time></pt><pt><x>1613</x><y>0</y><time>undefined</time></pt><closed_date>13-01-22 11:43:08:055</closed_date></polygon></object><object><name>tooth 43</name><deleted>1</deleted><verified>0</verified><occluded>no</occluded><attributes/><parts><hasparts/><ispartof>0</ispartof></parts><date>13-01-22 11:43:20:525</date><id>5</id><type>bounding_box</type><polygon><username>anonymous</username><pt><x>1570</x><y>682</y><time>13-01-22 11:43:12:634</time></pt><pt><x>1615</x><y>682</y><time>13-01-22 11:43:17:529</time></pt><pt><x>1615</x><y>940</y><time>undefined</time></pt><pt><x>1570</x><y>940</y><time>undefined</time></pt><closed_date>13-01-22 11:43:17:530</closed_date></polygon></object><object><name>tooth 45</name><deleted>1</deleted><verified>0</verified><occluded>no</occluded><attributes/><parts><hasparts/><ispartof>0</ispartof></parts><date>13-01-22 11:43:29:828</date><id>6</id><type>bounding_box</type><polygon><username>anonymous</username><pt><x>1279</x><y>580</y><time>13-01-22 11:43:22:979</time></pt><pt><x>1592</x><y>580</y><time>13-01-22 11:43:26:058</time></pt><pt><x>1592</x><y>1248</y><time>undefined</time></pt><pt><x>1279</x><y>1248</y><time>undefined</time></pt><closed_date>13-01-22 11:43:26:059</closed_date></polygon></object><object><name>tooth 46</name><deleted>1</deleted><verified>0</verified><occluded>no</occluded><attributes/><parts><hasparts/><ispartof>0</ispartof></parts><date>13-01-22 11:43:37:172</date><id>7</id><type>bounding_box</type><polygon><username>anonymous</username><pt><x>836</x><y>602</y><time>13-01-22 11:43:31:772</time></pt><pt><x>1300</x><y>602</y><time>13-01-22 11:43:34:583</time></pt><pt><x>1300</x><y>1246</y><time>undefined</time></pt><pt><x>836</x><y>1246</y><time>undefined</time></pt><closed_date>13-01-22 11:43:34:583</closed_date></polygon></object><object><name>tooth 47</name><deleted>1</deleted><verified>0</verified><occluded>no</occluded><attributes/><parts><hasparts/><ispartof>0</ispartof></parts><date>13-01-22 11:43:46:341</date><id>8</id><type>bounding_box</type><polygon><username>anonymous</username><pt><x>433</x><y>609</y><time>13-01-22 11:43:39:115</time></pt><pt><x>888</x><y>609</y><time>13-01-22 11:43:42:508</time></pt><pt><x>888</x><y>1263</y><time>undefined</time></pt><pt><x>433</x><y>1263</y><time>undefined</time></pt><closed_date>13-01-22 11:43:42:508</closed_date></polygon></object><object><name>tooth 48</name><deleted>1</deleted><verified>0</verified><occluded>no</occluded><attributes/><parts><hasparts/><ispartof>0</ispartof></parts><date>13-01-22 11:43:53:829</date><id>9</id><type>bounding_box</type><polygon><username>anonymous</username><pt><x>9</x><y>718</y><time>13-01-22 11:43:48:439</time></pt><pt><x>448</x><y>718</y><time>13-01-22 11:43:50:478</time></pt><pt><x>448</x><y>1244</y><time>undefined</time></pt><pt><x>9</x><y>1244</y><time>undefined</time></pt><closed_date>13-01-22 11:43:50:479</closed_date></polygon></object><object><name>restoration</name><deleted>0</deleted><verified>0</verified><occluded>no</occluded><attributes/><parts><hasparts/><ispartof>13</ispartof></parts><date>13-01-22 11:44:33:249</date><id>10</id><polygon><username>anonymous</username><pt><x>722</x><y>386</y><time>13-01-22 11:44:21:580</time></pt><pt><x>796</x><y>388</y><time>13-01-22 11:44:22:464</time></pt><pt><x>902</x><y>360</y><time>13-01-22 11:44:23:185</time></pt><pt><x>910</x><y>410</y><time>13-01-22 11:44:23:885</time></pt><pt><x>893</x><y>443</y><time>13-01-22 11:44:24:401</time></pt><pt><x>860</x><y>483</y><time>13-01-22 11:44:25:080</time></pt><pt><x>839</x><y>523</y><time>13-01-22 11:44:25:800</time></pt><pt><x>763</x><y>554</y><time>13-01-22 11:44:28:354</time></pt><pt><x>715</x><y>483</y><time>13-01-22 11:44:29:148</time></pt><pt><x>699</x><y>474</y><time>13-01-22 11:44:29:980</time></pt><pt><x>677</x><y>431</y><time>13-01-22 11:44:30:651</time></pt><closed_date>13-01-22 11:44:31:382</closed_date></polygon></object><imagesize><nrows></nrows><ncols></ncols></imagesize><object><name>tooth</name><deleted>0</deleted><verified>0</verified><occluded>no</occluded><attributes>14</attributes><parts><hasparts></hasparts><ispartof></ispartof></parts><date>05-04-22 19:48:11:731</date><id>11</id><type>bounding_box</type><polygon><username>admin</username><pt><x>1299</x><y>16</y><time>05-04-22 19:45:17:462</time></pt><pt><x>1614</x><y>16</y><time>05-04-22 19:45:19:148</time></pt><pt><x>1614</x><y>530</y><time>undefined</time></pt><pt><x>1299</x><y>530</y><time>undefined</time></pt><closed_date>05-04-22 19:45:19:149</closed_date></polygon></object><object><name>tooth</name><deleted>0</deleted><verified>0</verified><occluded>no</occluded><attributes>15</attributes><parts><hasparts></hasparts><ispartof></ispartof></parts><date>05-04-22 19:48:19:951</date><id>12</id><type>bounding_box</type><polygon><username>admin</username><pt><x>1055</x><y>20</y><time>05-04-22 19:48:13:230</time></pt><pt><x>1375</x><y>20</y><time>05-04-22 19:48:15:829</time></pt><pt><x>1375</x><y>537</y><time>undefined</time></pt><pt><x>1055</x><y>537</y><time>undefined</time></pt><closed_date>05-04-22 19:48:15:830</closed_date></polygon></object><object><name>tooth</name><deleted>0</deleted><verified>0</verified><occluded>no</occluded><attributes>16</attributes><parts><hasparts>10</hasparts><ispartof></ispartof></parts><date>05-04-22 19:48:28:408</date><id>13</id><type>bounding_box</type><polygon><username>admin</username><pt><x>595</x><y>40</y><time>05-04-22 19:48:20:907</time></pt><pt><x>1109</x><y>40</y><time>05-04-22 19:48:22:906</time></pt><pt><x>1109</x><y>514</y><time>undefined</time></pt><pt><x>595</x><y>514</y><time>undefined</time></pt><closed_date>05-04-22 19:48:22:907</closed_date></polygon></object><object><name>tooth</name><deleted>0</deleted><verified>0</verified><occluded>no</occluded><attributes>17</attributes><parts><hasparts></hasparts><ispartof></ispartof></parts><date>05-04-22 19:48:35:459</date><id>14</id><type>bounding_box</type><polygon><username>admin</username><pt><x>304</x><y>36</y><time>05-04-22 19:48:29:470</time></pt><pt><x>684</x><y>36</y><time>05-04-22 19:48:31:284</time></pt><pt><x>684</x><y>561</y><time>undefined</time></pt><pt><x>304</x><y>561</y><time>undefined</time></pt><closed_date>05-04-22 19:48:31:284</closed_date></polygon></object><object><name>tooth</name><deleted>0</deleted><verified>0</verified><occluded>no</occluded><attributes>18</attributes><parts><hasparts></hasparts><ispartof></ispartof></parts><date>05-04-22 19:48:44:503</date><id>15</id><type>bounding_box</type><polygon><username>admin</username><pt><x>11</x><y>306</y><time>05-04-22 19:48:37:566</time></pt><pt><x>326</x><y>306</y><time>05-04-22 19:48:38:855</time></pt><pt><x>326</x><y>22</y><time>undefined</time></pt><pt><x>11</x><y>22</y><time>undefined</time></pt><closed_date>05-04-22 19:48:38:855</closed_date></polygon></object><object><name>tooth</name><deleted>0</deleted><verified>0</verified><occluded>no</occluded><attributes>48</attributes><parts><hasparts></hasparts><ispartof></ispartof></parts><date>05-04-22 19:48:52:012</date><id>16</id><type>bounding_box</type><polygon><username>admin</username><pt><x>4</x><y>713</y><time>05-04-22 19:48:46:282</time></pt><pt><x>461</x><y>713</y><time>05-04-22 19:48:47:881</time></pt><pt><x>461</x><y>1250</y><time>undefined</time></pt><pt><x>4</x><y>1250</y><time>undefined</time></pt><closed_date>05-04-22 19:48:47:881</closed_date></polygon></object><object><name>tooth</name><deleted>0</deleted><verified>0</verified><occluded>no</occluded><attributes>47</attributes><parts><hasparts></hasparts><ispartof></ispartof></parts><date>05-04-22 19:49:02:916</date><id>17</id><type>bounding_box</type><polygon><username>admin</username><pt><x>427</x><y>633</y><time>05-04-22 19:48:53:188</time></pt><pt><x>892</x><y>633</y><time>05-04-22 19:48:57:036</time></pt><pt><x>892</x><y>1265</y><time>undefined</time></pt><pt><x>427</x><y>1265</y><time>undefined</time></pt><closed_date>05-04-22 19:48:57:036</closed_date></polygon></object><object><name>tooth</name><deleted>0</deleted><verified>0</verified><occluded>no</occluded><attributes>46</attributes><parts><hasparts></hasparts><ispartof></ispartof></parts><date>05-04-22 19:49:29:154</date><id>18</id><type>bounding_box</type><polygon><username>admin</username><pt><x>1283</x><y>604</y><time>05-04-22 19:49:05:748</time></pt><pt><x>834</x><y>604</y><time>05-04-22 19:49:07:760</time></pt><pt><x>834</x><y>1234</y><time>undefined</time></pt><pt><x>1283</x><y>1234</y><time>undefined</time></pt><closed_date>05-04-22 19:49:07:761</closed_date></polygon></object><object><name>tooth</name><deleted>0</deleted><verified>0</verified><occluded>no</occluded><attributes>45</attributes><parts><hasparts></hasparts><ispartof></ispartof></parts><date>05-04-22 19:49:38:787</date><id>19</id><type>bounding_box</type><polygon><username>admin</username><pt><x>1592</x><y>590</y><time>05-04-22 19:49:30:837</time></pt><pt><x>1290</x><y>590</y><time>05-04-22 19:49:33:257</time></pt><pt><x>1290</x><y>1243</y><time>undefined</time></pt><pt><x>1592</x><y>1243</y><time>undefined</time></pt><closed_date>05-04-22 19:49:33:257</closed_date></polygon></object></annotation>