<?xml version='1.0' encoding='UTF-8'?>
<annotation><filename>143.jpg</filename><folder>segmentation_xray</folder><source><sourceImage>The MIT-CSAIL database of objects and scenes</sourceImage><sourceAnnotation>LabelMe Webtool</sourceAnnotation></source><object><name>tooth 18</name><deleted>0</deleted><verified>0</verified><occluded>no</occluded><attributes /><parts><hasparts /><ispartof /></parts><date>13-01-22 11:18:16:213</date><id>0</id><type>bounding_box</type><polygon><username>anonymous</username><pt><x>87</x><y>499</y><time>13-01-22 11:18:03:669</time></pt><pt><x>407</x><y>499</y><time>13-01-22 11:18:07:435</time></pt><pt><x>407</x><y>4</y><time>undefined</time></pt><pt><x>87</x><y>4</y><time>undefined</time></pt><closed_date>13-01-22 11:18:07:436</closed_date></polygon></object><object><name>tooth 17</name><deleted>0</deleted><verified>0</verified><occluded>no</occluded><attributes /><parts><hasparts>8</hasparts><ispartof /></parts><date>13-01-22 11:18:31:232</date><id>1</id><type>bounding_box</type><polygon><username>anonymous</username><pt><x>752</x><y>520</y><time>13-01-22 11:18:24:073</time></pt><pt><x>301</x><y>520</y><time>13-01-22 11:18:26:644</time></pt><pt><x>301</x><y>7</y><time>undefined</time></pt><pt><x>752</x><y>7</y><time>undefined</time></pt><closed_date>13-01-22 11:18:26:645</closed_date></polygon></object><object><name>tooth 13</name><deleted>0</deleted><verified>0</verified><occluded>no</occluded><attributes /><parts><hasparts /><ispartof /></parts><date>13-01-22 11:18:39:383</date><id>2</id><type>bounding_box</type><polygon><username>anonymous</username><pt><x>1132</x><y>591</y><time>13-01-22 11:18:33:737</time></pt><pt><x>1219</x><y>591</y><time>13-01-22 11:18:36:461</time></pt><pt><x>1219</x><y>18</y><time>undefined</time></pt><pt><x>1132</x><y>18</y><time>undefined</time></pt><closed_date>13-01-22 11:18:36:461</closed_date></polygon></object><object><name>tooth 43</name><deleted>0</deleted><verified>0</verified><occluded>no</occluded><attributes /><parts><hasparts /><ispartof /></parts><date>13-01-22 11:18:47:341</date><id>3</id><type>bounding_box</type><polygon><username>anonymous</username><pt><x>1175</x><y>559</y><time>13-01-22 11:18:42:213</time></pt><pt><x>1219</x><y>559</y><time>13-01-22 11:18:44:514</time></pt><pt><x>1219</x><y>888</y><time>undefined</time></pt><pt><x>1175</x><y>888</y><time>undefined</time></pt><closed_date>13-01-22 11:18:44:514</closed_date></polygon></object><object><name>tooth 44</name><deleted>0</deleted><verified>0</verified><occluded>no</occluded><attributes /><parts><hasparts>9</hasparts><ispartof /></parts><date>13-01-22 11:18:55:372</date><id>4</id><type>bounding_box</type><polygon><username>anonymous</username><pt><x>957</x><y>545</y><time>13-01-22 11:18:49:189</time></pt><pt><x>1169</x><y>545</y><time>13-01-22 11:18:52:743</time></pt><pt><x>1169</x><y>943</y><time>undefined</time></pt><pt><x>957</x><y>943</y><time>undefined</time></pt><closed_date>13-01-22 11:18:52:743</closed_date></polygon></object><object><name>tooth 45</name><deleted>0</deleted><verified>0</verified><occluded>no</occluded><attributes /><parts><hasparts>10</hasparts><ispartof /></parts><date>13-01-22 11:19:01:912</date><id>5</id><type>bounding_box</type><polygon><username>anonymous</username><pt><x>716</x><y>559</y><time>13-01-22 11:18:57:106</time></pt><pt><x>991</x><y>559</y><time>13-01-22 11:18:59:440</time></pt><pt><x>991</x><y>948</y><time>undefined</time></pt><pt><x>716</x><y>948</y><time>undefined</time></pt><closed_date>13-01-22 11:18:59:440</closed_date></polygon></object><object><name>tooth 47</name><deleted>0</deleted><verified>0</verified><occluded>no</occluded><attributes /><parts><hasparts>11</hasparts><ispartof /></parts><date>13-01-22 11:19:12:409</date><id>6</id><type>bounding_box</type><polygon><username>anonymous</username><pt><x>97</x><y>948</y><time>13-01-22 11:19:06:438</time></pt><pt><x>587</x><y>948</y><time>13-01-22 11:19:09:663</time></pt><pt><x>587</x><y>518</y><time>undefined</time></pt><pt><x>97</x><y>518</y><time>undefined</time></pt><closed_date>13-01-22 11:19:09:663</closed_date></polygon></object><object><name>tooth 48</name><deleted>0</deleted><verified>0</verified><occluded>no</occluded><attributes /><parts><hasparts>12,13</hasparts><ispartof /></parts><date>13-01-22 11:19:21:086</date><id>7</id><type>bounding_box</type><polygon><username>anonymous</username><pt><x>0</x><y>433</y><time>13-01-22 11:19:16:355</time></pt><pt><x>271</x><y>433</y><time>13-01-22 11:19:18:409</time></pt><pt><x>271</x><y>846</y><time>undefined</time></pt><pt><x>0</x><y>846</y><time>undefined</time></pt><closed_date>13-01-22 11:19:18:410</closed_date></polygon></object><object><name>restoration</name><deleted>0</deleted><verified>0</verified><occluded>no</occluded><attributes /><parts><hasparts /><ispartof>1</ispartof></parts><date>13-01-22 11:19:53:071</date><id>8</id><polygon><username>anonymous</username><pt><x>448</x><y>481</y><time>13-01-22 11:19:36:773</time></pt><pt><x>458</x><y>465</y><time>13-01-22 11:19:37:512</time></pt><pt><x>458</x><y>435</y><time>13-01-22 11:19:38:191</time></pt><pt><x>472</x><y>421</y><time>13-01-22 11:19:38:808</time></pt><pt><x>488</x><y>426</y><time>13-01-22 11:19:39:307</time></pt><pt><x>502</x><y>441</y><time>13-01-22 11:19:39:840</time></pt><pt><x>531</x><y>441</y><time>13-01-22 11:19:40:392</time></pt><pt><x>545</x><y>433</y><time>13-01-22 11:19:41:039</time></pt><pt><x>547</x><y>418</y><time>13-01-22 11:19:41:654</time></pt><pt><x>548</x><y>398</y><time>13-01-22 11:19:43:015</time></pt><pt><x>564</x><y>387</y><time>13-01-22 11:19:43:620</time></pt><pt><x>584</x><y>387</y><time>13-01-22 11:19:44:160</time></pt><pt><x>594</x><y>396</y><time>13-01-22 11:19:44:798</time></pt><pt><x>637</x><y>395</y><time>13-01-22 11:19:45:897</time></pt><pt><x>690</x><y>409</y><time>13-01-22 11:19:46:482</time></pt><pt><x>670</x><y>449</y><time>13-01-22 11:19:47:356</time></pt><pt><x>541</x><y>486</y><time>13-01-22 11:19:48:668</time></pt><closed_date>13-01-22 11:19:49:759</closed_date></polygon></object><object><name>restoration</name><deleted>0</deleted><verified>0</verified><occluded>no</occluded><attributes /><parts><hasparts /><ispartof>4</ispartof></parts><date>13-01-22 11:20:10:461</date><id>9</id><polygon><username>anonymous</username><pt><x>1023</x><y>591</y><time>13-01-22 11:19:59:332</time></pt><pt><x>1046</x><y>605</y><time>13-01-22 11:20:00:337</time></pt><pt><x>1042</x><y>626</y><time>13-01-22 11:20:00:956</time></pt><pt><x>1042</x><y>658</y><time>13-01-22 11:20:01:533</time></pt><pt><x>1051</x><y>702</y><time>13-01-22 11:20:02:263</time></pt><pt><x>1023</x><y>741</y><time>13-01-22 11:20:02:989</time></pt><pt><x>1000</x><y>764</y><time>13-01-22 11:20:03:838</time></pt><pt><x>964</x><y>754</y><time>13-01-22 11:20:04:664</time></pt><pt><x>966</x><y>734</y><time>13-01-22 11:20:05:410</time></pt><pt><x>980</x><y>690</y><time>13-01-22 11:20:06:090</time></pt><pt><x>977</x><y>628</y><time>13-01-22 11:20:06:762</time></pt><closed_date>13-01-22 11:20:07:643</closed_date></polygon></object><object><name>restoration</name><deleted>0</deleted><verified>0</verified><occluded>no</occluded><attributes /><parts><hasparts /><ispartof>5</ispartof></parts><date>13-01-22 11:20:28:197</date><id>10</id><polygon><username>anonymous</username><pt><x>743</x><y>610</y><time>13-01-22 11:20:14:185</time></pt><pt><x>794</x><y>600</y><time>13-01-22 11:20:14:855</time></pt><pt><x>840</x><y>589</y><time>13-01-22 11:20:15:433</time></pt><pt><x>847</x><y>623</y><time>13-01-22 11:20:16:108</time></pt><pt><x>837</x><y>662</y><time>13-01-22 11:20:16:823</time></pt><pt><x>817</x><y>706</y><time>13-01-22 11:20:17:502</time></pt><pt><x>796</x><y>720</y><time>13-01-22 11:20:18:265</time></pt><pt><x>750</x><y>722</y><time>13-01-22 11:20:18:899</time></pt><pt><x>736</x><y>722</y><time>13-01-22 11:20:19:529</time></pt><pt><x>731</x><y>695</y><time>13-01-22 11:20:20:151</time></pt><pt><x>731</x><y>649</y><time>13-01-22 11:20:20:790</time></pt><pt><x>731</x><y>624</y><time>13-01-22 11:20:21:368</time></pt><pt><x>732</x><y>619</y><time>13-01-22 11:20:21:928</time></pt><closed_date>13-01-22 11:20:22:575</closed_date></polygon></object><object><name>restoration</name><deleted>0</deleted><verified>0</verified><occluded>no</occluded><attributes /><parts><hasparts /><ispartof>6</ispartof></parts><date>13-01-22 11:20:46:769</date><id>11</id><polygon><username>anonymous</username><pt><x>387</x><y>706</y><time>13-01-22 11:20:33:502</time></pt><pt><x>439</x><y>706</y><time>13-01-22 11:20:34:120</time></pt><pt><x>476</x><y>724</y><time>13-01-22 11:20:34:745</time></pt><pt><x>529</x><y>699</y><time>13-01-22 11:20:35:354</time></pt><pt><x>557</x><y>669</y><time>13-01-22 11:20:35:975</time></pt><pt><x>538</x><y>621</y><time>13-01-22 11:20:36:634</time></pt><pt><x>476</x><y>612</y><time>13-01-22 11:20:37:368</time></pt><pt><x>421</x><y>580</y><time>13-01-22 11:20:37:987</time></pt><pt><x>379</x><y>570</y><time>13-01-22 11:20:39:079</time></pt><pt><x>349</x><y>554</y><time>13-01-22 11:20:39:814</time></pt><pt><x>322</x><y>555</y><time>13-01-22 11:20:40:469</time></pt><pt><x>322</x><y>580</y><time>13-01-22 11:20:41:113</time></pt><pt><x>322</x><y>605</y><time>13-01-22 11:20:41:859</time></pt><pt><x>347</x><y>649</y><time>13-01-22 11:20:42:579</time></pt><pt><x>366</x><y>662</y><time>13-01-22 11:20:43:244</time></pt><closed_date>13-01-22 11:20:44:225</closed_date></polygon></object><object><name>restoration</name><deleted>0</deleted><verified>0</verified><occluded>no</occluded><attributes /><parts><hasparts /><ispartof>7</ispartof></parts><date>13-01-22 11:21:05:478</date><id>12</id><polygon><username>anonymous</username><pt><x>51</x><y>548</y><time>13-01-22 11:20:53:150</time></pt><pt><x>60</x><y>520</y><time>13-01-22 11:20:54:051</time></pt><pt><x>71</x><y>502</y><time>13-01-22 11:20:54:688</time></pt><pt><x>74</x><y>488</y><time>13-01-22 11:20:55:387</time></pt><pt><x>67</x><y>471</y><time>13-01-22 11:20:56:016</time></pt><pt><x>44</x><y>464</y><time>13-01-22 11:20:56:626</time></pt><pt><x>23</x><y>439</y><time>13-01-22 11:20:57:353</time></pt><pt><x>4</x><y>449</y><time>13-01-22 11:20:58:979</time></pt><pt><x>2</x><y>494</y><time>13-01-22 11:21:00:187</time></pt><pt><x>5</x><y>545</y><time>13-01-22 11:21:00:985</time></pt><pt><x>7</x><y>555</y><time>13-01-22 11:21:01:832</time></pt><pt><x>23</x><y>555</y><time>13-01-22 11:21:02:707</time></pt><closed_date>13-01-22 11:21:03:647</closed_date></polygon></object><object><name>restoration</name><deleted>0</deleted><verified>0</verified><occluded>no</occluded><attributes /><parts><hasparts /><ispartof>7</ispartof></parts><date>13-01-22 11:21:19:098</date><id>13</id><polygon><username>anonymous</username><pt><x>73</x><y>531</y><time>13-01-22 11:21:10:024</time></pt><pt><x>83</x><y>575</y><time>13-01-22 11:21:10:683</time></pt><pt><x>103</x><y>591</y><time>13-01-22 11:21:11:299</time></pt><pt><x>142</x><y>584</y><time>13-01-22 11:21:12:010</time></pt><pt><x>165</x><y>566</y><time>13-01-22 11:21:12:626</time></pt><pt><x>165</x><y>552</y><time>13-01-22 11:21:13:671</time></pt><pt><x>152</x><y>534</y><time>13-01-22 11:21:14:300</time></pt><pt><x>152</x><y>518</y><time>13-01-22 11:21:14:895</time></pt><pt><x>111</x><y>504</y><time>13-01-22 11:21:15:519</time></pt><pt><x>78</x><y>504</y><time>13-01-22 11:21:16:099</time></pt><closed_date>13-01-22 11:21:16:884</closed_date></polygon></object><imagesize><nrows /><ncols /></imagesize></annotation>