<?xml version='1.0' encoding='UTF-8'?>
<annotation><filename>144.jpg</filename><folder>segmentation_xray</folder><source><sourceImage>The MIT-CSAIL database of objects and scenes</sourceImage><sourceAnnotation>LabelMe Webtool</sourceAnnotation></source><object><name>tooth</name><deleted>0</deleted><verified>0</verified><occluded>no</occluded><attributes>27</attributes><parts><hasparts>10</hasparts><ispartof /></parts><date>14-12-21 21:41:35:851</date><id>0</id><type>bounding_box</type><polygon><username>anonymous</username><pt><x>649</x><y>311</y><time>14-12-21 21:41:24:697</time></pt><pt><x>973</x><y>311</y><time>14-12-21 21:41:26:033</time></pt><pt><x>973</x><y>2</y><time>undefined</time></pt><pt><x>649</x><y>2</y><time>undefined</time></pt><closed_date>14-12-21 21:41:26:033</closed_date></polygon></object><object><name>tooth</name><deleted>0</deleted><verified>0</verified><occluded>no</occluded><attributes>26</attributes><parts><hasparts>9</hasparts><ispartof /></parts><date>14-12-21 21:41:44:604</date><id>1</id><type>bounding_box</type><polygon><username>anonymous</username><pt><x>306</x><y>307</y><time>14-12-21 21:41:38:911</time></pt><pt><x>644</x><y>307</y><time>14-12-21 21:41:41:104</time></pt><pt><x>644</x><y>2</y><time>undefined</time></pt><pt><x>306</x><y>2</y><time>undefined</time></pt><closed_date>14-12-21 21:41:41:104</closed_date></polygon></object><object><name>tooth</name><deleted>0</deleted><verified>0</verified><occluded>no</occluded><attributes>25</attributes><parts><hasparts>7</hasparts><ispartof /></parts><date>14-12-21 21:41:52:116</date><id>2</id><type>bounding_box</type><polygon><username>anonymous</username><pt><x>82</x><y>275</y><time>14-12-21 21:41:47:296</time></pt><pt><x>327</x><y>275</y><time>14-12-21 21:41:48:904</time></pt><pt><x>327</x><y>0</y><time>undefined</time></pt><pt><x>82</x><y>0</y><time>undefined</time></pt><closed_date>14-12-21 21:41:48:904</closed_date></polygon></object><object><name>tooth</name><deleted>0</deleted><verified>0</verified><occluded>no</occluded><attributes>24</attributes><parts><hasparts /><ispartof /></parts><date>14-12-21 21:41:58:349</date><id>3</id><type>bounding_box</type><polygon><username>anonymous</username><pt><x>3</x><y>250</y><time>14-12-21 21:41:53:081</time></pt><pt><x>95</x><y>250</y><time>14-12-21 21:41:54:105</time></pt><pt><x>95</x><y>43</y><time>undefined</time></pt><pt><x>3</x><y>43</y><time>undefined</time></pt><closed_date>14-12-21 21:41:54:105</closed_date></polygon></object><object><name>tooth</name><deleted>0</deleted><verified>0</verified><occluded>no</occluded><attributes>37</attributes><parts><hasparts>11</hasparts><ispartof /></parts><date>14-12-21 21:42:08:370</date><id>4</id><type>bounding_box</type><polygon><username>anonymous</username><pt><x>1017</x><y>930</y><time>14-12-21 21:41:59:938</time></pt><pt><x>559</x><y>930</y><time>14-12-21 21:42:02:440</time></pt><pt><x>559</x><y>367</y><time>undefined</time></pt><pt><x>1017</x><y>367</y><time>undefined</time></pt><closed_date>14-12-21 21:42:02:440</closed_date></polygon></object><object><name>tooth</name><deleted>0</deleted><verified>0</verified><occluded>no</occluded><attributes>36</attributes><parts><hasparts>12</hasparts><ispartof /></parts><date>14-12-21 21:42:19:845</date><id>5</id><type>bounding_box</type><polygon><username>anonymous</username><pt><x>215</x><y>381</y><time>14-12-21 21:42:14:330</time></pt><pt><x>656</x><y>381</y><time>14-12-21 21:42:15:697</time></pt><pt><x>656</x><y>948</y><time>undefined</time></pt><pt><x>215</x><y>948</y><time>undefined</time></pt><closed_date>14-12-21 21:42:15:697</closed_date></polygon></object><object><name>tooth</name><deleted>0</deleted><verified>0</verified><occluded>no</occluded><attributes>35</attributes><parts><hasparts /><ispartof /></parts><date>14-12-21 21:42:26:740</date><id>6</id><type>bounding_box</type><polygon><username>anonymous</username><pt><x>7</x><y>392</y><time>14-12-21 21:42:21:250</time></pt><pt><x>239</x><y>392</y><time>14-12-21 21:42:23:105</time></pt><pt><x>239</x><y>943</y><time>undefined</time></pt><pt><x>7</x><y>943</y><time>undefined</time></pt><closed_date>14-12-21 21:42:23:105</closed_date></polygon></object><object><name>restoration</name><deleted>0</deleted><verified>0</verified><occluded>no</occluded><attributes /><parts><hasparts /><ispartof>2</ispartof></parts><date>14-12-21 21:42:46:750</date><id>7</id><polygon><username>anonymous</username><pt><x>291</x><y>109</y><time>14-12-21 21:42:37:943</time></pt><pt><x>272</x><y>100</y><time>14-12-21 21:42:38:497</time></pt><pt><x>247</x><y>110</y><time>14-12-21 21:42:39:033</time></pt><pt><x>237</x><y>112</y><time>14-12-21 21:42:39:457</time></pt><pt><x>230</x><y>130</y><time>14-12-21 21:42:39:793</time></pt><pt><x>230</x><y>162</y><time>14-12-21 21:42:40:177</time></pt><pt><x>242</x><y>189</y><time>14-12-21 21:42:40:690</time></pt><pt><x>255</x><y>195</y><time>14-12-21 21:42:41:209</time></pt><pt><x>284</x><y>190</y><time>14-12-21 21:42:42:185</time></pt><pt><x>304</x><y>177</y><time>14-12-21 21:42:42:537</time></pt><pt><x>312</x><y>152</y><time>14-12-21 21:42:42:865</time></pt><pt><x>316</x><y>125</y><time>14-12-21 21:42:43:233</time></pt><closed_date>14-12-21 21:42:44:281</closed_date></polygon></object><object><name>restoration</name><deleted>1</deleted><verified>0</verified><occluded>no</occluded><attributes /><parts><hasparts /><ispartof /></parts><date>14-12-21 21:43:02:530</date><id>8</id><polygon><username>anonymous</username><pt><x>558</x><y>157</y><time>14-12-21 21:42:52:107</time></pt><pt><x>576</x><y>162</y><time>14-12-21 21:42:52:618</time></pt><pt><x>585</x><y>176</y><time>14-12-21 21:42:53:074</time></pt><pt><x>583</x><y>192</y><time>14-12-21 21:42:53:393</time></pt><pt><x>588</x><y>217</y><time>14-12-21 21:42:53:858</time></pt><pt><x>588</x><y>222</y><time>14-12-21 21:42:54:266</time></pt><pt><x>568</x><y>227</y><time>14-12-21 21:42:54:721</time></pt><pt><x>551</x><y>227</y><time>14-12-21 21:42:55:114</time></pt><pt><x>538</x><y>232</y><time>14-12-21 21:42:55:450</time></pt><pt><x>528</x><y>234</y><time>14-12-21 21:42:55:785</time></pt><pt><x>508</x><y>231</y><time>14-12-21 21:42:56:209</time></pt><pt><x>498</x><y>234</y><time>14-12-21 21:42:56:498</time></pt><pt><x>496</x><y>236</y><time>14-12-21 21:42:57:018</time></pt><pt><x>485</x><y>217</y><time>14-12-21 21:42:57:361</time></pt><pt><x>485</x><y>204</y><time>14-12-21 21:42:57:642</time></pt><pt><x>481</x><y>189</y><time>14-12-21 21:42:57:922</time></pt><pt><x>471</x><y>174</y><time>14-12-21 21:42:58:219</time></pt><pt><x>391</x><y>76</y><time>14-12-21 21:42:58:474</time></pt><pt><x>493</x><y>156</y><time>14-12-21 21:42:58:716</time></pt><pt><x>478</x><y>146</y><time>14-12-21 21:42:59:249</time></pt><pt><x>528</x><y>142</y><time>14-12-21 21:42:59:499</time></pt><pt><x>536</x><y>142</y><time>14-12-21 21:42:59:754</time></pt><closed_date>14-12-21 21:43:00:025</closed_date></polygon></object><object><name>restoration</name><deleted>0</deleted><verified>0</verified><occluded>no</occluded><attributes /><parts><hasparts /><ispartof>1</ispartof></parts><date>14-12-21 21:43:30:197</date><id>9</id><polygon><username>anonymous</username><pt><x>361</x><y>88</y><time>14-12-21 21:43:15:715</time></pt><pt><x>384</x><y>73</y><time>14-12-21 21:43:16:115</time></pt><pt><x>402</x><y>77</y><time>14-12-21 21:43:16:490</time></pt><pt><x>421</x><y>85</y><time>14-12-21 21:43:16:852</time></pt><pt><x>429</x><y>93</y><time>14-12-21 21:43:17:145</time></pt><pt><x>434</x><y>112</y><time>14-12-21 21:43:17:508</time></pt><pt><x>437</x><y>124</y><time>14-12-21 21:43:17:745</time></pt><pt><x>456</x><y>114</y><time>14-12-21 21:43:18:169</time></pt><pt><x>471</x><y>119</y><time>14-12-21 21:43:18:418</time></pt><pt><x>483</x><y>142</y><time>14-12-21 21:43:18:705</time></pt><pt><x>498</x><y>160</y><time>14-12-21 21:43:18:985</time></pt><pt><x>509</x><y>162</y><time>14-12-21 21:43:19:385</time></pt><pt><x>523</x><y>164</y><time>14-12-21 21:43:19:642</time></pt><pt><x>549</x><y>165</y><time>14-12-21 21:43:20:033</time></pt><pt><x>556</x><y>180</y><time>14-12-21 21:43:20:402</time></pt><pt><x>568</x><y>184</y><time>14-12-21 21:43:20:747</time></pt><pt><x>578</x><y>187</y><time>14-12-21 21:43:20:961</time></pt><pt><x>586</x><y>207</y><time>14-12-21 21:43:21:234</time></pt><pt><x>586</x><y>229</y><time>14-12-21 21:43:21:570</time></pt><pt><x>584</x><y>247</y><time>14-12-21 21:43:21:866</time></pt><pt><x>561</x><y>244</y><time>14-12-21 21:43:22:698</time></pt><pt><x>534</x><y>247</y><time>14-12-21 21:43:22:970</time></pt><pt><x>531</x><y>252</y><time>14-12-21 21:43:23:217</time></pt><pt><x>513</x><y>255</y><time>14-12-21 21:43:23:554</time></pt><pt><x>503</x><y>260</y><time>14-12-21 21:43:23:833</time></pt><pt><x>488</x><y>260</y><time>14-12-21 21:43:24:129</time></pt><pt><x>488</x><y>239</y><time>14-12-21 21:43:24:458</time></pt><pt><x>483</x><y>234</y><time>14-12-21 21:43:24:738</time></pt><pt><x>464</x><y>224</y><time>14-12-21 21:43:25:026</time></pt><pt><x>434</x><y>224</y><time>14-12-21 21:43:25:298</time></pt><pt><x>396</x><y>224</y><time>14-12-21 21:43:25:522</time></pt><pt><x>379</x><y>215</y><time>14-12-21 21:43:25:794</time></pt><pt><x>361</x><y>210</y><time>14-12-21 21:43:26:026</time></pt><pt><x>336</x><y>200</y><time>14-12-21 21:43:26:233</time></pt><pt><x>329</x><y>195</y><time>14-12-21 21:43:26:426</time></pt><pt><x>321</x><y>177</y><time>14-12-21 21:43:26:665</time></pt><pt><x>312</x><y>152</y><time>14-12-21 21:43:26:938</time></pt><pt><x>324</x><y>125</y><time>14-12-21 21:43:27:180</time></pt><pt><x>334</x><y>102</y><time>14-12-21 21:43:27:450</time></pt><closed_date>14-12-21 21:43:27:661</closed_date></polygon></object><object><name>restoration</name><deleted>0</deleted><verified>0</verified><occluded>no</occluded><attributes /><parts><hasparts /><ispartof>0</ispartof></parts><date>14-12-21 21:43:45:294</date><id>10</id><polygon><username>anonymous</username><pt><x>690</x><y>195</y><time>14-12-21 21:43:31:043</time></pt><pt><x>725</x><y>179</y><time>14-12-21 21:43:31:450</time></pt><pt><x>751</x><y>172</y><time>14-12-21 21:43:31:785</time></pt><pt><x>773</x><y>167</y><time>14-12-21 21:43:32:090</time></pt><pt><x>795</x><y>154</y><time>14-12-21 21:43:32:434</time></pt><pt><x>820</x><y>152</y><time>14-12-21 21:43:32:729</time></pt><pt><x>835</x><y>154</y><time>14-12-21 21:43:32:971</time></pt><pt><x>843</x><y>159</y><time>14-12-21 21:43:33:274</time></pt><pt><x>858</x><y>157</y><time>14-12-21 21:43:33:658</time></pt><pt><x>872</x><y>149</y><time>14-12-21 21:43:33:953</time></pt><pt><x>897</x><y>149</y><time>14-12-21 21:43:34:186</time></pt><pt><x>915</x><y>155</y><time>14-12-21 21:43:34:435</time></pt><pt><x>927</x><y>160</y><time>14-12-21 21:43:34:682</time></pt><pt><x>932</x><y>162</y><time>14-12-21 21:43:34:898</time></pt><pt><x>942</x><y>162</y><time>14-12-21 21:43:35:178</time></pt><pt><x>940</x><y>175</y><time>14-12-21 21:43:38:306</time></pt><pt><x>933</x><y>194</y><time>14-12-21 21:43:38:641</time></pt><pt><x>925</x><y>212</y><time>14-12-21 21:43:38:938</time></pt><pt><x>912</x><y>222</y><time>14-12-21 21:43:39:258</time></pt><pt><x>885</x><y>230</y><time>14-12-21 21:43:39:546</time></pt><pt><x>860</x><y>232</y><time>14-12-21 21:43:39:817</time></pt><pt><x>836</x><y>232</y><time>14-12-21 21:43:40:106</time></pt><pt><x>805</x><y>229</y><time>14-12-21 21:43:40:433</time></pt><pt><x>788</x><y>229</y><time>14-12-21 21:43:40:746</time></pt><pt><x>770</x><y>230</y><time>14-12-21 21:43:41:081</time></pt><pt><x>751</x><y>242</y><time>14-12-21 21:43:41:321</time></pt><pt><x>746</x><y>245</y><time>14-12-21 21:43:41:617</time></pt><pt><x>706</x><y>232</y><time>14-12-21 21:43:42:018</time></pt><pt><x>698</x><y>229</y><time>14-12-21 21:43:42:306</time></pt><closed_date>14-12-21 21:43:42:627</closed_date></polygon></object><object><name>restoration</name><deleted>0</deleted><verified>0</verified><occluded>no</occluded><attributes /><parts><hasparts /><ispartof>4</ispartof></parts><date>14-12-21 21:43:58:028</date><id>11</id><polygon><username>anonymous</username><pt><x>761</x><y>471</y><time>14-12-21 21:43:47:035</time></pt><pt><x>781</x><y>459</y><time>14-12-21 21:43:49:337</time></pt><pt><x>791</x><y>447</y><time>14-12-21 21:43:49:721</time></pt><pt><x>813</x><y>439</y><time>14-12-21 21:43:50:100</time></pt><pt><x>818</x><y>427</y><time>14-12-21 21:43:50:442</time></pt><pt><x>818</x><y>419</y><time>14-12-21 21:43:50:761</time></pt><pt><x>795</x><y>417</y><time>14-12-21 21:43:51:050</time></pt><pt><x>780</x><y>414</y><time>14-12-21 21:43:51:314</time></pt><pt><x>760</x><y>416</y><time>14-12-21 21:43:51:545</time></pt><pt><x>740</x><y>416</y><time>14-12-21 21:43:51:810</time></pt><pt><x>733</x><y>419</y><time>14-12-21 21:43:52:578</time></pt><pt><x>716</x><y>419</y><time>14-12-21 21:43:52:898</time></pt><pt><x>686</x><y>424</y><time>14-12-21 21:43:53:154</time></pt><pt><x>666</x><y>429</y><time>14-12-21 21:43:53:378</time></pt><pt><x>643</x><y>431</y><time>14-12-21 21:43:53:673</time></pt><pt><x>639</x><y>449</y><time>14-12-21 21:43:54:049</time></pt><pt><x>651</x><y>459</y><time>14-12-21 21:43:54:345</time></pt><pt><x>668</x><y>462</y><time>14-12-21 21:43:54:617</time></pt><pt><x>696</x><y>467</y><time>14-12-21 21:43:54:850</time></pt><pt><x>708</x><y>472</y><time>14-12-21 21:43:55:108</time></pt><pt><x>721</x><y>474</y><time>14-12-21 21:43:55:322</time></pt><pt><x>736</x><y>474</y><time>14-12-21 21:43:55:538</time></pt><closed_date>14-12-21 21:43:55:737</closed_date></polygon></object><object><name>restoration</name><deleted>0</deleted><verified>0</verified><occluded>no</occluded><attributes /><parts><hasparts /><ispartof>5</ispartof></parts><date>14-12-21 21:44:22:605</date><id>12</id><polygon><username>anonymous</username><pt><x>427</x><y>444</y><time>14-12-21 21:43:59:283</time></pt><pt><x>454</x><y>442</y><time>14-12-21 21:43:59:665</time></pt><pt><x>483</x><y>436</y><time>14-12-21 21:43:59:986</time></pt><pt><x>499</x><y>431</y><time>14-12-21 21:44:00:273</time></pt><pt><x>521</x><y>426</y><time>14-12-21 21:44:00:546</time></pt><pt><x>534</x><y>426</y><time>14-12-21 21:44:00:817</time></pt><pt><x>536</x><y>442</y><time>14-12-21 21:44:01:193</time></pt><pt><x>524</x><y>454</y><time>14-12-21 21:44:01:465</time></pt><pt><x>519</x><y>466</y><time>14-12-21 21:44:01:730</time></pt><pt><x>519</x><y>479</y><time>14-12-21 21:44:01:977</time></pt><pt><x>516</x><y>484</y><time>14-12-21 21:44:02:241</time></pt><pt><x>514</x><y>489</y><time>14-12-21 21:44:02:498</time></pt><pt><x>503</x><y>493</y><time>14-12-21 21:44:02:905</time></pt><pt><x>486</x><y>491</y><time>14-12-21 21:44:03:217</time></pt><pt><x>464</x><y>488</y><time>14-12-21 21:44:03:474</time></pt><pt><x>451</x><y>483</y><time>14-12-21 21:44:03:753</time></pt><pt><x>442</x><y>483</y><time>14-12-21 21:44:04:017</time></pt><pt><x>436</x><y>488</y><time>14-12-21 21:44:04:515</time></pt><pt><x>427</x><y>498</y><time>14-12-21 21:44:04:834</time></pt><pt><x>426</x><y>511</y><time>14-12-21 21:44:05:217</time></pt><pt><x>421</x><y>519</y><time>14-12-21 21:44:05:546</time></pt><pt><x>404</x><y>524</y><time>14-12-21 21:44:05:818</time></pt><pt><x>372</x><y>518</y><time>14-12-21 21:44:06:242</time></pt><pt><x>364</x><y>511</y><time>14-12-21 21:44:09:465</time></pt><pt><x>361</x><y>496</y><time>14-12-21 21:44:10:049</time></pt><pt><x>359</x><y>488</y><time>14-12-21 21:44:10:385</time></pt><pt><x>341</x><y>488</y><time>14-12-21 21:44:10:754</time></pt><pt><x>309</x><y>486</y><time>14-12-21 21:44:11:130</time></pt><pt><x>297</x><y>486</y><time>14-12-21 21:44:11:418</time></pt><pt><x>279</x><y>484</y><time>14-12-21 21:44:11:865</time></pt><pt><x>267</x><y>479</y><time>14-12-21 21:44:12:138</time></pt><pt><x>267</x><y>474</y><time>14-12-21 21:44:12:465</time></pt><pt><x>267</x><y>456</y><time>14-12-21 21:44:12:826</time></pt><pt><x>275</x><y>444</y><time>14-12-21 21:44:13:170</time></pt><pt><x>294</x><y>444</y><time>14-12-21 21:44:13:474</time></pt><pt><x>311</x><y>444</y><time>14-12-21 21:44:13:706</time></pt><pt><x>329</x><y>446</y><time>14-12-21 21:44:13:938</time></pt><pt><x>346</x><y>446</y><time>14-12-21 21:44:14:156</time></pt><pt><x>359</x><y>446</y><time>14-12-21 21:44:14:395</time></pt><pt><x>364</x><y>437</y><time>14-12-21 21:44:18:497</time></pt><pt><x>389</x><y>436</y><time>14-12-21 21:44:18:954</time></pt><pt><x>411</x><y>431</y><time>14-12-21 21:44:19:386</time></pt><pt><x>421</x><y>429</y><time>14-12-21 21:44:19:611</time></pt><closed_date>14-12-21 21:44:19:938</closed_date></polygon></object><imagesize><nrows /><ncols /></imagesize></annotation>