<?xml version='1.0' encoding='UTF-8'?>
<annotation><filename>146.jpg</filename><folder>segmentation_xray</folder><source><sourceImage>The MIT-CSAIL database of objects and scenes</sourceImage><sourceAnnotation>LabelMe Webtool</sourceAnnotation></source><object><name>tooth</name><deleted>0</deleted><verified>0</verified><occluded>no</occluded><attributes>27</attributes><parts><hasparts>13</hasparts><ispartof /></parts><date>20-01-22 10:53:56:306</date><id>0</id><type>bounding_box</type><polygon><username>anonymous</username><pt><x>1067</x><y>10</y><time>20-01-22 10:53:50:362</time></pt><pt><x>790</x><y>10</y><time>20-01-22 10:53:53:181</time></pt><pt><x>790</x><y>351</y><time>undefined</time></pt><pt><x>1067</x><y>351</y><time>undefined</time></pt><closed_date>20-01-22 10:53:53:181</closed_date></polygon></object><object><name>tooth</name><deleted>0</deleted><verified>0</verified><occluded>no</occluded><attributes>26</attributes><parts><hasparts>12</hasparts><ispartof /></parts><date>20-01-22 10:54:04:688</date><id>1</id><type>bounding_box</type><polygon><username>anonymous</username><pt><x>509</x><y>3</y><time>20-01-22 10:53:57:780</time></pt><pt><x>830</x><y>3</y><time>20-01-22 10:54:00:356</time></pt><pt><x>830</x><y>329</y><time>undefined</time></pt><pt><x>509</x><y>329</y><time>undefined</time></pt><closed_date>20-01-22 10:54:00:356</closed_date></polygon></object><object><name>tooth</name><deleted>0</deleted><verified>0</verified><occluded>no</occluded><attributes>25</attributes><parts><hasparts>11</hasparts><ispartof /></parts><date>20-01-22 10:54:11:304</date><id>2</id><type>bounding_box</type><polygon><username>anonymous</username><pt><x>302</x><y>3</y><time>20-01-22 10:54:06:564</time></pt><pt><x>506</x><y>3</y><time>20-01-22 10:54:08:204</time></pt><pt><x>506</x><y>327</y><time>undefined</time></pt><pt><x>302</x><y>327</y><time>undefined</time></pt><closed_date>20-01-22 10:54:08:204</closed_date></polygon></object><object><name>tooth</name><deleted>0</deleted><verified>0</verified><occluded>no</occluded><attributes>24</attributes><parts><hasparts>9</hasparts><ispartof /></parts><date>20-01-22 10:54:24:865</date><id>3</id><type>bounding_box</type><polygon><username>anonymous</username><pt><x>70</x><y>306</y><time>20-01-22 10:54:17:197</time></pt><pt><x>311</x><y>306</y><time>20-01-22 10:54:21:195</time></pt><pt><x>311</x><y>2</y><time>undefined</time></pt><pt><x>70</x><y>2</y><time>undefined</time></pt><closed_date>20-01-22 10:54:21:196</closed_date></polygon></object><object><name>tooth</name><deleted>0</deleted><verified>0</verified><occluded>no</occluded><attributes>23</attributes><parts><hasparts>10</hasparts><ispartof /></parts><date>20-01-22 10:54:33:120</date><id>4</id><type>bounding_box</type><polygon><username>anonymous</username><pt><x>2</x><y>321</y><time>20-01-22 10:54:26:437</time></pt><pt><x>65</x><y>321</y><time>20-01-22 10:54:28:060</time></pt><pt><x>65</x><y>55</y><time>undefined</time></pt><pt><x>2</x><y>55</y><time>undefined</time></pt><closed_date>20-01-22 10:54:28:060</closed_date></polygon></object><object><name>tooth</name><deleted>0</deleted><verified>0</verified><occluded>no</occluded><attributes>37</attributes><parts><hasparts>14</hasparts><ispartof /></parts><date>20-01-22 10:58:22:387</date><id>5</id><type>bounding_box</type><polygon><username>anonymous</username><pt><x>1219</x><y>945</y><time>20-01-22 10:58:11:247</time></pt><pt><x>773</x><y>945</y><time>20-01-22 10:58:13:759</time></pt><pt><x>773</x><y>399</y><time>undefined</time></pt><pt><x>1219</x><y>399</y><time>undefined</time></pt><closed_date>20-01-22 10:58:13:759</closed_date></polygon></object><object><name>tooth</name><deleted>0</deleted><verified>0</verified><occluded>no</occluded><attributes>36</attributes><parts><hasparts>15</hasparts><ispartof /></parts><date>20-01-22 10:58:32:361</date><id>6</id><type>bounding_box</type><polygon><username>anonymous</username><pt><x>429</x><y>397</y><time>20-01-22 10:58:23:536</time></pt><pt><x>858</x><y>397</y><time>20-01-22 10:58:25:982</time></pt><pt><x>858</x><y>947</y><time>undefined</time></pt><pt><x>429</x><y>947</y><time>undefined</time></pt><closed_date>20-01-22 10:58:25:982</closed_date></polygon></object><object><name>tooth</name><deleted>0</deleted><verified>0</verified><occluded>no</occluded><attributes>35</attributes><parts><hasparts /><ispartof /></parts><date>20-01-22 10:58:38:570</date><id>7</id><type>bounding_box</type><polygon><username>anonymous</username><pt><x>215</x><y>384</y><time>20-01-22 10:58:33:384</time></pt><pt><x>432</x><y>384</y><time>20-01-22 10:58:35:383</time></pt><pt><x>432</x><y>948</y><time>undefined</time></pt><pt><x>215</x><y>948</y><time>undefined</time></pt><closed_date>20-01-22 10:58:35:383</closed_date></polygon></object><object><name>tooth</name><deleted>0</deleted><verified>0</verified><occluded>no</occluded><attributes>34</attributes><parts><hasparts /><ispartof /></parts><date>20-01-22 10:58:46:361</date><id>8</id><type>bounding_box</type><polygon><username>anonymous</username><pt><x>8</x><y>357</y><time>20-01-22 10:58:40:271</time></pt><pt><x>225</x><y>357</y><time>20-01-22 10:58:43:238</time></pt><pt><x>225</x><y>943</y><time>undefined</time></pt><pt><x>8</x><y>943</y><time>undefined</time></pt><closed_date>20-01-22 10:58:43:239</closed_date></polygon></object><object><name>restoration</name><deleted>0</deleted><verified>0</verified><occluded>no</occluded><attributes /><parts><hasparts /><ispartof>3</ispartof></parts><date>20-01-22 10:59:04:712</date><id>9</id><polygon><username>anonymous</username><pt><x>125</x><y>122</y><time>20-01-22 10:58:50:248</time></pt><pt><x>177</x><y>159</y><time>20-01-22 10:58:51:695</time></pt><pt><x>195</x><y>197</y><time>20-01-22 10:58:52:246</time></pt><pt><x>209</x><y>204</y><time>20-01-22 10:58:52:878</time></pt><pt><x>210</x><y>187</y><time>20-01-22 10:58:53:369</time></pt><pt><x>202</x><y>152</y><time>20-01-22 10:58:53:910</time></pt><pt><x>215</x><y>134</y><time>20-01-22 10:58:54:287</time></pt><pt><x>234</x><y>122</y><time>20-01-22 10:58:54:670</time></pt><pt><x>249</x><y>122</y><time>20-01-22 10:58:54:966</time></pt><pt><x>272</x><y>140</y><time>20-01-22 10:58:55:448</time></pt><pt><x>302</x><y>219</y><time>20-01-22 10:58:56:560</time></pt><pt><x>306</x><y>250</y><time>20-01-22 10:58:57:183</time></pt><pt><x>292</x><y>280</y><time>20-01-22 10:58:57:894</time></pt><pt><x>262</x><y>280</y><time>20-01-22 10:58:58:334</time></pt><pt><x>224</x><y>296</y><time>20-01-22 10:58:58:871</time></pt><pt><x>200</x><y>302</y><time>20-01-22 10:58:59:246</time></pt><pt><x>165</x><y>299</y><time>20-01-22 10:58:59:654</time></pt><pt><x>134</x><y>291</y><time>20-01-22 10:58:59:998</time></pt><pt><x>87</x><y>267</y><time>20-01-22 10:59:00:415</time></pt><pt><x>67</x><y>254</y><time>20-01-22 10:59:00:742</time></pt><pt><x>67</x><y>222</y><time>20-01-22 10:59:01:087</time></pt><pt><x>80</x><y>187</y><time>20-01-22 10:59:01:407</time></pt><pt><x>104</x><y>149</y><time>20-01-22 10:59:01:759</time></pt><closed_date>20-01-22 10:59:02:054</closed_date></polygon></object><object><name>restoration</name><deleted>0</deleted><verified>0</verified><occluded>no</occluded><attributes /><parts><hasparts /><ispartof>4</ispartof></parts><date>20-01-22 10:59:11:081</date><id>10</id><polygon><username>anonymous</username><pt><x>8</x><y>195</y><time>20-01-22 10:59:05:807</time></pt><pt><x>53</x><y>170</y><time>20-01-22 10:59:06:334</time></pt><pt><x>68</x><y>195</y><time>20-01-22 10:59:06:862</time></pt><pt><x>68</x><y>252</y><time>20-01-22 10:59:07:326</time></pt><pt><x>57</x><y>277</y><time>20-01-22 10:59:07:678</time></pt><pt><x>32</x><y>292</y><time>20-01-22 10:59:08:038</time></pt><pt><x>5</x><y>307</y><time>20-01-22 10:59:08:438</time></pt><closed_date>20-01-22 10:59:09:182</closed_date></polygon></object><object><name>restoration</name><deleted>0</deleted><verified>0</verified><occluded>no</occluded><attributes /><parts><hasparts /><ispartof>2</ispartof></parts><date>20-01-22 10:59:23:249</date><id>11</id><polygon><username>anonymous</username><pt><x>319</x><y>172</y><time>20-01-22 10:59:12:287</time></pt><pt><x>381</x><y>209</y><time>20-01-22 10:59:13:479</time></pt><pt><x>392</x><y>245</y><time>20-01-22 10:59:14:025</time></pt><pt><x>397</x><y>249</y><time>20-01-22 10:59:14:502</time></pt><pt><x>431</x><y>175</y><time>20-01-22 10:59:15:374</time></pt><pt><x>472</x><y>164</y><time>20-01-22 10:59:15:734</time></pt><pt><x>503</x><y>167</y><time>20-01-22 10:59:16:047</time></pt><pt><x>509</x><y>179</y><time>20-01-22 10:59:16:439</time></pt><pt><x>484</x><y>289</y><time>20-01-22 10:59:17:591</time></pt><pt><x>449</x><y>311</y><time>20-01-22 10:59:18:350</time></pt><pt><x>407</x><y>316</y><time>20-01-22 10:59:18:806</time></pt><pt><x>349</x><y>309</y><time>20-01-22 10:59:19:510</time></pt><pt><x>334</x><y>282</y><time>20-01-22 10:59:19:910</time></pt><pt><x>316</x><y>249</y><time>20-01-22 10:59:20:559</time></pt><pt><x>311</x><y>195</y><time>20-01-22 10:59:21:047</time></pt><closed_date>20-01-22 10:59:21:359</closed_date></polygon></object><object><name>restoration</name><deleted>0</deleted><verified>0</verified><occluded>no</occluded><attributes /><parts><hasparts /><ispartof>1</ispartof></parts><date>20-01-22 10:59:41:969</date><id>12</id><polygon><username>anonymous</username><pt><x>573</x><y>130</y><time>20-01-22 10:59:24:888</time></pt><pt><x>616</x><y>145</y><time>20-01-22 10:59:25:615</time></pt><pt><x>639</x><y>167</y><time>20-01-22 10:59:26:135</time></pt><pt><x>649</x><y>194</y><time>20-01-22 10:59:26:519</time></pt><pt><x>653</x><y>212</y><time>20-01-22 10:59:26:910</time></pt><pt><x>681</x><y>200</y><time>20-01-22 10:59:27:513</time></pt><pt><x>720</x><y>204</y><time>20-01-22 10:59:27:862</time></pt><pt><x>745</x><y>222</y><time>20-01-22 10:59:28:248</time></pt><pt><x>765</x><y>234</y><time>20-01-22 10:59:28:576</time></pt><pt><x>783</x><y>245</y><time>20-01-22 10:59:28:928</time></pt><pt><x>805</x><y>267</y><time>20-01-22 10:59:29:344</time></pt><pt><x>783</x><y>307</y><time>20-01-22 10:59:29:950</time></pt><pt><x>760</x><y>324</y><time>20-01-22 10:59:30:424</time></pt><pt><x>730</x><y>321</y><time>20-01-22 10:59:30:822</time></pt><pt><x>644</x><y>332</y><time>20-01-22 10:59:31:926</time></pt><pt><x>614</x><y>332</y><time>20-01-22 10:59:32:391</time></pt><pt><x>576</x><y>322</y><time>20-01-22 10:59:32:791</time></pt><pt><x>573</x><y>312</y><time>20-01-22 10:59:33:239</time></pt><pt><x>564</x><y>314</y><time>20-01-22 10:59:36:440</time></pt><pt><x>556</x><y>302</y><time>20-01-22 10:59:36:855</time></pt><pt><x>539</x><y>294</y><time>20-01-22 10:59:37:223</time></pt><pt><x>506</x><y>289</y><time>20-01-22 10:59:37:504</time></pt><pt><x>508</x><y>232</y><time>20-01-22 10:59:38:439</time></pt><pt><x>526</x><y>200</y><time>20-01-22 10:59:38:991</time></pt><pt><x>551</x><y>157</y><time>20-01-22 10:59:39:582</time></pt><closed_date>20-01-22 10:59:39:934</closed_date></polygon></object><object><name>restoration</name><deleted>0</deleted><verified>0</verified><occluded>no</occluded><attributes /><parts><hasparts /><ispartof>0</ispartof></parts><date>20-01-22 10:59:51:343</date><id>13</id><polygon><username>anonymous</username><pt><x>838</x><y>252</y><time>20-01-22 10:59:43:368</time></pt><pt><x>877</x><y>272</y><time>20-01-22 10:59:44:062</time></pt><pt><x>897</x><y>292</y><time>20-01-22 10:59:44:481</time></pt><pt><x>912</x><y>306</y><time>20-01-22 10:59:44:799</time></pt><pt><x>927</x><y>307</y><time>20-01-22 10:59:45:222</time></pt><pt><x>965</x><y>304</y><time>20-01-22 10:59:45:623</time></pt><pt><x>987</x><y>302</y><time>20-01-22 10:59:45:982</time></pt><pt><x>993</x><y>294</y><time>20-01-22 10:59:46:431</time></pt><pt><x>988</x><y>275</y><time>20-01-22 10:59:46:799</time></pt><pt><x>947</x><y>262</y><time>20-01-22 10:59:47:583</time></pt><pt><x>893</x><y>244</y><time>20-01-22 10:59:48:193</time></pt><pt><x>855</x><y>230</y><time>20-01-22 10:59:48:862</time></pt><closed_date>20-01-22 10:59:49:239</closed_date></polygon></object><object><name>restoration</name><deleted>0</deleted><verified>0</verified><occluded>no</occluded><attributes /><parts><hasparts /><ispartof>5</ispartof></parts><date>20-01-22 11:00:01:280</date><id>14</id><polygon><username>anonymous</username><pt><x>825</x><y>493</y><time>20-01-22 10:59:52:536</time></pt><pt><x>851</x><y>514</y><time>20-01-22 10:59:53:415</time></pt><pt><x>898</x><y>506</y><time>20-01-22 10:59:53:751</time></pt><pt><x>922</x><y>498</y><time>20-01-22 10:59:53:999</time></pt><pt><x>942</x><y>494</y><time>20-01-22 10:59:54:249</time></pt><pt><x>968</x><y>479</y><time>20-01-22 10:59:54:496</time></pt><pt><x>983</x><y>466</y><time>20-01-22 10:59:54:775</time></pt><pt><x>1000</x><y>456</y><time>20-01-22 10:59:55:015</time></pt><pt><x>1012</x><y>447</y><time>20-01-22 10:59:55:247</time></pt><pt><x>1018</x><y>421</y><time>20-01-22 10:59:55:671</time></pt><pt><x>1008</x><y>412</y><time>20-01-22 10:59:56:079</time></pt><pt><x>972</x><y>424</y><time>20-01-22 10:59:56:351</time></pt><pt><x>945</x><y>434</y><time>20-01-22 10:59:56:599</time></pt><pt><x>928</x><y>436</y><time>20-01-22 10:59:56:799</time></pt><pt><x>907</x><y>436</y><time>20-01-22 10:59:57:103</time></pt><pt><x>882</x><y>434</y><time>20-01-22 10:59:57:391</time></pt><pt><x>882</x><y>452</y><time>20-01-22 10:59:57:782</time></pt><pt><x>892</x><y>471</y><time>20-01-22 10:59:58:079</time></pt><pt><x>863</x><y>478</y><time>20-01-22 10:59:58:425</time></pt><pt><x>848</x><y>479</y><time>20-01-22 10:59:58:719</time></pt><closed_date>20-01-22 10:59:58:977</closed_date></polygon></object><object><name>restoration</name><deleted>0</deleted><verified>0</verified><occluded>no</occluded><attributes /><parts><hasparts /><ispartof>6</ispartof></parts><date>20-01-22 11:00:18:401</date><id>15</id><polygon><username>anonymous</username><pt><x>462</x><y>521</y><time>20-01-22 11:00:02:312</time></pt><pt><x>501</x><y>508</y><time>20-01-22 11:00:02:798</time></pt><pt><x>528</x><y>509</y><time>20-01-22 11:00:03:479</time></pt><pt><x>561</x><y>521</y><time>20-01-22 11:00:03:928</time></pt><pt><x>614</x><y>513</y><time>20-01-22 11:00:04:415</time></pt><pt><x>656</x><y>523</y><time>20-01-22 11:00:04:896</time></pt><pt><x>700</x><y>523</y><time>20-01-22 11:00:05:367</time></pt><pt><x>746</x><y>489</y><time>20-01-22 11:00:06:023</time></pt><pt><x>763</x><y>449</y><time>20-01-22 11:00:06:503</time></pt><pt><x>726</x><y>426</y><time>20-01-22 11:00:07:815</time></pt><pt><x>688</x><y>412</y><time>20-01-22 11:00:08:487</time></pt><pt><x>664</x><y>417</y><time>20-01-22 11:00:08:855</time></pt><pt><x>638</x><y>427</y><time>20-01-22 11:00:09:135</time></pt><pt><x>618</x><y>442</y><time>20-01-22 11:00:09:537</time></pt><pt><x>598</x><y>441</y><time>20-01-22 11:00:09:903</time></pt><pt><x>584</x><y>436</y><time>20-01-22 11:00:10:471</time></pt><pt><x>578</x><y>449</y><time>20-01-22 11:00:11:007</time></pt><pt><x>533</x><y>452</y><time>20-01-22 11:00:11:823</time></pt><pt><x>503</x><y>452</y><time>20-01-22 11:00:12:239</time></pt><pt><x>474</x><y>452</y><time>20-01-22 11:00:12:601</time></pt><pt><x>446</x><y>467</y><time>20-01-22 11:00:13:511</time></pt><pt><x>441</x><y>496</y><time>20-01-22 11:00:14:119</time></pt><closed_date>20-01-22 11:00:14:534</closed_date></polygon></object><imagesize><nrows /><ncols /></imagesize></annotation>