<?xml version='1.0' encoding='UTF-8'?>
<annotation><filename>147.jpg</filename><folder>segmentation_xray</folder><source><sourceImage>The MIT-CSAIL database of objects and scenes</sourceImage><sourceAnnotation>LabelMe Webtool</sourceAnnotation></source><object><name>tooth</name><deleted>0</deleted><verified>0</verified><occluded>no</occluded><attributes>28</attributes><parts><hasparts /><ispartof /></parts><date>13-01-22 09:50:20:309</date><id>0</id><type>bounding_box</type><polygon><username>anonymous</username><pt><x>990</x><y>5</y><time>13-01-22 09:50:09:832</time></pt><pt><x>1179</x><y>5</y><time>13-01-22 09:50:11:419</time></pt><pt><x>1179</x><y>135</y><time>undefined</time></pt><pt><x>990</x><y>135</y><time>undefined</time></pt><closed_date>13-01-22 09:50:11:420</closed_date></polygon></object><object><name>tooth</name><deleted>0</deleted><verified>0</verified><occluded>yes</occluded><attributes>27</attributes><parts><hasparts /><ispartof /></parts><date>13-01-22 09:50:48:565</date><id>1</id><type>bounding_box</type><polygon><username>anonymous</username><pt><x>801</x><y>483</y><time>13-01-22 09:50:28:760</time></pt><pt><x>1107</x><y>483</y><time>13-01-22 09:50:36:324</time></pt><pt><x>1107</x><y>3</y><time>undefined</time></pt><pt><x>801</x><y>3</y><time>undefined</time></pt><closed_date>13-01-22 09:50:36:325</closed_date></polygon></object><object><name>tooth</name><deleted>0</deleted><verified>0</verified><occluded>no</occluded><attributes>26</attributes><parts><hasparts>10</hasparts><ispartof /></parts><date>13-01-22 09:51:08:681</date><id>2</id><type>bounding_box</type><polygon><username>anonymous</username><pt><x>486</x><y>0</y><time>13-01-22 09:50:57:992</time></pt><pt><x>810</x><y>0</y><time>13-01-22 09:51:00:317</time></pt><pt><x>810</x><y>466</y><time>undefined</time></pt><pt><x>486</x><y>466</y><time>undefined</time></pt><closed_date>13-01-22 09:51:00:317</closed_date></polygon></object><object><name>tooth</name><deleted>0</deleted><verified>0</verified><occluded>no</occluded><attributes>24</attributes><parts><hasparts /><ispartof /></parts><date>13-01-22 09:51:20:905</date><id>3</id><type>bounding_box</type><polygon><username>anonymous</username><pt><x>265</x><y>5</y><time>13-01-22 09:51:10:103</time></pt><pt><x>15</x><y>5</y><time>13-01-22 09:51:16:161</time></pt><pt><x>15</x><y>478</y><time>undefined</time></pt><pt><x>265</x><y>478</y><time>undefined</time></pt><closed_date>13-01-22 09:51:16:162</closed_date></polygon></object><object><name>tooth</name><deleted>0</deleted><verified>0</verified><occluded>no</occluded><attributes>25</attributes><parts><hasparts /><ispartof /></parts><date>13-01-22 09:51:35:208</date><id>4</id><type>bounding_box</type><polygon><username>anonymous</username><pt><x>479</x><y>7</y><time>13-01-22 09:51:25:739</time></pt><pt><x>247</x><y>7</y><time>13-01-22 09:51:29:552</time></pt><pt><x>247</x><y>469</y><time>undefined</time></pt><pt><x>479</x><y>469</y><time>undefined</time></pt><closed_date>13-01-22 09:51:29:552</closed_date></polygon></object><object><name>tooth</name><deleted>0</deleted><verified>0</verified><occluded>no</occluded><attributes>38</attributes><parts><hasparts /><ispartof /></parts><date>13-01-22 09:51:47:493</date><id>5</id><type>bounding_box</type><polygon><username>anonymous</username><pt><x>1212</x><y>514</y><time>13-01-22 09:51:38:434</time></pt><pt><x>1080</x><y>514</y><time>13-01-22 09:51:40:965</time></pt><pt><x>1080</x><y>841</y><time>undefined</time></pt><pt><x>1212</x><y>841</y><time>undefined</time></pt><closed_date>13-01-22 09:51:40:965</closed_date></polygon></object><object><name>tooth</name><deleted>0</deleted><verified>0</verified><occluded>no</occluded><attributes>37</attributes><parts><hasparts /><ispartof /></parts><date>13-01-22 09:52:04:597</date><id>6</id><type>bounding_box</type><polygon><username>anonymous</username><pt><x>761</x><y>483</y><time>13-01-22 09:51:51:464</time></pt><pt><x>1165</x><y>483</y><time>13-01-22 09:51:58:445</time></pt><pt><x>1165</x><y>947</y><time>undefined</time></pt><pt><x>761</x><y>947</y><time>undefined</time></pt><closed_date>13-01-22 09:51:58:445</closed_date></polygon></object><object><name>tooth</name><deleted>0</deleted><verified>0</verified><occluded>no</occluded><attributes>36</attributes><parts><hasparts>11,12</hasparts><ispartof /></parts><date>13-01-22 09:52:14:495</date><id>7</id><type>bounding_box</type><polygon><username>anonymous</username><pt><x>401</x><y>524</y><time>13-01-22 09:52:06:215</time></pt><pt><x>780</x><y>524</y><time>13-01-22 09:52:09:920</time></pt><pt><x>780</x><y>948</y><time>undefined</time></pt><pt><x>401</x><y>948</y><time>undefined</time></pt><closed_date>13-01-22 09:52:09:920</closed_date></polygon></object><object><name>tooth</name><deleted>0</deleted><verified>0</verified><occluded>no</occluded><attributes>35</attributes><parts><hasparts /><ispartof /></parts><date>13-01-22 09:52:30:947</date><id>8</id><type>bounding_box</type><polygon><username>anonymous</username><pt><x>157</x><y>504</y><time>13-01-22 09:52:17:722</time></pt><pt><x>402</x><y>504</y><time>13-01-22 09:52:24:619</time></pt><pt><x>402</x><y>947</y><time>undefined</time></pt><pt><x>157</x><y>947</y><time>undefined</time></pt><closed_date>13-01-22 09:52:24:619</closed_date></polygon></object><object><name>tooth</name><deleted>0</deleted><verified>0</verified><occluded>no</occluded><attributes>34</attributes><parts><hasparts /><ispartof /></parts><date>13-01-22 09:52:52:104</date><id>9</id><type>bounding_box</type><polygon><username>anonymous</username><pt><x>5</x><y>491</y><time>13-01-22 09:52:42:167</time></pt><pt><x>150</x><y>491</y><time>13-01-22 09:52:46:872</time></pt><pt><x>150</x><y>937</y><time>undefined</time></pt><pt><x>5</x><y>937</y><time>undefined</time></pt><closed_date>13-01-22 09:52:46:872</closed_date></polygon></object><object><name>restoration</name><deleted>0</deleted><verified>0</verified><occluded>no</occluded><attributes /><parts><hasparts /><ispartof>2</ispartof></parts><date>13-01-22 09:53:15:029</date><id>10</id><polygon><username>anonymous</username><pt><x>518</x><y>399</y><time>13-01-22 09:52:54:936</time></pt><pt><x>554</x><y>396</y><time>13-01-22 09:52:55:735</time></pt><pt><x>591</x><y>381</y><time>13-01-22 09:52:56:928</time></pt><pt><x>614</x><y>376</y><time>13-01-22 09:52:57:590</time></pt><pt><x>641</x><y>384</y><time>13-01-22 09:52:58:244</time></pt><pt><x>656</x><y>389</y><time>13-01-22 09:52:58:836</time></pt><pt><x>668</x><y>354</y><time>13-01-22 09:52:59:485</time></pt><pt><x>678</x><y>337</y><time>13-01-22 09:52:59:930</time></pt><pt><x>691</x><y>332</y><time>13-01-22 09:53:00:369</time></pt><pt><x>706</x><y>332</y><time>13-01-22 09:53:00:815</time></pt><pt><x>725</x><y>341</y><time>13-01-22 09:53:01:171</time></pt><pt><x>741</x><y>354</y><time>13-01-22 09:53:01:491</time></pt><pt><x>751</x><y>362</y><time>13-01-22 09:53:01:805</time></pt><pt><x>758</x><y>371</y><time>13-01-22 09:53:02:119</time></pt><pt><x>760</x><y>381</y><time>13-01-22 09:53:02:663</time></pt><pt><x>760</x><y>396</y><time>13-01-22 09:53:03:207</time></pt><pt><x>761</x><y>407</y><time>13-01-22 09:53:03:619</time></pt><pt><x>728</x><y>417</y><time>13-01-22 09:53:04:406</time></pt><pt><x>721</x><y>421</y><time>13-01-22 09:53:04:817</time></pt><pt><x>721</x><y>427</y><time>13-01-22 09:53:05:395</time></pt><pt><x>723</x><y>437</y><time>13-01-22 09:53:05:793</time></pt><pt><x>706</x><y>446</y><time>13-01-22 09:53:06:566</time></pt><pt><x>624</x><y>452</y><time>13-01-22 09:53:07:783</time></pt><pt><x>571</x><y>449</y><time>13-01-22 09:53:08:562</time></pt><pt><x>516</x><y>434</y><time>13-01-22 09:53:09:149</time></pt><pt><x>491</x><y>414</y><time>13-01-22 09:53:09:761</time></pt><pt><x>488</x><y>396</y><time>13-01-22 09:53:10:480</time></pt><pt><x>499</x><y>392</y><time>13-01-22 09:53:10:953</time></pt><closed_date>13-01-22 09:53:11:330</closed_date></polygon></object><object><name>restoration</name><deleted>0</deleted><verified>0</verified><occluded>no</occluded><attributes /><parts><hasparts /><ispartof>7</ispartof></parts><date>13-01-22 09:53:34:017</date><id>11</id><polygon><username>anonymous</username><pt><x>478</x><y>561</y><time>13-01-22 09:53:20:226</time></pt><pt><x>498</x><y>584</y><time>13-01-22 09:53:23:329</time></pt><pt><x>528</x><y>598</y><time>13-01-22 09:53:24:032</time></pt><pt><x>548</x><y>599</y><time>13-01-22 09:53:24:471</time></pt><pt><x>584</x><y>604</y><time>13-01-22 09:53:24:869</time></pt><pt><x>609</x><y>609</y><time>13-01-22 09:53:25:231</time></pt><pt><x>638</x><y>609</y><time>13-01-22 09:53:25:585</time></pt><pt><x>656</x><y>614</y><time>13-01-22 09:53:25:892</time></pt><pt><x>686</x><y>606</y><time>13-01-22 09:53:26:289</time></pt><pt><x>706</x><y>589</y><time>13-01-22 09:53:26:715</time></pt><pt><x>711</x><y>569</y><time>13-01-22 09:53:27:078</time></pt><pt><x>708</x><y>549</y><time>13-01-22 09:53:27:468</time></pt><pt><x>693</x><y>548</y><time>13-01-22 09:53:27:816</time></pt><pt><x>670</x><y>551</y><time>13-01-22 09:53:28:102</time></pt><pt><x>654</x><y>544</y><time>13-01-22 09:53:28:381</time></pt><pt><x>646</x><y>539</y><time>13-01-22 09:53:28:672</time></pt><pt><x>636</x><y>533</y><time>13-01-22 09:53:28:972</time></pt><pt><x>624</x><y>533</y><time>13-01-22 09:53:29:237</time></pt><pt><x>608</x><y>543</y><time>13-01-22 09:53:29:515</time></pt><pt><x>589</x><y>551</y><time>13-01-22 09:53:29:780</time></pt><pt><x>564</x><y>549</y><time>13-01-22 09:53:30:032</time></pt><pt><x>539</x><y>541</y><time>13-01-22 09:53:30:282</time></pt><pt><x>514</x><y>533</y><time>13-01-22 09:53:30:554</time></pt><pt><x>503</x><y>533</y><time>13-01-22 09:53:30:750</time></pt><pt><x>483</x><y>544</y><time>13-01-22 09:53:30:993</time></pt><closed_date>13-01-22 09:53:31:236</closed_date></polygon></object><object><name>root canal treatment</name><deleted>0</deleted><verified>0</verified><occluded>no</occluded><attributes /><parts><hasparts /><ispartof>7</ispartof></parts><date>13-01-22 09:54:06:478</date><id>12</id><polygon><username>anonymous</username><pt><x>504</x><y>596</y><time>13-01-22 09:53:35:684</time></pt><pt><x>488</x><y>613</y><time>13-01-22 09:53:36:204</time></pt><pt><x>486</x><y>621</y><time>13-01-22 09:53:36:553</time></pt><pt><x>489</x><y>636</y><time>13-01-22 09:53:36:852</time></pt><pt><x>491</x><y>658</y><time>13-01-22 09:53:37:138</time></pt><pt><x>501</x><y>686</y><time>13-01-22 09:53:39:611</time></pt><pt><x>499</x><y>706</y><time>13-01-22 09:53:40:057</time></pt><pt><x>498</x><y>723</y><time>13-01-22 09:53:40:370</time></pt><pt><x>501</x><y>751</y><time>13-01-22 09:53:40:676</time></pt><pt><x>503</x><y>780</y><time>13-01-22 09:53:41:011</time></pt><pt><x>501</x><y>800</y><time>13-01-22 09:53:41:312</time></pt><pt><x>501</x><y>820</y><time>13-01-22 09:53:41:590</time></pt><pt><x>503</x><y>870</y><time>13-01-22 09:53:42:294</time></pt><pt><x>499</x><y>915</y><time>13-01-22 09:53:42:943</time></pt><pt><x>498</x><y>938</y><time>13-01-22 09:53:43:667</time></pt><pt><x>499</x><y>948</y><time>13-01-22 09:53:44:189</time></pt><pt><x>553</x><y>945</y><time>13-01-22 09:53:44:962</time></pt><pt><x>553</x><y>838</y><time>13-01-22 09:53:45:973</time></pt><pt><x>558</x><y>833</y><time>13-01-22 09:53:46:600</time></pt><pt><x>569</x><y>823</y><time>13-01-22 09:53:46:892</time></pt><pt><x>588</x><y>808</y><time>13-01-22 09:53:47:186</time></pt><pt><x>601</x><y>803</y><time>13-01-22 09:53:47:463</time></pt><pt><x>613</x><y>803</y><time>13-01-22 09:53:47:784</time></pt><pt><x>629</x><y>810</y><time>13-01-22 09:53:48:230</time></pt><pt><x>636</x><y>815</y><time>13-01-22 09:53:48:551</time></pt><pt><x>653</x><y>836</y><time>13-01-22 09:53:51:031</time></pt><pt><x>664</x><y>880</y><time>13-01-22 09:53:51:824</time></pt><pt><x>690</x><y>927</y><time>13-01-22 09:53:52:898</time></pt><pt><x>695</x><y>938</y><time>13-01-22 09:53:54:033</time></pt><pt><x>728</x><y>940</y><time>13-01-22 09:53:54:862</time></pt><pt><x>693</x><y>833</y><time>13-01-22 09:53:55:816</time></pt><pt><x>688</x><y>800</y><time>13-01-22 09:53:56:633</time></pt><pt><x>693</x><y>783</y><time>13-01-22 09:53:57:119</time></pt><pt><x>693</x><y>771</y><time>13-01-22 09:53:57:489</time></pt><pt><x>688</x><y>758</y><time>13-01-22 09:53:57:871</time></pt><pt><x>680</x><y>746</y><time>13-01-22 09:53:58:198</time></pt><pt><x>678</x><y>740</y><time>13-01-22 09:53:58:484</time></pt><pt><x>681</x><y>693</y><time>13-01-22 09:53:59:160</time></pt><pt><x>683</x><y>651</y><time>13-01-22 09:53:59:486</time></pt><pt><x>688</x><y>624</y><time>13-01-22 09:53:59:788</time></pt><pt><x>698</x><y>606</y><time>13-01-22 09:54:00:141</time></pt><pt><x>618</x><y>613</y><time>13-01-22 09:54:01:067</time></pt><pt><x>528</x><y>596</y><time>13-01-22 09:54:02:169</time></pt><closed_date>13-01-22 09:54:02:538</closed_date></polygon></object><imagesize><nrows /><ncols /></imagesize></annotation>