<?xml version='1.0' encoding='UTF-8'?>
<annotation><filename>149.jpg</filename><folder>segmentation_xray</folder><source><sourceImage>The MIT-CSAIL database of objects and scenes</sourceImage><sourceAnnotation>LabelMe Webtool</sourceAnnotation></source><object><name>tooth</name><deleted>0</deleted><verified>0</verified><occluded>no</occluded><attributes>38</attributes><parts><hasparts /><ispartof /></parts><date>09-12-21 09:26:59:027</date><id>0</id><type>bounding_box</type><polygon><username>anonymous</username><pt><x>1219</x><y>284</y><time>09-12-21 09:26:47:486</time></pt><pt><x>1054</x><y>284</y><time>09-12-21 09:26:51:121</time></pt><pt><x>1054</x><y>838</y><time>undefined</time></pt><pt><x>1219</x><y>838</y><time>undefined</time></pt><closed_date>09-12-21 09:26:51:121</closed_date></polygon></object><object><name>tooth</name><deleted>0</deleted><verified>0</verified><occluded>no</occluded><attributes>37</attributes><parts><hasparts>14</hasparts><ispartof /></parts><date>09-12-21 09:27:20:445</date><id>1</id><type>bounding_box</type><polygon><username>anonymous</username><pt><x>680</x><y>311</y><time>09-12-21 09:27:11:490</time></pt><pt><x>1122</x><y>311</y><time>09-12-21 09:27:16:729</time></pt><pt><x>1122</x><y>943</y><time>undefined</time></pt><pt><x>680</x><y>943</y><time>undefined</time></pt><closed_date>09-12-21 09:27:16:729</closed_date></polygon></object><object><name>tooth</name><deleted>0</deleted><verified>0</verified><occluded>no</occluded><attributes>36</attributes><parts><hasparts>13</hasparts><ispartof /></parts><date>09-12-21 09:27:32:559</date><id>2</id><type>bounding_box</type><polygon><username>anonymous</username><pt><x>312</x><y>364</y><time>09-12-21 09:27:24:842</time></pt><pt><x>753</x><y>364</y><time>09-12-21 09:27:27:897</time></pt><pt><x>753</x><y>945</y><time>undefined</time></pt><pt><x>312</x><y>945</y><time>undefined</time></pt><closed_date>09-12-21 09:27:27:898</closed_date></polygon></object><object><name>tooth</name><deleted>0</deleted><verified>0</verified><occluded>no</occluded><attributes>35</attributes><parts><hasparts>15</hasparts><ispartof /></parts><date>09-12-21 09:27:48:158</date><id>3</id><type>bounding_box</type><polygon><username>anonymous</username><pt><x>83</x><y>377</y><time>09-12-21 09:27:37:852</time></pt><pt><x>329</x><y>377</y><time>09-12-21 09:27:43:866</time></pt><pt><x>329</x><y>942</y><time>undefined</time></pt><pt><x>83</x><y>942</y><time>undefined</time></pt><closed_date>09-12-21 09:27:43:867</closed_date></polygon></object><object><name>tooth</name><deleted>0</deleted><verified>0</verified><occluded>no</occluded><attributes>34</attributes><parts><hasparts /><ispartof /></parts><date>09-12-21 09:27:55:925</date><id>4</id><type>bounding_box</type><polygon><username>anonymous</username><pt><x>3</x><y>454</y><time>09-12-21 09:27:49:811</time></pt><pt><x>157</x><y>454</y><time>09-12-21 09:27:51:585</time></pt><pt><x>157</x><y>943</y><time>undefined</time></pt><pt><x>3</x><y>943</y><time>undefined</time></pt><closed_date>09-12-21 09:27:51:585</closed_date></polygon></object><object><name>tooth</name><deleted>0</deleted><verified>0</verified><occluded>no</occluded><attributes>28</attributes><parts><hasparts /><ispartof /></parts><date>09-12-21 09:28:07:958</date><id>5</id><type>bounding_box</type><polygon><username>anonymous</username><pt><x>1154</x><y>93</y><time>09-12-21 09:27:58:090</time></pt><pt><x>932</x><y>93</y><time>09-12-21 09:28:02:081</time></pt><pt><x>932</x><y>5</y><time>undefined</time></pt><pt><x>1154</x><y>5</y><time>undefined</time></pt><closed_date>09-12-21 09:28:02:081</closed_date></polygon></object><object><name>tooth</name><deleted>0</deleted><verified>0</verified><occluded>no</occluded><attributes>27</attributes><parts><hasparts>12</hasparts><ispartof /></parts><date>09-12-21 09:30:09:423</date><id>6</id><type>bounding_box</type><polygon><username>anonymous</username><pt><x>988</x><y>279</y><time>09-12-21 09:30:00:373</time></pt><pt><x>639</x><y>279</y><time>09-12-21 09:30:02:412</time></pt><pt><x>639</x><y>3</y><time>undefined</time></pt><pt><x>988</x><y>3</y><time>undefined</time></pt><closed_date>09-12-21 09:30:02:412</closed_date></polygon></object><object><name>tooth</name><deleted>0</deleted><verified>0</verified><occluded>no</occluded><attributes>26</attributes><parts><hasparts>10</hasparts><ispartof /></parts><date>09-12-21 09:30:21:111</date><id>7</id><type>bounding_box</type><polygon><username>anonymous</username><pt><x>299</x><y>309</y><time>09-12-21 09:30:11:477</time></pt><pt><x>646</x><y>309</y><time>09-12-21 09:30:15:867</time></pt><pt><x>646</x><y>7</y><time>undefined</time></pt><pt><x>299</x><y>7</y><time>undefined</time></pt><closed_date>09-12-21 09:30:15:868</closed_date></polygon></object><object><name>tooth</name><deleted>0</deleted><verified>0</verified><occluded>no</occluded><attributes>25</attributes><parts><hasparts>11</hasparts><ispartof /></parts><date>09-12-21 09:30:32:886</date><id>8</id><type>bounding_box</type><polygon><username>anonymous</username><pt><x>78</x><y>309</y><time>09-12-21 09:30:25:026</time></pt><pt><x>306</x><y>309</y><time>09-12-21 09:30:28:163</time></pt><pt><x>306</x><y>5</y><time>undefined</time></pt><pt><x>78</x><y>5</y><time>undefined</time></pt><closed_date>09-12-21 09:30:28:164</closed_date></polygon></object><object><name>tooth</name><deleted>0</deleted><verified>0</verified><occluded>no</occluded><attributes>24</attributes><parts><hasparts /><ispartof /></parts><date>09-12-21 09:30:41:417</date><id>9</id><type>bounding_box</type><polygon><username>anonymous</username><pt><x>3</x><y>312</y><time>09-12-21 09:30:33:933</time></pt><pt><x>83</x><y>312</y><time>09-12-21 09:30:37:260</time></pt><pt><x>83</x><y>72</y><time>undefined</time></pt><pt><x>3</x><y>72</y><time>undefined</time></pt><closed_date>09-12-21 09:30:37:260</closed_date></polygon></object><object><name>restoration</name><deleted>0</deleted><verified>0</verified><occluded>no</occluded><attributes /><parts><hasparts /><ispartof>7</ispartof></parts><date>09-12-21 09:31:19:919</date><id>10</id><polygon><username>anonymous</username><pt><x>606</x><y>202</y><time>09-12-21 09:30:55:618</time></pt><pt><x>589</x><y>185</y><time>09-12-21 09:30:56:100</time></pt><pt><x>568</x><y>174</y><time>09-12-21 09:30:56:467</time></pt><pt><x>563</x><y>177</y><time>09-12-21 09:30:59:165</time></pt><pt><x>549</x><y>184</y><time>09-12-21 09:30:59:508</time></pt><pt><x>544</x><y>192</y><time>09-12-21 09:30:59:812</time></pt><pt><x>534</x><y>199</y><time>09-12-21 09:31:00:085</time></pt><pt><x>524</x><y>200</y><time>09-12-21 09:31:00:356</time></pt><pt><x>514</x><y>200</y><time>09-12-21 09:31:00:612</time></pt><pt><x>504</x><y>192</y><time>09-12-21 09:31:00:924</time></pt><pt><x>498</x><y>179</y><time>09-12-21 09:31:01:220</time></pt><pt><x>496</x><y>170</y><time>09-12-21 09:31:01:549</time></pt><pt><x>481</x><y>167</y><time>09-12-21 09:31:01:813</time></pt><pt><x>471</x><y>174</y><time>09-12-21 09:31:02:060</time></pt><pt><x>459</x><y>180</y><time>09-12-21 09:31:02:276</time></pt><pt><x>444</x><y>189</y><time>09-12-21 09:31:02:508</time></pt><pt><x>436</x><y>192</y><time>09-12-21 09:31:02:756</time></pt><pt><x>416</x><y>195</y><time>09-12-21 09:31:03:124</time></pt><pt><x>397</x><y>205</y><time>09-12-21 09:31:03:349</time></pt><pt><x>382</x><y>209</y><time>09-12-21 09:31:03:581</time></pt><pt><x>364</x><y>210</y><time>09-12-21 09:31:03:820</time></pt><pt><x>352</x><y>210</y><time>09-12-21 09:31:04:084</time></pt><pt><x>344</x><y>207</y><time>09-12-21 09:31:04:459</time></pt><pt><x>329</x><y>202</y><time>09-12-21 09:31:04:812</time></pt><pt><x>319</x><y>202</y><time>09-12-21 09:31:05:092</time></pt><pt><x>304</x><y>205</y><time>09-12-21 09:31:05:413</time></pt><pt><x>304</x><y>220</y><time>09-12-21 09:31:07:548</time></pt><pt><x>312</x><y>240</y><time>09-12-21 09:31:07:892</time></pt><pt><x>317</x><y>249</y><time>09-12-21 09:31:08:188</time></pt><pt><x>322</x><y>255</y><time>09-12-21 09:31:08:428</time></pt><pt><x>329</x><y>259</y><time>09-12-21 09:31:08:644</time></pt><pt><x>342</x><y>262</y><time>09-12-21 09:31:08:851</time></pt><pt><x>347</x><y>264</y><time>09-12-21 09:31:09:060</time></pt><pt><x>359</x><y>264</y><time>09-12-21 09:31:09:446</time></pt><pt><x>376</x><y>267</y><time>09-12-21 09:31:09:685</time></pt><pt><x>394</x><y>267</y><time>09-12-21 09:31:10:068</time></pt><pt><x>404</x><y>269</y><time>09-12-21 09:31:10:356</time></pt><pt><x>407</x><y>269</y><time>09-12-21 09:31:10:564</time></pt><pt><x>417</x><y>280</y><time>09-12-21 09:31:10:966</time></pt><pt><x>424</x><y>280</y><time>09-12-21 09:31:11:307</time></pt><pt><x>446</x><y>275</y><time>09-12-21 09:31:11:556</time></pt><pt><x>451</x><y>267</y><time>09-12-21 09:31:11:813</time></pt><pt><x>462</x><y>262</y><time>09-12-21 09:31:12:061</time></pt><pt><x>471</x><y>262</y><time>09-12-21 09:31:12:299</time></pt><pt><x>479</x><y>265</y><time>09-12-21 09:31:12:516</time></pt><pt><x>494</x><y>267</y><time>09-12-21 09:31:12:750</time></pt><pt><x>509</x><y>269</y><time>09-12-21 09:31:12:996</time></pt><pt><x>521</x><y>255</y><time>09-12-21 09:31:13:236</time></pt><pt><x>528</x><y>245</y><time>09-12-21 09:31:13:500</time></pt><pt><x>541</x><y>240</y><time>09-12-21 09:31:14:013</time></pt><pt><x>559</x><y>237</y><time>09-12-21 09:31:14:348</time></pt><pt><x>571</x><y>235</y><time>09-12-21 09:31:14:628</time></pt><pt><x>589</x><y>232</y><time>09-12-21 09:31:14:933</time></pt><pt><x>604</x><y>229</y><time>09-12-21 09:31:15:500</time></pt><pt><x>619</x><y>222</y><time>09-12-21 09:31:15:820</time></pt><pt><x>619</x><y>210</y><time>09-12-21 09:31:16:284</time></pt><closed_date>09-12-21 09:31:16:797</closed_date></polygon></object><object><name>restoration</name><deleted>0</deleted><verified>0</verified><occluded>no</occluded><attributes /><parts><hasparts /><ispartof>8</ispartof></parts><date>09-12-21 09:31:42:744</date><id>11</id><polygon><username>anonymous</username><pt><x>120</x><y>157</y><time>09-12-21 09:31:21:589</time></pt><pt><x>142</x><y>164</y><time>09-12-21 09:31:21:997</time></pt><pt><x>150</x><y>174</y><time>09-12-21 09:31:22:413</time></pt><pt><x>157</x><y>190</y><time>09-12-21 09:31:22:732</time></pt><pt><x>160</x><y>202</y><time>09-12-21 09:31:23:036</time></pt><pt><x>164</x><y>212</y><time>09-12-21 09:31:23:333</time></pt><pt><x>175</x><y>204</y><time>09-12-21 09:31:23:845</time></pt><pt><x>189</x><y>194</y><time>09-12-21 09:31:24:252</time></pt><pt><x>204</x><y>192</y><time>09-12-21 09:31:24:627</time></pt><pt><x>220</x><y>189</y><time>09-12-21 09:31:24:908</time></pt><pt><x>239</x><y>190</y><time>09-12-21 09:31:25:156</time></pt><pt><x>245</x><y>197</y><time>09-12-21 09:31:25:397</time></pt><pt><x>254</x><y>199</y><time>09-12-21 09:31:25:620</time></pt><pt><x>264</x><y>199</y><time>09-12-21 09:31:25:860</time></pt><pt><x>274</x><y>192</y><time>09-12-21 09:31:26:268</time></pt><pt><x>279</x><y>187</y><time>09-12-21 09:31:26:564</time></pt><pt><x>289</x><y>194</y><time>09-12-21 09:31:26:828</time></pt><pt><x>292</x><y>200</y><time>09-12-21 09:31:27:109</time></pt><pt><x>296</x><y>222</y><time>09-12-21 09:31:27:436</time></pt><pt><x>296</x><y>232</y><time>09-12-21 09:31:27:764</time></pt><pt><x>279</x><y>240</y><time>09-12-21 09:31:28:093</time></pt><pt><x>249</x><y>242</y><time>09-12-21 09:31:32:061</time></pt><pt><x>234</x><y>239</y><time>09-12-21 09:31:32:397</time></pt><pt><x>212</x><y>242</y><time>09-12-21 09:31:32:708</time></pt><pt><x>190</x><y>244</y><time>09-12-21 09:31:32:973</time></pt><pt><x>164</x><y>245</y><time>09-12-21 09:31:33:244</time></pt><pt><x>150</x><y>245</y><time>09-12-21 09:31:33:508</time></pt><pt><x>139</x><y>254</y><time>09-12-21 09:31:33:757</time></pt><pt><x>134</x><y>255</y><time>09-12-21 09:31:34:460</time></pt><pt><x>127</x><y>260</y><time>09-12-21 09:31:34:733</time></pt><pt><x>122</x><y>260</y><time>09-12-21 09:31:35:020</time></pt><pt><x>117</x><y>249</y><time>09-12-21 09:31:35:293</time></pt><pt><x>110</x><y>244</y><time>09-12-21 09:31:35:556</time></pt><pt><x>93</x><y>242</y><time>09-12-21 09:31:35:788</time></pt><pt><x>90</x><y>240</y><time>09-12-21 09:31:36:053</time></pt><pt><x>82</x><y>225</y><time>09-12-21 09:31:36:413</time></pt><pt><x>82</x><y>207</y><time>09-12-21 09:31:36:757</time></pt><pt><x>82</x><y>194</y><time>09-12-21 09:31:37:028</time></pt><pt><x>82</x><y>174</y><time>09-12-21 09:31:37:414</time></pt><pt><x>83</x><y>162</y><time>09-12-21 09:31:37:749</time></pt><pt><x>87</x><y>150</y><time>09-12-21 09:31:38:133</time></pt><pt><x>99</x><y>147</y><time>09-12-21 09:31:38:444</time></pt><closed_date>09-12-21 09:31:39:429</closed_date></polygon></object><object><name>restoration</name><deleted>0</deleted><verified>0</verified><occluded>no</occluded><attributes /><parts><hasparts /><ispartof>6</ispartof></parts><date>09-12-21 09:32:11:463</date><id>12</id><polygon><username>anonymous</username><pt><x>705</x><y>205</y><time>09-12-21 09:31:53:271</time></pt><pt><x>718</x><y>185</y><time>09-12-21 09:31:53:756</time></pt><pt><x>736</x><y>175</y><time>09-12-21 09:31:54:068</time></pt><pt><x>746</x><y>172</y><time>09-12-21 09:31:54:333</time></pt><pt><x>758</x><y>160</y><time>09-12-21 09:31:54:660</time></pt><pt><x>768</x><y>149</y><time>09-12-21 09:31:54:956</time></pt><pt><x>775</x><y>144</y><time>09-12-21 09:31:55:252</time></pt><pt><x>780</x><y>140</y><time>09-12-21 09:31:55:492</time></pt><pt><x>791</x><y>137</y><time>09-12-21 09:31:55:716</time></pt><pt><x>810</x><y>145</y><time>09-12-21 09:31:55:987</time></pt><pt><x>823</x><y>155</y><time>09-12-21 09:31:56:316</time></pt><pt><x>830</x><y>157</y><time>09-12-21 09:31:56:573</time></pt><pt><x>838</x><y>152</y><time>09-12-21 09:31:56:820</time></pt><pt><x>853</x><y>142</y><time>09-12-21 09:31:57:061</time></pt><pt><x>857</x><y>139</y><time>09-12-21 09:31:57:307</time></pt><pt><x>878</x><y>132</y><time>09-12-21 09:31:57:716</time></pt><pt><x>888</x><y>130</y><time>09-12-21 09:31:57:988</time></pt><pt><x>898</x><y>134</y><time>09-12-21 09:31:58:197</time></pt><pt><x>898</x><y>134</y><time>09-12-21 09:31:58:429</time></pt><pt><x>907</x><y>134</y><time>09-12-21 09:31:58:692</time></pt><pt><x>922</x><y>120</y><time>09-12-21 09:31:58:948</time></pt><pt><x>923</x><y>114</y><time>09-12-21 09:31:59:252</time></pt><pt><x>930</x><y>97</y><time>09-12-21 09:31:59:500</time></pt><pt><x>935</x><y>88</y><time>09-12-21 09:31:59:756</time></pt><pt><x>943</x><y>80</y><time>09-12-21 09:32:00:020</time></pt><pt><x>957</x><y>85</y><time>09-12-21 09:32:00:299</time></pt><pt><x>965</x><y>90</y><time>09-12-21 09:32:00:565</time></pt><pt><x>975</x><y>95</y><time>09-12-21 09:32:00:829</time></pt><pt><x>982</x><y>102</y><time>09-12-21 09:32:01:093</time></pt><pt><x>988</x><y>140</y><time>09-12-21 09:32:01:573</time></pt><pt><x>978</x><y>170</y><time>09-12-21 09:32:01:956</time></pt><pt><x>952</x><y>185</y><time>09-12-21 09:32:02:307</time></pt><pt><x>938</x><y>195</y><time>09-12-21 09:32:02:564</time></pt><pt><x>912</x><y>212</y><time>09-12-21 09:32:02:830</time></pt><pt><x>892</x><y>227</y><time>09-12-21 09:32:03:094</time></pt><pt><x>873</x><y>235</y><time>09-12-21 09:32:03:460</time></pt><pt><x>831</x><y>229</y><time>09-12-21 09:32:03:900</time></pt><pt><x>821</x><y>224</y><time>09-12-21 09:32:04:724</time></pt><pt><x>791</x><y>225</y><time>09-12-21 09:32:05:013</time></pt><pt><x>776</x><y>230</y><time>09-12-21 09:32:05:276</time></pt><pt><x>758</x><y>235</y><time>09-12-21 09:32:05:533</time></pt><pt><x>748</x><y>242</y><time>09-12-21 09:32:05:740</time></pt><pt><x>735</x><y>244</y><time>09-12-21 09:32:05:948</time></pt><pt><x>720</x><y>242</y><time>09-12-21 09:32:06:188</time></pt><pt><x>688</x><y>242</y><time>09-12-21 09:32:06:420</time></pt><pt><x>671</x><y>244</y><time>09-12-21 09:32:06:676</time></pt><pt><x>658</x><y>245</y><time>09-12-21 09:32:06:980</time></pt><pt><x>646</x><y>239</y><time>09-12-21 09:32:07:380</time></pt><pt><x>643</x><y>225</y><time>09-12-21 09:32:07:716</time></pt><pt><x>659</x><y>205</y><time>09-12-21 09:32:08:124</time></pt><pt><x>681</x><y>199</y><time>09-12-21 09:32:08:557</time></pt><closed_date>09-12-21 09:32:08:940</closed_date></polygon></object><object><name>restoration</name><deleted>0</deleted><verified>0</verified><occluded>no</occluded><attributes /><parts><hasparts /><ispartof>2</ispartof></parts><date>09-12-21 09:32:30:744</date><id>13</id><polygon><username>anonymous</username><pt><x>639</x><y>424</y><time>09-12-21 09:32:14:493</time></pt><pt><x>633</x><y>444</y><time>09-12-21 09:32:15:389</time></pt><pt><x>619</x><y>457</y><time>09-12-21 09:32:15:692</time></pt><pt><x>601</x><y>466</y><time>09-12-21 09:32:15:980</time></pt><pt><x>591</x><y>472</y><time>09-12-21 09:32:16:229</time></pt><pt><x>578</x><y>483</y><time>09-12-21 09:32:16:445</time></pt><pt><x>573</x><y>494</y><time>09-12-21 09:32:16:676</time></pt><pt><x>571</x><y>506</y><time>09-12-21 09:32:16:886</time></pt><pt><x>571</x><y>519</y><time>09-12-21 09:32:17:101</time></pt><pt><x>569</x><y>531</y><time>09-12-21 09:32:17:316</time></pt><pt><x>561</x><y>543</y><time>09-12-21 09:32:17:517</time></pt><pt><x>556</x><y>554</y><time>09-12-21 09:32:17:740</time></pt><pt><x>546</x><y>561</y><time>09-12-21 09:32:17:949</time></pt><pt><x>523</x><y>571</y><time>09-12-21 09:32:18:229</time></pt><pt><x>514</x><y>578</y><time>09-12-21 09:32:18:644</time></pt><pt><x>509</x><y>586</y><time>09-12-21 09:32:19:899</time></pt><pt><x>496</x><y>593</y><time>09-12-21 09:32:20:229</time></pt><pt><x>484</x><y>593</y><time>09-12-21 09:32:20:501</time></pt><pt><x>471</x><y>593</y><time>09-12-21 09:32:20:732</time></pt><pt><x>461</x><y>586</y><time>09-12-21 09:32:21:020</time></pt><pt><x>447</x><y>569</y><time>09-12-21 09:32:21:396</time></pt><pt><x>436</x><y>558</y><time>09-12-21 09:32:21:693</time></pt><pt><x>424</x><y>544</y><time>09-12-21 09:32:22:021</time></pt><pt><x>419</x><y>536</y><time>09-12-21 09:32:22:268</time></pt><pt><x>409</x><y>514</y><time>09-12-21 09:32:22:620</time></pt><pt><x>407</x><y>501</y><time>09-12-21 09:32:22:965</time></pt><pt><x>406</x><y>479</y><time>09-12-21 09:32:23:300</time></pt><pt><x>406</x><y>457</y><time>09-12-21 09:32:23:684</time></pt><pt><x>404</x><y>444</y><time>09-12-21 09:32:24:084</time></pt><pt><x>409</x><y>434</y><time>09-12-21 09:32:24:549</time></pt><pt><x>424</x><y>434</y><time>09-12-21 09:32:24:988</time></pt><pt><x>446</x><y>451</y><time>09-12-21 09:32:25:428</time></pt><pt><x>462</x><y>456</y><time>09-12-21 09:32:25:739</time></pt><pt><x>484</x><y>459</y><time>09-12-21 09:32:25:980</time></pt><pt><x>503</x><y>459</y><time>09-12-21 09:32:26:268</time></pt><pt><x>529</x><y>454</y><time>09-12-21 09:32:26:524</time></pt><pt><x>554</x><y>446</y><time>09-12-21 09:32:26:748</time></pt><pt><x>568</x><y>437</y><time>09-12-21 09:32:26:964</time></pt><pt><x>591</x><y>427</y><time>09-12-21 09:32:27:196</time></pt><pt><x>613</x><y>422</y><time>09-12-21 09:32:27:436</time></pt><closed_date>09-12-21 09:32:27:677</closed_date></polygon></object><object><name>restoration</name><deleted>0</deleted><verified>0</verified><occluded>no</occluded><attributes /><parts><hasparts /><ispartof>1</ispartof></parts><date>09-12-21 09:32:43:344</date><id>14</id><polygon><username>anonymous</username><pt><x>785</x><y>421</y><time>09-12-21 09:32:31:765</time></pt><pt><x>790</x><y>442</y><time>09-12-21 09:32:32:188</time></pt><pt><x>798</x><y>459</y><time>09-12-21 09:32:32:629</time></pt><pt><x>806</x><y>462</y><time>09-12-21 09:32:32:940</time></pt><pt><x>825</x><y>462</y><time>09-12-21 09:32:33:181</time></pt><pt><x>838</x><y>466</y><time>09-12-21 09:32:33:581</time></pt><pt><x>853</x><y>472</y><time>09-12-21 09:32:33:932</time></pt><pt><x>867</x><y>472</y><time>09-12-21 09:32:34:196</time></pt><pt><x>877</x><y>481</y><time>09-12-21 09:32:34:462</time></pt><pt><x>883</x><y>484</y><time>09-12-21 09:32:34:685</time></pt><pt><x>895</x><y>481</y><time>09-12-21 09:32:34:940</time></pt><pt><x>895</x><y>472</y><time>09-12-21 09:32:35:173</time></pt><pt><x>908</x><y>466</y><time>09-12-21 09:32:35:397</time></pt><pt><x>915</x><y>462</y><time>09-12-21 09:32:35:628</time></pt><pt><x>922</x><y>462</y><time>09-12-21 09:32:35:852</time></pt><pt><x>930</x><y>454</y><time>09-12-21 09:32:36:116</time></pt><pt><x>938</x><y>442</y><time>09-12-21 09:32:36:348</time></pt><pt><x>948</x><y>434</y><time>09-12-21 09:32:36:572</time></pt><pt><x>952</x><y>426</y><time>09-12-21 09:32:36:813</time></pt><pt><x>955</x><y>414</y><time>09-12-21 09:32:37:029</time></pt><pt><x>952</x><y>401</y><time>09-12-21 09:32:37:268</time></pt><pt><x>950</x><y>391</y><time>09-12-21 09:32:37:501</time></pt><pt><x>942</x><y>374</y><time>09-12-21 09:32:37:788</time></pt><pt><x>938</x><y>367</y><time>09-12-21 09:32:38:109</time></pt><pt><x>922</x><y>357</y><time>09-12-21 09:32:38:533</time></pt><pt><x>910</x><y>352</y><time>09-12-21 09:32:38:812</time></pt><pt><x>883</x><y>354</y><time>09-12-21 09:32:39:061</time></pt><pt><x>860</x><y>357</y><time>09-12-21 09:32:39:284</time></pt><pt><x>846</x><y>359</y><time>09-12-21 09:32:39:517</time></pt><pt><x>836</x><y>359</y><time>09-12-21 09:32:39:743</time></pt><pt><x>816</x><y>367</y><time>09-12-21 09:32:39:989</time></pt><pt><x>793</x><y>384</y><time>09-12-21 09:32:40:244</time></pt><pt><x>785</x><y>397</y><time>09-12-21 09:32:40:500</time></pt><closed_date>09-12-21 09:32:40:725</closed_date></polygon></object><object><name>restoration</name><deleted>0</deleted><verified>0</verified><occluded>no</occluded><attributes /><parts><hasparts /><ispartof>3</ispartof></parts><date>09-12-21 09:33:06:719</date><id>15</id><polygon><username>anonymous</username><pt><x>175</x><y>454</y><time>09-12-21 09:32:53:470</time></pt><pt><x>175</x><y>471</y><time>09-12-21 09:32:53:836</time></pt><pt><x>184</x><y>488</y><time>09-12-21 09:32:54:221</time></pt><pt><x>194</x><y>499</y><time>09-12-21 09:32:54:549</time></pt><pt><x>204</x><y>503</y><time>09-12-21 09:32:54:852</time></pt><pt><x>212</x><y>503</y><time>09-12-21 09:32:55:117</time></pt><pt><x>229</x><y>501</y><time>09-12-21 09:32:55:397</time></pt><pt><x>244</x><y>501</y><time>09-12-21 09:32:55:748</time></pt><pt><x>255</x><y>499</y><time>09-12-21 09:32:56:021</time></pt><pt><x>274</x><y>494</y><time>09-12-21 09:32:56:317</time></pt><pt><x>282</x><y>484</y><time>09-12-21 09:32:56:589</time></pt><pt><x>294</x><y>476</y><time>09-12-21 09:32:56:861</time></pt><pt><x>302</x><y>466</y><time>09-12-21 09:32:57:285</time></pt><pt><x>302</x><y>451</y><time>09-12-21 09:32:57:668</time></pt><pt><x>286</x><y>447</y><time>09-12-21 09:32:58:053</time></pt><pt><x>272</x><y>447</y><time>09-12-21 09:32:58:357</time></pt><pt><x>262</x><y>447</y><time>09-12-21 09:32:58:716</time></pt><pt><x>259</x><y>441</y><time>09-12-21 09:32:59:029</time></pt><pt><x>259</x><y>439</y><time>09-12-21 09:32:59:301</time></pt><pt><x>235</x><y>439</y><time>09-12-21 09:32:59:575</time></pt><pt><x>230</x><y>446</y><time>09-12-21 09:32:59:836</time></pt><pt><x>215</x><y>439</y><time>09-12-21 09:33:00:109</time></pt><pt><x>202</x><y>429</y><time>09-12-21 09:33:00:365</time></pt><pt><x>189</x><y>421</y><time>09-12-21 09:33:00:668</time></pt><pt><x>167</x><y>424</y><time>09-12-21 09:33:01:228</time></pt><pt><x>157</x><y>431</y><time>09-12-21 09:33:01:519</time></pt><pt><x>155</x><y>444</y><time>09-12-21 09:33:01:821</time></pt><closed_date>09-12-21 09:33:02:133</closed_date></polygon></object><imagesize><nrows /><ncols /></imagesize></annotation>