<?xml version='1.0' encoding='UTF-8'?>
<annotation><filename>150.jpg</filename><folder>segmentation_xray</folder><source><sourceImage>The MIT-CSAIL database of objects and scenes</sourceImage><sourceAnnotation>LabelMe Webtool</sourceAnnotation></source><object><name>tooth</name><deleted>0</deleted><verified>0</verified><occluded>no</occluded><attributes>17</attributes><parts><hasparts /><ispartof /></parts><date>15-12-21 18:17:16:007</date><id>0</id><type>bounding_box</type><polygon><username>anonymous</username><pt><x>132</x><y>65</y><time>15-12-21 18:17:02:395</time></pt><pt><x>486</x><y>65</y><time>15-12-21 18:17:04:243</time></pt><pt><x>486</x><y>442</y><time>undefined</time></pt><pt><x>132</x><y>442</y><time>undefined</time></pt><closed_date>15-12-21 18:17:04:243</closed_date></polygon></object><object><name>tooth</name><deleted>0</deleted><verified>0</verified><occluded>no</occluded><attributes>14</attributes><parts><hasparts /><ispartof /></parts><date>15-12-21 18:17:26:997</date><id>1</id><type>bounding_box</type><polygon><username>anonymous</username><pt><x>841</x><y>13</y><time>15-12-21 18:17:21:390</time></pt><pt><x>1215</x><y>13</y><time>15-12-21 18:17:22:851</time></pt><pt><x>1215</x><y>442</y><time>undefined</time></pt><pt><x>841</x><y>442</y><time>undefined</time></pt><closed_date>15-12-21 18:17:22:852</closed_date></polygon></object><object><name>tooth</name><deleted>0</deleted><verified>0</verified><occluded>no</occluded><attributes>44</attributes><parts><hasparts /><ispartof /></parts><date>15-12-21 18:17:37:662</date><id>2</id><type>bounding_box</type><polygon><username>anonymous</username><pt><x>1027</x><y>498</y><time>15-12-21 18:17:32:629</time></pt><pt><x>1219</x><y>498</y><time>15-12-21 18:17:34:460</time></pt><pt><x>1219</x><y>935</y><time>undefined</time></pt><pt><x>1027</x><y>935</y><time>undefined</time></pt><closed_date>15-12-21 18:17:34:460</closed_date></polygon></object><object><name>tooth</name><deleted>0</deleted><verified>0</verified><occluded>no</occluded><attributes>45</attributes><parts><hasparts /><ispartof /></parts><date>15-12-21 18:17:45:305</date><id>3</id><type>bounding_box</type><polygon><username>anonymous</username><pt><x>745</x><y>496</y><time>15-12-21 18:17:39:638</time></pt><pt><x>985</x><y>496</y><time>15-12-21 18:17:41:092</time></pt><pt><x>985</x><y>948</y><time>undefined</time></pt><pt><x>745</x><y>948</y><time>undefined</time></pt><closed_date>15-12-21 18:17:41:092</closed_date></polygon></object><object><name>tooth</name><deleted>0</deleted><verified>0</verified><occluded>no</occluded><attributes>47</attributes><parts><hasparts>5</hasparts><ispartof /></parts><date>15-12-21 18:18:00:678</date><id>4</id><type>bounding_box</type><polygon><username>anonymous</username><pt><x>155</x><y>938</y><time>15-12-21 18:17:51:014</time></pt><pt><x>523</x><y>938</y><time>15-12-21 18:17:55:541</time></pt><pt><x>523</x><y>583</y><time>undefined</time></pt><pt><x>155</x><y>583</y><time>undefined</time></pt><closed_date>15-12-21 18:17:55:541</closed_date></polygon></object><object><name>restoration</name><deleted>0</deleted><verified>0</verified><occluded>no</occluded><attributes /><parts><hasparts /><ispartof>4</ispartof></parts><date>15-12-21 18:18:19:942</date><id>5</id><polygon><username>anonymous</username><pt><x>265</x><y>671</y><time>15-12-21 18:18:03:806</time></pt><pt><x>277</x><y>686</y><time>15-12-21 18:18:04:188</time></pt><pt><x>294</x><y>695</y><time>15-12-21 18:18:04:484</time></pt><pt><x>316</x><y>690</y><time>15-12-21 18:18:04:828</time></pt><pt><x>331</x><y>710</y><time>15-12-21 18:18:05:439</time></pt><pt><x>337</x><y>713</y><time>15-12-21 18:18:05:724</time></pt><pt><x>359</x><y>711</y><time>15-12-21 18:18:06:011</time></pt><pt><x>377</x><y>708</y><time>15-12-21 18:18:06:299</time></pt><pt><x>382</x><y>700</y><time>15-12-21 18:18:06:555</time></pt><pt><x>401</x><y>695</y><time>15-12-21 18:18:06:995</time></pt><pt><x>431</x><y>695</y><time>15-12-21 18:18:07:355</time></pt><pt><x>467</x><y>681</y><time>15-12-21 18:18:07:837</time></pt><pt><x>472</x><y>668</y><time>15-12-21 18:18:11:180</time></pt><pt><x>472</x><y>654</y><time>15-12-21 18:18:11:596</time></pt><pt><x>476</x><y>646</y><time>15-12-21 18:18:12:028</time></pt><pt><x>469</x><y>629</y><time>15-12-21 18:18:12:349</time></pt><pt><x>456</x><y>631</y><time>15-12-21 18:18:12:957</time></pt><pt><x>427</x><y>633</y><time>15-12-21 18:18:13:390</time></pt><pt><x>417</x><y>638</y><time>15-12-21 18:18:13:709</time></pt><pt><x>406</x><y>643</y><time>15-12-21 18:18:13:949</time></pt><pt><x>391</x><y>641</y><time>15-12-21 18:18:14:204</time></pt><pt><x>387</x><y>641</y><time>15-12-21 18:18:14:476</time></pt><pt><x>361</x><y>634</y><time>15-12-21 18:18:15:125</time></pt><pt><x>352</x><y>631</y><time>15-12-21 18:18:15:420</time></pt><pt><x>339</x><y>629</y><time>15-12-21 18:18:15:677</time></pt><pt><x>317</x><y>641</y><time>15-12-21 18:18:15:911</time></pt><pt><x>299</x><y>643</y><time>15-12-21 18:18:16:108</time></pt><pt><x>277</x><y>644</y><time>15-12-21 18:18:16:350</time></pt><pt><x>262</x><y>654</y><time>15-12-21 18:18:16:732</time></pt><closed_date>15-12-21 18:18:17:013</closed_date></polygon></object><imagesize><nrows /><ncols /></imagesize></annotation>