<?xml version='1.0' encoding='UTF-8'?>
<annotation><filename>151.jpg</filename><folder>segmentation_xray</folder><source><sourceImage>The MIT-CSAIL database of objects and scenes</sourceImage><sourceAnnotation>LabelMe Webtool</sourceAnnotation></source><object><name>tooth</name><deleted>0</deleted><verified>0</verified><occluded>no</occluded><attributes>17</attributes><parts><hasparts>8</hasparts><ispartof /></parts><date>13-01-22 19:21:52:565</date><id>0</id><type>bounding_box</type><polygon><username>anonymous</username><pt><x>242</x><y>15</y><time>13-01-22 19:21:43:939</time></pt><pt><x>716</x><y>15</y><time>13-01-22 19:21:46:706</time></pt><pt><x>716</x><y>549</y><time>undefined</time></pt><pt><x>242</x><y>549</y><time>undefined</time></pt><closed_date>13-01-22 19:21:46:707</closed_date></polygon></object><object><name>tooth</name><deleted>0</deleted><verified>0</verified><occluded>no</occluded><attributes>16</attributes><parts><hasparts>10,9</hasparts><ispartof /></parts><date>13-01-22 19:22:02:589</date><id>1</id><type>bounding_box</type><polygon><username>anonymous</username><pt><x>1161</x><y>566</y><time>13-01-22 19:21:54:780</time></pt><pt><x>673</x><y>566</y><time>13-01-22 19:21:57:630</time></pt><pt><x>673</x><y>22</y><time>undefined</time></pt><pt><x>1161</x><y>22</y><time>undefined</time></pt><closed_date>13-01-22 19:21:57:630</closed_date></polygon></object><object><name>tooth</name><deleted>0</deleted><verified>0</verified><occluded>no</occluded><attributes>15</attributes><parts><hasparts>11</hasparts><ispartof /></parts><date>13-01-22 19:22:10:680</date><id>2</id><type>bounding_box</type><polygon><username>anonymous</username><pt><x>1435</x><y>579</y><time>13-01-22 19:22:03:997</time></pt><pt><x>1093</x><y>579</y><time>13-01-22 19:22:06:380</time></pt><pt><x>1093</x><y>13</y><time>undefined</time></pt><pt><x>1435</x><y>13</y><time>undefined</time></pt><closed_date>13-01-22 19:22:06:380</closed_date></polygon></object><object><name>tooth</name><deleted>0</deleted><verified>0</verified><occluded>no</occluded><attributes>14</attributes><parts><hasparts /><ispartof /></parts><date>13-01-22 19:22:17:408</date><id>3</id><type>bounding_box</type><polygon><username>anonymous</username><pt><x>1603</x><y>579</y><time>13-01-22 19:22:12:030</time></pt><pt><x>1387</x><y>579</y><time>13-01-22 19:22:13:682</time></pt><pt><x>1387</x><y>17</y><time>undefined</time></pt><pt><x>1603</x><y>17</y><time>undefined</time></pt><closed_date>13-01-22 19:22:13:682</closed_date></polygon></object><object><name>tooth</name><deleted>0</deleted><verified>0</verified><occluded>no</occluded><attributes>44</attributes><parts><hasparts /><ispartof /></parts><date>13-01-22 19:22:26:768</date><id>4</id><type>bounding_box</type><polygon><username>anonymous</username><pt><x>1600</x><y>714</y><time>13-01-22 19:22:18:649</time></pt><pt><x>1461</x><y>714</y><time>13-01-22 19:22:20:810</time></pt><pt><x>1461</x><y>1193</y><time>undefined</time></pt><pt><x>1600</x><y>1193</y><time>undefined</time></pt><closed_date>13-01-22 19:22:20:810</closed_date></polygon></object><object><name>tooth</name><deleted>0</deleted><verified>0</verified><occluded>no</occluded><attributes>45</attributes><parts><hasparts /><ispartof /></parts><date>13-01-22 19:22:33:214</date><id>5</id><type>bounding_box</type><polygon><username>anonymous</username><pt><x>1143</x><y>706</y><time>13-01-22 19:22:27:730</time></pt><pt><x>1476</x><y>706</y><time>13-01-22 19:22:29:932</time></pt><pt><x>1476</x><y>1219</y><time>undefined</time></pt><pt><x>1143</x><y>1219</y><time>undefined</time></pt><closed_date>13-01-22 19:22:29:932</closed_date></polygon></object><object><name>tooth</name><deleted>0</deleted><verified>0</verified><occluded>no</occluded><attributes>46</attributes><parts><hasparts>13</hasparts><ispartof /></parts><date>13-01-22 19:22:44:038</date><id>6</id><type>bounding_box</type><polygon><username>anonymous</username><pt><x>675</x><y>682</y><time>13-01-22 19:22:35:197</time></pt><pt><x>1187</x><y>682</y><time>13-01-22 19:22:39:450</time></pt><pt><x>1187</x><y>1228</y><time>undefined</time></pt><pt><x>675</x><y>1228</y><time>undefined</time></pt><closed_date>13-01-22 19:22:39:450</closed_date></polygon></object><object><name>tooth</name><deleted>0</deleted><verified>0</verified><occluded>no</occluded><attributes>47</attributes><parts><hasparts>12</hasparts><ispartof /></parts><date>13-01-22 19:22:56:906</date><id>7</id><type>bounding_box</type><polygon><username>anonymous</username><pt><x>118</x><y>1228</y><time>13-01-22 19:22:50:593</time></pt><pt><x>699</x><y>1228</y><time>13-01-22 19:22:53:176</time></pt><pt><x>699</x><y>614</y><time>undefined</time></pt><pt><x>118</x><y>614</y><time>undefined</time></pt><closed_date>13-01-22 19:22:53:176</closed_date></polygon></object><object><name>restoration</name><deleted>0</deleted><verified>0</verified><occluded>no</occluded><attributes /><parts><hasparts /><ispartof>0</ispartof></parts><date>13-01-22 19:23:18:028</date><id>8</id><polygon><username>anonymous</username><pt><x>287</x><y>433</y><time>13-01-22 19:23:05:357</time></pt><pt><x>335</x><y>412</y><time>13-01-22 19:23:06:086</time></pt><pt><x>366</x><y>409</y><time>13-01-22 19:23:06:582</time></pt><pt><x>388</x><y>418</y><time>13-01-22 19:23:06:956</time></pt><pt><x>401</x><y>427</y><time>13-01-22 19:23:07:335</time></pt><pt><x>429</x><y>398</y><time>13-01-22 19:23:07:892</time></pt><pt><x>449</x><y>379</y><time>13-01-22 19:23:08:318</time></pt><pt><x>468</x><y>370</y><time>13-01-22 19:23:08:646</time></pt><pt><x>494</x><y>370</y><time>13-01-22 19:23:08:911</time></pt><pt><x>516</x><y>379</y><time>13-01-22 19:23:09:168</time></pt><pt><x>533</x><y>401</y><time>13-01-22 19:23:09:524</time></pt><pt><x>547</x><y>427</y><time>13-01-22 19:23:09:835</time></pt><pt><x>549</x><y>451</y><time>13-01-22 19:23:10:143</time></pt><pt><x>540</x><y>477</y><time>13-01-22 19:23:10:626</time></pt><pt><x>525</x><y>477</y><time>13-01-22 19:23:10:937</time></pt><pt><x>468</x><y>468</y><time>13-01-22 19:23:11:315</time></pt><pt><x>440</x><y>468</y><time>13-01-22 19:23:11:577</time></pt><pt><x>429</x><y>479</y><time>13-01-22 19:23:11:863</time></pt><pt><x>438</x><y>494</y><time>13-01-22 19:23:12:172</time></pt><pt><x>442</x><y>516</y><time>13-01-22 19:23:12:515</time></pt><pt><x>418</x><y>520</y><time>13-01-22 19:23:12:804</time></pt><pt><x>398</x><y>507</y><time>13-01-22 19:23:13:093</time></pt><pt><x>372</x><y>505</y><time>13-01-22 19:23:13:365</time></pt><pt><x>342</x><y>501</y><time>13-01-22 19:23:13:629</time></pt><pt><x>309</x><y>486</y><time>13-01-22 19:23:13:907</time></pt><pt><x>294</x><y>462</y><time>13-01-22 19:23:14:159</time></pt><closed_date>13-01-22 19:23:14:368</closed_date></polygon></object><object><name>restoration</name><deleted>0</deleted><verified>0</verified><occluded>no</occluded><attributes /><parts><hasparts /><ispartof>1</ispartof></parts><date>13-01-22 19:23:32:229</date><id>9</id><polygon><username>anonymous</username><pt><x>793</x><y>468</y><time>13-01-22 19:23:23:913</time></pt><pt><x>847</x><y>442</y><time>13-01-22 19:23:24:461</time></pt><pt><x>875</x><y>446</y><time>13-01-22 19:23:24:810</time></pt><pt><x>891</x><y>470</y><time>13-01-22 19:23:25:108</time></pt><pt><x>899</x><y>503</y><time>13-01-22 19:23:25:414</time></pt><pt><x>901</x><y>533</y><time>13-01-22 19:23:25:714</time></pt><pt><x>893</x><y>557</y><time>13-01-22 19:23:26:232</time></pt><pt><x>860</x><y>544</y><time>13-01-22 19:23:26:629</time></pt><pt><x>845</x><y>531</y><time>13-01-22 19:23:26:934</time></pt><pt><x>810</x><y>531</y><time>13-01-22 19:23:27:207</time></pt><pt><x>766</x><y>542</y><time>13-01-22 19:23:27:505</time></pt><pt><x>738</x><y>547</y><time>13-01-22 19:23:27:765</time></pt><pt><x>727</x><y>523</y><time>13-01-22 19:23:28:052</time></pt><pt><x>751</x><y>486</y><time>13-01-22 19:23:28:365</time></pt><closed_date>13-01-22 19:23:28:718</closed_date></polygon></object><object><name>restoration</name><deleted>0</deleted><verified>0</verified><occluded>no</occluded><attributes /><parts><hasparts /><ispartof>1</ispartof></parts><date>13-01-22 19:23:41:742</date><id>10</id><polygon><username>anonymous</username><pt><x>947</x><y>536</y><time>13-01-22 19:23:33:621</time></pt><pt><x>943</x><y>492</y><time>13-01-22 19:23:34:267</time></pt><pt><x>960</x><y>453</y><time>13-01-22 19:23:34:788</time></pt><pt><x>982</x><y>438</y><time>13-01-22 19:23:35:146</time></pt><pt><x>1021</x><y>473</y><time>13-01-22 19:23:35:543</time></pt><pt><x>1041</x><y>492</y><time>13-01-22 19:23:35:946</time></pt><pt><x>1054</x><y>512</y><time>13-01-22 19:23:36:324</time></pt><pt><x>1034</x><y>520</y><time>13-01-22 19:23:36:803</time></pt><pt><x>1015</x><y>525</y><time>13-01-22 19:23:37:139</time></pt><pt><x>999</x><y>538</y><time>13-01-22 19:23:37:451</time></pt><pt><x>969</x><y>540</y><time>13-01-22 19:23:37:918</time></pt><closed_date>13-01-22 19:23:38:307</closed_date></polygon></object><object><name>restoration</name><deleted>0</deleted><verified>0</verified><occluded>no</occluded><attributes /><parts><hasparts /><ispartof>2</ispartof></parts><date>13-01-22 19:23:51:555</date><id>11</id><polygon><username>anonymous</username><pt><x>1182</x><y>512</y><time>13-01-22 19:23:43:687</time></pt><pt><x>1200</x><y>499</y><time>13-01-22 19:23:44:180</time></pt><pt><x>1219</x><y>492</y><time>13-01-22 19:23:44:582</time></pt><pt><x>1235</x><y>481</y><time>13-01-22 19:23:44:980</time></pt><pt><x>1248</x><y>462</y><time>13-01-22 19:23:45:302</time></pt><pt><x>1283</x><y>457</y><time>13-01-22 19:23:45:602</time></pt><pt><x>1307</x><y>477</y><time>13-01-22 19:23:45:908</time></pt><pt><x>1350</x><y>499</y><time>13-01-22 19:23:46:318</time></pt><pt><x>1378</x><y>512</y><time>13-01-22 19:23:46:676</time></pt><pt><x>1361</x><y>525</y><time>13-01-22 19:23:47:045</time></pt><pt><x>1335</x><y>523</y><time>13-01-22 19:23:47:369</time></pt><pt><x>1304</x><y>516</y><time>13-01-22 19:23:47:652</time></pt><pt><x>1265</x><y>512</y><time>13-01-22 19:23:47:916</time></pt><pt><x>1206</x><y>512</y><time>13-01-22 19:23:48:221</time></pt><closed_date>13-01-22 19:23:48:509</closed_date></polygon></object><object><name>restoration</name><deleted>0</deleted><verified>0</verified><occluded>no</occluded><attributes /><parts><hasparts /><ispartof>7</ispartof></parts><date>13-01-22 19:24:00:480</date><id>12</id><polygon><username>anonymous</username><pt><x>503</x><y>684</y><time>13-01-22 19:23:52:580</time></pt><pt><x>457</x><y>712</y><time>13-01-22 19:23:53:129</time></pt><pt><x>451</x><y>738</y><time>13-01-22 19:23:53:442</time></pt><pt><x>462</x><y>764</y><time>13-01-22 19:23:53:691</time></pt><pt><x>486</x><y>784</y><time>13-01-22 19:23:53:945</time></pt><pt><x>516</x><y>790</y><time>13-01-22 19:23:54:200</time></pt><pt><x>553</x><y>793</y><time>13-01-22 19:23:54:780</time></pt><pt><x>573</x><y>788</y><time>13-01-22 19:23:55:068</time></pt><pt><x>603</x><y>749</y><time>13-01-22 19:23:55:359</time></pt><pt><x>640</x><y>708</y><time>13-01-22 19:23:55:735</time></pt><pt><x>647</x><y>688</y><time>13-01-22 19:23:56:019</time></pt><pt><x>627</x><y>677</y><time>13-01-22 19:23:56:307</time></pt><pt><x>592</x><y>675</y><time>13-01-22 19:23:56:544</time></pt><pt><x>560</x><y>677</y><time>13-01-22 19:23:56:769</time></pt><pt><x>531</x><y>679</y><time>13-01-22 19:23:57:017</time></pt><closed_date>13-01-22 19:23:57:303</closed_date></polygon></object><object><name>restoration</name><deleted>0</deleted><verified>0</verified><occluded>no</occluded><attributes /><parts><hasparts /><ispartof>6</ispartof></parts><date>13-01-22 19:24:10:320</date><id>13</id><polygon><username>anonymous</username><pt><x>832</x><y>786</y><time>13-01-22 19:24:03:565</time></pt><pt><x>871</x><y>814</y><time>13-01-22 19:24:04:114</time></pt><pt><x>915</x><y>817</y><time>13-01-22 19:24:04:442</time></pt><pt><x>954</x><y>819</y><time>13-01-22 19:24:04:753</time></pt><pt><x>973</x><y>795</y><time>13-01-22 19:24:05:062</time></pt><pt><x>989</x><y>756</y><time>13-01-22 19:24:05:351</time></pt><pt><x>991</x><y>725</y><time>13-01-22 19:24:05:653</time></pt><pt><x>967</x><y>723</y><time>13-01-22 19:24:05:930</time></pt><pt><x>923</x><y>736</y><time>13-01-22 19:24:06:210</time></pt><pt><x>893</x><y>743</y><time>13-01-22 19:24:06:495</time></pt><pt><x>862</x><y>736</y><time>13-01-22 19:24:06:748</time></pt><pt><x>838</x><y>740</y><time>13-01-22 19:24:07:027</time></pt><pt><x>836</x><y>762</y><time>13-01-22 19:24:07:284</time></pt><closed_date>13-01-22 19:24:07:555</closed_date></polygon></object><imagesize><nrows /><ncols /></imagesize></annotation>