<?xml version='1.0' encoding='UTF-8'?>
<annotation><filename>16.jpg</filename><folder>segmentation_xray</folder><source><sourceImage>The MIT-CSAIL database of objects and scenes</sourceImage><sourceAnnotation>LabelMe Webtool</sourceAnnotation></source><object><name>tooth 47</name><deleted>0</deleted><verified>0</verified><occluded>no</occluded><attributes /><parts><hasparts /><ispartof>1</ispartof></parts><date>06-12-21 10:56:59:045</date><id>0</id><type>bounding_box</type><polygon><username>anonymous</username><pt><x>2</x><y>260</y><time>06-12-21 10:56:51:127</time></pt><pt><x>547</x><y>260</y><time>06-12-21 10:56:53:859</time></pt><pt><x>547</x><y>711</y><time>undefined</time></pt><pt><x>2</x><y>711</y><time>undefined</time></pt><closed_date>06-12-21 10:56:53:860</closed_date></polygon></object><object><name>tooth 45</name><deleted>1</deleted><verified>0</verified><occluded>no</occluded><attributes /><parts><hasparts>1,2</hasparts><ispartof>1</ispartof></parts><date>06-12-21 10:57:11:384</date><id>1</id><type>bounding_box</type><polygon><username>anonymous</username><pt><x>743</x><y>545</y><time>06-12-21 10:57:01:349</time></pt><pt><x>1081</x><y>545</y><time>06-12-21 10:57:08:130</time></pt><pt><x>1081</x><y>943</y><time>undefined</time></pt><pt><x>743</x><y>943</y><time>undefined</time></pt><closed_date>06-12-21 10:57:08:131</closed_date></polygon></object><object><name>tooth 44</name><deleted>1</deleted><verified>0</verified><occluded>no</occluded><attributes /><parts><hasparts /><ispartof>1</ispartof></parts><date>06-12-21 10:57:20:118</date><id>2</id><type>bounding_box</type><polygon><username>anonymous</username><pt><x>1037</x><y>612</y><time>06-12-21 10:57:13:453</time></pt><pt><x>1219</x><y>612</y><time>06-12-21 10:57:16:855</time></pt><pt><x>1219</x><y>929</y><time>undefined</time></pt><pt><x>1037</x><y>929</y><time>undefined</time></pt><closed_date>06-12-21 10:57:16:856</closed_date></polygon></object><object><name>tooth 45</name><deleted>0</deleted><verified>0</verified><occluded>no</occluded><attributes /><parts><hasparts>10</hasparts><ispartof /></parts><date>06-12-21 10:57:59:229</date><id>3</id><type>bounding_box</type><polygon><username>anonymous</username><pt><x>683</x><y>563</y><time>06-12-21 10:57:50:804</time></pt><pt><x>1097</x><y>563</y><time>06-12-21 10:57:52:899</time></pt><pt><x>1097</x><y>950</y><time>undefined</time></pt><pt><x>683</x><y>950</y><time>undefined</time></pt><closed_date>06-12-21 10:57:52:899</closed_date></polygon></object><object><name>tooth 44</name><deleted>0</deleted><verified>0</verified><occluded>no</occluded><attributes /><parts><hasparts /><ispartof /></parts><date>06-12-21 10:58:08:523</date><id>4</id><type>bounding_box</type><polygon><username>anonymous</username><pt><x>991</x><y>605</y><time>06-12-21 10:58:00:905</time></pt><pt><x>1217</x><y>605</y><time>06-12-21 10:58:03:559</time></pt><pt><x>1217</x><y>946</y><time>undefined</time></pt><pt><x>991</x><y>946</y><time>undefined</time></pt><closed_date>06-12-21 10:58:03:559</closed_date></polygon></object><object><name>tooth 17</name><deleted>0</deleted><verified>0</verified><occluded>no</occluded><attributes /><parts><hasparts>9</hasparts><ispartof /></parts><date>06-12-21 10:58:26:182</date><id>5</id><type>bounding_box</type><polygon><username>anonymous</username><pt><x>331</x><y>301</y><time>06-12-21 10:58:20:676</time></pt><pt><x>670</x><y>301</y><time>06-12-21 10:58:22:787</time></pt><pt><x>670</x><y>4</y><time>undefined</time></pt><pt><x>331</x><y>4</y><time>undefined</time></pt><closed_date>06-12-21 10:58:22:787</closed_date></polygon></object><object><name>tooth 16</name><deleted>0</deleted><verified>0</verified><occluded>no</occluded><attributes /><parts><hasparts /><ispartof /></parts><date>06-12-21 10:58:33:056</date><id>6</id><type>bounding_box</type><polygon><username>anonymous</username><pt><x>619</x><y>485</y><time>06-12-21 10:58:27:900</time></pt><pt><x>1001</x><y>485</y><time>06-12-21 10:58:29:349</time></pt><pt><x>1001</x><y>1</y><time>undefined</time></pt><pt><x>619</x><y>1</y><time>undefined</time></pt><closed_date>06-12-21 10:58:29:350</closed_date></polygon></object><object><name>tooth 15</name><deleted>0</deleted><verified>0</verified><occluded>no</occluded><attributes /><parts><hasparts /><ispartof /></parts><date>06-12-21 10:58:39:382</date><id>7</id><type>bounding_box</type><polygon><username>anonymous</username><pt><x>941</x><y>490</y><time>06-12-21 10:58:34:697</time></pt><pt><x>1171</x><y>490</y><time>06-12-21 10:58:36:417</time></pt><pt><x>1171</x><y>1</y><time>undefined</time></pt><pt><x>941</x><y>1</y><time>undefined</time></pt><closed_date>06-12-21 10:58:36:417</closed_date></polygon></object><object><name>tooth 14</name><deleted>0</deleted><verified>0</verified><occluded>no</occluded><attributes /><parts><hasparts /><ispartof /></parts><date>06-12-21 10:58:53:445</date><id>8</id><type>bounding_box</type><polygon><username>anonymous</username><pt><x>1159</x><y>502</y><time>06-12-21 10:58:45:721</time></pt><pt><x>1219</x><y>502</y><time>06-12-21 10:58:48:698</time></pt><pt><x>1219</x><y>111</y><time>undefined</time></pt><pt><x>1159</x><y>111</y><time>undefined</time></pt><closed_date>06-12-21 10:58:48:698</closed_date></polygon></object><object><name>restoration</name><deleted>0</deleted><verified>0</verified><occluded>no</occluded><attributes /><parts><hasparts /><ispartof>5</ispartof></parts><date>06-12-21 10:59:37:505</date><id>9</id><polygon><username>anonymous</username><pt><x>380</x><y>149</y><time>06-12-21 10:59:20:625</time></pt><pt><x>387</x><y>115</y><time>06-12-21 10:59:21:263</time></pt><pt><x>405</x><y>108</y><time>06-12-21 10:59:21:813</time></pt><pt><x>432</x><y>133</y><time>06-12-21 10:59:22:251</time></pt><pt><x>451</x><y>165</y><time>06-12-21 10:59:22:795</time></pt><pt><x>464</x><y>173</y><time>06-12-21 10:59:23:606</time></pt><pt><x>474</x><y>157</y><time>06-12-21 10:59:24:068</time></pt><pt><x>490</x><y>156</y><time>06-12-21 10:59:24:507</time></pt><pt><x>506</x><y>159</y><time>06-12-21 10:59:24:917</time></pt><pt><x>517</x><y>175</y><time>06-12-21 10:59:25:239</time></pt><pt><x>518</x><y>182</y><time>06-12-21 10:59:25:449</time></pt><pt><x>532</x><y>177</y><time>06-12-21 10:59:25:783</time></pt><pt><x>541</x><y>177</y><time>06-12-21 10:59:26:037</time></pt><pt><x>548</x><y>188</y><time>06-12-21 10:59:26:278</time></pt><pt><x>559</x><y>198</y><time>06-12-21 10:59:26:495</time></pt><pt><x>609</x><y>232</y><time>06-12-21 10:59:27:437</time></pt><pt><x>619</x><y>255</y><time>06-12-21 10:59:27:973</time></pt><pt><x>586</x><y>292</y><time>06-12-21 10:59:28:798</time></pt><pt><x>550</x><y>269</y><time>06-12-21 10:59:29:855</time></pt><pt><x>518</x><y>249</y><time>06-12-21 10:59:30:486</time></pt><pt><x>494</x><y>218</y><time>06-12-21 10:59:31:150</time></pt><pt><x>456</x><y>221</y><time>06-12-21 10:59:32:027</time></pt><pt><x>433</x><y>225</y><time>06-12-21 10:59:32:586</time></pt><pt><x>419</x><y>219</y><time>06-12-21 10:59:33:037</time></pt><pt><x>389</x><y>205</y><time>06-12-21 10:59:33:471</time></pt><pt><x>382</x><y>179</y><time>06-12-21 10:59:33:955</time></pt><closed_date>06-12-21 10:59:34:500</closed_date></polygon></object><object><name>restoration</name><deleted>0</deleted><verified>0</verified><occluded>no</occluded><attributes /><parts><hasparts /><ispartof>3</ispartof></parts><date>06-12-21 11:00:52:968</date><id>10</id><polygon><username>anonymous</username><pt><x>867</x><y>658</y><time>06-12-21 11:00:42:284</time></pt><pt><x>888</x><y>672</y><time>06-12-21 11:00:43:082</time></pt><pt><x>908</x><y>681</y><time>06-12-21 11:00:43:579</time></pt><pt><x>931</x><y>679</y><time>06-12-21 11:00:44:031</time></pt><pt><x>948</x><y>676</y><time>06-12-21 11:00:44:437</time></pt><pt><x>964</x><y>644</y><time>06-12-21 11:00:45:197</time></pt><pt><x>977</x><y>616</y><time>06-12-21 11:00:45:814</time></pt><pt><x>996</x><y>614</y><time>06-12-21 11:00:46:277</time></pt><pt><x>1005</x><y>601</y><time>06-12-21 11:00:46:926</time></pt><pt><x>980</x><y>589</y><time>06-12-21 11:00:47:476</time></pt><pt><x>952</x><y>578</y><time>06-12-21 11:00:47:926</time></pt><pt><x>909</x><y>605</y><time>06-12-21 11:00:48:486</time></pt><pt><x>888</x><y>628</y><time>06-12-21 11:00:49:125</time></pt><closed_date>06-12-21 11:00:49:917</closed_date></polygon></object><imagesize><nrows /><ncols /></imagesize></annotation>