<?xml version='1.0' encoding='UTF-8'?>
<annotation><filename>17.jpg</filename><folder>segmentation_xray</folder><source><sourceImage>The MIT-CSAIL database of objects and scenes</sourceImage><sourceAnnotation>LabelMe Webtool</sourceAnnotation></source><object><name>tooth 27</name><deleted>0</deleted><verified>0</verified><occluded>no</occluded><attributes /><parts><hasparts /><ispartof /></parts><date>13-01-22 11:34:07:283</date><id>0</id><type>bounding_box</type><polygon><username>anonymous</username><pt><x>1008</x><y>393</y><time>13-01-22 11:34:02:181</time></pt><pt><x>1215</x><y>393</y><time>13-01-22 11:34:04:443</time></pt><pt><x>1215</x><y>12</y><time>undefined</time></pt><pt><x>1008</x><y>12</y><time>undefined</time></pt><closed_date>13-01-22 11:34:04:444</closed_date></polygon></object><object><name>tooth 26</name><deleted>0</deleted><verified>0</verified><occluded>no</occluded><attributes /><parts><hasparts>14,15,18</hasparts><ispartof /></parts><date>13-01-22 11:34:14:860</date><id>1</id><type>bounding_box</type><polygon><username>anonymous</username><pt><x>701</x><y>357</y><time>13-01-22 11:34:08:805</time></pt><pt><x>1026</x><y>357</y><time>13-01-22 11:34:11:835</time></pt><pt><x>1026</x><y>0</y><time>undefined</time></pt><pt><x>701</x><y>0</y><time>undefined</time></pt><closed_date>13-01-22 11:34:11:835</closed_date></polygon></object><object><name>tooth 25</name><deleted>0</deleted><verified>0</verified><occluded>no</occluded><attributes /><parts><hasparts>16</hasparts><ispartof /></parts><date>13-01-22 11:34:22:451</date><id>2</id><type>bounding_box</type><polygon><username>anonymous</username><pt><x>492</x><y>359</y><time>13-01-22 11:34:17:822</time></pt><pt><x>724</x><y>359</y><time>13-01-22 11:34:20:116</time></pt><pt><x>724</x><y>5</y><time>undefined</time></pt><pt><x>492</x><y>5</y><time>undefined</time></pt><closed_date>13-01-22 11:34:20:116</closed_date></polygon></object><object><name>tooth 24</name><deleted>0</deleted><verified>0</verified><occluded>no</occluded><attributes /><parts><hasparts>17</hasparts><ispartof /></parts><date>13-01-22 11:34:31:919</date><id>3</id><type>bounding_box</type><polygon><username>anonymous</username><pt><x>264</x><y>370</y><time>13-01-22 11:34:25:386</time></pt><pt><x>515</x><y>370</y><time>13-01-22 11:34:28:023</time></pt><pt><x>515</x><y>2</y><time>undefined</time></pt><pt><x>264</x><y>2</y><time>undefined</time></pt><closed_date>13-01-22 11:34:28:023</closed_date></polygon></object><object><name>tooth 23</name><deleted>0</deleted><verified>0</verified><occluded>no</occluded><attributes /><parts><hasparts /><ispartof /></parts><date>13-01-22 11:34:41:821</date><id>4</id><type>bounding_box</type><polygon><username>anonymous</username><pt><x>5</x><y>373</y><time>13-01-22 11:34:36:715</time></pt><pt><x>311</x><y>373</y><time>13-01-22 11:34:38:601</time></pt><pt><x>311</x><y>2</y><time>undefined</time></pt><pt><x>5</x><y>2</y><time>undefined</time></pt><closed_date>13-01-22 11:34:38:602</closed_date></polygon></object><object><name>tooth 38</name><deleted>0</deleted><verified>0</verified><occluded>no</occluded><attributes /><parts><hasparts>10</hasparts><ispartof /></parts><date>13-01-22 11:34:52:715</date><id>5</id><type>bounding_box</type><polygon><username>anonymous</username><pt><x>925</x><y>442</y><time>13-01-22 11:34:44:337</time></pt><pt><x>1219</x><y>442</y><time>13-01-22 11:34:47:503</time></pt><pt><x>1219</x><y>885</y><time>undefined</time></pt><pt><x>925</x><y>885</y><time>undefined</time></pt><closed_date>13-01-22 11:34:47:503</closed_date></polygon></object><object><name>tooth 36</name><deleted>0</deleted><verified>0</verified><occluded>no</occluded><attributes /><parts><hasparts>11,12</hasparts><ispartof /></parts><date>13-01-22 11:35:00:755</date><id>6</id><type>bounding_box</type><polygon><username>anonymous</username><pt><x>492</x><y>432</y><time>13-01-22 11:34:54:691</time></pt><pt><x>908</x><y>432</y><time>13-01-22 11:34:58:067</time></pt><pt><x>908</x><y>948</y><time>undefined</time></pt><pt><x>492</x><y>948</y><time>undefined</time></pt><closed_date>13-01-22 11:34:58:067</closed_date></polygon></object><object><name>tooth 35</name><deleted>0</deleted><verified>0</verified><occluded>no</occluded><attributes /><parts><hasparts /><ispartof /></parts><date>13-01-22 11:35:08:796</date><id>7</id><type>bounding_box</type><polygon><username>anonymous</username><pt><x>264</x><y>441</y><time>13-01-22 11:35:02:564</time></pt><pt><x>518</x><y>441</y><time>13-01-22 11:35:04:729</time></pt><pt><x>518</x><y>941</y><time>undefined</time></pt><pt><x>264</x><y>941</y><time>undefined</time></pt><closed_date>13-01-22 11:35:04:730</closed_date></polygon></object><object><name>tooth 34</name><deleted>0</deleted><verified>0</verified><occluded>no</occluded><attributes /><parts><hasparts>13</hasparts><ispartof /></parts><date>13-01-22 11:35:14:624</date><id>8</id><type>bounding_box</type><polygon><username>anonymous</username><pt><x>39</x><y>432</y><time>13-01-22 11:35:10:836</time></pt><pt><x>285</x><y>432</y><time>13-01-22 11:35:12:153</time></pt><pt><x>285</x><y>948</y><time>undefined</time></pt><pt><x>39</x><y>948</y><time>undefined</time></pt><closed_date>13-01-22 11:35:12:154</closed_date></polygon></object><object><name>tooth 33</name><deleted>0</deleted><verified>0</verified><occluded>no</occluded><attributes /><parts><hasparts /><ispartof /></parts><date>13-01-22 11:35:22:366</date><id>9</id><type>bounding_box</type><polygon><username>anonymous</username><pt><x>2</x><y>460</y><time>13-01-22 11:35:18:686</time></pt><pt><x>138</x><y>460</y><time>13-01-22 11:35:19:928</time></pt><pt><x>138</x><y>934</y><time>undefined</time></pt><pt><x>2</x><y>934</y><time>undefined</time></pt><closed_date>13-01-22 11:35:19:928</closed_date></polygon></object><object><name>restoration</name><deleted>0</deleted><verified>0</verified><occluded>no</occluded><attributes /><parts><hasparts /><ispartof>5</ispartof></parts><date>13-01-22 11:35:42:836</date><id>10</id><polygon><username>anonymous</username><pt><x>1038</x><y>571</y><time>13-01-22 11:35:29:342</time></pt><pt><x>1042</x><y>601</y><time>13-01-22 11:35:29:989</time></pt><pt><x>1072</x><y>647</y><time>13-01-22 11:35:30:877</time></pt><pt><x>1072</x><y>640</y><time>13-01-22 11:35:31:201</time></pt><pt><x>1123</x><y>616</y><time>13-01-22 11:35:31:822</time></pt><pt><x>1146</x><y>584</y><time>13-01-22 11:35:32:375</time></pt><pt><x>1132</x><y>550</y><time>13-01-22 11:35:33:006</time></pt><pt><x>1132</x><y>532</y><time>13-01-22 11:35:33:672</time></pt><pt><x>1176</x><y>531</y><time>13-01-22 11:35:34:496</time></pt><pt><x>1192</x><y>471</y><time>13-01-22 11:35:35:314</time></pt><pt><x>1136</x><y>486</y><time>13-01-22 11:35:36:082</time></pt><pt><x>1084</x><y>511</y><time>13-01-22 11:35:36:684</time></pt><pt><x>1046</x><y>515</y><time>13-01-22 11:35:37:283</time></pt><pt><x>987</x><y>529</y><time>13-01-22 11:35:38:025</time></pt><pt><x>964</x><y>543</y><time>13-01-22 11:35:38:584</time></pt><pt><x>973</x><y>554</y><time>13-01-22 11:35:39:093</time></pt><pt><x>989</x><y>561</y><time>13-01-22 11:35:39:589</time></pt><pt><x>994</x><y>564</y><time>13-01-22 11:35:39:950</time></pt><pt><x>994</x><y>564</y><time>13-01-22 11:35:40:302</time></pt><closed_date>13-01-22 11:35:40:932</closed_date></polygon></object><object><name>restoration</name><deleted>0</deleted><verified>0</verified><occluded>no</occluded><attributes /><parts><hasparts /><ispartof>6</ispartof></parts><date>13-01-22 11:36:12:243</date><id>11</id><polygon><username>anonymous</username><pt><x>734</x><y>508</y><time>13-01-22 11:36:02:306</time></pt><pt><x>747</x><y>534</y><time>13-01-22 11:36:03:017</time></pt><pt><x>762</x><y>525</y><time>13-01-22 11:36:03:627</time></pt><pt><x>778</x><y>527</y><time>13-01-22 11:36:04:176</time></pt><pt><x>778</x><y>563</y><time>13-01-22 11:36:04:783</time></pt><pt><x>812</x><y>584</y><time>13-01-22 11:36:05:509</time></pt><pt><x>837</x><y>578</y><time>13-01-22 11:36:06:112</time></pt><pt><x>858</x><y>555</y><time>13-01-22 11:36:06:709</time></pt><pt><x>858</x><y>495</y><time>13-01-22 11:36:07:377</time></pt><pt><x>828</x><y>465</y><time>13-01-22 11:36:08:224</time></pt><pt><x>782</x><y>469</y><time>13-01-22 11:36:08:894</time></pt><pt><x>720</x><y>479</y><time>13-01-22 11:36:09:578</time></pt><closed_date>13-01-22 11:36:10:215</closed_date></polygon></object><object><name>restoration</name><deleted>0</deleted><verified>0</verified><occluded>no</occluded><attributes /><parts><hasparts /><ispartof>6</ispartof></parts><date>13-01-22 11:36:33:197</date><id>12</id><polygon><username>anonymous</username><pt><x>678</x><y>548</y><time>13-01-22 11:36:16:382</time></pt><pt><x>695</x><y>524</y><time>13-01-22 11:36:17:073</time></pt><pt><x>727</x><y>509</y><time>13-01-22 11:36:17:757</time></pt><pt><x>725</x><y>495</y><time>13-01-22 11:36:18:362</time></pt><pt><x>693</x><y>497</y><time>13-01-22 11:36:19:881</time></pt><pt><x>693</x><y>481</y><time>13-01-22 11:36:20:550</time></pt><pt><x>670</x><y>467</y><time>13-01-22 11:36:21:243</time></pt><pt><x>644</x><y>453</y><time>13-01-22 11:36:21:988</time></pt><pt><x>614</x><y>453</y><time>13-01-22 11:36:22:774</time></pt><pt><x>575</x><y>469</y><time>13-01-22 11:36:23:434</time></pt><pt><x>540</x><y>478</y><time>13-01-22 11:36:24:334</time></pt><pt><x>518</x><y>481</y><time>13-01-22 11:36:25:052</time></pt><pt><x>504</x><y>508</y><time>13-01-22 11:36:25:755</time></pt><pt><x>506</x><y>547</y><time>13-01-22 11:36:26:388</time></pt><pt><x>522</x><y>577</y><time>13-01-22 11:36:26:989</time></pt><pt><x>529</x><y>584</y><time>13-01-22 11:36:27:616</time></pt><pt><x>557</x><y>587</y><time>13-01-22 11:36:28:293</time></pt><pt><x>586</x><y>584</y><time>13-01-22 11:36:29:001</time></pt><pt><x>601</x><y>548</y><time>13-01-22 11:36:29:751</time></pt><pt><x>651</x><y>563</y><time>13-01-22 11:36:30:490</time></pt><closed_date>13-01-22 11:36:31:210</closed_date></polygon></object><object><name>restoration</name><deleted>0</deleted><verified>0</verified><occluded>no</occluded><attributes /><parts><hasparts /><ispartof>8</ispartof></parts><date>13-01-22 11:37:03:041</date><id>13</id><polygon><username>anonymous</username><pt><x>143</x><y>509</y><time>13-01-22 11:36:53:575</time></pt><pt><x>189</x><y>520</y><time>13-01-22 11:36:54:171</time></pt><pt><x>223</x><y>531</y><time>13-01-22 11:36:54:743</time></pt><pt><x>221</x><y>566</y><time>13-01-22 11:36:55:394</time></pt><pt><x>248</x><y>587</y><time>13-01-22 11:36:55:966</time></pt><pt><x>278</x><y>584</y><time>13-01-22 11:36:56:588</time></pt><pt><x>290</x><y>543</y><time>13-01-22 11:36:57:180</time></pt><pt><x>283</x><y>506</y><time>13-01-22 11:36:57:832</time></pt><pt><x>248</x><y>492</y><time>13-01-22 11:36:58:372</time></pt><pt><x>214</x><y>486</y><time>13-01-22 11:36:58:928</time></pt><pt><x>180</x><y>476</y><time>13-01-22 11:36:59:478</time></pt><pt><x>150</x><y>486</y><time>13-01-22 11:36:59:983</time></pt><closed_date>13-01-22 11:37:00:552</closed_date></polygon></object><object><name>restoration</name><deleted>0</deleted><verified>0</verified><occluded>no</occluded><attributes /><parts><hasparts /><ispartof>1</ispartof></parts><date>13-01-22 11:37:19:289</date><id>14</id><polygon><username>anonymous</username><pt><x>830</x><y>265</y><time>13-01-22 11:37:11:511</time></pt><pt><x>846</x><y>241</y><time>13-01-22 11:37:12:338</time></pt><pt><x>876</x><y>232</y><time>13-01-22 11:37:12:911</time></pt><pt><x>897</x><y>246</y><time>13-01-22 11:37:13:471</time></pt><pt><x>895</x><y>292</y><time>13-01-22 11:37:14:141</time></pt><pt><x>890</x><y>322</y><time>13-01-22 11:37:14:764</time></pt><pt><x>847</x><y>318</y><time>13-01-22 11:37:15:329</time></pt><pt><x>817</x><y>306</y><time>13-01-22 11:37:16:093</time></pt><closed_date>13-01-22 11:37:16:924</closed_date></polygon></object><object><name>restoration</name><deleted>0</deleted><verified>0</verified><occluded>no</occluded><attributes /><parts><hasparts /><ispartof>1</ispartof></parts><date>13-01-22 11:37:33:447</date><id>15</id><polygon><username>anonymous</username><pt><x>801</x><y>228</y><time>13-01-22 11:37:24:423</time></pt><pt><x>784</x><y>191</y><time>13-01-22 11:37:25:108</time></pt><pt><x>750</x><y>198</y><time>13-01-22 11:37:25:660</time></pt><pt><x>743</x><y>219</y><time>13-01-22 11:37:26:230</time></pt><pt><x>709</x><y>221</y><time>13-01-22 11:37:26:771</time></pt><pt><x>702</x><y>281</y><time>13-01-22 11:37:27:729</time></pt><pt><x>708</x><y>320</y><time>13-01-22 11:37:28:341</time></pt><pt><x>764</x><y>304</y><time>13-01-22 11:37:29:490</time></pt><pt><x>810</x><y>311</y><time>13-01-22 11:37:30:112</time></pt><pt><x>814</x><y>272</y><time>13-01-22 11:37:30:761</time></pt><closed_date>13-01-22 11:37:31:558</closed_date></polygon></object><object><name>restoration</name><deleted>0</deleted><verified>0</verified><occluded>no</occluded><attributes /><parts><hasparts /><ispartof>2</ispartof></parts><date>13-01-22 11:37:53:643</date><id>16</id><polygon><username>anonymous</username><pt><x>570</x><y>271</y><time>13-01-22 11:37:43:808</time></pt><pt><x>584</x><y>242</y><time>13-01-22 11:37:44:589</time></pt><pt><x>626</x><y>242</y><time>13-01-22 11:37:45:169</time></pt><pt><x>626</x><y>257</y><time>13-01-22 11:37:45:755</time></pt><pt><x>649</x><y>244</y><time>13-01-22 11:37:46:280</time></pt><pt><x>655</x><y>228</y><time>13-01-22 11:37:46:888</time></pt><pt><x>670</x><y>235</y><time>13-01-22 11:37:47:455</time></pt><pt><x>672</x><y>260</y><time>13-01-22 11:37:47:929</time></pt><pt><x>679</x><y>288</y><time>13-01-22 11:37:48:560</time></pt><pt><x>644</x><y>290</y><time>13-01-22 11:37:49:132</time></pt><pt><x>614</x><y>297</y><time>13-01-22 11:37:49:691</time></pt><pt><x>603</x><y>297</y><time>13-01-22 11:37:50:069</time></pt><pt><x>580</x><y>297</y><time>13-01-22 11:37:50:525</time></pt><pt><x>570</x><y>297</y><time>13-01-22 11:37:51:034</time></pt><closed_date>13-01-22 11:37:51:528</closed_date></polygon></object><object><name>restoration</name><deleted>0</deleted><verified>0</verified><occluded>no</occluded><attributes /><parts><hasparts /><ispartof>3</ispartof></parts><date>13-01-22 11:38:22:102</date><id>17</id><polygon><username>anonymous</username><pt><x>373</x><y>276</y><time>13-01-22 11:38:14:348</time></pt><pt><x>354</x><y>239</y><time>13-01-22 11:38:15:058</time></pt><pt><x>347</x><y>218</y><time>13-01-22 11:38:15:744</time></pt><pt><x>310</x><y>218</y><time>13-01-22 11:38:16:301</time></pt><pt><x>283</x><y>226</y><time>13-01-22 11:38:16:819</time></pt><pt><x>281</x><y>271</y><time>13-01-22 11:38:17:337</time></pt><pt><x>297</x><y>294</y><time>13-01-22 11:38:17:868</time></pt><pt><x>326</x><y>294</y><time>13-01-22 11:38:18:398</time></pt><pt><x>363</x><y>308</y><time>13-01-22 11:38:18:949</time></pt><pt><x>384</x><y>295</y><time>13-01-22 11:38:19:641</time></pt><closed_date>13-01-22 11:38:20:193</closed_date></polygon></object><object><name>restoration</name><deleted>0</deleted><verified>0</verified><occluded>no</occluded><attributes /><parts><hasparts /><ispartof>1</ispartof></parts><date>13-01-22 11:38:34:751</date><id>18</id><polygon><username>anonymous</username><pt><x>904</x><y>280</y><time>13-01-22 11:38:27:981</time></pt><pt><x>922</x><y>251</y><time>13-01-22 11:38:28:596</time></pt><pt><x>950</x><y>242</y><time>13-01-22 11:38:29:159</time></pt><pt><x>982</x><y>253</y><time>13-01-22 11:38:29:726</time></pt><pt><x>992</x><y>269</y><time>13-01-22 11:38:30:335</time></pt><pt><x>975</x><y>287</y><time>13-01-22 11:38:30:937</time></pt><pt><x>932</x><y>295</y><time>13-01-22 11:38:31:545</time></pt><pt><x>904</x><y>310</y><time>13-01-22 11:38:32:188</time></pt><closed_date>13-01-22 11:38:32:821</closed_date></polygon></object><imagesize><nrows /><ncols /></imagesize></annotation>