<?xml version='1.0' encoding='UTF-8'?>
<annotation><filename>18.jpg</filename><folder>segmentation_xray</folder><source><sourceImage>The MIT-CSAIL database of objects and scenes</sourceImage><sourceAnnotation>LabelMe Webtool</sourceAnnotation></source><object><name>tooth</name><deleted>0</deleted><verified>0</verified><occluded>no</occluded><attributes>27</attributes><parts><hasparts>12</hasparts><ispartof /></parts><date>14-12-21 18:51:16:250</date><id>0</id><type>bounding_box</type><polygon><username>anonymous</username><pt><x>898</x><y>389</y><time>14-12-21 18:51:05:285</time></pt><pt><x>1192</x><y>389</y><time>14-12-21 18:51:07:697</time></pt><pt><x>1192</x><y>0</y><time>undefined</time></pt><pt><x>898</x><y>0</y><time>undefined</time></pt><closed_date>14-12-21 18:51:07:698</closed_date></polygon></object><object><name>tooth</name><deleted>0</deleted><verified>0</verified><occluded>no</occluded><attributes>26</attributes><parts><hasparts>11</hasparts><ispartof /></parts><date>14-12-21 18:51:27:656</date><id>1</id><type>bounding_box</type><polygon><username>anonymous</username><pt><x>549</x><y>397</y><time>14-12-21 18:51:19:899</time></pt><pt><x>900</x><y>397</y><time>14-12-21 18:51:22:817</time></pt><pt><x>900</x><y>8</y><time>undefined</time></pt><pt><x>549</x><y>8</y><time>undefined</time></pt><closed_date>14-12-21 18:51:22:818</closed_date></polygon></object><object><name>tooth</name><deleted>0</deleted><verified>0</verified><occluded>no</occluded><attributes>25</attributes><parts><hasparts /><ispartof /></parts><date>14-12-21 18:51:43:138</date><id>2</id><type>bounding_box</type><polygon><username>anonymous</username><pt><x>366</x><y>357</y><time>14-12-21 18:51:31:739</time></pt><pt><x>579</x><y>357</y><time>14-12-21 18:51:34:633</time></pt><pt><x>579</x><y>0</y><time>undefined</time></pt><pt><x>366</x><y>0</y><time>undefined</time></pt><closed_date>14-12-21 18:51:34:633</closed_date></polygon></object><object><name>tooth</name><deleted>0</deleted><verified>0</verified><occluded>no</occluded><attributes>24</attributes><parts><hasparts /><ispartof /></parts><date>14-12-21 18:51:55:194</date><id>3</id><type>bounding_box</type><polygon><username>anonymous</username><pt><x>160</x><y>321</y><time>14-12-21 18:51:47:712</time></pt><pt><x>406</x><y>321</y><time>14-12-21 18:51:50:843</time></pt><pt><x>406</x><y>0</y><time>undefined</time></pt><pt><x>160</x><y>0</y><time>undefined</time></pt><closed_date>14-12-21 18:51:50:843</closed_date></polygon></object><object><name>tooth</name><deleted>0</deleted><verified>0</verified><occluded>no</occluded><attributes>23</attributes><parts><hasparts /><ispartof /></parts><date>14-12-21 18:52:06:161</date><id>4</id><type>bounding_box</type><polygon><username>anonymous</username><pt><x>5</x><y>292</y><time>14-12-21 18:51:57:498</time></pt><pt><x>230</x><y>292</y><time>14-12-21 18:51:59:786</time></pt><pt><x>230</x><y>2</y><time>undefined</time></pt><pt><x>5</x><y>2</y><time>undefined</time></pt><closed_date>14-12-21 18:51:59:787</closed_date></polygon></object><object><name>tooth</name><deleted>0</deleted><verified>0</verified><occluded>no</occluded><attributes>36</attributes><parts><hasparts>14,15,16</hasparts><ispartof /></parts><date>14-12-21 18:52:28:129</date><id>5</id><type>bounding_box</type><polygon><username>anonymous</username><pt><x>491</x><y>422</y><time>14-12-21 18:52:17:099</time></pt><pt><x>900</x><y>422</y><time>14-12-21 18:52:19:667</time></pt><pt><x>900</x><y>948</y><time>undefined</time></pt><pt><x>491</x><y>948</y><time>undefined</time></pt><closed_date>14-12-21 18:52:19:667</closed_date></polygon></object><object><name>tooth</name><deleted>0</deleted><verified>0</verified><occluded>no</occluded><attributes>37</attributes><parts><hasparts>13</hasparts><ispartof /></parts><date>14-12-21 18:52:40:970</date><id>6</id><type>bounding_box</type><polygon><username>anonymous</username><pt><x>1189</x><y>402</y><time>14-12-21 18:52:30:728</time></pt><pt><x>841</x><y>402</y><time>14-12-21 18:52:33:235</time></pt><pt><x>841</x><y>942</y><time>undefined</time></pt><pt><x>1189</x><y>942</y><time>undefined</time></pt><closed_date>14-12-21 18:52:33:235</closed_date></polygon></object><object><name>tooth</name><deleted>0</deleted><verified>0</verified><occluded>no</occluded><attributes>38</attributes><parts><hasparts /><ispartof /></parts><date>14-12-21 18:52:47:865</date><id>7</id><type>bounding_box</type><polygon><username>anonymous</username><pt><x>1217</x><y>377</y><time>14-12-21 18:52:41:908</time></pt><pt><x>1159</x><y>377</y><time>14-12-21 18:52:42:979</time></pt><pt><x>1159</x><y>641</y><time>undefined</time></pt><pt><x>1217</x><y>641</y><time>undefined</time></pt><closed_date>14-12-21 18:52:42:980</closed_date></polygon></object><object><name>tooth</name><deleted>0</deleted><verified>0</verified><occluded>no</occluded><attributes>35</attributes><parts><hasparts /><ispartof /></parts><date>14-12-21 19:02:57:111</date><id>8</id><type>bounding_box</type><polygon><username>anonymous</username><pt><x>284</x><y>396</y><time>14-12-21 18:58:34:863</time></pt><pt><x>511</x><y>396</y><time>14-12-21 18:58:36:784</time></pt><pt><x>511</x><y>943</y><time>undefined</time></pt><pt><x>284</x><y>943</y><time>undefined</time></pt><closed_date>14-12-21 18:58:36:785</closed_date></polygon></object><object><name>tooth</name><deleted>0</deleted><verified>0</verified><occluded>no</occluded><attributes>34</attributes><parts><hasparts /><ispartof /></parts><date>14-12-21 19:03:04:686</date><id>9</id><type>bounding_box</type><polygon><username>anonymous</username><pt><x>68</x><y>376</y><time>14-12-21 19:02:58:354</time></pt><pt><x>286</x><y>376</y><time>14-12-21 19:03:00:608</time></pt><pt><x>286</x><y>942</y><time>undefined</time></pt><pt><x>68</x><y>942</y><time>undefined</time></pt><closed_date>14-12-21 19:03:00:608</closed_date></polygon></object><object><name>tooth</name><deleted>0</deleted><verified>0</verified><occluded>no</occluded><attributes>33</attributes><parts><hasparts /><ispartof /></parts><date>14-12-21 19:03:13:943</date><id>10</id><type>bounding_box</type><polygon><username>anonymous</username><pt><x>2</x><y>329</y><time>14-12-21 19:03:05:362</time></pt><pt><x>102</x><y>329</y><time>14-12-21 19:03:06:705</time></pt><pt><x>102</x><y>938</y><time>undefined</time></pt><pt><x>2</x><y>938</y><time>undefined</time></pt><closed_date>14-12-21 19:03:06:706</closed_date></polygon></object><object><name>restoration</name><deleted>0</deleted><verified>0</verified><occluded>no</occluded><attributes /><parts><hasparts /><ispartof>1</ispartof></parts><date>14-12-21 19:06:10:928</date><id>11</id><polygon><username>anonymous</username><pt><x>713</x><y>282</y><time>14-12-21 19:05:52:769</time></pt><pt><x>725</x><y>301</y><time>14-12-21 19:05:53:331</time></pt><pt><x>730</x><y>316</y><time>14-12-21 19:05:53:875</time></pt><pt><x>740</x><y>319</y><time>14-12-21 19:05:57:803</time></pt><pt><x>755</x><y>324</y><time>14-12-21 19:05:58:307</time></pt><pt><x>761</x><y>334</y><time>14-12-21 19:05:58:723</time></pt><pt><x>768</x><y>339</y><time>14-12-21 19:05:59:123</time></pt><pt><x>783</x><y>346</y><time>14-12-21 19:05:59:547</time></pt><pt><x>795</x><y>344</y><time>14-12-21 19:05:59:899</time></pt><pt><x>816</x><y>342</y><time>14-12-21 19:06:00:131</time></pt><pt><x>826</x><y>344</y><time>14-12-21 19:06:00:371</time></pt><pt><x>831</x><y>344</y><time>14-12-21 19:06:00:619</time></pt><pt><x>851</x><y>336</y><time>14-12-21 19:06:00:827</time></pt><pt><x>857</x><y>326</y><time>14-12-21 19:06:01:171</time></pt><pt><x>857</x><y>324</y><time>14-12-21 19:06:01:515</time></pt><pt><x>853</x><y>304</y><time>14-12-21 19:06:02:195</time></pt><pt><x>846</x><y>294</y><time>14-12-21 19:06:02:571</time></pt><pt><x>846</x><y>277</y><time>14-12-21 19:06:02:962</time></pt><pt><x>846</x><y>272</y><time>14-12-21 19:06:03:370</time></pt><pt><x>835</x><y>272</y><time>14-12-21 19:06:03:731</time></pt><pt><x>830</x><y>272</y><time>14-12-21 19:06:04:035</time></pt><pt><x>826</x><y>262</y><time>14-12-21 19:06:04:396</time></pt><pt><x>826</x><y>255</y><time>14-12-21 19:06:04:652</time></pt><pt><x>816</x><y>245</y><time>14-12-21 19:06:04:955</time></pt><pt><x>810</x><y>244</y><time>14-12-21 19:06:05:244</time></pt><pt><x>790</x><y>232</y><time>14-12-21 19:06:05:707</time></pt><pt><x>781</x><y>225</y><time>14-12-21 19:06:06:618</time></pt><pt><x>771</x><y>224</y><time>14-12-21 19:06:06:940</time></pt><pt><x>761</x><y>225</y><time>14-12-21 19:06:07:242</time></pt><pt><x>743</x><y>234</y><time>14-12-21 19:06:07:530</time></pt><pt><x>735</x><y>239</y><time>14-12-21 19:06:07:770</time></pt><pt><x>718</x><y>247</y><time>14-12-21 19:06:08:003</time></pt><pt><x>716</x><y>254</y><time>14-12-21 19:06:08:259</time></pt><pt><x>716</x><y>267</y><time>14-12-21 19:06:08:483</time></pt><closed_date>14-12-21 19:06:08:787</closed_date></polygon></object><object><name>restoration</name><deleted>0</deleted><verified>0</verified><occluded>no</occluded><attributes /><parts><hasparts /><ispartof>0</ispartof></parts><date>14-12-21 19:06:31:334</date><id>12</id><polygon><username>anonymous</username><pt><x>953</x><y>297</y><time>14-12-21 19:06:16:189</time></pt><pt><x>972</x><y>302</y><time>14-12-21 19:06:16:587</time></pt><pt><x>987</x><y>307</y><time>14-12-21 19:06:16:955</time></pt><pt><x>995</x><y>312</y><time>14-12-21 19:06:17:213</time></pt><pt><x>1003</x><y>317</y><time>14-12-21 19:06:17:475</time></pt><pt><x>1010</x><y>316</y><time>14-12-21 19:06:17:764</time></pt><pt><x>1020</x><y>316</y><time>14-12-21 19:06:17:971</time></pt><pt><x>1033</x><y>321</y><time>14-12-21 19:06:18:324</time></pt><pt><x>1045</x><y>321</y><time>14-12-21 19:06:18:603</time></pt><pt><x>1049</x><y>312</y><time>14-12-21 19:06:20:339</time></pt><pt><x>1052</x><y>309</y><time>14-12-21 19:06:20:692</time></pt><pt><x>1065</x><y>309</y><time>14-12-21 19:06:20:956</time></pt><pt><x>1080</x><y>319</y><time>14-12-21 19:06:21:444</time></pt><pt><x>1097</x><y>321</y><time>14-12-21 19:06:21:715</time></pt><pt><x>1109</x><y>312</y><time>14-12-21 19:06:22:099</time></pt><pt><x>1114</x><y>304</y><time>14-12-21 19:06:22:396</time></pt><pt><x>1115</x><y>287</y><time>14-12-21 19:06:22:699</time></pt><pt><x>1115</x><y>275</y><time>14-12-21 19:06:23:019</time></pt><pt><x>1112</x><y>264</y><time>14-12-21 19:06:23:547</time></pt><pt><x>1105</x><y>262</y><time>14-12-21 19:06:23:860</time></pt><pt><x>1105</x><y>250</y><time>14-12-21 19:06:24:211</time></pt><pt><x>1102</x><y>242</y><time>14-12-21 19:06:24:531</time></pt><pt><x>1089</x><y>235</y><time>14-12-21 19:06:24:876</time></pt><pt><x>1075</x><y>234</y><time>14-12-21 19:06:25:147</time></pt><pt><x>1067</x><y>235</y><time>14-12-21 19:06:25:387</time></pt><pt><x>1062</x><y>240</y><time>14-12-21 19:06:25:611</time></pt><pt><x>1049</x><y>242</y><time>14-12-21 19:06:25:851</time></pt><pt><x>1030</x><y>254</y><time>14-12-21 19:06:26:572</time></pt><pt><x>1025</x><y>257</y><time>14-12-21 19:06:26:846</time></pt><pt><x>1025</x><y>264</y><time>14-12-21 19:06:27:156</time></pt><pt><x>1013</x><y>269</y><time>14-12-21 19:06:27:556</time></pt><pt><x>1000</x><y>269</y><time>14-12-21 19:06:27:884</time></pt><pt><x>988</x><y>262</y><time>14-12-21 19:06:28:276</time></pt><pt><x>978</x><y>262</y><time>14-12-21 19:06:28:532</time></pt><pt><x>968</x><y>270</y><time>14-12-21 19:06:28:787</time></pt><closed_date>14-12-21 19:06:29:020</closed_date></polygon></object><object><name>restoration</name><deleted>0</deleted><verified>0</verified><occluded>no</occluded><attributes /><parts><hasparts /><ispartof>6</ispartof></parts><date>14-12-21 19:08:12:365</date><id>13</id><polygon><username>anonymous</username><pt><x>980</x><y>533</y><time>14-12-21 19:06:48:861</time></pt><pt><x>985</x><y>553</y><time>14-12-21 19:06:49:468</time></pt><pt><x>997</x><y>561</y><time>14-12-21 19:06:49:868</time></pt><pt><x>1012</x><y>561</y><time>14-12-21 19:06:50:500</time></pt><pt><x>1022</x><y>556</y><time>14-12-21 19:06:50:836</time></pt><pt><x>1028</x><y>544</y><time>14-12-21 19:06:51:147</time></pt><pt><x>1028</x><y>531</y><time>14-12-21 19:06:51:499</time></pt><pt><x>1035</x><y>524</y><time>14-12-21 19:06:51:812</time></pt><pt><x>1055</x><y>518</y><time>14-12-21 19:06:52:069</time></pt><pt><x>1069</x><y>529</y><time>14-12-21 19:06:52:515</time></pt><pt><x>1079</x><y>529</y><time>14-12-21 19:06:52:804</time></pt><pt><x>1092</x><y>518</y><time>14-12-21 19:06:53:156</time></pt><pt><x>1102</x><y>514</y><time>14-12-21 19:06:53:412</time></pt><pt><x>1105</x><y>506</y><time>14-12-21 19:06:53:660</time></pt><pt><x>1100</x><y>478</y><time>14-12-21 19:06:54:124</time></pt><pt><x>1095</x><y>461</y><time>14-12-21 19:06:54:483</time></pt><pt><x>1082</x><y>446</y><time>14-12-21 19:06:54:820</time></pt><pt><x>1070</x><y>441</y><time>14-12-21 19:06:55:180</time></pt><pt><x>1055</x><y>441</y><time>14-12-21 19:06:55:444</time></pt><pt><x>1050</x><y>457</y><time>14-12-21 19:06:55:709</time></pt><pt><x>1050</x><y>471</y><time>14-12-21 19:06:55:941</time></pt><pt><x>1033</x><y>472</y><time>14-12-21 19:06:56:292</time></pt><pt><x>1027</x><y>469</y><time>14-12-21 19:06:56:572</time></pt><pt><x>1012</x><y>466</y><time>14-12-21 19:06:56:835</time></pt><pt><x>1005</x><y>457</y><time>14-12-21 19:06:57:140</time></pt><pt><x>982</x><y>461</y><time>14-12-21 19:06:57:379</time></pt><pt><x>970</x><y>467</y><time>14-12-21 19:06:57:612</time></pt><pt><x>963</x><y>476</y><time>14-12-21 19:06:57:971</time></pt><pt><x>950</x><y>476</y><time>14-12-21 19:08:06:739</time></pt><pt><x>942</x><y>469</y><time>14-12-21 19:08:07:059</time></pt><pt><x>935</x><y>452</y><time>14-12-21 19:08:07:467</time></pt><pt><x>923</x><y>442</y><time>14-12-21 19:08:07:987</time></pt><pt><x>908</x><y>444</y><time>14-12-21 19:08:08:243</time></pt><pt><x>898</x><y>462</y><time>14-12-21 19:08:08:515</time></pt><pt><x>902</x><y>474</y><time>14-12-21 19:08:08:740</time></pt><pt><x>902</x><y>486</y><time>14-12-21 19:08:08:972</time></pt><pt><x>890</x><y>496</y><time>14-12-21 19:08:09:188</time></pt><pt><x>898</x><y>511</y><time>14-12-21 19:08:09:507</time></pt><pt><x>913</x><y>516</y><time>14-12-21 19:08:09:771</time></pt><pt><x>928</x><y>516</y><time>14-12-21 19:08:09:979</time></pt><pt><x>948</x><y>521</y><time>14-12-21 19:08:10:212</time></pt><closed_date>14-12-21 19:08:10:429</closed_date></polygon></object><object><name>restoration</name><deleted>0</deleted><verified>0</verified><occluded>no</occluded><attributes /><parts><hasparts /><ispartof>5</ispartof></parts><date>14-12-21 19:09:12:064</date><id>14</id><polygon><username>anonymous</username><pt><x>588</x><y>488</y><time>14-12-21 19:08:13:966</time></pt><pt><x>594</x><y>516</y><time>14-12-21 19:08:14:364</time></pt><pt><x>599</x><y>536</y><time>14-12-21 19:08:14:603</time></pt><pt><x>609</x><y>556</y><time>14-12-21 19:08:14:828</time></pt><pt><x>614</x><y>573</y><time>14-12-21 19:08:15:076</time></pt><pt><x>623</x><y>586</y><time>14-12-21 19:08:15:323</time></pt><pt><x>628</x><y>593</y><time>14-12-21 19:08:15:524</time></pt><pt><x>646</x><y>598</y><time>14-12-21 19:08:15:708</time></pt><pt><x>666</x><y>598</y><time>14-12-21 19:08:15:900</time></pt><pt><x>688</x><y>601</y><time>14-12-21 19:08:16:076</time></pt><pt><x>710</x><y>599</y><time>14-12-21 19:08:16:260</time></pt><pt><x>731</x><y>604</y><time>14-12-21 19:09:00:365</time></pt><pt><x>755</x><y>608</y><time>14-12-21 19:09:00:692</time></pt><pt><x>766</x><y>599</y><time>14-12-21 19:09:01:028</time></pt><pt><x>770</x><y>598</y><time>14-12-21 19:09:01:276</time></pt><pt><x>775</x><y>598</y><time>14-12-21 19:09:01:692</time></pt><pt><x>781</x><y>614</y><time>14-12-21 19:09:01:964</time></pt><pt><x>786</x><y>628</y><time>14-12-21 19:09:02:220</time></pt><pt><x>803</x><y>643</y><time>14-12-21 19:09:02:492</time></pt><pt><x>815</x><y>631</y><time>14-12-21 19:09:02:877</time></pt><pt><x>821</x><y>619</y><time>14-12-21 19:09:03:276</time></pt><pt><x>821</x><y>589</y><time>14-12-21 19:09:03:580</time></pt><pt><x>820</x><y>558</y><time>14-12-21 19:09:03:877</time></pt><pt><x>811</x><y>511</y><time>14-12-21 19:09:04:197</time></pt><pt><x>810</x><y>498</y><time>14-12-21 19:09:04:485</time></pt><pt><x>801</x><y>491</y><time>14-12-21 19:09:04:853</time></pt><pt><x>778</x><y>491</y><time>14-12-21 19:09:05:085</time></pt><pt><x>771</x><y>501</y><time>14-12-21 19:09:05:397</time></pt><pt><x>758</x><y>503</y><time>14-12-21 19:09:05:653</time></pt><pt><x>746</x><y>493</y><time>14-12-21 19:09:05:972</time></pt><pt><x>715</x><y>493</y><time>14-12-21 19:09:06:244</time></pt><pt><x>700</x><y>494</y><time>14-12-21 19:09:07:116</time></pt><pt><x>686</x><y>501</y><time>14-12-21 19:09:07:356</time></pt><pt><x>685</x><y>506</y><time>14-12-21 19:09:07:556</time></pt><pt><x>680</x><y>499</y><time>14-12-21 19:09:07:812</time></pt><pt><x>671</x><y>486</y><time>14-12-21 19:09:08:053</time></pt><pt><x>668</x><y>474</y><time>14-12-21 19:09:08:285</time></pt><pt><x>658</x><y>454</y><time>14-12-21 19:09:08:581</time></pt><pt><x>624</x><y>466</y><time>14-12-21 19:09:09:038</time></pt><pt><x>609</x><y>471</y><time>14-12-21 19:09:09:373</time></pt><pt><x>601</x><y>474</y><time>14-12-21 19:09:09:645</time></pt><closed_date>14-12-21 19:09:09:829</closed_date></polygon></object><object><name>root canal treatment</name><deleted>0</deleted><verified>0</verified><occluded>no</occluded><attributes /><parts><hasparts /><ispartof>5</ispartof></parts><date>14-12-21 19:09:27:071</date><id>15</id><polygon><username>anonymous</username><pt><x>594</x><y>638</y><time>14-12-21 19:09:13:494</time></pt><pt><x>586</x><y>675</y><time>14-12-21 19:09:14:022</time></pt><pt><x>564</x><y>758</y><time>14-12-21 19:09:16:789</time></pt><pt><x>546</x><y>830</y><time>14-12-21 19:09:17:429</time></pt><pt><x>551</x><y>897</y><time>14-12-21 19:09:18:053</time></pt><pt><x>549</x><y>938</y><time>14-12-21 19:09:18:719</time></pt><pt><x>568</x><y>948</y><time>14-12-21 19:09:19:269</time></pt><pt><x>589</x><y>940</y><time>14-12-21 19:09:20:125</time></pt><pt><x>594</x><y>923</y><time>14-12-21 19:09:20:525</time></pt><pt><x>594</x><y>900</y><time>14-12-21 19:09:20:830</time></pt><pt><x>604</x><y>877</y><time>14-12-21 19:09:21:061</time></pt><pt><x>613</x><y>848</y><time>14-12-21 19:09:21:309</time></pt><pt><x>618</x><y>823</y><time>14-12-21 19:09:21:565</time></pt><pt><x>623</x><y>798</y><time>14-12-21 19:09:21:781</time></pt><pt><x>624</x><y>773</y><time>14-12-21 19:09:22:021</time></pt><pt><x>631</x><y>743</y><time>14-12-21 19:09:22:246</time></pt><pt><x>639</x><y>711</y><time>14-12-21 19:09:22:493</time></pt><pt><x>649</x><y>691</y><time>14-12-21 19:09:22:711</time></pt><pt><x>649</x><y>681</y><time>14-12-21 19:09:22:989</time></pt><pt><x>634</x><y>676</y><time>14-12-21 19:09:23:189</time></pt><pt><x>626</x><y>670</y><time>14-12-21 19:09:23:414</time></pt><pt><x>618</x><y>648</y><time>14-12-21 19:09:23:629</time></pt><closed_date>14-12-21 19:09:23:917</closed_date></polygon></object><object><name>root canal treatment</name><deleted>0</deleted><verified>0</verified><occluded>no</occluded><attributes /><parts><hasparts /><ispartof>5</ispartof></parts><date>14-12-21 19:10:49:845</date><id>16</id><polygon><username>anonymous</username><pt><x>711</x><y>688</y><time>14-12-21 19:10:33:574</time></pt><pt><x>738</x><y>673</y><time>14-12-21 19:10:34:149</time></pt><pt><x>748</x><y>671</y><time>14-12-21 19:10:34:453</time></pt><pt><x>758</x><y>671</y><time>14-12-21 19:10:34:741</time></pt><pt><x>765</x><y>680</y><time>14-12-21 19:10:35:165</time></pt><pt><x>768</x><y>706</y><time>14-12-21 19:10:35:653</time></pt><pt><x>780</x><y>743</y><time>14-12-21 19:10:36:181</time></pt><pt><x>801</x><y>795</y><time>14-12-21 19:10:37:157</time></pt><pt><x>811</x><y>841</y><time>14-12-21 19:10:37:621</time></pt><pt><x>833</x><y>883</y><time>14-12-21 19:10:38:157</time></pt><pt><x>841</x><y>913</y><time>14-12-21 19:10:41:253</time></pt><pt><x>851</x><y>938</y><time>14-12-21 19:10:41:773</time></pt><pt><x>838</x><y>948</y><time>14-12-21 19:10:42:173</time></pt><pt><x>826</x><y>933</y><time>14-12-21 19:10:42:557</time></pt><pt><x>815</x><y>905</y><time>14-12-21 19:10:42:917</time></pt><pt><x>803</x><y>878</y><time>14-12-21 19:10:43:213</time></pt><pt><x>790</x><y>845</y><time>14-12-21 19:10:43:573</time></pt><pt><x>783</x><y>825</y><time>14-12-21 19:10:43:869</time></pt><pt><x>773</x><y>805</y><time>14-12-21 19:10:44:141</time></pt><pt><x>765</x><y>785</y><time>14-12-21 19:10:44:445</time></pt><pt><x>741</x><y>760</y><time>14-12-21 19:10:44:709</time></pt><pt><x>733</x><y>741</y><time>14-12-21 19:10:44:997</time></pt><pt><x>716</x><y>710</y><time>14-12-21 19:10:45:309</time></pt><closed_date>14-12-21 19:10:45:653</closed_date></polygon></object><imagesize><nrows /><ncols /></imagesize></annotation>