<?xml version='1.0' encoding='UTF-8'?>
<annotation><filename>19.jpg</filename><folder>segmentation_xray</folder><source><sourceImage>The MIT-CSAIL database of objects and scenes</sourceImage><sourceAnnotation>LabelMe Webtool</sourceAnnotation></source><object><name>tooth 13</name><deleted>0</deleted><verified>0</verified><occluded>no</occluded><attributes /><parts><hasparts /><ispartof /></parts><date>10-01-22 16:43:23:675</date><id>0</id><type>bounding_box</type><polygon><username>anonymous</username><pt><x>934</x><y>425</y><time>10-01-22 16:43:16:220</time></pt><pt><x>1215</x><y>425</y><time>10-01-22 16:43:19:650</time></pt><pt><x>1215</x><y>1</y><time>undefined</time></pt><pt><x>934</x><y>1</y><time>undefined</time></pt><closed_date>10-01-22 16:43:19:652</closed_date></polygon></object><object><name>tooth 14</name><deleted>0</deleted><verified>0</verified><occluded>no</occluded><attributes /><parts><hasparts>13</hasparts><ispartof /></parts><date>10-01-22 16:43:31:793</date><id>1</id><type>bounding_box</type><polygon><username>anonymous</username><pt><x>748</x><y>441</y><time>10-01-22 16:43:24:945</time></pt><pt><x>994</x><y>441</y><time>10-01-22 16:43:28:822</time></pt><pt><x>994</x><y>4</y><time>undefined</time></pt><pt><x>748</x><y>4</y><time>undefined</time></pt><closed_date>10-01-22 16:43:28:822</closed_date></polygon></object><object><name>tooth 15</name><deleted>0</deleted><verified>0</verified><occluded>no</occluded><attributes /><parts><hasparts>14</hasparts><ispartof /></parts><date>10-01-22 16:43:39:886</date><id>2</id><type>bounding_box</type><polygon><username>anonymous</username><pt><x>547</x><y>448</y><time>10-01-22 16:43:33:576</time></pt><pt><x>777</x><y>448</y><time>10-01-22 16:43:37:135</time></pt><pt><x>777</x><y>7</y><time>undefined</time></pt><pt><x>547</x><y>7</y><time>undefined</time></pt><closed_date>10-01-22 16:43:37:136</closed_date></polygon></object><object><name>tooth 16</name><deleted>0</deleted><verified>0</verified><occluded>no</occluded><attributes /><parts><hasparts /><ispartof /></parts><date>10-01-22 16:43:46:809</date><id>3</id><type>bounding_box</type><polygon><username>anonymous</username><pt><x>177</x><y>501</y><time>10-01-22 16:43:41:960</time></pt><pt><x>568</x><y>501</y><time>10-01-22 16:43:43:926</time></pt><pt><x>568</x><y>4</y><time>undefined</time></pt><pt><x>177</x><y>4</y><time>undefined</time></pt><closed_date>10-01-22 16:43:43:926</closed_date></polygon></object><object><name>tooth 17</name><deleted>0</deleted><verified>0</verified><occluded>no</occluded><attributes /><parts><hasparts>9</hasparts><ispartof /></parts><date>10-01-22 16:43:53:819</date><id>4</id><type>bounding_box</type><polygon><username>anonymous</username><pt><x>244</x><y>479</y><time>10-01-22 16:43:48:130</time></pt><pt><x>7</x><y>479</y><time>10-01-22 16:43:50:886</time></pt><pt><x>7</x><y>4</y><time>undefined</time></pt><pt><x>244</x><y>4</y><time>undefined</time></pt><closed_date>10-01-22 16:43:50:886</closed_date></polygon></object><object><name>tooth 43</name><deleted>0</deleted><verified>0</verified><occluded>no</occluded><attributes /><parts><hasparts /><ispartof /></parts><date>10-01-22 16:44:06:854</date><id>5</id><type>bounding_box</type><polygon><username>anonymous</username><pt><x>1021</x><y>479</y><time>10-01-22 16:44:00:873</time></pt><pt><x>1217</x><y>479</y><time>10-01-22 16:44:03:686</time></pt><pt><x>1217</x><y>945</y><time>undefined</time></pt><pt><x>1021</x><y>945</y><time>undefined</time></pt><closed_date>10-01-22 16:44:03:687</closed_date></polygon></object><object><name>tooth 44</name><deleted>0</deleted><verified>0</verified><occluded>no</occluded><attributes /><parts><hasparts /><ispartof /></parts><date>10-01-22 16:44:31:182</date><id>6</id><type>bounding_box</type><polygon><username>anonymous</username><pt><x>803</x><y>511</y><time>10-01-22 16:44:25:929</time></pt><pt><x>1014</x><y>511</y><time>10-01-22 16:44:28:038</time></pt><pt><x>1014</x><y>946</y><time>undefined</time></pt><pt><x>803</x><y>946</y><time>undefined</time></pt><closed_date>10-01-22 16:44:28:039</closed_date></polygon></object><object><name>tooth 45</name><deleted>0</deleted><verified>0</verified><occluded>no</occluded><attributes /><parts><hasparts>15</hasparts><ispartof /></parts><date>10-01-22 16:44:38:273</date><id>7</id><type>bounding_box</type><polygon><username>anonymous</username><pt><x>573</x><y>518</y><time>10-01-22 16:44:33:161</time></pt><pt><x>803</x><y>518</y><time>10-01-22 16:44:34:927</time></pt><pt><x>803</x><y>946</y><time>undefined</time></pt><pt><x>573</x><y>946</y><time>undefined</time></pt><closed_date>10-01-22 16:44:34:927</closed_date></polygon></object><object><name>tooth 47</name><deleted>0</deleted><verified>0</verified><occluded>no</occluded><attributes /><parts><hasparts>10,11,12</hasparts><ispartof /></parts><date>10-01-22 16:45:02:775</date><id>8</id><type>bounding_box</type><polygon><username>anonymous</username><pt><x>292</x><y>532</y><time>10-01-22 16:44:53:897</time></pt><pt><x>2</x><y>532</y><time>10-01-22 16:44:57:379</time></pt><pt><x>2</x><y>950</y><time>undefined</time></pt><pt><x>292</x><y>950</y><time>undefined</time></pt><closed_date>10-01-22 16:44:57:379</closed_date></polygon></object><object><name>restoration</name><deleted>0</deleted><verified>0</verified><occluded>no</occluded><attributes /><parts><hasparts /><ispartof>4</ispartof></parts><date>10-01-22 16:46:17:641</date><id>9</id><polygon><username>anonymous</username><pt><x>71</x><y>425</y><time>10-01-22 16:46:05:367</time></pt><pt><x>94</x><y>418</y><time>10-01-22 16:46:05:980</time></pt><pt><x>122</x><y>426</y><time>10-01-22 16:46:06:279</time></pt><pt><x>143</x><y>435</y><time>10-01-22 16:46:06:552</time></pt><pt><x>149</x><y>437</y><time>10-01-22 16:46:06:806</time></pt><pt><x>156</x><y>432</y><time>10-01-22 16:46:07:228</time></pt><pt><x>152</x><y>398</y><time>10-01-22 16:46:08:426</time></pt><pt><x>136</x><y>384</y><time>10-01-22 16:46:08:798</time></pt><pt><x>131</x><y>370</y><time>10-01-22 16:46:09:062</time></pt><pt><x>127</x><y>356</y><time>10-01-22 16:46:09:426</time></pt><pt><x>104</x><y>354</y><time>10-01-22 16:46:09:663</time></pt><pt><x>71</x><y>357</y><time>10-01-22 16:46:13:406</time></pt><pt><x>64</x><y>379</y><time>10-01-22 16:46:13:964</time></pt><pt><x>62</x><y>396</y><time>10-01-22 16:46:14:336</time></pt><closed_date>10-01-22 16:46:14:836</closed_date></polygon></object><object><name>restoration</name><deleted>0</deleted><verified>0</verified><occluded>no</occluded><attributes /><parts><hasparts /><ispartof>8</ispartof></parts><date>10-01-22 16:47:29:577</date><id>10</id><polygon><username>anonymous</username><pt><x>196</x><y>715</y><time>10-01-22 16:47:15:745</time></pt><pt><x>234</x><y>727</y><time>10-01-22 16:47:16:324</time></pt><pt><x>249</x><y>722</y><time>10-01-22 16:47:16:727</time></pt><pt><x>260</x><y>711</y><time>10-01-22 16:47:17:023</time></pt><pt><x>267</x><y>704</y><time>10-01-22 16:47:17:252</time></pt><pt><x>269</x><y>690</y><time>10-01-22 16:47:17:502</time></pt><pt><x>288</x><y>624</y><time>10-01-22 16:47:18:082</time></pt><pt><x>269</x><y>603</y><time>10-01-22 16:47:18:756</time></pt><pt><x>239</x><y>591</y><time>10-01-22 16:47:19:086</time></pt><pt><x>205</x><y>593</y><time>10-01-22 16:47:19:366</time></pt><pt><x>175</x><y>601</y><time>10-01-22 16:47:19:628</time></pt><pt><x>129</x><y>603</y><time>10-01-22 16:47:19:910</time></pt><pt><x>76</x><y>594</y><time>10-01-22 16:47:20:182</time></pt><pt><x>50</x><y>586</y><time>10-01-22 16:47:20:405</time></pt><pt><x>35</x><y>580</y><time>10-01-22 16:47:20:623</time></pt><pt><x>25</x><y>614</y><time>10-01-22 16:47:20:974</time></pt><pt><x>23</x><y>628</y><time>10-01-22 16:47:21:205</time></pt><pt><x>57</x><y>644</y><time>10-01-22 16:47:21:423</time></pt><pt><x>85</x><y>653</y><time>10-01-22 16:47:21:630</time></pt><pt><x>134</x><y>653</y><time>10-01-22 16:47:21:997</time></pt><pt><x>140</x><y>653</y><time>10-01-22 16:47:22:259</time></pt><pt><x>147</x><y>674</y><time>10-01-22 16:47:22:495</time></pt><pt><x>161</x><y>674</y><time>10-01-22 16:47:22:700</time></pt><pt><x>175</x><y>674</y><time>10-01-22 16:47:22:900</time></pt><pt><x>186</x><y>676</y><time>10-01-22 16:47:23:102</time></pt><closed_date>10-01-22 16:47:23:336</closed_date></polygon></object><object><name>dental implant</name><deleted>0</deleted><verified>0</verified><occluded>no</occluded><attributes /><parts><hasparts /><ispartof>8</ispartof></parts><date>10-01-22 16:48:05:821</date><id>11</id><polygon><username>anonymous</username><pt><x>435</x><y>936</y><time>10-01-22 16:47:32:546</time></pt><pt><x>433</x><y>913</y><time>10-01-22 16:47:34:278</time></pt><pt><x>421</x><y>899</y><time>10-01-22 16:47:34:780</time></pt><pt><x>414</x><y>895</y><time>10-01-22 16:47:35:278</time></pt><pt><x>448</x><y>821</y><time>10-01-22 16:47:40:680</time></pt><pt><x>384</x><y>835</y><time>10-01-22 16:47:43:744</time></pt><pt><x>340</x><y>839</y><time>10-01-22 16:47:44:577</time></pt><pt><x>320</x><y>826</y><time>10-01-22 16:47:45:133</time></pt><pt><x>304</x><y>810</y><time>10-01-22 16:47:45:968</time></pt><pt><x>317</x><y>879</y><time>10-01-22 16:47:47:253</time></pt><pt><x>317</x><y>895</y><time>10-01-22 16:47:48:449</time></pt><pt><x>292</x><y>904</y><time>10-01-22 16:47:49:308</time></pt><pt><x>292</x><y>922</y><time>10-01-22 16:47:49:862</time></pt><pt><x>290</x><y>941</y><time>10-01-22 16:47:50:570</time></pt><pt><x>290</x><y>946</y><time>10-01-22 16:47:51:156</time></pt><pt><x>384</x><y>946</y><time>10-01-22 16:47:59:074</time></pt><pt><x>402</x><y>946</y><time>10-01-22 16:48:00:095</time></pt><pt><x>418</x><y>946</y><time>10-01-22 16:48:00:789</time></pt><closed_date>10-01-22 16:48:01:493</closed_date></polygon></object><object><name>crown</name><deleted>0</deleted><verified>0</verified><occluded>no</occluded><attributes /><parts><hasparts /><ispartof>8</ispartof></parts><date>10-01-22 16:48:27:618</date><id>12</id><polygon><username>anonymous</username><pt><x>456</x><y>824</y><time>10-01-22 16:48:08:474</time></pt><pt><x>504</x><y>803</y><time>10-01-22 16:48:09:485</time></pt><pt><x>529</x><y>770</y><time>10-01-22 16:48:10:460</time></pt><pt><x>548</x><y>704</y><time>10-01-22 16:48:11:213</time></pt><pt><x>564</x><y>662</y><time>10-01-22 16:48:11:927</time></pt><pt><x>573</x><y>603</y><time>10-01-22 16:48:12:696</time></pt><pt><x>577</x><y>580</y><time>10-01-22 16:48:13:357</time></pt><pt><x>543</x><y>571</y><time>10-01-22 16:48:14:154</time></pt><pt><x>524</x><y>570</y><time>10-01-22 16:48:14:832</time></pt><pt><x>458</x><y>578</y><time>10-01-22 16:48:15:574</time></pt><pt><x>382</x><y>578</y><time>10-01-22 16:48:16:657</time></pt><pt><x>341</x><y>561</y><time>10-01-22 16:48:17:404</time></pt><pt><x>304</x><y>586</y><time>10-01-22 16:48:18:304</time></pt><pt><x>283</x><y>605</y><time>10-01-22 16:48:18:865</time></pt><pt><x>267</x><y>704</y><time>10-01-22 16:48:19:900</time></pt><pt><x>276</x><y>757</y><time>10-01-22 16:48:20:882</time></pt><pt><x>292</x><y>798</y><time>10-01-22 16:48:21:563</time></pt><pt><x>310</x><y>814</y><time>10-01-22 16:48:22:059</time></pt><pt><x>354</x><y>835</y><time>10-01-22 16:48:23:814</time></pt><closed_date>10-01-22 16:48:24:820</closed_date></polygon></object><object><name>restoration</name><deleted>0</deleted><verified>0</verified><occluded>no</occluded><attributes /><parts><hasparts /><ispartof>1</ispartof></parts><date>10-01-22 16:48:44:293</date><id>13</id><polygon><username>anonymous</username><pt><x>805</x><y>363</y><time>10-01-22 16:48:34:535</time></pt><pt><x>830</x><y>336</y><time>10-01-22 16:48:35:273</time></pt><pt><x>856</x><y>336</y><time>10-01-22 16:48:35:729</time></pt><pt><x>906</x><y>347</y><time>10-01-22 16:48:36:328</time></pt><pt><x>927</x><y>343</y><time>10-01-22 16:48:36:933</time></pt><pt><x>909</x><y>373</y><time>10-01-22 16:48:37:536</time></pt><pt><x>881</x><y>377</y><time>10-01-22 16:48:38:041</time></pt><pt><x>881</x><y>377</y><time>10-01-22 16:48:38:248</time></pt><pt><x>835</x><y>379</y><time>10-01-22 16:48:38:940</time></pt><pt><x>835</x><y>379</y><time>10-01-22 16:48:39:237</time></pt><closed_date>10-01-22 16:48:39:802</closed_date></polygon></object><object><name>restoration</name><deleted>0</deleted><verified>0</verified><occluded>no</occluded><attributes /><parts><hasparts /><ispartof>2</ispartof></parts><date>10-01-22 16:49:00:304</date><id>14</id><polygon><username>anonymous</username><pt><x>610</x><y>382</y><time>10-01-22 16:48:48:721</time></pt><pt><x>617</x><y>361</y><time>10-01-22 16:48:50:166</time></pt><pt><x>633</x><y>357</y><time>10-01-22 16:48:50:575</time></pt><pt><x>647</x><y>357</y><time>10-01-22 16:48:51:033</time></pt><pt><x>693</x><y>357</y><time>10-01-22 16:48:51:533</time></pt><pt><x>702</x><y>357</y><time>10-01-22 16:48:51:872</time></pt><pt><x>720</x><y>386</y><time>10-01-22 16:48:52:416</time></pt><pt><x>667</x><y>402</y><time>10-01-22 16:48:53:205</time></pt><pt><x>646</x><y>402</y><time>10-01-22 16:48:53:580</time></pt><pt><x>646</x><y>402</y><time>10-01-22 16:48:53:788</time></pt><pt><x>646</x><y>402</y><time>10-01-22 16:48:53:996</time></pt><pt><x>605</x><y>395</y><time>10-01-22 16:48:54:536</time></pt><closed_date>10-01-22 16:48:55:440</closed_date></polygon></object><object><name>restoration</name><deleted>0</deleted><verified>0</verified><occluded>no</occluded><attributes /><parts><hasparts /><ispartof>7</ispartof></parts><date>10-01-22 16:49:20:913</date><id>15</id><polygon><username>anonymous</username><pt><x>644</x><y>589</y><time>10-01-22 16:49:10:906</time></pt><pt><x>653</x><y>609</y><time>10-01-22 16:49:11:939</time></pt><pt><x>692</x><y>594</y><time>10-01-22 16:49:12:717</time></pt><pt><x>736</x><y>586</y><time>10-01-22 16:49:13:640</time></pt><pt><x>762</x><y>582</y><time>10-01-22 16:49:14:227</time></pt><pt><x>762</x><y>557</y><time>10-01-22 16:49:14:757</time></pt><pt><x>718</x><y>563</y><time>10-01-22 16:49:15:283</time></pt><pt><x>686</x><y>568</y><time>10-01-22 16:49:15:927</time></pt><pt><x>632</x><y>570</y><time>10-01-22 16:49:16:555</time></pt><closed_date>10-01-22 16:49:17:436</closed_date></polygon></object><imagesize><nrows /><ncols /></imagesize></annotation>