<?xml version='1.0' encoding='UTF-8'?>
<annotation><filename>2.jpg</filename><folder>segmentation_xray</folder><source><sourceImage>The MIT-CSAIL database of objects and scenes</sourceImage><sourceAnnotation>LabelMe Webtool</sourceAnnotation></source><object><name>tooth</name><deleted>0</deleted><verified>0</verified><occluded>no</occluded><attributes>17</attributes><parts><hasparts>7</hasparts><ispartof /></parts><date>11-01-22 20:37:03:315</date><id>0</id><type>bounding_box</type><polygon><username>anonymous</username><pt><x>28</x><y>23</y><time>11-01-22 20:36:40:082</time></pt><pt><x>437</x><y>23</y><time>11-01-22 20:36:46:315</time></pt><pt><x>437</x><y>604</y><time>undefined</time></pt><pt><x>28</x><y>604</y><time>undefined</time></pt><closed_date>11-01-22 20:36:46:316</closed_date></polygon></object><object><name>tooth</name><deleted>0</deleted><verified>0</verified><occluded>no</occluded><attributes>16</attributes><parts><hasparts>10,11,8,9</hasparts><ispartof /></parts><date>11-01-22 20:37:21:750</date><id>1</id><type>bounding_box</type><polygon><username>anonymous</username><pt><x>780</x><y>472</y><time>11-01-22 20:37:08:484</time></pt><pt><x>217</x><y>472</y><time>11-01-22 20:37:11:230</time></pt><pt><x>217</x><y>5</y><time>undefined</time></pt><pt><x>780</x><y>5</y><time>undefined</time></pt><closed_date>11-01-22 20:37:11:231</closed_date></polygon></object><object><name>tooth</name><deleted>0</deleted><verified>0</verified><occluded>no</occluded><attributes>14</attributes><parts><hasparts /><ispartof /></parts><date>11-01-22 20:37:42:494</date><id>2</id><type>bounding_box</type><polygon><username>anonymous</username><pt><x>1195</x><y>371</y><time>11-01-22 20:37:34:461</time></pt><pt><x>908</x><y>371</y><time>11-01-22 20:37:37:499</time></pt><pt><x>908</x><y>10</y><time>undefined</time></pt><pt><x>1195</x><y>10</y><time>undefined</time></pt><closed_date>11-01-22 20:37:37:499</closed_date></polygon></object><object><name>tooth</name><deleted>0</deleted><verified>0</verified><occluded>no</occluded><attributes>13</attributes><parts><hasparts /><ispartof /></parts><date>11-01-22 20:37:54:977</date><id>3</id><type>bounding_box</type><polygon><username>anonymous</username><pt><x>1217</x><y>244</y><time>11-01-22 20:37:48:414</time></pt><pt><x>1097</x><y>244</y><time>11-01-22 20:37:49:879</time></pt><pt><x>1097</x><y>15</y><time>undefined</time></pt><pt><x>1217</x><y>15</y><time>undefined</time></pt><closed_date>11-01-22 20:37:49:879</closed_date></polygon></object><object><name>tooth</name><deleted>0</deleted><verified>0</verified><occluded>no</occluded><attributes>43</attributes><parts><hasparts /><ispartof /></parts><date>11-01-22 20:38:41:719</date><id>4</id><type>bounding_box</type><polygon><username>anonymous</username><pt><x>1212</x><y>392</y><time>11-01-22 20:38:23:887</time></pt><pt><x>1074</x><y>392</y><time>11-01-22 20:38:32:679</time></pt><pt><x>1074</x><y>831</y><time>undefined</time></pt><pt><x>1212</x><y>831</y><time>undefined</time></pt><closed_date>11-01-22 20:38:32:680</closed_date></polygon></object><object><name>tooth</name><deleted>0</deleted><verified>0</verified><occluded>no</occluded><attributes>44</attributes><parts><hasparts>13</hasparts><ispartof /></parts><date>11-01-22 20:38:52:550</date><id>5</id><type>bounding_box</type><polygon><username>anonymous</username><pt><x>857</x><y>499</y><time>11-01-22 20:38:43:139</time></pt><pt><x>1114</x><y>499</y><time>11-01-22 20:38:45:135</time></pt><pt><x>1114</x><y>928</y><time>undefined</time></pt><pt><x>857</x><y>928</y><time>undefined</time></pt><closed_date>11-01-22 20:38:45:135</closed_date></polygon></object><object><name>tooth</name><deleted>0</deleted><verified>0</verified><occluded>no</occluded><attributes>46</attributes><parts><hasparts>14,15</hasparts><ispartof /></parts><date>11-01-22 20:39:04:957</date><id>6</id><type>bounding_box</type><polygon><username>anonymous</username><pt><x>765</x><y>513</y><time>11-01-22 20:38:55:609</time></pt><pt><x>324</x><y>513</y><time>11-01-22 20:38:59:531</time></pt><pt><x>324</x><y>943</y><time>undefined</time></pt><pt><x>765</x><y>943</y><time>undefined</time></pt><closed_date>11-01-22 20:38:59:531</closed_date></polygon></object><object><name>restoration</name><deleted>0</deleted><verified>0</verified><occluded>no</occluded><attributes /><parts><hasparts /><ispartof>0</ispartof></parts><date>11-01-22 20:39:47:432</date><id>7</id><polygon><username>anonymous</username><pt><x>407</x><y>409</y><time>11-01-22 20:39:17:989</time></pt><pt><x>351</x><y>399</y><time>11-01-22 20:39:18:991</time></pt><pt><x>346</x><y>397</y><time>11-01-22 20:39:31:370</time></pt><pt><x>326</x><y>402</y><time>11-01-22 20:39:31:986</time></pt><pt><x>329</x><y>429</y><time>11-01-22 20:39:33:893</time></pt><pt><x>331</x><y>454</y><time>11-01-22 20:39:34:664</time></pt><pt><x>332</x><y>483</y><time>11-01-22 20:39:35:173</time></pt><pt><x>326</x><y>503</y><time>11-01-22 20:39:35:634</time></pt><pt><x>311</x><y>493</y><time>11-01-22 20:39:36:220</time></pt><pt><x>292</x><y>496</y><time>11-01-22 20:39:36:588</time></pt><pt><x>277</x><y>508</y><time>11-01-22 20:39:36:942</time></pt><pt><x>259</x><y>514</y><time>11-01-22 20:39:37:211</time></pt><pt><x>244</x><y>528</y><time>11-01-22 20:39:37:464</time></pt><pt><x>232</x><y>546</y><time>11-01-22 20:39:37:745</time></pt><pt><x>217</x><y>561</y><time>11-01-22 20:39:38:038</time></pt><pt><x>217</x><y>578</y><time>11-01-22 20:39:38:552</time></pt><pt><x>240</x><y>559</y><time>11-01-22 20:39:39:027</time></pt><pt><x>265</x><y>543</y><time>11-01-22 20:39:39:437</time></pt><pt><x>280</x><y>528</y><time>11-01-22 20:39:39:779</time></pt><pt><x>311</x><y>513</y><time>11-01-22 20:39:40:228</time></pt><pt><x>334</x><y>518</y><time>11-01-22 20:39:40:595</time></pt><pt><x>356</x><y>529</y><time>11-01-22 20:39:40:895</time></pt><pt><x>392</x><y>506</y><time>11-01-22 20:39:41:641</time></pt><pt><x>407</x><y>498</y><time>11-01-22 20:39:41:985</time></pt><pt><x>426</x><y>472</y><time>11-01-22 20:39:42:498</time></pt><pt><x>427</x><y>447</y><time>11-01-22 20:39:42:968</time></pt><pt><x>419</x><y>429</y><time>11-01-22 20:39:43:399</time></pt><pt><x>417</x><y>417</y><time>11-01-22 20:39:43:713</time></pt><closed_date>11-01-22 20:39:44:394</closed_date></polygon></object><object><name>restoration</name><deleted>0</deleted><verified>0</verified><occluded>no</occluded><attributes /><parts><hasparts /><ispartof>1</ispartof></parts><date>11-01-22 20:40:08:269</date><id>8</id><polygon><username>anonymous</username><pt><x>472</x><y>301</y><time>11-01-22 20:39:48:788</time></pt><pt><x>494</x><y>274</y><time>11-01-22 20:39:49:233</time></pt><pt><x>528</x><y>259</y><time>11-01-22 20:39:49:617</time></pt><pt><x>543</x><y>254</y><time>11-01-22 20:39:49:967</time></pt><pt><x>554</x><y>237</y><time>11-01-22 20:39:50:274</time></pt><pt><x>581</x><y>237</y><time>11-01-22 20:39:50:620</time></pt><pt><x>643</x><y>289</y><time>11-01-22 20:39:53:244</time></pt><pt><x>661</x><y>269</y><time>11-01-22 20:39:56:575</time></pt><pt><x>676</x><y>260</y><time>11-01-22 20:39:57:093</time></pt><pt><x>695</x><y>259</y><time>11-01-22 20:39:57:460</time></pt><pt><x>711</x><y>260</y><time>11-01-22 20:39:57:745</time></pt><pt><x>733</x><y>274</y><time>11-01-22 20:39:58:020</time></pt><pt><x>743</x><y>301</y><time>11-01-22 20:39:58:328</time></pt><pt><x>733</x><y>327</y><time>11-01-22 20:39:58:967</time></pt><pt><x>723</x><y>334</y><time>11-01-22 20:39:59:321</time></pt><pt><x>715</x><y>361</y><time>11-01-22 20:39:59:578</time></pt><pt><x>710</x><y>386</y><time>11-01-22 20:39:59:844</time></pt><pt><x>698</x><y>412</y><time>11-01-22 20:40:00:129</time></pt><pt><x>686</x><y>422</y><time>11-01-22 20:40:00:387</time></pt><pt><x>663</x><y>431</y><time>11-01-22 20:40:00:644</time></pt><pt><x>604</x><y>461</y><time>11-01-22 20:40:01:170</time></pt><pt><x>574</x><y>464</y><time>11-01-22 20:40:01:467</time></pt><pt><x>544</x><y>461</y><time>11-01-22 20:40:01:746</time></pt><pt><x>521</x><y>451</y><time>11-01-22 20:40:02:020</time></pt><pt><x>503</x><y>427</y><time>11-01-22 20:40:02:311</time></pt><pt><x>498</x><y>404</y><time>11-01-22 20:40:02:582</time></pt><pt><x>486</x><y>377</y><time>11-01-22 20:40:02:841</time></pt><pt><x>478</x><y>359</y><time>11-01-22 20:40:03:098</time></pt><pt><x>469</x><y>349</y><time>11-01-22 20:40:03:427</time></pt><pt><x>432</x><y>346</y><time>11-01-22 20:40:03:733</time></pt><pt><x>416</x><y>327</y><time>11-01-22 20:40:03:991</time></pt><pt><x>424</x><y>306</y><time>11-01-22 20:40:04:348</time></pt><pt><x>451</x><y>301</y><time>11-01-22 20:40:04:604</time></pt><closed_date>11-01-22 20:40:04:827</closed_date></polygon></object><object><name>root canal treatment</name><deleted>0</deleted><verified>0</verified><occluded>no</occluded><attributes /><parts><hasparts /><ispartof>1</ispartof></parts><date>11-01-22 20:40:26:947</date><id>9</id><polygon><username>anonymous</username><pt><x>578</x><y>217</y><time>11-01-22 20:40:09:506</time></pt><pt><x>568</x><y>167</y><time>11-01-22 20:40:10:292</time></pt><pt><x>544</x><y>120</y><time>11-01-22 20:40:14:028</time></pt><pt><x>514</x><y>93</y><time>11-01-22 20:40:14:586</time></pt><pt><x>471</x><y>63</y><time>11-01-22 20:40:15:088</time></pt><pt><x>464</x><y>50</y><time>11-01-22 20:40:17:764</time></pt><pt><x>459</x><y>27</y><time>11-01-22 20:40:18:191</time></pt><pt><x>451</x><y>15</y><time>11-01-22 20:40:18:558</time></pt><pt><x>501</x><y>35</y><time>11-01-22 20:40:19:247</time></pt><pt><x>536</x><y>70</y><time>11-01-22 20:40:19:774</time></pt><pt><x>554</x><y>93</y><time>11-01-22 20:40:20:300</time></pt><pt><x>613</x><y>200</y><time>11-01-22 20:40:21:682</time></pt><pt><x>623</x><y>234</y><time>11-01-22 20:40:22:274</time></pt><pt><x>619</x><y>259</y><time>11-01-22 20:40:22:775</time></pt><pt><x>583</x><y>230</y><time>11-01-22 20:40:23:453</time></pt><closed_date>11-01-22 20:40:24:610</closed_date></polygon></object><object><name>root canal treatment</name><deleted>0</deleted><verified>0</verified><occluded>no</occluded><attributes /><parts><hasparts /><ispartof>1</ispartof></parts><date>11-01-22 20:40:40:238</date><id>10</id><polygon><username>anonymous</username><pt><x>524</x><y>237</y><time>11-01-22 20:40:28:415</time></pt><pt><x>491</x><y>194</y><time>11-01-22 20:40:29:174</time></pt><pt><x>462</x><y>144</y><time>11-01-22 20:40:29:825</time></pt><pt><x>452</x><y>124</y><time>11-01-22 20:40:30:296</time></pt><pt><x>412</x><y>60</y><time>11-01-22 20:40:31:142</time></pt><pt><x>391</x><y>18</y><time>11-01-22 20:40:31:854</time></pt><pt><x>369</x><y>0</y><time>11-01-22 20:40:32:454</time></pt><pt><x>356</x><y>8</y><time>11-01-22 20:40:33:044</time></pt><pt><x>387</x><y>63</y><time>11-01-22 20:40:33:653</time></pt><pt><x>409</x><y>90</y><time>11-01-22 20:40:34:133</time></pt><pt><x>452</x><y>160</y><time>11-01-22 20:40:34:706</time></pt><pt><x>479</x><y>202</y><time>11-01-22 20:40:35:241</time></pt><pt><x>499</x><y>234</y><time>11-01-22 20:40:35:882</time></pt><pt><x>514</x><y>262</y><time>11-01-22 20:40:36:349</time></pt><closed_date>11-01-22 20:40:36:802</closed_date></polygon></object><object><name>root canal treatment</name><deleted>0</deleted><verified>0</verified><occluded>no</occluded><attributes /><parts><hasparts /><ispartof>1</ispartof></parts><date>11-01-22 20:40:54:919</date><id>11</id><polygon><username>anonymous</username><pt><x>471</x><y>229</y><time>11-01-22 20:40:41:494</time></pt><pt><x>439</x><y>192</y><time>11-01-22 20:40:42:344</time></pt><pt><x>389</x><y>125</y><time>11-01-22 20:40:43:113</time></pt><pt><x>354</x><y>75</y><time>11-01-22 20:40:43:802</time></pt><pt><x>321</x><y>33</y><time>11-01-22 20:40:44:374</time></pt><pt><x>307</x><y>3</y><time>11-01-22 20:40:45:023</time></pt><pt><x>297</x><y>22</y><time>11-01-22 20:40:45:750</time></pt><pt><x>307</x><y>48</y><time>11-01-22 20:40:46:314</time></pt><pt><x>337</x><y>107</y><time>11-01-22 20:40:46:926</time></pt><pt><x>381</x><y>160</y><time>11-01-22 20:40:47:653</time></pt><pt><x>416</x><y>200</y><time>11-01-22 20:40:48:455</time></pt><pt><x>439</x><y>237</y><time>11-01-22 20:40:49:010</time></pt><pt><x>464</x><y>255</y><time>11-01-22 20:40:49:473</time></pt><pt><x>488</x><y>250</y><time>11-01-22 20:40:49:905</time></pt><pt><x>484</x><y>240</y><time>11-01-22 20:40:50:358</time></pt><closed_date>11-01-22 20:40:51:681</closed_date></polygon></object><object><name>crown</name><deleted>0</deleted><verified>0</verified><occluded>no</occluded><attributes /><parts><hasparts /><ispartof /></parts><date>11-01-22 20:41:20:772</date><id>12</id><polygon><username>anonymous</username><pt><x>735</x><y>237</y><time>11-01-22 20:40:58:797</time></pt><pt><x>743</x><y>169</y><time>11-01-22 20:40:59:836</time></pt><pt><x>761</x><y>127</y><time>11-01-22 20:41:00:581</time></pt><pt><x>791</x><y>90</y><time>11-01-22 20:41:01:105</time></pt><pt><x>846</x><y>99</y><time>11-01-22 20:41:01:704</time></pt><pt><x>877</x><y>112</y><time>11-01-22 20:41:02:354</time></pt><pt><x>902</x><y>150</y><time>11-01-22 20:41:02:918</time></pt><pt><x>928</x><y>197</y><time>11-01-22 20:41:03:447</time></pt><pt><x>942</x><y>234</y><time>11-01-22 20:41:04:034</time></pt><pt><x>973</x><y>339</y><time>11-01-22 20:41:04:878</time></pt><pt><x>967</x><y>381</y><time>11-01-22 20:41:05:491</time></pt><pt><x>932</x><y>399</y><time>11-01-22 20:41:05:992</time></pt><pt><x>895</x><y>439</y><time>11-01-22 20:41:06:521</time></pt><pt><x>857</x><y>439</y><time>11-01-22 20:41:06:995</time></pt><pt><x>811</x><y>426</y><time>11-01-22 20:41:07:476</time></pt><pt><x>788</x><y>401</y><time>11-01-22 20:41:07:953</time></pt><pt><x>761</x><y>354</y><time>11-01-22 20:41:08:390</time></pt><pt><x>745</x><y>307</y><time>11-01-22 20:41:09:123</time></pt><pt><x>735</x><y>250</y><time>11-01-22 20:41:09:542</time></pt><pt><x>738</x><y>210</y><time>11-01-22 20:41:09:918</time></pt><pt><x>743</x><y>204</y><time>11-01-22 20:41:11:034</time></pt><closed_date>11-01-22 20:41:11:942</closed_date></polygon></object><object><name>restoration</name><deleted>0</deleted><verified>0</verified><occluded>no</occluded><attributes /><parts><hasparts /><ispartof>5</ispartof></parts><date>11-01-22 20:41:40:670</date><id>13</id><polygon><username>anonymous</username><pt><x>1043</x><y>523</y><time>11-01-22 20:41:24:216</time></pt><pt><x>1047</x><y>546</y><time>11-01-22 20:41:24:620</time></pt><pt><x>1028</x><y>576</y><time>11-01-22 20:41:25:092</time></pt><pt><x>1013</x><y>593</y><time>11-01-22 20:41:25:569</time></pt><pt><x>1000</x><y>594</y><time>11-01-22 20:41:25:952</time></pt><pt><x>985</x><y>606</y><time>11-01-22 20:41:26:425</time></pt><pt><x>973</x><y>619</y><time>11-01-22 20:41:26:872</time></pt><pt><x>947</x><y>624</y><time>11-01-22 20:41:27:325</time></pt><pt><x>920</x><y>623</y><time>11-01-22 20:41:27:748</time></pt><pt><x>900</x><y>604</y><time>11-01-22 20:41:28:125</time></pt><pt><x>898</x><y>584</y><time>11-01-22 20:41:28:434</time></pt><pt><x>918</x><y>556</y><time>11-01-22 20:41:28:753</time></pt><pt><x>930</x><y>539</y><time>11-01-22 20:41:29:068</time></pt><pt><x>952</x><y>516</y><time>11-01-22 20:41:29:472</time></pt><pt><x>970</x><y>513</y><time>11-01-22 20:41:29:862</time></pt><pt><x>982</x><y>518</y><time>11-01-22 20:41:30:253</time></pt><pt><x>995</x><y>524</y><time>11-01-22 20:41:30:592</time></pt><pt><x>1013</x><y>518</y><time>11-01-22 20:41:30:872</time></pt><pt><x>1033</x><y>509</y><time>11-01-22 20:41:31:198</time></pt><closed_date>11-01-22 20:41:31:668</closed_date></polygon></object><object><name>restoration</name><deleted>0</deleted><verified>0</verified><occluded>no</occluded><attributes /><parts><hasparts>16</hasparts><ispartof>6</ispartof></parts><date>11-01-22 20:41:54:720</date><id>14</id><polygon><username>anonymous</username><pt><x>404</x><y>743</y><time>11-01-22 20:41:42:221</time></pt><pt><x>401</x><y>653</y><time>11-01-22 20:41:42:797</time></pt><pt><x>401</x><y>621</y><time>11-01-22 20:41:43:301</time></pt><pt><x>417</x><y>583</y><time>11-01-22 20:41:43:738</time></pt><pt><x>449</x><y>586</y><time>11-01-22 20:41:44:191</time></pt><pt><x>494</x><y>573</y><time>11-01-22 20:41:44:658</time></pt><pt><x>536</x><y>563</y><time>11-01-22 20:41:45:125</time></pt><pt><x>571</x><y>559</y><time>11-01-22 20:41:45:581</time></pt><pt><x>589</x><y>568</y><time>11-01-22 20:41:46:054</time></pt><pt><x>623</x><y>573</y><time>11-01-22 20:41:46:507</time></pt><pt><x>658</x><y>571</y><time>11-01-22 20:41:46:933</time></pt><pt><x>681</x><y>586</y><time>11-01-22 20:41:47:544</time></pt><pt><x>673</x><y>636</y><time>11-01-22 20:41:47:976</time></pt><pt><x>661</x><y>721</y><time>11-01-22 20:41:48:618</time></pt><pt><x>646</x><y>775</y><time>11-01-22 20:41:49:163</time></pt><pt><x>599</x><y>788</y><time>11-01-22 20:41:49:601</time></pt><pt><x>561</x><y>770</y><time>11-01-22 20:41:50:020</time></pt><pt><x>529</x><y>771</y><time>11-01-22 20:41:50:325</time></pt><pt><x>496</x><y>780</y><time>11-01-22 20:41:50:661</time></pt><pt><x>466</x><y>780</y><time>11-01-22 20:41:50:997</time></pt><pt><x>424</x><y>763</y><time>11-01-22 20:41:51:259</time></pt><closed_date>11-01-22 20:41:51:574</closed_date></polygon></object><object><name>root canal treatment</name><deleted>0</deleted><verified>0</verified><occluded>no</occluded><attributes /><parts><hasparts /><ispartof>6</ispartof></parts><date>11-01-22 20:42:02:942</date><id>15</id><polygon><username>anonymous</username><pt><x>456</x><y>785</y><time>11-01-22 20:41:55:659</time></pt><pt><x>381</x><y>942</y><time>11-01-22 20:41:57:235</time></pt><pt><x>402</x><y>942</y><time>11-01-22 20:41:58:056</time></pt><pt><x>486</x><y>786</y><time>11-01-22 20:41:59:306</time></pt><closed_date>11-01-22 20:41:59:974</closed_date></polygon></object><object><name>root canal treatment</name><deleted>0</deleted><verified>0</verified><occluded>no</occluded><attributes /><parts><hasparts /><ispartof>14</ispartof></parts><date>11-01-22 20:42:13:807</date><id>16</id><polygon><username>anonymous</username><pt><x>573</x><y>798</y><time>11-01-22 20:42:03:934</time></pt><pt><x>583</x><y>846</y><time>11-01-22 20:42:04:581</time></pt><pt><x>583</x><y>885</y><time>11-01-22 20:42:04:980</time></pt><pt><x>566</x><y>937</y><time>11-01-22 20:42:05:663</time></pt><pt><x>594</x><y>940</y><time>11-01-22 20:42:07:128</time></pt><pt><x>613</x><y>865</y><time>11-01-22 20:42:08:408</time></pt><pt><x>604</x><y>803</y><time>11-01-22 20:42:09:077</time></pt><pt><x>589</x><y>791</y><time>11-01-22 20:42:09:844</time></pt><pt><x>579</x><y>785</y><time>11-01-22 20:42:10:625</time></pt><closed_date>11-01-22 20:42:10:973</closed_date></polygon></object><imagesize><nrows /><ncols /></imagesize></annotation>