<?xml version='1.0' encoding='UTF-8'?>
<annotation><filename>22.jpg</filename><folder>segmentation_xray</folder><source><sourceImage>The MIT-CSAIL database of objects and scenes</sourceImage><sourceAnnotation>LabelMe Webtool</sourceAnnotation></source><object><name>tooth</name><deleted>0</deleted><verified>0</verified><occluded>no</occluded><attributes>27</attributes><parts><hasparts>8</hasparts><ispartof /></parts><date>07-12-21 15:53:04:211</date><id>0</id><type>bounding_box</type><polygon><username>anonymous</username><pt><x>776</x><y>337</y><time>07-12-21 15:52:24:557</time></pt><pt><x>441</x><y>337</y><time>07-12-21 15:52:30:834</time></pt><pt><x>441</x><y>2</y><time>undefined</time></pt><pt><x>776</x><y>2</y><time>undefined</time></pt><closed_date>07-12-21 15:52:30:834</closed_date></polygon></object><object><name>tooth</name><deleted>0</deleted><verified>0</verified><occluded>no</occluded><attributes>26</attributes><parts><hasparts>7</hasparts><ispartof /></parts><date>07-12-21 15:53:19:725</date><id>1</id><type>bounding_box</type><polygon><username>anonymous</username><pt><x>122</x><y>342</y><time>07-12-21 15:53:07:289</time></pt><pt><x>499</x><y>342</y><time>07-12-21 15:53:12:007</time></pt><pt><x>499</x><y>7</y><time>undefined</time></pt><pt><x>122</x><y>7</y><time>undefined</time></pt><closed_date>07-12-21 15:53:12:008</closed_date></polygon></object><object><name>tooth</name><deleted>0</deleted><verified>0</verified><occluded>no</occluded><attributes>25</attributes><parts><hasparts /><ispartof /></parts><date>07-12-21 15:53:33:182</date><id>2</id><type>bounding_box</type><polygon><username>anonymous</username><pt><x>13</x><y>347</y><time>07-12-21 15:53:23:252</time></pt><pt><x>137</x><y>347</y><time>07-12-21 15:53:27:770</time></pt><pt><x>137</x><y>8</y><time>undefined</time></pt><pt><x>13</x><y>8</y><time>undefined</time></pt><closed_date>07-12-21 15:53:27:770</closed_date></polygon></object><object><name>tooth</name><deleted>0</deleted><verified>0</verified><occluded>no</occluded><attributes>37</attributes><parts><hasparts>10,9</hasparts><ispartof /></parts><date>07-12-21 15:54:51:367</date><id>3</id><type>bounding_box</type><polygon><username>anonymous</username><pt><x>1010</x><y>327</y><time>07-12-21 15:54:34:367</time></pt><pt><x>628</x><y>327</y><time>07-12-21 15:54:41:349</time></pt><pt><x>628</x><y>942</y><time>undefined</time></pt><pt><x>1010</x><y>942</y><time>undefined</time></pt><closed_date>07-12-21 15:54:41:349</closed_date></polygon></object><object><name>tooth</name><deleted>0</deleted><verified>0</verified><occluded>no</occluded><attributes>36</attributes><parts><hasparts>11,13</hasparts><ispartof /></parts><date>07-12-21 15:55:23:976</date><id>4</id><type>bounding_box</type><polygon><username>anonymous</username><pt><x>306</x><y>404</y><time>07-12-21 15:55:04:479</time></pt><pt><x>761</x><y>404</y><time>07-12-21 15:55:09:370</time></pt><pt><x>761</x><y>948</y><time>undefined</time></pt><pt><x>306</x><y>948</y><time>undefined</time></pt><closed_date>07-12-21 15:55:09:370</closed_date></polygon></object><object><name>tooth</name><deleted>0</deleted><verified>0</verified><occluded>no</occluded><attributes>35</attributes><parts><hasparts>12</hasparts><ispartof /></parts><date>07-12-21 15:56:12:384</date><id>5</id><type>bounding_box</type><polygon><username>anonymous</username><pt><x>88</x><y>419</y><time>07-12-21 15:56:01:630</time></pt><pt><x>332</x><y>419</y><time>07-12-21 15:56:05:006</time></pt><pt><x>332</x><y>943</y><time>undefined</time></pt><pt><x>88</x><y>943</y><time>undefined</time></pt><closed_date>07-12-21 15:56:05:006</closed_date></polygon></object><object><name>tooth</name><deleted>0</deleted><verified>0</verified><occluded>no</occluded><attributes>34</attributes><parts><hasparts /><ispartof /></parts><date>07-12-21 15:56:22:071</date><id>6</id><type>bounding_box</type><polygon><username>anonymous</username><pt><x>12</x><y>432</y><time>07-12-21 15:56:14:764</time></pt><pt><x>124</x><y>432</y><time>07-12-21 15:56:17:186</time></pt><pt><x>124</x><y>943</y><time>undefined</time></pt><pt><x>12</x><y>943</y><time>undefined</time></pt><closed_date>07-12-21 15:56:17:186</closed_date></polygon></object><object><name>restoration</name><deleted>0</deleted><verified>0</verified><occluded>no</occluded><attributes /><parts><hasparts /><ispartof>1</ispartof></parts><date>07-12-21 15:57:16:361</date><id>7</id><polygon><username>anonymous</username><pt><x>157</x><y>165</y><time>07-12-21 15:56:28:374</time></pt><pt><x>190</x><y>145</y><time>07-12-21 15:56:29:179</time></pt><pt><x>205</x><y>145</y><time>07-12-21 15:56:29:749</time></pt><pt><x>225</x><y>145</y><time>07-12-21 15:56:30:403</time></pt><pt><x>239</x><y>154</y><time>07-12-21 15:56:30:933</time></pt><pt><x>242</x><y>177</y><time>07-12-21 15:56:31:553</time></pt><pt><x>247</x><y>194</y><time>07-12-21 15:56:32:136</time></pt><pt><x>254</x><y>219</y><time>07-12-21 15:56:32:665</time></pt><pt><x>254</x><y>232</y><time>07-12-21 15:56:33:287</time></pt><pt><x>270</x><y>237</y><time>07-12-21 15:56:33:988</time></pt><pt><x>294</x><y>237</y><time>07-12-21 15:56:34:677</time></pt><pt><x>304</x><y>250</y><time>07-12-21 15:56:35:256</time></pt><pt><x>316</x><y>267</y><time>07-12-21 15:56:35:814</time></pt><pt><x>321</x><y>289</y><time>07-12-21 15:56:36:572</time></pt><pt><x>327</x><y>301</y><time>07-12-21 15:56:37:435</time></pt><pt><x>341</x><y>275</y><time>07-12-21 15:56:38:715</time></pt><pt><x>354</x><y>264</y><time>07-12-21 15:56:39:272</time></pt><pt><x>371</x><y>264</y><time>07-12-21 15:56:39:759</time></pt><pt><x>389</x><y>264</y><time>07-12-21 15:56:40:372</time></pt><pt><x>404</x><y>275</y><time>07-12-21 15:56:40:858</time></pt><pt><x>404</x><y>301</y><time>07-12-21 15:56:47:633</time></pt><pt><x>377</x><y>309</y><time>07-12-21 15:57:02:781</time></pt><pt><x>356</x><y>309</y><time>07-12-21 15:57:03:386</time></pt><pt><x>326</x><y>309</y><time>07-12-21 15:57:03:874</time></pt><pt><x>301</x><y>312</y><time>07-12-21 15:57:04:493</time></pt><pt><x>277</x><y>307</y><time>07-12-21 15:57:04:974</time></pt><pt><x>249</x><y>297</y><time>07-12-21 15:57:05:363</time></pt><pt><x>234</x><y>294</y><time>07-12-21 15:57:05:914</time></pt><pt><x>224</x><y>297</y><time>07-12-21 15:57:06:415</time></pt><pt><x>205</x><y>301</y><time>07-12-21 15:57:06:854</time></pt><pt><x>187</x><y>296</y><time>07-12-21 15:57:07:355</time></pt><pt><x>172</x><y>274</y><time>07-12-21 15:57:07:801</time></pt><pt><x>157</x><y>270</y><time>07-12-21 15:57:08:302</time></pt><pt><x>139</x><y>265</y><time>07-12-21 15:57:08:775</time></pt><pt><x>127</x><y>244</y><time>07-12-21 15:57:09:276</time></pt><pt><x>135</x><y>225</y><time>07-12-21 15:57:09:805</time></pt><pt><x>139</x><y>207</y><time>07-12-21 15:57:10:348</time></pt><pt><x>142</x><y>185</y><time>07-12-21 15:57:10:800</time></pt><closed_date>07-12-21 15:57:11:283</closed_date></polygon></object><object><name>restoration</name><deleted>0</deleted><verified>0</verified><occluded>no</occluded><attributes /><parts><hasparts /><ispartof>0</ispartof></parts><date>07-12-21 15:57:55:859</date><id>8</id><polygon><username>anonymous</username><pt><x>506</x><y>260</y><time>07-12-21 15:57:29:128</time></pt><pt><x>529</x><y>257</y><time>07-12-21 15:57:30:055</time></pt><pt><x>549</x><y>260</y><time>07-12-21 15:57:30:627</time></pt><pt><x>566</x><y>267</y><time>07-12-21 15:57:31:135</time></pt><pt><x>581</x><y>267</y><time>07-12-21 15:57:31:678</time></pt><pt><x>594</x><y>252</y><time>07-12-21 15:57:32:172</time></pt><pt><x>606</x><y>249</y><time>07-12-21 15:57:32:716</time></pt><pt><x>618</x><y>250</y><time>07-12-21 15:57:33:371</time></pt><pt><x>628</x><y>257</y><time>07-12-21 15:57:33:921</time></pt><pt><x>653</x><y>259</y><time>07-12-21 15:57:34:436</time></pt><pt><x>676</x><y>259</y><time>07-12-21 15:57:34:965</time></pt><pt><x>695</x><y>249</y><time>07-12-21 15:57:37:366</time></pt><pt><x>705</x><y>247</y><time>07-12-21 15:57:37:860</time></pt><pt><x>710</x><y>254</y><time>07-12-21 15:57:39:245</time></pt><pt><x>721</x><y>257</y><time>07-12-21 15:57:39:936</time></pt><pt><x>726</x><y>260</y><time>07-12-21 15:57:40:459</time></pt><pt><x>716</x><y>269</y><time>07-12-21 15:57:41:071</time></pt><pt><x>711</x><y>272</y><time>07-12-21 15:57:41:510</time></pt><pt><x>698</x><y>287</y><time>07-12-21 15:57:41:983</time></pt><pt><x>690</x><y>294</y><time>07-12-21 15:57:42:336</time></pt><pt><x>680</x><y>299</y><time>07-12-21 15:57:42:791</time></pt><pt><x>666</x><y>294</y><time>07-12-21 15:57:43:206</time></pt><pt><x>658</x><y>286</y><time>07-12-21 15:57:43:569</time></pt><pt><x>654</x><y>294</y><time>07-12-21 15:57:44:204</time></pt><pt><x>646</x><y>302</y><time>07-12-21 15:57:44:717</time></pt><pt><x>634</x><y>304</y><time>07-12-21 15:57:45:176</time></pt><pt><x>623</x><y>299</y><time>07-12-21 15:57:45:761</time></pt><pt><x>618</x><y>289</y><time>07-12-21 15:57:46:305</time></pt><pt><x>616</x><y>277</y><time>07-12-21 15:57:46:849</time></pt><pt><x>596</x><y>294</y><time>07-12-21 15:57:47:438</time></pt><pt><x>573</x><y>299</y><time>07-12-21 15:57:47:961</time></pt><pt><x>548</x><y>307</y><time>07-12-21 15:57:48:385</time></pt><pt><x>524</x><y>307</y><time>07-12-21 15:57:48:881</time></pt><pt><x>514</x><y>302</y><time>07-12-21 15:57:49:299</time></pt><pt><x>511</x><y>292</y><time>07-12-21 15:57:49:814</time></pt><pt><x>504</x><y>287</y><time>07-12-21 15:57:50:225</time></pt><pt><x>498</x><y>279</y><time>07-12-21 15:57:50:684</time></pt><closed_date>07-12-21 15:57:51:172</closed_date></polygon></object><object><name>restoration</name><deleted>0</deleted><verified>0</verified><occluded>no</occluded><attributes /><parts><hasparts /><ispartof>3</ispartof></parts><date>07-12-21 15:58:27:346</date><id>9</id><polygon><username>anonymous</username><pt><x>888</x><y>417</y><time>07-12-21 15:58:04:173</time></pt><pt><x>877</x><y>431</y><time>07-12-21 15:58:04:618</time></pt><pt><x>863</x><y>434</y><time>07-12-21 15:58:05:073</time></pt><pt><x>843</x><y>434</y><time>07-12-21 15:58:05:544</time></pt><pt><x>831</x><y>439</y><time>07-12-21 15:58:05:961</time></pt><pt><x>816</x><y>449</y><time>07-12-21 15:58:06:331</time></pt><pt><x>803</x><y>464</y><time>07-12-21 15:58:06:722</time></pt><pt><x>796</x><y>472</y><time>07-12-21 15:58:07:090</time></pt><pt><x>778</x><y>474</y><time>07-12-21 15:58:07:597</time></pt><pt><x>755</x><y>466</y><time>07-12-21 15:58:08:057</time></pt><pt><x>731</x><y>461</y><time>07-12-21 15:58:09:464</time></pt><pt><x>718</x><y>459</y><time>07-12-21 15:58:10:070</time></pt><pt><x>705</x><y>459</y><time>07-12-21 15:58:10:570</time></pt><pt><x>705</x><y>451</y><time>07-12-21 15:58:13:531</time></pt><pt><x>698</x><y>441</y><time>07-12-21 15:58:13:864</time></pt><pt><x>695</x><y>431</y><time>07-12-21 15:58:14:259</time></pt><pt><x>691</x><y>419</y><time>07-12-21 15:58:14:670</time></pt><pt><x>696</x><y>412</y><time>07-12-21 15:58:15:109</time></pt><pt><x>713</x><y>409</y><time>07-12-21 15:58:15:569</time></pt><pt><x>730</x><y>409</y><time>07-12-21 15:58:15:916</time></pt><pt><x>743</x><y>412</y><time>07-12-21 15:58:16:242</time></pt><pt><x>758</x><y>414</y><time>07-12-21 15:58:16:576</time></pt><pt><x>773</x><y>407</y><time>07-12-21 15:58:16:959</time></pt><pt><x>776</x><y>401</y><time>07-12-21 15:58:17:294</time></pt><pt><x>776</x><y>391</y><time>07-12-21 15:58:17:581</time></pt><pt><x>785</x><y>384</y><time>07-12-21 15:58:17:948</time></pt><pt><x>796</x><y>382</y><time>07-12-21 15:58:18:303</time></pt><pt><x>805</x><y>387</y><time>07-12-21 15:58:18:647</time></pt><pt><x>820</x><y>396</y><time>07-12-21 15:58:19:028</time></pt><pt><x>830</x><y>396</y><time>07-12-21 15:58:19:368</time></pt><pt><x>836</x><y>387</y><time>07-12-21 15:58:19:676</time></pt><pt><x>841</x><y>377</y><time>07-12-21 15:58:19:975</time></pt><pt><x>853</x><y>364</y><time>07-12-21 15:58:20:308</time></pt><pt><x>863</x><y>362</y><time>07-12-21 15:58:20:656</time></pt><pt><x>873</x><y>371</y><time>07-12-21 15:58:21:039</time></pt><pt><x>880</x><y>381</y><time>07-12-21 15:58:21:353</time></pt><pt><x>890</x><y>394</y><time>07-12-21 15:58:21:694</time></pt><closed_date>07-12-21 15:58:22:628</closed_date></polygon></object><object><name>restoration</name><deleted>0</deleted><verified>0</verified><occluded>no</occluded><attributes /><parts><hasparts /><ispartof>3</ispartof></parts><date>07-12-21 15:58:47:741</date><id>10</id><polygon><username>anonymous</username><pt><x>710</x><y>469</y><time>07-12-21 15:58:30:079</time></pt><pt><x>711</x><y>489</y><time>07-12-21 15:58:30:545</time></pt><pt><x>711</x><y>508</y><time>07-12-21 15:58:30:949</time></pt><pt><x>716</x><y>526</y><time>07-12-21 15:58:31:388</time></pt><pt><x>720</x><y>539</y><time>07-12-21 15:58:31:714</time></pt><pt><x>713</x><y>548</y><time>07-12-21 15:58:32:112</time></pt><pt><x>705</x><y>554</y><time>07-12-21 15:58:32:683</time></pt><pt><x>696</x><y>558</y><time>07-12-21 15:58:33:053</time></pt><pt><x>680</x><y>564</y><time>07-12-21 15:58:33:526</time></pt><pt><x>673</x><y>564</y><time>07-12-21 15:58:33:882</time></pt><pt><x>661</x><y>564</y><time>07-12-21 15:58:34:182</time></pt><pt><x>651</x><y>564</y><time>07-12-21 15:58:34:528</time></pt><pt><x>639</x><y>548</y><time>07-12-21 15:58:38:365</time></pt><pt><x>634</x><y>529</y><time>07-12-21 15:58:39:063</time></pt><pt><x>623</x><y>503</y><time>07-12-21 15:58:39:572</time></pt><pt><x>621</x><y>484</y><time>07-12-21 15:58:40:085</time></pt><pt><x>621</x><y>466</y><time>07-12-21 15:58:40:538</time></pt><pt><x>634</x><y>451</y><time>07-12-21 15:58:41:011</time></pt><pt><x>649</x><y>439</y><time>07-12-21 15:58:41:520</time></pt><pt><x>658</x><y>432</y><time>07-12-21 15:58:41:945</time></pt><pt><x>668</x><y>424</y><time>07-12-21 15:58:42:419</time></pt><pt><x>685</x><y>422</y><time>07-12-21 15:58:42:850</time></pt><pt><x>695</x><y>429</y><time>07-12-21 15:58:43:225</time></pt><pt><x>703</x><y>439</y><time>07-12-21 15:58:43:595</time></pt><pt><x>710</x><y>451</y><time>07-12-21 15:58:43:991</time></pt><closed_date>07-12-21 15:58:44:389</closed_date></polygon></object><object><name>restoration</name><deleted>0</deleted><verified>0</verified><occluded>no</occluded><attributes /><parts><hasparts /><ispartof>4</ispartof></parts><date>07-12-21 15:59:29:954</date><id>11</id><polygon><username>anonymous</username><pt><x>621</x><y>586</y><time>07-12-21 15:58:50:470</time></pt><pt><x>599</x><y>596</y><time>07-12-21 15:58:51:004</time></pt><pt><x>579</x><y>591</y><time>07-12-21 15:58:51:443</time></pt><pt><x>569</x><y>583</y><time>07-12-21 15:58:51:860</time></pt><pt><x>563</x><y>574</y><time>07-12-21 15:58:52:272</time></pt><pt><x>559</x><y>569</y><time>07-12-21 15:58:52:668</time></pt><pt><x>553</x><y>568</y><time>07-12-21 15:58:53:079</time></pt><pt><x>539</x><y>568</y><time>07-12-21 15:58:53:461</time></pt><pt><x>523</x><y>568</y><time>07-12-21 15:58:53:790</time></pt><pt><x>488</x><y>558</y><time>07-12-21 15:58:57:145</time></pt><pt><x>467</x><y>554</y><time>07-12-21 15:58:57:722</time></pt><pt><x>446</x><y>548</y><time>07-12-21 15:58:58:237</time></pt><pt><x>432</x><y>541</y><time>07-12-21 15:58:58:669</time></pt><pt><x>419</x><y>528</y><time>07-12-21 15:58:59:066</time></pt><pt><x>407</x><y>519</y><time>07-12-21 15:58:59:477</time></pt><pt><x>402</x><y>496</y><time>07-12-21 15:59:12:907</time></pt><pt><x>411</x><y>474</y><time>07-12-21 15:59:13:798</time></pt><pt><x>424</x><y>466</y><time>07-12-21 15:59:14:375</time></pt><pt><x>434</x><y>462</y><time>07-12-21 15:59:14:937</time></pt><pt><x>454</x><y>466</y><time>07-12-21 15:59:15:413</time></pt><pt><x>471</x><y>467</y><time>07-12-21 15:59:15:809</time></pt><pt><x>483</x><y>464</y><time>07-12-21 15:59:16:198</time></pt><pt><x>496</x><y>457</y><time>07-12-21 15:59:16:610</time></pt><pt><x>523</x><y>442</y><time>07-12-21 15:59:20:792</time></pt><pt><x>543</x><y>441</y><time>07-12-21 15:59:21:434</time></pt><pt><x>564</x><y>442</y><time>07-12-21 15:59:21:873</time></pt><pt><x>586</x><y>456</y><time>07-12-21 15:59:22:492</time></pt><pt><x>599</x><y>459</y><time>07-12-21 15:59:23:007</time></pt><pt><x>613</x><y>467</y><time>07-12-21 15:59:23:476</time></pt><pt><x>619</x><y>476</y><time>07-12-21 15:59:23:870</time></pt><pt><x>626</x><y>493</y><time>07-12-21 15:59:24:206</time></pt><pt><x>628</x><y>508</y><time>07-12-21 15:59:24:539</time></pt><pt><x>629</x><y>526</y><time>07-12-21 15:59:24:888</time></pt><pt><x>633</x><y>554</y><time>07-12-21 15:59:25:189</time></pt><pt><x>633</x><y>579</y><time>07-12-21 15:59:25:536</time></pt><closed_date>07-12-21 15:59:25:911</closed_date></polygon></object><object><name>restoration</name><deleted>0</deleted><verified>0</verified><occluded>no</occluded><attributes /><parts><hasparts /><ispartof>5</ispartof></parts><date>07-12-21 15:59:57:533</date><id>12</id><polygon><username>anonymous</username><pt><x>227</x><y>526</y><time>07-12-21 15:59:33:352</time></pt><pt><x>212</x><y>516</y><time>07-12-21 15:59:34:134</time></pt><pt><x>202</x><y>508</y><time>07-12-21 15:59:34:613</time></pt><pt><x>194</x><y>499</y><time>07-12-21 15:59:34:982</time></pt><pt><x>189</x><y>491</y><time>07-12-21 15:59:35:428</time></pt><pt><x>187</x><y>491</y><time>07-12-21 15:59:35:895</time></pt><pt><x>180</x><y>503</y><time>07-12-21 15:59:36:418</time></pt><pt><x>172</x><y>511</y><time>07-12-21 15:59:36:877</time></pt><pt><x>162</x><y>514</y><time>07-12-21 15:59:37:331</time></pt><pt><x>154</x><y>514</y><time>07-12-21 15:59:37:728</time></pt><pt><x>145</x><y>509</y><time>07-12-21 15:59:38:084</time></pt><pt><x>137</x><y>504</y><time>07-12-21 15:59:38:500</time></pt><pt><x>127</x><y>498</y><time>07-12-21 15:59:38:862</time></pt><pt><x>114</x><y>493</y><time>07-12-21 15:59:39:204</time></pt><pt><x>110</x><y>481</y><time>07-12-21 15:59:39:614</time></pt><pt><x>112</x><y>467</y><time>07-12-21 15:59:40:032</time></pt><pt><x>127</x><y>457</y><time>07-12-21 15:59:40:428</time></pt><pt><x>144</x><y>459</y><time>07-12-21 15:59:40:908</time></pt><pt><x>154</x><y>459</y><time>07-12-21 15:59:41:342</time></pt><pt><x>170</x><y>459</y><time>07-12-21 15:59:41:780</time></pt><pt><x>187</x><y>456</y><time>07-12-21 15:59:42:177</time></pt><pt><x>205</x><y>456</y><time>07-12-21 15:59:42:671</time></pt><pt><x>224</x><y>462</y><time>07-12-21 15:59:43:095</time></pt><pt><x>235</x><y>466</y><time>07-12-21 15:59:43:485</time></pt><pt><x>250</x><y>471</y><time>07-12-21 15:59:43:875</time></pt><pt><x>272</x><y>474</y><time>07-12-21 15:59:44:266</time></pt><pt><x>282</x><y>479</y><time>07-12-21 15:59:44:683</time></pt><pt><x>292</x><y>494</y><time>07-12-21 15:59:45:121</time></pt><pt><x>299</x><y>496</y><time>07-12-21 15:59:45:575</time></pt><pt><x>311</x><y>496</y><time>07-12-21 15:59:45:999</time></pt><pt><x>312</x><y>504</y><time>07-12-21 15:59:46:585</time></pt><pt><x>314</x><y>526</y><time>07-12-21 15:59:47:044</time></pt><pt><x>317</x><y>551</y><time>07-12-21 15:59:47:558</time></pt><pt><x>317</x><y>569</y><time>07-12-21 15:59:47:998</time></pt><pt><x>311</x><y>579</y><time>07-12-21 15:59:48:422</time></pt><pt><x>297</x><y>581</y><time>07-12-21 15:59:49:196</time></pt><pt><x>279</x><y>579</y><time>07-12-21 15:59:49:754</time></pt><pt><x>262</x><y>574</y><time>07-12-21 15:59:50:203</time></pt><pt><x>249</x><y>564</y><time>07-12-21 15:59:50:705</time></pt><pt><x>247</x><y>543</y><time>07-12-21 15:59:51:215</time></pt><pt><x>244</x><y>534</y><time>07-12-21 15:59:51:623</time></pt><pt><x>244</x><y>523</y><time>07-12-21 15:59:52:063</time></pt><closed_date>07-12-21 15:59:52:551</closed_date></polygon></object><object><name>restoration</name><deleted>0</deleted><verified>0</verified><occluded>no</occluded><attributes /><parts><hasparts /><ispartof>4</ispartof></parts><date>07-12-21 16:00:11:228</date><id>13</id><polygon><username>anonymous</username><pt><x>367</x><y>479</y><time>07-12-21 15:59:59:007</time></pt><pt><x>376</x><y>493</y><time>07-12-21 15:59:59:701</time></pt><pt><x>386</x><y>513</y><time>07-12-21 16:00:00:342</time></pt><pt><x>386</x><y>529</y><time>07-12-21 16:00:01:003</time></pt><pt><x>381</x><y>546</y><time>07-12-21 16:00:01:518</time></pt><pt><x>374</x><y>556</y><time>07-12-21 16:00:02:041</time></pt><pt><x>362</x><y>556</y><time>07-12-21 16:00:02:577</time></pt><pt><x>344</x><y>558</y><time>07-12-21 16:00:03:029</time></pt><pt><x>331</x><y>553</y><time>07-12-21 16:00:03:468</time></pt><pt><x>321</x><y>544</y><time>07-12-21 16:00:03:922</time></pt><pt><x>316</x><y>531</y><time>07-12-21 16:00:04:352</time></pt><pt><x>312</x><y>519</y><time>07-12-21 16:00:04:784</time></pt><pt><x>312</x><y>503</y><time>07-12-21 16:00:05:266</time></pt><pt><x>322</x><y>494</y><time>07-12-21 16:00:05:739</time></pt><pt><x>332</x><y>489</y><time>07-12-21 16:00:06:198</time></pt><pt><x>344</x><y>489</y><time>07-12-21 16:00:06:547</time></pt><pt><x>352</x><y>484</y><time>07-12-21 16:00:06:963</time></pt><closed_date>07-12-21 16:00:07:319</closed_date></polygon></object><imagesize><nrows /><ncols /></imagesize></annotation>