<?xml version='1.0' encoding='UTF-8'?>
<annotation><filename>23.jpg</filename><folder>segmentation_xray</folder><source><sourceImage>The MIT-CSAIL database of objects and scenes</sourceImage><sourceAnnotation>LabelMe Webtool</sourceAnnotation></source><object><name>tooth</name><deleted>0</deleted><verified>0</verified><occluded>no</occluded><attributes>23</attributes><parts><hasparts /><ispartof /></parts><date>19-01-22 19:19:31:716</date><id>0</id><type>bounding_box</type><polygon><username>anonymous</username><pt><x>257</x><y>2</y><time>19-01-22 19:19:21:915</time></pt><pt><x>5</x><y>2</y><time>19-01-22 19:19:24:122</time></pt><pt><x>5</x><y>337</y><time>undefined</time></pt><pt><x>257</x><y>337</y><time>undefined</time></pt><closed_date>19-01-22 19:19:24:123</closed_date></polygon></object><object><name>tooth</name><deleted>0</deleted><verified>0</verified><occluded>no</occluded><attributes>24</attributes><parts><hasparts /><ispartof /></parts><date>19-01-22 19:19:51:026</date><id>1</id><type>bounding_box</type><polygon><username>anonymous</username><pt><x>461</x><y>357</y><time>19-01-22 19:19:39:050</time></pt><pt><x>225</x><y>357</y><time>19-01-22 19:19:41:650</time></pt><pt><x>225</x><y>3</y><time>undefined</time></pt><pt><x>461</x><y>3</y><time>undefined</time></pt><closed_date>19-01-22 19:19:41:650</closed_date></polygon></object><object><name>tooth</name><deleted>0</deleted><verified>0</verified><occluded>no</occluded><attributes>25</attributes><parts><hasparts /><ispartof /></parts><date>19-01-22 19:19:57:954</date><id>2</id><type>bounding_box</type><polygon><username>anonymous</username><pt><x>676</x><y>7</y><time>19-01-22 19:19:52:683</time></pt><pt><x>457</x><y>7</y><time>19-01-22 19:19:54:610</time></pt><pt><x>457</x><y>364</y><time>undefined</time></pt><pt><x>676</x><y>364</y><time>undefined</time></pt><closed_date>19-01-22 19:19:54:610</closed_date></polygon></object><object><name>tooth</name><deleted>0</deleted><verified>0</verified><occluded>no</occluded><attributes>26</attributes><parts><hasparts>10</hasparts><ispartof /></parts><date>19-01-22 19:20:05:852</date><id>3</id><type>bounding_box</type><polygon><username>anonymous</username><pt><x>1015</x><y>5</y><time>19-01-22 19:20:00:131</time></pt><pt><x>671</x><y>5</y><time>19-01-22 19:20:02:530</time></pt><pt><x>671</x><y>381</y><time>undefined</time></pt><pt><x>1015</x><y>381</y><time>undefined</time></pt><closed_date>19-01-22 19:20:02:530</closed_date></polygon></object><object><name>tooth</name><deleted>0</deleted><verified>0</verified><occluded>no</occluded><attributes>27</attributes><parts><hasparts /><ispartof /></parts><date>19-01-22 19:20:12:236</date><id>4</id><type>bounding_box</type><polygon><username>anonymous</username><pt><x>1215</x><y>371</y><time>19-01-22 19:20:07:028</time></pt><pt><x>1005</x><y>371</y><time>19-01-22 19:20:09:059</time></pt><pt><x>1005</x><y>2</y><time>undefined</time></pt><pt><x>1215</x><y>2</y><time>undefined</time></pt><closed_date>19-01-22 19:20:09:059</closed_date></polygon></object><object><name>tooth</name><deleted>0</deleted><verified>0</verified><occluded>no</occluded><attributes>37</attributes><parts><hasparts /><ispartof /></parts><date>19-01-22 19:20:23:666</date><id>5</id><type>bounding_box</type><polygon><username>anonymous</username><pt><x>1219</x><y>391</y><time>19-01-22 19:20:14:932</time></pt><pt><x>993</x><y>391</y><time>19-01-22 19:20:18:119</time></pt><pt><x>993</x><y>913</y><time>undefined</time></pt><pt><x>1219</x><y>913</y><time>undefined</time></pt><closed_date>19-01-22 19:20:18:120</closed_date></polygon></object><object><name>tooth</name><deleted>0</deleted><verified>0</verified><occluded>no</occluded><attributes>36</attributes><parts><hasparts>11</hasparts><ispartof /></parts><date>19-01-22 19:20:32:019</date><id>6</id><type>bounding_box</type><polygon><username>anonymous</username><pt><x>628</x><y>409</y><time>19-01-22 19:20:25:531</time></pt><pt><x>1022</x><y>409</y><time>19-01-22 19:20:27:859</time></pt><pt><x>1022</x><y>945</y><time>undefined</time></pt><pt><x>628</x><y>945</y><time>undefined</time></pt><closed_date>19-01-22 19:20:27:859</closed_date></polygon></object><object><name>tooth</name><deleted>0</deleted><verified>0</verified><occluded>no</occluded><attributes>35</attributes><parts><hasparts /><ispartof /></parts><date>19-01-22 19:20:40:042</date><id>7</id><type>bounding_box</type><polygon><username>anonymous</username><pt><x>386</x><y>436</y><time>19-01-22 19:20:33:196</time></pt><pt><x>623</x><y>436</y><time>19-01-22 19:20:36:603</time></pt><pt><x>623</x><y>945</y><time>undefined</time></pt><pt><x>386</x><y>945</y><time>undefined</time></pt><closed_date>19-01-22 19:20:36:603</closed_date></polygon></object><object><name>tooth</name><deleted>0</deleted><verified>0</verified><occluded>no</occluded><attributes>34</attributes><parts><hasparts /><ispartof /></parts><date>19-01-22 19:20:48:955</date><id>8</id><type>bounding_box</type><polygon><username>anonymous</username><pt><x>139</x><y>422</y><time>19-01-22 19:20:41:149</time></pt><pt><x>386</x><y>422</y><time>19-01-22 19:20:45:451</time></pt><pt><x>386</x><y>940</y><time>undefined</time></pt><pt><x>139</x><y>940</y><time>undefined</time></pt><closed_date>19-01-22 19:20:45:451</closed_date></polygon></object><object><name>tooth</name><deleted>0</deleted><verified>0</verified><occluded>no</occluded><attributes>33</attributes><parts><hasparts /><ispartof /></parts><date>19-01-22 19:20:54:940</date><id>9</id><type>bounding_box</type><polygon><username>anonymous</username><pt><x>0</x><y>407</y><time>19-01-22 19:20:49:500</time></pt><pt><x>182</x><y>407</y><time>19-01-22 19:20:51:443</time></pt><pt><x>182</x><y>948</y><time>undefined</time></pt><pt><x>0</x><y>948</y><time>undefined</time></pt><closed_date>19-01-22 19:20:51:443</closed_date></polygon></object><object><name>restoration</name><deleted>0</deleted><verified>0</verified><occluded>no</occluded><attributes /><parts><hasparts /><ispartof>3</ispartof></parts><date>19-01-22 19:21:11:698</date><id>10</id><polygon><username>anonymous</username><pt><x>810</x><y>296</y><time>19-01-22 19:20:57:444</time></pt><pt><x>830</x><y>292</y><time>19-01-22 19:20:58:060</time></pt><pt><x>848</x><y>301</y><time>19-01-22 19:20:58:491</time></pt><pt><x>855</x><y>306</y><time>19-01-22 19:20:59:123</time></pt><pt><x>875</x><y>280</y><time>19-01-22 19:21:00:004</time></pt><pt><x>898</x><y>270</y><time>19-01-22 19:21:00:461</time></pt><pt><x>917</x><y>264</y><time>19-01-22 19:21:00:899</time></pt><pt><x>935</x><y>265</y><time>19-01-22 19:21:01:276</time></pt><pt><x>948</x><y>277</y><time>19-01-22 19:21:01:764</time></pt><pt><x>955</x><y>304</y><time>19-01-22 19:21:02:595</time></pt><pt><x>952</x><y>319</y><time>19-01-22 19:21:03:155</time></pt><pt><x>933</x><y>327</y><time>19-01-22 19:21:03:499</time></pt><pt><x>913</x><y>337</y><time>19-01-22 19:21:05:507</time></pt><pt><x>908</x><y>347</y><time>19-01-22 19:21:05:986</time></pt><pt><x>897</x><y>357</y><time>19-01-22 19:21:06:394</time></pt><pt><x>882</x><y>346</y><time>19-01-22 19:21:06:915</time></pt><pt><x>858</x><y>342</y><time>19-01-22 19:21:07:307</time></pt><pt><x>835</x><y>342</y><time>19-01-22 19:21:07:587</time></pt><pt><x>813</x><y>344</y><time>19-01-22 19:21:07:835</time></pt><pt><x>803</x><y>317</y><time>19-01-22 19:21:08:299</time></pt><closed_date>19-01-22 19:21:08:650</closed_date></polygon></object><object><name>restoration</name><deleted>0</deleted><verified>0</verified><occluded>no</occluded><attributes /><parts><hasparts /><ispartof>6</ispartof></parts><date>19-01-22 19:22:20:125</date><id>11</id><polygon><username>anonymous</username><pt><x>731</x><y>467</y><time>19-01-22 19:21:13:004</time></pt><pt><x>736</x><y>499</y><time>19-01-22 19:21:13:531</time></pt><pt><x>733</x><y>528</y><time>19-01-22 19:21:14:355</time></pt><pt><x>731</x><y>563</y><time>19-01-22 19:21:14:884</time></pt><pt><x>743</x><y>581</y><time>19-01-22 19:21:15:442</time></pt><pt><x>765</x><y>583</y><time>19-01-22 19:21:15:899</time></pt><pt><x>803</x><y>581</y><time>19-01-22 19:21:16:683</time></pt><pt><x>835</x><y>576</y><time>19-01-22 19:21:17:051</time></pt><pt><x>845</x><y>558</y><time>19-01-22 19:21:17:460</time></pt><pt><x>841</x><y>534</y><time>19-01-22 19:21:17:811</time></pt><pt><x>838</x><y>521</y><time>19-01-22 19:21:18:114</time></pt><pt><x>840</x><y>511</y><time>19-01-22 19:21:18:451</time></pt><pt><x>836</x><y>506</y><time>19-01-22 19:22:15:500</time></pt><pt><x>821</x><y>491</y><time>19-01-22 19:22:15:971</time></pt><pt><x>805</x><y>491</y><time>19-01-22 19:22:16:347</time></pt><pt><x>796</x><y>472</y><time>19-01-22 19:22:16:764</time></pt><pt><x>785</x><y>456</y><time>19-01-22 19:22:17:163</time></pt><pt><x>755</x><y>456</y><time>19-01-22 19:22:17:452</time></pt><closed_date>19-01-22 19:22:17:780</closed_date></polygon></object><imagesize><nrows /><ncols /></imagesize></annotation>