<?xml version="1.0" encoding="UTF-8"?><annotation><filename>24.jpg</filename><folder>segmentation_xray</folder><source><sourceImage>The MIT-CSAIL database of objects and scenes</sourceImage><sourceAnnotation>LabelMe Webtool</sourceAnnotation></source><object><name>tooth 17</name><deleted>0</deleted><verified>0</verified><occluded>no</occluded><attributes/><parts><hasparts/><ispartof>7</ispartof></parts><date>10-01-22 16:50:02:956</date><id>0</id><type>bounding_box</type><polygon><username>anonymous</username><pt><x>0</x><y>485</y><time>10-01-22 16:49:54:161</time></pt><pt><x>290</x><y>485</y><time>10-01-22 16:49:58:650</time></pt><pt><x>290</x><y>7</y><time>undefined</time></pt><pt><x>0</x><y>7</y><time>undefined</time></pt><closed_date>10-01-22 16:49:58:651</closed_date></polygon></object><object><name>tooth 16</name><deleted>0</deleted><verified>0</verified><occluded>no</occluded><attributes/><parts><hasparts>10,11</hasparts><ispartof>7</ispartof></parts><date>10-01-22 16:50:10:723</date><id>1</id><type>bounding_box</type><polygon><username>anonymous</username><pt><x>271</x><y>504</y><time>10-01-22 16:50:04:389</time></pt><pt><x>626</x><y>504</y><time>10-01-22 16:50:06:973</time></pt><pt><x>626</x><y>4</y><time>undefined</time></pt><pt><x>271</x><y>4</y><time>undefined</time></pt><closed_date>10-01-22 16:50:06:974</closed_date></polygon></object><object><name>tooth 15</name><deleted>0</deleted><verified>0</verified><occluded>no</occluded><attributes/><parts><hasparts/><ispartof>7</ispartof></parts><date>10-01-22 16:50:18:557</date><id>2</id><type>bounding_box</type><polygon><username>anonymous</username><pt><x>828</x><y>453</y><time>10-01-22 16:50:12:352</time></pt><pt><x>601</x><y>453</y><time>10-01-22 16:50:14:663</time></pt><pt><x>601</x><y>1</y><time>undefined</time></pt><pt><x>828</x><y>1</y><time>undefined</time></pt><closed_date>10-01-22 16:50:14:664</closed_date></polygon></object><object><name>tooth 14</name><deleted>0</deleted><verified>0</verified><occluded>no</occluded><attributes/><parts><hasparts/><ispartof>7</ispartof></parts><date>10-01-22 16:50:25:249</date><id>3</id><type>bounding_box</type><polygon><username>anonymous</username><pt><x>1046</x><y>460</y><time>10-01-22 16:50:20:040</time></pt><pt><x>814</x><y>460</y><time>10-01-22 16:50:22:161</time></pt><pt><x>814</x><y>2</y><time>undefined</time></pt><pt><x>1046</x><y>2</y><time>undefined</time></pt><closed_date>10-01-22 16:50:22:161</closed_date></polygon></object><object><name>tooth 13</name><deleted>0</deleted><verified>0</verified><occluded>no</occluded><attributes/><parts><hasparts/><ispartof>7</ispartof></parts><date>10-01-22 16:50:31:932</date><id>4</id><type>bounding_box</type><polygon><username>anonymous</username><pt><x>987</x><y>462</y><time>10-01-22 16:50:26:533</time></pt><pt><x>1219</x><y>462</y><time>10-01-22 16:50:28:363</time></pt><pt><x>1219</x><y>1</y><time>undefined</time></pt><pt><x>987</x><y>1</y><time>undefined</time></pt><closed_date>10-01-22 16:50:28:363</closed_date></polygon></object><object><name>tooth 43</name><deleted>0</deleted><verified>0</verified><occluded>no</occluded><attributes/><parts><hasparts/><ispartof>7</ispartof></parts><date>10-01-22 16:50:40:373</date><id>5</id><type>bounding_box</type><polygon><username>anonymous</username><pt><x>1072</x><y>524</y><time>10-01-22 16:50:33:751</time></pt><pt><x>1219</x><y>524</y><time>10-01-22 16:50:35:711</time></pt><pt><x>1219</x><y>927</y><time>undefined</time></pt><pt><x>1072</x><y>927</y><time>undefined</time></pt><closed_date>10-01-22 16:50:35:711</closed_date></polygon></object><object><name>tooth 44</name><deleted>1</deleted><verified>0</verified><occluded>no</occluded><attributes/><parts><hasparts/><ispartof>7</ispartof></parts><date>10-01-22 16:50:48:296</date><id>6</id><type>bounding_box</type><polygon><username>anonymous</username><pt><x>893</x><y>520</y><time>10-01-22 16:50:42:022</time></pt><pt><x>1132</x><y>520</y><time>10-01-22 16:50:44:597</time></pt><pt><x>1132</x><y>945</y><time>undefined</time></pt><pt><x>893</x><y>945</y><time>undefined</time></pt><closed_date>10-01-22 16:50:44:597</closed_date></polygon></object><object><name>tooth 45</name><deleted>1</deleted><verified>0</verified><occluded>no</occluded><attributes/><parts><hasparts>7,8,9</hasparts><ispartof>7</ispartof></parts><date>10-01-22 16:50:56:590</date><id>7</id><type>bounding_box</type><polygon><username>anonymous</username><pt><x>658</x><y>540</y><time>10-01-22 16:50:50:290</time></pt><pt><x>897</x><y>540</y><time>10-01-22 16:50:52:912</time></pt><pt><x>897</x><y>945</y><time>undefined</time></pt><pt><x>658</x><y>945</y><time>undefined</time></pt><closed_date>10-01-22 16:50:52:913</closed_date></polygon></object><object><name>tooth 46</name><deleted>1</deleted><verified>0</verified><occluded>no</occluded><attributes/><parts><hasparts/><ispartof>7</ispartof></parts><date>10-01-22 16:51:05:205</date><id>8</id><type>bounding_box</type><polygon><username>anonymous</username><pt><x>292</x><y>550</y><time>10-01-22 16:50:58:650</time></pt><pt><x>690</x><y>550</y><time>10-01-22 16:51:00:674</time></pt><pt><x>690</x><y>939</y><time>undefined</time></pt><pt><x>292</x><y>939</y><time>undefined</time></pt><closed_date>10-01-22 16:51:00:675</closed_date></polygon></object><object><name>tooth 47</name><deleted>1</deleted><verified>0</verified><occluded>no</occluded><attributes/><parts><hasparts/><ispartof>7</ispartof></parts><date>10-01-22 16:51:14:502</date><id>9</id><type>bounding_box</type><polygon><username>anonymous</username><pt><x>333</x><y>520</y><time>10-01-22 16:51:07:430</time></pt><pt><x>4</x><y>520</y><time>10-01-22 16:51:10:351</time></pt><pt><x>4</x><y>946</y><time>undefined</time></pt><pt><x>333</x><y>946</y><time>undefined</time></pt><closed_date>10-01-22 16:51:10:351</closed_date></polygon></object><object><name>restoration</name><deleted>0</deleted><verified>0</verified><occluded>no</occluded><attributes/><parts><hasparts/><ispartof>1</ispartof></parts><date>10-01-22 16:51:44:803</date><id>10</id><polygon><username>anonymous</username><pt><x>421</x><y>345</y><time>10-01-22 16:51:32:550</time></pt><pt><x>428</x><y>395</y><time>10-01-22 16:51:33:209</time></pt><pt><x>446</x><y>421</y><time>10-01-22 16:51:34:884</time></pt><pt><x>494</x><y>421</y><time>10-01-22 16:51:35:783</time></pt><pt><x>525</x><y>400</y><time>10-01-22 16:51:36:476</time></pt><pt><x>515</x><y>386</y><time>10-01-22 16:51:37:222</time></pt><pt><x>497</x><y>368</y><time>10-01-22 16:51:37:799</time></pt><pt><x>490</x><y>349</y><time>10-01-22 16:51:38:341</time></pt><pt><x>472</x><y>308</y><time>10-01-22 16:51:39:294</time></pt><pt><x>449</x><y>313</y><time>10-01-22 16:51:39:972</time></pt><pt><x>421</x><y>327</y><time>10-01-22 16:51:40:621</time></pt><closed_date>10-01-22 16:51:41:152</closed_date></polygon></object><object><name>restoration</name><deleted>0</deleted><verified>0</verified><occluded>no</occluded><attributes/><parts><hasparts/><ispartof>1</ispartof></parts><date>10-01-22 16:51:59:509</date><id>11</id><polygon><username>anonymous</username><pt><x>340</x><y>410</y><time>10-01-22 16:51:48:287</time></pt><pt><x>338</x><y>372</y><time>10-01-22 16:51:49:053</time></pt><pt><x>379</x><y>368</y><time>10-01-22 16:51:49:612</time></pt><pt><x>386</x><y>368</y><time>10-01-22 16:51:49:942</time></pt><pt><x>386</x><y>368</y><time>10-01-22 16:51:50:240</time></pt><pt><x>419</x><y>398</y><time>10-01-22 16:51:50:964</time></pt><pt><x>442</x><y>416</y><time>10-01-22 16:51:51:909</time></pt><pt><x>437</x><y>451</y><time>10-01-22 16:51:52:641</time></pt><pt><x>410</x><y>481</y><time>10-01-22 16:51:53:369</time></pt><pt><x>373</x><y>476</y><time>10-01-22 16:51:54:187</time></pt><pt><x>317</x><y>448</y><time>10-01-22 16:51:54:879</time></pt><closed_date>10-01-22 16:51:55:983</closed_date></polygon></object><object><name>restoration</name><deleted>1</deleted><verified>0</verified><occluded>no</occluded><attributes/><parts><hasparts/><ispartof/></parts><date>10-01-22 16:53:13:702</date><id>12</id><polygon><username>anonymous</username><pt><x>824</x><y>640</y><time>10-01-22 16:52:50:493</time></pt><pt><x>754</x><y>462</y><time>10-01-22 16:52:50:497</time></pt><pt><x>716</x><y>701</y><time>10-01-22 16:52:50:590</time></pt><pt><x>849</x><y>612</y><time>10-01-22 16:53:00:939</time></pt><pt><x>911</x><y>200</y><time>10-01-22 16:53:00:947</time></pt><pt><x>1001</x><y>363</y><time>10-01-22 16:53:00:949</time></pt><pt><x>918</x><y>577</y><time>10-01-22 16:53:00:952</time></pt><pt><x>695</x><y>518</y><time>10-01-22 16:53:02:033</time></pt><closed_date>10-01-22 16:53:04:438</closed_date></polygon></object><imagesize><nrows></nrows><ncols></ncols></imagesize><object><name>restoration</name><deleted>0</deleted><verified>0</verified><occluded>no</occluded><attributes/><parts><hasparts/><ispartof>16</ispartof></parts><date>17-02-22 11:09:50:081</date><id>13</id><polygon><username>anonymous</username><pt><x>519</x><y>618</y><time>17-02-22 11:09:44:307</time></pt><pt><x>541</x><y>648</y><time>17-02-22 11:09:44:785</time></pt><pt><x>561</x><y>663</y><time>17-02-22 11:09:45:105</time></pt><pt><x>588</x><y>641</y><time>17-02-22 11:09:45:513</time></pt><pt><x>596</x><y>613</y><time>17-02-22 11:09:45:833</time></pt><pt><x>589</x><y>589</y><time>17-02-22 11:09:46:192</time></pt><pt><x>559</x><y>573</y><time>17-02-22 11:09:46:537</time></pt><pt><x>534</x><y>574</y><time>17-02-22 11:09:46:873</time></pt><pt><x>521</x><y>591</y><time>17-02-22 11:09:47:201</time></pt><closed_date>17-02-22 11:09:47:585</closed_date></polygon></object><object><name>tooth</name><deleted>0</deleted><verified>0</verified><occluded>no</occluded><attributes>44</attributes><parts><hasparts></hasparts><ispartof></ispartof></parts><date>04-04-22 22:53:47:528</date><id>14</id><type>bounding_box</type><polygon><username>admin</username><pt><x>910</x><y>516</y><time>04-04-22 22:53:39:106</time></pt><pt><x>1144</x><y>516</y><time>04-04-22 22:53:41:840</time></pt><pt><x>1144</x><y>947</y><time>undefined</time></pt><pt><x>910</x><y>947</y><time>undefined</time></pt><closed_date>04-04-22 22:53:41:841</closed_date></polygon></object><object><name>tooth</name><deleted>0</deleted><verified>0</verified><occluded>no</occluded><attributes>45</attributes><parts><hasparts></hasparts><ispartof></ispartof></parts><date>04-04-22 22:54:04:078</date><id>15</id><type>bounding_box</type><polygon><username>admin</username><pt><x>678</x><y>526</y><time>04-04-22 22:53:56:649</time></pt><pt><x>912</x><y>526</y><time>04-04-22 22:53:59:115</time></pt><pt><x>912</x><y>942</y><time>undefined</time></pt><pt><x>678</x><y>942</y><time>undefined</time></pt><closed_date>04-04-22 22:53:59:116</closed_date></polygon></object><object><name>tooth</name><deleted>0</deleted><verified>0</verified><occluded>no</occluded><attributes>46</attributes><parts><hasparts>13</hasparts><ispartof></ispartof></parts><date>04-04-22 22:54:14:607</date><id>16</id><type>bounding_box</type><polygon><username>admin</username><pt><x>316</x><y>528</y><time>04-04-22 22:54:08:449</time></pt><pt><x>691</x><y>528</y><time>04-04-22 22:54:11:096</time></pt><pt><x>691</x><y>938</y><time>undefined</time></pt><pt><x>316</x><y>938</y><time>undefined</time></pt><closed_date>04-04-22 22:54:11:096</closed_date></polygon></object><object><name>tooth</name><deleted>0</deleted><verified>0</verified><occluded>no</occluded><attributes>47</attributes><parts><hasparts></hasparts><ispartof></ispartof></parts><date>04-04-22 22:54:20:888</date><id>17</id><type>bounding_box</type><polygon><username>admin</username><pt><x>2</x><y>514</y><time>04-04-22 22:54:15:522</time></pt><pt><x>319</x><y>514</y><time>04-04-22 22:54:17:032</time></pt><pt><x>319</x><y>945</y><time>undefined</time></pt><pt><x>2</x><y>945</y><time>undefined</time></pt><closed_date>04-04-22 22:54:17:032</closed_date></polygon></object></annotation>