<?xml version='1.0' encoding='UTF-8'?>
<annotation><filename>27.jpg</filename><folder>segmentation_xray</folder><source><sourceImage>The MIT-CSAIL database of objects and scenes</sourceImage><sourceAnnotation>LabelMe Webtool</sourceAnnotation></source><object><name>tooth</name><deleted>0</deleted><verified>0</verified><occluded>no</occluded><attributes>17</attributes><parts><hasparts /><ispartof /></parts><date>14-01-22 15:30:00:837</date><id>0</id><type>bounding_box</type><polygon><username>anonymous</username><pt><x>274</x><y>484</y><time>14-01-22 15:29:55:404</time></pt><pt><x>7</x><y>484</y><time>14-01-22 15:29:57:881</time></pt><pt><x>7</x><y>8</y><time>undefined</time></pt><pt><x>274</x><y>8</y><time>undefined</time></pt><closed_date>14-01-22 15:29:57:882</closed_date></polygon></object><object><name>tooth</name><deleted>0</deleted><verified>0</verified><occluded>no</occluded><attributes>16</attributes><parts><hasparts>10,11</hasparts><ispartof /></parts><date>14-01-22 15:30:10:439</date><id>1</id><type>bounding_box</type><polygon><username>anonymous</username><pt><x>589</x><y>3</y><time>14-01-22 15:30:01:729</time></pt><pt><x>275</x><y>3</y><time>14-01-22 15:30:06:337</time></pt><pt><x>275</x><y>493</y><time>undefined</time></pt><pt><x>589</x><y>493</y><time>undefined</time></pt><closed_date>14-01-22 15:30:06:338</closed_date></polygon></object><object><name>tooth</name><deleted>0</deleted><verified>0</verified><occluded>no</occluded><attributes>15</attributes><parts><hasparts /><ispartof /></parts><date>14-01-22 15:30:18:584</date><id>2</id><type>bounding_box</type><polygon><username>anonymous</username><pt><x>798</x><y>3</y><time>14-01-22 15:30:12:267</time></pt><pt><x>589</x><y>3</y><time>14-01-22 15:30:14:913</time></pt><pt><x>589</x><y>489</y><time>undefined</time></pt><pt><x>798</x><y>489</y><time>undefined</time></pt><closed_date>14-01-22 15:30:14:914</closed_date></polygon></object><object><name>tooth</name><deleted>0</deleted><verified>0</verified><occluded>no</occluded><attributes>14</attributes><parts><hasparts /><ispartof /></parts><date>14-01-22 15:31:04:797</date><id>3</id><type>bounding_box</type><polygon><username>anonymous</username><pt><x>1037</x><y>493</y><time>14-01-22 15:30:58:147</time></pt><pt><x>791</x><y>493</y><time>14-01-22 15:31:01:497</time></pt><pt><x>791</x><y>5</y><time>undefined</time></pt><pt><x>1037</x><y>5</y><time>undefined</time></pt><closed_date>14-01-22 15:31:01:497</closed_date></polygon></object><object><name>tooth</name><deleted>0</deleted><verified>0</verified><occluded>no</occluded><attributes>13</attributes><parts><hasparts /><ispartof /></parts><date>14-01-22 15:31:13:339</date><id>4</id><type>bounding_box</type><polygon><username>anonymous</username><pt><x>1212</x><y>488</y><time>14-01-22 15:31:06:626</time></pt><pt><x>985</x><y>488</y><time>14-01-22 15:31:09:090</time></pt><pt><x>985</x><y>5</y><time>undefined</time></pt><pt><x>1212</x><y>5</y><time>undefined</time></pt><closed_date>14-01-22 15:31:09:090</closed_date></polygon></object><object><name>tooth</name><deleted>0</deleted><verified>0</verified><occluded>no</occluded><attributes>43</attributes><parts><hasparts /><ispartof /></parts><date>14-01-22 15:31:25:778</date><id>5</id><type>bounding_box</type><polygon><username>anonymous</username><pt><x>1215</x><y>551</y><time>14-01-22 15:31:19:692</time></pt><pt><x>993</x><y>551</y><time>14-01-22 15:31:21:522</time></pt><pt><x>993</x><y>945</y><time>undefined</time></pt><pt><x>1215</x><y>945</y><time>undefined</time></pt><closed_date>14-01-22 15:31:21:522</closed_date></polygon></object><object><name>tooth</name><deleted>0</deleted><verified>0</verified><occluded>no</occluded><attributes>44</attributes><parts><hasparts /><ispartof /></parts><date>14-01-22 15:31:31:988</date><id>6</id><type>bounding_box</type><polygon><username>anonymous</username><pt><x>853</x><y>538</y><time>14-01-22 15:31:26:868</time></pt><pt><x>1050</x><y>538</y><time>14-01-22 15:31:29:306</time></pt><pt><x>1050</x><y>948</y><time>undefined</time></pt><pt><x>853</x><y>948</y><time>undefined</time></pt><closed_date>14-01-22 15:31:29:306</closed_date></polygon></object><object><name>tooth</name><deleted>0</deleted><verified>0</verified><occluded>no</occluded><attributes>45</attributes><parts><hasparts /><ispartof /></parts><date>14-01-22 15:31:42:684</date><id>7</id><type>bounding_box</type><polygon><username>anonymous</username><pt><x>621</x><y>551</y><time>14-01-22 15:31:36:988</time></pt><pt><x>841</x><y>551</y><time>14-01-22 15:31:40:130</time></pt><pt><x>841</x><y>937</y><time>undefined</time></pt><pt><x>621</x><y>937</y><time>undefined</time></pt><closed_date>14-01-22 15:31:40:131</closed_date></polygon></object><object><name>tooth</name><deleted>0</deleted><verified>0</verified><occluded>no</occluded><attributes>46</attributes><parts><hasparts>12</hasparts><ispartof /></parts><date>14-01-22 15:31:54:907</date><id>8</id><type>bounding_box</type><polygon><username>anonymous</username><pt><x>220</x><y>938</y><time>14-01-22 15:31:48:108</time></pt><pt><x>614</x><y>938</y><time>14-01-22 15:31:51:642</time></pt><pt><x>614</x><y>534</y><time>undefined</time></pt><pt><x>220</x><y>534</y><time>undefined</time></pt><closed_date>14-01-22 15:31:51:642</closed_date></polygon></object><object><name>tooth</name><deleted>0</deleted><verified>0</verified><occluded>no</occluded><attributes>47</attributes><parts><hasparts /><ispartof /></parts><date>14-01-22 15:32:02:867</date><id>9</id><type>bounding_box</type><polygon><username>anonymous</username><pt><x>0</x><y>496</y><time>14-01-22 15:31:57:156</time></pt><pt><x>270</x><y>496</y><time>14-01-22 15:31:59:450</time></pt><pt><x>270</x><y>945</y><time>undefined</time></pt><pt><x>0</x><y>945</y><time>undefined</time></pt><closed_date>14-01-22 15:31:59:450</closed_date></polygon></object><imagesize><nrows /><ncols /></imagesize><object><name>restoration</name><deleted>0</deleted><verified>0</verified><occluded>no</occluded><attributes /><parts><hasparts /><ispartof>1</ispartof></parts><date>18-01-22 17:53:16:452</date><id>10</id><polygon><username>anonymous</username><pt><x>416</x><y>384</y><time>18-01-22 17:53:07:333</time></pt><pt><x>416</x><y>336</y><time>18-01-22 17:53:07:928</time></pt><pt><x>421</x><y>304</y><time>18-01-22 17:53:08:321</time></pt><pt><x>444</x><y>292</y><time>18-01-22 17:53:08:632</time></pt><pt><x>466</x><y>287</y><time>18-01-22 17:53:08:976</time></pt><pt><x>486</x><y>277</y><time>18-01-22 17:53:09:280</time></pt><pt><x>509</x><y>274</y><time>18-01-22 17:53:09:553</time></pt><pt><x>531</x><y>279</y><time>18-01-22 17:53:09:856</time></pt><pt><x>554</x><y>306</y><time>18-01-22 17:53:10:360</time></pt><pt><x>563</x><y>329</y><time>18-01-22 17:53:10:704</time></pt><pt><x>571</x><y>386</y><time>18-01-22 17:53:11:225</time></pt><pt><x>576</x><y>421</y><time>18-01-22 17:53:11:625</time></pt><pt><x>559</x><y>432</y><time>18-01-22 17:53:12:024</time></pt><pt><x>514</x><y>437</y><time>18-01-22 17:53:12:436</time></pt><pt><x>467</x><y>436</y><time>18-01-22 17:53:12:824</time></pt><pt><x>446</x><y>432</y><time>18-01-22 17:53:13:178</time></pt><pt><x>434</x><y>419</y><time>18-01-22 17:53:13:480</time></pt><pt><x>426</x><y>407</y><time>18-01-22 17:53:13:968</time></pt><closed_date>18-01-22 17:53:14:221</closed_date></polygon></object><object><name>root canal treatment</name><deleted>0</deleted><verified>0</verified><occluded>no</occluded><attributes /><parts><hasparts /><ispartof>1</ispartof></parts><date>18-01-22 17:53:31:753</date><id>11</id><polygon><username>anonymous</username><pt><x>419</x><y>289</y><time>18-01-22 17:53:17:420</time></pt><pt><x>399</x><y>270</y><time>18-01-22 17:53:17:808</time></pt><pt><x>399</x><y>237</y><time>18-01-22 17:53:18:097</time></pt><pt><x>399</x><y>209</y><time>18-01-22 17:53:18:360</time></pt><pt><x>402</x><y>187</y><time>18-01-22 17:53:18:576</time></pt><pt><x>404</x><y>159</y><time>18-01-22 17:53:18:816</time></pt><pt><x>391</x><y>125</y><time>18-01-22 17:53:19:144</time></pt><pt><x>372</x><y>77</y><time>18-01-22 17:53:19:440</time></pt><pt><x>356</x><y>13</y><time>18-01-22 17:53:19:937</time></pt><pt><x>352</x><y>5</y><time>18-01-22 17:53:20:312</time></pt><pt><x>382</x><y>3</y><time>18-01-22 17:53:20:800</time></pt><pt><x>396</x><y>8</y><time>18-01-22 17:53:21:616</time></pt><pt><x>427</x><y>149</y><time>18-01-22 17:53:22:864</time></pt><pt><x>446</x><y>150</y><time>18-01-22 17:53:23:369</time></pt><pt><x>456</x><y>122</y><time>18-01-22 17:53:23:795</time></pt><pt><x>454</x><y>72</y><time>18-01-22 17:53:24:360</time></pt><pt><x>456</x><y>27</y><time>18-01-22 17:53:24:800</time></pt><pt><x>457</x><y>7</y><time>18-01-22 17:53:25:178</time></pt><pt><x>478</x><y>7</y><time>18-01-22 17:53:25:704</time></pt><pt><x>479</x><y>139</y><time>18-01-22 17:53:26:400</time></pt><pt><x>483</x><y>190</y><time>18-01-22 17:53:26:752</time></pt><pt><x>462</x><y>189</y><time>18-01-22 17:53:27:113</time></pt><pt><x>469</x><y>209</y><time>18-01-22 17:53:27:377</time></pt><pt><x>474</x><y>245</y><time>18-01-22 17:53:27:729</time></pt><pt><x>503</x><y>274</y><time>18-01-22 17:53:28:688</time></pt><closed_date>18-01-22 17:53:29:328</closed_date></polygon></object><object><name>restoration</name><deleted>0</deleted><verified>0</verified><occluded>no</occluded><attributes /><parts><hasparts /><ispartof>8</ispartof></parts><date>18-01-22 17:53:44:715</date><id>12</id><polygon><username>anonymous</username><pt><x>322</x><y>623</y><time>18-01-22 17:53:34:737</time></pt><pt><x>376</x><y>653</y><time>18-01-22 17:53:35:368</time></pt><pt><x>436</x><y>666</y><time>18-01-22 17:53:35:904</time></pt><pt><x>466</x><y>668</y><time>18-01-22 17:53:36:296</time></pt><pt><x>489</x><y>659</y><time>18-01-22 17:53:36:568</time></pt><pt><x>514</x><y>649</y><time>18-01-22 17:53:36:840</time></pt><pt><x>536</x><y>628</y><time>18-01-22 17:53:37:136</time></pt><pt><x>561</x><y>586</y><time>18-01-22 17:53:37:545</time></pt><pt><x>508</x><y>598</y><time>18-01-22 17:53:38:224</time></pt><pt><x>474</x><y>608</y><time>18-01-22 17:53:38:921</time></pt><pt><x>466</x><y>616</y><time>18-01-22 17:53:39:264</time></pt><pt><x>451</x><y>603</y><time>18-01-22 17:53:39:760</time></pt><pt><x>436</x><y>599</y><time>18-01-22 17:53:40:016</time></pt><pt><x>424</x><y>586</y><time>18-01-22 17:53:40:329</time></pt><pt><x>389</x><y>578</y><time>18-01-22 17:53:40:649</time></pt><pt><x>346</x><y>584</y><time>18-01-22 17:53:41:025</time></pt><pt><x>326</x><y>593</y><time>18-01-22 17:53:41:369</time></pt><closed_date>18-01-22 17:53:41:848</closed_date></polygon></object></annotation>