<?xml version='1.0' encoding='UTF-8'?>
<annotation><filename>3.jpg</filename><folder>segmentation_xray</folder><source><sourceImage>The MIT-CSAIL database of objects and scenes</sourceImage><sourceAnnotation>LabelMe Webtool</sourceAnnotation></source><object><name>tooth</name><deleted>0</deleted><verified>0</verified><occluded>no</occluded><attributes>37</attributes><parts><hasparts>9</hasparts><ispartof /></parts><date>20-12-21 16:32:59:591</date><id>0</id><type>bounding_box</type><polygon><username>anonymous</username><pt><x>1120</x><y>948</y><time>20-12-21 16:32:47:416</time></pt><pt><x>695</x><y>948</y><time>20-12-21 16:32:50:767</time></pt><pt><x>695</x><y>406</y><time>undefined</time></pt><pt><x>1120</x><y>406</y><time>undefined</time></pt><closed_date>20-12-21 16:32:50:768</closed_date></polygon></object><object><name>tooth</name><deleted>0</deleted><verified>0</verified><occluded>no</occluded><attributes>36</attributes><parts><hasparts>8</hasparts><ispartof /></parts><date>20-12-21 16:33:13:091</date><id>1</id><type>bounding_box</type><polygon><username>anonymous</username><pt><x>321</x><y>387</y><time>20-12-21 16:33:01:208</time></pt><pt><x>705</x><y>387</y><time>20-12-21 16:33:06:114</time></pt><pt><x>705</x><y>947</y><time>undefined</time></pt><pt><x>321</x><y>947</y><time>undefined</time></pt><closed_date>20-12-21 16:33:06:114</closed_date></polygon></object><object><name>tooth</name><deleted>0</deleted><verified>0</verified><occluded>no</occluded><attributes>35</attributes><parts><hasparts /><ispartof /></parts><date>20-12-21 19:41:14:263</date><id>2</id><type>bounding_box</type><polygon><username>anonymous</username><pt><x>110</x><y>357</y><time>20-12-21 19:41:05:736</time></pt><pt><x>354</x><y>357</y><time>20-12-21 19:41:08:442</time></pt><pt><x>354</x><y>945</y><time>undefined</time></pt><pt><x>110</x><y>945</y><time>undefined</time></pt><closed_date>20-12-21 19:41:08:443</closed_date></polygon></object><object><name>tooth</name><deleted>0</deleted><verified>0</verified><occluded>no</occluded><attributes>34</attributes><parts><hasparts /><ispartof /></parts><date>20-12-21 19:41:23:957</date><id>3</id><type>bounding_box</type><polygon><username>anonymous</username><pt><x>2</x><y>351</y><time>20-12-21 19:41:15:891</time></pt><pt><x>134</x><y>351</y><time>20-12-21 19:41:19:101</time></pt><pt><x>134</x><y>937</y><time>undefined</time></pt><pt><x>2</x><y>937</y><time>undefined</time></pt><closed_date>20-12-21 19:41:19:101</closed_date></polygon></object><object><name>tooth</name><deleted>0</deleted><verified>0</verified><occluded>no</occluded><attributes>27</attributes><parts><hasparts>10</hasparts><ispartof /></parts><date>20-12-21 19:41:36:351</date><id>4</id><type>bounding_box</type><polygon><username>anonymous</username><pt><x>1169</x><y>382</y><time>20-12-21 19:41:26:327</time></pt><pt><x>821</x><y>382</y><time>20-12-21 19:41:30:233</time></pt><pt><x>821</x><y>17</y><time>undefined</time></pt><pt><x>1169</x><y>17</y><time>undefined</time></pt><closed_date>20-12-21 19:41:30:233</closed_date></polygon></object><object><name>tooth</name><deleted>0</deleted><verified>0</verified><occluded>no</occluded><attributes>26</attributes><parts><hasparts>11</hasparts><ispartof /></parts><date>20-12-21 19:41:47:710</date><id>5</id><type>bounding_box</type><polygon><username>anonymous</username><pt><x>457</x><y>362</y><time>20-12-21 19:41:39:332</time></pt><pt><x>835</x><y>362</y><time>20-12-21 19:41:43:734</time></pt><pt><x>835</x><y>7</y><time>undefined</time></pt><pt><x>457</x><y>7</y><time>undefined</time></pt><closed_date>20-12-21 19:41:43:734</closed_date></polygon></object><object><name>tooth</name><deleted>0</deleted><verified>0</verified><occluded>no</occluded><attributes>25</attributes><parts><hasparts /><ispartof /></parts><date>20-12-21 19:41:58:260</date><id>6</id><type>bounding_box</type><polygon><username>anonymous</username><pt><x>234</x><y>337</y><time>20-12-21 19:41:50:550</time></pt><pt><x>471</x><y>337</y><time>20-12-21 19:41:53:227</time></pt><pt><x>471</x><y>10</y><time>undefined</time></pt><pt><x>234</x><y>10</y><time>undefined</time></pt><closed_date>20-12-21 19:41:53:227</closed_date></polygon></object><object><name>tooth</name><deleted>0</deleted><verified>0</verified><occluded>no</occluded><attributes>24</attributes><parts><hasparts /><ispartof /></parts><date>20-12-21 19:42:07:352</date><id>7</id><type>bounding_box</type><polygon><username>anonymous</username><pt><x>28</x><y>317</y><time>20-12-21 19:42:00:606</time></pt><pt><x>250</x><y>317</y><time>20-12-21 19:42:03:196</time></pt><pt><x>250</x><y>12</y><time>undefined</time></pt><pt><x>28</x><y>12</y><time>undefined</time></pt><closed_date>20-12-21 19:42:03:196</closed_date></polygon></object><object><name>restoration</name><deleted>0</deleted><verified>0</verified><occluded>no</occluded><attributes /><parts><hasparts /><ispartof>1</ispartof></parts><date>20-12-21 19:42:35:994</date><id>8</id><polygon><username>anonymous</username><pt><x>377</x><y>449</y><time>20-12-21 19:42:13:065</time></pt><pt><x>441</x><y>521</y><time>20-12-21 19:42:14:270</time></pt><pt><x>461</x><y>533</y><time>20-12-21 19:42:14:994</time></pt><pt><x>496</x><y>516</y><time>20-12-21 19:42:16:213</time></pt><pt><x>498</x><y>489</y><time>20-12-21 19:42:16:701</time></pt><pt><x>511</x><y>504</y><time>20-12-21 19:42:18:417</time></pt><pt><x>513</x><y>531</y><time>20-12-21 19:42:18:882</time></pt><pt><x>521</x><y>548</y><time>20-12-21 19:42:19:419</time></pt><pt><x>541</x><y>521</y><time>20-12-21 19:42:20:386</time></pt><pt><x>541</x><y>513</y><time>20-12-21 19:42:20:925</time></pt><pt><x>569</x><y>518</y><time>20-12-21 19:42:21:508</time></pt><pt><x>594</x><y>519</y><time>20-12-21 19:42:22:895</time></pt><pt><x>603</x><y>493</y><time>20-12-21 19:42:23:656</time></pt><pt><x>633</x><y>493</y><time>20-12-21 19:42:24:219</time></pt><pt><x>639</x><y>471</y><time>20-12-21 19:42:24:660</time></pt><pt><x>644</x><y>454</y><time>20-12-21 19:42:25:085</time></pt><pt><x>636</x><y>441</y><time>20-12-21 19:42:25:781</time></pt><pt><x>599</x><y>439</y><time>20-12-21 19:42:26:359</time></pt><pt><x>576</x><y>442</y><time>20-12-21 19:42:26:729</time></pt><pt><x>546</x><y>456</y><time>20-12-21 19:42:27:174</time></pt><pt><x>499</x><y>461</y><time>20-12-21 19:42:27:697</time></pt><pt><x>454</x><y>437</y><time>20-12-21 19:42:28:352</time></pt><pt><x>417</x><y>429</y><time>20-12-21 19:42:28:944</time></pt><pt><x>389</x><y>429</y><time>20-12-21 19:42:29:446</time></pt><closed_date>20-12-21 19:42:32:142</closed_date></polygon></object><object><name>restoration</name><deleted>0</deleted><verified>0</verified><occluded>no</occluded><attributes /><parts><hasparts /><ispartof>0</ispartof></parts><date>20-12-21 19:42:49:504</date><id>9</id><polygon><username>anonymous</username><pt><x>711</x><y>478</y><time>20-12-21 19:42:37:617</time></pt><pt><x>798</x><y>501</y><time>20-12-21 19:42:38:688</time></pt><pt><x>868</x><y>514</y><time>20-12-21 19:42:39:552</time></pt><pt><x>928</x><y>504</y><time>20-12-21 19:42:40:277</time></pt><pt><x>950</x><y>479</y><time>20-12-21 19:42:40:850</time></pt><pt><x>967</x><y>447</y><time>20-12-21 19:42:41:603</time></pt><pt><x>942</x><y>441</y><time>20-12-21 19:42:42:348</time></pt><pt><x>877</x><y>446</y><time>20-12-21 19:42:43:003</time></pt><pt><x>858</x><y>461</y><time>20-12-21 19:42:43:477</time></pt><pt><x>838</x><y>459</y><time>20-12-21 19:42:44:055</time></pt><pt><x>811</x><y>442</y><time>20-12-21 19:42:44:577</time></pt><pt><x>770</x><y>441</y><time>20-12-21 19:42:45:037</time></pt><pt><x>733</x><y>447</y><time>20-12-21 19:42:45:525</time></pt><closed_date>20-12-21 19:42:45:985</closed_date></polygon></object><object><name>restoration</name><deleted>0</deleted><verified>0</verified><occluded>no</occluded><attributes /><parts><hasparts /><ispartof>4</ispartof></parts><date>20-12-21 19:43:08:061</date><id>10</id><polygon><username>anonymous</username><pt><x>860</x><y>259</y><time>20-12-21 19:42:50:830</time></pt><pt><x>897</x><y>249</y><time>20-12-21 19:42:51:881</time></pt><pt><x>912</x><y>259</y><time>20-12-21 19:42:52:404</time></pt><pt><x>932</x><y>267</y><time>20-12-21 19:42:52:808</time></pt><pt><x>962</x><y>264</y><time>20-12-21 19:42:53:729</time></pt><pt><x>972</x><y>249</y><time>20-12-21 19:42:54:183</time></pt><pt><x>1002</x><y>245</y><time>20-12-21 19:42:54:766</time></pt><pt><x>1012</x><y>257</y><time>20-12-21 19:42:55:506</time></pt><pt><x>1045</x><y>269</y><time>20-12-21 19:42:55:882</time></pt><pt><x>1067</x><y>270</y><time>20-12-21 19:42:56:307</time></pt><pt><x>1080</x><y>297</y><time>20-12-21 19:42:56:752</time></pt><pt><x>1089</x><y>319</y><time>20-12-21 19:42:57:129</time></pt><pt><x>1092</x><y>347</y><time>20-12-21 19:42:57:610</time></pt><pt><x>1082</x><y>366</y><time>20-12-21 19:42:58:029</time></pt><pt><x>1067</x><y>369</y><time>20-12-21 19:42:58:411</time></pt><pt><x>1038</x><y>351</y><time>20-12-21 19:42:58:867</time></pt><pt><x>1005</x><y>337</y><time>20-12-21 19:42:59:450</time></pt><pt><x>990</x><y>332</y><time>20-12-21 19:42:59:861</time></pt><pt><x>975</x><y>332</y><time>20-12-21 19:43:00:190</time></pt><pt><x>953</x><y>346</y><time>20-12-21 19:43:00:475</time></pt><pt><x>930</x><y>356</y><time>20-12-21 19:43:00:755</time></pt><pt><x>903</x><y>356</y><time>20-12-21 19:43:01:024</time></pt><pt><x>877</x><y>339</y><time>20-12-21 19:43:01:430</time></pt><pt><x>853</x><y>319</y><time>20-12-21 19:43:04:331</time></pt><pt><x>848</x><y>274</y><time>20-12-21 19:43:05:000</time></pt><closed_date>20-12-21 19:43:05:362</closed_date></polygon></object><object><name>restoration</name><deleted>0</deleted><verified>0</verified><occluded>no</occluded><attributes /><parts><hasparts /><ispartof>5</ispartof></parts><date>20-12-21 19:43:21:831</date><id>11</id><polygon><username>anonymous</username><pt><x>549</x><y>270</y><time>20-12-21 19:43:09:209</time></pt><pt><x>578</x><y>249</y><time>20-12-21 19:43:09:799</time></pt><pt><x>596</x><y>244</y><time>20-12-21 19:43:10:233</time></pt><pt><x>611</x><y>244</y><time>20-12-21 19:43:10:545</time></pt><pt><x>628</x><y>235</y><time>20-12-21 19:43:10:853</time></pt><pt><x>646</x><y>227</y><time>20-12-21 19:43:11:119</time></pt><pt><x>664</x><y>225</y><time>20-12-21 19:43:11:419</time></pt><pt><x>685</x><y>229</y><time>20-12-21 19:43:11:737</time></pt><pt><x>698</x><y>242</y><time>20-12-21 19:43:12:024</time></pt><pt><x>720</x><y>250</y><time>20-12-21 19:43:12:288</time></pt><pt><x>735</x><y>259</y><time>20-12-21 19:43:12:553</time></pt><pt><x>746</x><y>269</y><time>20-12-21 19:43:12:810</time></pt><pt><x>770</x><y>280</y><time>20-12-21 19:43:13:089</time></pt><pt><x>778</x><y>302</y><time>20-12-21 19:43:13:404</time></pt><pt><x>778</x><y>317</y><time>20-12-21 19:43:13:689</time></pt><pt><x>758</x><y>327</y><time>20-12-21 19:43:13:982</time></pt><pt><x>738</x><y>332</y><time>20-12-21 19:43:14:262</time></pt><pt><x>718</x><y>337</y><time>20-12-21 19:43:14:540</time></pt><pt><x>695</x><y>336</y><time>20-12-21 19:43:14:812</time></pt><pt><x>678</x><y>319</y><time>20-12-21 19:43:15:083</time></pt><pt><x>663</x><y>311</y><time>20-12-21 19:43:15:362</time></pt><pt><x>654</x><y>302</y><time>20-12-21 19:43:15:613</time></pt><pt><x>636</x><y>301</y><time>20-12-21 19:43:15:857</time></pt><pt><x>621</x><y>301</y><time>20-12-21 19:43:16:093</time></pt><pt><x>601</x><y>302</y><time>20-12-21 19:43:16:367</time></pt><pt><x>586</x><y>302</y><time>20-12-21 19:43:16:645</time></pt><pt><x>568</x><y>294</y><time>20-12-21 19:43:16:882</time></pt><closed_date>20-12-21 19:43:17:133</closed_date></polygon></object><imagesize><nrows /><ncols /></imagesize></annotation>