<?xml version='1.0' encoding='UTF-8'?>
<annotation><filename>31.jpg</filename><folder>segmentation_xray</folder><source><sourceImage>The MIT-CSAIL database of objects and scenes</sourceImage><sourceAnnotation>LabelMe Webtool</sourceAnnotation></source><object><name>tooth</name><deleted>0</deleted><verified>0</verified><occluded>no</occluded><attributes>27</attributes><parts><hasparts>6</hasparts><ispartof /></parts><date>19-01-22 19:23:11:584</date><id>0</id><type>bounding_box</type><polygon><username>anonymous</username><pt><x>943</x><y>2</y><time>19-01-22 19:23:05:404</time></pt><pt><x>1200</x><y>2</y><time>19-01-22 19:23:07:204</time></pt><pt><x>1200</x><y>414</y><time>undefined</time></pt><pt><x>943</x><y>414</y><time>undefined</time></pt><closed_date>19-01-22 19:23:07:205</closed_date></polygon></object><object><name>tooth</name><deleted>0</deleted><verified>0</verified><occluded>no</occluded><attributes>25</attributes><parts><hasparts>5</hasparts><ispartof /></parts><date>19-01-22 19:23:18:763</date><id>1</id><type>bounding_box</type><polygon><username>anonymous</username><pt><x>459</x><y>8</y><time>19-01-22 19:23:12:597</time></pt><pt><x>671</x><y>8</y><time>19-01-22 19:23:15:228</time></pt><pt><x>671</x><y>384</y><time>undefined</time></pt><pt><x>459</x><y>384</y><time>undefined</time></pt><closed_date>19-01-22 19:23:15:228</closed_date></polygon></object><object><name>tooth</name><deleted>0</deleted><verified>0</verified><occluded>no</occluded><attributes>33</attributes><parts><hasparts>4</hasparts><ispartof /></parts><date>19-01-22 19:23:26:013</date><id>2</id><type>bounding_box</type><polygon><username>anonymous</username><pt><x>105</x><y>414</y><time>19-01-22 19:23:20:125</time></pt><pt><x>334</x><y>414</y><time>19-01-22 19:23:21:492</time></pt><pt><x>334</x><y>948</y><time>undefined</time></pt><pt><x>105</x><y>948</y><time>undefined</time></pt><closed_date>19-01-22 19:23:21:492</closed_date></polygon></object><object><name>tooth</name><deleted>0</deleted><verified>0</verified><occluded>no</occluded><attributes>32</attributes><parts><hasparts /><ispartof /></parts><date>19-01-22 19:23:32:699</date><id>3</id><type>bounding_box</type><polygon><username>anonymous</username><pt><x>3</x><y>424</y><time>19-01-22 19:23:26:477</time></pt><pt><x>142</x><y>424</y><time>19-01-22 19:23:28:876</time></pt><pt><x>142</x><y>948</y><time>undefined</time></pt><pt><x>3</x><y>948</y><time>undefined</time></pt><closed_date>19-01-22 19:23:28:876</closed_date></polygon></object><object><name>restoration</name><deleted>0</deleted><verified>0</verified><occluded>no</occluded><attributes /><parts><hasparts /><ispartof>2</ispartof></parts><date>19-01-22 19:23:51:236</date><id>4</id><polygon><username>anonymous</username><pt><x>155</x><y>483</y><time>19-01-22 19:23:33:997</time></pt><pt><x>157</x><y>504</y><time>19-01-22 19:23:34:404</time></pt><pt><x>172</x><y>521</y><time>19-01-22 19:23:35:316</time></pt><pt><x>189</x><y>516</y><time>19-01-22 19:23:35:740</time></pt><pt><x>222</x><y>516</y><time>19-01-22 19:23:36:132</time></pt><pt><x>247</x><y>524</y><time>19-01-22 19:23:36:541</time></pt><pt><x>249</x><y>541</y><time>19-01-22 19:23:37:524</time></pt><pt><x>250</x><y>558</y><time>19-01-22 19:23:37:982</time></pt><pt><x>255</x><y>563</y><time>19-01-22 19:23:41:860</time></pt><pt><x>302</x><y>581</y><time>19-01-22 19:23:43:428</time></pt><pt><x>326</x><y>583</y><time>19-01-22 19:23:44:284</time></pt><pt><x>327</x><y>561</y><time>19-01-22 19:23:44:796</time></pt><pt><x>317</x><y>538</y><time>19-01-22 19:23:45:245</time></pt><pt><x>296</x><y>503</y><time>19-01-22 19:23:45:756</time></pt><pt><x>289</x><y>489</y><time>19-01-22 19:23:46:236</time></pt><pt><x>279</x><y>471</y><time>19-01-22 19:23:46:652</time></pt><pt><x>259</x><y>471</y><time>19-01-22 19:23:47:004</time></pt><pt><x>230</x><y>467</y><time>19-01-22 19:23:47:436</time></pt><pt><x>164</x><y>462</y><time>19-01-22 19:23:48:516</time></pt><closed_date>19-01-22 19:23:48:861</closed_date></polygon></object><object><name>restoration</name><deleted>0</deleted><verified>0</verified><occluded>no</occluded><attributes /><parts><hasparts /><ispartof>1</ispartof></parts><date>19-01-22 19:24:02:655</date><id>5</id><polygon><username>anonymous</username><pt><x>483</x><y>321</y><time>19-01-22 19:23:52:941</time></pt><pt><x>499</x><y>341</y><time>19-01-22 19:23:53:356</time></pt><pt><x>518</x><y>349</y><time>19-01-22 19:23:53:734</time></pt><pt><x>531</x><y>349</y><time>19-01-22 19:23:54:046</time></pt><pt><x>554</x><y>351</y><time>19-01-22 19:23:54:381</time></pt><pt><x>581</x><y>344</y><time>19-01-22 19:23:54:924</time></pt><pt><x>604</x><y>331</y><time>19-01-22 19:23:55:308</time></pt><pt><x>631</x><y>331</y><time>19-01-22 19:23:55:676</time></pt><pt><x>646</x><y>321</y><time>19-01-22 19:23:56:068</time></pt><pt><x>644</x><y>299</y><time>19-01-22 19:23:56:445</time></pt><pt><x>624</x><y>291</y><time>19-01-22 19:23:56:980</time></pt><pt><x>603</x><y>284</y><time>19-01-22 19:23:57:501</time></pt><pt><x>583</x><y>272</y><time>19-01-22 19:23:57:965</time></pt><pt><x>573</x><y>270</y><time>19-01-22 19:23:58:292</time></pt><pt><x>539</x><y>279</y><time>19-01-22 19:23:58:588</time></pt><pt><x>503</x><y>284</y><time>19-01-22 19:23:58:974</time></pt><pt><x>488</x><y>307</y><time>19-01-22 19:23:59:485</time></pt><closed_date>19-01-22 19:24:00:557</closed_date></polygon></object><object><name>restoration</name><deleted>0</deleted><verified>0</verified><occluded>no</occluded><attributes /><parts><hasparts /><ispartof>0</ispartof></parts><date>19-01-22 19:24:13:476</date><id>6</id><polygon><username>anonymous</username><pt><x>988</x><y>332</y><time>19-01-22 19:24:03:677</time></pt><pt><x>1002</x><y>362</y><time>19-01-22 19:24:04:172</time></pt><pt><x>1017</x><y>381</y><time>19-01-22 19:24:04:524</time></pt><pt><x>1033</x><y>386</y><time>19-01-22 19:24:04:932</time></pt><pt><x>1057</x><y>377</y><time>19-01-22 19:24:05:284</time></pt><pt><x>1082</x><y>369</y><time>19-01-22 19:24:05:645</time></pt><pt><x>1102</x><y>366</y><time>19-01-22 19:24:05:956</time></pt><pt><x>1122</x><y>359</y><time>19-01-22 19:24:06:188</time></pt><pt><x>1150</x><y>351</y><time>19-01-22 19:24:06:469</time></pt><pt><x>1155</x><y>336</y><time>19-01-22 19:24:07:005</time></pt><pt><x>1139</x><y>294</y><time>19-01-22 19:24:07:660</time></pt><pt><x>1124</x><y>279</y><time>19-01-22 19:24:08:116</time></pt><pt><x>1092</x><y>272</y><time>19-01-22 19:24:08:548</time></pt><pt><x>1077</x><y>259</y><time>19-01-22 19:24:08:884</time></pt><pt><x>1010</x><y>277</y><time>19-01-22 19:24:09:636</time></pt><pt><x>990</x><y>294</y><time>19-01-22 19:24:10:637</time></pt><pt><x>997</x><y>306</y><time>19-01-22 19:24:11:068</time></pt><closed_date>19-01-22 19:24:11:380</closed_date></polygon></object><imagesize><nrows /><ncols /></imagesize></annotation>