<?xml version='1.0' encoding='UTF-8'?>
<annotation><filename>34.jpg</filename><folder>segmentation_xray</folder><source><sourceImage>The MIT-CSAIL database of objects and scenes</sourceImage><sourceAnnotation>LabelMe Webtool</sourceAnnotation></source><object><name>tooth</name><deleted>0</deleted><verified>0</verified><occluded>no</occluded><attributes>27</attributes><parts><hasparts /><ispartof /></parts><date>14-12-21 21:06:43:979</date><id>0</id><type>bounding_box</type><polygon><username>anonymous</username><pt><x>983</x><y>17</y><time>14-12-21 21:06:32:583</time></pt><pt><x>1217</x><y>17</y><time>14-12-21 21:06:35:420</time></pt><pt><x>1217</x><y>351</y><time>undefined</time></pt><pt><x>983</x><y>351</y><time>undefined</time></pt><closed_date>14-12-21 21:06:35:421</closed_date></polygon></object><object><name>tooth</name><deleted>0</deleted><verified>0</verified><occluded>no</occluded><attributes>26</attributes><parts><hasparts /><ispartof /></parts><date>14-12-21 21:06:55:472</date><id>1</id><type>bounding_box</type><polygon><username>anonymous</username><pt><x>656</x><y>2</y><time>14-12-21 21:06:45:374</time></pt><pt><x>982</x><y>2</y><time>14-12-21 21:06:48:669</time></pt><pt><x>982</x><y>379</y><time>undefined</time></pt><pt><x>656</x><y>379</y><time>undefined</time></pt><closed_date>14-12-21 21:06:48:669</closed_date></polygon></object><object><name>tooth</name><deleted>0</deleted><verified>0</verified><occluded>no</occluded><attributes>25</attributes><parts><hasparts /><ispartof /></parts><date>14-12-21 21:07:11:073</date><id>2</id><type>bounding_box</type><polygon><username>anonymous</username><pt><x>469</x><y>7</y><time>14-12-21 21:07:03:197</time></pt><pt><x>663</x><y>7</y><time>14-12-21 21:07:05:877</time></pt><pt><x>663</x><y>391</y><time>undefined</time></pt><pt><x>469</x><y>391</y><time>undefined</time></pt><closed_date>14-12-21 21:07:05:877</closed_date></polygon></object><object><name>tooth</name><deleted>0</deleted><verified>0</verified><occluded>no</occluded><attributes>24</attributes><parts><hasparts /><ispartof /></parts><date>14-12-21 21:07:18:277</date><id>3</id><type>bounding_box</type><polygon><username>anonymous</username><pt><x>252</x><y>8</y><time>14-12-21 21:07:12:182</time></pt><pt><x>471</x><y>8</y><time>14-12-21 21:07:13:917</time></pt><pt><x>471</x><y>369</y><time>undefined</time></pt><pt><x>252</x><y>369</y><time>undefined</time></pt><closed_date>14-12-21 21:07:13:918</closed_date></polygon></object><object><name>tooth</name><deleted>0</deleted><verified>0</verified><occluded>no</occluded><attributes>23</attributes><parts><hasparts /><ispartof /></parts><date>14-12-21 21:07:24:334</date><id>4</id><type>bounding_box</type><polygon><username>anonymous</username><pt><x>12</x><y>354</y><time>14-12-21 21:07:19:119</time></pt><pt><x>309</x><y>354</y><time>14-12-21 21:07:20:725</time></pt><pt><x>309</x><y>8</y><time>undefined</time></pt><pt><x>12</x><y>8</y><time>undefined</time></pt><closed_date>14-12-21 21:07:20:726</closed_date></polygon></object><object><name>tooth</name><deleted>0</deleted><verified>0</verified><occluded>no</occluded><attributes>37</attributes><parts><hasparts /><ispartof /></parts><date>14-12-21 21:07:35:160</date><id>5</id><type>bounding_box</type><polygon><username>anonymous</username><pt><x>1219</x><y>379</y><time>14-12-21 21:07:26:205</time></pt><pt><x>952</x><y>379</y><time>14-12-21 21:07:29:022</time></pt><pt><x>952</x><y>912</y><time>undefined</time></pt><pt><x>1219</x><y>912</y><time>undefined</time></pt><closed_date>14-12-21 21:07:29:022</closed_date></polygon></object><object><name>tooth</name><deleted>0</deleted><verified>0</verified><occluded>no</occluded><attributes>36</attributes><parts><hasparts>11,12</hasparts><ispartof /></parts><date>14-12-21 21:07:54:329</date><id>6</id><type>bounding_box</type><polygon><username>anonymous</username><pt><x>608</x><y>454</y><time>14-12-21 21:07:47:014</time></pt><pt><x>997</x><y>454</y><time>14-12-21 21:07:49:356</time></pt><pt><x>997</x><y>945</y><time>undefined</time></pt><pt><x>608</x><y>945</y><time>undefined</time></pt><closed_date>14-12-21 21:07:49:357</closed_date></polygon></object><object><name>tooth</name><deleted>0</deleted><verified>0</verified><occluded>no</occluded><attributes>35</attributes><parts><hasparts /><ispartof /></parts><date>14-12-21 21:08:04:705</date><id>7</id><type>bounding_box</type><polygon><username>anonymous</username><pt><x>382</x><y>451</y><time>14-12-21 21:07:55:895</time></pt><pt><x>613</x><y>451</y><time>14-12-21 21:07:58:622</time></pt><pt><x>613</x><y>940</y><time>undefined</time></pt><pt><x>382</x><y>940</y><time>undefined</time></pt><closed_date>14-12-21 21:07:58:622</closed_date></polygon></object><object><name>tooth</name><deleted>0</deleted><verified>0</verified><occluded>no</occluded><attributes>34</attributes><parts><hasparts>10</hasparts><ispartof /></parts><date>14-12-21 21:08:49:778</date><id>8</id><type>bounding_box</type><polygon><username>anonymous</username><pt><x>175</x><y>456</y><time>14-12-21 21:08:40:999</time></pt><pt><x>389</x><y>456</y><time>14-12-21 21:08:44:286</time></pt><pt><x>389</x><y>935</y><time>undefined</time></pt><pt><x>175</x><y>935</y><time>undefined</time></pt><closed_date>14-12-21 21:08:44:286</closed_date></polygon></object><object><name>tooth</name><deleted>0</deleted><verified>0</verified><occluded>no</occluded><attributes>33</attributes><parts><hasparts /><ispartof /></parts><date>14-12-21 21:08:57:204</date><id>9</id><type>bounding_box</type><polygon><username>anonymous</username><pt><x>2</x><y>462</y><time>14-12-21 21:08:50:655</time></pt><pt><x>277</x><y>462</y><time>14-12-21 21:08:52:439</time></pt><pt><x>277</x><y>948</y><time>undefined</time></pt><pt><x>2</x><y>948</y><time>undefined</time></pt><closed_date>14-12-21 21:08:52:439</closed_date></polygon></object><object><name>restoration</name><deleted>0</deleted><verified>0</verified><occluded>no</occluded><attributes /><parts><hasparts /><ispartof>8</ispartof></parts><date>14-12-21 21:11:06:107</date><id>10</id><polygon><username>anonymous</username><pt><x>224</x><y>551</y><time>14-12-21 21:10:57:930</time></pt><pt><x>244</x><y>566</y><time>14-12-21 21:10:58:295</time></pt><pt><x>259</x><y>559</y><time>14-12-21 21:10:58:713</time></pt><pt><x>284</x><y>569</y><time>14-12-21 21:10:58:975</time></pt><pt><x>311</x><y>579</y><time>14-12-21 21:10:59:263</time></pt><pt><x>337</x><y>576</y><time>14-12-21 21:10:59:663</time></pt><pt><x>351</x><y>566</y><time>14-12-21 21:10:59:943</time></pt><pt><x>364</x><y>544</y><time>14-12-21 21:11:00:329</time></pt><pt><x>357</x><y>536</y><time>14-12-21 21:11:00:680</time></pt><pt><x>339</x><y>529</y><time>14-12-21 21:11:00:960</time></pt><pt><x>319</x><y>531</y><time>14-12-21 21:11:01:207</time></pt><pt><x>307</x><y>526</y><time>14-12-21 21:11:01:487</time></pt><pt><x>291</x><y>521</y><time>14-12-21 21:11:01:742</time></pt><pt><x>262</x><y>526</y><time>14-12-21 21:11:01:983</time></pt><pt><x>254</x><y>536</y><time>14-12-21 21:11:02:351</time></pt><pt><x>235</x><y>538</y><time>14-12-21 21:11:02:623</time></pt><closed_date>14-12-21 21:11:02:887</closed_date></polygon></object><object><name>restoration</name><deleted>0</deleted><verified>0</verified><occluded>no</occluded><attributes /><parts><hasparts /><ispartof>6</ispartof></parts><date>14-12-21 21:11:13:915</date><id>11</id><polygon><username>anonymous</username><pt><x>723</x><y>543</y><time>14-12-21 21:11:07:953</time></pt><pt><x>736</x><y>571</y><time>14-12-21 21:11:08:352</time></pt><pt><x>740</x><y>589</y><time>14-12-21 21:11:08:631</time></pt><pt><x>748</x><y>596</y><time>14-12-21 21:11:08:855</time></pt><pt><x>750</x><y>584</y><time>14-12-21 21:11:09:111</time></pt><pt><x>773</x><y>581</y><time>14-12-21 21:11:09:328</time></pt><pt><x>788</x><y>591</y><time>14-12-21 21:11:09:695</time></pt><pt><x>798</x><y>586</y><time>14-12-21 21:11:10:031</time></pt><pt><x>798</x><y>558</y><time>14-12-21 21:11:10:295</time></pt><pt><x>798</x><y>543</y><time>14-12-21 21:11:10:559</time></pt><pt><x>776</x><y>526</y><time>14-12-21 21:11:10:815</time></pt><pt><x>761</x><y>526</y><time>14-12-21 21:11:11:055</time></pt><pt><x>731</x><y>533</y><time>14-12-21 21:11:11:262</time></pt><closed_date>14-12-21 21:11:11:438</closed_date></polygon></object><object><name>restoration</name><deleted>0</deleted><verified>0</verified><occluded>no</occluded><attributes /><parts><hasparts /><ispartof>6</ispartof></parts><date>14-12-21 21:11:19:400</date><id>12</id><polygon><username>anonymous</username><pt><x>806</x><y>529</y><time>14-12-21 21:11:14:751</time></pt><pt><x>840</x><y>541</y><time>14-12-21 21:11:15:095</time></pt><pt><x>860</x><y>544</y><time>14-12-21 21:11:15:439</time></pt><pt><x>882</x><y>539</y><time>14-12-21 21:11:15:665</time></pt><pt><x>897</x><y>529</y><time>14-12-21 21:11:15:897</time></pt><pt><x>918</x><y>519</y><time>14-12-21 21:11:16:174</time></pt><pt><x>922</x><y>509</y><time>14-12-21 21:11:16:439</time></pt><pt><x>917</x><y>503</y><time>14-12-21 21:11:16:695</time></pt><pt><x>892</x><y>506</y><time>14-12-21 21:11:16:911</time></pt><pt><x>870</x><y>508</y><time>14-12-21 21:11:17:110</time></pt><pt><x>846</x><y>509</y><time>14-12-21 21:11:17:305</time></pt><pt><x>835</x><y>513</y><time>14-12-21 21:11:17:479</time></pt><pt><x>820</x><y>523</y><time>14-12-21 21:11:17:687</time></pt><closed_date>14-12-21 21:11:17:984</closed_date></polygon></object><imagesize><nrows /><ncols /></imagesize></annotation>