<?xml version='1.0' encoding='UTF-8'?>
<annotation><filename>35.jpg</filename><folder>segmentation_xray</folder><source><sourceImage>The MIT-CSAIL database of objects and scenes</sourceImage><sourceAnnotation>LabelMe Webtool</sourceAnnotation></source><object><name>tooth</name><deleted>0</deleted><verified>0</verified><occluded>no</occluded><attributes>27</attributes><parts><hasparts>10</hasparts><ispartof /></parts><date>15-12-21 21:43:42:963</date><id>0</id><type>bounding_box</type><polygon><username>anonymous</username><pt><x>917</x><y>2</y><time>15-12-21 21:43:31:216</time></pt><pt><x>644</x><y>2</y><time>15-12-21 21:43:35:755</time></pt><pt><x>644</x><y>301</y><time>undefined</time></pt><pt><x>917</x><y>301</y><time>undefined</time></pt><closed_date>15-12-21 21:43:35:755</closed_date></polygon></object><object><name>tooth</name><deleted>0</deleted><verified>0</verified><occluded>no</occluded><attributes>26</attributes><parts><hasparts>9</hasparts><ispartof /></parts><date>15-12-21 21:43:52:264</date><id>1</id><type>bounding_box</type><polygon><username>anonymous</username><pt><x>678</x><y>336</y><time>15-12-21 21:43:45:419</time></pt><pt><x>339</x><y>336</y><time>15-12-21 21:43:48:586</time></pt><pt><x>339</x><y>10</y><time>undefined</time></pt><pt><x>678</x><y>10</y><time>undefined</time></pt><closed_date>15-12-21 21:43:48:586</closed_date></polygon></object><object><name>tooth</name><deleted>0</deleted><verified>0</verified><occluded>no</occluded><attributes>25</attributes><parts><hasparts /><ispartof /></parts><date>15-12-21 21:44:02:002</date><id>2</id><type>bounding_box</type><polygon><username>anonymous</username><pt><x>105</x><y>316</y><time>15-12-21 21:43:55:511</time></pt><pt><x>344</x><y>316</y><time>15-12-21 21:43:58:371</time></pt><pt><x>344</x><y>0</y><time>undefined</time></pt><pt><x>105</x><y>0</y><time>undefined</time></pt><closed_date>15-12-21 21:43:58:371</closed_date></polygon></object><object><name>tooth</name><deleted>0</deleted><verified>0</verified><occluded>no</occluded><attributes>24</attributes><parts><hasparts>8</hasparts><ispartof /></parts><date>15-12-21 21:44:08:906</date><id>3</id><type>bounding_box</type><polygon><username>anonymous</username><pt><x>3</x><y>336</y><time>15-12-21 21:44:03:716</time></pt><pt><x>117</x><y>336</y><time>15-12-21 21:44:05:818</time></pt><pt><x>117</x><y>32</y><time>undefined</time></pt><pt><x>3</x><y>32</y><time>undefined</time></pt><closed_date>15-12-21 21:44:05:818</closed_date></polygon></object><object><name>tooth</name><deleted>0</deleted><verified>0</verified><occluded>no</occluded><attributes>37</attributes><parts><hasparts /><ispartof /></parts><date>15-12-21 21:44:27:641</date><id>4</id><type>bounding_box</type><polygon><username>anonymous</username><pt><x>1060</x><y>925</y><time>15-12-21 21:44:18:147</time></pt><pt><x>675</x><y>925</y><time>15-12-21 21:44:22:419</time></pt><pt><x>675</x><y>304</y><time>undefined</time></pt><pt><x>1060</x><y>304</y><time>undefined</time></pt><closed_date>15-12-21 21:44:22:419</closed_date></polygon></object><object><name>tooth</name><deleted>0</deleted><verified>0</verified><occluded>no</occluded><attributes>36</attributes><parts><hasparts /><ispartof /></parts><date>15-12-21 21:44:38:543</date><id>5</id><type>bounding_box</type><polygon><username>anonymous</username><pt><x>339</x><y>386</y><time>15-12-21 21:44:32:059</time></pt><pt><x>768</x><y>386</y><time>15-12-21 21:44:35:171</time></pt><pt><x>768</x><y>938</y><time>undefined</time></pt><pt><x>339</x><y>938</y><time>undefined</time></pt><closed_date>15-12-21 21:44:35:171</closed_date></polygon></object><object><name>tooth</name><deleted>0</deleted><verified>0</verified><occluded>no</occluded><attributes>35</attributes><parts><hasparts /><ispartof /></parts><date>15-12-21 21:44:50:439</date><id>6</id><type>bounding_box</type><polygon><username>anonymous</username><pt><x>114</x><y>396</y><time>15-12-21 21:44:45:164</time></pt><pt><x>389</x><y>396</y><time>15-12-21 21:44:47:403</time></pt><pt><x>389</x><y>945</y><time>undefined</time></pt><pt><x>114</x><y>945</y><time>undefined</time></pt><closed_date>15-12-21 21:44:47:403</closed_date></polygon></object><object><name>tooth</name><deleted>0</deleted><verified>0</verified><occluded>no</occluded><attributes>34</attributes><parts><hasparts /><ispartof /></parts><date>15-12-21 21:44:58:430</date><id>7</id><type>bounding_box</type><polygon><username>anonymous</username><pt><x>2</x><y>407</y><time>15-12-21 21:44:51:420</time></pt><pt><x>187</x><y>407</y><time>15-12-21 21:44:53:338</time></pt><pt><x>187</x><y>938</y><time>undefined</time></pt><pt><x>2</x><y>938</y><time>undefined</time></pt><closed_date>15-12-21 21:44:53:338</closed_date></polygon></object><object><name>restoration</name><deleted>0</deleted><verified>0</verified><occluded>no</occluded><attributes /><parts><hasparts /><ispartof>3</ispartof></parts><date>15-12-21 21:46:08:042</date><id>8</id><polygon><username>anonymous</username><pt><x>738</x><y>457</y><time>15-12-21 21:45:51:077</time></pt><pt><x>745</x><y>478</y><time>15-12-21 21:45:51:507</time></pt><pt><x>766</x><y>481</y><time>15-12-21 21:45:51:794</time></pt><pt><x>770</x><y>481</y><time>15-12-21 21:45:52:051</time></pt><pt><x>805</x><y>481</y><time>15-12-21 21:45:52:379</time></pt><pt><x>821</x><y>481</y><time>15-12-21 21:45:53:243</time></pt><pt><x>831</x><y>472</y><time>15-12-21 21:45:53:675</time></pt><pt><x>882</x><y>467</y><time>15-12-21 21:45:54:362</time></pt><pt><x>893</x><y>454</y><time>15-12-21 21:45:54:859</time></pt><pt><x>888</x><y>427</y><time>15-12-21 21:45:55:395</time></pt><pt><x>902</x><y>416</y><time>15-12-21 21:45:55:859</time></pt><pt><x>912</x><y>406</y><time>15-12-21 21:45:56:242</time></pt><pt><x>912</x><y>376</y><time>15-12-21 21:45:56:690</time></pt><pt><x>902</x><y>361</y><time>15-12-21 21:45:57:067</time></pt><pt><x>873</x><y>354</y><time>15-12-21 21:45:57:418</time></pt><pt><x>850</x><y>359</y><time>15-12-21 21:45:57:763</time></pt><pt><x>825</x><y>366</y><time>15-12-21 21:45:58:066</time></pt><pt><x>808</x><y>357</y><time>15-12-21 21:45:58:659</time></pt><pt><x>791</x><y>369</y><time>15-12-21 21:45:59:067</time></pt><pt><x>788</x><y>399</y><time>15-12-21 21:45:59:595</time></pt><pt><x>768</x><y>399</y><time>15-12-21 21:46:00:259</time></pt><pt><x>740</x><y>407</y><time>15-12-21 21:46:00:738</time></pt><pt><x>733</x><y>412</y><time>15-12-21 21:46:04:124</time></pt><pt><x>736</x><y>444</y><time>15-12-21 21:46:04:787</time></pt><closed_date>15-12-21 21:46:05:964</closed_date></polygon></object><object><name>restoration</name><deleted>0</deleted><verified>0</verified><occluded>no</occluded><attributes /><parts><hasparts /><ispartof>1</ispartof></parts><date>15-12-21 21:46:22:532</date><id>9</id><polygon><username>anonymous</username><pt><x>626</x><y>80</y><time>15-12-21 21:46:10:270</time></pt><pt><x>586</x><y>102</y><time>15-12-21 21:46:10:851</time></pt><pt><x>571</x><y>122</y><time>15-12-21 21:46:11:219</time></pt><pt><x>576</x><y>154</y><time>15-12-21 21:46:11:547</time></pt><pt><x>584</x><y>189</y><time>15-12-21 21:46:11:844</time></pt><pt><x>586</x><y>207</y><time>15-12-21 21:46:12:115</time></pt><pt><x>561</x><y>210</y><time>15-12-21 21:46:12:483</time></pt><pt><x>539</x><y>217</y><time>15-12-21 21:46:12:707</time></pt><pt><x>514</x><y>200</y><time>15-12-21 21:46:15:075</time></pt><pt><x>499</x><y>194</y><time>15-12-21 21:46:15:483</time></pt><pt><x>472</x><y>194</y><time>15-12-21 21:46:15:818</time></pt><pt><x>456</x><y>200</y><time>15-12-21 21:46:16:123</time></pt><pt><x>452</x><y>229</y><time>15-12-21 21:46:16:411</time></pt><pt><x>467</x><y>257</y><time>15-12-21 21:46:16:813</time></pt><pt><x>496</x><y>267</y><time>15-12-21 21:46:17:204</time></pt><pt><x>528</x><y>267</y><time>15-12-21 21:46:17:443</time></pt><pt><x>554</x><y>269</y><time>15-12-21 21:46:17:677</time></pt><pt><x>583</x><y>269</y><time>15-12-21 21:46:17:931</time></pt><pt><x>634</x><y>254</y><time>15-12-21 21:46:18:309</time></pt><pt><x>646</x><y>235</y><time>15-12-21 21:46:18:652</time></pt><pt><x>649</x><y>210</y><time>15-12-21 21:46:18:995</time></pt><pt><x>644</x><y>170</y><time>15-12-21 21:46:19:292</time></pt><pt><x>643</x><y>122</y><time>15-12-21 21:46:20:187</time></pt><closed_date>15-12-21 21:46:20:507</closed_date></polygon></object><object><name>restoration</name><deleted>0</deleted><verified>0</verified><occluded>no</occluded><attributes /><parts><hasparts /><ispartof>0</ispartof></parts><date>15-12-21 21:46:39:791</date><id>10</id><polygon><username>anonymous</username><pt><x>843</x><y>184</y><time>15-12-21 21:46:29:597</time></pt><pt><x>835</x><y>165</y><time>15-12-21 21:46:30:172</time></pt><pt><x>803</x><y>159</y><time>15-12-21 21:46:30:507</time></pt><pt><x>783</x><y>169</y><time>15-12-21 21:46:30:762</time></pt><pt><x>775</x><y>179</y><time>15-12-21 21:46:30:994</time></pt><pt><x>761</x><y>189</y><time>15-12-21 21:46:31:218</time></pt><pt><x>750</x><y>194</y><time>15-12-21 21:46:31:442</time></pt><pt><x>738</x><y>192</y><time>15-12-21 21:46:31:898</time></pt><pt><x>705</x><y>175</y><time>15-12-21 21:46:32:467</time></pt><pt><x>690</x><y>160</y><time>15-12-21 21:46:32:850</time></pt><pt><x>671</x><y>175</y><time>15-12-21 21:46:33:115</time></pt><pt><x>671</x><y>207</y><time>15-12-21 21:46:33:450</time></pt><pt><x>711</x><y>224</y><time>15-12-21 21:46:33:780</time></pt><pt><x>728</x><y>234</y><time>15-12-21 21:46:34:059</time></pt><pt><x>763</x><y>220</y><time>15-12-21 21:46:34:476</time></pt><pt><x>801</x><y>204</y><time>15-12-21 21:46:34:836</time></pt><pt><x>820</x><y>204</y><time>15-12-21 21:46:35:090</time></pt><pt><x>857</x><y>212</y><time>15-12-21 21:46:35:467</time></pt><pt><x>887</x><y>205</y><time>15-12-21 21:46:36:075</time></pt><pt><x>885</x><y>187</y><time>15-12-21 21:46:36:388</time></pt><closed_date>15-12-21 21:46:36:683</closed_date></polygon></object><imagesize><nrows /><ncols /></imagesize></annotation>