<?xml version='1.0' encoding='UTF-8'?>
<annotation><filename>36.jpg</filename><folder>segmentation_xray</folder><source><sourceImage>The MIT-CSAIL database of objects and scenes</sourceImage><sourceAnnotation>LabelMe Webtool</sourceAnnotation></source><object><name>tooth</name><deleted>0</deleted><verified>0</verified><occluded>no</occluded><attributes>17</attributes><parts><hasparts /><ispartof /></parts><date>11-01-22 20:26:15:039</date><id>0</id><type>bounding_box</type><polygon><username>anonymous</username><pt><x>214</x><y>8</y><time>11-01-22 20:25:53:063</time></pt><pt><x>591</x><y>8</y><time>11-01-22 20:25:56:391</time></pt><pt><x>591</x><y>551</y><time>undefined</time></pt><pt><x>214</x><y>551</y><time>undefined</time></pt><closed_date>11-01-22 20:25:56:391</closed_date></polygon></object><object><name>tooth</name><deleted>0</deleted><verified>0</verified><occluded>no</occluded><attributes>16</attributes><parts><hasparts /><ispartof /></parts><date>11-01-22 20:26:25:067</date><id>1</id><type>bounding_box</type><polygon><username>anonymous</username><pt><x>950</x><y>538</y><time>11-01-22 20:26:17:487</time></pt><pt><x>568</x><y>538</y><time>11-01-22 20:26:20:650</time></pt><pt><x>568</x><y>3</y><time>undefined</time></pt><pt><x>950</x><y>3</y><time>undefined</time></pt><closed_date>11-01-22 20:26:20:650</closed_date></polygon></object><object><name>tooth</name><deleted>0</deleted><verified>0</verified><occluded>no</occluded><attributes>15</attributes><parts><hasparts /><ispartof /></parts><date>11-01-22 20:26:35:602</date><id>2</id><type>bounding_box</type><polygon><username>anonymous</username><pt><x>1189</x><y>539</y><time>11-01-22 20:26:26:496</time></pt><pt><x>943</x><y>539</y><time>11-01-22 20:26:30:987</time></pt><pt><x>943</x><y>7</y><time>undefined</time></pt><pt><x>1189</x><y>7</y><time>undefined</time></pt><closed_date>11-01-22 20:26:30:988</closed_date></polygon></object><object><name>tooth</name><deleted>0</deleted><verified>0</verified><occluded>no</occluded><attributes>14</attributes><parts><hasparts /><ispartof /></parts><date>11-01-22 20:26:43:212</date><id>3</id><type>bounding_box</type><polygon><username>anonymous</username><pt><x>1219</x><y>459</y><time>11-01-22 20:26:37:004</time></pt><pt><x>1182</x><y>459</y><time>11-01-22 20:26:38:788</time></pt><pt><x>1182</x><y>104</y><time>undefined</time></pt><pt><x>1219</x><y>104</y><time>undefined</time></pt><closed_date>11-01-22 20:26:38:788</closed_date></polygon></object><object><name>tooth</name><deleted>0</deleted><verified>0</verified><occluded>no</occluded><attributes>45</attributes><parts><hasparts /><ispartof /></parts><date>11-01-22 20:26:55:423</date><id>4</id><type>bounding_box</type><polygon><username>anonymous</username><pt><x>1214</x><y>599</y><time>11-01-22 20:26:46:832</time></pt><pt><x>1090</x><y>599</y><time>11-01-22 20:26:49:173</time></pt><pt><x>1090</x><y>933</y><time>undefined</time></pt><pt><x>1214</x><y>933</y><time>undefined</time></pt><closed_date>11-01-22 20:26:49:174</closed_date></polygon></object><object><name>tooth</name><deleted>0</deleted><verified>0</verified><occluded>no</occluded><attributes>46</attributes><parts><hasparts /><ispartof /></parts><date>11-01-22 20:27:06:809</date><id>5</id><type>bounding_box</type><polygon><username>anonymous</username><pt><x>713</x><y>619</y><time>11-01-22 20:26:59:815</time></pt><pt><x>1082</x><y>619</y><time>11-01-22 20:27:02:617</time></pt><pt><x>1082</x><y>948</y><time>undefined</time></pt><pt><x>713</x><y>948</y><time>undefined</time></pt><closed_date>11-01-22 20:27:02:617</closed_date></polygon></object><object><name>tooth</name><deleted>0</deleted><verified>0</verified><occluded>no</occluded><attributes>47</attributes><parts><hasparts /><ispartof /></parts><date>11-01-22 20:27:21:678</date><id>6</id><type>bounding_box</type><polygon><username>anonymous</username><pt><x>319</x><y>581</y><time>11-01-22 20:27:13:574</time></pt><pt><x>711</x><y>581</y><time>11-01-22 20:27:16:566</time></pt><pt><x>711</x><y>942</y><time>undefined</time></pt><pt><x>319</x><y>942</y><time>undefined</time></pt><closed_date>11-01-22 20:27:16:566</closed_date></polygon></object><object><name>tooth</name><deleted>0</deleted><verified>0</verified><occluded>no</occluded><attributes>48</attributes><parts><hasparts /><ispartof /></parts><date>11-01-22 20:27:33:875</date><id>7</id><type>bounding_box</type><polygon><username>anonymous</username><pt><x>7</x><y>529</y><time>11-01-22 20:27:25:020</time></pt><pt><x>326</x><y>529</y><time>11-01-22 20:27:28:851</time></pt><pt><x>326</x><y>948</y><time>undefined</time></pt><pt><x>7</x><y>948</y><time>undefined</time></pt><closed_date>11-01-22 20:27:28:851</closed_date></polygon></object><imagesize><nrows /><ncols /></imagesize></annotation>