<?xml version='1.0' encoding='UTF-8'?>
<annotation><filename>39.jpg</filename><folder>segmentation_xray</folder><source><sourceImage>The MIT-CSAIL database of objects and scenes</sourceImage><sourceAnnotation>LabelMe Webtool</sourceAnnotation></source><object><name>tooth</name><deleted>0</deleted><verified>0</verified><occluded>no</occluded><attributes>27</attributes><parts><hasparts /><ispartof /></parts><date>13-01-22 09:57:34:091</date><id>0</id><type>bounding_box</type><polygon><username>anonymous</username><pt><x>950</x><y>3</y><time>13-01-22 09:57:25:262</time></pt><pt><x>1217</x><y>3</y><time>13-01-22 09:57:27:623</time></pt><pt><x>1217</x><y>347</y><time>undefined</time></pt><pt><x>950</x><y>347</y><time>undefined</time></pt><closed_date>13-01-22 09:57:27:624</closed_date></polygon></object><object><name>tooth</name><deleted>0</deleted><verified>0</verified><occluded>no</occluded><attributes>26</attributes><parts><hasparts>10</hasparts><ispartof /></parts><date>13-01-22 09:57:46:899</date><id>1</id><type>bounding_box</type><polygon><username>anonymous</username><pt><x>658</x><y>2</y><time>13-01-22 09:57:38:798</time></pt><pt><x>982</x><y>2</y><time>13-01-22 09:57:41:109</time></pt><pt><x>982</x><y>374</y><time>undefined</time></pt><pt><x>658</x><y>374</y><time>undefined</time></pt><closed_date>13-01-22 09:57:41:109</closed_date></polygon></object><object><name>tooth</name><deleted>0</deleted><verified>0</verified><occluded>no</occluded><attributes>25</attributes><parts><hasparts /><ispartof /></parts><date>13-01-22 09:57:56:794</date><id>2</id><type>bounding_box</type><polygon><username>anonymous</username><pt><x>456</x><y>3</y><time>13-01-22 09:57:50:224</time></pt><pt><x>673</x><y>3</y><time>13-01-22 09:57:52:702</time></pt><pt><x>673</x><y>397</y><time>undefined</time></pt><pt><x>456</x><y>397</y><time>undefined</time></pt><closed_date>13-01-22 09:57:52:703</closed_date></polygon></object><object><name>tooth</name><deleted>0</deleted><verified>0</verified><occluded>no</occluded><attributes>23</attributes><parts><hasparts /><ispartof /></parts><date>13-01-22 09:58:07:233</date><id>3</id><type>bounding_box</type><polygon><username>anonymous</username><pt><x>242</x><y>7</y><time>13-01-22 09:57:59:792</time></pt><pt><x>13</x><y>7</y><time>13-01-22 09:58:03:072</time></pt><pt><x>13</x><y>341</y><time>undefined</time></pt><pt><x>242</x><y>341</y><time>undefined</time></pt><closed_date>13-01-22 09:58:03:072</closed_date></polygon></object><object><name>tooth</name><deleted>0</deleted><verified>0</verified><occluded>no</occluded><attributes>24</attributes><parts><hasparts /><ispartof /></parts><date>13-01-22 09:58:17:347</date><id>4</id><type>bounding_box</type><polygon><username>anonymous</username><pt><x>230</x><y>389</y><time>13-01-22 09:58:10:782</time></pt><pt><x>457</x><y>389</y><time>13-01-22 09:58:13:678</time></pt><pt><x>457</x><y>5</y><time>undefined</time></pt><pt><x>230</x><y>5</y><time>undefined</time></pt><closed_date>13-01-22 09:58:13:679</closed_date></polygon></object><object><name>tooth</name><deleted>0</deleted><verified>0</verified><occluded>no</occluded><attributes>37</attributes><parts><hasparts /><ispartof /></parts><date>13-01-22 09:58:31:553</date><id>5</id><type>bounding_box</type><polygon><username>anonymous</username><pt><x>1215</x><y>374</y><time>13-01-22 09:58:22:624</time></pt><pt><x>893</x><y>374</y><time>13-01-22 09:58:26:543</time></pt><pt><x>893</x><y>912</y><time>undefined</time></pt><pt><x>1215</x><y>912</y><time>undefined</time></pt><closed_date>13-01-22 09:58:26:543</closed_date></polygon></object><object><name>tooth</name><deleted>0</deleted><verified>0</verified><occluded>no</occluded><attributes>36</attributes><parts><hasparts>11</hasparts><ispartof /></parts><date>13-01-22 09:58:48:202</date><id>6</id><type>bounding_box</type><polygon><username>anonymous</username><pt><x>553</x><y>437</y><time>13-01-22 09:58:40:202</time></pt><pt><x>1018</x><y>437</y><time>13-01-22 09:58:43:155</time></pt><pt><x>1018</x><y>947</y><time>undefined</time></pt><pt><x>553</x><y>947</y><time>undefined</time></pt><closed_date>13-01-22 09:58:43:155</closed_date></polygon></object><object><name>tooth</name><deleted>0</deleted><verified>0</verified><occluded>no</occluded><attributes>35</attributes><parts><hasparts /><ispartof /></parts><date>13-01-22 09:58:58:202</date><id>7</id><type>bounding_box</type><polygon><username>anonymous</username><pt><x>307</x><y>459</y><time>13-01-22 09:58:50:508</time></pt><pt><x>569</x><y>459</y><time>13-01-22 09:58:52:640</time></pt><pt><x>569</x><y>948</y><time>undefined</time></pt><pt><x>307</x><y>948</y><time>undefined</time></pt><closed_date>13-01-22 09:58:52:640</closed_date></polygon></object><object><name>tooth</name><deleted>0</deleted><verified>0</verified><occluded>no</occluded><attributes>34</attributes><parts><hasparts /><ispartof /></parts><date>13-01-22 09:59:07:631</date><id>8</id><type>bounding_box</type><polygon><username>anonymous</username><pt><x>77</x><y>424</y><time>13-01-22 09:58:59:786</time></pt><pt><x>324</x><y>424</y><time>13-01-22 09:59:02:284</time></pt><pt><x>324</x><y>940</y><time>undefined</time></pt><pt><x>77</x><y>940</y><time>undefined</time></pt><closed_date>13-01-22 09:59:02:285</closed_date></polygon></object><object><name>tooth</name><deleted>0</deleted><verified>0</verified><occluded>no</occluded><attributes>33</attributes><parts><hasparts /><ispartof /></parts><date>13-01-22 09:59:13:886</date><id>9</id><type>bounding_box</type><polygon><username>anonymous</username><pt><x>2</x><y>446</y><time>13-01-22 09:59:08:791</time></pt><pt><x>152</x><y>446</y><time>13-01-22 09:59:10:432</time></pt><pt><x>152</x><y>938</y><time>undefined</time></pt><pt><x>2</x><y>938</y><time>undefined</time></pt><closed_date>13-01-22 09:59:10:432</closed_date></polygon></object><object><name>restoration</name><deleted>0</deleted><verified>0</verified><occluded>no</occluded><attributes /><parts><hasparts /><ispartof>1</ispartof></parts><date>13-01-22 09:59:30:335</date><id>10</id><polygon><username>anonymous</username><pt><x>770</x><y>264</y><time>13-01-22 09:59:16:801</time></pt><pt><x>786</x><y>230</y><time>13-01-22 09:59:17:436</time></pt><pt><x>805</x><y>215</y><time>13-01-22 09:59:17:917</time></pt><pt><x>838</x><y>210</y><time>13-01-22 09:59:18:455</time></pt><pt><x>867</x><y>224</y><time>13-01-22 09:59:19:136</time></pt><pt><x>868</x><y>244</y><time>13-01-22 09:59:19:756</time></pt><pt><x>868</x><y>254</y><time>13-01-22 09:59:20:250</time></pt><pt><x>888</x><y>250</y><time>13-01-22 09:59:20:753</time></pt><pt><x>907</x><y>254</y><time>13-01-22 09:59:21:171</time></pt><pt><x>920</x><y>255</y><time>13-01-22 09:59:21:477</time></pt><pt><x>935</x><y>279</y><time>13-01-22 09:59:22:073</time></pt><pt><x>943</x><y>294</y><time>13-01-22 09:59:22:545</time></pt><pt><x>940</x><y>314</y><time>13-01-22 09:59:23:012</time></pt><pt><x>910</x><y>336</y><time>13-01-22 09:59:23:582</time></pt><pt><x>893</x><y>339</y><time>13-01-22 09:59:24:056</time></pt><pt><x>882</x><y>327</y><time>13-01-22 09:59:24:593</time></pt><pt><x>865</x><y>327</y><time>13-01-22 09:59:24:914</time></pt><pt><x>848</x><y>327</y><time>13-01-22 09:59:25:173</time></pt><pt><x>826</x><y>324</y><time>13-01-22 09:59:25:463</time></pt><pt><x>803</x><y>321</y><time>13-01-22 09:59:25:722</time></pt><pt><x>778</x><y>312</y><time>13-01-22 09:59:25:986</time></pt><pt><x>763</x><y>302</y><time>13-01-22 09:59:26:230</time></pt><pt><x>758</x><y>279</y><time>13-01-22 09:59:26:495</time></pt><closed_date>13-01-22 09:59:26:928</closed_date></polygon></object><object><name>restoration</name><deleted>0</deleted><verified>0</verified><occluded>no</occluded><attributes /><parts><hasparts /><ispartof>6</ispartof></parts><date>13-01-22 09:59:45:738</date><id>11</id><polygon><username>anonymous</username><pt><x>613</x><y>573</y><time>13-01-22 09:59:33:438</time></pt><pt><x>634</x><y>583</y><time>13-01-22 09:59:33:944</time></pt><pt><x>651</x><y>579</y><time>13-01-22 09:59:34:285</time></pt><pt><x>668</x><y>579</y><time>13-01-22 09:59:34:578</time></pt><pt><x>690</x><y>583</y><time>13-01-22 09:59:34:900</time></pt><pt><x>710</x><y>588</y><time>13-01-22 09:59:35:199</time></pt><pt><x>720</x><y>603</y><time>13-01-22 09:59:35:533</time></pt><pt><x>731</x><y>611</y><time>13-01-22 09:59:35:855</time></pt><pt><x>743</x><y>613</y><time>13-01-22 09:59:36:175</time></pt><pt><x>760</x><y>611</y><time>13-01-22 09:59:36:558</time></pt><pt><x>765</x><y>599</y><time>13-01-22 09:59:36:864</time></pt><pt><x>765</x><y>584</y><time>13-01-22 09:59:37:143</time></pt><pt><x>765</x><y>576</y><time>13-01-22 09:59:37:401</time></pt><pt><x>775</x><y>569</y><time>13-01-22 09:59:37:645</time></pt><pt><x>790</x><y>563</y><time>13-01-22 09:59:37:913</time></pt><pt><x>800</x><y>536</y><time>13-01-22 09:59:38:301</time></pt><pt><x>808</x><y>519</y><time>13-01-22 09:59:38:592</time></pt><pt><x>813</x><y>508</y><time>13-01-22 09:59:38:914</time></pt><pt><x>796</x><y>523</y><time>13-01-22 09:59:39:200</time></pt><pt><x>778</x><y>538</y><time>13-01-22 09:59:39:472</time></pt><pt><x>756</x><y>544</y><time>13-01-22 09:59:39:714</time></pt><pt><x>741</x><y>546</y><time>13-01-22 09:59:39:905</time></pt><pt><x>720</x><y>546</y><time>13-01-22 09:59:40:189</time></pt><pt><x>701</x><y>536</y><time>13-01-22 09:59:40:482</time></pt><pt><x>690</x><y>531</y><time>13-01-22 09:59:40:760</time></pt><pt><x>686</x><y>536</y><time>13-01-22 09:59:41:033</time></pt><pt><x>688</x><y>544</y><time>13-01-22 09:59:41:338</time></pt><pt><x>659</x><y>548</y><time>13-01-22 09:59:41:617</time></pt><pt><x>626</x><y>549</y><time>13-01-22 09:59:41:856</time></pt><pt><x>611</x><y>556</y><time>13-01-22 09:59:42:098</time></pt><closed_date>13-01-22 09:59:42:307</closed_date></polygon></object><imagesize><nrows /><ncols /></imagesize></annotation>