<?xml version="1.0" encoding="UTF-8"?><annotation><filename>40.jpg</filename><folder>segmentation_xray</folder><source><sourceImage>The MIT-CSAIL database of objects and scenes</sourceImage><sourceAnnotation>LabelMe Webtool</sourceAnnotation></source><object><name>tooth 27</name><deleted>0</deleted><verified>0</verified><occluded>no</occluded><attributes/><parts><hasparts>12,13</hasparts><ispartof/></parts><date>06-12-21 11:03:38:004</date><id>0</id><type>bounding_box</type><polygon><username>anonymous</username><pt><x>784</x><y>324</y><time>06-12-21 11:03:29:301</time></pt><pt><x>1086</x><y>324</y><time>06-12-21 11:03:32:854</time></pt><pt><x>1086</x><y>1</y><time>undefined</time></pt><pt><x>784</x><y>1</y><time>undefined</time></pt><closed_date>06-12-21 11:03:32:855</closed_date></polygon></object><object><name>tooth 26</name><deleted>0</deleted><verified>0</verified><occluded>no</occluded><attributes/><parts><hasparts>11</hasparts><ispartof/></parts><date>06-12-21 11:03:52:893</date><id>1</id><type>bounding_box</type><polygon><username>anonymous</username><pt><x>478</x><y>391</y><time>06-12-21 11:03:45:232</time></pt><pt><x>805</x><y>391</y><time>06-12-21 11:03:48:598</time></pt><pt><x>805</x><y>4</y><time>undefined</time></pt><pt><x>478</x><y>4</y><time>undefined</time></pt><closed_date>06-12-21 11:03:48:598</closed_date></polygon></object><object><name>tooth 25</name><deleted>0</deleted><verified>0</verified><occluded>no</occluded><attributes/><parts><hasparts>10</hasparts><ispartof/></parts><date>06-12-21 11:05:18:187</date><id>2</id><type>bounding_box</type><polygon><username>anonymous</username><pt><x>271</x><y>331</y><time>06-12-21 11:05:09:864</time></pt><pt><x>494</x><y>331</y><time>06-12-21 11:05:12:626</time></pt><pt><x>494</x><y>2</y><time>undefined</time></pt><pt><x>271</x><y>2</y><time>undefined</time></pt><closed_date>06-12-21 11:05:12:626</closed_date></polygon></object><object><name>tooth 24</name><deleted>0</deleted><verified>0</verified><occluded>no</occluded><attributes/><parts><hasparts>8,9</hasparts><ispartof/></parts><date>06-12-21 11:05:28:000</date><id>3</id><type>bounding_box</type><polygon><username>anonymous</username><pt><x>48</x><y>331</y><time>06-12-21 11:05:19:524</time></pt><pt><x>283</x><y>331</y><time>06-12-21 11:05:22:895</time></pt><pt><x>283</x><y>1</y><time>undefined</time></pt><pt><x>48</x><y>1</y><time>undefined</time></pt><closed_date>06-12-21 11:05:22:895</closed_date></polygon></object><object><name>tooth 38</name><deleted>0</deleted><verified>0</verified><occluded>no</occluded><attributes/><parts><hasparts>14</hasparts><ispartof/></parts><date>06-12-21 11:05:44:563</date><id>4</id><type>bounding_box</type><polygon><username>anonymous</username><pt><x>1061</x><y>619</y><time>06-12-21 11:05:30:272</time></pt><pt><x>1219</x><y>619</y><time>06-12-21 11:05:32:662</time></pt><pt><x>1219</x><y>207</y><time>undefined</time></pt><pt><x>1061</x><y>207</y><time>undefined</time></pt><closed_date>06-12-21 11:05:32:662</closed_date></polygon></object><object><name>tooth 35</name><deleted>0</deleted><verified>0</verified><occluded>no</occluded><attributes/><parts><hasparts>15,16</hasparts><ispartof/></parts><date>06-12-21 11:05:53:223</date><id>5</id><type>bounding_box</type><polygon><username>anonymous</username><pt><x>290</x><y>418</y><time>06-12-21 11:05:47:688</time></pt><pt><x>547</x><y>418</y><time>06-12-21 11:05:49:713</time></pt><pt><x>547</x><y>938</y><time>undefined</time></pt><pt><x>290</x><y>938</y><time>undefined</time></pt><closed_date>06-12-21 11:05:49:713</closed_date></polygon></object><object><name>tooth 34</name><deleted>0</deleted><verified>0</verified><occluded>no</occluded><attributes/><parts><hasparts>17</hasparts><ispartof/></parts><date>06-12-21 11:06:01:994</date><id>6</id><type>bounding_box</type><polygon><username>anonymous</username><pt><x>74</x><y>428</y><time>06-12-21 11:05:54:920</time></pt><pt><x>384</x><y>428</y><time>06-12-21 11:05:57:271</time></pt><pt><x>384</x><y>945</y><time>undefined</time></pt><pt><x>74</x><y>945</y><time>undefined</time></pt><closed_date>06-12-21 11:05:57:271</closed_date></polygon></object><object><name>tooth 33</name><deleted>0</deleted><verified>0</verified><occluded>no</occluded><attributes/><parts><hasparts/><ispartof/></parts><date>06-12-21 11:06:09:248</date><id>7</id><type>bounding_box</type><polygon><username>anonymous</username><pt><x>1</x><y>462</y><time>06-12-21 11:06:03:699</time></pt><pt><x>255</x><y>462</y><time>06-12-21 11:06:05:530</time></pt><pt><x>255</x><y>945</y><time>undefined</time></pt><pt><x>1</x><y>945</y><time>undefined</time></pt><closed_date>06-12-21 11:06:05:531</closed_date></polygon></object><object><name>caries</name><deleted>1</deleted><verified>0</verified><occluded>no</occluded><attributes/><parts><hasparts/><ispartof>3</ispartof></parts><date>06-12-21 11:06:31:675</date><id>8</id><polygon><username>anonymous</username><pt><x>53</x><y>235</y><time>06-12-21 11:06:22:943</time></pt><pt><x>80</x><y>228</y><time>06-12-21 11:06:23:509</time></pt><pt><x>101</x><y>219</y><time>06-12-21 11:06:23:957</time></pt><pt><x>117</x><y>219</y><time>06-12-21 11:06:24:346</time></pt><pt><x>122</x><y>203</y><time>06-12-21 11:06:24:741</time></pt><pt><x>120</x><y>188</y><time>06-12-21 11:06:25:115</time></pt><pt><x>113</x><y>175</y><time>06-12-21 11:06:25:548</time></pt><pt><x>96</x><y>168</y><time>06-12-21 11:06:25:877</time></pt><pt><x>80</x><y>182</y><time>06-12-21 11:06:26:174</time></pt><pt><x>76</x><y>189</y><time>06-12-21 11:06:26:451</time></pt><pt><x>60</x><y>188</y><time>06-12-21 11:06:26:942</time></pt><pt><x>51</x><y>189</y><time>06-12-21 11:06:27:413</time></pt><closed_date>06-12-21 11:06:28:245</closed_date></polygon></object><object><name>caries</name><deleted>1</deleted><verified>0</verified><occluded>no</occluded><attributes/><parts><hasparts/><ispartof>3</ispartof></parts><date>06-12-21 11:06:43:400</date><id>9</id><polygon><username>anonymous</username><pt><x>221</x><y>156</y><time>06-12-21 11:06:34:125</time></pt><pt><x>234</x><y>180</y><time>06-12-21 11:06:34:696</time></pt><pt><x>246</x><y>198</y><time>06-12-21 11:06:35:053</time></pt><pt><x>260</x><y>182</y><time>06-12-21 11:06:35:901</time></pt><pt><x>272</x><y>175</y><time>06-12-21 11:06:36:507</time></pt><pt><x>271</x><y>117</y><time>06-12-21 11:06:38:132</time></pt><pt><x>262</x><y>115</y><time>06-12-21 11:06:39:206</time></pt><pt><x>253</x><y>115</y><time>06-12-21 11:06:39:700</time></pt><pt><x>241</x><y>115</y><time>06-12-21 11:06:40:019</time></pt><pt><x>234</x><y>124</y><time>06-12-21 11:06:40:301</time></pt><pt><x>226</x><y>133</y><time>06-12-21 11:06:40:607</time></pt><closed_date>06-12-21 11:06:40:828</closed_date></polygon></object><object><name>caries</name><deleted>1</deleted><verified>0</verified><occluded>no</occluded><attributes/><parts><hasparts/><ispartof>2</ispartof></parts><date>06-12-21 11:07:22:496</date><id>10</id><polygon><username>anonymous</username><pt><x>442</x><y>131</y><time>06-12-21 11:07:06:784</time></pt><pt><x>437</x><y>170</y><time>06-12-21 11:07:07:577</time></pt><pt><x>446</x><y>193</y><time>06-12-21 11:07:07:973</time></pt><pt><x>455</x><y>203</y><time>06-12-21 11:07:08:291</time></pt><pt><x>467</x><y>209</y><time>06-12-21 11:07:08:795</time></pt><pt><x>483</x><y>209</y><time>06-12-21 11:07:09:774</time></pt><pt><x>486</x><y>209</y><time>06-12-21 11:07:10:559</time></pt><pt><x>483</x><y>186</y><time>06-12-21 11:07:11:243</time></pt><pt><x>476</x><y>110</y><time>06-12-21 11:07:16:582</time></pt><closed_date>06-12-21 11:07:17:326</closed_date></polygon></object><object><name>caries</name><deleted>1</deleted><verified>0</verified><occluded>no</occluded><attributes/><parts><hasparts/><ispartof>1</ispartof></parts><date>06-12-21 11:07:53:336</date><id>11</id><polygon><username>anonymous</username><pt><x>520</x><y>124</y><time>06-12-21 11:07:38:442</time></pt><pt><x>570</x><y>94</y><time>06-12-21 11:07:39:190</time></pt><pt><x>651</x><y>88</y><time>06-12-21 11:07:39:749</time></pt><pt><x>724</x><y>81</y><time>06-12-21 11:07:40:157</time></pt><pt><x>752</x><y>120</y><time>06-12-21 11:07:40:622</time></pt><pt><x>773</x><y>157</y><time>06-12-21 11:07:41:067</time></pt><pt><x>782</x><y>218</y><time>06-12-21 11:07:41:523</time></pt><pt><x>768</x><y>265</y><time>06-12-21 11:07:42:469</time></pt><pt><x>716</x><y>280</y><time>06-12-21 11:07:43:079</time></pt><pt><x>667</x><y>281</y><time>06-12-21 11:07:43:539</time></pt><pt><x>619</x><y>271</y><time>06-12-21 11:07:44:260</time></pt><pt><x>582</x><y>311</y><time>06-12-21 11:07:44:844</time></pt><pt><x>540</x><y>320</y><time>06-12-21 11:07:45:516</time></pt><pt><x>494</x><y>311</y><time>06-12-21 11:07:46:414</time></pt><pt><x>490</x><y>287</y><time>06-12-21 11:07:47:997</time></pt><pt><x>508</x><y>255</y><time>06-12-21 11:07:48:702</time></pt><pt><x>511</x><y>221</y><time>06-12-21 11:07:49:270</time></pt><pt><x>520</x><y>163</y><time>06-12-21 11:07:50:102</time></pt><closed_date>06-12-21 11:07:50:676</closed_date></polygon></object><object><name>restoration</name><deleted>0</deleted><verified>0</verified><occluded>no</occluded><attributes/><parts><hasparts/><ispartof>0</ispartof></parts><date>06-12-21 11:08:25:957</date><id>12</id><polygon><username>anonymous</username><pt><x>870</x><y>255</y><time>06-12-21 11:08:13:967</time></pt><pt><x>883</x><y>267</y><time>06-12-21 11:08:14:572</time></pt><pt><x>911</x><y>264</y><time>06-12-21 11:08:15:006</time></pt><pt><x>938</x><y>258</y><time>06-12-21 11:08:15:381</time></pt><pt><x>969</x><y>253</y><time>06-12-21 11:08:15:907</time></pt><pt><x>969</x><y>271</y><time>06-12-21 11:08:16:437</time></pt><pt><x>1001</x><y>255</y><time>06-12-21 11:08:17:002</time></pt><pt><x>1008</x><y>246</y><time>06-12-21 11:08:17:443</time></pt><pt><x>1040</x><y>230</y><time>06-12-21 11:08:17:750</time></pt><pt><x>1053</x><y>219</y><time>06-12-21 11:08:18:090</time></pt><pt><x>1047</x><y>188</y><time>06-12-21 11:08:18:523</time></pt><pt><x>1047</x><y>163</y><time>06-12-21 11:08:18:949</time></pt><pt><x>1003</x><y>173</y><time>06-12-21 11:08:19:976</time></pt><pt><x>927</x><y>196</y><time>06-12-21 11:08:21:134</time></pt><pt><x>900</x><y>214</y><time>06-12-21 11:08:21:673</time></pt><pt><x>877</x><y>221</y><time>06-12-21 11:08:22:191</time></pt><pt><x>872</x><y>237</y><time>06-12-21 11:08:22:710</time></pt><closed_date>06-12-21 11:08:23:262</closed_date></polygon></object><object><name>caries</name><deleted>1</deleted><verified>0</verified><occluded>no</occluded><attributes/><parts><hasparts/><ispartof>0</ispartof></parts><date>06-12-21 11:08:35:375</date><id>13</id><polygon><username>anonymous</username><pt><x>1031</x><y>80</y><time>06-12-21 11:08:27:261</time></pt><pt><x>1026</x><y>99</y><time>06-12-21 11:08:28:209</time></pt><pt><x>1005</x><y>94</y><time>06-12-21 11:08:28:708</time></pt><pt><x>998</x><y>81</y><time>06-12-21 11:08:29:079</time></pt><pt><x>996</x><y>58</y><time>06-12-21 11:08:29:413</time></pt><pt><x>989</x><y>30</y><time>06-12-21 11:08:30:105</time></pt><pt><x>1017</x><y>28</y><time>06-12-21 11:08:30:552</time></pt><pt><x>1037</x><y>28</y><time>06-12-21 11:08:30:965</time></pt><pt><x>1046</x><y>67</y><time>06-12-21 11:08:31:582</time></pt><closed_date>06-12-21 11:08:32:157</closed_date></polygon></object><object><name>restoration</name><deleted>0</deleted><verified>0</verified><occluded>no</occluded><attributes/><parts><hasparts/><ispartof>4</ispartof></parts><date>06-12-21 11:09:06:799</date><id>14</id><polygon><username>anonymous</username><pt><x>1134</x><y>359</y><time>06-12-21 11:08:54:423</time></pt><pt><x>1162</x><y>364</y><time>06-12-21 11:08:54:978</time></pt><pt><x>1176</x><y>386</y><time>06-12-21 11:08:55:493</time></pt><pt><x>1196</x><y>398</y><time>06-12-21 11:08:55:999</time></pt><pt><x>1215</x><y>375</y><time>06-12-21 11:08:57:689</time></pt><pt><x>1219</x><y>264</y><time>06-12-21 11:09:00:051</time></pt><pt><x>1201</x><y>285</y><time>06-12-21 11:09:00:728</time></pt><pt><x>1182</x><y>287</y><time>06-12-21 11:09:01:437</time></pt><pt><x>1180</x><y>304</y><time>06-12-21 11:09:01:874</time></pt><pt><x>1157</x><y>310</y><time>06-12-21 11:09:02:406</time></pt><pt><x>1145</x><y>317</y><time>06-12-21 11:09:02:745</time></pt><pt><x>1134</x><y>327</y><time>06-12-21 11:09:03:130</time></pt><closed_date>06-12-21 11:09:03:730</closed_date></polygon></object><object><name>restoration</name><deleted>0</deleted><verified>0</verified><occluded>no</occluded><attributes/><parts><hasparts/><ispartof>5</ispartof></parts><date>06-12-21 11:09:35:063</date><id>15</id><polygon><username>anonymous</username><pt><x>343</x><y>476</y><time>06-12-21 11:09:23:987</time></pt><pt><x>352</x><y>511</y><time>06-12-21 11:09:24:724</time></pt><pt><x>361</x><y>513</y><time>06-12-21 11:09:25:221</time></pt><pt><x>380</x><y>524</y><time>06-12-21 11:09:25:579</time></pt><pt><x>421</x><y>515</y><time>06-12-21 11:09:26:773</time></pt><pt><x>442</x><y>490</y><time>06-12-21 11:09:27:251</time></pt><pt><x>453</x><y>460</y><time>06-12-21 11:09:27:806</time></pt><pt><x>441</x><y>451</y><time>06-12-21 11:09:28:575</time></pt><pt><x>405</x><y>456</y><time>06-12-21 11:09:28:996</time></pt><pt><x>379</x><y>464</y><time>06-12-21 11:09:29:593</time></pt><pt><x>347</x><y>462</y><time>06-12-21 11:09:30:444</time></pt><closed_date>06-12-21 11:09:30:938</closed_date></polygon></object><object><name>restoration</name><deleted>0</deleted><verified>0</verified><occluded>no</occluded><attributes/><parts><hasparts/><ispartof>5</ispartof></parts><date>06-12-21 11:09:50:315</date><id>16</id><polygon><username>anonymous</username><pt><x>377</x><y>612</y><time>06-12-21 11:09:36:431</time></pt><pt><x>382</x><y>647</y><time>06-12-21 11:09:36:980</time></pt><pt><x>395</x><y>670</y><time>06-12-21 11:09:37:404</time></pt><pt><x>419</x><y>676</y><time>06-12-21 11:09:37:958</time></pt><pt><x>451</x><y>670</y><time>06-12-21 11:09:38:433</time></pt><pt><x>460</x><y>644</y><time>06-12-21 11:09:43:453</time></pt><pt><x>460</x><y>626</y><time>06-12-21 11:09:43:978</time></pt><pt><x>456</x><y>600</y><time>06-12-21 11:09:44:539</time></pt><pt><x>446</x><y>587</y><time>06-12-21 11:09:45:056</time></pt><pt><x>414</x><y>593</y><time>06-12-21 11:09:45:572</time></pt><pt><x>391</x><y>600</y><time>06-12-21 11:09:46:333</time></pt><closed_date>06-12-21 11:09:46:739</closed_date></polygon></object><object><name>restoration</name><deleted>0</deleted><verified>0</verified><occluded>no</occluded><attributes/><parts><hasparts/><ispartof>6</ispartof></parts><date>06-12-21 11:10:17:864</date><id>17</id><polygon><username>anonymous</username><pt><x>127</x><y>499</y><time>06-12-21 11:10:03:791</time></pt><pt><x>136</x><y>517</y><time>06-12-21 11:10:04:310</time></pt><pt><x>152</x><y>525</y><time>06-12-21 11:10:04:725</time></pt><pt><x>165</x><y>524</y><time>06-12-21 11:10:05:099</time></pt><pt><x>170</x><y>509</y><time>06-12-21 11:10:05:603</time></pt><pt><x>172</x><y>504</y><time>06-12-21 11:10:05:977</time></pt><pt><x>177</x><y>515</y><time>06-12-21 11:10:07:237</time></pt><pt><x>195</x><y>520</y><time>06-12-21 11:10:07:560</time></pt><pt><x>211</x><y>522</y><time>06-12-21 11:10:07:816</time></pt><pt><x>226</x><y>524</y><time>06-12-21 11:10:08:051</time></pt><pt><x>237</x><y>511</y><time>06-12-21 11:10:08:516</time></pt><pt><x>225</x><y>524</y><time>06-12-21 11:10:09:181</time></pt><pt><x>234</x><y>495</y><time>06-12-21 11:10:10:228</time></pt><pt><x>244</x><y>485</y><time>06-12-21 11:10:10:847</time></pt><pt><x>223</x><y>474</y><time>06-12-21 11:10:11:773</time></pt><pt><x>195</x><y>474</y><time>06-12-21 11:10:12:237</time></pt><pt><x>179</x><y>474</y><time>06-12-21 11:10:12:757</time></pt><pt><x>166</x><y>479</y><time>06-12-21 11:10:13:132</time></pt><pt><x>165</x><y>488</y><time>06-12-21 11:10:13:490</time></pt><pt><x>147</x><y>490</y><time>06-12-21 11:10:14:004</time></pt><closed_date>06-12-21 11:10:14:447</closed_date></polygon></object><imagesize><nrows></nrows><ncols></ncols></imagesize></annotation>