<?xml version='1.0' encoding='UTF-8'?>
<annotation><filename>42.jpg</filename><folder>segmentation_xray</folder><source><sourceImage>The MIT-CSAIL database of objects and scenes</sourceImage><sourceAnnotation>LabelMe Webtool</sourceAnnotation></source><object><name>tooth</name><deleted>0</deleted><verified>0</verified><occluded>no</occluded><attributes>27</attributes><parts><hasparts>14</hasparts><ispartof /></parts><date>13-01-22 10:52:51:467</date><id>0</id><type>bounding_box</type><polygon><username>anonymous</username><pt><x>875</x><y>3</y><time>13-01-22 10:52:38:616</time></pt><pt><x>1130</x><y>3</y><time>13-01-22 10:52:40:568</time></pt><pt><x>1130</x><y>316</y><time>undefined</time></pt><pt><x>875</x><y>316</y><time>undefined</time></pt><closed_date>13-01-22 10:52:40:568</closed_date></polygon></object><object><name>tooth</name><deleted>0</deleted><verified>0</verified><occluded>no</occluded><attributes>26</attributes><parts><hasparts>13</hasparts><ispartof /></parts><date>13-01-22 10:53:01:278</date><id>1</id><type>bounding_box</type><polygon><username>anonymous</username><pt><x>578</x><y>7</y><time>13-01-22 10:52:53:672</time></pt><pt><x>877</x><y>7</y><time>13-01-22 10:52:56:478</time></pt><pt><x>877</x><y>352</y><time>undefined</time></pt><pt><x>578</x><y>352</y><time>undefined</time></pt><closed_date>13-01-22 10:52:56:479</closed_date></polygon></object><object><name>tooth</name><deleted>0</deleted><verified>0</verified><occluded>no</occluded><attributes>25</attributes><parts><hasparts>11,12</hasparts><ispartof /></parts><date>13-01-22 10:53:16:212</date><id>2</id><type>bounding_box</type><polygon><username>anonymous</username><pt><x>381</x><y>339</y><time>13-01-22 10:53:08:492</time></pt><pt><x>578</x><y>339</y><time>13-01-22 10:53:11:567</time></pt><pt><x>578</x><y>7</y><time>undefined</time></pt><pt><x>381</x><y>7</y><time>undefined</time></pt><closed_date>13-01-22 10:53:11:567</closed_date></polygon></object><object><name>tooth</name><deleted>0</deleted><verified>0</verified><occluded>no</occluded><attributes>24</attributes><parts><hasparts>10</hasparts><ispartof /></parts><date>13-01-22 10:53:32:280</date><id>3</id><type>bounding_box</type><polygon><username>anonymous</username><pt><x>175</x><y>326</y><time>13-01-22 10:53:17:857</time></pt><pt><x>416</x><y>326</y><time>13-01-22 10:53:20:308</time></pt><pt><x>416</x><y>3</y><time>undefined</time></pt><pt><x>175</x><y>3</y><time>undefined</time></pt><closed_date>13-01-22 10:53:20:308</closed_date></polygon></object><object><name>tooth</name><deleted>0</deleted><verified>0</verified><occluded>no</occluded><attributes>23</attributes><parts><hasparts>15,16</hasparts><ispartof /></parts><date>13-01-22 10:53:39:715</date><id>4</id><type>bounding_box</type><polygon><username>anonymous</username><pt><x>10</x><y>279</y><time>13-01-22 10:53:33:507</time></pt><pt><x>240</x><y>279</y><time>13-01-22 10:53:34:623</time></pt><pt><x>240</x><y>5</y><time>undefined</time></pt><pt><x>10</x><y>5</y><time>undefined</time></pt><closed_date>13-01-22 10:53:34:623</closed_date></polygon></object><object><name>tooth</name><deleted>0</deleted><verified>0</verified><occluded>no</occluded><attributes>37</attributes><parts><hasparts /><ispartof /></parts><date>13-01-22 11:03:03:243</date><id>5</id><type>bounding_box</type><polygon><username>anonymous</username><pt><x>1217</x><y>319</y><time>13-01-22 11:02:53:850</time></pt><pt><x>857</x><y>319</y><time>13-01-22 11:02:57:249</time></pt><pt><x>857</x><y>868</y><time>undefined</time></pt><pt><x>1217</x><y>868</y><time>undefined</time></pt><closed_date>13-01-22 11:02:57:249</closed_date></polygon></object><object><name>tooth</name><deleted>0</deleted><verified>0</verified><occluded>no</occluded><attributes>36</attributes><parts><hasparts>17,18</hasparts><ispartof /></parts><date>13-01-22 11:03:21:157</date><id>6</id><type>bounding_box</type><polygon><username>anonymous</username><pt><x>548</x><y>404</y><time>13-01-22 11:03:13:844</time></pt><pt><x>1000</x><y>404</y><time>13-01-22 11:03:16:143</time></pt><pt><x>1000</x><y>937</y><time>undefined</time></pt><pt><x>548</x><y>937</y><time>undefined</time></pt><closed_date>13-01-22 11:03:16:143</closed_date></polygon></object><object><name>tooth</name><deleted>0</deleted><verified>0</verified><occluded>no</occluded><attributes>35</attributes><parts><hasparts>19</hasparts><ispartof /></parts><date>13-01-22 11:03:29:350</date><id>7</id><type>bounding_box</type><polygon><username>anonymous</username><pt><x>327</x><y>412</y><time>13-01-22 11:03:23:371</time></pt><pt><x>716</x><y>412</y><time>13-01-22 11:03:25:244</time></pt><pt><x>716</x><y>945</y><time>undefined</time></pt><pt><x>327</x><y>945</y><time>undefined</time></pt><closed_date>13-01-22 11:03:25:244</closed_date></polygon></object><object><name>tooth</name><deleted>0</deleted><verified>0</verified><occluded>no</occluded><attributes>34</attributes><parts><hasparts>20</hasparts><ispartof /></parts><date>13-01-22 11:03:56:268</date><id>8</id><type>bounding_box</type><polygon><username>anonymous</username><pt><x>112</x><y>361</y><time>13-01-22 11:03:37:641</time></pt><pt><x>352</x><y>361</y><time>13-01-22 11:03:42:481</time></pt><pt><x>352</x><y>947</y><time>undefined</time></pt><pt><x>112</x><y>947</y><time>undefined</time></pt><closed_date>13-01-22 11:03:42:482</closed_date></polygon></object><object><name>tooth</name><deleted>0</deleted><verified>0</verified><occluded>no</occluded><attributes>33</attributes><parts><hasparts /><ispartof /></parts><date>13-01-22 11:04:04:016</date><id>9</id><type>bounding_box</type><polygon><username>anonymous</username><pt><x>5</x><y>329</y><time>13-01-22 11:03:57:596</time></pt><pt><x>152</x><y>329</y><time>13-01-22 11:03:59:568</time></pt><pt><x>152</x><y>933</y><time>undefined</time></pt><pt><x>5</x><y>933</y><time>undefined</time></pt><closed_date>13-01-22 11:03:59:569</closed_date></polygon></object><object><name>restoration</name><deleted>0</deleted><verified>0</verified><occluded>no</occluded><attributes /><parts><hasparts /><ispartof>3</ispartof></parts><date>13-01-22 11:04:27:138</date><id>10</id><polygon><username>anonymous</username><pt><x>204</x><y>252</y><time>13-01-22 11:04:06:489</time></pt><pt><x>212</x><y>234</y><time>13-01-22 11:04:07:221</time></pt><pt><x>224</x><y>229</y><time>13-01-22 11:04:07:688</time></pt><pt><x>230</x><y>224</y><time>13-01-22 11:04:08:106</time></pt><pt><x>244</x><y>215</y><time>13-01-22 11:04:08:473</time></pt><pt><x>260</x><y>214</y><time>13-01-22 11:04:08:783</time></pt><pt><x>282</x><y>214</y><time>13-01-22 11:04:09:098</time></pt><pt><x>306</x><y>214</y><time>13-01-22 11:04:09:472</time></pt><pt><x>317</x><y>214</y><time>13-01-22 11:04:09:730</time></pt><pt><x>329</x><y>207</y><time>13-01-22 11:04:10:261</time></pt><pt><x>336</x><y>195</y><time>13-01-22 11:04:10:616</time></pt><pt><x>347</x><y>194</y><time>13-01-22 11:04:10:923</time></pt><pt><x>357</x><y>197</y><time>13-01-22 11:04:11:201</time></pt><pt><x>376</x><y>199</y><time>13-01-22 11:04:11:536</time></pt><pt><x>381</x><y>199</y><time>13-01-22 11:04:12:164</time></pt><pt><x>381</x><y>207</y><time>13-01-22 11:04:19:520</time></pt><pt><x>361</x><y>210</y><time>13-01-22 11:04:20:008</time></pt><pt><x>329</x><y>232</y><time>13-01-22 11:04:21:110</time></pt><pt><x>324</x><y>244</y><time>13-01-22 11:04:21:493</time></pt><pt><x>319</x><y>277</y><time>13-01-22 11:04:22:052</time></pt><pt><x>319</x><y>291</y><time>13-01-22 11:04:22:479</time></pt><pt><x>319</x><y>294</y><time>13-01-22 11:04:22:888</time></pt><pt><x>301</x><y>296</y><time>13-01-22 11:04:23:230</time></pt><pt><x>272</x><y>301</y><time>13-01-22 11:04:23:669</time></pt><pt><x>260</x><y>301</y><time>13-01-22 11:04:24:039</time></pt><pt><x>249</x><y>284</y><time>13-01-22 11:04:24:339</time></pt><pt><x>232</x><y>275</y><time>13-01-22 11:04:24:603</time></pt><pt><x>212</x><y>269</y><time>13-01-22 11:04:24:876</time></pt><closed_date>13-01-22 11:04:25:142</closed_date></polygon></object><object><name>restoration</name><deleted>0</deleted><verified>0</verified><occluded>no</occluded><attributes /><parts><hasparts /><ispartof>2</ispartof></parts><date>13-01-22 11:04:44:754</date><id>11</id><polygon><username>anonymous</username><pt><x>444</x><y>210</y><time>13-01-22 11:04:28:308</time></pt><pt><x>426</x><y>210</y><time>13-01-22 11:04:28:725</time></pt><pt><x>416</x><y>210</y><time>13-01-22 11:04:28:997</time></pt><pt><x>391</x><y>227</y><time>13-01-22 11:04:29:675</time></pt><pt><x>386</x><y>237</y><time>13-01-22 11:04:30:030</time></pt><pt><x>386</x><y>257</y><time>13-01-22 11:04:30:324</time></pt><pt><x>394</x><y>277</y><time>13-01-22 11:04:30:618</time></pt><pt><x>407</x><y>286</y><time>13-01-22 11:04:30:924</time></pt><pt><x>424</x><y>294</y><time>13-01-22 11:04:31:210</time></pt><pt><x>436</x><y>311</y><time>13-01-22 11:04:31:531</time></pt><pt><x>457</x><y>316</y><time>13-01-22 11:04:31:810</time></pt><pt><x>491</x><y>316</y><time>13-01-22 11:04:32:158</time></pt><pt><x>513</x><y>311</y><time>13-01-22 11:04:32:465</time></pt><pt><x>539</x><y>301</y><time>13-01-22 11:04:32:798</time></pt><pt><x>564</x><y>294</y><time>13-01-22 11:04:33:090</time></pt><pt><x>579</x><y>277</y><time>13-01-22 11:04:33:370</time></pt><pt><x>586</x><y>252</y><time>13-01-22 11:04:33:701</time></pt><pt><x>581</x><y>224</y><time>13-01-22 11:04:33:968</time></pt><pt><x>571</x><y>209</y><time>13-01-22 11:04:34:251</time></pt><pt><x>568</x><y>204</y><time>13-01-22 11:04:38:933</time></pt><pt><x>558</x><y>204</y><time>13-01-22 11:04:39:465</time></pt><pt><x>546</x><y>205</y><time>13-01-22 11:04:39:773</time></pt><pt><x>533</x><y>209</y><time>13-01-22 11:04:40:028</time></pt><pt><x>519</x><y>209</y><time>13-01-22 11:04:40:282</time></pt><pt><x>501</x><y>197</y><time>13-01-22 11:04:40:742</time></pt><pt><x>499</x><y>194</y><time>13-01-22 11:04:40:978</time></pt><pt><x>483</x><y>189</y><time>13-01-22 11:04:41:251</time></pt><pt><x>467</x><y>192</y><time>13-01-22 11:04:41:534</time></pt><pt><x>456</x><y>204</y><time>13-01-22 11:04:41:870</time></pt><closed_date>13-01-22 11:04:42:762</closed_date></polygon></object><object><name>root canal treatment</name><deleted>0</deleted><verified>0</verified><occluded>no</occluded><attributes /><parts><hasparts /><ispartof>2</ispartof></parts><date>13-01-22 11:04:58:994</date><id>12</id><polygon><username>anonymous</username><pt><x>457</x><y>189</y><time>13-01-22 11:04:45:714</time></pt><pt><x>459</x><y>122</y><time>13-01-22 11:04:46:543</time></pt><pt><x>476</x><y>115</y><time>13-01-22 11:04:46:997</time></pt><pt><x>491</x><y>90</y><time>13-01-22 11:04:47:749</time></pt><pt><x>498</x><y>40</y><time>13-01-22 11:04:48:314</time></pt><pt><x>508</x><y>2</y><time>13-01-22 11:04:49:144</time></pt><pt><x>531</x><y>5</y><time>13-01-22 11:04:50:260</time></pt><pt><x>531</x><y>23</y><time>13-01-22 11:04:51:151</time></pt><pt><x>519</x><y>83</y><time>13-01-22 11:04:52:664</time></pt><pt><x>511</x><y>124</y><time>13-01-22 11:04:53:446</time></pt><pt><x>511</x><y>164</y><time>13-01-22 11:04:54:116</time></pt><pt><x>511</x><y>197</y><time>13-01-22 11:04:54:513</time></pt><closed_date>13-01-22 11:04:55:183</closed_date></polygon></object><object><name>restoration</name><deleted>0</deleted><verified>0</verified><occluded>no</occluded><attributes /><parts><hasparts /><ispartof>1</ispartof></parts><date>13-01-22 11:05:17:660</date><id>13</id><polygon><username>anonymous</username><pt><x>583</x><y>204</y><time>13-01-22 11:04:59:976</time></pt><pt><x>601</x><y>202</y><time>13-01-22 11:05:00:427</time></pt><pt><x>616</x><y>195</y><time>13-01-22 11:05:00:777</time></pt><pt><x>629</x><y>195</y><time>13-01-22 11:05:01:048</time></pt><pt><x>648</x><y>195</y><time>13-01-22 11:05:01:304</time></pt><pt><x>659</x><y>197</y><time>13-01-22 11:05:01:558</time></pt><pt><x>670</x><y>205</y><time>13-01-22 11:05:01:779</time></pt><pt><x>681</x><y>217</y><time>13-01-22 11:05:02:023</time></pt><pt><x>696</x><y>230</y><time>13-01-22 11:05:02:330</time></pt><pt><x>708</x><y>234</y><time>13-01-22 11:05:02:601</time></pt><pt><x>728</x><y>235</y><time>13-01-22 11:05:02:880</time></pt><pt><x>746</x><y>237</y><time>13-01-22 11:05:03:145</time></pt><pt><x>761</x><y>237</y><time>13-01-22 11:05:03:404</time></pt><pt><x>773</x><y>237</y><time>13-01-22 11:05:03:662</time></pt><pt><x>781</x><y>224</y><time>13-01-22 11:05:03:934</time></pt><pt><x>788</x><y>210</y><time>13-01-22 11:05:04:206</time></pt><pt><x>810</x><y>184</y><time>13-01-22 11:05:06:788</time></pt><pt><x>860</x><y>180</y><time>13-01-22 11:05:07:791</time></pt><pt><x>867</x><y>192</y><time>13-01-22 11:05:08:251</time></pt><pt><x>872</x><y>219</y><time>13-01-22 11:05:08:764</time></pt><pt><x>875</x><y>260</y><time>13-01-22 11:05:09:229</time></pt><pt><x>867</x><y>291</y><time>13-01-22 11:05:09:657</time></pt><pt><x>850</x><y>307</y><time>13-01-22 11:05:10:037</time></pt><pt><x>813</x><y>324</y><time>13-01-22 11:05:10:463</time></pt><pt><x>785</x><y>331</y><time>13-01-22 11:05:10:842</time></pt><pt><x>761</x><y>327</y><time>13-01-22 11:05:11:150</time></pt><pt><x>746</x><y>319</y><time>13-01-22 11:05:11:433</time></pt><pt><x>730</x><y>312</y><time>13-01-22 11:05:11:662</time></pt><pt><x>710</x><y>309</y><time>13-01-22 11:05:11:930</time></pt><pt><x>678</x><y>309</y><time>13-01-22 11:05:12:200</time></pt><pt><x>636</x><y>314</y><time>13-01-22 11:05:12:466</time></pt><pt><x>609</x><y>319</y><time>13-01-22 11:05:13:142</time></pt><pt><x>594</x><y>314</y><time>13-01-22 11:05:13:450</time></pt><pt><x>581</x><y>297</y><time>13-01-22 11:05:13:743</time></pt><pt><x>573</x><y>279</y><time>13-01-22 11:05:14:000</time></pt><pt><x>574</x><y>249</y><time>13-01-22 11:05:14:274</time></pt><pt><x>578</x><y>217</y><time>13-01-22 11:05:14:532</time></pt><closed_date>13-01-22 11:05:14:811</closed_date></polygon></object><object><name>restoration</name><deleted>0</deleted><verified>0</verified><occluded>no</occluded><attributes /><parts><hasparts /><ispartof>0</ispartof></parts><date>13-01-22 11:05:37:148</date><id>14</id><polygon><username>anonymous</username><pt><x>893</x><y>139</y><time>13-01-22 11:05:19:310</time></pt><pt><x>920</x><y>140</y><time>13-01-22 11:05:19:729</time></pt><pt><x>933</x><y>135</y><time>13-01-22 11:05:20:032</time></pt><pt><x>945</x><y>134</y><time>13-01-22 11:05:20:343</time></pt><pt><x>955</x><y>139</y><time>13-01-22 11:05:20:633</time></pt><pt><x>963</x><y>154</y><time>13-01-22 11:05:20:928</time></pt><pt><x>970</x><y>164</y><time>13-01-22 11:05:21:233</time></pt><pt><x>985</x><y>172</y><time>13-01-22 11:05:21:554</time></pt><pt><x>993</x><y>172</y><time>13-01-22 11:05:21:821</time></pt><pt><x>1008</x><y>172</y><time>13-01-22 11:05:22:083</time></pt><pt><x>1030</x><y>174</y><time>13-01-22 11:05:22:369</time></pt><pt><x>1040</x><y>184</y><time>13-01-22 11:05:22:641</time></pt><pt><x>1047</x><y>200</y><time>13-01-22 11:05:22:927</time></pt><pt><x>1062</x><y>207</y><time>13-01-22 11:05:23:241</time></pt><pt><x>1095</x><y>205</y><time>13-01-22 11:05:23:677</time></pt><pt><x>1107</x><y>214</y><time>13-01-22 11:05:26:132</time></pt><pt><x>1115</x><y>234</y><time>13-01-22 11:05:26:474</time></pt><pt><x>1125</x><y>242</y><time>13-01-22 11:05:26:814</time></pt><pt><x>1117</x><y>254</y><time>13-01-22 11:05:27:156</time></pt><pt><x>1107</x><y>257</y><time>13-01-22 11:05:27:775</time></pt><pt><x>1102</x><y>254</y><time>13-01-22 11:05:28:879</time></pt><pt><x>1099</x><y>247</y><time>13-01-22 11:05:29:208</time></pt><pt><x>1085</x><y>242</y><time>13-01-22 11:05:29:508</time></pt><pt><x>1054</x><y>239</y><time>13-01-22 11:05:29:983</time></pt><pt><x>1037</x><y>242</y><time>13-01-22 11:05:30:276</time></pt><pt><x>1018</x><y>250</y><time>13-01-22 11:05:30:560</time></pt><pt><x>1010</x><y>252</y><time>13-01-22 11:05:30:859</time></pt><pt><x>998</x><y>244</y><time>13-01-22 11:05:31:103</time></pt><pt><x>992</x><y>237</y><time>13-01-22 11:05:31:349</time></pt><pt><x>977</x><y>229</y><time>13-01-22 11:05:31:608</time></pt><pt><x>962</x><y>225</y><time>13-01-22 11:05:31:880</time></pt><pt><x>948</x><y>215</y><time>13-01-22 11:05:32:137</time></pt><pt><x>938</x><y>197</y><time>13-01-22 11:05:32:397</time></pt><pt><x>918</x><y>189</y><time>13-01-22 11:05:32:612</time></pt><pt><x>905</x><y>185</y><time>13-01-22 11:05:32:830</time></pt><pt><x>897</x><y>185</y><time>13-01-22 11:05:33:036</time></pt><pt><x>885</x><y>160</y><time>13-01-22 11:05:33:461</time></pt><closed_date>13-01-22 11:05:33:743</closed_date></polygon></object><object><name>crown</name><deleted>0</deleted><verified>0</verified><occluded>no</occluded><attributes /><parts><hasparts /><ispartof>4</ispartof></parts><date>13-01-22 11:07:49:637</date><id>15</id><polygon><username>anonymous</username><pt><x>887</x><y>514</y><time>13-01-22 11:07:37:369</time></pt><pt><x>968</x><y>521</y><time>13-01-22 11:07:37:951</time></pt><pt><x>1030</x><y>494</y><time>13-01-22 11:07:38:475</time></pt><pt><x>1094</x><y>469</y><time>13-01-22 11:07:38:990</time></pt><pt><x>1129</x><y>449</y><time>13-01-22 11:07:39:453</time></pt><pt><x>1147</x><y>434</y><time>13-01-22 11:07:39:885</time></pt><pt><x>1154</x><y>406</y><time>13-01-22 11:07:40:311</time></pt><pt><x>1142</x><y>362</y><time>13-01-22 11:07:40:796</time></pt><pt><x>1125</x><y>341</y><time>13-01-22 11:07:41:250</time></pt><pt><x>1110</x><y>337</y><time>13-01-22 11:07:41:676</time></pt><pt><x>1069</x><y>329</y><time>13-01-22 11:07:42:375</time></pt><pt><x>1042</x><y>327</y><time>13-01-22 11:07:42:717</time></pt><pt><x>1007</x><y>332</y><time>13-01-22 11:07:43:078</time></pt><pt><x>995</x><y>344</y><time>13-01-22 11:07:43:398</time></pt><pt><x>975</x><y>347</y><time>13-01-22 11:07:43:969</time></pt><pt><x>958</x><y>341</y><time>13-01-22 11:07:44:374</time></pt><pt><x>907</x><y>347</y><time>13-01-22 11:07:44:862</time></pt><pt><x>865</x><y>374</y><time>13-01-22 11:07:45:423</time></pt><pt><x>851</x><y>406</y><time>13-01-22 11:07:45:869</time></pt><pt><x>872</x><y>483</y><time>13-01-22 11:07:46:754</time></pt><closed_date>13-01-22 11:07:47:158</closed_date></polygon></object><object><name>root canal treatment</name><deleted>0</deleted><verified>0</verified><occluded>no</occluded><attributes /><parts><hasparts /><ispartof>4</ispartof></parts><date>13-01-22 11:08:09:239</date><id>16</id><polygon><username>anonymous</username><pt><x>942</x><y>538</y><time>13-01-22 11:07:50:708</time></pt><pt><x>977</x><y>638</y><time>13-01-22 11:07:52:300</time></pt><pt><x>1000</x><y>696</y><time>13-01-22 11:07:53:198</time></pt><pt><x>1025</x><y>733</y><time>13-01-22 11:07:53:890</time></pt><pt><x>1055</x><y>766</y><time>13-01-22 11:07:54:544</time></pt><pt><x>1082</x><y>793</y><time>13-01-22 11:07:55:379</time></pt><pt><x>1082</x><y>768</y><time>13-01-22 11:07:56:051</time></pt><pt><x>1055</x><y>713</y><time>13-01-22 11:07:56:720</time></pt><pt><x>1040</x><y>678</y><time>13-01-22 11:07:57:168</time></pt><pt><x>1030</x><y>643</y><time>13-01-22 11:07:57:528</time></pt><pt><x>1025</x><y>616</y><time>13-01-22 11:07:57:802</time></pt><pt><x>1032</x><y>594</y><time>13-01-22 11:07:58:089</time></pt><pt><x>1059</x><y>581</y><time>13-01-22 11:07:58:505</time></pt><pt><x>1077</x><y>586</y><time>13-01-22 11:07:58:805</time></pt><pt><x>1104</x><y>618</y><time>13-01-22 11:07:59:210</time></pt><pt><x>1144</x><y>673</y><time>13-01-22 11:07:59:616</time></pt><pt><x>1195</x><y>741</y><time>13-01-22 11:08:00:425</time></pt><pt><x>1214</x><y>763</y><time>13-01-22 11:08:00:899</time></pt><pt><x>1215</x><y>743</y><time>13-01-22 11:08:01:442</time></pt><pt><x>1215</x><y>728</y><time>13-01-22 11:08:01:866</time></pt><pt><x>1185</x><y>691</y><time>13-01-22 11:08:02:423</time></pt><pt><x>1164</x><y>649</y><time>13-01-22 11:08:02:901</time></pt><pt><x>1150</x><y>626</y><time>13-01-22 11:08:03:257</time></pt><pt><x>1134</x><y>596</y><time>13-01-22 11:08:03:601</time></pt><pt><x>1122</x><y>574</y><time>13-01-22 11:08:03:906</time></pt><pt><x>1110</x><y>543</y><time>13-01-22 11:08:04:185</time></pt><pt><x>1100</x><y>506</y><time>13-01-22 11:08:04:506</time></pt><pt><x>1099</x><y>479</y><time>13-01-22 11:08:04:966</time></pt><pt><x>1092</x><y>476</y><time>13-01-22 11:08:05:318</time></pt><pt><x>955</x><y>526</y><time>13-01-22 11:08:06:336</time></pt><closed_date>13-01-22 11:08:06:954</closed_date></polygon></object><object><name>restoration</name><deleted>0</deleted><verified>0</verified><occluded>no</occluded><attributes /><parts><hasparts /><ispartof>6</ispartof></parts><date>13-01-22 11:08:25:526</date><id>17</id><polygon><username>anonymous</username><pt><x>563</x><y>501</y><time>13-01-22 11:08:10:257</time></pt><pt><x>586</x><y>543</y><time>13-01-22 11:08:10:713</time></pt><pt><x>609</x><y>564</y><time>13-01-22 11:08:11:106</time></pt><pt><x>663</x><y>574</y><time>13-01-22 11:08:11:612</time></pt><pt><x>695</x><y>569</y><time>13-01-22 11:08:12:023</time></pt><pt><x>741</x><y>548</y><time>13-01-22 11:08:12:403</time></pt><pt><x>781</x><y>534</y><time>13-01-22 11:08:12:751</time></pt><pt><x>813</x><y>514</y><time>13-01-22 11:08:13:077</time></pt><pt><x>835</x><y>494</y><time>13-01-22 11:08:13:349</time></pt><pt><x>858</x><y>469</y><time>13-01-22 11:08:13:769</time></pt><pt><x>858</x><y>447</y><time>13-01-22 11:08:14:123</time></pt><pt><x>833</x><y>436</y><time>13-01-22 11:08:14:656</time></pt><pt><x>738</x><y>441</y><time>13-01-22 11:08:16:726</time></pt><pt><x>716</x><y>441</y><time>13-01-22 11:08:17:055</time></pt><pt><x>691</x><y>441</y><time>13-01-22 11:08:17:310</time></pt><pt><x>659</x><y>441</y><time>13-01-22 11:08:17:550</time></pt><pt><x>629</x><y>441</y><time>13-01-22 11:08:17:799</time></pt><pt><x>603</x><y>439</y><time>13-01-22 11:08:18:038</time></pt><pt><x>581</x><y>437</y><time>13-01-22 11:08:18:268</time></pt><pt><x>563</x><y>437</y><time>13-01-22 11:08:18:510</time></pt><pt><x>549</x><y>447</y><time>13-01-22 11:08:18:763</time></pt><pt><x>548</x><y>476</y><time>13-01-22 11:08:19:057</time></pt><closed_date>13-01-22 11:08:19:289</closed_date></polygon></object><object><name>root canal treatment</name><deleted>0</deleted><verified>0</verified><occluded>no</occluded><attributes /><parts><hasparts /><ispartof>6</ispartof></parts><date>13-01-22 11:08:56:544</date><id>18</id><polygon><username>anonymous</username><pt><x>658</x><y>584</y><time>13-01-22 11:08:26:534</time></pt><pt><x>656</x><y>735</y><time>13-01-22 11:08:28:417</time></pt><pt><x>666</x><y>760</y><time>13-01-22 11:08:29:157</time></pt><pt><x>695</x><y>815</y><time>13-01-22 11:08:30:210</time></pt><pt><x>731</x><y>888</y><time>13-01-22 11:08:31:055</time></pt><pt><x>743</x><y>905</y><time>13-01-22 11:08:31:607</time></pt><pt><x>726</x><y>862</y><time>13-01-22 11:08:32:169</time></pt><pt><x>718</x><y>838</y><time>13-01-22 11:08:32:614</time></pt><pt><x>701</x><y>800</y><time>13-01-22 11:08:33:170</time></pt><pt><x>698</x><y>780</y><time>13-01-22 11:08:33:543</time></pt><pt><x>698</x><y>755</y><time>13-01-22 11:08:33:901</time></pt><pt><x>693</x><y>713</y><time>13-01-22 11:08:34:251</time></pt><pt><x>693</x><y>688</y><time>13-01-22 11:08:34:556</time></pt><pt><x>695</x><y>654</y><time>13-01-22 11:08:34:834</time></pt><pt><x>700</x><y>626</y><time>13-01-22 11:08:35:127</time></pt><pt><x>708</x><y>608</y><time>13-01-22 11:08:35:436</time></pt><pt><x>723</x><y>599</y><time>13-01-22 11:08:35:702</time></pt><pt><x>746</x><y>594</y><time>13-01-22 11:08:36:002</time></pt><pt><x>773</x><y>599</y><time>13-01-22 11:08:36:292</time></pt><pt><x>793</x><y>614</y><time>13-01-22 11:08:36:614</time></pt><pt><x>811</x><y>638</y><time>13-01-22 11:08:36:914</time></pt><pt><x>830</x><y>666</y><time>13-01-22 11:08:37:555</time></pt><pt><x>853</x><y>716</y><time>13-01-22 11:08:44:805</time></pt><pt><x>872</x><y>751</y><time>13-01-22 11:08:45:509</time></pt><pt><x>898</x><y>791</y><time>13-01-22 11:08:46:354</time></pt><pt><x>932</x><y>840</y><time>13-01-22 11:08:47:038</time></pt><pt><x>910</x><y>788</y><time>13-01-22 11:08:48:020</time></pt><pt><x>887</x><y>753</y><time>13-01-22 11:08:48:522</time></pt><pt><x>875</x><y>715</y><time>13-01-22 11:08:49:059</time></pt><pt><x>858</x><y>681</y><time>13-01-22 11:08:49:577</time></pt><pt><x>841</x><y>649</y><time>13-01-22 11:08:50:205</time></pt><pt><x>818</x><y>614</y><time>13-01-22 11:08:50:889</time></pt><pt><x>800</x><y>586</y><time>13-01-22 11:08:51:357</time></pt><pt><x>783</x><y>536</y><time>13-01-22 11:08:52:143</time></pt><closed_date>13-01-22 11:08:53:274</closed_date></polygon></object><object><name>restoration</name><deleted>0</deleted><verified>0</verified><occluded>no</occluded><attributes /><parts><hasparts /><ispartof>7</ispartof></parts><date>13-01-22 11:09:09:522</date><id>19</id><polygon><username>anonymous</username><pt><x>534</x><y>534</y><time>13-01-22 11:08:58:155</time></pt><pt><x>519</x><y>518</y><time>13-01-22 11:08:58:549</time></pt><pt><x>511</x><y>511</y><time>13-01-22 11:08:58:841</time></pt><pt><x>499</x><y>501</y><time>13-01-22 11:08:59:130</time></pt><pt><x>483</x><y>494</y><time>13-01-22 11:08:59:428</time></pt><pt><x>467</x><y>493</y><time>13-01-22 11:08:59:688</time></pt><pt><x>446</x><y>496</y><time>13-01-22 11:08:59:967</time></pt><pt><x>417</x><y>499</y><time>13-01-22 11:09:00:281</time></pt><pt><x>396</x><y>499</y><time>13-01-22 11:09:00:576</time></pt><pt><x>374</x><y>493</y><time>13-01-22 11:09:00:880</time></pt><pt><x>364</x><y>479</y><time>13-01-22 11:09:01:202</time></pt><pt><x>384</x><y>467</y><time>13-01-22 11:09:01:509</time></pt><pt><x>411</x><y>459</y><time>13-01-22 11:09:01:792</time></pt><pt><x>442</x><y>454</y><time>13-01-22 11:09:02:120</time></pt><pt><x>456</x><y>446</y><time>13-01-22 11:09:03:195</time></pt><pt><x>467</x><y>441</y><time>13-01-22 11:09:03:565</time></pt><pt><x>484</x><y>442</y><time>13-01-22 11:09:03:851</time></pt><pt><x>506</x><y>442</y><time>13-01-22 11:09:04:158</time></pt><pt><x>531</x><y>437</y><time>13-01-22 11:09:04:493</time></pt><pt><x>549</x><y>436</y><time>13-01-22 11:09:04:808</time></pt><pt><x>539</x><y>462</y><time>13-01-22 11:09:05:250</time></pt><pt><x>544</x><y>486</y><time>13-01-22 11:09:05:575</time></pt><pt><x>554</x><y>506</y><time>13-01-22 11:09:05:875</time></pt><pt><x>558</x><y>526</y><time>13-01-22 11:09:06:170</time></pt><pt><x>548</x><y>539</y><time>13-01-22 11:09:06:581</time></pt><closed_date>13-01-22 11:09:06:914</closed_date></polygon></object><object><name>restoration</name><deleted>0</deleted><verified>0</verified><occluded>no</occluded><attributes /><parts><hasparts /><ispartof>8</ispartof></parts><date>13-01-22 11:09:29:140</date><id>20</id><polygon><username>anonymous</username><pt><x>202</x><y>424</y><time>13-01-22 11:09:10:875</time></pt><pt><x>220</x><y>429</y><time>13-01-22 11:09:11:339</time></pt><pt><x>242</x><y>466</y><time>13-01-22 11:09:18:548</time></pt><pt><x>265</x><y>476</y><time>13-01-22 11:09:19:065</time></pt><pt><x>286</x><y>483</y><time>13-01-22 11:09:19:433</time></pt><pt><x>296</x><y>478</y><time>13-01-22 11:09:19:775</time></pt><pt><x>312</x><y>457</y><time>13-01-22 11:09:20:146</time></pt><pt><x>324</x><y>446</y><time>13-01-22 11:09:20:536</time></pt><pt><x>319</x><y>429</y><time>13-01-22 11:09:20:984</time></pt><pt><x>297</x><y>422</y><time>13-01-22 11:09:21:416</time></pt><pt><x>274</x><y>417</y><time>13-01-22 11:09:21:728</time></pt><pt><x>250</x><y>416</y><time>13-01-22 11:09:22:015</time></pt><pt><x>232</x><y>406</y><time>13-01-22 11:09:22:302</time></pt><pt><x>234</x><y>391</y><time>13-01-22 11:09:25:141</time></pt><pt><x>214</x><y>376</y><time>13-01-22 11:09:25:517</time></pt><pt><x>194</x><y>371</y><time>13-01-22 11:09:25:923</time></pt><pt><x>190</x><y>397</y><time>13-01-22 11:09:26:339</time></pt><closed_date>13-01-22 11:09:26:681</closed_date></polygon></object><imagesize><nrows /><ncols /></imagesize></annotation>