<?xml version='1.0' encoding='UTF-8'?>
<annotation><filename>47.jpg</filename><folder>segmentation_xray</folder><source><sourceImage>The MIT-CSAIL database of objects and scenes</sourceImage><sourceAnnotation>LabelMe Webtool</sourceAnnotation></source><object><name>tooth</name><deleted>0</deleted><verified>0</verified><occluded>no</occluded><attributes>18</attributes><parts><hasparts /><ispartof /></parts><date>14-12-21 21:47:59:392</date><id>0</id><type>bounding_box</type><polygon><username>anonymous</username><pt><x>8</x><y>346</y><time>14-12-21 21:47:52:117</time></pt><pt><x>222</x><y>346</y><time>14-12-21 21:47:55:100</time></pt><pt><x>222</x><y>10</y><time>undefined</time></pt><pt><x>8</x><y>10</y><time>undefined</time></pt><closed_date>14-12-21 21:47:55:101</closed_date></polygon></object><object><name>tooth</name><deleted>0</deleted><verified>0</verified><occluded>no</occluded><attributes>17</attributes><parts><hasparts>11</hasparts><ispartof /></parts><date>14-12-21 21:48:05:555</date><id>1</id><type>bounding_box</type><polygon><username>anonymous</username><pt><x>144</x><y>486</y><time>14-12-21 21:48:00:582</time></pt><pt><x>439</x><y>486</y><time>14-12-21 21:48:02:603</time></pt><pt><x>439</x><y>0</y><time>undefined</time></pt><pt><x>144</x><y>0</y><time>undefined</time></pt><closed_date>14-12-21 21:48:02:604</closed_date></polygon></object><object><name>tooth</name><deleted>0</deleted><verified>0</verified><occluded>no</occluded><attributes>16</attributes><parts><hasparts>12</hasparts><ispartof /></parts><date>14-12-21 21:48:12:992</date><id>2</id><type>bounding_box</type><polygon><username>anonymous</username><pt><x>748</x><y>469</y><time>14-12-21 21:48:08:278</time></pt><pt><x>432</x><y>469</y><time>14-12-21 21:48:09:981</time></pt><pt><x>432</x><y>5</y><time>undefined</time></pt><pt><x>748</x><y>5</y><time>undefined</time></pt><closed_date>14-12-21 21:48:09:981</closed_date></polygon></object><object><name>tooth</name><deleted>0</deleted><verified>0</verified><occluded>no</occluded><attributes>15</attributes><parts><hasparts>13</hasparts><ispartof /></parts><date>14-12-21 21:48:19:745</date><id>3</id><type>bounding_box</type><polygon><username>anonymous</username><pt><x>967</x><y>441</y><time>14-12-21 21:48:14:597</time></pt><pt><x>735</x><y>441</y><time>14-12-21 21:48:16:573</time></pt><pt><x>735</x><y>7</y><time>undefined</time></pt><pt><x>967</x><y>7</y><time>undefined</time></pt><closed_date>14-12-21 21:48:16:573</closed_date></polygon></object><object><name>tooth</name><deleted>0</deleted><verified>0</verified><occluded>no</occluded><attributes>14</attributes><parts><hasparts /><ispartof /></parts><date>14-12-21 21:48:33:545</date><id>4</id><type>bounding_box</type><polygon><username>anonymous</username><pt><x>1194</x><y>414</y><time>14-12-21 21:48:27:982</time></pt><pt><x>920</x><y>414</y><time>14-12-21 21:48:29:925</time></pt><pt><x>920</x><y>2</y><time>undefined</time></pt><pt><x>1194</x><y>2</y><time>undefined</time></pt><closed_date>14-12-21 21:48:29:925</closed_date></polygon></object><object><name>tooth</name><deleted>0</deleted><verified>0</verified><occluded>no</occluded><attributes>13</attributes><parts><hasparts /><ispartof /></parts><date>14-12-21 21:48:39:784</date><id>5</id><type>bounding_box</type><polygon><username>anonymous</username><pt><x>1214</x><y>304</y><time>14-12-21 21:48:35:086</time></pt><pt><x>1139</x><y>304</y><time>14-12-21 21:48:36:789</time></pt><pt><x>1139</x><y>43</y><time>undefined</time></pt><pt><x>1214</x><y>43</y><time>undefined</time></pt><closed_date>14-12-21 21:48:36:789</closed_date></polygon></object><object><name>tooth</name><deleted>0</deleted><verified>0</verified><occluded>no</occluded><attributes>44</attributes><parts><hasparts /><ispartof /></parts><date>14-12-21 21:48:47:416</date><id>6</id><type>bounding_box</type><polygon><username>anonymous</username><pt><x>1215</x><y>474</y><time>14-12-21 21:48:40:479</time></pt><pt><x>1089</x><y>474</y><time>14-12-21 21:48:42:229</time></pt><pt><x>1089</x><y>908</y><time>undefined</time></pt><pt><x>1215</x><y>908</y><time>undefined</time></pt><closed_date>14-12-21 21:48:42:229</closed_date></polygon></object><object><name>tooth</name><deleted>0</deleted><verified>0</verified><occluded>no</occluded><attributes>45</attributes><parts><hasparts>14</hasparts><ispartof /></parts><date>14-12-21 21:48:56:079</date><id>7</id><type>bounding_box</type><polygon><username>anonymous</username><pt><x>860</x><y>503</y><time>14-12-21 21:48:48:430</time></pt><pt><x>1107</x><y>503</y><time>14-12-21 21:48:52:261</time></pt><pt><x>1107</x><y>942</y><time>undefined</time></pt><pt><x>860</x><y>942</y><time>undefined</time></pt><closed_date>14-12-21 21:48:52:261</closed_date></polygon></object><object><name>tooth</name><deleted>0</deleted><verified>0</verified><occluded>no</occluded><attributes>46</attributes><parts><hasparts>15,16</hasparts><ispartof /></parts><date>14-12-21 21:49:03:103</date><id>8</id><type>bounding_box</type><polygon><username>anonymous</username><pt><x>554</x><y>521</y><time>14-12-21 21:48:56:902</time></pt><pt><x>867</x><y>521</y><time>14-12-21 21:48:59:164</time></pt><pt><x>867</x><y>945</y><time>undefined</time></pt><pt><x>554</x><y>945</y><time>undefined</time></pt><closed_date>14-12-21 21:48:59:165</closed_date></polygon></object><object><name>tooth</name><deleted>0</deleted><verified>0</verified><occluded>no</occluded><attributes>47</attributes><parts><hasparts>17</hasparts><ispartof /></parts><date>14-12-21 21:49:10:312</date><id>9</id><type>bounding_box</type><polygon><username>anonymous</username><pt><x>200</x><y>499</y><time>14-12-21 21:49:04:774</time></pt><pt><x>551</x><y>499</y><time>14-12-21 21:49:06:164</time></pt><pt><x>551</x><y>945</y><time>undefined</time></pt><pt><x>200</x><y>945</y><time>undefined</time></pt><closed_date>14-12-21 21:49:06:165</closed_date></polygon></object><object><name>tooth</name><deleted>0</deleted><verified>0</verified><occluded>no</occluded><attributes>48</attributes><parts><hasparts /><ispartof /></parts><date>14-12-21 21:49:17:665</date><id>10</id><type>bounding_box</type><polygon><username>anonymous</username><pt><x>2</x><y>626</y><time>14-12-21 21:49:11:014</time></pt><pt><x>215</x><y>626</y><time>14-12-21 21:49:13:389</time></pt><pt><x>215</x><y>947</y><time>undefined</time></pt><pt><x>2</x><y>947</y><time>undefined</time></pt><closed_date>14-12-21 21:49:13:389</closed_date></polygon></object><object><name>restoration</name><deleted>0</deleted><verified>0</verified><occluded>no</occluded><attributes /><parts><hasparts /><ispartof>1</ispartof></parts><date>14-12-21 21:49:55:728</date><id>11</id><polygon><username>anonymous</username><pt><x>232</x><y>282</y><time>14-12-21 21:49:41:630</time></pt><pt><x>257</x><y>297</y><time>14-12-21 21:49:41:989</time></pt><pt><x>272</x><y>322</y><time>14-12-21 21:49:42:278</time></pt><pt><x>280</x><y>327</y><time>14-12-21 21:49:45:109</time></pt><pt><x>287</x><y>319</y><time>14-12-21 21:49:45:412</time></pt><pt><x>297</x><y>332</y><time>14-12-21 21:49:45:684</time></pt><pt><x>317</x><y>347</y><time>14-12-21 21:49:45:956</time></pt><pt><x>336</x><y>352</y><time>14-12-21 21:49:46:284</time></pt><pt><x>337</x><y>371</y><time>14-12-21 21:49:46:541</time></pt><pt><x>356</x><y>371</y><time>14-12-21 21:49:46:789</time></pt><pt><x>376</x><y>367</y><time>14-12-21 21:49:47:004</time></pt><pt><x>381</x><y>382</y><time>14-12-21 21:49:47:300</time></pt><pt><x>397</x><y>387</y><time>14-12-21 21:49:47:596</time></pt><pt><x>372</x><y>412</y><time>14-12-21 21:49:49:701</time></pt><pt><x>344</x><y>412</y><time>14-12-21 21:49:50:061</time></pt><pt><x>317</x><y>426</y><time>14-12-21 21:49:50:468</time></pt><pt><x>294</x><y>414</y><time>14-12-21 21:49:50:917</time></pt><pt><x>284</x><y>404</y><time>14-12-21 21:49:51:173</time></pt><pt><x>262</x><y>404</y><time>14-12-21 21:49:51:397</time></pt><pt><x>235</x><y>397</y><time>14-12-21 21:49:51:605</time></pt><pt><x>219</x><y>396</y><time>14-12-21 21:49:51:821</time></pt><pt><x>200</x><y>386</y><time>14-12-21 21:49:52:069</time></pt><pt><x>192</x><y>376</y><time>14-12-21 21:49:52:309</time></pt><pt><x>182</x><y>362</y><time>14-12-21 21:49:52:597</time></pt><pt><x>182</x><y>346</y><time>14-12-21 21:49:52:877</time></pt><pt><x>194</x><y>322</y><time>14-12-21 21:49:53:117</time></pt><pt><x>210</x><y>309</y><time>14-12-21 21:49:53:341</time></pt><pt><x>224</x><y>299</y><time>14-12-21 21:49:53:533</time></pt><closed_date>14-12-21 21:49:53:782</closed_date></polygon></object><object><name>restoration</name><deleted>0</deleted><verified>0</verified><occluded>no</occluded><attributes /><parts><hasparts /><ispartof>2</ispartof></parts><date>14-12-21 21:50:08:519</date><id>12</id><polygon><username>anonymous</username><pt><x>483</x><y>394</y><time>14-12-21 21:49:56:654</time></pt><pt><x>483</x><y>369</y><time>14-12-21 21:49:57:005</time></pt><pt><x>494</x><y>346</y><time>14-12-21 21:49:57:325</time></pt><pt><x>506</x><y>331</y><time>14-12-21 21:49:57:685</time></pt><pt><x>524</x><y>327</y><time>14-12-21 21:49:57:949</time></pt><pt><x>548</x><y>334</y><time>14-12-21 21:49:58:189</time></pt><pt><x>561</x><y>341</y><time>14-12-21 21:49:58:391</time></pt><pt><x>579</x><y>342</y><time>14-12-21 21:49:58:613</time></pt><pt><x>596</x><y>349</y><time>14-12-21 21:49:58:812</time></pt><pt><x>613</x><y>357</y><time>14-12-21 21:49:59:045</time></pt><pt><x>641</x><y>361</y><time>14-12-21 21:49:59:261</time></pt><pt><x>659</x><y>374</y><time>14-12-21 21:49:59:493</time></pt><pt><x>670</x><y>374</y><time>14-12-21 21:49:59:877</time></pt><pt><x>651</x><y>337</y><time>14-12-21 21:50:00:652</time></pt><pt><x>643</x><y>321</y><time>14-12-21 21:50:00:989</time></pt><pt><x>643</x><y>297</y><time>14-12-21 21:50:01:261</time></pt><pt><x>656</x><y>280</y><time>14-12-21 21:50:01:533</time></pt><pt><x>676</x><y>270</y><time>14-12-21 21:50:01:765</time></pt><pt><x>700</x><y>269</y><time>14-12-21 21:50:02:006</time></pt><pt><x>723</x><y>269</y><time>14-12-21 21:50:02:228</time></pt><pt><x>731</x><y>272</y><time>14-12-21 21:50:02:477</time></pt><pt><x>740</x><y>291</y><time>14-12-21 21:50:02:726</time></pt><pt><x>741</x><y>311</y><time>14-12-21 21:50:02:932</time></pt><pt><x>745</x><y>339</y><time>14-12-21 21:50:03:186</time></pt><pt><x>748</x><y>361</y><time>14-12-21 21:50:03:380</time></pt><pt><x>748</x><y>366</y><time>14-12-21 21:50:03:604</time></pt><pt><x>688</x><y>381</y><time>14-12-21 21:50:04:181</time></pt><pt><x>658</x><y>394</y><time>14-12-21 21:50:04:542</time></pt><pt><x>624</x><y>406</y><time>14-12-21 21:50:04:821</time></pt><pt><x>598</x><y>407</y><time>14-12-21 21:50:05:093</time></pt><pt><x>564</x><y>426</y><time>14-12-21 21:50:05:325</time></pt><pt><x>548</x><y>447</y><time>14-12-21 21:50:05:573</time></pt><pt><x>511</x><y>434</y><time>14-12-21 21:50:06:005</time></pt><pt><x>483</x><y>412</y><time>14-12-21 21:50:06:316</time></pt><closed_date>14-12-21 21:50:06:572</closed_date></polygon></object><object><name>restoration</name><deleted>0</deleted><verified>0</verified><occluded>no</occluded><attributes /><parts><hasparts /><ispartof>3</ispartof></parts><date>14-12-21 21:50:19:027</date><id>13</id><polygon><username>anonymous</username><pt><x>803</x><y>357</y><time>14-12-21 21:50:11:807</time></pt><pt><x>793</x><y>309</y><time>14-12-21 21:50:12:719</time></pt><pt><x>788</x><y>291</y><time>14-12-21 21:50:13:197</time></pt><pt><x>771</x><y>277</y><time>14-12-21 21:50:13:533</time></pt><pt><x>748</x><y>280</y><time>14-12-21 21:50:13:869</time></pt><pt><x>733</x><y>296</y><time>14-12-21 21:50:14:189</time></pt><pt><x>733</x><y>332</y><time>14-12-21 21:50:14:550</time></pt><pt><x>741</x><y>362</y><time>14-12-21 21:50:14:950</time></pt><pt><x>758</x><y>376</y><time>14-12-21 21:50:15:285</time></pt><pt><x>780</x><y>386</y><time>14-12-21 21:50:15:573</time></pt><pt><x>791</x><y>387</y><time>14-12-21 21:50:15:837</time></pt><pt><x>801</x><y>387</y><time>14-12-21 21:50:16:077</time></pt><pt><x>813</x><y>377</y><time>14-12-21 21:50:16:325</time></pt><closed_date>14-12-21 21:50:16:605</closed_date></polygon></object><object><name>restoration</name><deleted>0</deleted><verified>0</verified><occluded>no</occluded><attributes /><parts><hasparts /><ispartof>7</ispartof></parts><date>14-12-21 21:50:40:713</date><id>14</id><polygon><username>anonymous</username><pt><x>1027</x><y>584</y><time>14-12-21 21:50:32:065</time></pt><pt><x>1010</x><y>619</y><time>14-12-21 21:50:32:735</time></pt><pt><x>992</x><y>634</y><time>14-12-21 21:50:33:165</time></pt><pt><x>958</x><y>629</y><time>14-12-21 21:50:33:557</time></pt><pt><x>943</x><y>616</y><time>14-12-21 21:50:33:909</time></pt><pt><x>938</x><y>638</y><time>14-12-21 21:50:34:245</time></pt><pt><x>938</x><y>646</y><time>14-12-21 21:50:34:453</time></pt><pt><x>932</x><y>664</y><time>14-12-21 21:50:34:702</time></pt><pt><x>915</x><y>668</y><time>14-12-21 21:50:35:102</time></pt><pt><x>878</x><y>658</y><time>14-12-21 21:50:35:349</time></pt><pt><x>873</x><y>648</y><time>14-12-21 21:50:35:621</time></pt><pt><x>873</x><y>621</y><time>14-12-21 21:50:35:902</time></pt><pt><x>873</x><y>586</y><time>14-12-21 21:50:36:182</time></pt><pt><x>888</x><y>571</y><time>14-12-21 21:50:36:430</time></pt><pt><x>903</x><y>566</y><time>14-12-21 21:50:36:645</time></pt><pt><x>918</x><y>559</y><time>14-12-21 21:50:36:918</time></pt><pt><x>953</x><y>559</y><time>14-12-21 21:50:37:158</time></pt><pt><x>973</x><y>559</y><time>14-12-21 21:50:37:366</time></pt><pt><x>997</x><y>556</y><time>14-12-21 21:50:37:597</time></pt><pt><x>1022</x><y>554</y><time>14-12-21 21:50:37:885</time></pt><pt><x>1049</x><y>566</y><time>14-12-21 21:50:38:112</time></pt><pt><x>1040</x><y>584</y><time>14-12-21 21:50:38:349</time></pt><closed_date>14-12-21 21:50:38:790</closed_date></polygon></object><object><name>restoration</name><deleted>0</deleted><verified>0</verified><occluded>no</occluded><attributes /><parts><hasparts /><ispartof>8</ispartof></parts><date>14-12-21 21:50:48:067</date><id>15</id><polygon><username>anonymous</username><pt><x>786</x><y>613</y><time>14-12-21 21:50:41:591</time></pt><pt><x>781</x><y>639</y><time>14-12-21 21:50:41:917</time></pt><pt><x>788</x><y>671</y><time>14-12-21 21:50:42:398</time></pt><pt><x>805</x><y>686</y><time>14-12-21 21:50:42:822</time></pt><pt><x>826</x><y>693</y><time>14-12-21 21:50:43:192</time></pt><pt><x>840</x><y>683</y><time>14-12-21 21:50:43:485</time></pt><pt><x>853</x><y>668</y><time>14-12-21 21:50:43:775</time></pt><pt><x>860</x><y>646</y><time>14-12-21 21:50:44:045</time></pt><pt><x>865</x><y>614</y><time>14-12-21 21:50:44:309</time></pt><pt><x>858</x><y>584</y><time>14-12-21 21:50:44:589</time></pt><pt><x>841</x><y>568</y><time>14-12-21 21:50:44:893</time></pt><pt><x>828</x><y>563</y><time>14-12-21 21:50:45:198</time></pt><pt><x>800</x><y>563</y><time>14-12-21 21:50:45:462</time></pt><pt><x>793</x><y>601</y><time>14-12-21 21:50:45:974</time></pt><closed_date>14-12-21 21:50:46:270</closed_date></polygon></object><object><name>restoration</name><deleted>0</deleted><verified>0</verified><occluded>no</occluded><attributes /><parts><hasparts /><ispartof>8</ispartof></parts><date>14-12-21 21:50:57:442</date><id>16</id><polygon><username>anonymous</username><pt><x>666</x><y>623</y><time>14-12-21 21:50:51:239</time></pt><pt><x>693</x><y>623</y><time>14-12-21 21:50:51:526</time></pt><pt><x>711</x><y>629</y><time>14-12-21 21:50:51:838</time></pt><pt><x>726</x><y>628</y><time>14-12-21 21:50:52:101</time></pt><pt><x>738</x><y>609</y><time>14-12-21 21:50:52:438</time></pt><pt><x>755</x><y>608</y><time>14-12-21 21:50:52:694</time></pt><pt><x>753</x><y>583</y><time>14-12-21 21:50:52:973</time></pt><pt><x>748</x><y>576</y><time>14-12-21 21:50:53:253</time></pt><pt><x>741</x><y>571</y><time>14-12-21 21:50:53:597</time></pt><pt><x>713</x><y>573</y><time>14-12-21 21:50:53:862</time></pt><pt><x>705</x><y>578</y><time>14-12-21 21:50:54:062</time></pt><pt><x>690</x><y>566</y><time>14-12-21 21:50:54:373</time></pt><pt><x>680</x><y>561</y><time>14-12-21 21:50:54:598</time></pt><pt><x>663</x><y>566</y><time>14-12-21 21:50:54:790</time></pt><pt><x>654</x><y>583</y><time>14-12-21 21:50:54:997</time></pt><pt><x>653</x><y>601</y><time>14-12-21 21:50:55:206</time></pt><closed_date>14-12-21 21:50:55:405</closed_date></polygon></object><object><name>restoration</name><deleted>0</deleted><verified>0</verified><occluded>no</occluded><attributes /><parts><hasparts /><ispartof>9</ispartof></parts><date>14-12-21 21:51:06:471</date><id>17</id><polygon><username>anonymous</username><pt><x>262</x><y>613</y><time>14-12-21 21:50:58:111</time></pt><pt><x>289</x><y>631</y><time>14-12-21 21:50:58:517</time></pt><pt><x>326</x><y>636</y><time>14-12-21 21:50:58:910</time></pt><pt><x>339</x><y>634</y><time>14-12-21 21:50:59:152</time></pt><pt><x>361</x><y>638</y><time>14-12-21 21:50:59:350</time></pt><pt><x>384</x><y>644</y><time>14-12-21 21:50:59:590</time></pt><pt><x>411</x><y>646</y><time>14-12-21 21:50:59:783</time></pt><pt><x>422</x><y>644</y><time>14-12-21 21:50:59:969</time></pt><pt><x>446</x><y>633</y><time>14-12-21 21:51:00:169</time></pt><pt><x>457</x><y>618</y><time>14-12-21 21:51:00:381</time></pt><pt><x>469</x><y>601</y><time>14-12-21 21:51:00:621</time></pt><pt><x>484</x><y>576</y><time>14-12-21 21:51:00:909</time></pt><pt><x>478</x><y>561</y><time>14-12-21 21:51:01:293</time></pt><pt><x>464</x><y>561</y><time>14-12-21 21:51:01:573</time></pt><pt><x>436</x><y>576</y><time>14-12-21 21:51:01:813</time></pt><pt><x>414</x><y>586</y><time>14-12-21 21:51:02:029</time></pt><pt><x>394</x><y>594</y><time>14-12-21 21:51:02:220</time></pt><pt><x>386</x><y>589</y><time>14-12-21 21:51:02:445</time></pt><pt><x>381</x><y>568</y><time>14-12-21 21:51:02:845</time></pt><pt><x>372</x><y>558</y><time>14-12-21 21:51:03:133</time></pt><pt><x>352</x><y>558</y><time>14-12-21 21:51:03:357</time></pt><pt><x>346</x><y>568</y><time>14-12-21 21:51:03:565</time></pt><pt><x>341</x><y>574</y><time>14-12-21 21:51:03:748</time></pt><pt><x>326</x><y>576</y><time>14-12-21 21:51:03:973</time></pt><pt><x>307</x><y>578</y><time>14-12-21 21:51:04:165</time></pt><pt><x>289</x><y>584</y><time>14-12-21 21:51:04:341</time></pt><pt><x>267</x><y>588</y><time>14-12-21 21:51:04:549</time></pt><pt><x>265</x><y>594</y><time>14-12-21 21:51:04:749</time></pt><closed_date>14-12-21 21:51:04:949</closed_date></polygon></object><imagesize><nrows /><ncols /></imagesize></annotation>