<?xml version='1.0' encoding='UTF-8'?>
<annotation><filename>5.jpg</filename><folder>segmentation_xray</folder><source><sourceImage>The MIT-CSAIL database of objects and scenes</sourceImage><sourceAnnotation>LabelMe Webtool</sourceAnnotation></source><object><name>tooth 27</name><deleted>0</deleted><verified>0</verified><occluded>no</occluded><attributes /><parts><hasparts /><ispartof /></parts><date>21-01-22 15:00:10:837</date><id>0</id><type>bounding_box</type><polygon><username>anonymous</username><pt><x>869</x><y>372</y><time>21-01-22 15:00:05:411</time></pt><pt><x>1182</x><y>372</y><time>21-01-22 15:00:07:703</time></pt><pt><x>1182</x><y>1</y><time>undefined</time></pt><pt><x>869</x><y>1</y><time>undefined</time></pt><closed_date>21-01-22 15:00:07:705</closed_date></polygon></object><object><name>tooth 26</name><deleted>0</deleted><verified>0</verified><occluded>no</occluded><attributes /><parts><hasparts /><ispartof /></parts><date>21-01-22 15:00:24:850</date><id>1</id><type>bounding_box</type><polygon><username>anonymous</username><pt><x>575</x><y>414</y><time>21-01-22 15:00:18:500</time></pt><pt><x>900</x><y>414</y><time>21-01-22 15:00:21:003</time></pt><pt><x>900</x><y>2</y><time>undefined</time></pt><pt><x>575</x><y>2</y><time>undefined</time></pt><closed_date>21-01-22 15:00:21:004</closed_date></polygon></object><object><name>tooth 25</name><deleted>0</deleted><verified>0</verified><occluded>no</occluded><attributes /><parts><hasparts /><ispartof /></parts><date>21-01-22 15:00:32:088</date><id>2</id><type>bounding_box</type><polygon><username>anonymous</username><pt><x>361</x><y>407</y><time>21-01-22 15:00:26:400</time></pt><pt><x>584</x><y>407</y><time>21-01-22 15:00:28:280</time></pt><pt><x>584</x><y>0</y><time>undefined</time></pt><pt><x>361</x><y>0</y><time>undefined</time></pt><closed_date>21-01-22 15:00:28:281</closed_date></polygon></object><object><name>tooth 24</name><deleted>0</deleted><verified>0</verified><occluded>no</occluded><attributes /><parts><hasparts /><ispartof /></parts><date>21-01-22 15:00:38:932</date><id>3</id><type>bounding_box</type><polygon><username>anonymous</username><pt><x>134</x><y>400</y><time>21-01-22 15:00:34:207</time></pt><pt><x>375</x><y>400</y><time>21-01-22 15:00:36:306</time></pt><pt><x>375</x><y>9</y><time>undefined</time></pt><pt><x>134</x><y>9</y><time>undefined</time></pt><closed_date>21-01-22 15:00:36:306</closed_date></polygon></object><object><name>tooth 23</name><deleted>0</deleted><verified>0</verified><occluded>no</occluded><attributes /><parts><hasparts /><ispartof /></parts><date>21-01-22 15:00:46:802</date><id>4</id><type>bounding_box</type><polygon><username>anonymous</username><pt><x>2</x><y>368</y><time>21-01-22 15:00:40:937</time></pt><pt><x>168</x><y>368</y><time>21-01-22 15:00:43:844</time></pt><pt><x>168</x><y>5</y><time>undefined</time></pt><pt><x>2</x><y>5</y><time>undefined</time></pt><closed_date>21-01-22 15:00:43:844</closed_date></polygon></object><object><name>tooth 37</name><deleted>0</deleted><verified>0</verified><occluded>no</occluded><attributes /><parts><hasparts /><ispartof /></parts><date>21-01-22 15:00:56:996</date><id>5</id><type>bounding_box</type><polygon><username>anonymous</username><pt><x>862</x><y>398</y><time>21-01-22 15:00:50:285</time></pt><pt><x>1210</x><y>398</y><time>21-01-22 15:00:53:838</time></pt><pt><x>1210</x><y>943</y><time>undefined</time></pt><pt><x>862</x><y>943</y><time>undefined</time></pt><closed_date>21-01-22 15:00:53:838</closed_date></polygon></object><object><name>tooth 36</name><deleted>0</deleted><verified>0</verified><occluded>no</occluded><attributes /><parts><hasparts>10</hasparts><ispartof /></parts><date>21-01-22 15:01:08:039</date><id>6</id><type>bounding_box</type><polygon><username>anonymous</username><pt><x>540</x><y>464</y><time>21-01-22 15:01:00:977</time></pt><pt><x>913</x><y>464</y><time>21-01-22 15:01:04:787</time></pt><pt><x>913</x><y>946</y><time>undefined</time></pt><pt><x>540</x><y>946</y><time>undefined</time></pt><closed_date>21-01-22 15:01:04:787</closed_date></polygon></object><object><name>tooth 35</name><deleted>0</deleted><verified>0</verified><occluded>no</occluded><attributes /><parts><hasparts /><ispartof /></parts><date>21-01-22 15:01:17:178</date><id>7</id><type>bounding_box</type><polygon><username>anonymous</username><pt><x>290</x><y>464</y><time>21-01-22 15:01:09:827</time></pt><pt><x>543</x><y>464</y><time>21-01-22 15:01:13:541</time></pt><pt><x>543</x><y>945</y><time>undefined</time></pt><pt><x>290</x><y>945</y><time>undefined</time></pt><closed_date>21-01-22 15:01:13:541</closed_date></polygon></object><object><name>tooth 34</name><deleted>0</deleted><verified>0</verified><occluded>no</occluded><attributes /><parts><hasparts /><ispartof /></parts><date>21-01-22 15:01:26:780</date><id>8</id><type>bounding_box</type><polygon><username>anonymous</username><pt><x>62</x><y>449</y><time>21-01-22 15:01:19:214</time></pt><pt><x>297</x><y>449</y><time>21-01-22 15:01:23:847</time></pt><pt><x>297</x><y>946</y><time>undefined</time></pt><pt><x>62</x><y>946</y><time>undefined</time></pt><closed_date>21-01-22 15:01:23:848</closed_date></polygon></object><object><name>tooth 33_</name><deleted>0</deleted><verified>0</verified><occluded>no</occluded><attributes /><parts><hasparts /><ispartof /></parts><date>21-01-22 15:01:33:471</date><id>9</id><type>bounding_box</type><polygon><username>anonymous</username><pt><x>0</x><y>502</y><time>21-01-22 15:01:28:748</time></pt><pt><x>166</x><y>502</y><time>21-01-22 15:01:30:898</time></pt><pt><x>166</x><y>939</y><time>undefined</time></pt><pt><x>0</x><y>939</y><time>undefined</time></pt><closed_date>21-01-22 15:01:30:898</closed_date></polygon></object><object><name>restoration</name><deleted>0</deleted><verified>0</verified><occluded>no</occluded><attributes /><parts><hasparts /><ispartof>6</ispartof></parts><date>21-01-22 15:02:33:568</date><id>10</id><polygon><username>anonymous</username><pt><x>570</x><y>605</y><time>21-01-22 15:02:19:576</time></pt><pt><x>589</x><y>663</y><time>21-01-22 15:02:20:514</time></pt><pt><x>672</x><y>692</y><time>21-01-22 15:02:21:310</time></pt><pt><x>741</x><y>683</y><time>21-01-22 15:02:22:384</time></pt><pt><x>793</x><y>655</y><time>21-01-22 15:02:23:049</time></pt><pt><x>824</x><y>612</y><time>21-01-22 15:02:23:867</time></pt><pt><x>826</x><y>554</y><time>21-01-22 15:02:24:516</time></pt><pt><x>803</x><y>508</y><time>21-01-22 15:02:25:281</time></pt><pt><x>757</x><y>506</y><time>21-01-22 15:02:25:903</time></pt><pt><x>702</x><y>513</y><time>21-01-22 15:02:26:674</time></pt><pt><x>695</x><y>545</y><time>21-01-22 15:02:27:311</time></pt><pt><x>653</x><y>545</y><time>21-01-22 15:02:27:897</time></pt><pt><x>619</x><y>547</y><time>21-01-22 15:02:28:478</time></pt><pt><x>570</x><y>545</y><time>21-01-22 15:02:29:592</time></pt><pt><x>552</x><y>540</y><time>21-01-22 15:02:30:230</time></pt><pt><x>561</x><y>594</y><time>21-01-22 15:02:30:868</time></pt><closed_date>21-01-22 15:02:31:387</closed_date></polygon></object><imagesize><nrows /><ncols /></imagesize></annotation>