<?xml version='1.0' encoding='UTF-8'?>
<annotation><filename>51.jpg</filename><folder>segmentation_xray</folder><source><sourceImage>The MIT-CSAIL database of objects and scenes</sourceImage><sourceAnnotation>LabelMe Webtool</sourceAnnotation></source><object><name>tooth</name><deleted>0</deleted><verified>0</verified><occluded>no</occluded><attributes>13</attributes><parts><hasparts /><ispartof /></parts><date>09-12-21 09:34:25:217</date><id>0</id><type>bounding_box</type><polygon><username>anonymous</username><pt><x>998</x><y>10</y><time>09-12-21 09:34:14:383</time></pt><pt><x>1214</x><y>10</y><time>09-12-21 09:34:17:422</time></pt><pt><x>1214</x><y>543</y><time>undefined</time></pt><pt><x>998</x><y>543</y><time>undefined</time></pt><closed_date>09-12-21 09:34:17:422</closed_date></polygon></object><object><name>tooth</name><deleted>0</deleted><verified>0</verified><occluded>no</occluded><attributes>14</attributes><parts><hasparts>13</hasparts><ispartof /></parts><date>09-12-21 09:34:42:105</date><id>1</id><type>bounding_box</type><polygon><username>anonymous</username><pt><x>815</x><y>0</y><time>09-12-21 09:34:34:983</time></pt><pt><x>1072</x><y>0</y><time>09-12-21 09:34:37:957</time></pt><pt><x>1072</x><y>539</y><time>undefined</time></pt><pt><x>815</x><y>539</y><time>undefined</time></pt><closed_date>09-12-21 09:34:37:957</closed_date></polygon></object><object><name>tooth</name><deleted>0</deleted><verified>0</verified><occluded>no</occluded><attributes>15</attributes><parts><hasparts>12</hasparts><ispartof /></parts><date>09-12-21 09:35:09:410</date><id>2</id><type>bounding_box</type><polygon><username>anonymous</username><pt><x>634</x><y>13</y><time>09-12-21 09:34:57:625</time></pt><pt><x>851</x><y>13</y><time>09-12-21 09:35:04:246</time></pt><pt><x>851</x><y>536</y><time>undefined</time></pt><pt><x>634</x><y>536</y><time>undefined</time></pt><closed_date>09-12-21 09:35:04:246</closed_date></polygon></object><object><name>tooth</name><deleted>0</deleted><verified>0</verified><occluded>no</occluded><attributes>16</attributes><parts><hasparts>11</hasparts><ispartof /></parts><date>09-12-21 09:35:22:600</date><id>3</id><type>bounding_box</type><polygon><username>anonymous</username><pt><x>277</x><y>8</y><time>09-12-21 09:35:15:055</time></pt><pt><x>646</x><y>8</y><time>09-12-21 09:35:18:576</time></pt><pt><x>646</x><y>533</y><time>undefined</time></pt><pt><x>277</x><y>533</y><time>undefined</time></pt><closed_date>09-12-21 09:35:18:576</closed_date></polygon></object><object><name>tooth</name><deleted>0</deleted><verified>0</verified><occluded>no</occluded><attributes>17</attributes><parts><hasparts>10</hasparts><ispartof /></parts><date>09-12-21 09:35:34:996</date><id>4</id><type>bounding_box</type><polygon><username>anonymous</username><pt><x>7</x><y>13</y><time>09-12-21 09:35:26:335</time></pt><pt><x>316</x><y>13</y><time>09-12-21 09:35:30:599</time></pt><pt><x>316</x><y>533</y><time>undefined</time></pt><pt><x>7</x><y>533</y><time>undefined</time></pt><closed_date>09-12-21 09:35:30:599</closed_date></polygon></object><object><name>tooth</name><deleted>0</deleted><verified>0</verified><occluded>no</occluded><attributes>43</attributes><parts><hasparts /><ispartof /></parts><date>09-12-21 09:35:43:512</date><id>5</id><type>bounding_box</type><polygon><username>anonymous</username><pt><x>1107</x><y>606</y><time>09-12-21 09:35:36:895</time></pt><pt><x>1217</x><y>606</y><time>09-12-21 09:35:38:950</time></pt><pt><x>1217</x><y>937</y><time>undefined</time></pt><pt><x>1107</x><y>937</y><time>undefined</time></pt><closed_date>09-12-21 09:35:38:950</closed_date></polygon></object><object><name>tooth</name><deleted>0</deleted><verified>0</verified><occluded>no</occluded><attributes>44</attributes><parts><hasparts>14</hasparts><ispartof /></parts><date>09-12-21 09:35:52:944</date><id>6</id><type>bounding_box</type><polygon><username>anonymous</username><pt><x>872</x><y>603</y><time>09-12-21 09:35:45:847</time></pt><pt><x>1105</x><y>603</y><time>09-12-21 09:35:49:118</time></pt><pt><x>1105</x><y>933</y><time>undefined</time></pt><pt><x>872</x><y>933</y><time>undefined</time></pt><closed_date>09-12-21 09:35:49:119</closed_date></polygon></object><object><name>tooth</name><deleted>0</deleted><verified>0</verified><occluded>no</occluded><attributes>45</attributes><parts><hasparts>15</hasparts><ispartof /></parts><date>09-12-21 09:36:03:000</date><id>7</id><type>bounding_box</type><polygon><username>anonymous</username><pt><x>646</x><y>594</y><time>09-12-21 09:35:56:808</time></pt><pt><x>873</x><y>594</y><time>09-12-21 09:35:59:110</time></pt><pt><x>873</x><y>948</y><time>undefined</time></pt><pt><x>646</x><y>948</y><time>undefined</time></pt><closed_date>09-12-21 09:35:59:110</closed_date></polygon></object><object><name>tooth</name><deleted>0</deleted><verified>0</verified><occluded>no</occluded><attributes>46</attributes><parts><hasparts>17</hasparts><ispartof /></parts><date>09-12-21 09:36:19:761</date><id>8</id><type>bounding_box</type><polygon><username>anonymous</username><pt><x>681</x><y>563</y><time>09-12-21 09:36:11:544</time></pt><pt><x>255</x><y>563</y><time>09-12-21 09:36:15:422</time></pt><pt><x>255</x><y>947</y><time>undefined</time></pt><pt><x>681</x><y>947</y><time>undefined</time></pt><closed_date>09-12-21 09:36:15:423</closed_date></polygon></object><object><name>tooth</name><deleted>0</deleted><verified>0</verified><occluded>no</occluded><attributes>47</attributes><parts><hasparts>16</hasparts><ispartof /></parts><date>09-12-21 09:36:36:178</date><id>9</id><type>bounding_box</type><polygon><username>anonymous</username><pt><x>341</x><y>945</y><time>09-12-21 09:36:28:314</time></pt><pt><x>1</x><y>945</y><time>09-12-21 09:36:32:007</time></pt><pt><x>1</x><y>529</y><time>undefined</time></pt><pt><x>341</x><y>529</y><time>undefined</time></pt><closed_date>09-12-21 09:36:32:007</closed_date></polygon></object><object><name>restoration</name><deleted>0</deleted><verified>0</verified><occluded>no</occluded><attributes /><parts><hasparts /><ispartof>4</ispartof></parts><date>09-12-21 09:37:12:410</date><id>10</id><polygon><username>anonymous</username><pt><x>242</x><y>466</y><time>09-12-21 09:36:47:239</time></pt><pt><x>227</x><y>452</y><time>09-12-21 09:36:47:935</time></pt><pt><x>220</x><y>439</y><time>09-12-21 09:36:48:343</time></pt><pt><x>214</x><y>434</y><time>09-12-21 09:36:48:856</time></pt><pt><x>199</x><y>427</y><time>09-12-21 09:36:49:287</time></pt><pt><x>180</x><y>419</y><time>09-12-21 09:36:50:022</time></pt><pt><x>172</x><y>412</y><time>09-12-21 09:36:50:439</time></pt><pt><x>170</x><y>401</y><time>09-12-21 09:36:50:855</time></pt><pt><x>162</x><y>382</y><time>09-12-21 09:36:51:255</time></pt><pt><x>155</x><y>374</y><time>09-12-21 09:36:51:663</time></pt><pt><x>144</x><y>369</y><time>09-12-21 09:36:52:039</time></pt><pt><x>127</x><y>371</y><time>09-12-21 09:36:52:302</time></pt><pt><x>119</x><y>384</y><time>09-12-21 09:36:52:582</time></pt><pt><x>117</x><y>391</y><time>09-12-21 09:36:53:110</time></pt><pt><x>112</x><y>374</y><time>09-12-21 09:36:53:431</time></pt><pt><x>110</x><y>361</y><time>09-12-21 09:36:53:744</time></pt><pt><x>110</x><y>344</y><time>09-12-21 09:36:54:070</time></pt><pt><x>109</x><y>341</y><time>09-12-21 09:36:54:583</time></pt><pt><x>88</x><y>337</y><time>09-12-21 09:36:54:863</time></pt><pt><x>75</x><y>337</y><time>09-12-21 09:36:55:262</time></pt><pt><x>48</x><y>347</y><time>09-12-21 09:36:55:710</time></pt><pt><x>38</x><y>357</y><time>09-12-21 09:36:56:054</time></pt><pt><x>27</x><y>376</y><time>09-12-21 09:36:56:463</time></pt><pt><x>23</x><y>399</y><time>09-12-21 09:36:56:863</time></pt><pt><x>30</x><y>426</y><time>09-12-21 09:36:57:318</time></pt><pt><x>38</x><y>439</y><time>09-12-21 09:36:57:681</time></pt><pt><x>52</x><y>447</y><time>09-12-21 09:37:00:942</time></pt><pt><x>65</x><y>454</y><time>09-12-21 09:37:01:303</time></pt><pt><x>78</x><y>466</y><time>09-12-21 09:37:01:663</time></pt><pt><x>88</x><y>472</y><time>09-12-21 09:37:01:991</time></pt><pt><x>102</x><y>476</y><time>09-12-21 09:37:02:335</time></pt><pt><x>120</x><y>476</y><time>09-12-21 09:37:02:768</time></pt><pt><x>130</x><y>461</y><time>09-12-21 09:37:05:327</time></pt><pt><x>137</x><y>461</y><time>09-12-21 09:37:05:735</time></pt><pt><x>149</x><y>462</y><time>09-12-21 09:37:06:071</time></pt><pt><x>160</x><y>469</y><time>09-12-21 09:37:06:342</time></pt><pt><x>195</x><y>469</y><time>09-12-21 09:37:06:687</time></pt><pt><x>212</x><y>478</y><time>09-12-21 09:37:07:487</time></pt><pt><x>222</x><y>469</y><time>09-12-21 09:37:07:903</time></pt><closed_date>09-12-21 09:37:08:399</closed_date></polygon></object><object><name>restoration</name><deleted>0</deleted><verified>0</verified><occluded>no</occluded><attributes /><parts><hasparts /><ispartof>3</ispartof></parts><date>09-12-21 09:37:36:346</date><id>11</id><polygon><username>anonymous</username><pt><x>339</x><y>459</y><time>09-12-21 09:37:17:712</time></pt><pt><x>349</x><y>434</y><time>09-12-21 09:37:18:255</time></pt><pt><x>367</x><y>427</y><time>09-12-21 09:37:18:687</time></pt><pt><x>379</x><y>426</y><time>09-12-21 09:37:19:080</time></pt><pt><x>387</x><y>416</y><time>09-12-21 09:37:19:415</time></pt><pt><x>399</x><y>406</y><time>09-12-21 09:37:19:750</time></pt><pt><x>416</x><y>399</y><time>09-12-21 09:37:20:103</time></pt><pt><x>436</x><y>399</y><time>09-12-21 09:37:20:399</time></pt><pt><x>447</x><y>399</y><time>09-12-21 09:37:20:888</time></pt><pt><x>456</x><y>411</y><time>09-12-21 09:37:21:303</time></pt><pt><x>459</x><y>427</y><time>09-12-21 09:37:21:670</time></pt><pt><x>471</x><y>437</y><time>09-12-21 09:37:22:022</time></pt><pt><x>483</x><y>439</y><time>09-12-21 09:37:22:311</time></pt><pt><x>496</x><y>434</y><time>09-12-21 09:37:22:671</time></pt><pt><x>503</x><y>432</y><time>09-12-21 09:37:22:958</time></pt><pt><x>519</x><y>432</y><time>09-12-21 09:37:23:263</time></pt><pt><x>548</x><y>424</y><time>09-12-21 09:37:23:985</time></pt><pt><x>556</x><y>421</y><time>09-12-21 09:37:24:319</time></pt><pt><x>568</x><y>412</y><time>09-12-21 09:37:24:647</time></pt><pt><x>573</x><y>396</y><time>09-12-21 09:37:24:968</time></pt><pt><x>574</x><y>392</y><time>09-12-21 09:37:25:247</time></pt><pt><x>576</x><y>382</y><time>09-12-21 09:37:25:543</time></pt><pt><x>591</x><y>377</y><time>09-12-21 09:37:25:942</time></pt><pt><x>603</x><y>376</y><time>09-12-21 09:37:26:319</time></pt><pt><x>616</x><y>367</y><time>09-12-21 09:37:26:672</time></pt><pt><x>628</x><y>369</y><time>09-12-21 09:37:26:976</time></pt><pt><x>636</x><y>384</y><time>09-12-21 09:37:27:367</time></pt><pt><x>646</x><y>404</y><time>09-12-21 09:37:27:727</time></pt><pt><x>648</x><y>424</y><time>09-12-21 09:37:28:105</time></pt><pt><x>648</x><y>451</y><time>09-12-21 09:37:28:448</time></pt><pt><x>646</x><y>467</y><time>09-12-21 09:37:28:743</time></pt><pt><x>643</x><y>476</y><time>09-12-21 09:37:29:063</time></pt><pt><x>626</x><y>471</y><time>09-12-21 09:37:29:488</time></pt><pt><x>608</x><y>478</y><time>09-12-21 09:37:29:815</time></pt><pt><x>591</x><y>478</y><time>09-12-21 09:37:30:184</time></pt><pt><x>574</x><y>476</y><time>09-12-21 09:37:30:463</time></pt><pt><x>558</x><y>472</y><time>09-12-21 09:37:30:751</time></pt><pt><x>544</x><y>476</y><time>09-12-21 09:37:31:031</time></pt><pt><x>518</x><y>483</y><time>09-12-21 09:37:31:319</time></pt><pt><x>496</x><y>486</y><time>09-12-21 09:37:31:600</time></pt><pt><x>478</x><y>488</y><time>09-12-21 09:37:31:856</time></pt><pt><x>456</x><y>489</y><time>09-12-21 09:37:32:135</time></pt><pt><x>436</x><y>494</y><time>09-12-21 09:37:32:423</time></pt><pt><x>422</x><y>494</y><time>09-12-21 09:37:32:727</time></pt><pt><x>407</x><y>484</y><time>09-12-21 09:37:32:984</time></pt><pt><x>382</x><y>484</y><time>09-12-21 09:37:33:279</time></pt><pt><x>361</x><y>486</y><time>09-12-21 09:37:33:639</time></pt><pt><x>334</x><y>486</y><time>09-12-21 09:37:33:959</time></pt><pt><x>327</x><y>476</y><time>09-12-21 09:37:34:375</time></pt><closed_date>09-12-21 09:37:34:711</closed_date></polygon></object><object><name>restoration</name><deleted>0</deleted><verified>0</verified><occluded>no</occluded><attributes /><parts><hasparts /><ispartof>2</ispartof></parts><date>09-12-21 09:38:00:811</date><id>12</id><polygon><username>anonymous</username><pt><x>658</x><y>367</y><time>09-12-21 09:37:44:132</time></pt><pt><x>676</x><y>376</y><time>09-12-21 09:37:44:560</time></pt><pt><x>698</x><y>386</y><time>09-12-21 09:37:44:888</time></pt><pt><x>706</x><y>396</y><time>09-12-21 09:37:45:167</time></pt><pt><x>713</x><y>401</y><time>09-12-21 09:37:45:432</time></pt><pt><x>728</x><y>402</y><time>09-12-21 09:37:45:728</time></pt><pt><x>736</x><y>409</y><time>09-12-21 09:37:46:047</time></pt><pt><x>746</x><y>416</y><time>09-12-21 09:37:46:256</time></pt><pt><x>755</x><y>421</y><time>09-12-21 09:37:46:497</time></pt><pt><x>758</x><y>421</y><time>09-12-21 09:37:46:760</time></pt><pt><x>770</x><y>414</y><time>09-12-21 09:37:47:104</time></pt><pt><x>776</x><y>399</y><time>09-12-21 09:37:47:432</time></pt><pt><x>776</x><y>384</y><time>09-12-21 09:37:47:744</time></pt><pt><x>786</x><y>364</y><time>09-12-21 09:37:48:064</time></pt><pt><x>801</x><y>356</y><time>09-12-21 09:37:48:432</time></pt><pt><x>813</x><y>349</y><time>09-12-21 09:37:49:304</time></pt><pt><x>818</x><y>349</y><time>09-12-21 09:37:49:680</time></pt><pt><x>830</x><y>361</y><time>09-12-21 09:37:50:000</time></pt><pt><x>830</x><y>382</y><time>09-12-21 09:37:50:354</time></pt><pt><x>831</x><y>406</y><time>09-12-21 09:37:50:737</time></pt><pt><x>840</x><y>424</y><time>09-12-21 09:37:51:465</time></pt><pt><x>848</x><y>439</y><time>09-12-21 09:37:51:818</time></pt><pt><x>855</x><y>457</y><time>09-12-21 09:37:52:144</time></pt><pt><x>855</x><y>467</y><time>09-12-21 09:37:52:464</time></pt><pt><x>825</x><y>471</y><time>09-12-21 09:37:53:096</time></pt><pt><x>801</x><y>464</y><time>09-12-21 09:37:53:504</time></pt><pt><x>776</x><y>464</y><time>09-12-21 09:37:53:784</time></pt><pt><x>753</x><y>467</y><time>09-12-21 09:37:54:064</time></pt><pt><x>720</x><y>476</y><time>09-12-21 09:37:54:312</time></pt><pt><x>695</x><y>481</y><time>09-12-21 09:37:54:600</time></pt><pt><x>670</x><y>481</y><time>09-12-21 09:37:55:047</time></pt><pt><x>648</x><y>479</y><time>09-12-21 09:37:55:503</time></pt><pt><x>638</x><y>472</y><time>09-12-21 09:37:55:880</time></pt><pt><x>634</x><y>456</y><time>09-12-21 09:37:56:224</time></pt><pt><x>633</x><y>441</y><time>09-12-21 09:37:56:520</time></pt><pt><x>633</x><y>412</y><time>09-12-21 09:37:56:776</time></pt><pt><x>633</x><y>397</y><time>09-12-21 09:37:57:056</time></pt><pt><x>633</x><y>382</y><time>09-12-21 09:37:57:311</time></pt><closed_date>09-12-21 09:37:57:985</closed_date></polygon></object><object><name>restoration</name><deleted>0</deleted><verified>0</verified><occluded>no</occluded><attributes /><parts><hasparts /><ispartof>1</ispartof></parts><date>09-12-21 09:38:18:684</date><id>13</id><polygon><username>anonymous</username><pt><x>882</x><y>419</y><time>09-12-21 09:38:05:259</time></pt><pt><x>900</x><y>406</y><time>09-12-21 09:38:05:912</time></pt><pt><x>908</x><y>402</y><time>09-12-21 09:38:06:248</time></pt><pt><x>930</x><y>406</y><time>09-12-21 09:38:06:737</time></pt><pt><x>940</x><y>426</y><time>09-12-21 09:38:07:040</time></pt><pt><x>942</x><y>432</y><time>09-12-21 09:38:07:351</time></pt><pt><x>957</x><y>431</y><time>09-12-21 09:38:07:648</time></pt><pt><x>968</x><y>424</y><time>09-12-21 09:38:07:879</time></pt><pt><x>977</x><y>411</y><time>09-12-21 09:38:08:128</time></pt><pt><x>988</x><y>401</y><time>09-12-21 09:38:08:376</time></pt><pt><x>1012</x><y>396</y><time>09-12-21 09:38:08:799</time></pt><pt><x>1020</x><y>402</y><time>09-12-21 09:38:09:144</time></pt><pt><x>1033</x><y>406</y><time>09-12-21 09:38:09:399</time></pt><pt><x>1042</x><y>411</y><time>09-12-21 09:38:09:736</time></pt><pt><x>1049</x><y>424</y><time>09-12-21 09:38:10:025</time></pt><pt><x>1049</x><y>434</y><time>09-12-21 09:38:10:265</time></pt><pt><x>1057</x><y>442</y><time>09-12-21 09:38:10:672</time></pt><pt><x>1060</x><y>449</y><time>09-12-21 09:38:10:912</time></pt><pt><x>1059</x><y>466</y><time>09-12-21 09:38:11:768</time></pt><pt><x>1038</x><y>451</y><time>09-12-21 09:38:12:176</time></pt><pt><x>1015</x><y>449</y><time>09-12-21 09:38:12:600</time></pt><pt><x>997</x><y>459</y><time>09-12-21 09:38:12:872</time></pt><pt><x>978</x><y>469</y><time>09-12-21 09:38:13:128</time></pt><pt><x>957</x><y>471</y><time>09-12-21 09:38:13:384</time></pt><pt><x>937</x><y>472</y><time>09-12-21 09:38:13:650</time></pt><pt><x>922</x><y>472</y><time>09-12-21 09:38:13:882</time></pt><pt><x>903</x><y>472</y><time>09-12-21 09:38:14:120</time></pt><pt><x>892</x><y>474</y><time>09-12-21 09:38:14:440</time></pt><pt><x>870</x><y>466</y><time>09-12-21 09:38:14:769</time></pt><pt><x>865</x><y>464</y><time>09-12-21 09:38:15:024</time></pt><pt><x>853</x><y>452</y><time>09-12-21 09:38:15:304</time></pt><pt><x>851</x><y>437</y><time>09-12-21 09:38:15:584</time></pt><pt><x>863</x><y>422</y><time>09-12-21 09:38:15:961</time></pt><closed_date>09-12-21 09:38:16:288</closed_date></polygon></object><object><name>restoration</name><deleted>0</deleted><verified>0</verified><occluded>no</occluded><attributes /><parts><hasparts /><ispartof>6</ispartof></parts><date>09-12-21 09:38:33:692</date><id>14</id><polygon><username>anonymous</username><pt><x>1080</x><y>690</y><time>09-12-21 09:38:20:235</time></pt><pt><x>1059</x><y>708</y><time>09-12-21 09:38:21:224</time></pt><pt><x>1035</x><y>708</y><time>09-12-21 09:38:21:552</time></pt><pt><x>1022</x><y>695</y><time>09-12-21 09:38:21:865</time></pt><pt><x>1010</x><y>678</y><time>09-12-21 09:38:22:185</time></pt><pt><x>1003</x><y>659</y><time>09-12-21 09:38:22:505</time></pt><pt><x>985</x><y>673</y><time>09-12-21 09:38:22:833</time></pt><pt><x>973</x><y>683</y><time>09-12-21 09:38:23:081</time></pt><pt><x>972</x><y>690</y><time>09-12-21 09:38:23:311</time></pt><pt><x>972</x><y>701</y><time>09-12-21 09:38:23:544</time></pt><pt><x>972</x><y>713</y><time>09-12-21 09:38:23:744</time></pt><pt><x>968</x><y>726</y><time>09-12-21 09:38:23:937</time></pt><pt><x>965</x><y>736</y><time>09-12-21 09:38:24:192</time></pt><pt><x>957</x><y>741</y><time>09-12-21 09:38:24:520</time></pt><pt><x>937</x><y>736</y><time>09-12-21 09:38:24:905</time></pt><pt><x>932</x><y>723</y><time>09-12-21 09:38:25:304</time></pt><pt><x>925</x><y>718</y><time>09-12-21 09:38:25:560</time></pt><pt><x>902</x><y>725</y><time>09-12-21 09:38:25:936</time></pt><pt><x>880</x><y>721</y><time>09-12-21 09:38:26:352</time></pt><pt><x>877</x><y>706</y><time>09-12-21 09:38:26:728</time></pt><pt><x>872</x><y>690</y><time>09-12-21 09:38:27:097</time></pt><pt><x>878</x><y>658</y><time>09-12-21 09:38:27:432</time></pt><pt><x>883</x><y>649</y><time>09-12-21 09:38:27:745</time></pt><pt><x>903</x><y>651</y><time>09-12-21 09:38:28:088</time></pt><pt><x>925</x><y>658</y><time>09-12-21 09:38:28:353</time></pt><pt><x>948</x><y>659</y><time>09-12-21 09:38:28:689</time></pt><pt><x>972</x><y>653</y><time>09-12-21 09:38:28:992</time></pt><pt><x>990</x><y>646</y><time>09-12-21 09:38:29:272</time></pt><pt><x>1007</x><y>644</y><time>09-12-21 09:38:29:536</time></pt><pt><x>1013</x><y>641</y><time>09-12-21 09:38:29:792</time></pt><pt><x>1027</x><y>639</y><time>09-12-21 09:38:30:024</time></pt><pt><x>1043</x><y>649</y><time>09-12-21 09:38:30:273</time></pt><pt><x>1055</x><y>659</y><time>09-12-21 09:38:30:504</time></pt><pt><x>1072</x><y>664</y><time>09-12-21 09:38:30:776</time></pt><closed_date>09-12-21 09:38:31:137</closed_date></polygon></object><object><name>restoration</name><deleted>0</deleted><verified>0</verified><occluded>no</occluded><attributes /><parts><hasparts /><ispartof>7</ispartof></parts><date>09-12-21 09:38:47:970</date><id>15</id><polygon><username>anonymous</username><pt><x>845</x><y>730</y><time>09-12-21 09:38:34:619</time></pt><pt><x>821</x><y>711</y><time>09-12-21 09:38:35:168</time></pt><pt><x>803</x><y>688</y><time>09-12-21 09:38:35:616</time></pt><pt><x>796</x><y>676</y><time>09-12-21 09:38:36:001</time></pt><pt><x>780</x><y>666</y><time>09-12-21 09:38:36:385</time></pt><pt><x>763</x><y>675</y><time>09-12-21 09:38:36:728</time></pt><pt><x>746</x><y>683</y><time>09-12-21 09:38:37:033</time></pt><pt><x>735</x><y>690</y><time>09-12-21 09:38:37:280</time></pt><pt><x>723</x><y>703</y><time>09-12-21 09:38:37:522</time></pt><pt><x>718</x><y>716</y><time>09-12-21 09:38:37:737</time></pt><pt><x>713</x><y>730</y><time>09-12-21 09:38:37:968</time></pt><pt><x>706</x><y>738</y><time>09-12-21 09:38:38:216</time></pt><pt><x>688</x><y>746</y><time>09-12-21 09:38:38:504</time></pt><pt><x>670</x><y>748</y><time>09-12-21 09:38:38:888</time></pt><pt><x>654</x><y>740</y><time>09-12-21 09:38:39:288</time></pt><pt><x>646</x><y>733</y><time>09-12-21 09:38:39:577</time></pt><pt><x>648</x><y>710</y><time>09-12-21 09:38:39:897</time></pt><pt><x>653</x><y>695</y><time>09-12-21 09:38:40:138</time></pt><pt><x>659</x><y>658</y><time>09-12-21 09:38:40:465</time></pt><pt><x>668</x><y>646</y><time>09-12-21 09:38:40:737</time></pt><pt><x>686</x><y>649</y><time>09-12-21 09:38:41:057</time></pt><pt><x>701</x><y>656</y><time>09-12-21 09:38:41:400</time></pt><pt><x>718</x><y>656</y><time>09-12-21 09:38:41:656</time></pt><pt><x>740</x><y>656</y><time>09-12-21 09:38:41:944</time></pt><pt><x>765</x><y>656</y><time>09-12-21 09:38:42:312</time></pt><pt><x>803</x><y>659</y><time>09-12-21 09:38:42:704</time></pt><pt><x>843</x><y>661</y><time>09-12-21 09:38:43:024</time></pt><pt><x>857</x><y>664</y><time>09-12-21 09:38:43:481</time></pt><pt><x>863</x><y>663</y><time>09-12-21 09:38:43:857</time></pt><pt><x>877</x><y>673</y><time>09-12-21 09:38:44:184</time></pt><pt><x>870</x><y>703</y><time>09-12-21 09:38:44:528</time></pt><closed_date>09-12-21 09:38:44:871</closed_date></polygon></object><object><name>restoration</name><deleted>0</deleted><verified>0</verified><occluded>no</occluded><attributes /><parts><hasparts /><ispartof>9</ispartof></parts><date>09-12-21 09:43:58:578</date><id>16</id><polygon><username>anonymous</username><pt><x>150</x><y>614</y><time>09-12-21 09:43:39:682</time></pt><pt><x>130</x><y>601</y><time>09-12-21 09:43:40:168</time></pt><pt><x>117</x><y>589</y><time>09-12-21 09:43:40:624</time></pt><pt><x>99</x><y>589</y><time>09-12-21 09:43:40:983</time></pt><pt><x>95</x><y>604</y><time>09-12-21 09:43:41:391</time></pt><pt><x>87</x><y>614</y><time>09-12-21 09:43:41:792</time></pt><pt><x>87</x><y>626</y><time>09-12-21 09:43:42:111</time></pt><pt><x>105</x><y>644</y><time>09-12-21 09:43:42:503</time></pt><pt><x>114</x><y>654</y><time>09-12-21 09:43:42:856</time></pt><pt><x>127</x><y>659</y><time>09-12-21 09:43:43:176</time></pt><pt><x>149</x><y>668</y><time>09-12-21 09:43:43:544</time></pt><pt><x>169</x><y>675</y><time>09-12-21 09:43:43:919</time></pt><pt><x>182</x><y>686</y><time>09-12-21 09:43:44:239</time></pt><pt><x>192</x><y>691</y><time>09-12-21 09:43:44:575</time></pt><pt><x>205</x><y>686</y><time>09-12-21 09:43:44:872</time></pt><pt><x>222</x><y>686</y><time>09-12-21 09:43:45:192</time></pt><pt><x>244</x><y>686</y><time>09-12-21 09:43:45:567</time></pt><pt><x>269</x><y>691</y><time>09-12-21 09:43:45:895</time></pt><pt><x>277</x><y>698</y><time>09-12-21 09:43:46:233</time></pt><pt><x>280</x><y>713</y><time>09-12-21 09:43:46:567</time></pt><pt><x>280</x><y>726</y><time>09-12-21 09:43:46:864</time></pt><pt><x>294</x><y>738</y><time>09-12-21 09:43:47:208</time></pt><pt><x>304</x><y>745</y><time>09-12-21 09:43:47:551</time></pt><pt><x>317</x><y>746</y><time>09-12-21 09:43:47:904</time></pt><pt><x>326</x><y>741</y><time>09-12-21 09:43:48:215</time></pt><pt><x>334</x><y>726</y><time>09-12-21 09:43:48:519</time></pt><pt><x>339</x><y>716</y><time>09-12-21 09:43:48:791</time></pt><pt><x>339</x><y>696</y><time>09-12-21 09:43:49:127</time></pt><pt><x>336</x><y>670</y><time>09-12-21 09:43:49:415</time></pt><pt><x>334</x><y>658</y><time>09-12-21 09:43:49:679</time></pt><pt><x>331</x><y>639</y><time>09-12-21 09:43:49:991</time></pt><pt><x>329</x><y>624</y><time>09-12-21 09:43:50:328</time></pt><pt><x>307</x><y>616</y><time>09-12-21 09:43:50:655</time></pt><pt><x>275</x><y>614</y><time>09-12-21 09:43:51:152</time></pt><pt><x>254</x><y>614</y><time>09-12-21 09:43:51:439</time></pt><pt><x>229</x><y>614</y><time>09-12-21 09:43:51:800</time></pt><pt><x>212</x><y>614</y><time>09-12-21 09:43:52:112</time></pt><pt><x>189</x><y>606</y><time>09-12-21 09:43:52:415</time></pt><pt><x>180</x><y>604</y><time>09-12-21 09:43:52:743</time></pt><pt><x>159</x><y>599</y><time>09-12-21 09:43:53:032</time></pt><closed_date>09-12-21 09:43:53:344</closed_date></polygon></object><object><name>restoration</name><deleted>0</deleted><verified>0</verified><occluded>no</occluded><attributes /><parts><hasparts /><ispartof>8</ispartof></parts><date>09-12-21 09:44:20:795</date><id>17</id><polygon><username>anonymous</username><pt><x>586</x><y>681</y><time>09-12-21 09:44:01:354</time></pt><pt><x>571</x><y>688</y><time>09-12-21 09:44:02:048</time></pt><pt><x>559</x><y>703</y><time>09-12-21 09:44:02:400</time></pt><pt><x>558</x><y>713</y><time>09-12-21 09:44:02:722</time></pt><pt><x>548</x><y>721</y><time>09-12-21 09:44:03:032</time></pt><pt><x>533</x><y>721</y><time>09-12-21 09:44:03:375</time></pt><pt><x>519</x><y>721</y><time>09-12-21 09:44:03:679</time></pt><pt><x>503</x><y>721</y><time>09-12-21 09:44:03:911</time></pt><pt><x>499</x><y>738</y><time>09-12-21 09:44:04:329</time></pt><pt><x>493</x><y>751</y><time>09-12-21 09:44:04:649</time></pt><pt><x>483</x><y>760</y><time>09-12-21 09:44:04:896</time></pt><pt><x>471</x><y>763</y><time>09-12-21 09:44:05:160</time></pt><pt><x>454</x><y>763</y><time>09-12-21 09:44:05:440</time></pt><pt><x>436</x><y>763</y><time>09-12-21 09:44:05:704</time></pt><pt><x>424</x><y>763</y><time>09-12-21 09:44:05:960</time></pt><pt><x>409</x><y>758</y><time>09-12-21 09:44:06:248</time></pt><pt><x>402</x><y>741</y><time>09-12-21 09:44:06:535</time></pt><pt><x>397</x><y>725</y><time>09-12-21 09:44:06:864</time></pt><pt><x>386</x><y>716</y><time>09-12-21 09:44:07:264</time></pt><pt><x>367</x><y>718</y><time>09-12-21 09:44:07:568</time></pt><pt><x>349</x><y>720</y><time>09-12-21 09:44:07:823</time></pt><pt><x>344</x><y>720</y><time>09-12-21 09:44:08:073</time></pt><pt><x>336</x><y>701</y><time>09-12-21 09:44:08:344</time></pt><pt><x>334</x><y>676</y><time>09-12-21 09:44:08:664</time></pt><pt><x>334</x><y>654</y><time>09-12-21 09:44:08:959</time></pt><pt><x>349</x><y>639</y><time>09-12-21 09:44:09:226</time></pt><pt><x>367</x><y>633</y><time>09-12-21 09:44:09:480</time></pt><pt><x>391</x><y>631</y><time>09-12-21 09:44:09:767</time></pt><pt><x>409</x><y>631</y><time>09-12-21 09:44:10:057</time></pt><pt><x>426</x><y>636</y><time>09-12-21 09:44:10:353</time></pt><pt><x>444</x><y>639</y><time>09-12-21 09:44:10:599</time></pt><pt><x>471</x><y>638</y><time>09-12-21 09:44:10:967</time></pt><pt><x>488</x><y>628</y><time>09-12-21 09:44:11:304</time></pt><pt><x>498</x><y>626</y><time>09-12-21 09:44:11:601</time></pt><pt><x>514</x><y>626</y><time>09-12-21 09:44:11:831</time></pt><pt><x>524</x><y>633</y><time>09-12-21 09:44:12:048</time></pt><pt><x>531</x><y>636</y><time>09-12-21 09:44:12:248</time></pt><pt><x>546</x><y>631</y><time>09-12-21 09:44:12:464</time></pt><pt><x>568</x><y>623</y><time>09-12-21 09:44:12:688</time></pt><pt><x>581</x><y>618</y><time>09-12-21 09:44:12:904</time></pt><pt><x>594</x><y>618</y><time>09-12-21 09:44:13:145</time></pt><pt><x>611</x><y>618</y><time>09-12-21 09:44:13:361</time></pt><pt><x>618</x><y>628</y><time>09-12-21 09:44:13:599</time></pt><pt><x>624</x><y>634</y><time>09-12-21 09:44:13:792</time></pt><pt><x>643</x><y>639</y><time>09-12-21 09:44:13:992</time></pt><pt><x>653</x><y>639</y><time>09-12-21 09:44:14:217</time></pt><pt><x>663</x><y>643</y><time>09-12-21 09:44:14:434</time></pt><pt><x>673</x><y>654</y><time>09-12-21 09:44:14:673</time></pt><pt><x>675</x><y>668</y><time>09-12-21 09:44:14:920</time></pt><pt><x>675</x><y>681</y><time>09-12-21 09:44:15:240</time></pt><pt><x>671</x><y>701</y><time>09-12-21 09:44:15:480</time></pt><pt><x>668</x><y>716</y><time>09-12-21 09:44:15:753</time></pt><pt><x>651</x><y>733</y><time>09-12-21 09:44:16:024</time></pt><pt><x>643</x><y>738</y><time>09-12-21 09:44:16:280</time></pt><pt><x>628</x><y>726</y><time>09-12-21 09:44:16:600</time></pt><pt><x>613</x><y>710</y><time>09-12-21 09:44:17:032</time></pt><pt><x>594</x><y>695</y><time>09-12-21 09:44:17:376</time></pt><closed_date>09-12-21 09:44:17:728</closed_date></polygon></object><imagesize><nrows /><ncols /></imagesize></annotation>