<?xml version='1.0' encoding='UTF-8'?>
<annotation><filename>52.jpg</filename><folder>segmentation_xray</folder><source><sourceImage>The MIT-CSAIL database of objects and scenes</sourceImage><sourceAnnotation>LabelMe Webtool</sourceAnnotation></source><object><name>tooth</name><deleted>0</deleted><verified>0</verified><occluded>no</occluded><attributes>23</attributes><parts><hasparts /><ispartof /></parts><date>13-12-21 17:28:50:882</date><id>0</id><type>bounding_box</type><polygon><username>anonymous</username><pt><x>239</x><y>382</y><time>13-12-21 17:27:06:398</time></pt><pt><x>13</x><y>382</y><time>13-12-21 17:27:10:795</time></pt><pt><x>13</x><y>5</y><time>undefined</time></pt><pt><x>239</x><y>5</y><time>undefined</time></pt><closed_date>13-12-21 17:27:10:796</closed_date></polygon></object><object><name>tooth</name><deleted>0</deleted><verified>0</verified><occluded>no</occluded><attributes>24</attributes><parts><hasparts>10</hasparts><ispartof /></parts><date>13-12-21 17:29:01:400</date><id>1</id><type>bounding_box</type><polygon><username>anonymous</username><pt><x>459</x><y>401</y><time>13-12-21 17:28:53:908</time></pt><pt><x>202</x><y>401</y><time>13-12-21 17:28:57:612</time></pt><pt><x>202</x><y>8</y><time>undefined</time></pt><pt><x>459</x><y>8</y><time>undefined</time></pt><closed_date>13-12-21 17:28:57:612</closed_date></polygon></object><object><name>tooth</name><deleted>0</deleted><verified>0</verified><occluded>no</occluded><attributes>25</attributes><parts><hasparts>11</hasparts><ispartof /></parts><date>13-12-21 17:29:12:808</date><id>2</id><type>bounding_box</type><polygon><username>anonymous</username><pt><x>706</x><y>387</y><time>13-12-21 17:29:03:849</time></pt><pt><x>444</x><y>387</y><time>13-12-21 17:29:05:844</time></pt><pt><x>444</x><y>2</y><time>undefined</time></pt><pt><x>706</x><y>2</y><time>undefined</time></pt><closed_date>13-12-21 17:29:05:845</closed_date></polygon></object><object><name>tooth</name><deleted>0</deleted><verified>0</verified><occluded>no</occluded><attributes>26</attributes><parts><hasparts>15</hasparts><ispartof /></parts><date>13-12-21 17:29:24:011</date><id>3</id><type>bounding_box</type><polygon><username>anonymous</username><pt><x>1069</x><y>379</y><time>13-12-21 17:29:14:806</time></pt><pt><x>676</x><y>379</y><time>13-12-21 17:29:19:045</time></pt><pt><x>676</x><y>8</y><time>undefined</time></pt><pt><x>1069</x><y>8</y><time>undefined</time></pt><closed_date>13-12-21 17:29:19:045</closed_date></polygon></object><object><name>tooth</name><deleted>0</deleted><verified>0</verified><occluded>no</occluded><attributes>27</attributes><parts><hasparts /><ispartof /></parts><date>13-12-21 17:29:39:788</date><id>4</id><type>bounding_box</type><polygon><username>anonymous</username><pt><x>1214</x><y>362</y><time>13-12-21 17:29:27:202</time></pt><pt><x>1042</x><y>362</y><time>13-12-21 17:29:31:849</time></pt><pt><x>1042</x><y>20</y><time>undefined</time></pt><pt><x>1214</x><y>20</y><time>undefined</time></pt><closed_date>13-12-21 17:29:31:849</closed_date></polygon></object><object><name>tooth</name><deleted>0</deleted><verified>0</verified><occluded>no</occluded><attributes>37</attributes><parts><hasparts>17</hasparts><ispartof /></parts><date>13-12-21 17:30:02:535</date><id>5</id><type>bounding_box</type><polygon><username>anonymous</username><pt><x>1219</x><y>394</y><time>13-12-21 17:29:51:018</time></pt><pt><x>878</x><y>394</y><time>13-12-21 17:29:56:281</time></pt><pt><x>878</x><y>927</y><time>undefined</time></pt><pt><x>1219</x><y>927</y><time>undefined</time></pt><closed_date>13-12-21 17:29:56:281</closed_date></polygon></object><object><name>tooth</name><deleted>0</deleted><verified>0</verified><occluded>no</occluded><attributes>36</attributes><parts><hasparts>12,13,14</hasparts><ispartof /></parts><date>13-12-21 17:30:14:477</date><id>6</id><type>bounding_box</type><polygon><username>anonymous</username><pt><x>519</x><y>466</y><time>13-12-21 17:30:04:154</time></pt><pt><x>927</x><y>466</y><time>13-12-21 17:30:08:497</time></pt><pt><x>927</x><y>947</y><time>undefined</time></pt><pt><x>519</x><y>947</y><time>undefined</time></pt><closed_date>13-12-21 17:30:08:497</closed_date></polygon></object><object><name>tooth</name><deleted>0</deleted><verified>0</verified><occluded>no</occluded><attributes>35</attributes><parts><hasparts>16</hasparts><ispartof /></parts><date>13-12-21 17:30:25:277</date><id>7</id><type>bounding_box</type><polygon><username>anonymous</username><pt><x>269</x><y>472</y><time>13-12-21 17:30:19:251</time></pt><pt><x>586</x><y>472</y><time>13-12-21 17:30:21:209</time></pt><pt><x>586</x><y>945</y><time>undefined</time></pt><pt><x>269</x><y>945</y><time>undefined</time></pt><closed_date>13-12-21 17:30:21:209</closed_date></polygon></object><object><name>tooth</name><deleted>0</deleted><verified>0</verified><occluded>no</occluded><attributes>34</attributes><parts><hasparts /><ispartof /></parts><date>13-12-21 17:30:36:704</date><id>8</id><type>bounding_box</type><polygon><username>anonymous</username><pt><x>33</x><y>501</y><time>13-12-21 17:30:27:130</time></pt><pt><x>347</x><y>501</y><time>13-12-21 17:30:29:304</time></pt><pt><x>347</x><y>938</y><time>undefined</time></pt><pt><x>33</x><y>938</y><time>undefined</time></pt><closed_date>13-12-21 17:30:29:305</closed_date></polygon></object><object><name>tooth</name><deleted>0</deleted><verified>0</verified><occluded>no</occluded><attributes>33</attributes><parts><hasparts /><ispartof /></parts><date>13-12-21 17:30:43:140</date><id>9</id><type>bounding_box</type><polygon><username>anonymous</username><pt><x>8</x><y>461</y><time>13-12-21 17:30:37:810</time></pt><pt><x>58</x><y>461</y><time>13-12-21 17:30:39:944</time></pt><pt><x>58</x><y>898</y><time>undefined</time></pt><pt><x>8</x><y>898</y><time>undefined</time></pt><closed_date>13-12-21 17:30:39:945</closed_date></polygon></object><object><name>restoration</name><deleted>0</deleted><verified>0</verified><occluded>no</occluded><attributes /><parts><hasparts /><ispartof>1</ispartof></parts><date>13-12-21 17:31:02:541</date><id>10</id><polygon><username>anonymous</username><pt><x>369</x><y>367</y><time>13-12-21 17:30:54:273</time></pt><pt><x>342</x><y>347</y><time>13-12-21 17:30:54:656</time></pt><pt><x>337</x><y>324</y><time>13-12-21 17:30:54:970</time></pt><pt><x>341</x><y>314</y><time>13-12-21 17:30:55:224</time></pt><pt><x>337</x><y>289</y><time>13-12-21 17:30:55:552</time></pt><pt><x>341</x><y>270</y><time>13-12-21 17:30:55:864</time></pt><pt><x>354</x><y>264</y><time>13-12-21 17:30:56:168</time></pt><pt><x>356</x><y>242</y><time>13-12-21 17:30:56:512</time></pt><pt><x>356</x><y>222</y><time>13-12-21 17:30:56:768</time></pt><pt><x>364</x><y>207</y><time>13-12-21 17:30:57:008</time></pt><pt><x>387</x><y>200</y><time>13-12-21 17:30:57:264</time></pt><pt><x>409</x><y>200</y><time>13-12-21 17:30:57:513</time></pt><pt><x>422</x><y>200</y><time>13-12-21 17:30:57:793</time></pt><pt><x>432</x><y>202</y><time>13-12-21 17:30:58:032</time></pt><pt><x>446</x><y>209</y><time>13-12-21 17:30:58:256</time></pt><pt><x>454</x><y>224</y><time>13-12-21 17:30:58:482</time></pt><pt><x>454</x><y>239</y><time>13-12-21 17:30:58:705</time></pt><pt><x>457</x><y>262</y><time>13-12-21 17:30:58:921</time></pt><pt><x>461</x><y>291</y><time>13-12-21 17:30:59:163</time></pt><pt><x>456</x><y>307</y><time>13-12-21 17:30:59:400</time></pt><pt><x>444</x><y>324</y><time>13-12-21 17:30:59:632</time></pt><pt><x>416</x><y>341</y><time>13-12-21 17:30:59:848</time></pt><pt><x>394</x><y>357</y><time>13-12-21 17:31:00:088</time></pt><closed_date>13-12-21 17:31:00:336</closed_date></polygon></object><object><name>restoration</name><deleted>0</deleted><verified>0</verified><occluded>no</occluded><attributes /><parts><hasparts /><ispartof>2</ispartof></parts><date>13-12-21 17:31:20:677</date><id>11</id><polygon><username>anonymous</username><pt><x>464</x><y>197</y><time>13-12-21 17:31:05:690</time></pt><pt><x>483</x><y>190</y><time>13-12-21 17:31:06:032</time></pt><pt><x>506</x><y>177</y><time>13-12-21 17:31:06:336</time></pt><pt><x>523</x><y>177</y><time>13-12-21 17:31:06:584</time></pt><pt><x>533</x><y>185</y><time>13-12-21 17:31:06:864</time></pt><pt><x>541</x><y>202</y><time>13-12-21 17:31:07:144</time></pt><pt><x>543</x><y>225</y><time>13-12-21 17:31:07:411</time></pt><pt><x>541</x><y>247</y><time>13-12-21 17:31:07:657</time></pt><pt><x>539</x><y>255</y><time>13-12-21 17:31:07:912</time></pt><pt><x>549</x><y>262</y><time>13-12-21 17:31:08:160</time></pt><pt><x>576</x><y>262</y><time>13-12-21 17:31:08:504</time></pt><pt><x>601</x><y>260</y><time>13-12-21 17:31:08:753</time></pt><pt><x>603</x><y>254</y><time>13-12-21 17:31:09:009</time></pt><pt><x>611</x><y>239</y><time>13-12-21 17:31:09:248</time></pt><pt><x>621</x><y>237</y><time>13-12-21 17:31:09:464</time></pt><pt><x>631</x><y>224</y><time>13-12-21 17:31:09:784</time></pt><pt><x>644</x><y>210</y><time>13-12-21 17:31:10:024</time></pt><pt><x>668</x><y>207</y><time>13-12-21 17:31:10:280</time></pt><pt><x>698</x><y>202</y><time>13-12-21 17:31:10:720</time></pt><pt><x>706</x><y>229</y><time>13-12-21 17:31:11:225</time></pt><pt><x>705</x><y>250</y><time>13-12-21 17:31:11:587</time></pt><pt><x>705</x><y>267</y><time>13-12-21 17:31:11:921</time></pt><pt><x>686</x><y>282</y><time>13-12-21 17:31:12:432</time></pt><pt><x>653</x><y>282</y><time>13-12-21 17:31:12:809</time></pt><pt><x>648</x><y>287</y><time>13-12-21 17:31:14:673</time></pt><pt><x>613</x><y>287</y><time>13-12-21 17:31:14:939</time></pt><pt><x>593</x><y>301</y><time>13-12-21 17:31:15:241</time></pt><pt><x>573</x><y>304</y><time>13-12-21 17:31:15:464</time></pt><pt><x>553</x><y>304</y><time>13-12-21 17:31:15:689</time></pt><pt><x>526</x><y>301</y><time>13-12-21 17:31:15:936</time></pt><pt><x>499</x><y>289</y><time>13-12-21 17:31:16:225</time></pt><pt><x>476</x><y>286</y><time>13-12-21 17:31:16:491</time></pt><pt><x>464</x><y>286</y><time>13-12-21 17:31:16:721</time></pt><pt><x>447</x><y>286</y><time>13-12-21 17:31:16:969</time></pt><pt><x>446</x><y>269</y><time>13-12-21 17:31:17:264</time></pt><pt><x>442</x><y>249</y><time>13-12-21 17:31:17:537</time></pt><pt><x>449</x><y>217</y><time>13-12-21 17:31:17:784</time></pt><closed_date>13-12-21 17:31:18:057</closed_date></polygon></object><object><name>restoration</name><deleted>0</deleted><verified>0</verified><occluded>no</occluded><attributes /><parts><hasparts /><ispartof>6</ispartof></parts><date>13-12-21 17:31:43:493</date><id>12</id><polygon><username>anonymous</username><pt><x>658</x><y>700</y><time>13-12-21 17:31:25:281</time></pt><pt><x>688</x><y>701</y><time>13-12-21 17:31:25:576</time></pt><pt><x>706</x><y>693</y><time>13-12-21 17:31:25:919</time></pt><pt><x>738</x><y>693</y><time>13-12-21 17:31:26:175</time></pt><pt><x>750</x><y>696</y><time>13-12-21 17:31:26:448</time></pt><pt><x>766</x><y>696</y><time>13-12-21 17:31:26:696</time></pt><pt><x>776</x><y>691</y><time>13-12-21 17:31:26:912</time></pt><pt><x>786</x><y>673</y><time>13-12-21 17:31:27:143</time></pt><pt><x>800</x><y>659</y><time>13-12-21 17:31:27:408</time></pt><pt><x>805</x><y>643</y><time>13-12-21 17:31:27:648</time></pt><pt><x>818</x><y>634</y><time>13-12-21 17:31:27:888</time></pt><pt><x>825</x><y>619</y><time>13-12-21 17:31:28:168</time></pt><pt><x>843</x><y>613</y><time>13-12-21 17:31:28:432</time></pt><pt><x>851</x><y>606</y><time>13-12-21 17:31:28:696</time></pt><pt><x>855</x><y>586</y><time>13-12-21 17:31:28:952</time></pt><pt><x>846</x><y>563</y><time>13-12-21 17:31:29:320</time></pt><pt><x>841</x><y>548</y><time>13-12-21 17:31:29:584</time></pt><pt><x>836</x><y>529</y><time>13-12-21 17:31:29:832</time></pt><pt><x>836</x><y>506</y><time>13-12-21 17:31:30:112</time></pt><pt><x>825</x><y>501</y><time>13-12-21 17:31:30:512</time></pt><pt><x>805</x><y>504</y><time>13-12-21 17:31:30:810</time></pt><pt><x>783</x><y>511</y><time>13-12-21 17:31:31:081</time></pt><pt><x>760</x><y>516</y><time>13-12-21 17:31:31:328</time></pt><pt><x>735</x><y>521</y><time>13-12-21 17:31:31:575</time></pt><pt><x>730</x><y>523</y><time>13-12-21 17:31:32:080</time></pt><pt><x>708</x><y>524</y><time>13-12-21 17:31:32:368</time></pt><pt><x>685</x><y>529</y><time>13-12-21 17:31:32:591</time></pt><pt><x>676</x><y>529</y><time>13-12-21 17:31:32:791</time></pt><pt><x>656</x><y>528</y><time>13-12-21 17:31:33:039</time></pt><pt><x>654</x><y>524</y><time>13-12-21 17:31:33:264</time></pt><pt><x>646</x><y>519</y><time>13-12-21 17:31:33:559</time></pt><pt><x>621</x><y>508</y><time>13-12-21 17:31:33:936</time></pt><pt><x>594</x><y>509</y><time>13-12-21 17:31:34:250</time></pt><pt><x>576</x><y>528</y><time>13-12-21 17:31:34:584</time></pt><pt><x>553</x><y>539</y><time>13-12-21 17:31:34:817</time></pt><pt><x>526</x><y>544</y><time>13-12-21 17:31:35:344</time></pt><pt><x>524</x><y>564</y><time>13-12-21 17:31:35:687</time></pt><pt><x>536</x><y>586</y><time>13-12-21 17:31:35:959</time></pt><pt><x>546</x><y>611</y><time>13-12-21 17:31:36:234</time></pt><pt><x>566</x><y>648</y><time>13-12-21 17:31:36:600</time></pt><pt><x>581</x><y>678</y><time>13-12-21 17:31:36:994</time></pt><pt><x>591</x><y>696</y><time>13-12-21 17:31:37:331</time></pt><pt><x>593</x><y>698</y><time>13-12-21 17:31:37:656</time></pt><pt><x>589</x><y>661</y><time>13-12-21 17:31:38:072</time></pt><pt><x>589</x><y>641</y><time>13-12-21 17:31:38:360</time></pt><pt><x>584</x><y>614</y><time>13-12-21 17:31:38:648</time></pt><pt><x>574</x><y>589</y><time>13-12-21 17:31:38:936</time></pt><pt><x>568</x><y>573</y><time>13-12-21 17:31:39:343</time></pt><pt><x>591</x><y>579</y><time>13-12-21 17:31:39:752</time></pt><pt><x>608</x><y>604</y><time>13-12-21 17:31:40:095</time></pt><pt><x>621</x><y>639</y><time>13-12-21 17:31:40:394</time></pt><pt><x>631</x><y>658</y><time>13-12-21 17:31:40:706</time></pt><pt><x>639</x><y>680</y><time>13-12-21 17:31:41:064</time></pt><closed_date>13-12-21 17:31:41:432</closed_date></polygon></object><object><name>root canal treatment</name><deleted>0</deleted><verified>0</verified><occluded>no</occluded><attributes /><parts><hasparts /><ispartof>6</ispartof></parts><date>13-12-21 17:31:56:179</date><id>13</id><polygon><username>anonymous</username><pt><x>648</x><y>706</y><time>13-12-21 17:31:44:274</time></pt><pt><x>653</x><y>796</y><time>13-12-21 17:31:45:040</time></pt><pt><x>663</x><y>868</y><time>13-12-21 17:31:45:960</time></pt><pt><x>668</x><y>910</y><time>13-12-21 17:31:48:936</time></pt><pt><x>675</x><y>927</y><time>13-12-21 17:31:49:400</time></pt><pt><x>680</x><y>940</y><time>13-12-21 17:31:49:794</time></pt><pt><x>693</x><y>942</y><time>13-12-21 17:31:50:184</time></pt><pt><x>696</x><y>902</y><time>13-12-21 17:31:50:760</time></pt><pt><x>688</x><y>872</y><time>13-12-21 17:31:51:168</time></pt><pt><x>688</x><y>831</y><time>13-12-21 17:31:51:504</time></pt><pt><x>686</x><y>793</y><time>13-12-21 17:31:51:896</time></pt><pt><x>683</x><y>758</y><time>13-12-21 17:31:52:239</time></pt><pt><x>676</x><y>710</y><time>13-12-21 17:31:52:672</time></pt><pt><x>673</x><y>701</y><time>13-12-21 17:31:53:207</time></pt><closed_date>13-12-21 17:31:53:583</closed_date></polygon></object><object><name>root canal treatment</name><deleted>0</deleted><verified>0</verified><occluded>no</occluded><attributes /><parts><hasparts /><ispartof>6</ispartof></parts><date>13-12-21 17:32:10:868</date><id>14</id><polygon><username>anonymous</username><pt><x>765</x><y>710</y><time>13-12-21 17:31:58:721</time></pt><pt><x>776</x><y>733</y><time>13-12-21 17:31:59:064</time></pt><pt><x>791</x><y>763</y><time>13-12-21 17:31:59:370</time></pt><pt><x>806</x><y>791</y><time>13-12-21 17:31:59:698</time></pt><pt><x>815</x><y>818</y><time>13-12-21 17:31:59:976</time></pt><pt><x>830</x><y>853</y><time>13-12-21 17:32:00:288</time></pt><pt><x>843</x><y>892</y><time>13-12-21 17:32:00:616</time></pt><pt><x>851</x><y>913</y><time>13-12-21 17:32:00:906</time></pt><pt><x>863</x><y>933</y><time>13-12-21 17:32:01:352</time></pt><pt><x>872</x><y>945</y><time>13-12-21 17:32:01:672</time></pt><pt><x>885</x><y>945</y><time>13-12-21 17:32:02:032</time></pt><pt><x>887</x><y>932</y><time>13-12-21 17:32:02:432</time></pt><pt><x>880</x><y>907</y><time>13-12-21 17:32:02:840</time></pt><pt><x>862</x><y>870</y><time>13-12-21 17:32:03:160</time></pt><pt><x>851</x><y>831</y><time>13-12-21 17:32:03:576</time></pt><pt><x>835</x><y>800</y><time>13-12-21 17:32:03:936</time></pt><pt><x>821</x><y>758</y><time>13-12-21 17:32:04:296</time></pt><pt><x>813</x><y>730</y><time>13-12-21 17:32:04:680</time></pt><pt><x>808</x><y>696</y><time>13-12-21 17:32:05:048</time></pt><pt><x>800</x><y>673</y><time>13-12-21 17:32:05:400</time></pt><pt><x>793</x><y>673</y><time>13-12-21 17:32:05:800</time></pt><pt><x>775</x><y>691</y><time>13-12-21 17:32:06:136</time></pt><closed_date>13-12-21 17:32:06:480</closed_date></polygon></object><object><name>restoration</name><deleted>0</deleted><verified>0</verified><occluded>no</occluded><attributes /><parts><hasparts /><ispartof>3</ispartof></parts><date>13-12-21 17:32:33:535</date><id>15</id><polygon><username>anonymous</username><pt><x>982</x><y>250</y><time>13-12-21 17:32:16:657</time></pt><pt><x>950</x><y>249</y><time>13-12-21 17:32:16:968</time></pt><pt><x>937</x><y>259</y><time>13-12-21 17:32:17:328</time></pt><pt><x>917</x><y>264</y><time>13-12-21 17:32:17:584</time></pt><pt><x>897</x><y>252</y><time>13-12-21 17:32:20:177</time></pt><pt><x>892</x><y>247</y><time>13-12-21 17:32:20:592</time></pt><pt><x>883</x><y>237</y><time>13-12-21 17:32:20:896</time></pt><pt><x>870</x><y>222</y><time>13-12-21 17:32:21:207</time></pt><pt><x>855</x><y>222</y><time>13-12-21 17:32:21:504</time></pt><pt><x>836</x><y>230</y><time>13-12-21 17:32:21:784</time></pt><pt><x>815</x><y>240</y><time>13-12-21 17:32:22:032</time></pt><pt><x>788</x><y>245</y><time>13-12-21 17:32:22:320</time></pt><pt><x>761</x><y>245</y><time>13-12-21 17:32:22:568</time></pt><pt><x>753</x><y>242</y><time>13-12-21 17:32:22:824</time></pt><pt><x>750</x><y>239</y><time>13-12-21 17:32:23:072</time></pt><pt><x>743</x><y>229</y><time>13-12-21 17:32:23:512</time></pt><pt><x>731</x><y>245</y><time>13-12-21 17:32:23:873</time></pt><pt><x>700</x><y>255</y><time>13-12-21 17:32:24:194</time></pt><pt><x>686</x><y>267</y><time>13-12-21 17:32:24:504</time></pt><pt><x>703</x><y>287</y><time>13-12-21 17:32:24:834</time></pt><pt><x>720</x><y>297</y><time>13-12-21 17:32:25:160</time></pt><pt><x>761</x><y>301</y><time>13-12-21 17:32:25:480</time></pt><pt><x>791</x><y>301</y><time>13-12-21 17:32:25:770</time></pt><pt><x>821</x><y>301</y><time>13-12-21 17:32:26:052</time></pt><pt><x>840</x><y>301</y><time>13-12-21 17:32:26:314</time></pt><pt><x>860</x><y>284</y><time>13-12-21 17:32:26:707</time></pt><pt><x>872</x><y>284</y><time>13-12-21 17:32:27:002</time></pt><pt><x>883</x><y>307</y><time>13-12-21 17:32:27:338</time></pt><pt><x>907</x><y>319</y><time>13-12-21 17:32:27:618</time></pt><pt><x>918</x><y>339</y><time>13-12-21 17:32:27:892</time></pt><pt><x>943</x><y>346</y><time>13-12-21 17:32:28:162</time></pt><pt><x>960</x><y>337</y><time>13-12-21 17:32:28:474</time></pt><pt><x>992</x><y>319</y><time>13-12-21 17:32:28:762</time></pt><pt><x>1025</x><y>312</y><time>13-12-21 17:32:29:042</time></pt><pt><x>1038</x><y>302</y><time>13-12-21 17:32:29:346</time></pt><pt><x>1037</x><y>260</y><time>13-12-21 17:32:29:674</time></pt><pt><x>1002</x><y>244</y><time>13-12-21 17:32:29:986</time></pt><pt><x>995</x><y>244</y><time>13-12-21 17:32:30:354</time></pt><closed_date>13-12-21 17:32:30:698</closed_date></polygon></object><object><name>restoration</name><deleted>0</deleted><verified>0</verified><occluded>no</occluded><attributes /><parts><hasparts /><ispartof>7</ispartof></parts><date>13-12-21 17:32:43:199</date><id>16</id><polygon><username>anonymous</username><pt><x>422</x><y>581</y><time>13-12-21 17:32:36:671</time></pt><pt><x>439</x><y>608</y><time>13-12-21 17:32:37:082</time></pt><pt><x>454</x><y>616</y><time>13-12-21 17:32:37:426</time></pt><pt><x>467</x><y>618</y><time>13-12-21 17:32:37:698</time></pt><pt><x>481</x><y>609</y><time>13-12-21 17:32:37:962</time></pt><pt><x>488</x><y>596</y><time>13-12-21 17:32:38:242</time></pt><pt><x>501</x><y>583</y><time>13-12-21 17:32:38:538</time></pt><pt><x>501</x><y>556</y><time>13-12-21 17:32:38:866</time></pt><pt><x>498</x><y>539</y><time>13-12-21 17:32:39:266</time></pt><pt><x>481</x><y>528</y><time>13-12-21 17:32:39:586</time></pt><pt><x>454</x><y>519</y><time>13-12-21 17:32:39:907</time></pt><pt><x>432</x><y>519</y><time>13-12-21 17:32:40:186</time></pt><pt><x>419</x><y>538</y><time>13-12-21 17:32:40:475</time></pt><pt><x>419</x><y>566</y><time>13-12-21 17:32:40:748</time></pt><closed_date>13-12-21 17:32:41:218</closed_date></polygon></object><object><name>restoration</name><deleted>0</deleted><verified>0</verified><occluded>no</occluded><attributes /><parts><hasparts /><ispartof>5</ispartof></parts><date>13-12-21 17:32:56:687</date><id>17</id><polygon><username>anonymous</username><pt><x>957</x><y>569</y><time>13-12-21 17:32:47:021</time></pt><pt><x>982</x><y>558</y><time>13-12-21 17:32:47:403</time></pt><pt><x>1008</x><y>554</y><time>13-12-21 17:32:47:682</time></pt><pt><x>1028</x><y>554</y><time>13-12-21 17:32:47:899</time></pt><pt><x>1059</x><y>563</y><time>13-12-21 17:32:48:162</time></pt><pt><x>1082</x><y>563</y><time>13-12-21 17:32:48:506</time></pt><pt><x>1102</x><y>559</y><time>13-12-21 17:32:48:730</time></pt><pt><x>1112</x><y>549</y><time>13-12-21 17:32:49:002</time></pt><pt><x>1125</x><y>538</y><time>13-12-21 17:32:49:218</time></pt><pt><x>1152</x><y>523</y><time>13-12-21 17:32:49:466</time></pt><pt><x>1165</x><y>508</y><time>13-12-21 17:32:49:690</time></pt><pt><x>1184</x><y>484</y><time>13-12-21 17:32:49:939</time></pt><pt><x>1192</x><y>469</y><time>13-12-21 17:32:50:194</time></pt><pt><x>1170</x><y>454</y><time>13-12-21 17:32:50:482</time></pt><pt><x>1135</x><y>459</y><time>13-12-21 17:32:50:730</time></pt><pt><x>1117</x><y>462</y><time>13-12-21 17:32:50:970</time></pt><pt><x>1094</x><y>461</y><time>13-12-21 17:32:51:242</time></pt><pt><x>1067</x><y>483</y><time>13-12-21 17:32:51:539</time></pt><pt><x>1047</x><y>493</y><time>13-12-21 17:32:51:803</time></pt><pt><x>1022</x><y>501</y><time>13-12-21 17:32:52:042</time></pt><pt><x>1010</x><y>501</y><time>13-12-21 17:32:52:234</time></pt><pt><x>988</x><y>498</y><time>13-12-21 17:32:52:474</time></pt><pt><x>948</x><y>493</y><time>13-12-21 17:32:52:794</time></pt><pt><x>928</x><y>494</y><time>13-12-21 17:32:53:018</time></pt><pt><x>910</x><y>514</y><time>13-12-21 17:32:53:267</time></pt><pt><x>905</x><y>538</y><time>13-12-21 17:32:53:523</time></pt><pt><x>908</x><y>553</y><time>13-12-21 17:32:53:765</time></pt><pt><x>942</x><y>571</y><time>13-12-21 17:32:54:124</time></pt><closed_date>13-12-21 17:32:54:659</closed_date></polygon></object><imagesize><nrows /><ncols /></imagesize></annotation>