<?xml version='1.0' encoding='UTF-8'?>
<annotation><filename>53.jpg</filename><folder>segmentation_xray</folder><source><sourceImage>The MIT-CSAIL database of objects and scenes</sourceImage><sourceAnnotation>LabelMe Webtool</sourceAnnotation></source><object><name>tooth 18</name><deleted>0</deleted><verified>0</verified><occluded>no</occluded><attributes /><parts><hasparts /><ispartof>7</ispartof></parts><date>13-01-22 11:21:42:756</date><id>0</id><type>bounding_box</type><polygon><username>anonymous</username><pt><x>221</x><y>452</y><time>13-01-22 11:21:36:950</time></pt><pt><x>9</x><y>452</y><time>13-01-22 11:21:39:574</time></pt><pt><x>9</x><y>28</y><time>undefined</time></pt><pt><x>221</x><y>28</y><time>undefined</time></pt><closed_date>13-01-22 11:21:39:574</closed_date></polygon></object><object><name>tooth 17</name><deleted>0</deleted><verified>0</verified><occluded>no</occluded><attributes /><parts><hasparts>11</hasparts><ispartof>7</ispartof></parts><date>13-01-22 11:21:53:789</date><id>1</id><type>bounding_box</type><polygon><username>anonymous</username><pt><x>506</x><y>553</y><time>13-01-22 11:21:45:670</time></pt><pt><x>163</x><y>553</y><time>13-01-22 11:21:51:163</time></pt><pt><x>163</x><y>9</y><time>undefined</time></pt><pt><x>506</x><y>9</y><time>undefined</time></pt><closed_date>13-01-22 11:21:51:163</closed_date></polygon></object><object><name>tooth 16</name><deleted>0</deleted><verified>0</verified><occluded>no</occluded><attributes /><parts><hasparts>12</hasparts><ispartof>7</ispartof></parts><date>13-01-22 11:22:01:739</date><id>2</id><type>bounding_box</type><polygon><username>anonymous</username><pt><x>874</x><y>578</y><time>13-01-22 11:21:55:533</time></pt><pt><x>485</x><y>578</y><time>13-01-22 11:21:58:163</time></pt><pt><x>485</x><y>2</y><time>undefined</time></pt><pt><x>874</x><y>2</y><time>undefined</time></pt><closed_date>13-01-22 11:21:58:163</closed_date></polygon></object><object><name>tooth 15</name><deleted>0</deleted><verified>0</verified><occluded>no</occluded><attributes /><parts><hasparts>13</hasparts><ispartof>7</ispartof></parts><date>13-01-22 11:22:13:855</date><id>3</id><type>bounding_box</type><polygon><username>anonymous</username><pt><x>1105</x><y>569</y><time>13-01-22 11:22:03:601</time></pt><pt><x>851</x><y>569</y><time>13-01-22 11:22:10:474</time></pt><pt><x>851</x><y>0</y><time>undefined</time></pt><pt><x>1105</x><y>0</y><time>undefined</time></pt><closed_date>13-01-22 11:22:10:474</closed_date></polygon></object><object><name>tooth 14</name><deleted>0</deleted><verified>0</verified><occluded>no</occluded><attributes /><parts><hasparts /><ispartof>7</ispartof></parts><date>13-01-22 11:22:20:734</date><id>4</id><type>bounding_box</type><polygon><username>anonymous</username><pt><x>1359</x><y>539</y><time>13-01-22 11:22:15:513</time></pt><pt><x>1089</x><y>539</y><time>13-01-22 11:22:18:019</time></pt><pt><x>1089</x><y>2</y><time>undefined</time></pt><pt><x>1359</x><y>2</y><time>undefined</time></pt><closed_date>13-01-22 11:22:18:020</closed_date></polygon></object><object><name>tooth 13</name><deleted>0</deleted><verified>0</verified><occluded>no</occluded><attributes /><parts><hasparts /><ispartof>7</ispartof></parts><date>13-01-22 11:22:27:772</date><id>5</id><type>bounding_box</type><polygon><username>anonymous</username><pt><x>1343</x><y>546</y><time>13-01-22 11:22:22:357</time></pt><pt><x>1592</x><y>546</y><time>13-01-22 11:22:24:617</time></pt><pt><x>1592</x><y>12</y><time>undefined</time></pt><pt><x>1343</x><y>12</y><time>undefined</time></pt><closed_date>13-01-22 11:22:24:617</closed_date></polygon></object><object><name>tooth 43</name><deleted>0</deleted><verified>0</verified><occluded>no</occluded><attributes /><parts><hasparts /><ispartof /></parts><date>13-01-22 11:22:40:516</date><id>6</id><type>bounding_box</type><polygon><username>anonymous</username><pt><x>1408</x><y>564</y><time>13-01-22 11:22:34:249</time></pt><pt><x>1595</x><y>564</y><time>13-01-22 11:22:37:062</time></pt><pt><x>1595</x><y>1203</y><time>undefined</time></pt><pt><x>1408</x><y>1203</y><time>undefined</time></pt><closed_date>13-01-22 11:22:37:062</closed_date></polygon></object><object><name>tooth 44</name><deleted>0</deleted><verified>0</verified><occluded>no</occluded><attributes /><parts><hasparts /><ispartof /></parts><date>13-01-22 11:22:46:799</date><id>7</id><type>bounding_box</type><polygon><username>anonymous</username><pt><x>1168</x><y>595</y><time>13-01-22 11:22:42:206</time></pt><pt><x>1436</x><y>595</y><time>13-01-22 11:22:44:309</time></pt><pt><x>1436</x><y>1236</y><time>undefined</time></pt><pt><x>1168</x><y>1236</y><time>undefined</time></pt><closed_date>13-01-22 11:22:44:309</closed_date></polygon></object><object><name>tooth 45</name><deleted>0</deleted><verified>0</verified><occluded>no</occluded><attributes /><parts><hasparts>14</hasparts><ispartof /></parts><date>13-01-22 11:22:53:148</date><id>8</id><type>bounding_box</type><polygon><username>anonymous</username><pt><x>879</x><y>646</y><time>13-01-22 11:22:48:787</time></pt><pt><x>1198</x><y>646</y><time>13-01-22 11:22:50:480</time></pt><pt><x>1198</x><y>1231</y><time>undefined</time></pt><pt><x>879</x><y>1231</y><time>undefined</time></pt><closed_date>13-01-22 11:22:50:480</closed_date></polygon></object><object><name>tooth 47</name><deleted>0</deleted><verified>0</verified><occluded>no</occluded><attributes /><parts><hasparts>15</hasparts><ispartof /></parts><date>13-01-22 11:23:05:208</date><id>9</id><type>bounding_box</type><polygon><username>anonymous</username><pt><x>5</x><y>1243</y><time>13-01-22 11:22:59:831</time></pt><pt><x>546</x><y>1243</y><time>13-01-22 11:23:02:290</time></pt><pt><x>546</x><y>571</y><time>undefined</time></pt><pt><x>5</x><y>571</y><time>undefined</time></pt><closed_date>13-01-22 11:23:02:290</closed_date></polygon></object><object><name>tooth 48</name><deleted>0</deleted><verified>0</verified><occluded>no</occluded><attributes /><parts><hasparts /><ispartof /></parts><date>13-01-22 11:23:17:732</date><id>10</id><type>bounding_box</type><polygon><username>anonymous</username><pt><x>142</x><y>429</y><time>13-01-22 11:23:12:581</time></pt><pt><x>7</x><y>429</y><time>13-01-22 11:23:15:149</time></pt><pt><x>7</x><y>760</y><time>undefined</time></pt><pt><x>142</x><y>760</y><time>undefined</time></pt><closed_date>13-01-22 11:23:15:149</closed_date></polygon></object><object><name>restoration</name><deleted>0</deleted><verified>0</verified><occluded>no</occluded><attributes /><parts><hasparts /><ispartof>1</ispartof></parts><date>13-01-22 11:23:33:647</date><id>11</id><polygon><username>anonymous</username><pt><x>399</x><y>424</y><time>13-01-22 11:23:26:170</time></pt><pt><x>385</x><y>350</y><time>13-01-22 11:23:26:960</time></pt><pt><x>385</x><y>282</y><time>13-01-22 11:23:27:589</time></pt><pt><x>438</x><y>266</y><time>13-01-22 11:23:28:185</time></pt><pt><x>499</x><y>277</y><time>13-01-22 11:23:28:857</time></pt><pt><x>506</x><y>312</y><time>13-01-22 11:23:29:466</time></pt><pt><x>508</x><y>434</y><time>13-01-22 11:23:30:048</time></pt><pt><x>445</x><y>490</y><time>13-01-22 11:23:30:719</time></pt><closed_date>13-01-22 11:23:31:621</closed_date></polygon></object><object><name>restoration</name><deleted>0</deleted><verified>0</verified><occluded>no</occluded><attributes /><parts><hasparts /><ispartof>2</ispartof></parts><date>13-01-22 11:23:58:632</date><id>12</id><polygon><username>anonymous</username><pt><x>725</x><y>387</y><time>13-01-22 11:23:41:578</time></pt><pt><x>774</x><y>338</y><time>13-01-22 11:23:42:413</time></pt><pt><x>823</x><y>336</y><time>13-01-22 11:23:42:998</time></pt><pt><x>832</x><y>308</y><time>13-01-22 11:23:43:693</time></pt><pt><x>895</x><y>441</y><time>13-01-22 11:23:45:262</time></pt><pt><x>856</x><y>471</y><time>13-01-22 11:23:46:454</time></pt><pt><x>741</x><y>485</y><time>13-01-22 11:23:47:277</time></pt><pt><x>688</x><y>476</y><time>13-01-22 11:23:47:937</time></pt><pt><x>599</x><y>548</y><time>13-01-22 11:23:48:755</time></pt><pt><x>536</x><y>485</y><time>13-01-22 11:23:49:560</time></pt><pt><x>490</x><y>443</y><time>13-01-22 11:23:50:161</time></pt><pt><x>508</x><y>338</y><time>13-01-22 11:23:50:943</time></pt><pt><x>520</x><y>280</y><time>13-01-22 11:23:51:587</time></pt><pt><x>536</x><y>324</y><time>13-01-22 11:23:52:209</time></pt><pt><x>567</x><y>324</y><time>13-01-22 11:23:52:775</time></pt><pt><x>597</x><y>347</y><time>13-01-22 11:23:53:356</time></pt><pt><x>588</x><y>429</y><time>13-01-22 11:23:54:085</time></pt><pt><x>604</x><y>455</y><time>13-01-22 11:23:54:641</time></pt><pt><x>669</x><y>438</y><time>13-01-22 11:23:55:255</time></pt><closed_date>13-01-22 11:23:56:193</closed_date></polygon></object><object><name>restoration</name><deleted>0</deleted><verified>0</verified><occluded>no</occluded><attributes /><parts><hasparts /><ispartof>3</ispartof></parts><date>13-01-22 11:24:16:468</date><id>13</id><polygon><username>anonymous</username><pt><x>881</x><y>287</y><time>13-01-22 11:24:03:197</time></pt><pt><x>942</x><y>289</y><time>13-01-22 11:24:04:125</time></pt><pt><x>954</x><y>364</y><time>13-01-22 11:24:04:759</time></pt><pt><x>982</x><y>445</y><time>13-01-22 11:24:05:437</time></pt><pt><x>1007</x><y>431</y><time>13-01-22 11:24:06:051</time></pt><pt><x>989</x><y>378</y><time>13-01-22 11:24:06:638</time></pt><pt><x>1010</x><y>326</y><time>13-01-22 11:24:07:207</time></pt><pt><x>1061</x><y>322</y><time>13-01-22 11:24:07:693</time></pt><pt><x>1098</x><y>350</y><time>13-01-22 11:24:08:242</time></pt><pt><x>1089</x><y>448</y><time>13-01-22 11:24:09:089</time></pt><pt><x>1065</x><y>506</y><time>13-01-22 11:24:10:194</time></pt><pt><x>1012</x><y>543</y><time>13-01-22 11:24:11:096</time></pt><pt><x>949</x><y>543</y><time>13-01-22 11:24:11:781</time></pt><pt><x>923</x><y>501</y><time>13-01-22 11:24:12:432</time></pt><pt><x>907</x><y>476</y><time>13-01-22 11:24:12:997</time></pt><pt><x>879</x><y>462</y><time>13-01-22 11:24:13:608</time></pt><closed_date>13-01-22 11:24:14:453</closed_date></polygon></object><object><name>restoration</name><deleted>0</deleted><verified>0</verified><occluded>no</occluded><attributes /><parts><hasparts /><ispartof>8</ispartof></parts><date>13-01-22 11:24:54:149</date><id>14</id><polygon><username>anonymous</username><pt><x>902</x><y>872</y><time>13-01-22 11:24:40:884</time></pt><pt><x>954</x><y>858</y><time>13-01-22 11:24:41:629</time></pt><pt><x>989</x><y>858</y><time>13-01-22 11:24:42:295</time></pt><pt><x>1000</x><y>762</y><time>13-01-22 11:24:42:881</time></pt><pt><x>1021</x><y>732</y><time>13-01-22 11:24:43:491</time></pt><pt><x>1063</x><y>737</y><time>13-01-22 11:24:43:903</time></pt><pt><x>1105</x><y>741</y><time>13-01-22 11:24:45:199</time></pt><pt><x>1117</x><y>704</y><time>13-01-22 11:24:45:903</time></pt><pt><x>1124</x><y>671</y><time>13-01-22 11:24:46:468</time></pt><pt><x>1082</x><y>657</y><time>13-01-22 11:24:47:048</time></pt><pt><x>1058</x><y>643</y><time>13-01-22 11:24:47:627</time></pt><pt><x>1017</x><y>667</y><time>13-01-22 11:24:48:214</time></pt><pt><x>982</x><y>688</y><time>13-01-22 11:24:48:720</time></pt><pt><x>940</x><y>713</y><time>13-01-22 11:24:49:279</time></pt><pt><x>891</x><y>807</y><time>13-01-22 11:24:49:906</time></pt><closed_date>13-01-22 11:24:50:685</closed_date></polygon></object><object><name>restoration</name><deleted>0</deleted><verified>0</verified><occluded>no</occluded><attributes /><parts><hasparts /><ispartof>9</ispartof></parts><date>13-01-22 11:25:07:306</date><id>15</id><polygon><username>anonymous</username><pt><x>441</x><y>844</y><time>13-01-22 11:24:58:668</time></pt><pt><x>410</x><y>779</y><time>13-01-22 11:24:59:464</time></pt><pt><x>424</x><y>702</y><time>13-01-22 11:25:00:111</time></pt><pt><x>429</x><y>606</y><time>13-01-22 11:25:02:147</time></pt><pt><x>522</x><y>657</y><time>13-01-22 11:25:02:728</time></pt><pt><x>539</x><y>709</y><time>13-01-22 11:25:03:356</time></pt><pt><x>497</x><y>800</y><time>13-01-22 11:25:04:027</time></pt><pt><x>457</x><y>881</y><time>13-01-22 11:25:04:711</time></pt><closed_date>13-01-22 11:25:05:266</closed_date></polygon></object><object><name>dental implant</name><deleted>0</deleted><verified>0</verified><occluded>no</occluded><attributes /><parts><hasparts>17</hasparts><ispartof /></parts><date>13-01-22 11:25:25:359</date><id>16</id><polygon><username>anonymous</username><pt><x>671</x><y>1229</y><time>13-01-22 11:25:09:647</time></pt><pt><x>704</x><y>1058</y><time>13-01-22 11:25:10:771</time></pt><pt><x>718</x><y>1019</y><time>13-01-22 11:25:12:336</time></pt><pt><x>725</x><y>963</y><time>13-01-22 11:25:13:795</time></pt><pt><x>634</x><y>944</y><time>13-01-22 11:25:14:536</time></pt><pt><x>599</x><y>944</y><time>13-01-22 11:25:15:342</time></pt><pt><x>597</x><y>1042</y><time>13-01-22 11:25:16:604</time></pt><pt><x>576</x><y>1038</y><time>13-01-22 11:25:17:787</time></pt><pt><x>564</x><y>1131</y><time>13-01-22 11:25:18:676</time></pt><pt><x>543</x><y>1219</y><time>13-01-22 11:25:19:826</time></pt><pt><x>518</x><y>1245</y><time>13-01-22 11:25:20:826</time></pt><closed_date>13-01-22 11:25:22:008</closed_date></polygon></object><object><name>crown</name><deleted>0</deleted><verified>0</verified><occluded>no</occluded><attributes /><parts><hasparts /><ispartof>16</ispartof></parts><date>13-01-22 11:25:44:553</date><id>17</id><polygon><username>anonymous</username><pt><x>725</x><y>1028</y><time>13-01-22 11:25:29:322</time></pt><pt><x>800</x><y>975</y><time>13-01-22 11:25:30:072</time></pt><pt><x>877</x><y>884</y><time>13-01-22 11:25:30:721</time></pt><pt><x>912</x><y>748</y><time>13-01-22 11:25:31:596</time></pt><pt><x>909</x><y>697</y><time>13-01-22 11:25:32:323</time></pt><pt><x>830</x><y>664</y><time>13-01-22 11:25:33:098</time></pt><pt><x>744</x><y>683</y><time>13-01-22 11:25:33:744</time></pt><pt><x>690</x><y>646</y><time>13-01-22 11:25:34:378</time></pt><pt><x>588</x><y>650</y><time>13-01-22 11:25:35:023</time></pt><pt><x>539</x><y>655</y><time>13-01-22 11:25:35:877</time></pt><pt><x>499</x><y>744</y><time>13-01-22 11:25:36:470</time></pt><pt><x>515</x><y>877</y><time>13-01-22 11:25:37:327</time></pt><pt><x>539</x><y>944</y><time>13-01-22 11:25:38:075</time></pt><pt><x>585</x><y>1003</y><time>13-01-22 11:25:38:725</time></pt><pt><x>609</x><y>928</y><time>13-01-22 11:25:40:067</time></pt><pt><x>683</x><y>947</y><time>13-01-22 11:25:40:816</time></pt><pt><x>723</x><y>963</y><time>13-01-22 11:25:41:430</time></pt><closed_date>13-01-22 11:25:42:348</closed_date></polygon></object><imagesize><nrows /><ncols /></imagesize></annotation>