<?xml version='1.0' encoding='UTF-8'?>
<annotation><filename>55.jpg</filename><folder>segmentation_xray</folder><source><sourceImage>The MIT-CSAIL database of objects and scenes</sourceImage><sourceAnnotation>LabelMe Webtool</sourceAnnotation></source><object><name>tooth</name><deleted>0</deleted><verified>0</verified><occluded>no</occluded><attributes>27</attributes><parts><hasparts>15</hasparts><ispartof /></parts><date>11-01-22 20:29:40:435</date><id>0</id><type>bounding_box</type><polygon><username>anonymous</username><pt><x>1604</x><y>620</y><time>11-01-22 20:29:29:702</time></pt><pt><x>1339</x><y>620</y><time>11-01-22 20:29:33:451</time></pt><pt><x>1339</x><y>11</y><time>undefined</time></pt><pt><x>1604</x><y>11</y><time>undefined</time></pt><closed_date>11-01-22 20:29:33:452</closed_date></polygon></object><object><name>tooth</name><deleted>0</deleted><verified>0</verified><occluded>no</occluded><attributes>26</attributes><parts><hasparts>14</hasparts><ispartof /></parts><date>11-01-22 20:29:48:439</date><id>1</id><type>bounding_box</type><polygon><username>anonymous</username><pt><x>1330</x><y>627</y><time>11-01-22 20:29:42:041</time></pt><pt><x>969</x><y>627</y><time>11-01-22 20:29:44:609</time></pt><pt><x>969</x><y>18</y><time>undefined</time></pt><pt><x>1330</x><y>18</y><time>undefined</time></pt><closed_date>11-01-22 20:29:44:609</closed_date></polygon></object><object><name>tooth</name><deleted>0</deleted><verified>0</verified><occluded>no</occluded><attributes>25</attributes><parts><hasparts>12,13</hasparts><ispartof /></parts><date>11-01-22 20:30:04:579</date><id>2</id><type>bounding_box</type><polygon><username>anonymous</username><pt><x>758</x><y>24</y><time>11-01-22 20:29:56:019</time></pt><pt><x>966</x><y>24</y><time>11-01-22 20:29:58:068</time></pt><pt><x>966</x><y>493</y><time>undefined</time></pt><pt><x>758</x><y>493</y><time>undefined</time></pt><closed_date>11-01-22 20:29:58:068</closed_date></polygon></object><object><name>tooth</name><deleted>0</deleted><verified>0</verified><occluded>no</occluded><attributes>24</attributes><parts><hasparts>11</hasparts><ispartof /></parts><date>11-01-22 20:30:20:566</date><id>3</id><type>bounding_box</type><polygon><username>anonymous</username><pt><x>447</x><y>585</y><time>11-01-22 20:30:12:521</time></pt><pt><x>730</x><y>585</y><time>11-01-22 20:30:16:340</time></pt><pt><x>730</x><y>13</y><time>undefined</time></pt><pt><x>447</x><y>13</y><time>undefined</time></pt><closed_date>11-01-22 20:30:16:340</closed_date></polygon></object><object><name>tooth</name><deleted>0</deleted><verified>0</verified><occluded>no</occluded><attributes>23</attributes><parts><hasparts /><ispartof /></parts><date>11-01-22 20:30:31:043</date><id>4</id><type>bounding_box</type><polygon><username>anonymous</username><pt><x>151</x><y>522</y><time>11-01-22 20:30:24:582</time></pt><pt><x>530</x><y>522</y><time>11-01-22 20:30:27:075</time></pt><pt><x>530</x><y>11</y><time>undefined</time></pt><pt><x>151</x><y>11</y><time>undefined</time></pt><closed_date>11-01-22 20:30:27:075</closed_date></polygon></object><object><name>tooth</name><deleted>0</deleted><verified>0</verified><occluded>no</occluded><attributes>22</attributes><parts><hasparts /><ispartof /></parts><date>11-01-22 20:30:38:532</date><id>5</id><type>bounding_box</type><polygon><username>anonymous</username><pt><x>26</x><y>462</y><time>11-01-22 20:30:32:171</time></pt><pt><x>263</x><y>462</y><time>11-01-22 20:30:34:268</time></pt><pt><x>263</x><y>11</y><time>undefined</time></pt><pt><x>26</x><y>11</y><time>undefined</time></pt><closed_date>11-01-22 20:30:34:268</closed_date></polygon></object><object><name>tooth</name><deleted>0</deleted><verified>0</verified><occluded>no</occluded><attributes>37</attributes><parts><hasparts>16</hasparts><ispartof /></parts><date>11-01-22 20:30:52:954</date><id>6</id><type>bounding_box</type><polygon><username>anonymous</username><pt><x>1591</x><y>699</y><time>11-01-22 20:30:41:609</time></pt><pt><x>1179</x><y>699</y><time>11-01-22 20:30:44:777</time></pt><pt><x>1179</x><y>1243</y><time>undefined</time></pt><pt><x>1591</x><y>1243</y><time>undefined</time></pt><closed_date>11-01-22 20:30:44:777</closed_date></polygon></object><object><name>tooth</name><deleted>0</deleted><verified>0</verified><occluded>no</occluded><attributes>36</attributes><parts><hasparts>17</hasparts><ispartof /></parts><date>11-01-22 20:31:02:061</date><id>7</id><type>bounding_box</type><polygon><username>anonymous</username><pt><x>776</x><y>710</y><time>11-01-22 20:30:55:141</time></pt><pt><x>1203</x><y>710</y><time>11-01-22 20:30:57:062</time></pt><pt><x>1203</x><y>1243</y><time>undefined</time></pt><pt><x>776</x><y>1243</y><time>undefined</time></pt><closed_date>11-01-22 20:30:57:063</closed_date></polygon></object><object><name>tooth</name><deleted>0</deleted><verified>0</verified><occluded>no</occluded><attributes>35</attributes><parts><hasparts>18</hasparts><ispartof /></parts><date>11-01-22 20:31:10:975</date><id>8</id><type>bounding_box</type><polygon><username>anonymous</username><pt><x>502</x><y>673</y><time>11-01-22 20:31:04:264</time></pt><pt><x>787</x><y>673</y><time>11-01-22 20:31:06:464</time></pt><pt><x>787</x><y>1236</y><time>undefined</time></pt><pt><x>502</x><y>1236</y><time>undefined</time></pt><closed_date>11-01-22 20:31:06:464</closed_date></polygon></object><object><name>tooth</name><deleted>0</deleted><verified>0</verified><occluded>no</occluded><attributes>34</attributes><parts><hasparts /><ispartof /></parts><date>11-01-22 20:31:18:967</date><id>9</id><type>bounding_box</type><polygon><username>anonymous</username><pt><x>219</x><y>642</y><time>11-01-22 20:31:13:067</time></pt><pt><x>506</x><y>642</y><time>11-01-22 20:31:15:189</time></pt><pt><x>506</x><y>1227</y><time>undefined</time></pt><pt><x>219</x><y>1227</y><time>undefined</time></pt><closed_date>11-01-22 20:31:15:189</closed_date></polygon></object><object><name>tooth</name><deleted>0</deleted><verified>0</verified><occluded>no</occluded><attributes>33</attributes><parts><hasparts /><ispartof /></parts><date>11-01-22 20:31:28:693</date><id>10</id><type>bounding_box</type><polygon><username>anonymous</username><pt><x>11</x><y>614</y><time>11-01-22 20:31:20:436</time></pt><pt><x>202</x><y>614</y><time>11-01-22 20:31:22:441</time></pt><pt><x>202</x><y>1214</y><time>undefined</time></pt><pt><x>11</x><y>1214</y><time>undefined</time></pt><closed_date>11-01-22 20:31:22:442</closed_date></polygon></object><object><name>restoration</name><deleted>0</deleted><verified>0</verified><occluded>no</occluded><attributes /><parts><hasparts /><ispartof>3</ispartof></parts><date>11-01-22 20:32:11:814</date><id>11</id><polygon><username>anonymous</username><pt><x>618</x><y>447</y><time>11-01-22 20:31:51:584</time></pt><pt><x>625</x><y>401</y><time>11-01-22 20:31:52:426</time></pt><pt><x>651</x><y>375</y><time>11-01-22 20:31:53:039</time></pt><pt><x>688</x><y>375</y><time>11-01-22 20:31:53:702</time></pt><pt><x>712</x><y>388</y><time>11-01-22 20:31:54:233</time></pt><pt><x>725</x><y>401</y><time>11-01-22 20:31:54:685</time></pt><pt><x>730</x><y>434</y><time>11-01-22 20:31:55:191</time></pt><pt><x>695</x><y>460</y><time>11-01-22 20:31:55:675</time></pt><pt><x>638</x><y>471</y><time>11-01-22 20:31:56:131</time></pt><pt><x>583</x><y>482</y><time>11-01-22 20:31:59:540</time></pt><pt><x>548</x><y>480</y><time>11-01-22 20:32:00:147</time></pt><pt><x>511</x><y>451</y><time>11-01-22 20:32:00:788</time></pt><pt><x>548</x><y>447</y><time>11-01-22 20:32:01:267</time></pt><closed_date>11-01-22 20:32:02:313</closed_date></polygon></object><object><name>root canal treatment</name><deleted>0</deleted><verified>0</verified><occluded>no</occluded><attributes /><parts><hasparts /><ispartof>2</ispartof></parts><date>11-01-22 20:32:55:890</date><id>12</id><polygon><username>anonymous</username><pt><x>883</x><y>145</y><time>11-01-22 20:32:47:315</time></pt><pt><x>892</x><y>88</y><time>11-01-22 20:32:47:769</time></pt><pt><x>907</x><y>55</y><time>11-01-22 20:32:48:240</time></pt><pt><x>929</x><y>55</y><time>11-01-22 20:32:48:707</time></pt><pt><x>923</x><y>88</y><time>11-01-22 20:32:49:194</time></pt><pt><x>918</x><y>125</y><time>11-01-22 20:32:49:641</time></pt><pt><x>912</x><y>164</y><time>11-01-22 20:32:50:024</time></pt><pt><x>899</x><y>178</y><time>11-01-22 20:32:50:488</time></pt><closed_date>11-01-22 20:32:50:887</closed_date></polygon></object><object><name>crown</name><deleted>0</deleted><verified>0</verified><occluded>no</occluded><attributes /><parts><hasparts /><ispartof>2</ispartof></parts><date>11-01-22 20:33:17:471</date><id>13</id><polygon><username>anonymous</username><pt><x>767</x><y>346</y><time>11-01-22 20:32:56:977</time></pt><pt><x>798</x><y>348</y><time>11-01-22 20:32:57:503</time></pt><pt><x>822</x><y>344</y><time>11-01-22 20:32:58:955</time></pt><pt><x>828</x><y>300</y><time>11-01-22 20:32:59:624</time></pt><pt><x>842</x><y>265</y><time>11-01-22 20:33:00:243</time></pt><pt><x>859</x><y>206</y><time>11-01-22 20:33:00:719</time></pt><pt><x>874</x><y>175</y><time>11-01-22 20:33:01:195</time></pt><pt><x>881</x><y>149</y><time>11-01-22 20:33:01:846</time></pt><pt><x>903</x><y>184</y><time>11-01-22 20:33:02:628</time></pt><pt><x>903</x><y>232</y><time>11-01-22 20:33:03:134</time></pt><pt><x>890</x><y>276</y><time>11-01-22 20:33:03:527</time></pt><pt><x>888</x><y>318</y><time>11-01-22 20:33:03:888</time></pt><pt><x>888</x><y>348</y><time>11-01-22 20:33:04:287</time></pt><pt><x>892</x><y>370</y><time>11-01-22 20:33:04:615</time></pt><pt><x>903</x><y>392</y><time>11-01-22 20:33:06:323</time></pt><pt><x>888</x><y>412</y><time>11-01-22 20:33:08:852</time></pt><pt><x>883</x><y>460</y><time>11-01-22 20:33:09:346</time></pt><pt><x>859</x><y>495</y><time>11-01-22 20:33:09:890</time></pt><pt><x>831</x><y>495</y><time>11-01-22 20:33:10:432</time></pt><pt><x>815</x><y>469</y><time>11-01-22 20:33:10:867</time></pt><pt><x>811</x><y>443</y><time>11-01-22 20:33:11:179</time></pt><pt><x>806</x><y>412</y><time>11-01-22 20:33:11:499</time></pt><pt><x>804</x><y>377</y><time>11-01-22 20:33:11:815</time></pt><pt><x>802</x><y>355</y><time>11-01-22 20:33:12:128</time></pt><pt><x>787</x><y>346</y><time>11-01-22 20:33:12:418</time></pt><closed_date>11-01-22 20:33:12:803</closed_date></polygon></object><object><name>restoration</name><deleted>0</deleted><verified>0</verified><occluded>no</occluded><attributes /><parts><hasparts /><ispartof>1</ispartof></parts><date>11-01-22 20:33:42:422</date><id>14</id><polygon><username>anonymous</username><pt><x>1039</x><y>302</y><time>11-01-22 20:33:19:278</time></pt><pt><x>1067</x><y>318</y><time>11-01-22 20:33:19:827</time></pt><pt><x>1089</x><y>340</y><time>11-01-22 20:33:20:268</time></pt><pt><x>1091</x><y>375</y><time>11-01-22 20:33:20:649</time></pt><pt><x>1120</x><y>399</y><time>11-01-22 20:33:21:437</time></pt><pt><x>1126</x><y>443</y><time>11-01-22 20:33:22:143</time></pt><pt><x>1126</x><y>465</y><time>11-01-22 20:33:22:560</time></pt><pt><x>1140</x><y>489</y><time>11-01-22 20:33:22:967</time></pt><pt><x>1172</x><y>489</y><time>11-01-22 20:33:23:444</time></pt><pt><x>1212</x><y>506</y><time>11-01-22 20:33:24:009</time></pt><pt><x>1225</x><y>504</y><time>11-01-22 20:33:24:450</time></pt><pt><x>1271</x><y>502</y><time>11-01-22 20:33:25:056</time></pt><pt><x>1286</x><y>515</y><time>11-01-22 20:33:25:564</time></pt><pt><x>1315</x><y>541</y><time>11-01-22 20:33:32:383</time></pt><pt><x>1302</x><y>574</y><time>11-01-22 20:33:32:981</time></pt><pt><x>1275</x><y>557</y><time>11-01-22 20:33:33:476</time></pt><pt><x>1219</x><y>563</y><time>11-01-22 20:33:33:909</time></pt><pt><x>1186</x><y>581</y><time>11-01-22 20:33:34:209</time></pt><pt><x>1162</x><y>587</y><time>11-01-22 20:33:34:543</time></pt><pt><x>1111</x><y>572</y><time>11-01-22 20:33:34:956</time></pt><pt><x>1065</x><y>570</y><time>11-01-22 20:33:35:304</time></pt><pt><x>1037</x><y>550</y><time>11-01-22 20:33:35:605</time></pt><pt><x>1013</x><y>526</y><time>11-01-22 20:33:35:880</time></pt><pt><x>997</x><y>495</y><time>11-01-22 20:33:36:274</time></pt><pt><x>986</x><y>473</y><time>11-01-22 20:33:36:600</time></pt><pt><x>971</x><y>454</y><time>11-01-22 20:33:37:051</time></pt><pt><x>971</x><y>419</y><time>11-01-22 20:33:37:372</time></pt><pt><x>993</x><y>390</y><time>11-01-22 20:33:37:699</time></pt><pt><x>999</x><y>359</y><time>11-01-22 20:33:38:001</time></pt><pt><x>1008</x><y>327</y><time>11-01-22 20:33:38:425</time></pt><closed_date>11-01-22 20:33:38:767</closed_date></polygon></object><object><name>restoration</name><deleted>0</deleted><verified>0</verified><occluded>no</occluded><attributes /><parts><hasparts /><ispartof>0</ispartof></parts><date>11-01-22 20:33:58:915</date><id>15</id><polygon><username>anonymous</username><pt><x>1357</x><y>338</y><time>11-01-22 20:33:46:304</time></pt><pt><x>1368</x><y>313</y><time>11-01-22 20:33:46:765</time></pt><pt><x>1389</x><y>309</y><time>11-01-22 20:33:47:091</time></pt><pt><x>1429</x><y>324</y><time>11-01-22 20:33:47:433</time></pt><pt><x>1438</x><y>344</y><time>11-01-22 20:33:47:780</time></pt><pt><x>1438</x><y>377</y><time>11-01-22 20:33:48:112</time></pt><pt><x>1442</x><y>412</y><time>11-01-22 20:33:48:400</time></pt><pt><x>1460</x><y>447</y><time>11-01-22 20:33:48:723</time></pt><pt><x>1477</x><y>467</y><time>11-01-22 20:33:49:023</time></pt><pt><x>1484</x><y>471</y><time>11-01-22 20:33:49:300</time></pt><pt><x>1499</x><y>454</y><time>11-01-22 20:33:49:608</time></pt><pt><x>1534</x><y>447</y><time>11-01-22 20:33:49:950</time></pt><pt><x>1580</x><y>473</y><time>11-01-22 20:33:50:389</time></pt><pt><x>1587</x><y>480</y><time>11-01-22 20:33:50:716</time></pt><pt><x>1600</x><y>502</y><time>11-01-22 20:33:51:049</time></pt><pt><x>1598</x><y>539</y><time>11-01-22 20:33:51:418</time></pt><pt><x>1563</x><y>548</y><time>11-01-22 20:33:51:783</time></pt><pt><x>1538</x><y>572</y><time>11-01-22 20:33:52:119</time></pt><pt><x>1508</x><y>581</y><time>11-01-22 20:33:52:478</time></pt><pt><x>1468</x><y>574</y><time>11-01-22 20:33:52:841</time></pt><pt><x>1438</x><y>552</y><time>11-01-22 20:33:53:175</time></pt><pt><x>1418</x><y>550</y><time>11-01-22 20:33:53:436</time></pt><pt><x>1392</x><y>554</y><time>11-01-22 20:33:53:709</time></pt><pt><x>1359</x><y>544</y><time>11-01-22 20:33:54:008</time></pt><pt><x>1348</x><y>522</y><time>11-01-22 20:33:54:285</time></pt><pt><x>1335</x><y>482</y><time>11-01-22 20:33:54:585</time></pt><pt><x>1332</x><y>434</y><time>11-01-22 20:33:54:932</time></pt><pt><x>1332</x><y>394</y><time>11-01-22 20:33:55:212</time></pt><pt><x>1335</x><y>346</y><time>11-01-22 20:33:55:497</time></pt><closed_date>11-01-22 20:33:55:818</closed_date></polygon></object><object><name>restoration</name><deleted>0</deleted><verified>0</verified><occluded>no</occluded><attributes /><parts><hasparts /><ispartof>6</ispartof></parts><date>11-01-22 20:34:08:728</date><id>16</id><polygon><username>anonymous</username><pt><x>1214</x><y>951</y><time>11-01-22 20:34:00:381</time></pt><pt><x>1243</x><y>958</y><time>11-01-22 20:34:00:843</time></pt><pt><x>1262</x><y>938</y><time>11-01-22 20:34:01:333</time></pt><pt><x>1278</x><y>901</y><time>11-01-22 20:34:02:008</time></pt><pt><x>1273</x><y>870</y><time>11-01-22 20:34:02:442</time></pt><pt><x>1260</x><y>835</y><time>11-01-22 20:34:02:790</time></pt><pt><x>1247</x><y>798</y><time>11-01-22 20:34:03:141</time></pt><pt><x>1236</x><y>771</y><time>11-01-22 20:34:03:620</time></pt><pt><x>1212</x><y>771</y><time>11-01-22 20:34:04:297</time></pt><pt><x>1179</x><y>800</y><time>11-01-22 20:34:04:688</time></pt><pt><x>1166</x><y>855</y><time>11-01-22 20:34:05:175</time></pt><pt><x>1192</x><y>916</y><time>11-01-22 20:34:05:601</time></pt><closed_date>11-01-22 20:34:05:975</closed_date></polygon></object><object><name>restoration</name><deleted>0</deleted><verified>0</verified><occluded>no</occluded><attributes /><parts><hasparts /><ispartof>7</ispartof></parts><date>11-01-22 20:34:28:839</date><id>17</id><polygon><username>anonymous</username><pt><x>1094</x><y>1030</y><time>11-01-22 20:34:10:503</time></pt><pt><x>1142</x><y>1030</y><time>11-01-22 20:34:11:066</time></pt><pt><x>1153</x><y>999</y><time>11-01-22 20:34:11:691</time></pt><pt><x>1155</x><y>971</y><time>11-01-22 20:34:12:095</time></pt><pt><x>1157</x><y>923</y><time>11-01-22 20:34:12:458</time></pt><pt><x>1166</x><y>885</y><time>11-01-22 20:34:12:826</time></pt><pt><x>1170</x><y>826</y><time>11-01-22 20:34:13:321</time></pt><pt><x>1172</x><y>798</y><time>11-01-22 20:34:13:650</time></pt><pt><x>1155</x><y>785</y><time>11-01-22 20:34:14:034</time></pt><pt><x>1126</x><y>771</y><time>11-01-22 20:34:14:285</time></pt><pt><x>1087</x><y>745</y><time>11-01-22 20:34:14:611</time></pt><pt><x>1052</x><y>752</y><time>11-01-22 20:34:15:092</time></pt><pt><x>995</x><y>774</y><time>11-01-22 20:34:15:625</time></pt><pt><x>971</x><y>767</y><time>11-01-22 20:34:15:908</time></pt><pt><x>940</x><y>750</y><time>11-01-22 20:34:16:170</time></pt><pt><x>901</x><y>730</y><time>11-01-22 20:34:16:465</time></pt><pt><x>853</x><y>741</y><time>11-01-22 20:34:16:942</time></pt><pt><x>835</x><y>776</y><time>11-01-22 20:34:17:281</time></pt><pt><x>806</x><y>782</y><time>11-01-22 20:34:17:582</time></pt><pt><x>780</x><y>789</y><time>11-01-22 20:34:17:893</time></pt><pt><x>778</x><y>837</y><time>11-01-22 20:34:18:353</time></pt><pt><x>780</x><y>899</y><time>11-01-22 20:34:18:750</time></pt><pt><x>793</x><y>936</y><time>11-01-22 20:34:19:175</time></pt><pt><x>833</x><y>918</y><time>11-01-22 20:34:20:688</time></pt><pt><x>874</x><y>892</y><time>11-01-22 20:34:21:169</time></pt><pt><x>896</x><y>863</y><time>11-01-22 20:34:21:475</time></pt><pt><x>916</x><y>844</y><time>11-01-22 20:34:21:811</time></pt><pt><x>947</x><y>831</y><time>11-01-22 20:34:22:138</time></pt><pt><x>982</x><y>839</y><time>11-01-22 20:34:22:473</time></pt><pt><x>1026</x><y>848</y><time>11-01-22 20:34:22:807</time></pt><pt><x>1072</x><y>877</y><time>11-01-22 20:34:23:351</time></pt><pt><x>1069</x><y>903</y><time>11-01-22 20:34:23:734</time></pt><pt><x>1069</x><y>949</y><time>11-01-22 20:34:24:146</time></pt><pt><x>1083</x><y>995</y><time>11-01-22 20:34:24:556</time></pt><closed_date>11-01-22 20:34:24:967</closed_date></polygon></object><object><name>restoration</name><deleted>0</deleted><verified>0</verified><occluded>no</occluded><attributes /><parts><hasparts /><ispartof>8</ispartof></parts><date>11-01-22 20:34:42:321</date><id>18</id><polygon><username>anonymous</username><pt><x>550</x><y>863</y><time>11-01-22 20:34:30:046</time></pt><pt><x>579</x><y>870</y><time>11-01-22 20:34:30:518</time></pt><pt><x>583</x><y>831</y><time>11-01-22 20:34:31:124</time></pt><pt><x>596</x><y>809</y><time>11-01-22 20:34:31:462</time></pt><pt><x>620</x><y>802</y><time>11-01-22 20:34:31:823</time></pt><pt><x>673</x><y>809</y><time>11-01-22 20:34:32:421</time></pt><pt><x>697</x><y>828</y><time>11-01-22 20:34:32:807</time></pt><pt><x>710</x><y>853</y><time>11-01-22 20:34:33:170</time></pt><pt><x>723</x><y>879</y><time>11-01-22 20:34:33:504</time></pt><pt><x>739</x><y>896</y><time>11-01-22 20:34:33:906</time></pt><pt><x>758</x><y>903</y><time>11-01-22 20:34:34:340</time></pt><pt><x>780</x><y>890</y><time>11-01-22 20:34:34:838</time></pt><pt><x>782</x><y>846</y><time>11-01-22 20:34:35:300</time></pt><pt><x>774</x><y>774</y><time>11-01-22 20:34:35:857</time></pt><pt><x>763</x><y>758</y><time>11-01-22 20:34:36:346</time></pt><pt><x>734</x><y>758</y><time>11-01-22 20:34:36:624</time></pt><pt><x>699</x><y>741</y><time>11-01-22 20:34:36:930</time></pt><pt><x>660</x><y>725</y><time>11-01-22 20:34:37:290</time></pt><pt><x>620</x><y>723</y><time>11-01-22 20:34:37:790</time></pt><pt><x>592</x><y>747</y><time>11-01-22 20:34:38:145</time></pt><pt><x>565</x><y>760</y><time>11-01-22 20:34:38:529</time></pt><pt><x>530</x><y>785</y><time>11-01-22 20:34:38:858</time></pt><pt><x>519</x><y>826</y><time>11-01-22 20:34:39:336</time></pt><closed_date>11-01-22 20:34:39:682</closed_date></polygon></object><imagesize><nrows /><ncols /></imagesize></annotation>