<?xml version='1.0' encoding='UTF-8'?>
<annotation><filename>56.jpg</filename><folder>segmentation_xray</folder><source><sourceImage>The MIT-CSAIL database of objects and scenes</sourceImage><sourceAnnotation>LabelMe Webtool</sourceAnnotation></source><object><name>tooth</name><deleted>0</deleted><verified>0</verified><occluded>no</occluded><attributes>13</attributes><parts><hasparts /><ispartof /></parts><date>13-01-22 09:54:45:152</date><id>0</id><type>bounding_box</type><polygon><username>anonymous</username><pt><x>1287</x><y>11</y><time>13-01-22 09:54:36:688</time></pt><pt><x>1607</x><y>11</y><time>13-01-22 09:54:40:508</time></pt><pt><x>1607</x><y>632</y><time>undefined</time></pt><pt><x>1287</x><y>632</y><time>undefined</time></pt><closed_date>13-01-22 09:54:40:509</closed_date></polygon></object><object><name>tooth</name><deleted>0</deleted><verified>0</verified><occluded>no</occluded><attributes>14</attributes><parts><hasparts /><ispartof /></parts><date>13-01-22 09:55:04:183</date><id>1</id><type>bounding_box</type><polygon><username>anonymous</username><pt><x>1053</x><y>598</y><time>13-01-22 09:54:53:757</time></pt><pt><x>1348</x><y>598</y><time>13-01-22 09:54:58:850</time></pt><pt><x>1348</x><y>2</y><time>undefined</time></pt><pt><x>1053</x><y>2</y><time>undefined</time></pt><closed_date>13-01-22 09:54:58:851</closed_date></polygon></object><object><name>tooth</name><deleted>0</deleted><verified>0</verified><occluded>no</occluded><attributes>15</attributes><parts><hasparts /><ispartof /></parts><date>13-01-22 09:55:18:225</date><id>2</id><type>bounding_box</type><polygon><username>anonymous</username><pt><x>737</x><y>13</y><time>13-01-22 09:55:10:760</time></pt><pt><x>1038</x><y>13</y><time>13-01-22 09:55:14:192</time></pt><pt><x>1038</x><y>609</y><time>undefined</time></pt><pt><x>737</x><y>609</y><time>undefined</time></pt><closed_date>13-01-22 09:55:14:192</closed_date></polygon></object><object><name>tooth</name><deleted>0</deleted><verified>0</verified><occluded>no</occluded><attributes>16</attributes><parts><hasparts /><ispartof /></parts><date>13-01-22 09:55:30:806</date><id>3</id><type>bounding_box</type><polygon><username>anonymous</username><pt><x>327</x><y>7</y><time>13-01-22 09:55:24:012</time></pt><pt><x>763</x><y>7</y><time>13-01-22 09:55:27:244</time></pt><pt><x>763</x><y>580</y><time>undefined</time></pt><pt><x>327</x><y>580</y><time>undefined</time></pt><closed_date>13-01-22 09:55:27:244</closed_date></polygon></object><object><name>tooth</name><deleted>0</deleted><verified>0</verified><occluded>no</occluded><attributes>17</attributes><parts><hasparts /><ispartof /></parts><date>13-01-22 09:55:43:463</date><id>4</id><type>bounding_box</type><polygon><username>anonymous</username><pt><x>0</x><y>567</y><time>13-01-22 09:55:35:011</time></pt><pt><x>327</x><y>567</y><time>13-01-22 09:55:38:692</time></pt><pt><x>327</x><y>7</y><time>undefined</time></pt><pt><x>0</x><y>7</y><time>undefined</time></pt><closed_date>13-01-22 09:55:38:692</closed_date></polygon></object><object><name>tooth</name><deleted>0</deleted><verified>0</verified><occluded>no</occluded><attributes>47</attributes><parts><hasparts /><ispartof /></parts><date>13-01-22 09:56:02:605</date><id>5</id><type>bounding_box</type><polygon><username>anonymous</username><pt><x>9</x><y>582</y><time>13-01-22 09:55:46:545</time></pt><pt><x>371</x><y>582</y><time>13-01-22 09:55:53:506</time></pt><pt><x>371</x><y>1221</y><time>undefined</time></pt><pt><x>9</x><y>1221</y><time>undefined</time></pt><closed_date>13-01-22 09:55:53:506</closed_date></polygon></object><object><name>tooth</name><deleted>0</deleted><verified>0</verified><occluded>no</occluded><attributes>46</attributes><parts><hasparts /><ispartof /></parts><date>13-01-22 09:56:14:446</date><id>6</id><type>bounding_box</type><polygon><username>anonymous</username><pt><x>816</x><y>663</y><time>13-01-22 09:56:06:426</time></pt><pt><x>286</x><y>663</y><time>13-01-22 09:56:08:696</time></pt><pt><x>286</x><y>1237</y><time>undefined</time></pt><pt><x>816</x><y>1237</y><time>undefined</time></pt><closed_date>13-01-22 09:56:08:696</closed_date></polygon></object><object><name>tooth</name><deleted>0</deleted><verified>0</verified><occluded>no</occluded><attributes>45</attributes><parts><hasparts /><ispartof /></parts><date>13-01-22 09:56:24:404</date><id>7</id><type>bounding_box</type><polygon><username>anonymous</username><pt><x>824</x><y>685</y><time>13-01-22 09:56:15:708</time></pt><pt><x>1128</x><y>685</y><time>13-01-22 09:56:19:771</time></pt><pt><x>1128</x><y>1228</y><time>undefined</time></pt><pt><x>824</x><y>1228</y><time>undefined</time></pt><closed_date>13-01-22 09:56:19:771</closed_date></polygon></object><object><name>tooth</name><deleted>0</deleted><verified>0</verified><occluded>no</occluded><attributes>44</attributes><parts><hasparts /><ispartof /></parts><date>13-01-22 09:56:41:480</date><id>8</id><type>bounding_box</type><polygon><username>anonymous</username><pt><x>1448</x><y>702</y><time>13-01-22 09:56:32:306</time></pt><pt><x>1130</x><y>702</y><time>13-01-22 09:56:36:766</time></pt><pt><x>1130</x><y>1239</y><time>undefined</time></pt><pt><x>1448</x><y>1239</y><time>undefined</time></pt><closed_date>13-01-22 09:56:36:767</closed_date></polygon></object><object><name>tooth</name><deleted>0</deleted><verified>0</verified><occluded>no</occluded><attributes>43</attributes><parts><hasparts /><ispartof /></parts><date>13-01-22 09:56:51:389</date><id>9</id><type>bounding_box</type><polygon><username>anonymous</username><pt><x>1610</x><y>722</y><time>13-01-22 09:56:42:509</time></pt><pt><x>1215</x><y>722</y><time>13-01-22 09:56:45:331</time></pt><pt><x>1215</x><y>1226</y><time>undefined</time></pt><pt><x>1610</x><y>1226</y><time>undefined</time></pt><closed_date>13-01-22 09:56:45:331</closed_date></polygon></object><imagesize><nrows /><ncols /></imagesize></annotation>