<?xml version='1.0' encoding='UTF-8'?>
<annotation><filename>57.jpg</filename><folder>segmentation_xray</folder><source><sourceImage>The MIT-CSAIL database of objects and scenes</sourceImage><sourceAnnotation>LabelMe Webtool</sourceAnnotation></source><object><name>tooth 23</name><deleted>0</deleted><verified>0</verified><occluded>no</occluded><attributes /><parts><hasparts /><ispartof /></parts><date>21-01-22 15:07:15:104</date><id>0</id><type>bounding_box</type><polygon><username>anonymous</username><pt><x>2</x><y>331</y><time>21-01-22 15:07:08:754</time></pt><pt><x>216</x><y>331</y><time>21-01-22 15:07:10:931</time></pt><pt><x>216</x><y>0</y><time>undefined</time></pt><pt><x>2</x><y>0</y><time>undefined</time></pt><closed_date>21-01-22 15:07:10:932</closed_date></polygon></object><object><name>tooth 24</name><deleted>0</deleted><verified>0</verified><occluded>no</occluded><attributes /><parts><hasparts /><ispartof /></parts><date>21-01-22 15:07:23:767</date><id>1</id><type>bounding_box</type><polygon><username>anonymous</username><pt><x>115</x><y>345</y><time>21-01-22 15:07:17:422</time></pt><pt><x>446</x><y>345</y><time>21-01-22 15:07:20:724</time></pt><pt><x>446</x><y>0</y><time>undefined</time></pt><pt><x>115</x><y>0</y><time>undefined</time></pt><closed_date>21-01-22 15:07:20:724</closed_date></polygon></object><object><name>tooth 32</name><deleted>0</deleted><verified>0</verified><occluded>no</occluded><attributes /><parts><hasparts /><ispartof /></parts><date>21-01-22 15:07:31:029</date><id>2</id><type>bounding_box</type><polygon><username>anonymous</username><pt><x>2</x><y>386</y><time>21-01-22 15:07:26:013</time></pt><pt><x>154</x><y>386</y><time>21-01-22 15:07:27:571</time></pt><pt><x>154</x><y>936</y><time>undefined</time></pt><pt><x>2</x><y>936</y><time>undefined</time></pt><closed_date>21-01-22 15:07:27:571</closed_date></polygon></object><object><name>tooth 33</name><deleted>0</deleted><verified>0</verified><occluded>no</occluded><attributes /><parts><hasparts>7</hasparts><ispartof /></parts><date>21-01-22 15:07:47:101</date><id>3</id><type>bounding_box</type><polygon><username>anonymous</username><pt><x>119</x><y>402</y><time>21-01-22 15:07:37:734</time></pt><pt><x>357</x><y>402</y><time>21-01-22 15:07:40:879</time></pt><pt><x>357</x><y>943</y><time>undefined</time></pt><pt><x>119</x><y>943</y><time>undefined</time></pt><closed_date>21-01-22 15:07:40:879</closed_date></polygon></object><object><name>tooth 34</name><deleted>0</deleted><verified>0</verified><occluded>no</occluded><attributes /><parts><hasparts /><ispartof /></parts><date>21-01-22 15:08:02:351</date><id>4</id><type>bounding_box</type><polygon><username>anonymous</username><pt><x>430</x><y>439</y><time>21-01-22 15:07:48:875</time></pt><pt><x>704</x><y>439</y><time>21-01-22 15:07:57:886</time></pt><pt><x>704</x><y>941</y><time>undefined</time></pt><pt><x>430</x><y>941</y><time>undefined</time></pt><closed_date>21-01-22 15:07:57:887</closed_date></polygon></object><object><name>tooth 35</name><deleted>0</deleted><verified>0</verified><occluded>no</occluded><attributes /><parts><hasparts /><ispartof /></parts><date>21-01-22 15:08:30:408</date><id>5</id><type>bounding_box</type><polygon><username>anonymous</username><pt><x>688</x><y>455</y><time>21-01-22 15:08:22:920</time></pt><pt><x>968</x><y>455</y><time>21-01-22 15:08:25:893</time></pt><pt><x>968</x><y>945</y><time>undefined</time></pt><pt><x>688</x><y>945</y><time>undefined</time></pt><closed_date>21-01-22 15:08:25:893</closed_date></polygon></object><object><name>tooth 37</name><deleted>0</deleted><verified>0</verified><occluded>no</occluded><attributes /><parts><hasparts /><ispartof /></parts><date>21-01-22 15:08:39:625</date><id>6</id><type>bounding_box</type><polygon><username>anonymous</username><pt><x>1097</x><y>442</y><time>21-01-22 15:08:32:359</time></pt><pt><x>1219</x><y>442</y><time>21-01-22 15:08:34:983</time></pt><pt><x>1219</x><y>773</y><time>undefined</time></pt><pt><x>1097</x><y>773</y><time>undefined</time></pt><closed_date>21-01-22 15:08:34:984</closed_date></polygon></object><object><name>crown</name><deleted>0</deleted><verified>0</verified><occluded>no</occluded><attributes /><parts><hasparts /><ispartof>3</ispartof></parts><date>21-01-22 15:16:22:311</date><id>7</id><polygon><username>anonymous</username><pt><x>165</x><y>418</y><time>21-01-22 15:16:07:570</time></pt><pt><x>249</x><y>409</y><time>21-01-22 15:16:08:212</time></pt><pt><x>320</x><y>426</y><time>21-01-22 15:16:08:757</time></pt><pt><x>410</x><y>458</y><time>21-01-22 15:16:09:297</time></pt><pt><x>442</x><y>472</y><time>21-01-22 15:16:11:118</time></pt><pt><x>433</x><y>578</y><time>21-01-22 15:16:11:897</time></pt><pt><x>428</x><y>617</y><time>21-01-22 15:16:12:551</time></pt><pt><x>364</x><y>607</y><time>21-01-22 15:16:13:202</time></pt><pt><x>341</x><y>607</y><time>21-01-22 15:16:13:735</time></pt><pt><x>308</x><y>699</y><time>21-01-22 15:16:15:226</time></pt><pt><x>212</x><y>706</y><time>21-01-22 15:16:15:767</time></pt><pt><x>150</x><y>679</y><time>21-01-22 15:16:16:345</time></pt><pt><x>142</x><y>623</y><time>21-01-22 15:16:16:899</time></pt><pt><x>138</x><y>490</y><time>21-01-22 15:16:17:450</time></pt><pt><x>119</x><y>458</y><time>21-01-22 15:16:17:998</time></pt><closed_date>21-01-22 15:16:18:557</closed_date></polygon></object><object><name>crown</name><deleted>0</deleted><verified>0</verified><occluded>no</occluded><attributes /><parts><hasparts /><ispartof /></parts><date>21-01-22 15:16:40:163</date><id>8</id><polygon><username>anonymous</username><pt><x>441</x><y>617</y><time>21-01-22 15:16:27:816</time></pt><pt><x>494</x><y>711</y><time>21-01-22 15:16:28:630</time></pt><pt><x>561</x><y>731</y><time>21-01-22 15:16:29:187</time></pt><pt><x>672</x><y>708</y><time>21-01-22 15:16:29:795</time></pt><pt><x>697</x><y>658</y><time>21-01-22 15:16:30:397</time></pt><pt><x>805</x><y>752</y><time>21-01-22 15:16:31:588</time></pt><pt><x>867</x><y>665</y><time>21-01-22 15:16:32:217</time></pt><pt><x>946</x><y>594</y><time>21-01-22 15:16:32:760</time></pt><pt><x>991</x><y>518</y><time>21-01-22 15:16:33:398</time></pt><pt><x>883</x><y>472</y><time>21-01-22 15:16:33:955</time></pt><pt><x>748</x><y>446</y><time>21-01-22 15:16:34:407</time></pt><pt><x>598</x><y>446</y><time>21-01-22 15:16:35:010</time></pt><pt><x>471</x><y>437</y><time>21-01-22 15:16:36:054</time></pt><pt><x>437</x><y>504</y><time>21-01-22 15:16:36:668</time></pt><closed_date>21-01-22 15:16:37:545</closed_date></polygon></object><imagesize><nrows /><ncols /></imagesize><object><name>crown</name><deleted>0</deleted><verified>0</verified><occluded>no</occluded><attributes /><parts><hasparts /><ispartof /></parts><date>21-01-22 19:38:00:178</date><id>9</id><polygon><username>anonymous</username><pt><x>452</x><y>326</y><time>21-01-22 19:36:59:718</time></pt><pt><x>488</x><y>331</y><time>21-01-22 19:37:00:792</time></pt><pt><x>540</x><y>331</y><time>21-01-22 19:37:01:345</time></pt><pt><x>575</x><y>318</y><time>21-01-22 19:37:02:016</time></pt><pt><x>609</x><y>303</y><time>21-01-22 19:37:02:648</time></pt><pt><x>624</x><y>307</y><time>21-01-22 19:37:03:094</time></pt><pt><x>641</x><y>320</y><time>21-01-22 19:37:03:550</time></pt><pt><x>689</x><y>331</y><time>21-01-22 19:37:03:997</time></pt><pt><x>750</x><y>347</y><time>21-01-22 19:37:04:669</time></pt><pt><x>795</x><y>353</y><time>21-01-22 19:37:05:172</time></pt><pt><x>832</x><y>356</y><time>21-01-22 19:37:05:707</time></pt><pt><x>867</x><y>368</y><time>21-01-22 19:37:06:155</time></pt><pt><x>904</x><y>384</y><time>21-01-22 19:37:06:786</time></pt><pt><x>983</x><y>386</y><time>21-01-22 19:37:07:203</time></pt><pt><x>1006</x><y>402</y><time>21-01-22 19:37:07:874</time></pt><pt><x>1050</x><y>406</y><time>21-01-22 19:37:08:321</time></pt><pt><x>1103</x><y>413</y><time>21-01-22 19:37:09:000</time></pt><pt><x>1112</x><y>374</y><time>21-01-22 19:37:13:786</time></pt><pt><x>1112</x><y>349</y><time>21-01-22 19:37:14:307</time></pt><pt><x>1134</x><y>282</y><time>21-01-22 19:37:15:073</time></pt><pt><x>1153</x><y>223</y><time>21-01-22 19:37:15:712</time></pt><pt><x>1153</x><y>167</y><time>21-01-22 19:37:16:224</time></pt><pt><x>1149</x><y>122</y><time>21-01-22 19:37:16:854</time></pt><pt><x>1144</x><y>76</y><time>21-01-22 19:37:17:334</time></pt><pt><x>1105</x><y>56</y><time>21-01-22 19:37:17:972</time></pt><pt><x>1064</x><y>62</y><time>21-01-22 19:37:18:532</time></pt><pt><x>1033</x><y>76</y><time>21-01-22 19:37:19:140</time></pt><pt><x>990</x><y>65</y><time>21-01-22 19:37:19:595</time></pt><pt><x>956</x><y>33</y><time>21-01-22 19:37:20:393</time></pt><pt><x>894</x><y>6</y><time>21-01-22 19:37:21:033</time></pt><pt><x>845</x><y>9</y><time>21-01-22 19:37:21:575</time></pt><pt><x>815</x><y>31</y><time>21-01-22 19:37:22:175</time></pt><pt><x>783</x><y>37</y><time>21-01-22 19:37:22:846</time></pt><pt><x>754</x><y>37</y><time>21-01-22 19:37:23:334</time></pt><pt><x>709</x><y>19</y><time>21-01-22 19:37:24:076</time></pt><pt><x>677</x><y>8</y><time>21-01-22 19:37:24:723</time></pt><pt><x>651</x><y>8</y><time>21-01-22 19:37:25:251</time></pt><pt><x>632</x><y>32</y><time>21-01-22 19:37:25:706</time></pt><pt><x>615</x><y>28</y><time>21-01-22 19:37:26:505</time></pt><pt><x>587</x><y>5</y><time>21-01-22 19:37:27:167</time></pt><pt><x>514</x><y>5</y><time>21-01-22 19:37:28:629</time></pt><pt><x>467</x><y>8</y><time>21-01-22 19:37:29:172</time></pt><pt><x>421</x><y>41</y><time>21-01-22 19:37:29:885</time></pt><pt><x>417</x><y>60</y><time>21-01-22 19:37:31:106</time></pt><pt><x>388</x><y>36</y><time>21-01-22 19:37:32:129</time></pt><pt><x>341</x><y>26</y><time>21-01-22 19:37:32:607</time></pt><pt><x>276</x><y>13</y><time>21-01-22 19:37:33:254</time></pt><pt><x>229</x><y>31</y><time>21-01-22 19:37:34:141</time></pt><pt><x>178</x><y>72</y><time>21-01-22 19:37:42:177</time></pt><pt><x>166</x><y>127</y><time>21-01-22 19:37:42:759</time></pt><pt><x>148</x><y>180</y><time>21-01-22 19:37:43:471</time></pt><pt><x>145</x><y>252</y><time>21-01-22 19:37:44:021</time></pt><pt><x>135</x><y>275</y><time>21-01-22 19:37:44:892</time></pt><pt><x>134</x><y>300</y><time>21-01-22 19:37:45:507</time></pt><pt><x>157</x><y>317</y><time>21-01-22 19:37:46:107</time></pt><pt><x>172</x><y>330</y><time>21-01-22 19:37:46:833</time></pt><pt><x>213</x><y>347</y><time>21-01-22 19:37:47:585</time></pt><pt><x>262</x><y>350</y><time>21-01-22 19:37:48:273</time></pt><pt><x>325</x><y>345</y><time>21-01-22 19:37:49:022</time></pt><pt><x>367</x><y>335</y><time>21-01-22 19:37:49:597</time></pt><pt><x>383</x><y>312</y><time>21-01-22 19:37:50:379</time></pt><pt><x>389</x><y>308</y><time>21-01-22 19:37:51:116</time></pt><pt><x>395</x><y>321</y><time>21-01-22 19:37:51:690</time></pt><pt><x>411</x><y>336</y><time>21-01-22 19:37:52:289</time></pt><closed_date>21-01-22 19:37:53:591</closed_date></polygon></object></annotation>