<?xml version='1.0' encoding='UTF-8'?>
<annotation><filename>58.jpg</filename><folder>segmentation_xray</folder><source><sourceImage>The MIT-CSAIL database of objects and scenes</sourceImage><sourceAnnotation>LabelMe Webtool</sourceAnnotation></source><object><name>tooth 27</name><deleted>0</deleted><verified>0</verified><occluded>no</occluded><attributes /><parts><hasparts>10</hasparts><ispartof>10</ispartof></parts><date>11-01-22 16:15:58:183</date><id>0</id><type>bounding_box</type><polygon><username>anonymous</username><pt><x>939</x><y>414</y><time>11-01-22 16:15:49:830</time></pt><pt><x>1220</x><y>414</y><time>11-01-22 16:15:53:354</time></pt><pt><x>1220</x><y>2</y><time>undefined</time></pt><pt><x>939</x><y>2</y><time>undefined</time></pt><closed_date>11-01-22 16:15:53:354</closed_date></polygon></object><object><name>tooth 26</name><deleted>0</deleted><verified>0</verified><occluded>no</occluded><attributes /><parts><hasparts>11,12,13,14</hasparts><ispartof>10</ispartof></parts><date>11-01-22 16:16:06:196</date><id>1</id><type>bounding_box</type><polygon><username>anonymous</username><pt><x>626</x><y>391</y><time>11-01-22 16:15:59:702</time></pt><pt><x>955</x><y>391</y><time>11-01-22 16:16:02:811</time></pt><pt><x>955</x><y>2</y><time>undefined</time></pt><pt><x>626</x><y>2</y><time>undefined</time></pt><closed_date>11-01-22 16:16:02:812</closed_date></polygon></object><object><name>tooth 25</name><deleted>0</deleted><verified>0</verified><occluded>no</occluded><attributes /><parts><hasparts>15</hasparts><ispartof>10</ispartof></parts><date>11-01-22 16:16:14:786</date><id>2</id><type>bounding_box</type><polygon><username>anonymous</username><pt><x>439</x><y>373</y><time>11-01-22 16:16:07:813</time></pt><pt><x>656</x><y>373</y><time>11-01-22 16:16:10:705</time></pt><pt><x>656</x><y>4</y><time>undefined</time></pt><pt><x>439</x><y>4</y><time>undefined</time></pt><closed_date>11-01-22 16:16:10:706</closed_date></polygon></object><object><name>tooth 24</name><deleted>0</deleted><verified>0</verified><occluded>no</occluded><attributes /><parts><hasparts>16</hasparts><ispartof>10</ispartof></parts><date>11-01-22 16:16:21:035</date><id>3</id><type>bounding_box</type><polygon><username>anonymous</username><pt><x>203</x><y>345</y><time>11-01-22 16:16:16:012</time></pt><pt><x>446</x><y>345</y><time>11-01-22 16:16:18:122</time></pt><pt><x>446</x><y>1</y><time>undefined</time></pt><pt><x>203</x><y>1</y><time>undefined</time></pt><closed_date>11-01-22 16:16:18:123</closed_date></polygon></object><object><name>tooth 23</name><deleted>0</deleted><verified>0</verified><occluded>no</occluded><attributes /><parts><hasparts /><ispartof>10</ispartof></parts><date>11-01-22 16:16:28:778</date><id>4</id><type>bounding_box</type><polygon><username>anonymous</username><pt><x>2</x><y>317</y><time>11-01-22 16:16:23:755</time></pt><pt><x>262</x><y>317</y><time>11-01-22 16:16:25:342</time></pt><pt><x>262</x><y>0</y><time>undefined</time></pt><pt><x>2</x><y>0</y><time>undefined</time></pt><closed_date>11-01-22 16:16:25:342</closed_date></polygon></object><object><name>tooth 37</name><deleted>0</deleted><verified>0</verified><occluded>no</occluded><attributes /><parts><hasparts>17</hasparts><ispartof>10</ispartof></parts><date>11-01-22 16:16:37:832</date><id>5</id><type>bounding_box</type><polygon><username>anonymous</username><pt><x>950</x><y>449</y><time>11-01-22 16:16:30:793</time></pt><pt><x>1217</x><y>449</y><time>11-01-22 16:16:33:341</time></pt><pt><x>1217</x><y>936</y><time>undefined</time></pt><pt><x>950</x><y>936</y><time>undefined</time></pt><closed_date>11-01-22 16:16:33:341</closed_date></polygon></object><object><name>tooth 36</name><deleted>0</deleted><verified>0</verified><occluded>no</occluded><attributes /><parts><hasparts>18</hasparts><ispartof>10</ispartof></parts><date>11-01-22 16:16:47:593</date><id>6</id><type>bounding_box</type><polygon><username>anonymous</username><pt><x>603</x><y>432</y><time>11-01-22 16:16:39:544</time></pt><pt><x>1000</x><y>432</y><time>11-01-22 16:16:42:938</time></pt><pt><x>1000</x><y>946</y><time>undefined</time></pt><pt><x>603</x><y>946</y><time>undefined</time></pt><closed_date>11-01-22 16:16:42:938</closed_date></polygon></object><object><name>tooth 35</name><deleted>0</deleted><verified>0</verified><occluded>no</occluded><attributes /><parts><hasparts /><ispartof>10</ispartof></parts><date>11-01-22 16:16:56:010</date><id>7</id><type>bounding_box</type><polygon><username>anonymous</username><pt><x>377</x><y>430</y><time>11-01-22 16:16:49:379</time></pt><pt><x>623</x><y>430</y><time>11-01-22 16:16:52:344</time></pt><pt><x>623</x><y>945</y><time>undefined</time></pt><pt><x>377</x><y>945</y><time>undefined</time></pt><closed_date>11-01-22 16:16:52:344</closed_date></polygon></object><object><name>tooth 34</name><deleted>1</deleted><verified>0</verified><occluded>no</occluded><attributes /><parts><hasparts /><ispartof>10</ispartof></parts><date>11-01-22 16:17:03:206</date><id>8</id><type>bounding_box</type><polygon><username>anonymous</username><pt><x>113</x><y>414</y><time>11-01-22 16:16:57:923</time></pt><pt><x>407</x><y>414</y><time>11-01-22 16:17:00:340</time></pt><pt><x>407</x><y>948</y><time>undefined</time></pt><pt><x>113</x><y>948</y><time>undefined</time></pt><closed_date>11-01-22 16:17:00:341</closed_date></polygon></object><object><name>tooth 33</name><deleted>0</deleted><verified>0</verified><occluded>no</occluded><attributes /><parts><hasparts /><ispartof>10</ispartof></parts><date>11-01-22 16:17:12:153</date><id>9</id><type>bounding_box</type><polygon><username>anonymous</username><pt><x>2</x><y>387</y><time>11-01-22 16:17:05:120</time></pt><pt><x>216</x><y>387</y><time>11-01-22 16:17:08:684</time></pt><pt><x>216</x><y>945</y><time>undefined</time></pt><pt><x>2</x><y>945</y><time>undefined</time></pt><closed_date>11-01-22 16:17:08:684</closed_date></polygon></object><object><name>restoration</name><deleted>0</deleted><verified>0</verified><occluded>no</occluded><attributes /><parts><hasparts /><ispartof>0</ispartof></parts><date>11-01-22 16:17:35:425</date><id>10</id><polygon><username>anonymous</username><pt><x>1017</x><y>366</y><time>11-01-22 16:17:25:252</time></pt><pt><x>1023</x><y>334</y><time>11-01-22 16:17:25:994</time></pt><pt><x>1035</x><y>315</y><time>11-01-22 16:17:26:579</time></pt><pt><x>1069</x><y>318</y><time>11-01-22 16:17:27:121</time></pt><pt><x>1083</x><y>318</y><time>11-01-22 16:17:27:680</time></pt><pt><x>1093</x><y>299</y><time>11-01-22 16:17:28:271</time></pt><pt><x>1111</x><y>310</y><time>11-01-22 16:17:28:782</time></pt><pt><x>1125</x><y>334</y><time>11-01-22 16:17:29:370</time></pt><pt><x>1150</x><y>377</y><time>11-01-22 16:17:30:041</time></pt><pt><x>1132</x><y>387</y><time>11-01-22 16:17:30:649</time></pt><pt><x>1118</x><y>396</y><time>11-01-22 16:17:31:264</time></pt><closed_date>11-01-22 16:17:32:523</closed_date></polygon></object><object><name>root canal treatment</name><deleted>0</deleted><verified>0</verified><occluded>no</occluded><attributes /><parts><hasparts /><ispartof>1</ispartof></parts><date>11-01-22 16:18:07:289</date><id>11</id><polygon><username>anonymous</username><pt><x>770</x><y>104</y><time>11-01-22 16:17:54:957</time></pt><pt><x>752</x><y>4</y><time>11-01-22 16:17:56:341</time></pt><pt><x>773</x><y>4</y><time>11-01-22 16:17:58:305</time></pt><pt><x>794</x><y>99</y><time>11-01-22 16:17:59:725</time></pt><pt><x>798</x><y>113</y><time>11-01-22 16:18:01:279</time></pt><closed_date>11-01-22 16:18:02:249</closed_date></polygon></object><object><name>root canal treatment</name><deleted>0</deleted><verified>0</verified><occluded>no</occluded><attributes /><parts><hasparts /><ispartof>1</ispartof></parts><date>11-01-22 16:18:22:620</date><id>12</id><polygon><username>anonymous</username><pt><x>870</x><y>111</y><time>11-01-22 16:18:10:954</time></pt><pt><x>909</x><y>51</y><time>11-01-22 16:18:11:968</time></pt><pt><x>932</x><y>19</y><time>11-01-22 16:18:12:584</time></pt><pt><x>946</x><y>5</y><time>11-01-22 16:18:13:594</time></pt><pt><x>964</x><y>9</y><time>11-01-22 16:18:14:276</time></pt><pt><x>879</x><y>133</y><time>11-01-22 16:18:16:502</time></pt><pt><x>870</x><y>145</y><time>11-01-22 16:18:18:377</time></pt><pt><x>865</x><y>134</y><time>11-01-22 16:18:19:013</time></pt><closed_date>11-01-22 16:18:19:565</closed_date></polygon></object><object><name>root canal treatment</name><deleted>0</deleted><verified>0</verified><occluded>no</occluded><attributes /><parts><hasparts /><ispartof>1</ispartof></parts><date>11-01-22 16:18:33:419</date><id>13</id><polygon><username>anonymous</username><pt><x>814</x><y>106</y><time>11-01-22 16:18:24:723</time></pt><pt><x>831</x><y>42</y><time>11-01-22 16:18:25:637</time></pt><pt><x>833</x><y>4</y><time>11-01-22 16:18:26:386</time></pt><pt><x>869</x><y>2</y><time>11-01-22 16:18:27:016</time></pt><pt><x>851</x><y>65</y><time>11-01-22 16:18:28:035</time></pt><pt><x>839</x><y>106</y><time>11-01-22 16:18:29:456</time></pt><closed_date>11-01-22 16:18:30:385</closed_date></polygon></object><object><name>crown</name><deleted>0</deleted><verified>0</verified><occluded>no</occluded><attributes /><parts><hasparts /><ispartof>1</ispartof></parts><date>11-01-22 16:18:57:640</date><id>14</id><polygon><username>anonymous</username><pt><x>770</x><y>108</y><time>11-01-22 16:18:35:246</time></pt><pt><x>708</x><y>138</y><time>11-01-22 16:18:36:324</time></pt><pt><x>670</x><y>179</y><time>11-01-22 16:18:37:077</time></pt><pt><x>653</x><y>218</y><time>11-01-22 16:18:38:238</time></pt><pt><x>642</x><y>287</y><time>11-01-22 16:18:39:410</time></pt><pt><x>637</x><y>333</y><time>11-01-22 16:18:40:231</time></pt><pt><x>674</x><y>347</y><time>11-01-22 16:18:41:044</time></pt><pt><x>750</x><y>373</y><time>11-01-22 16:18:41:897</time></pt><pt><x>807</x><y>373</y><time>11-01-22 16:18:43:562</time></pt><pt><x>830</x><y>359</y><time>11-01-22 16:18:44:282</time></pt><pt><x>849</x><y>391</y><time>11-01-22 16:18:44:925</time></pt><pt><x>904</x><y>398</y><time>11-01-22 16:18:45:550</time></pt><pt><x>941</x><y>384</y><time>11-01-22 16:18:46:109</time></pt><pt><x>959</x><y>264</y><time>11-01-22 16:18:46:865</time></pt><pt><x>943</x><y>193</y><time>11-01-22 16:18:47:931</time></pt><pt><x>913</x><y>157</y><time>11-01-22 16:18:48:680</time></pt><pt><x>876</x><y>136</y><time>11-01-22 16:18:49:476</time></pt><pt><x>863</x><y>108</y><time>11-01-22 16:18:50:743</time></pt><pt><x>853</x><y>87</y><time>11-01-22 16:18:51:460</time></pt><pt><x>833</x><y>87</y><time>11-01-22 16:18:52:040</time></pt><pt><x>819</x><y>113</y><time>11-01-22 16:18:52:611</time></pt><pt><x>807</x><y>117</y><time>11-01-22 16:18:53:163</time></pt><closed_date>11-01-22 16:18:53:786</closed_date></polygon></object><object><name>restoration</name><deleted>0</deleted><verified>0</verified><occluded>no</occluded><attributes /><parts><hasparts /><ispartof>2</ispartof></parts><date>11-01-22 16:19:18:853</date><id>15</id><polygon><username>anonymous</username><pt><x>518</x><y>246</y><time>11-01-22 16:19:06:236</time></pt><pt><x>520</x><y>200</y><time>11-01-22 16:19:06:800</time></pt><pt><x>536</x><y>179</y><time>11-01-22 16:19:07:309</time></pt><pt><x>566</x><y>140</y><time>11-01-22 16:19:07:966</time></pt><pt><x>589</x><y>122</y><time>11-01-22 16:19:08:596</time></pt><pt><x>632</x><y>126</y><time>11-01-22 16:19:09:176</time></pt><pt><x>621</x><y>172</y><time>11-01-22 16:19:09:747</time></pt><pt><x>591</x><y>251</y><time>11-01-22 16:19:10:355</time></pt><pt><x>557</x><y>287</y><time>11-01-22 16:19:10:971</time></pt><pt><x>536</x><y>303</y><time>11-01-22 16:19:11:577</time></pt><pt><x>522</x><y>265</y><time>11-01-22 16:19:12:342</time></pt><closed_date>11-01-22 16:19:13:074</closed_date></polygon></object><object><name>restoration</name><deleted>0</deleted><verified>0</verified><occluded>no</occluded><attributes /><parts><hasparts /><ispartof>3</ispartof></parts><date>11-01-22 16:19:44:827</date><id>16</id><polygon><username>anonymous</username><pt><x>290</x><y>281</y><time>11-01-22 16:19:35:749</time></pt><pt><x>297</x><y>251</y><time>11-01-22 16:19:36:475</time></pt><pt><x>327</x><y>255</y><time>11-01-22 16:19:37:015</time></pt><pt><x>352</x><y>255</y><time>11-01-22 16:19:37:537</time></pt><pt><x>373</x><y>264</y><time>11-01-22 16:19:38:095</time></pt><pt><x>384</x><y>292</y><time>11-01-22 16:19:38:873</time></pt><pt><x>368</x><y>301</y><time>11-01-22 16:19:39:564</time></pt><pt><x>334</x><y>304</y><time>11-01-22 16:19:40:112</time></pt><pt><x>317</x><y>297</y><time>11-01-22 16:19:40:654</time></pt><closed_date>11-01-22 16:19:41:201</closed_date></polygon></object><object><name>restoration</name><deleted>0</deleted><verified>0</verified><occluded>no</occluded><attributes /><parts><hasparts /><ispartof>5</ispartof></parts><date>11-01-22 16:20:06:846</date><id>17</id><polygon><username>anonymous</username><pt><x>1010</x><y>488</y><time>11-01-22 16:19:49:207</time></pt><pt><x>1056</x><y>478</y><time>11-01-22 16:19:49:839</time></pt><pt><x>1107</x><y>472</y><time>11-01-22 16:19:50:681</time></pt><pt><x>1116</x><y>462</y><time>11-01-22 16:19:51:379</time></pt><pt><x>1150</x><y>465</y><time>11-01-22 16:19:51:889</time></pt><pt><x>1161</x><y>465</y><time>11-01-22 16:19:55:085</time></pt><pt><x>1217</x><y>456</y><time>11-01-22 16:19:56:428</time></pt><pt><x>1219</x><y>525</y><time>11-01-22 16:19:57:373</time></pt><pt><x>1184</x><y>520</y><time>11-01-22 16:19:58:059</time></pt><pt><x>1162</x><y>515</y><time>11-01-22 16:19:58:598</time></pt><pt><x>1145</x><y>518</y><time>11-01-22 16:19:59:140</time></pt><pt><x>1138</x><y>536</y><time>11-01-22 16:19:59:875</time></pt><pt><x>1116</x><y>552</y><time>11-01-22 16:20:00:583</time></pt><pt><x>1095</x><y>547</y><time>11-01-22 16:20:01:178</time></pt><pt><x>1086</x><y>543</y><time>11-01-22 16:20:01:714</time></pt><pt><x>1021</x><y>532</y><time>11-01-22 16:20:02:330</time></pt><pt><x>994</x><y>515</y><time>11-01-22 16:20:02:957</time></pt><closed_date>11-01-22 16:20:03:540</closed_date></polygon></object><object><name>restoration</name><deleted>0</deleted><verified>0</verified><occluded>no</occluded><attributes /><parts><hasparts /><ispartof>6</ispartof></parts><date>11-01-22 16:20:32:087</date><id>18</id><polygon><username>anonymous</username><pt><x>662</x><y>472</y><time>11-01-22 16:20:15:704</time></pt><pt><x>662</x><y>495</y><time>11-01-22 16:20:16:389</time></pt><pt><x>686</x><y>497</y><time>11-01-22 16:20:16:899</time></pt><pt><x>709</x><y>497</y><time>11-01-22 16:20:17:444</time></pt><pt><x>762</x><y>501</y><time>11-01-22 16:20:18:039</time></pt><pt><x>796</x><y>520</y><time>11-01-22 16:20:18:560</time></pt><pt><x>844</x><y>501</y><time>11-01-22 16:20:19:891</time></pt><pt><x>892</x><y>504</y><time>11-01-22 16:20:20:584</time></pt><pt><x>892</x><y>504</y><time>11-01-22 16:20:20:724</time></pt><pt><x>915</x><y>485</y><time>11-01-22 16:20:22:011</time></pt><pt><x>886</x><y>471</y><time>11-01-22 16:20:22:564</time></pt><pt><x>860</x><y>471</y><time>11-01-22 16:20:23:075</time></pt><pt><x>798</x><y>472</y><time>11-01-22 16:20:23:710</time></pt><pt><x>775</x><y>446</y><time>11-01-22 16:20:24:480</time></pt><pt><x>752</x><y>451</y><time>11-01-22 16:20:25:068</time></pt><pt><x>729</x><y>446</y><time>11-01-22 16:20:25:628</time></pt><pt><x>739</x><y>458</y><time>11-01-22 16:20:26:762</time></pt><pt><x>716</x><y>469</y><time>11-01-22 16:20:27:433</time></pt><pt><x>697</x><y>469</y><time>11-01-22 16:20:27:914</time></pt><closed_date>11-01-22 16:20:28:446</closed_date></polygon></object><object><name>tooth 34</name><deleted>0</deleted><verified>0</verified><occluded>no</occluded><attributes /><parts><hasparts /><ispartof /></parts><date>11-01-22 16:20:55:821</date><id>19</id><type>bounding_box</type><polygon><username>anonymous</username><pt><x>124</x><y>405</y><time>11-01-22 16:20:48:841</time></pt><pt><x>412</x><y>405</y><time>11-01-22 16:20:51:707</time></pt><pt><x>412</x><y>945</y><time>undefined</time></pt><pt><x>124</x><y>945</y><time>undefined</time></pt><closed_date>11-01-22 16:20:51:708</closed_date></polygon></object><imagesize><nrows /><ncols /></imagesize></annotation>