<?xml version='1.0' encoding='UTF-8'?>
<annotation><filename>6.jpg</filename><folder>segmentation_xray</folder><source><sourceImage>The MIT-CSAIL database of objects and scenes</sourceImage><sourceAnnotation>LabelMe Webtool</sourceAnnotation></source><object><name>tooth</name><deleted>0</deleted><verified>0</verified><occluded>no</occluded><attributes>27</attributes><parts><hasparts>12</hasparts><ispartof /></parts><date>13-01-22 10:08:15:152</date><id>0</id><type>bounding_box</type><polygon><username>anonymous</username><pt><x>905</x><y>7</y><time>13-01-22 10:08:05:156</time></pt><pt><x>1215</x><y>7</y><time>13-01-22 10:08:09:198</time></pt><pt><x>1215</x><y>306</y><time>undefined</time></pt><pt><x>905</x><y>306</y><time>undefined</time></pt><closed_date>13-01-22 10:08:09:198</closed_date></polygon></object><object><name>tooth</name><deleted>0</deleted><verified>0</verified><occluded>no</occluded><attributes>26</attributes><parts><hasparts>13,14</hasparts><ispartof /></parts><date>13-01-22 10:08:22:786</date><id>1</id><type>bounding_box</type><polygon><username>anonymous</username><pt><x>626</x><y>5</y><time>13-01-22 10:08:16:446</time></pt><pt><x>930</x><y>5</y><time>13-01-22 10:08:18:604</time></pt><pt><x>930</x><y>336</y><time>undefined</time></pt><pt><x>626</x><y>336</y><time>undefined</time></pt><closed_date>13-01-22 10:08:18:604</closed_date></polygon></object><object><name>tooth</name><deleted>0</deleted><verified>0</verified><occluded>no</occluded><attributes>24</attributes><parts><hasparts>10</hasparts><ispartof /></parts><date>13-01-22 10:08:35:253</date><id>2</id><type>bounding_box</type><polygon><username>anonymous</username><pt><x>437</x><y>7</y><time>13-01-22 10:08:24:715</time></pt><pt><x>217</x><y>7</y><time>13-01-22 10:08:28:434</time></pt><pt><x>217</x><y>352</y><time>undefined</time></pt><pt><x>437</x><y>352</y><time>undefined</time></pt><closed_date>13-01-22 10:08:28:434</closed_date></polygon></object><object><name>tooth</name><deleted>0</deleted><verified>0</verified><occluded>no</occluded><attributes>25</attributes><parts><hasparts>11</hasparts><ispartof /></parts><date>13-01-22 10:08:50:417</date><id>3</id><type>bounding_box</type><polygon><username>anonymous</username><pt><x>426</x><y>362</y><time>13-01-22 10:08:43:306</time></pt><pt><x>636</x><y>362</y><time>13-01-22 10:08:45:910</time></pt><pt><x>636</x><y>10</y><time>undefined</time></pt><pt><x>426</x><y>10</y><time>undefined</time></pt><closed_date>13-01-22 10:08:45:910</closed_date></polygon></object><object><name>tooth</name><deleted>0</deleted><verified>0</verified><occluded>no</occluded><attributes>23</attributes><parts><hasparts /><ispartof /></parts><date>13-01-22 10:09:01:597</date><id>4</id><type>bounding_box</type><polygon><username>anonymous</username><pt><x>0</x><y>342</y><time>13-01-22 10:08:51:942</time></pt><pt><x>245</x><y>342</y><time>13-01-22 10:08:53:739</time></pt><pt><x>245</x><y>3</y><time>undefined</time></pt><pt><x>0</x><y>3</y><time>undefined</time></pt><closed_date>13-01-22 10:08:53:740</closed_date></polygon></object><object><name>tooth</name><deleted>0</deleted><verified>0</verified><occluded>no</occluded><attributes>33</attributes><parts><hasparts /><ispartof /></parts><date>13-01-22 10:09:15:071</date><id>5</id><type>bounding_box</type><polygon><username>anonymous</username><pt><x>0</x><y>434</y><time>13-01-22 10:09:04:210</time></pt><pt><x>209</x><y>434</y><time>13-01-22 10:09:07:215</time></pt><pt><x>209</x><y>943</y><time>undefined</time></pt><pt><x>0</x><y>943</y><time>undefined</time></pt><closed_date>13-01-22 10:09:07:215</closed_date></polygon></object><object><name>tooth</name><deleted>0</deleted><verified>0</verified><occluded>no</occluded><attributes>34</attributes><parts><hasparts>17</hasparts><ispartof /></parts><date>13-01-22 10:09:23:831</date><id>6</id><type>bounding_box</type><polygon><username>anonymous</username><pt><x>361</x><y>431</y><time>13-01-22 10:09:17:109</time></pt><pt><x>145</x><y>431</y><time>13-01-22 10:09:20:207</time></pt><pt><x>145</x><y>942</y><time>undefined</time></pt><pt><x>361</x><y>942</y><time>undefined</time></pt><closed_date>13-01-22 10:09:20:207</closed_date></polygon></object><object><name>tooth</name><deleted>0</deleted><verified>0</verified><occluded>no</occluded><attributes>35</attributes><parts><hasparts /><ispartof /></parts><date>13-01-22 10:09:32:034</date><id>7</id><type>bounding_box</type><polygon><username>anonymous</username><pt><x>599</x><y>431</y><time>13-01-22 10:09:25:604</time></pt><pt><x>369</x><y>431</y><time>13-01-22 10:09:27:796</time></pt><pt><x>369</x><y>945</y><time>undefined</time></pt><pt><x>599</x><y>945</y><time>undefined</time></pt><closed_date>13-01-22 10:09:27:797</closed_date></polygon></object><object><name>tooth</name><deleted>0</deleted><verified>0</verified><occluded>no</occluded><attributes>37</attributes><parts><hasparts>16</hasparts><ispartof /></parts><date>13-01-22 10:09:47:436</date><id>8</id><type>bounding_box</type><polygon><username>anonymous</username><pt><x>776</x><y>399</y><time>13-01-22 10:09:36:971</time></pt><pt><x>1215</x><y>399</y><time>13-01-22 10:09:41:515</time></pt><pt><x>1215</x><y>922</y><time>undefined</time></pt><pt><x>776</x><y>922</y><time>undefined</time></pt><closed_date>13-01-22 10:09:41:516</closed_date></polygon></object><object><name>tooth</name><deleted>0</deleted><verified>0</verified><occluded>no</occluded><attributes>38</attributes><parts><hasparts>15</hasparts><ispartof /></parts><date>13-01-22 10:10:05:504</date><id>9</id><type>bounding_box</type><polygon><username>anonymous</username><pt><x>1217</x><y>311</y><time>13-01-22 10:09:56:528</time></pt><pt><x>1125</x><y>311</y><time>13-01-22 10:10:01:511</time></pt><pt><x>1125</x><y>621</y><time>undefined</time></pt><pt><x>1217</x><y>621</y><time>undefined</time></pt><closed_date>13-01-22 10:10:01:511</closed_date></polygon></object><object><name>restoration</name><deleted>0</deleted><verified>0</verified><occluded>no</occluded><attributes /><parts><hasparts /><ispartof>2</ispartof></parts><date>13-01-22 10:10:26:154</date><id>10</id><polygon><username>anonymous</username><pt><x>414</x><y>140</y><time>13-01-22 10:10:15:804</time></pt><pt><x>389</x><y>132</y><time>13-01-22 10:10:16:388</time></pt><pt><x>369</x><y>135</y><time>13-01-22 10:10:16:948</time></pt><pt><x>357</x><y>147</y><time>13-01-22 10:10:17:377</time></pt><pt><x>351</x><y>165</y><time>13-01-22 10:10:17:799</time></pt><pt><x>342</x><y>199</y><time>13-01-22 10:10:18:232</time></pt><pt><x>336</x><y>227</y><time>13-01-22 10:10:18:576</time></pt><pt><x>311</x><y>240</y><time>13-01-22 10:10:19:165</time></pt><pt><x>272</x><y>254</y><time>13-01-22 10:10:19:873</time></pt><pt><x>264</x><y>267</y><time>13-01-22 10:10:20:271</time></pt><pt><x>280</x><y>279</y><time>13-01-22 10:10:20:975</time></pt><pt><x>314</x><y>284</y><time>13-01-22 10:10:21:440</time></pt><pt><x>357</x><y>286</y><time>13-01-22 10:10:21:816</time></pt><pt><x>397</x><y>280</y><time>13-01-22 10:10:22:192</time></pt><pt><x>417</x><y>262</y><time>13-01-22 10:10:22:576</time></pt><pt><x>422</x><y>210</y><time>13-01-22 10:10:22:946</time></pt><closed_date>13-01-22 10:10:23:378</closed_date></polygon></object><object><name>restoration</name><deleted>0</deleted><verified>0</verified><occluded>no</occluded><attributes /><parts><hasparts /><ispartof>3</ispartof></parts><date>13-01-22 10:10:47:261</date><id>11</id><polygon><username>anonymous</username><pt><x>441</x><y>189</y><time>13-01-22 10:10:27:241</time></pt><pt><x>472</x><y>200</y><time>13-01-22 10:10:28:206</time></pt><pt><x>493</x><y>214</y><time>13-01-22 10:10:28:730</time></pt><pt><x>504</x><y>229</y><time>13-01-22 10:10:29:198</time></pt><pt><x>504</x><y>249</y><time>13-01-22 10:10:29:615</time></pt><pt><x>508</x><y>252</y><time>13-01-22 10:10:30:175</time></pt><pt><x>558</x><y>254</y><time>13-01-22 10:10:31:305</time></pt><pt><x>586</x><y>174</y><time>13-01-22 10:10:32:615</time></pt><pt><x>606</x><y>149</y><time>13-01-22 10:10:33:374</time></pt><pt><x>621</x><y>147</y><time>13-01-22 10:10:33:853</time></pt><pt><x>633</x><y>149</y><time>13-01-22 10:10:34:258</time></pt><pt><x>636</x><y>217</y><time>13-01-22 10:10:35:690</time></pt><pt><x>638</x><y>291</y><time>13-01-22 10:10:36:899</time></pt><pt><x>623</x><y>311</y><time>13-01-22 10:10:37:521</time></pt><pt><x>603</x><y>311</y><time>13-01-22 10:10:38:106</time></pt><pt><x>574</x><y>307</y><time>13-01-22 10:10:38:532</time></pt><pt><x>546</x><y>314</y><time>13-01-22 10:10:38:895</time></pt><pt><x>528</x><y>324</y><time>13-01-22 10:10:39:274</time></pt><pt><x>516</x><y>326</y><time>13-01-22 10:10:39:701</time></pt><pt><x>486</x><y>316</y><time>13-01-22 10:10:40:139</time></pt><pt><x>459</x><y>304</y><time>13-01-22 10:10:40:488</time></pt><pt><x>441</x><y>296</y><time>13-01-22 10:10:40:814</time></pt><pt><x>431</x><y>287</y><time>13-01-22 10:10:41:064</time></pt><pt><x>429</x><y>269</y><time>13-01-22 10:10:41:310</time></pt><pt><x>429</x><y>247</y><time>13-01-22 10:10:41:528</time></pt><pt><x>431</x><y>202</y><time>13-01-22 10:10:41:784</time></pt><closed_date>13-01-22 10:10:41:999</closed_date></polygon></object><object><name>restoration</name><deleted>0</deleted><verified>0</verified><occluded>no</occluded><attributes /><parts><hasparts /><ispartof>0</ispartof></parts><date>13-01-22 10:11:08:365</date><id>12</id><polygon><username>anonymous</username><pt><x>952</x><y>120</y><time>13-01-22 10:10:50:986</time></pt><pt><x>973</x><y>119</y><time>13-01-22 10:10:51:529</time></pt><pt><x>1000</x><y>125</y><time>13-01-22 10:10:52:088</time></pt><pt><x>1012</x><y>135</y><time>13-01-22 10:10:52:625</time></pt><pt><x>1015</x><y>152</y><time>13-01-22 10:10:53:084</time></pt><pt><x>1000</x><y>180</y><time>13-01-22 10:10:53:476</time></pt><pt><x>1003</x><y>192</y><time>13-01-22 10:10:54:055</time></pt><pt><x>1028</x><y>179</y><time>13-01-22 10:10:54:828</time></pt><pt><x>1049</x><y>169</y><time>13-01-22 10:10:55:260</time></pt><pt><x>1070</x><y>169</y><time>13-01-22 10:10:55:602</time></pt><pt><x>1080</x><y>167</y><time>13-01-22 10:10:55:927</time></pt><pt><x>1089</x><y>144</y><time>13-01-22 10:10:56:443</time></pt><pt><x>1110</x><y>129</y><time>13-01-22 10:10:56:881</time></pt><pt><x>1124</x><y>125</y><time>13-01-22 10:10:57:197</time></pt><pt><x>1140</x><y>119</y><time>13-01-22 10:10:57:539</time></pt><pt><x>1155</x><y>119</y><time>13-01-22 10:10:57:879</time></pt><pt><x>1165</x><y>129</y><time>13-01-22 10:10:58:364</time></pt><pt><x>1169</x><y>145</y><time>13-01-22 10:10:58:889</time></pt><pt><x>1165</x><y>170</y><time>13-01-22 10:10:59:327</time></pt><pt><x>1160</x><y>199</y><time>13-01-22 10:10:59:939</time></pt><pt><x>1155</x><y>214</y><time>13-01-22 10:11:00:358</time></pt><pt><x>1139</x><y>225</y><time>13-01-22 10:11:00:703</time></pt><pt><x>1115</x><y>225</y><time>13-01-22 10:11:01:031</time></pt><pt><x>1100</x><y>230</y><time>13-01-22 10:11:01:330</time></pt><pt><x>1087</x><y>242</y><time>13-01-22 10:11:01:665</time></pt><pt><x>1054</x><y>245</y><time>13-01-22 10:11:02:043</time></pt><pt><x>1020</x><y>257</y><time>13-01-22 10:11:02:406</time></pt><pt><x>993</x><y>264</y><time>13-01-22 10:11:02:721</time></pt><pt><x>955</x><y>264</y><time>13-01-22 10:11:03:032</time></pt><pt><x>932</x><y>259</y><time>13-01-22 10:11:03:369</time></pt><pt><x>920</x><y>239</y><time>13-01-22 10:11:03:730</time></pt><pt><x>918</x><y>215</y><time>13-01-22 10:11:04:030</time></pt><pt><x>918</x><y>175</y><time>13-01-22 10:11:04:364</time></pt><pt><x>917</x><y>142</y><time>13-01-22 10:11:04:644</time></pt><pt><x>922</x><y>127</y><time>13-01-22 10:11:04:920</time></pt><closed_date>13-01-22 10:11:05:153</closed_date></polygon></object><object><name>crown</name><deleted>0</deleted><verified>0</verified><occluded>no</occluded><attributes /><parts><hasparts /><ispartof>1</ispartof></parts><date>13-01-22 10:11:47:443</date><id>13</id><polygon><username>anonymous</username><pt><x>716</x><y>164</y><time>13-01-22 10:11:12:452</time></pt><pt><x>671</x><y>167</y><time>13-01-22 10:11:12:837</time></pt><pt><x>654</x><y>165</y><time>13-01-22 10:11:13:147</time></pt><pt><x>636</x><y>124</y><time>13-01-22 10:11:31:397</time></pt><pt><x>634</x><y>164</y><time>13-01-22 10:11:32:017</time></pt><pt><x>634</x><y>220</y><time>13-01-22 10:11:32:479</time></pt><pt><x>638</x><y>317</y><time>13-01-22 10:11:33:594</time></pt><pt><x>668</x><y>337</y><time>13-01-22 10:11:34:094</time></pt><pt><x>688</x><y>337</y><time>13-01-22 10:11:34:486</time></pt><pt><x>715</x><y>346</y><time>13-01-22 10:11:34:841</time></pt><pt><x>745</x><y>337</y><time>13-01-22 10:11:35:179</time></pt><pt><x>790</x><y>307</y><time>13-01-22 10:11:35:600</time></pt><pt><x>853</x><y>299</y><time>13-01-22 10:11:36:084</time></pt><pt><x>888</x><y>301</y><time>13-01-22 10:11:36:420</time></pt><pt><x>925</x><y>286</y><time>13-01-22 10:11:36:795</time></pt><pt><x>932</x><y>254</y><time>13-01-22 10:11:37:116</time></pt><pt><x>923</x><y>182</y><time>13-01-22 10:11:37:460</time></pt><pt><x>915</x><y>107</y><time>13-01-22 10:11:37:793</time></pt><pt><x>905</x><y>85</y><time>13-01-22 10:11:38:062</time></pt><pt><x>873</x><y>70</y><time>13-01-22 10:11:38:357</time></pt><pt><x>848</x><y>70</y><time>13-01-22 10:11:39:108</time></pt><pt><x>836</x><y>72</y><time>13-01-22 10:11:39:835</time></pt><pt><x>836</x><y>97</y><time>13-01-22 10:11:40:601</time></pt><pt><x>835</x><y>142</y><time>13-01-22 10:11:41:018</time></pt><pt><x>826</x><y>177</y><time>13-01-22 10:11:41:346</time></pt><pt><x>823</x><y>207</y><time>13-01-22 10:11:41:653</time></pt><pt><x>800</x><y>227</y><time>13-01-22 10:11:41:960</time></pt><pt><x>765</x><y>234</y><time>13-01-22 10:11:42:192</time></pt><pt><x>736</x><y>237</y><time>13-01-22 10:11:42:461</time></pt><pt><x>721</x><y>229</y><time>13-01-22 10:11:42:746</time></pt><pt><x>716</x><y>209</y><time>13-01-22 10:11:42:992</time></pt><closed_date>13-01-22 10:11:43:759</closed_date></polygon></object><object><name>root canal treatment</name><deleted>0</deleted><verified>0</verified><occluded>no</occluded><attributes /><parts><hasparts /><ispartof>1</ispartof></parts><date>13-01-22 10:16:10:189</date><id>14</id><polygon><username>anonymous</username><pt><x>720</x><y>222</y><time>13-01-22 10:11:48:873</time></pt><pt><x>741</x><y>13</y><time>13-01-22 10:11:50:351</time></pt><pt><x>773</x><y>10</y><time>13-01-22 10:11:51:153</time></pt><pt><x>778</x><y>192</y><time>13-01-22 10:11:53:122</time></pt><pt><x>816</x><y>10</y><time>13-01-22 10:11:54:477</time></pt><pt><x>857</x><y>8</y><time>13-01-22 10:11:55:228</time></pt><pt><x>813</x><y>209</y><time>13-01-22 10:11:56:703</time></pt><pt><x>756</x><y>240</y><time>13-01-22 10:11:57:694</time></pt><pt><x>728</x><y>237</y><time>13-01-22 10:11:58:229</time></pt><closed_date>13-01-22 10:11:58:564</closed_date></polygon></object><object><name>restoration</name><deleted>0</deleted><verified>0</verified><occluded>no</occluded><attributes /><parts><hasparts /><ispartof>9</ispartof></parts><date>13-01-22 10:16:39:921</date><id>15</id><polygon><username>anonymous</username><pt><x>1180</x><y>364</y><time>13-01-22 10:16:17:214</time></pt><pt><x>1180</x><y>342</y><time>13-01-22 10:16:17:877</time></pt><pt><x>1192</x><y>331</y><time>13-01-22 10:16:18:367</time></pt><pt><x>1204</x><y>322</y><time>13-01-22 10:16:18:824</time></pt><pt><x>1217</x><y>326</y><time>13-01-22 10:16:19:336</time></pt><pt><x>1214</x><y>546</y><time>13-01-22 10:16:21:385</time></pt><pt><x>1197</x><y>559</y><time>13-01-22 10:16:22:548</time></pt><pt><x>1174</x><y>564</y><time>13-01-22 10:16:23:282</time></pt><pt><x>1165</x><y>583</y><time>13-01-22 10:16:27:643</time></pt><pt><x>1157</x><y>599</y><time>13-01-22 10:16:28:146</time></pt><pt><x>1145</x><y>608</y><time>13-01-22 10:16:28:689</time></pt><pt><x>1132</x><y>608</y><time>13-01-22 10:16:29:206</time></pt><pt><x>1124</x><y>466</y><time>13-01-22 10:16:31:744</time></pt><pt><x>1129</x><y>429</y><time>13-01-22 10:16:32:480</time></pt><pt><x>1129</x><y>409</y><time>13-01-22 10:16:32:940</time></pt><pt><x>1135</x><y>399</y><time>13-01-22 10:16:33:251</time></pt><pt><x>1144</x><y>392</y><time>13-01-22 10:16:33:518</time></pt><pt><x>1157</x><y>384</y><time>13-01-22 10:16:33:777</time></pt><pt><x>1164</x><y>376</y><time>13-01-22 10:16:34:036</time></pt><closed_date>13-01-22 10:16:34:251</closed_date></polygon></object><object><name>restoration</name><deleted>0</deleted><verified>0</verified><occluded>no</occluded><attributes /><parts><hasparts /><ispartof>8</ispartof></parts><date>13-01-22 10:17:30:272</date><id>16</id><polygon><username>anonymous</username><pt><x>1114</x><y>459</y><time>13-01-22 10:16:41:292</time></pt><pt><x>1085</x><y>436</y><time>13-01-22 10:16:42:049</time></pt><pt><x>1059</x><y>421</y><time>13-01-22 10:16:42:570</time></pt><pt><x>1035</x><y>414</y><time>13-01-22 10:16:43:118</time></pt><pt><x>1025</x><y>414</y><time>13-01-22 10:17:06:378</time></pt><pt><x>1013</x><y>417</y><time>13-01-22 10:17:07:169</time></pt><pt><x>998</x><y>422</y><time>13-01-22 10:17:07:591</time></pt><pt><x>987</x><y>432</y><time>13-01-22 10:17:07:901</time></pt><pt><x>978</x><y>442</y><time>13-01-22 10:17:08:226</time></pt><pt><x>965</x><y>461</y><time>13-01-22 10:17:08:524</time></pt><pt><x>958</x><y>471</y><time>13-01-22 10:17:08:825</time></pt><pt><x>947</x><y>478</y><time>13-01-22 10:17:09:117</time></pt><pt><x>935</x><y>479</y><time>13-01-22 10:17:09:435</time></pt><pt><x>922</x><y>474</y><time>13-01-22 10:17:09:765</time></pt><pt><x>912</x><y>472</y><time>13-01-22 10:17:10:022</time></pt><pt><x>900</x><y>474</y><time>13-01-22 10:17:10:251</time></pt><pt><x>890</x><y>479</y><time>13-01-22 10:17:10:509</time></pt><pt><x>885</x><y>488</y><time>13-01-22 10:17:10:776</time></pt><pt><x>875</x><y>503</y><time>13-01-22 10:17:11:077</time></pt><pt><x>846</x><y>528</y><time>13-01-22 10:17:11:662</time></pt><pt><x>831</x><y>536</y><time>13-01-22 10:17:11:939</time></pt><pt><x>823</x><y>543</y><time>13-01-22 10:17:12:192</time></pt><pt><x>818</x><y>561</y><time>13-01-22 10:17:12:467</time></pt><pt><x>815</x><y>583</y><time>13-01-22 10:17:12:734</time></pt><pt><x>821</x><y>598</y><time>13-01-22 10:17:13:062</time></pt><pt><x>841</x><y>621</y><time>13-01-22 10:17:13:446</time></pt><pt><x>877</x><y>613</y><time>13-01-22 10:17:13:935</time></pt><pt><x>935</x><y>583</y><time>13-01-22 10:17:15:083</time></pt><pt><x>947</x><y>568</y><time>13-01-22 10:17:15:417</time></pt><pt><x>962</x><y>546</y><time>13-01-22 10:17:15:737</time></pt><pt><x>978</x><y>538</y><time>13-01-22 10:17:19:677</time></pt><pt><x>1012</x><y>536</y><time>13-01-22 10:17:20:211</time></pt><pt><x>1030</x><y>546</y><time>13-01-22 10:17:22:842</time></pt><pt><x>1049</x><y>584</y><time>13-01-22 10:17:23:782</time></pt><pt><x>1064</x><y>601</y><time>13-01-22 10:17:24:234</time></pt><pt><x>1072</x><y>599</y><time>13-01-22 10:17:24:561</time></pt><pt><x>1084</x><y>599</y><time>13-01-22 10:17:24:861</time></pt><pt><x>1102</x><y>603</y><time>13-01-22 10:17:25:217</time></pt><pt><x>1115</x><y>604</y><time>13-01-22 10:17:25:502</time></pt><pt><x>1135</x><y>609</y><time>13-01-22 10:17:25:795</time></pt><closed_date>13-01-22 10:17:26:791</closed_date></polygon></object><object><name>restoration</name><deleted>0</deleted><verified>0</verified><occluded>no</occluded><attributes /><parts><hasparts /><ispartof>6</ispartof></parts><date>13-01-22 10:17:45:997</date><id>17</id><polygon><username>anonymous</username><pt><x>589</x><y>533</y><time>13-01-22 10:17:32:035</time></pt><pt><x>559</x><y>553</y><time>13-01-22 10:17:32:529</time></pt><pt><x>546</x><y>564</y><time>13-01-22 10:17:32:881</time></pt><pt><x>521</x><y>588</y><time>13-01-22 10:17:34:276</time></pt><pt><x>523</x><y>606</y><time>13-01-22 10:17:34:652</time></pt><pt><x>531</x><y>651</y><time>13-01-22 10:17:35:392</time></pt><pt><x>553</x><y>659</y><time>13-01-22 10:17:35:899</time></pt><pt><x>566</x><y>659</y><time>13-01-22 10:17:36:313</time></pt><pt><x>576</x><y>668</y><time>13-01-22 10:17:36:654</time></pt><pt><x>579</x><y>675</y><time>13-01-22 10:17:37:055</time></pt><pt><x>586</x><y>675</y><time>13-01-22 10:17:37:539</time></pt><pt><x>609</x><y>598</y><time>13-01-22 10:17:40:734</time></pt><pt><x>611</x><y>556</y><time>13-01-22 10:17:41:254</time></pt><pt><x>611</x><y>521</y><time>13-01-22 10:17:41:697</time></pt><pt><x>591</x><y>518</y><time>13-01-22 10:17:42:180</time></pt><closed_date>13-01-22 10:17:42:505</closed_date></polygon></object><imagesize><nrows /><ncols /></imagesize></annotation>