<?xml version='1.0' encoding='UTF-8'?>
<annotation><filename>60.jpg</filename><folder>segmentation_xray</folder><source><sourceImage>The MIT-CSAIL database of objects and scenes</sourceImage><sourceAnnotation>LabelMe Webtool</sourceAnnotation></source><object><name>tooth</name><deleted>0</deleted><verified>0</verified><occluded>no</occluded><attributes>18</attributes><parts><hasparts /><ispartof /></parts><date>05-01-22 15:42:04:149</date><id>0</id><type>bounding_box</type><polygon><username>anonymous</username><pt><x>153</x><y>50</y><time>05-01-22 15:41:52:900</time></pt><pt><x>7</x><y>50</y><time>05-01-22 15:41:59:048</time></pt><pt><x>7</x><y>389</y><time>undefined</time></pt><pt><x>153</x><y>389</y><time>undefined</time></pt><closed_date>05-01-22 15:41:59:049</closed_date></polygon></object><object><name>tooth</name><deleted>0</deleted><verified>0</verified><occluded>no</occluded><attributes>17</attributes><parts><hasparts>10</hasparts><ispartof /></parts><date>05-01-22 15:42:18:110</date><id>1</id><type>bounding_box</type><polygon><username>anonymous</username><pt><x>578</x><y>500</y><time>05-01-22 15:42:06:913</time></pt><pt><x>148</x><y>500</y><time>05-01-22 15:42:10:722</time></pt><pt><x>148</x><y>7</y><time>undefined</time></pt><pt><x>578</x><y>7</y><time>undefined</time></pt><closed_date>05-01-22 15:42:10:722</closed_date></polygon></object><object><name>tooth</name><deleted>0</deleted><verified>0</verified><occluded>no</occluded><attributes>16</attributes><parts><hasparts>11</hasparts><ispartof /></parts><date>05-01-22 15:42:30:161</date><id>2</id><type>bounding_box</type><polygon><username>anonymous</username><pt><x>1011</x><y>572</y><time>05-01-22 15:42:20:044</time></pt><pt><x>563</x><y>572</y><time>05-01-22 15:42:25:165</time></pt><pt><x>563</x><y>13</y><time>undefined</time></pt><pt><x>1011</x><y>13</y><time>undefined</time></pt><closed_date>05-01-22 15:42:25:165</closed_date></polygon></object><object><name>tooth</name><deleted>0</deleted><verified>0</verified><occluded>no</occluded><attributes>15</attributes><parts><hasparts /><ispartof /></parts><date>05-01-22 15:42:39:618</date><id>3</id><type>bounding_box</type><polygon><username>anonymous</username><pt><x>1249</x><y>430</y><time>05-01-22 15:42:31:374</time></pt><pt><x>945</x><y>430</y><time>05-01-22 15:42:34:144</time></pt><pt><x>945</x><y>13</y><time>undefined</time></pt><pt><x>1249</x><y>13</y><time>undefined</time></pt><closed_date>05-01-22 15:42:34:145</closed_date></polygon></object><object><name>tooth</name><deleted>0</deleted><verified>0</verified><occluded>no</occluded><attributes>13</attributes><parts><hasparts /><ispartof /></parts><date>05-01-22 15:42:51:513</date><id>4</id><type>bounding_box</type><polygon><username>anonymous</username><pt><x>1428</x><y>39</y><time>05-01-22 15:42:43:792</time></pt><pt><x>1598</x><y>39</y><time>05-01-22 15:42:46:232</time></pt><pt><x>1598</x><y>563</y><time>undefined</time></pt><pt><x>1428</x><y>563</y><time>undefined</time></pt><closed_date>05-01-22 15:42:46:232</closed_date></polygon></object><object><name>tooth</name><deleted>0</deleted><verified>0</verified><occluded>no</occluded><attributes>44</attributes><parts><hasparts /><ispartof /></parts><date>05-01-22 15:43:05:799</date><id>5</id><type>bounding_box</type><polygon><username>anonymous</username><pt><x>1596</x><y>670</y><time>05-01-22 15:42:53:660</time></pt><pt><x>1356</x><y>670</y><time>05-01-22 15:42:57:138</time></pt><pt><x>1356</x><y>1240</y><time>undefined</time></pt><pt><x>1596</x><y>1240</y><time>undefined</time></pt><closed_date>05-01-22 15:42:57:139</closed_date></polygon></object><object><name>tooth</name><deleted>0</deleted><verified>0</verified><occluded>no</occluded><attributes>45</attributes><parts><hasparts>14</hasparts><ispartof /></parts><date>05-01-22 15:43:23:349</date><id>6</id><type>bounding_box</type><polygon><username>anonymous</username><pt><x>1083</x><y>650</y><time>05-01-22 15:43:12:164</time></pt><pt><x>1393</x><y>650</y><time>05-01-22 15:43:16:192</time></pt><pt><x>1393</x><y>1233</y><time>undefined</time></pt><pt><x>1083</x><y>1233</y><time>undefined</time></pt><closed_date>05-01-22 15:43:16:192</closed_date></polygon></object><object><name>tooth</name><deleted>0</deleted><verified>0</verified><occluded>no</occluded><attributes>46</attributes><parts><hasparts>13</hasparts><ispartof /></parts><date>05-01-22 15:43:40:468</date><id>7</id><type>bounding_box</type><polygon><username>anonymous</username><pt><x>524</x><y>1235</y><time>05-01-22 15:43:29:597</time></pt><pt><x>1111</x><y>1235</y><time>05-01-22 15:43:33:693</time></pt><pt><x>1111</x><y>640</y><time>undefined</time></pt><pt><x>524</x><y>640</y><time>undefined</time></pt><closed_date>05-01-22 15:43:33:693</closed_date></polygon></object><object><name>tooth</name><deleted>0</deleted><verified>0</verified><occluded>no</occluded><attributes>47</attributes><parts><hasparts>12</hasparts><ispartof /></parts><date>05-01-22 15:44:10:212</date><id>8</id><type>bounding_box</type><polygon><username>anonymous</username><pt><x>65</x><y>513</y><time>05-01-22 15:43:58:333</time></pt><pt><x>631</x><y>513</y><time>05-01-22 15:44:03:718</time></pt><pt><x>631</x><y>1233</y><time>undefined</time></pt><pt><x>65</x><y>1233</y><time>undefined</time></pt><closed_date>05-01-22 15:44:03:719</closed_date></polygon></object><object><name>tooth</name><deleted>0</deleted><verified>0</verified><occluded>no</occluded><attributes>48</attributes><parts><hasparts /><ispartof /></parts><date>05-01-22 15:44:22:028</date><id>9</id><type>bounding_box</type><polygon><username>anonymous</username><pt><x>11</x><y>395</y><time>05-01-22 15:44:12:059</time></pt><pt><x>196</x><y>395</y><time>05-01-22 15:44:14:419</time></pt><pt><x>196</x><y>847</y><time>undefined</time></pt><pt><x>11</x><y>847</y><time>undefined</time></pt><closed_date>05-01-22 15:44:14:419</closed_date></polygon></object><object><name>restoration</name><deleted>0</deleted><verified>0</verified><occluded>no</occluded><attributes /><parts><hasparts /><ispartof>1</ispartof></parts><date>05-01-22 15:44:47:710</date><id>10</id><polygon><username>anonymous</username><pt><x>194</x><y>375</y><time>05-01-22 15:44:27:191</time></pt><pt><x>223</x><y>347</y><time>05-01-22 15:44:28:114</time></pt><pt><x>242</x><y>336</y><time>05-01-22 15:44:28:775</time></pt><pt><x>299</x><y>345</y><time>05-01-22 15:44:29:738</time></pt><pt><x>314</x><y>345</y><time>05-01-22 15:44:30:326</time></pt><pt><x>341</x><y>317</y><time>05-01-22 15:44:31:120</time></pt><pt><x>358</x><y>306</y><time>05-01-22 15:44:31:735</time></pt><pt><x>417</x><y>325</y><time>05-01-22 15:44:32:652</time></pt><pt><x>480</x><y>360</y><time>05-01-22 15:44:33:472</time></pt><pt><x>504</x><y>389</y><time>05-01-22 15:44:34:258</time></pt><pt><x>482</x><y>443</y><time>05-01-22 15:44:34:975</time></pt><pt><x>452</x><y>465</y><time>05-01-22 15:44:35:687</time></pt><pt><x>389</x><y>430</y><time>05-01-22 15:44:39:991</time></pt><pt><x>334</x><y>432</y><time>05-01-22 15:44:41:321</time></pt><pt><x>288</x><y>452</y><time>05-01-22 15:44:42:037</time></pt><pt><x>266</x><y>445</y><time>05-01-22 15:44:42:524</time></pt><pt><x>242</x><y>467</y><time>05-01-22 15:44:42:976</time></pt><pt><x>207</x><y>430</y><time>05-01-22 15:44:43:722</time></pt><pt><x>190</x><y>397</y><time>05-01-22 15:44:44:291</time></pt><closed_date>05-01-22 15:44:44:684</closed_date></polygon></object><object><name>restoration</name><deleted>0</deleted><verified>0</verified><occluded>no</occluded><attributes /><parts><hasparts /><ispartof>2</ispartof></parts><date>05-01-22 15:45:04:778</date><id>11</id><polygon><username>anonymous</username><pt><x>635</x><y>463</y><time>05-01-22 15:44:50:501</time></pt><pt><x>677</x><y>426</y><time>05-01-22 15:44:51:885</time></pt><pt><x>701</x><y>426</y><time>05-01-22 15:44:52:581</time></pt><pt><x>722</x><y>447</y><time>05-01-22 15:44:53:131</time></pt><pt><x>733</x><y>461</y><time>05-01-22 15:44:53:570</time></pt><pt><x>771</x><y>439</y><time>05-01-22 15:44:54:174</time></pt><pt><x>808</x><y>434</y><time>05-01-22 15:44:54:706</time></pt><pt><x>838</x><y>434</y><time>05-01-22 15:44:55:146</time></pt><pt><x>884</x><y>447</y><time>05-01-22 15:44:55:591</time></pt><pt><x>915</x><y>478</y><time>05-01-22 15:44:56:104</time></pt><pt><x>943</x><y>517</y><time>05-01-22 15:44:56:649</time></pt><pt><x>943</x><y>548</y><time>05-01-22 15:44:57:260</time></pt><pt><x>904</x><y>552</y><time>05-01-22 15:44:57:939</time></pt><pt><x>847</x><y>552</y><time>05-01-22 15:44:58:411</time></pt><pt><x>790</x><y>537</y><time>05-01-22 15:44:58:845</time></pt><pt><x>766</x><y>526</y><time>05-01-22 15:44:59:203</time></pt><pt><x>729</x><y>530</y><time>05-01-22 15:44:59:600</time></pt><pt><x>690</x><y>541</y><time>05-01-22 15:44:59:983</time></pt><pt><x>661</x><y>557</y><time>05-01-22 15:45:00:365</time></pt><pt><x>635</x><y>548</y><time>05-01-22 15:45:00:718</time></pt><pt><x>624</x><y>513</y><time>05-01-22 15:45:01:087</time></pt><pt><x>620</x><y>480</y><time>05-01-22 15:45:01:487</time></pt><closed_date>05-01-22 15:45:01:776</closed_date></polygon></object><object><name>restoration</name><deleted>0</deleted><verified>0</verified><occluded>no</occluded><attributes /><parts><hasparts /><ispartof>8</ispartof></parts><date>05-01-22 15:45:22:452</date><id>12</id><polygon><username>anonymous</username><pt><x>273</x><y>611</y><time>05-01-22 15:45:06:302</time></pt><pt><x>308</x><y>664</y><time>05-01-22 15:45:06:965</time></pt><pt><x>341</x><y>674</y><time>05-01-22 15:45:07:802</time></pt><pt><x>365</x><y>670</y><time>05-01-22 15:45:08:298</time></pt><pt><x>384</x><y>703</y><time>05-01-22 15:45:08:866</time></pt><pt><x>419</x><y>712</y><time>05-01-22 15:45:09:277</time></pt><pt><x>450</x><y>712</y><time>05-01-22 15:45:09:568</time></pt><pt><x>469</x><y>705</y><time>05-01-22 15:45:10:022</time></pt><pt><x>469</x><y>661</y><time>05-01-22 15:45:10:647</time></pt><pt><x>491</x><y>611</y><time>05-01-22 15:45:11:115</time></pt><pt><x>454</x><y>611</y><time>05-01-22 15:45:11:641</time></pt><pt><x>404</x><y>605</y><time>05-01-22 15:45:12:031</time></pt><pt><x>369</x><y>585</y><time>05-01-22 15:45:12:374</time></pt><pt><x>356</x><y>572</y><time>05-01-22 15:45:12:761</time></pt><pt><x>343</x><y>550</y><time>05-01-22 15:45:13:241</time></pt><pt><x>303</x><y>541</y><time>05-01-22 15:45:13:777</time></pt><pt><x>266</x><y>574</y><time>05-01-22 15:45:14:209</time></pt><pt><x>258</x><y>600</y><time>05-01-22 15:45:14:508</time></pt><closed_date>05-01-22 15:45:14:835</closed_date></polygon></object><object><name>restoration</name><deleted>0</deleted><verified>0</verified><occluded>no</occluded><attributes /><parts><hasparts /><ispartof>7</ispartof></parts><date>05-01-22 15:45:39:718</date><id>13</id><polygon><username>anonymous</username><pt><x>716</x><y>694</y><time>05-01-22 15:45:23:861</time></pt><pt><x>720</x><y>736</y><time>05-01-22 15:45:24:385</time></pt><pt><x>725</x><y>775</y><time>05-01-22 15:45:25:432</time></pt><pt><x>753</x><y>777</y><time>05-01-22 15:45:25:944</time></pt><pt><x>781</x><y>764</y><time>05-01-22 15:45:26:703</time></pt><pt><x>788</x><y>744</y><time>05-01-22 15:45:27:101</time></pt><pt><x>805</x><y>731</y><time>05-01-22 15:45:27:540</time></pt><pt><x>827</x><y>731</y><time>05-01-22 15:45:28:076</time></pt><pt><x>864</x><y>753</y><time>05-01-22 15:45:28:709</time></pt><pt><x>893</x><y>742</y><time>05-01-22 15:45:29:132</time></pt><pt><x>912</x><y>720</y><time>05-01-22 15:45:29:501</time></pt><pt><x>932</x><y>747</y><time>05-01-22 15:45:29:995</time></pt><pt><x>963</x><y>751</y><time>05-01-22 15:45:30:373</time></pt><pt><x>1015</x><y>736</y><time>05-01-22 15:45:30:733</time></pt><pt><x>1054</x><y>714</y><time>05-01-22 15:45:31:184</time></pt><pt><x>1032</x><y>683</y><time>05-01-22 15:45:31:597</time></pt><pt><x>1000</x><y>679</y><time>05-01-22 15:45:31:935</time></pt><pt><x>954</x><y>685</y><time>05-01-22 15:45:32:334</time></pt><pt><x>912</x><y>672</y><time>05-01-22 15:45:32:856</time></pt><pt><x>904</x><y>661</y><time>05-01-22 15:45:33:294</time></pt><pt><x>882</x><y>672</y><time>05-01-22 15:45:33:667</time></pt><pt><x>862</x><y>681</y><time>05-01-22 15:45:33:967</time></pt><pt><x>838</x><y>681</y><time>05-01-22 15:45:34:287</time></pt><pt><x>825</x><y>685</y><time>05-01-22 15:45:34:629</time></pt><pt><x>805</x><y>714</y><time>05-01-22 15:45:35:041</time></pt><pt><x>790</x><y>714</y><time>05-01-22 15:45:35:340</time></pt><pt><x>764</x><y>701</y><time>05-01-22 15:45:35:658</time></pt><pt><x>738</x><y>694</y><time>05-01-22 15:45:36:043</time></pt><closed_date>05-01-22 15:45:36:350</closed_date></polygon></object><object><name>restoration</name><deleted>0</deleted><verified>0</verified><occluded>no</occluded><attributes /><parts><hasparts /><ispartof>6</ispartof></parts><date>05-01-22 15:45:50:813</date><id>14</id><polygon><username>anonymous</username><pt><x>1146</x><y>784</y><time>05-01-22 15:45:40:719</time></pt><pt><x>1168</x><y>803</y><time>05-01-22 15:45:41:350</time></pt><pt><x>1218</x><y>801</y><time>05-01-22 15:45:41:831</time></pt><pt><x>1242</x><y>788</y><time>05-01-22 15:45:42:185</time></pt><pt><x>1246</x><y>781</y><time>05-01-22 15:45:42:515</time></pt><pt><x>1266</x><y>801</y><time>05-01-22 15:45:42:894</time></pt><pt><x>1292</x><y>799</y><time>05-01-22 15:45:43:226</time></pt><pt><x>1312</x><y>779</y><time>05-01-22 15:45:43:534</time></pt><pt><x>1329</x><y>755</y><time>05-01-22 15:45:43:867</time></pt><pt><x>1334</x><y>744</y><time>05-01-22 15:45:44:234</time></pt><pt><x>1281</x><y>707</y><time>05-01-22 15:45:44:979</time></pt><pt><x>1251</x><y>696</y><time>05-01-22 15:45:45:517</time></pt><pt><x>1229</x><y>696</y><time>05-01-22 15:45:45:878</time></pt><pt><x>1196</x><y>707</y><time>05-01-22 15:45:46:184</time></pt><pt><x>1168</x><y>718</y><time>05-01-22 15:45:46:483</time></pt><pt><x>1146</x><y>725</y><time>05-01-22 15:45:46:761</time></pt><pt><x>1142</x><y>747</y><time>05-01-22 15:45:47:151</time></pt><pt><x>1146</x><y>764</y><time>05-01-22 15:45:47:401</time></pt><closed_date>05-01-22 15:45:47:701</closed_date></polygon></object><object><name>dental implant</name><deleted>0</deleted><verified>0</verified><occluded>no</occluded><attributes>14</attributes><parts><hasparts /><ispartof /></parts><date>05-01-22 15:46:52:000</date><id>15</id><polygon><username>anonymous</username><pt><x>1257</x><y>74</y><time>05-01-22 15:46:24:084</time></pt><pt><x>1270</x><y>116</y><time>05-01-22 15:46:24:562</time></pt><pt><x>1294</x><y>129</y><time>05-01-22 15:46:25:610</time></pt><pt><x>1294</x><y>157</y><time>05-01-22 15:46:26:179</time></pt><pt><x>1294</x><y>194</y><time>05-01-22 15:46:26:582</time></pt><pt><x>1297</x><y>214</y><time>05-01-22 15:46:26:943</time></pt><pt><x>1305</x><y>234</y><time>05-01-22 15:46:27:257</time></pt><pt><x>1318</x><y>290</y><time>05-01-22 15:46:27:723</time></pt><pt><x>1351</x><y>458</y><time>05-01-22 15:46:30:717</time></pt><pt><x>1353</x><y>485</y><time>05-01-22 15:46:31:908</time></pt><pt><x>1441</x><y>461</y><time>05-01-22 15:46:33:042</time></pt><pt><x>1412</x><y>216</y><time>05-01-22 15:46:34:546</time></pt><pt><x>1428</x><y>194</y><time>05-01-22 15:46:35:327</time></pt><pt><x>1414</x><y>157</y><time>05-01-22 15:46:36:116</time></pt><pt><x>1404</x><y>109</y><time>05-01-22 15:46:36:974</time></pt><pt><x>1441</x><y>89</y><time>05-01-22 15:46:37:545</time></pt><pt><x>1425</x><y>39</y><time>05-01-22 15:46:38:338</time></pt><pt><x>1401</x><y>11</y><time>05-01-22 15:46:39:124</time></pt><pt><x>1347</x><y>7</y><time>05-01-22 15:46:39:705</time></pt><pt><x>1305</x><y>7</y><time>05-01-22 15:46:40:146</time></pt><pt><x>1268</x><y>17</y><time>05-01-22 15:46:40:491</time></pt><pt><x>1249</x><y>31</y><time>05-01-22 15:46:41:014</time></pt><closed_date>05-01-22 15:46:41:383</closed_date></polygon></object><imagesize><nrows /><ncols /></imagesize></annotation>