<?xml version='1.0' encoding='UTF-8'?>
<annotation><filename>62.jpg</filename><folder>segmentation_xray</folder><source><sourceImage>The MIT-CSAIL database of objects and scenes</sourceImage><sourceAnnotation>LabelMe Webtool</sourceAnnotation></source><object><name>tooth</name><deleted>0</deleted><verified>0</verified><occluded>no</occluded><attributes>27</attributes><parts><hasparts /><ispartof /></parts><date>13-12-21 21:58:00:926</date><id>0</id><type>bounding_box</type><polygon><username>anonymous</username><pt><x>1053</x><y>574</y><time>13-12-21 21:57:46:511</time></pt><pt><x>1457</x><y>574</y><time>13-12-21 21:57:49:389</time></pt><pt><x>1457</x><y>11</y><time>undefined</time></pt><pt><x>1053</x><y>11</y><time>undefined</time></pt><closed_date>13-12-21 21:57:49:389</closed_date></polygon></object><object><name>tooth</name><deleted>0</deleted><verified>0</verified><occluded>no</occluded><attributes>26</attributes><parts><hasparts>8</hasparts><ispartof /></parts><date>13-12-21 21:58:09:775</date><id>1</id><type>bounding_box</type><polygon><username>anonymous</username><pt><x>1051</x><y>604</y><time>13-12-21 21:58:02:150</time></pt><pt><x>600</x><y>604</y><time>13-12-21 21:58:04:518</time></pt><pt><x>600</x><y>17</y><time>undefined</time></pt><pt><x>1051</x><y>17</y><time>undefined</time></pt><closed_date>13-12-21 21:58:04:518</closed_date></polygon></object><object><name>tooth</name><deleted>0</deleted><verified>0</verified><occluded>no</occluded><attributes>25</attributes><parts><hasparts /><ispartof /></parts><date>13-12-21 21:58:19:138</date><id>2</id><type>bounding_box</type><polygon><username>anonymous</username><pt><x>585</x><y>630</y><time>13-12-21 21:58:11:560</time></pt><pt><x>299</x><y>630</y><time>13-12-21 21:58:15:574</time></pt><pt><x>299</x><y>2</y><time>undefined</time></pt><pt><x>585</x><y>2</y><time>undefined</time></pt><closed_date>13-12-21 21:58:15:574</closed_date></polygon></object><object><name>tooth</name><deleted>0</deleted><verified>0</verified><occluded>no</occluded><attributes>24</attributes><parts><hasparts /><ispartof /></parts><date>13-12-21 21:58:27:042</date><id>3</id><type>bounding_box</type><polygon><username>anonymous</username><pt><x>33</x><y>611</y><time>13-12-21 21:58:20:431</time></pt><pt><x>360</x><y>611</y><time>13-12-21 21:58:23:383</time></pt><pt><x>360</x><y>11</y><time>undefined</time></pt><pt><x>33</x><y>11</y><time>undefined</time></pt><closed_date>13-12-21 21:58:23:383</closed_date></polygon></object><object><name>tooth</name><deleted>0</deleted><verified>0</verified><occluded>no</occluded><attributes>37</attributes><parts><hasparts /><ispartof /></parts><date>13-12-21 21:58:40:634</date><id>4</id><type>bounding_box</type><polygon><username>anonymous</username><pt><x>1477</x><y>611</y><time>13-12-21 21:58:31:150</time></pt><pt><x>1029</x><y>611</y><time>13-12-21 21:58:34:599</time></pt><pt><x>1029</x><y>1230</y><time>undefined</time></pt><pt><x>1477</x><y>1230</y><time>undefined</time></pt><closed_date>13-12-21 21:58:34:599</closed_date></polygon></object><object><name>tooth</name><deleted>0</deleted><verified>0</verified><occluded>no</occluded><attributes>36</attributes><parts><hasparts /><ispartof /></parts><date>13-12-21 21:58:50:986</date><id>5</id><type>bounding_box</type><polygon><username>anonymous</username><pt><x>1016</x><y>667</y><time>13-12-21 21:58:43:952</time></pt><pt><x>530</x><y>667</y><time>13-12-21 21:58:47:311</time></pt><pt><x>530</x><y>1232</y><time>undefined</time></pt><pt><x>1016</x><y>1232</y><time>undefined</time></pt><closed_date>13-12-21 21:58:47:311</closed_date></polygon></object><object><name>tooth</name><deleted>0</deleted><verified>0</verified><occluded>no</occluded><attributes>35</attributes><parts><hasparts /><ispartof /></parts><date>13-12-21 21:59:01:670</date><id>6</id><type>bounding_box</type><polygon><username>anonymous</username><pt><x>214</x><y>700</y><time>13-12-21 21:58:53:358</time></pt><pt><x>578</x><y>700</y><time>13-12-21 21:58:55:438</time></pt><pt><x>578</x><y>1237</y><time>undefined</time></pt><pt><x>214</x><y>1237</y><time>undefined</time></pt><closed_date>13-12-21 21:58:55:438</closed_date></polygon></object><object><name>tooth</name><deleted>0</deleted><verified>0</verified><occluded>no</occluded><attributes>34</attributes><parts><hasparts /><ispartof /></parts><date>13-12-21 21:59:09:017</date><id>7</id><type>bounding_box</type><polygon><username>anonymous</username><pt><x>13</x><y>713</y><time>13-12-21 21:59:02:390</time></pt><pt><x>249</x><y>713</y><time>13-12-21 21:59:05:238</time></pt><pt><x>249</x><y>1239</y><time>undefined</time></pt><pt><x>13</x><y>1239</y><time>undefined</time></pt><closed_date>13-12-21 21:59:05:238</closed_date></polygon></object><object><name>restoration</name><deleted>0</deleted><verified>0</verified><occluded>no</occluded><attributes /><parts><hasparts /><ispartof>1</ispartof></parts><date>13-12-21 21:59:21:537</date><id>8</id><polygon><username>anonymous</username><pt><x>885</x><y>519</y><time>13-12-21 21:59:12:719</time></pt><pt><x>899</x><y>489</y><time>13-12-21 21:59:13:198</time></pt><pt><x>918</x><y>460</y><time>13-12-21 21:59:13:528</time></pt><pt><x>957</x><y>447</y><time>13-12-21 21:59:13:822</time></pt><pt><x>977</x><y>445</y><time>13-12-21 21:59:14:126</time></pt><pt><x>997</x><y>447</y><time>13-12-21 21:59:14:526</time></pt><pt><x>1025</x><y>458</y><time>13-12-21 21:59:14:918</time></pt><pt><x>1034</x><y>471</y><time>13-12-21 21:59:15:248</time></pt><pt><x>1036</x><y>497</y><time>13-12-21 21:59:15:599</time></pt><pt><x>1038</x><y>519</y><time>13-12-21 21:59:16:518</time></pt><pt><x>1029</x><y>539</y><time>13-12-21 21:59:16:862</time></pt><pt><x>1005</x><y>539</y><time>13-12-21 21:59:17:184</time></pt><pt><x>995</x><y>563</y><time>13-12-21 21:59:17:447</time></pt><pt><x>971</x><y>569</y><time>13-12-21 21:59:17:901</time></pt><pt><x>929</x><y>554</y><time>13-12-21 21:59:18:249</time></pt><pt><x>907</x><y>554</y><time>13-12-21 21:59:18:510</time></pt><pt><x>892</x><y>534</y><time>13-12-21 21:59:18:958</time></pt><closed_date>13-12-21 21:59:19:486</closed_date></polygon></object><imagesize><nrows /><ncols /></imagesize></annotation>