<?xml version='1.0' encoding='UTF-8'?>
<annotation><filename>65.jpg</filename><folder>segmentation_xray</folder><source><sourceImage>The MIT-CSAIL database of objects and scenes</sourceImage><sourceAnnotation>LabelMe Webtool</sourceAnnotation></source><object><name>tooth 17</name><deleted>0</deleted><verified>0</verified><occluded>no</occluded><attributes /><parts><hasparts /><ispartof /></parts><date>13-01-22 11:13:16:425</date><id>0</id><type>bounding_box</type><polygon><username>anonymous</username><pt><x>95</x><y>587</y><time>13-01-22 11:13:08:819</time></pt><pt><x>497</x><y>587</y><time>13-01-22 11:13:13:721</time></pt><pt><x>497</x><y>14</y><time>undefined</time></pt><pt><x>95</x><y>14</y><time>undefined</time></pt><closed_date>13-01-22 11:13:13:722</closed_date></polygon></object><object><name>tooth 16</name><deleted>0</deleted><verified>0</verified><occluded>no</occluded><attributes /><parts><hasparts /><ispartof /></parts><date>13-01-22 11:13:24:898</date><id>1</id><type>bounding_box</type><polygon><username>anonymous</username><pt><x>921</x><y>589</y><time>13-01-22 11:13:18:760</time></pt><pt><x>485</x><y>589</y><time>13-01-22 11:13:22:175</time></pt><pt><x>485</x><y>17</y><time>undefined</time></pt><pt><x>921</x><y>17</y><time>undefined</time></pt><closed_date>13-01-22 11:13:22:175</closed_date></polygon></object><object><name>tooth 15</name><deleted>0</deleted><verified>0</verified><occluded>no</occluded><attributes /><parts><hasparts /><ispartof /></parts><date>13-01-22 11:13:32:343</date><id>2</id><type>bounding_box</type><polygon><username>anonymous</username><pt><x>1214</x><y>608</y><time>13-01-22 11:13:26:994</time></pt><pt><x>911</x><y>608</y><time>13-01-22 11:13:29:296</time></pt><pt><x>911</x><y>7</y><time>undefined</time></pt><pt><x>1214</x><y>7</y><time>undefined</time></pt><closed_date>13-01-22 11:13:29:296</closed_date></polygon></object><object><name>tooth 14</name><deleted>0</deleted><verified>0</verified><occluded>no</occluded><attributes /><parts><hasparts /><ispartof /></parts><date>13-01-22 11:13:39:659</date><id>3</id><type>bounding_box</type><polygon><username>anonymous</username><pt><x>1527</x><y>622</y><time>13-01-22 11:13:34:123</time></pt><pt><x>1207</x><y>622</y><time>13-01-22 11:13:37:166</time></pt><pt><x>1207</x><y>2</y><time>undefined</time></pt><pt><x>1527</x><y>2</y><time>undefined</time></pt><closed_date>13-01-22 11:13:37:166</closed_date></polygon></object><object><name>tooth 13</name><deleted>0</deleted><verified>0</verified><occluded>no</occluded><attributes /><parts><hasparts /><ispartof /></parts><date>13-01-22 11:13:49:939</date><id>4</id><type>bounding_box</type><polygon><username>anonymous</username><pt><x>1463</x><y>499</y><time>13-01-22 11:13:43:847</time></pt><pt><x>1605</x><y>499</y><time>13-01-22 11:13:47:173</time></pt><pt><x>1605</x><y>28</y><time>undefined</time></pt><pt><x>1463</x><y>28</y><time>undefined</time></pt><closed_date>13-01-22 11:13:47:174</closed_date></polygon></object><object><name>tooth 44</name><deleted>0</deleted><verified>0</verified><occluded>no</occluded><attributes /><parts><hasparts /><ispartof /></parts><date>13-01-22 11:14:00:795</date><id>5</id><type>bounding_box</type><polygon><username>anonymous</username><pt><x>1325</x><y>724</y><time>13-01-22 11:13:51:809</time></pt><pt><x>1607</x><y>724</y><time>13-01-22 11:13:57:164</time></pt><pt><x>1607</x><y>1240</y><time>undefined</time></pt><pt><x>1325</x><y>1240</y><time>undefined</time></pt><closed_date>13-01-22 11:13:57:164</closed_date></polygon></object><object><name>tooth 45</name><deleted>0</deleted><verified>0</verified><occluded>no</occluded><attributes /><parts><hasparts /><ispartof /></parts><date>13-01-22 11:14:08:024</date><id>6</id><type>bounding_box</type><polygon><username>anonymous</username><pt><x>1044</x><y>729</y><time>13-01-22 11:14:02:829</time></pt><pt><x>1349</x><y>729</y><time>13-01-22 11:14:04:779</time></pt><pt><x>1349</x><y>1254</y><time>undefined</time></pt><pt><x>1044</x><y>1254</y><time>undefined</time></pt><closed_date>13-01-22 11:14:04:779</closed_date></polygon></object><object><name>tooth 46</name><deleted>0</deleted><verified>0</verified><occluded>no</occluded><attributes /><parts><hasparts /><ispartof /></parts><date>13-01-22 11:14:16:044</date><id>7</id><type>bounding_box</type><polygon><username>anonymous</username><pt><x>563</x><y>684</y><time>13-01-22 11:14:09:751</time></pt><pt><x>1060</x><y>684</y><time>13-01-22 11:14:13:143</time></pt><pt><x>1060</x><y>1266</y><time>undefined</time></pt><pt><x>563</x><y>1266</y><time>undefined</time></pt><closed_date>13-01-22 11:14:13:143</closed_date></polygon></object><object><name>tooth 47</name><deleted>0</deleted><verified>0</verified><occluded>no</occluded><attributes /><parts><hasparts /><ispartof /></parts><date>13-01-22 11:14:23:608</date><id>8</id><type>bounding_box</type><polygon><username>anonymous</username><pt><x>118</x><y>625</y><time>13-01-22 11:14:17:911</time></pt><pt><x>585</x><y>625</y><time>13-01-22 11:14:21:367</time></pt><pt><x>585</x><y>1264</y><time>undefined</time></pt><pt><x>118</x><y>1264</y><time>undefined</time></pt><closed_date>13-01-22 11:14:21:367</closed_date></polygon></object><object><name>tooth 48</name><deleted>0</deleted><verified>0</verified><occluded>no</occluded><attributes /><parts><hasparts /><ispartof /></parts><date>13-01-22 11:14:34:896</date><id>9</id><type>bounding_box</type><polygon><username>anonymous</username><pt><x>0</x><y>731</y><time>13-01-22 11:14:28:918</time></pt><pt><x>173</x><y>731</y><time>13-01-22 11:14:30:413</time></pt><pt><x>173</x><y>1082</y><time>undefined</time></pt><pt><x>0</x><y>1082</y><time>undefined</time></pt><closed_date>13-01-22 11:14:30:413</closed_date></polygon></object><imagesize><nrows /><ncols /></imagesize></annotation>