<?xml version='1.0' encoding='UTF-8'?>
<annotation><filename>67.jpg</filename><folder>segmentation_xray</folder><source><sourceImage>The MIT-CSAIL database of objects and scenes</sourceImage><sourceAnnotation>LabelMe Webtool</sourceAnnotation></source><object><name>tooth</name><deleted>0</deleted><verified>0</verified><occluded>no</occluded><attributes>27</attributes><parts><hasparts>13</hasparts><ispartof /></parts><date>18-01-22 17:48:02:514</date><id>0</id><type>bounding_box</type><polygon><username>anonymous</username><pt><x>823</x><y>3</y><time>18-01-22 17:47:53:520</time></pt><pt><x>1119</x><y>3</y><time>18-01-22 17:47:56:287</time></pt><pt><x>1119</x><y>304</y><time>undefined</time></pt><pt><x>823</x><y>304</y><time>undefined</time></pt><closed_date>18-01-22 17:47:56:287</closed_date></polygon></object><object><name>tooth</name><deleted>0</deleted><verified>0</verified><occluded>no</occluded><attributes>26</attributes><parts><hasparts>14,15</hasparts><ispartof /></parts><date>18-01-22 17:48:15:551</date><id>1</id><type>bounding_box</type><polygon><username>anonymous</username><pt><x>838</x><y>336</y><time>18-01-22 17:48:07:615</time></pt><pt><x>509</x><y>336</y><time>18-01-22 17:48:11:510</time></pt><pt><x>509</x><y>2</y><time>undefined</time></pt><pt><x>838</x><y>2</y><time>undefined</time></pt><closed_date>18-01-22 17:48:11:510</closed_date></polygon></object><object><name>tooth</name><deleted>0</deleted><verified>0</verified><occluded>no</occluded><attributes>25</attributes><parts><hasparts>16</hasparts><ispartof /></parts><date>18-01-22 17:48:22:122</date><id>2</id><type>bounding_box</type><polygon><username>anonymous</username><pt><x>344</x><y>5</y><time>18-01-22 17:48:16:674</time></pt><pt><x>539</x><y>5</y><time>18-01-22 17:48:18:383</time></pt><pt><x>539</x><y>289</y><time>undefined</time></pt><pt><x>344</x><y>289</y><time>undefined</time></pt><closed_date>18-01-22 17:48:18:383</closed_date></polygon></object><object><name>tooth</name><deleted>0</deleted><verified>0</verified><occluded>no</occluded><attributes>23</attributes><parts><hasparts /><ispartof /></parts><date>18-01-22 17:48:32:288</date><id>3</id><type>bounding_box</type><polygon><username>anonymous</username><pt><x>147</x><y>13</y><time>18-01-22 17:48:23:263</time></pt><pt><x>7</x><y>13</y><time>18-01-22 17:48:25:966</time></pt><pt><x>7</x><y>297</y><time>undefined</time></pt><pt><x>147</x><y>297</y><time>undefined</time></pt><closed_date>18-01-22 17:48:25:966</closed_date></polygon></object><object><name>tooth</name><deleted>0</deleted><verified>0</verified><occluded>no</occluded><attributes>24</attributes><parts><hasparts>17</hasparts><ispartof /></parts><date>18-01-22 17:48:44:203</date><id>4</id><type>bounding_box</type><polygon><username>anonymous</username><pt><x>334</x><y>296</y><time>18-01-22 17:48:33:904</time></pt><pt><x>127</x><y>296</y><time>18-01-22 17:48:36:279</time></pt><pt><x>127</x><y>0</y><time>undefined</time></pt><pt><x>334</x><y>0</y><time>undefined</time></pt><closed_date>18-01-22 17:48:36:279</closed_date></polygon></object><object><name>tooth</name><deleted>0</deleted><verified>0</verified><occluded>no</occluded><attributes>34</attributes><parts><hasparts /><ispartof /></parts><date>18-01-22 17:49:01:442</date><id>5</id><type>bounding_box</type><polygon><username>anonymous</username><pt><x>8</x><y>357</y><time>18-01-22 17:48:45:776</time></pt><pt><x>197</x><y>357</y><time>18-01-22 17:48:48:887</time></pt><pt><x>197</x><y>948</y><time>undefined</time></pt><pt><x>8</x><y>948</y><time>undefined</time></pt><closed_date>18-01-22 17:48:48:887</closed_date></polygon></object><object><name>tooth</name><deleted>0</deleted><verified>0</verified><occluded>no</occluded><attributes>35</attributes><parts><hasparts>9</hasparts><ispartof /></parts><date>18-01-22 17:49:10:429</date><id>6</id><type>bounding_box</type><polygon><username>anonymous</username><pt><x>399</x><y>361</y><time>18-01-22 17:49:04:225</time></pt><pt><x>187</x><y>361</y><time>18-01-22 17:49:07:079</time></pt><pt><x>187</x><y>947</y><time>undefined</time></pt><pt><x>399</x><y>947</y><time>undefined</time></pt><closed_date>18-01-22 17:49:07:079</closed_date></polygon></object><object><name>tooth</name><deleted>0</deleted><verified>0</verified><occluded>no</occluded><attributes>36</attributes><parts><hasparts>10,11</hasparts><ispartof /></parts><date>18-01-22 17:49:31:255</date><id>7</id><type>bounding_box</type><polygon><username>anonymous</username><pt><x>790</x><y>940</y><time>18-01-22 17:49:19:359</time></pt><pt><x>414</x><y>940</y><time>18-01-22 17:49:21:719</time></pt><pt><x>414</x><y>406</y><time>undefined</time></pt><pt><x>790</x><y>406</y><time>undefined</time></pt><closed_date>18-01-22 17:49:21:719</closed_date></polygon></object><object><name>tooth</name><deleted>0</deleted><verified>0</verified><occluded>no</occluded><attributes>37</attributes><parts><hasparts>12</hasparts><ispartof /></parts><date>18-01-22 17:49:41:522</date><id>8</id><type>bounding_box</type><polygon><username>anonymous</username><pt><x>1169</x><y>948</y><time>18-01-22 17:49:34:719</time></pt><pt><x>725</x><y>948</y><time>18-01-22 17:49:37:431</time></pt><pt><x>725</x><y>354</y><time>undefined</time></pt><pt><x>1169</x><y>354</y><time>undefined</time></pt><closed_date>18-01-22 17:49:37:431</closed_date></polygon></object><object><name>restoration</name><deleted>0</deleted><verified>0</verified><occluded>no</occluded><attributes /><parts><hasparts /><ispartof>6</ispartof></parts><date>18-01-22 17:50:23:267</date><id>9</id><polygon><username>anonymous</username><pt><x>244</x><y>417</y><time>18-01-22 17:49:51:841</time></pt><pt><x>244</x><y>434</y><time>18-01-22 17:49:52:319</time></pt><pt><x>259</x><y>446</y><time>18-01-22 17:49:52:822</time></pt><pt><x>289</x><y>451</y><time>18-01-22 17:49:53:366</time></pt><pt><x>316</x><y>452</y><time>18-01-22 17:49:53:726</time></pt><pt><x>352</x><y>451</y><time>18-01-22 17:49:54:271</time></pt><pt><x>367</x><y>436</y><time>18-01-22 17:49:54:911</time></pt><pt><x>354</x><y>419</y><time>18-01-22 17:49:55:606</time></pt><pt><x>329</x><y>409</y><time>18-01-22 17:49:56:014</time></pt><pt><x>311</x><y>397</y><time>18-01-22 17:49:56:462</time></pt><pt><x>284</x><y>391</y><time>18-01-22 17:49:56:878</time></pt><pt><x>270</x><y>389</y><time>18-01-22 17:49:57:198</time></pt><closed_date>18-01-22 17:50:00:039</closed_date></polygon></object><object><name>root canal treatment</name><deleted>0</deleted><verified>0</verified><occluded>no</occluded><attributes /><parts><hasparts /><ispartof>7</ispartof></parts><date>18-01-22 17:50:35:631</date><id>10</id><polygon><username>anonymous</username><pt><x>498</x><y>636</y><time>18-01-22 17:50:25:593</time></pt><pt><x>499</x><y>765</y><time>18-01-22 17:50:26:551</time></pt><pt><x>509</x><y>815</y><time>18-01-22 17:50:26:991</time></pt><pt><x>519</x><y>858</y><time>18-01-22 17:50:27:423</time></pt><pt><x>539</x><y>908</y><time>18-01-22 17:50:27:872</time></pt><pt><x>554</x><y>943</y><time>18-01-22 17:50:29:015</time></pt><pt><x>579</x><y>945</y><time>18-01-22 17:50:29:759</time></pt><pt><x>539</x><y>785</y><time>18-01-22 17:50:30:735</time></pt><pt><x>533</x><y>756</y><time>18-01-22 17:50:31:159</time></pt><pt><x>534</x><y>721</y><time>18-01-22 17:50:31:487</time></pt><pt><x>541</x><y>680</y><time>18-01-22 17:50:31:832</time></pt><pt><x>541</x><y>648</y><time>18-01-22 17:50:32:215</time></pt><closed_date>18-01-22 17:50:32:959</closed_date></polygon></object><object><name>root canal treatment</name><deleted>0</deleted><verified>0</verified><occluded>no</occluded><attributes /><parts><hasparts /><ispartof>7</ispartof></parts><date>18-01-22 17:50:45:127</date><id>11</id><polygon><username>anonymous</username><pt><x>599</x><y>643</y><time>18-01-22 17:50:36:255</time></pt><pt><x>631</x><y>631</y><time>18-01-22 17:50:36:711</time></pt><pt><x>646</x><y>628</y><time>18-01-22 17:50:37:783</time></pt><pt><x>721</x><y>828</y><time>18-01-22 17:50:38:927</time></pt><pt><x>753</x><y>928</y><time>18-01-22 17:50:39:870</time></pt><pt><x>756</x><y>945</y><time>18-01-22 17:50:40:432</time></pt><pt><x>730</x><y>945</y><time>18-01-22 17:50:41:031</time></pt><pt><x>658</x><y>755</y><time>18-01-22 17:50:41:871</time></pt><closed_date>18-01-22 17:50:42:679</closed_date></polygon></object><object><name>restoration</name><deleted>0</deleted><verified>0</verified><occluded>no</occluded><attributes /><parts><hasparts /><ispartof>8</ispartof></parts><date>18-01-22 17:51:04:089</date><id>12</id><polygon><username>anonymous</username><pt><x>798</x><y>511</y><time>18-01-22 17:50:46:426</time></pt><pt><x>821</x><y>539</y><time>18-01-22 17:50:46:903</time></pt><pt><x>845</x><y>544</y><time>18-01-22 17:50:50:784</time></pt><pt><x>862</x><y>529</y><time>18-01-22 17:50:52:960</time></pt><pt><x>878</x><y>514</y><time>18-01-22 17:50:53:536</time></pt><pt><x>878</x><y>493</y><time>18-01-22 17:50:53:880</time></pt><pt><x>892</x><y>479</y><time>18-01-22 17:50:54:199</time></pt><pt><x>920</x><y>467</y><time>18-01-22 17:50:54:552</time></pt><pt><x>963</x><y>447</y><time>18-01-22 17:50:54:927</time></pt><pt><x>983</x><y>427</y><time>18-01-22 17:50:55:287</time></pt><pt><x>977</x><y>406</y><time>18-01-22 17:50:55:743</time></pt><pt><x>937</x><y>396</y><time>18-01-22 17:50:56:255</time></pt><pt><x>900</x><y>402</y><time>18-01-22 17:50:56:775</time></pt><pt><x>875</x><y>409</y><time>18-01-22 17:50:57:137</time></pt><pt><x>867</x><y>421</y><time>18-01-22 17:50:57:439</time></pt><pt><x>846</x><y>426</y><time>18-01-22 17:50:58:103</time></pt><pt><x>833</x><y>419</y><time>18-01-22 17:50:58:503</time></pt><pt><x>808</x><y>422</y><time>18-01-22 17:50:58:833</time></pt><pt><x>791</x><y>429</y><time>18-01-22 17:50:59:160</time></pt><pt><x>776</x><y>442</y><time>18-01-22 17:50:59:480</time></pt><pt><x>766</x><y>457</y><time>18-01-22 17:50:59:769</time></pt><pt><x>768</x><y>476</y><time>18-01-22 17:51:00:025</time></pt><pt><x>773</x><y>484</y><time>18-01-22 17:51:00:264</time></pt><pt><x>786</x><y>494</y><time>18-01-22 17:51:00:471</time></pt><closed_date>18-01-22 17:51:00:680</closed_date></polygon></object><object><name>restoration</name><deleted>0</deleted><verified>0</verified><occluded>no</occluded><attributes /><parts><hasparts /><ispartof>0</ispartof></parts><date>18-01-22 17:51:39:273</date><id>13</id><polygon><username>anonymous</username><pt><x>867</x><y>205</y><time>18-01-22 17:51:29:419</time></pt><pt><x>892</x><y>200</y><time>18-01-22 17:51:29:856</time></pt><pt><x>920</x><y>185</y><time>18-01-22 17:51:30:488</time></pt><pt><x>935</x><y>175</y><time>18-01-22 17:51:30:952</time></pt><pt><x>957</x><y>170</y><time>18-01-22 17:51:31:267</time></pt><pt><x>997</x><y>169</y><time>18-01-22 17:51:31:599</time></pt><pt><x>1017</x><y>179</y><time>18-01-22 17:51:31:865</time></pt><pt><x>1027</x><y>185</y><time>18-01-22 17:51:32:088</time></pt><pt><x>1042</x><y>187</y><time>18-01-22 17:51:32:304</time></pt><pt><x>1072</x><y>192</y><time>18-01-22 17:51:32:752</time></pt><pt><x>1080</x><y>219</y><time>18-01-22 17:51:33:639</time></pt><pt><x>1025</x><y>227</y><time>18-01-22 17:51:34:304</time></pt><pt><x>1013</x><y>239</y><time>18-01-22 17:51:34:624</time></pt><pt><x>998</x><y>240</y><time>18-01-22 17:51:35:120</time></pt><pt><x>972</x><y>242</y><time>18-01-22 17:51:35:402</time></pt><pt><x>942</x><y>250</y><time>18-01-22 17:51:35:665</time></pt><pt><x>918</x><y>250</y><time>18-01-22 17:51:35:944</time></pt><pt><x>868</x><y>247</y><time>18-01-22 17:51:36:368</time></pt><pt><x>857</x><y>234</y><time>18-01-22 17:51:36:943</time></pt><closed_date>18-01-22 17:51:37:247</closed_date></polygon></object><object><name>restoration</name><deleted>0</deleted><verified>0</verified><occluded>no</occluded><attributes /><parts><hasparts /><ispartof>1</ispartof></parts><date>18-01-22 17:51:54:016</date><id>14</id><polygon><username>anonymous</username><pt><x>604</x><y>274</y><time>18-01-22 17:51:40:370</time></pt><pt><x>618</x><y>287</y><time>18-01-22 17:51:40:824</time></pt><pt><x>636</x><y>289</y><time>18-01-22 17:51:41:152</time></pt><pt><x>653</x><y>284</y><time>18-01-22 17:51:41:496</time></pt><pt><x>664</x><y>282</y><time>18-01-22 17:51:41:777</time></pt><pt><x>670</x><y>287</y><time>18-01-22 17:51:48:120</time></pt><pt><x>690</x><y>279</y><time>18-01-22 17:51:48:696</time></pt><pt><x>690</x><y>264</y><time>18-01-22 17:51:49:056</time></pt><pt><x>666</x><y>252</y><time>18-01-22 17:51:49:424</time></pt><pt><x>648</x><y>254</y><time>18-01-22 17:51:49:784</time></pt><pt><x>619</x><y>262</y><time>18-01-22 17:51:50:072</time></pt><pt><x>614</x><y>265</y><time>18-01-22 17:51:50:272</time></pt><closed_date>18-01-22 17:51:50:656</closed_date></polygon></object><object><name>restoration</name><deleted>0</deleted><verified>0</verified><occluded>no</occluded><attributes /><parts><hasparts /><ispartof>1</ispartof></parts><date>18-01-22 17:52:01:123</date><id>15</id><polygon><username>anonymous</username><pt><x>698</x><y>292</y><time>18-01-22 17:51:54:873</time></pt><pt><x>715</x><y>272</y><time>18-01-22 17:51:55:304</time></pt><pt><x>741</x><y>264</y><time>18-01-22 17:51:55:699</time></pt><pt><x>768</x><y>264</y><time>18-01-22 17:51:56:017</time></pt><pt><x>781</x><y>264</y><time>18-01-22 17:51:56:384</time></pt><pt><x>798</x><y>280</y><time>18-01-22 17:51:56:818</time></pt><pt><x>796</x><y>297</y><time>18-01-22 17:51:57:497</time></pt><pt><x>770</x><y>297</y><time>18-01-22 17:51:57:824</time></pt><pt><x>751</x><y>302</y><time>18-01-22 17:51:58:096</time></pt><pt><x>726</x><y>302</y><time>18-01-22 17:51:58:608</time></pt><pt><x>715</x><y>292</y><time>18-01-22 17:51:58:944</time></pt><closed_date>18-01-22 17:51:59:224</closed_date></polygon></object><object><name>restoration</name><deleted>0</deleted><verified>0</verified><occluded>no</occluded><attributes /><parts><hasparts /><ispartof>2</ispartof></parts><date>18-01-22 17:52:14:499</date><id>16</id><polygon><username>anonymous</username><pt><x>387</x><y>164</y><time>18-01-22 17:52:02:217</time></pt><pt><x>387</x><y>134</y><time>18-01-22 17:52:02:704</time></pt><pt><x>379</x><y>127</y><time>18-01-22 17:52:03:519</time></pt><pt><x>361</x><y>139</y><time>18-01-22 17:52:03:848</time></pt><pt><x>352</x><y>160</y><time>18-01-22 17:52:04:176</time></pt><pt><x>359</x><y>197</y><time>18-01-22 17:52:04:623</time></pt><pt><x>384</x><y>219</y><time>18-01-22 17:52:04:985</time></pt><pt><x>422</x><y>235</y><time>18-01-22 17:52:05:625</time></pt><pt><x>424</x><y>222</y><time>18-01-22 17:52:10:168</time></pt><pt><x>404</x><y>202</y><time>18-01-22 17:52:10:497</time></pt><pt><x>392</x><y>187</y><time>18-01-22 17:52:10:792</time></pt><closed_date>18-01-22 17:52:11:000</closed_date></polygon></object><object><name>restoration</name><deleted>0</deleted><verified>0</verified><occluded>no</occluded><attributes /><parts><hasparts /><ispartof>4</ispartof></parts><date>18-01-22 17:52:23:947</date><id>17</id><polygon><username>anonymous</username><pt><x>287</x><y>172</y><time>18-01-22 17:52:15:617</time></pt><pt><x>297</x><y>137</y><time>18-01-22 17:52:16:288</time></pt><pt><x>306</x><y>115</y><time>18-01-22 17:52:16:649</time></pt><pt><x>317</x><y>124</y><time>18-01-22 17:52:17:840</time></pt><pt><x>324</x><y>140</y><time>18-01-22 17:52:18:193</time></pt><pt><x>329</x><y>154</y><time>18-01-22 17:52:18:466</time></pt><pt><x>326</x><y>177</y><time>18-01-22 17:52:18:744</time></pt><pt><x>322</x><y>194</y><time>18-01-22 17:52:19:113</time></pt><pt><x>309</x><y>204</y><time>18-01-22 17:52:19:384</time></pt><pt><x>301</x><y>212</y><time>18-01-22 17:52:19:576</time></pt><pt><x>291</x><y>219</y><time>18-01-22 17:52:19:776</time></pt><pt><x>269</x><y>222</y><time>18-01-22 17:52:20:256</time></pt><pt><x>257</x><y>220</y><time>18-01-22 17:52:20:608</time></pt><pt><x>249</x><y>212</y><time>18-01-22 17:52:20:849</time></pt><pt><x>252</x><y>197</y><time>18-01-22 17:52:21:064</time></pt><pt><x>264</x><y>185</y><time>18-01-22 17:52:21:298</time></pt><closed_date>18-01-22 17:52:21:529</closed_date></polygon></object><imagesize><nrows /><ncols /></imagesize></annotation>