<?xml version="1.0" encoding="UTF-8"?><annotation><filename>68.jpg</filename><folder>segmentation_xray</folder><source><sourceImage>The MIT-CSAIL database of objects and scenes</sourceImage><sourceAnnotation>LabelMe Webtool</sourceAnnotation></source><object><name>tooth</name><deleted>0</deleted><verified>0</verified><occluded>no</occluded><attributes>28</attributes><parts><hasparts/><ispartof/></parts><date>14-12-21 22:13:47:217</date><id>0</id><type>bounding_box</type><polygon><username>anonymous</username><pt><x>1229</x><y>511</y><time>14-12-21 22:13:40:149</time></pt><pt><x>1568</x><y>511</y><time>14-12-21 22:13:42:379</time></pt><pt><x>1568</x><y>24</y><time>undefined</time></pt><pt><x>1229</x><y>24</y><time>undefined</time></pt><closed_date>14-12-21 22:13:42:379</closed_date></polygon></object><object><name>tooth</name><deleted>0</deleted><verified>0</verified><occluded>no</occluded><attributes>27</attributes><parts><hasparts>9</hasparts><ispartof/></parts><date>14-12-21 22:13:55:277</date><id>1</id><type>bounding_box</type><polygon><username>anonymous</username><pt><x>816</x><y>539</y><time>14-12-21 22:13:48:949</time></pt><pt><x>1209</x><y>539</y><time>14-12-21 22:13:51:187</time></pt><pt><x>1209</x><y>33</y><time>undefined</time></pt><pt><x>816</x><y>33</y><time>undefined</time></pt><closed_date>14-12-21 22:13:51:187</closed_date></polygon></object><object><name>tooth</name><deleted>0</deleted><verified>0</verified><occluded>no</occluded><attributes>26</attributes><parts><hasparts>10</hasparts><ispartof/></parts><date>14-12-21 22:14:02:534</date><id>2</id><type>bounding_box</type><polygon><username>anonymous</username><pt><x>391</x><y>546</y><time>14-12-21 22:13:56:477</time></pt><pt><x>842</x><y>546</y><time>14-12-21 22:13:58:586</time></pt><pt><x>842</x><y>27</y><time>undefined</time></pt><pt><x>391</x><y>27</y><time>undefined</time></pt><closed_date>14-12-21 22:13:58:587</closed_date></polygon></object><object><name>tooth</name><deleted>0</deleted><verified>0</verified><occluded>no</occluded><attributes>25</attributes><parts><hasparts>11</hasparts><ispartof/></parts><date>14-12-21 22:14:11:374</date><id>3</id><type>bounding_box</type><polygon><username>anonymous</username><pt><x>106</x><y>531</y><time>14-12-21 22:14:03:918</time></pt><pt><x>409</x><y>531</y><time>14-12-21 22:14:07:459</time></pt><pt><x>409</x><y>24</y><time>undefined</time></pt><pt><x>106</x><y>24</y><time>undefined</time></pt><closed_date>14-12-21 22:14:07:459</closed_date></polygon></object><object><name>tooth</name><deleted>0</deleted><verified>0</verified><occluded>no</occluded><attributes>24</attributes><parts><hasparts>12</hasparts><ispartof/></parts><date>14-12-21 22:14:18:191</date><id>4</id><type>bounding_box</type><polygon><username>anonymous</username><pt><x>11</x><y>517</y><time>14-12-21 22:14:12:212</time></pt><pt><x>144</x><y>517</y><time>14-12-21 22:14:14:443</time></pt><pt><x>144</x><y>46</y><time>undefined</time></pt><pt><x>11</x><y>46</y><time>undefined</time></pt><closed_date>14-12-21 22:14:14:444</closed_date></polygon></object><object><name>tooth</name><deleted>0</deleted><verified>0</verified><occluded>no</occluded><attributes>38</attributes><parts><hasparts/><ispartof/></parts><date>14-12-21 22:14:31:439</date><id>5</id><type>bounding_box</type><polygon><username>anonymous</username><pt><x>1472</x><y>586</y><time>14-12-21 22:14:20:588</time></pt><pt><x>1010</x><y>586</y><time>14-12-21 22:14:23:220</time></pt><pt><x>1010</x><y>1247</y><time>undefined</time></pt><pt><x>1472</x><y>1247</y><time>undefined</time></pt><closed_date>14-12-21 22:14:23:220</closed_date></polygon></object><object><name>tooth</name><deleted>0</deleted><verified>0</verified><occluded>no</occluded><attributes>37</attributes><parts><hasparts>15</hasparts><ispartof/></parts><date>14-12-21 22:14:43:151</date><id>6</id><type>bounding_box</type><polygon><username>anonymous</username><pt><x>553</x><y>637</y><time>14-12-21 22:14:34:494</time></pt><pt><x>1037</x><y>637</y><time>14-12-21 22:14:36:676</time></pt><pt><x>1037</x><y>1247</y><time>undefined</time></pt><pt><x>553</x><y>1247</y><time>undefined</time></pt><closed_date>14-12-21 22:14:36:676</closed_date></polygon></object><object><name>tooth</name><deleted>0</deleted><verified>0</verified><occluded>no</occluded><attributes>36</attributes><parts><hasparts>14</hasparts><ispartof/></parts><date>14-12-21 22:14:52:110</date><id>7</id><type>bounding_box</type><polygon><username>anonymous</username><pt><x>93</x><y>648</y><time>14-12-21 22:14:44:445</time></pt><pt><x>606</x><y>648</y><time>14-12-21 22:14:46:484</time></pt><pt><x>606</x><y>1243</y><time>undefined</time></pt><pt><x>93</x><y>1243</y><time>undefined</time></pt><closed_date>14-12-21 22:14:46:484</closed_date></polygon></object><object><name>tooth</name><deleted>0</deleted><verified>0</verified><occluded>no</occluded><attributes>35</attributes><parts><hasparts>13</hasparts><ispartof/></parts><date>14-12-21 22:14:59:408</date><id>8</id><type>bounding_box</type><polygon><username>anonymous</username><pt><x>4</x><y>681</y><time>14-12-21 22:14:52:725</time></pt><pt><x>95</x><y>681</y><time>14-12-21 22:14:54:165</time></pt><pt><x>95</x><y>1130</y><time>undefined</time></pt><pt><x>4</x><y>1130</y><time>undefined</time></pt><closed_date>14-12-21 22:14:54:165</closed_date></polygon></object><object><name>restoration</name><deleted>0</deleted><verified>0</verified><occluded>no</occluded><attributes/><parts><hasparts/><ispartof>1</ispartof></parts><date>14-12-21 22:15:15:589</date><id>9</id><polygon><username>anonymous</username><pt><x>1170</x><y>411</y><time>14-12-21 22:15:02:028</time></pt><pt><x>1130</x><y>389</y><time>14-12-21 22:15:02:435</time></pt><pt><x>1105</x><y>378</y><time>14-12-21 22:15:02:747</time></pt><pt><x>1088</x><y>391</y><time>14-12-21 22:15:03:036</time></pt><pt><x>1037</x><y>391</y><time>14-12-21 22:15:03:318</time></pt><pt><x>1010</x><y>391</y><time>14-12-21 22:15:03:571</time></pt><pt><x>986</x><y>391</y><time>14-12-21 22:15:03:819</time></pt><pt><x>971</x><y>378</y><time>14-12-21 22:15:04:084</time></pt><pt><x>944</x><y>356</y><time>14-12-21 22:15:04:452</time></pt><pt><x>922</x><y>347</y><time>14-12-21 22:15:07:571</time></pt><pt><x>906</x><y>345</y><time>14-12-21 22:15:08:044</time></pt><pt><x>873</x><y>343</y><time>14-12-21 22:15:08:316</time></pt><pt><x>849</x><y>349</y><time>14-12-21 22:15:08:571</time></pt><pt><x>834</x><y>354</y><time>14-12-21 22:15:08:812</time></pt><pt><x>827</x><y>367</y><time>14-12-21 22:15:09:062</time></pt><pt><x>820</x><y>385</y><time>14-12-21 22:15:09:267</time></pt><pt><x>816</x><y>407</y><time>14-12-21 22:15:09:476</time></pt><pt><x>816</x><y>427</y><time>14-12-21 22:15:09:692</time></pt><pt><x>818</x><y>460</y><time>14-12-21 22:15:09:916</time></pt><pt><x>829</x><y>478</y><time>14-12-21 22:15:10:132</time></pt><pt><x>876</x><y>504</y><time>14-12-21 22:15:10:692</time></pt><pt><x>913</x><y>506</y><time>14-12-21 22:15:10:939</time></pt><pt><x>948</x><y>504</y><time>14-12-21 22:15:11:190</time></pt><pt><x>979</x><y>497</y><time>14-12-21 22:15:11:381</time></pt><pt><x>1002</x><y>495</y><time>14-12-21 22:15:11:565</time></pt><pt><x>1028</x><y>495</y><time>14-12-21 22:15:11:740</time></pt><pt><x>1052</x><y>493</y><time>14-12-21 22:15:11:925</time></pt><pt><x>1088</x><y>486</y><time>14-12-21 22:15:12:166</time></pt><pt><x>1114</x><y>482</y><time>14-12-21 22:15:12:444</time></pt><pt><x>1150</x><y>471</y><time>14-12-21 22:15:12:644</time></pt><pt><x>1170</x><y>462</y><time>14-12-21 22:15:12:836</time></pt><pt><x>1183</x><y>449</y><time>14-12-21 22:15:13:036</time></pt><pt><x>1187</x><y>427</y><time>14-12-21 22:15:13:252</time></pt><closed_date>14-12-21 22:15:13:428</closed_date></polygon></object><object><name>restoration</name><deleted>0</deleted><verified>0</verified><occluded>no</occluded><attributes/><parts><hasparts/><ispartof>2</ispartof></parts><date>14-12-21 22:15:27:384</date><id>10</id><polygon><username>anonymous</username><pt><x>807</x><y>453</y><time>14-12-21 22:15:16:485</time></pt><pt><x>774</x><y>451</y><time>14-12-21 22:15:16:836</time></pt><pt><x>747</x><y>442</y><time>14-12-21 22:15:17:092</time></pt><pt><x>703</x><y>447</y><time>14-12-21 22:15:17:318</time></pt><pt><x>690</x><y>447</y><time>14-12-21 22:15:17:532</time></pt><pt><x>677</x><y>431</y><time>14-12-21 22:15:17:788</time></pt><pt><x>670</x><y>411</y><time>14-12-21 22:15:18:028</time></pt><pt><x>635</x><y>409</y><time>14-12-21 22:15:18:252</time></pt><pt><x>615</x><y>416</y><time>14-12-21 22:15:18:444</time></pt><pt><x>604</x><y>427</y><time>14-12-21 22:15:18:619</time></pt><pt><x>590</x><y>438</y><time>14-12-21 22:15:18:806</time></pt><pt><x>570</x><y>440</y><time>14-12-21 22:15:18:997</time></pt><pt><x>535</x><y>438</y><time>14-12-21 22:15:19:188</time></pt><pt><x>511</x><y>431</y><time>14-12-21 22:15:19:380</time></pt><pt><x>502</x><y>418</y><time>14-12-21 22:15:19:595</time></pt><pt><x>502</x><y>378</y><time>14-12-21 22:15:19:995</time></pt><pt><x>502</x><y>347</y><time>14-12-21 22:15:20:235</time></pt><pt><x>495</x><y>338</y><time>14-12-21 22:15:20:430</time></pt><pt><x>475</x><y>332</y><time>14-12-21 22:15:20:620</time></pt><pt><x>449</x><y>336</y><time>14-12-21 22:15:20:812</time></pt><pt><x>431</x><y>340</y><time>14-12-21 22:15:20:988</time></pt><pt><x>416</x><y>352</y><time>14-12-21 22:15:21:244</time></pt><pt><x>405</x><y>374</y><time>14-12-21 22:15:21:494</time></pt><pt><x>402</x><y>398</y><time>14-12-21 22:15:21:700</time></pt><pt><x>396</x><y>447</y><time>14-12-21 22:15:21:931</time></pt><pt><x>394</x><y>469</y><time>14-12-21 22:15:22:150</time></pt><pt><x>411</x><y>497</y><time>14-12-21 22:15:22:364</time></pt><pt><x>433</x><y>506</y><time>14-12-21 22:15:22:604</time></pt><pt><x>464</x><y>509</y><time>14-12-21 22:15:22:804</time></pt><pt><x>486</x><y>520</y><time>14-12-21 22:15:23:022</time></pt><pt><x>506</x><y>520</y><time>14-12-21 22:15:23:227</time></pt><pt><x>551</x><y>522</y><time>14-12-21 22:15:23:571</time></pt><pt><x>590</x><y>522</y><time>14-12-21 22:15:23:780</time></pt><pt><x>617</x><y>517</y><time>14-12-21 22:15:23:972</time></pt><pt><x>643</x><y>517</y><time>14-12-21 22:15:24:132</time></pt><pt><x>674</x><y>524</y><time>14-12-21 22:15:24:332</time></pt><pt><x>716</x><y>524</y><time>14-12-21 22:15:24:499</time></pt><pt><x>741</x><y>524</y><time>14-12-21 22:15:24:692</time></pt><pt><x>774</x><y>506</y><time>14-12-21 22:15:24:862</time></pt><pt><x>805</x><y>486</y><time>14-12-21 22:15:25:060</time></pt><closed_date>14-12-21 22:15:25:252</closed_date></polygon></object><object><name>restoration</name><deleted>0</deleted><verified>0</verified><occluded>no</occluded><attributes/><parts><hasparts/><ispartof>3</ispartof></parts><date>14-12-21 22:15:39:345</date><id>11</id><polygon><username>anonymous</username><pt><x>374</x><y>363</y><time>14-12-21 22:15:29:069</time></pt><pt><x>336</x><y>356</y><time>14-12-21 22:15:30:004</time></pt><pt><x>305</x><y>369</y><time>14-12-21 22:15:30:732</time></pt><pt><x>285</x><y>394</y><time>14-12-21 22:15:30:988</time></pt><pt><x>261</x><y>420</y><time>14-12-21 22:15:31:196</time></pt><pt><x>252</x><y>420</y><time>14-12-21 22:15:31:412</time></pt><pt><x>221</x><y>409</y><time>14-12-21 22:15:31:692</time></pt><pt><x>210</x><y>394</y><time>14-12-21 22:15:31:915</time></pt><pt><x>212</x><y>363</y><time>14-12-21 22:15:32:132</time></pt><pt><x>195</x><y>345</y><time>14-12-21 22:15:32:364</time></pt><pt><x>164</x><y>338</y><time>14-12-21 22:15:32:564</time></pt><pt><x>137</x><y>334</y><time>14-12-21 22:15:32:828</time></pt><pt><x>124</x><y>338</y><time>14-12-21 22:15:33:059</time></pt><pt><x>108</x><y>389</y><time>14-12-21 22:15:33:372</time></pt><pt><x>119</x><y>451</y><time>14-12-21 22:15:33:740</time></pt><pt><x>135</x><y>491</y><time>14-12-21 22:15:34:268</time></pt><pt><x>175</x><y>506</y><time>14-12-21 22:15:34:691</time></pt><pt><x>210</x><y>515</y><time>14-12-21 22:15:34:980</time></pt><pt><x>252</x><y>515</y><time>14-12-21 22:15:35:198</time></pt><pt><x>283</x><y>520</y><time>14-12-21 22:15:35:397</time></pt><pt><x>312</x><y>513</y><time>14-12-21 22:15:35:588</time></pt><pt><x>352</x><y>504</y><time>14-12-21 22:15:35:772</time></pt><pt><x>385</x><y>500</y><time>14-12-21 22:15:35:956</time></pt><pt><x>402</x><y>480</y><time>14-12-21 22:15:36:148</time></pt><pt><x>405</x><y>431</y><time>14-12-21 22:15:36:436</time></pt><pt><x>391</x><y>387</y><time>14-12-21 22:15:36:876</time></pt><closed_date>14-12-21 22:15:37:268</closed_date></polygon></object><object><name>restoration</name><deleted>0</deleted><verified>0</verified><occluded>no</occluded><attributes/><parts><hasparts/><ispartof>4</ispartof></parts><date>14-12-21 22:15:48:400</date><id>12</id><polygon><username>anonymous</username><pt><x>15</x><y>358</y><time>14-12-21 22:15:40:141</time></pt><pt><x>42</x><y>321</y><time>14-12-21 22:15:40:460</time></pt><pt><x>77</x><y>305</y><time>14-12-21 22:15:40:812</time></pt><pt><x>108</x><y>316</y><time>14-12-21 22:15:41:116</time></pt><pt><x>115</x><y>334</y><time>14-12-21 22:15:41:364</time></pt><pt><x>115</x><y>371</y><time>14-12-21 22:15:41:588</time></pt><pt><x>115</x><y>407</y><time>14-12-21 22:15:42:004</time></pt><pt><x>115</x><y>438</y><time>14-12-21 22:15:42:331</time></pt><pt><x>128</x><y>466</y><time>14-12-21 22:15:42:700</time></pt><pt><x>119</x><y>482</y><time>14-12-21 22:15:43:028</time></pt><pt><x>91</x><y>466</y><time>14-12-21 22:15:43:396</time></pt><pt><x>71</x><y>464</y><time>14-12-21 22:15:43:637</time></pt><pt><x>35</x><y>469</y><time>14-12-21 22:15:44:029</time></pt><pt><x>13</x><y>482</y><time>14-12-21 22:15:44:252</time></pt><pt><x>11</x><y>484</y><time>14-12-21 22:15:44:476</time></pt><closed_date>14-12-21 22:15:45:244</closed_date></polygon></object><object><name>restoration</name><deleted>0</deleted><verified>0</verified><occluded>no</occluded><attributes/><parts><hasparts/><ispartof>8</ispartof></parts><date>14-12-21 22:15:55:049</date><id>13</id><polygon><username>anonymous</username><pt><x>13</x><y>736</y><time>14-12-21 22:15:50:048</time></pt><pt><x>51</x><y>747</y><time>14-12-21 22:15:50:444</time></pt><pt><x>80</x><y>754</y><time>14-12-21 22:15:50:652</time></pt><pt><x>86</x><y>769</y><time>14-12-21 22:15:50:860</time></pt><pt><x>62</x><y>796</y><time>14-12-21 22:15:51:115</time></pt><pt><x>53</x><y>816</y><time>14-12-21 22:15:51:343</time></pt><pt><x>46</x><y>836</y><time>14-12-21 22:15:51:548</time></pt><pt><x>27</x><y>858</y><time>14-12-21 22:15:51:773</time></pt><pt><x>15</x><y>858</y><time>14-12-21 22:15:51:988</time></pt><pt><x>13</x><y>849</y><time>14-12-21 22:15:52:220</time></pt><pt><x>13</x><y>798</y><time>14-12-21 22:15:52:692</time></pt><pt><x>9</x><y>761</y><time>14-12-21 22:15:52:940</time></pt><closed_date>14-12-21 22:15:53:173</closed_date></polygon></object><object><name>restoration</name><deleted>0</deleted><verified>0</verified><occluded>no</occluded><attributes/><parts><hasparts/><ispartof>7</ispartof></parts><date>14-12-21 22:16:14:962</date><id>14</id><polygon><username>anonymous</username><pt><x>144</x><y>732</y><time>14-12-21 22:15:55:702</time></pt><pt><x>161</x><y>758</y><time>14-12-21 22:15:55:988</time></pt><pt><x>188</x><y>756</y><time>14-12-21 22:15:56:316</time></pt><pt><x>206</x><y>756</y><time>14-12-21 22:15:56:516</time></pt><pt><x>217</x><y>756</y><time>14-12-21 22:15:56:710</time></pt><pt><x>230</x><y>776</y><time>14-12-21 22:15:56:892</time></pt><pt><x>232</x><y>796</y><time>14-12-21 22:15:57:092</time></pt><pt><x>232</x><y>816</y><time>14-12-21 22:15:57:348</time></pt><pt><x>243</x><y>831</y><time>14-12-21 22:15:57:565</time></pt><pt><x>256</x><y>838</y><time>14-12-21 22:15:57:765</time></pt><pt><x>270</x><y>853</y><time>14-12-21 22:15:57:964</time></pt><pt><x>283</x><y>856</y><time>14-12-21 22:15:58:166</time></pt><pt><x>301</x><y>849</y><time>14-12-21 22:15:58:372</time></pt><pt><x>321</x><y>840</y><time>14-12-21 22:15:58:588</time></pt><pt><x>329</x><y>834</y><time>14-12-21 22:15:58:782</time></pt><pt><x>343</x><y>800</y><time>14-12-21 22:15:59:187</time></pt><pt><x>349</x><y>785</y><time>14-12-21 22:15:59:412</time></pt><pt><x>380</x><y>785</y><time>14-12-21 22:15:59:620</time></pt><pt><x>398</x><y>783</y><time>14-12-21 22:15:59:829</time></pt><pt><x>413</x><y>780</y><time>14-12-21 22:16:00:019</time></pt><pt><x>431</x><y>780</y><time>14-12-21 22:16:00:196</time></pt><pt><x>455</x><y>800</y><time>14-12-21 22:16:00:390</time></pt><pt><x>480</x><y>827</y><time>14-12-21 22:16:04:396</time></pt><pt><x>500</x><y>836</y><time>14-12-21 22:16:04:764</time></pt><pt><x>526</x><y>836</y><time>14-12-21 22:16:05:052</time></pt><pt><x>548</x><y>836</y><time>14-12-21 22:16:05:308</time></pt><pt><x>555</x><y>798</y><time>14-12-21 22:16:05:611</time></pt><pt><x>555</x><y>752</y><time>14-12-21 22:16:05:963</time></pt><pt><x>551</x><y>714</y><time>14-12-21 22:16:06:747</time></pt><pt><x>522</x><y>690</y><time>14-12-21 22:16:07:284</time></pt><pt><x>471</x><y>677</y><time>14-12-21 22:16:07:587</time></pt><pt><x>416</x><y>688</y><time>14-12-21 22:16:07:876</time></pt><pt><x>378</x><y>677</y><time>14-12-21 22:16:08:132</time></pt><pt><x>321</x><y>679</y><time>14-12-21 22:16:08:524</time></pt><pt><x>292</x><y>690</y><time>14-12-21 22:16:08:772</time></pt><pt><x>279</x><y>694</y><time>14-12-21 22:16:09:012</time></pt><pt><x>270</x><y>683</y><time>14-12-21 22:16:09:292</time></pt><pt><x>252</x><y>674</y><time>14-12-21 22:16:09:548</time></pt><pt><x>230</x><y>685</y><time>14-12-21 22:16:09:764</time></pt><pt><x>199</x><y>683</y><time>14-12-21 22:16:10:006</time></pt><pt><x>172</x><y>690</y><time>14-12-21 22:16:10:212</time></pt><pt><x>150</x><y>701</y><time>14-12-21 22:16:10:445</time></pt><closed_date>14-12-21 22:16:10:645</closed_date></polygon></object><object><name>restoration</name><deleted>0</deleted><verified>0</verified><occluded>no</occluded><attributes/><parts><hasparts/><ispartof>6</ispartof></parts><date>14-12-21 22:16:28:208</date><id>15</id><polygon><username>anonymous</username><pt><x>568</x><y>738</y><time>14-12-21 22:16:18:604</time></pt><pt><x>595</x><y>741</y><time>14-12-21 22:16:18:932</time></pt><pt><x>626</x><y>725</y><time>14-12-21 22:16:19:277</time></pt><pt><x>668</x><y>725</y><time>14-12-21 22:16:19:541</time></pt><pt><x>710</x><y>725</y><time>14-12-21 22:16:19:796</time></pt><pt><x>738</x><y>730</y><time>14-12-21 22:16:20:045</time></pt><pt><x>763</x><y>741</y><time>14-12-21 22:16:20:261</time></pt><pt><x>800</x><y>745</y><time>14-12-21 22:16:20:484</time></pt><pt><x>849</x><y>727</y><time>14-12-21 22:16:21:588</time></pt><pt><x>889</x><y>712</y><time>14-12-21 22:16:21:861</time></pt><pt><x>946</x><y>707</y><time>14-12-21 22:16:22:133</time></pt><pt><x>975</x><y>719</y><time>14-12-21 22:16:22:364</time></pt><pt><x>940</x><y>749</y><time>14-12-21 22:16:22:748</time></pt><pt><x>876</x><y>772</y><time>14-12-21 22:16:22:999</time></pt><pt><x>834</x><y>789</y><time>14-12-21 22:16:23:220</time></pt><pt><x>783</x><y>805</y><time>14-12-21 22:16:23:428</time></pt><pt><x>723</x><y>811</y><time>14-12-21 22:16:23:653</time></pt><pt><x>674</x><y>814</y><time>14-12-21 22:16:23:868</time></pt><pt><x>659</x><y>825</y><time>14-12-21 22:16:24:061</time></pt><pt><x>643</x><y>858</y><time>14-12-21 22:16:24:269</time></pt><pt><x>637</x><y>871</y><time>14-12-21 22:16:24:485</time></pt><pt><x>581</x><y>869</y><time>14-12-21 22:16:24:812</time></pt><pt><x>568</x><y>891</y><time>14-12-21 22:16:25:044</time></pt><pt><x>555</x><y>882</y><time>14-12-21 22:16:25:284</time></pt><pt><x>548</x><y>831</y><time>14-12-21 22:16:25:540</time></pt><pt><x>548</x><y>783</y><time>14-12-21 22:16:25:812</time></pt><closed_date>14-12-21 22:16:26:053</closed_date></polygon></object><imagesize><nrows></nrows><ncols></ncols></imagesize></annotation>