<?xml version="1.0" encoding="UTF-8"?><annotation><filename>69.jpg</filename><folder>segmentation_xray</folder><source><sourceImage>The MIT-CSAIL database of objects and scenes</sourceImage><sourceAnnotation>LabelMe Webtool</sourceAnnotation></source><object><name>tooth 27</name><deleted>0</deleted><verified>0</verified><occluded>no</occluded><attributes/><parts><hasparts/><ispartof>6</ispartof></parts><date>13-01-22 11:32:06:720</date><id>0</id><type>bounding_box</type><polygon><username>anonymous</username><pt><x>991</x><y>372</y><time>13-01-22 11:31:59:891</time></pt><pt><x>1219</x><y>372</y><time>13-01-22 11:32:03:255</time></pt><pt><x>1219</x><y>9</y><time>undefined</time></pt><pt><x>991</x><y>9</y><time>undefined</time></pt><closed_date>13-01-22 11:32:03:255</closed_date></polygon></object><object><name>tooth 26</name><deleted>0</deleted><verified>0</verified><occluded>no</occluded><attributes/><parts><hasparts/><ispartof>6</ispartof></parts><date>13-01-22 11:32:13:871</date><id>1</id><type>bounding_box</type><polygon><username>anonymous</username><pt><x>639</x><y>375</y><time>13-01-22 11:32:08:949</time></pt><pt><x>994</x><y>375</y><time>13-01-22 11:32:11:547</time></pt><pt><x>994</x><y>5</y><time>undefined</time></pt><pt><x>639</x><y>5</y><time>undefined</time></pt><closed_date>13-01-22 11:32:11:547</closed_date></polygon></object><object><name>tooth 25</name><deleted>0</deleted><verified>0</verified><occluded>no</occluded><attributes/><parts><hasparts/><ispartof>6</ispartof></parts><date>13-01-22 11:32:20:831</date><id>2</id><type>bounding_box</type><polygon><username>anonymous</username><pt><x>407</x><y>361</y><time>13-01-22 11:32:16:400</time></pt><pt><x>646</x><y>361</y><time>13-01-22 11:32:18:437</time></pt><pt><x>646</x><y>5</y><time>undefined</time></pt><pt><x>407</x><y>5</y><time>undefined</time></pt><closed_date>13-01-22 11:32:18:437</closed_date></polygon></object><object><name>tooth 24</name><deleted>0</deleted><verified>0</verified><occluded>no</occluded><attributes/><parts><hasparts/><ispartof>6</ispartof></parts><date>13-01-22 11:32:27:748</date><id>3</id><type>bounding_box</type><polygon><username>anonymous</username><pt><x>168</x><y>372</y><time>13-01-22 11:32:22:702</time></pt><pt><x>418</x><y>372</y><time>13-01-22 11:32:25:375</time></pt><pt><x>418</x><y>2</y><time>undefined</time></pt><pt><x>168</x><y>2</y><time>undefined</time></pt><closed_date>13-01-22 11:32:25:376</closed_date></polygon></object><object><name>tooth 23</name><deleted>0</deleted><verified>0</verified><occluded>no</occluded><attributes/><parts><hasparts/><ispartof>6</ispartof></parts><date>13-01-22 11:32:34:918</date><id>4</id><type>bounding_box</type><polygon><username>anonymous</username><pt><x>193</x><y>340</y><time>13-01-22 11:32:29:797</time></pt><pt><x>2</x><y>340</y><time>13-01-22 11:32:32:509</time></pt><pt><x>2</x><y>7</y><time>undefined</time></pt><pt><x>193</x><y>7</y><time>undefined</time></pt><closed_date>13-01-22 11:32:32:509</closed_date></polygon></object><object><name>tooth 37</name><deleted>0</deleted><verified>0</verified><occluded>no</occluded><attributes/><parts><hasparts/><ispartof>6</ispartof></parts><date>13-01-22 11:32:42:249</date><id>5</id><type>bounding_box</type><polygon><username>anonymous</username><pt><x>899</x><y>386</y><time>13-01-22 11:32:37:140</time></pt><pt><x>1215</x><y>386</y><time>13-01-22 11:32:39:520</time></pt><pt><x>1215</x><y>941</y><time>undefined</time></pt><pt><x>899</x><y>941</y><time>undefined</time></pt><closed_date>13-01-22 11:32:39:520</closed_date></polygon></object><object><name>tooth 36</name><deleted>1</deleted><verified>0</verified><occluded>no</occluded><attributes/><parts><hasparts>6,7,8,9</hasparts><ispartof>6</ispartof></parts><date>13-01-22 11:32:50:855</date><id>6</id><type>bounding_box</type><polygon><username>anonymous</username><pt><x>525</x><y>414</y><time>13-01-22 11:32:44:191</time></pt><pt><x>955</x><y>414</y><time>13-01-22 11:32:46:538</time></pt><pt><x>955</x><y>945</y><time>undefined</time></pt><pt><x>525</x><y>945</y><time>undefined</time></pt><closed_date>13-01-22 11:32:46:539</closed_date></polygon></object><object><name>tooth 35</name><deleted>1</deleted><verified>0</verified><occluded>no</occluded><attributes/><parts><hasparts/><ispartof>6</ispartof></parts><date>13-01-22 11:32:58:090</date><id>7</id><type>bounding_box</type><polygon><username>anonymous</username><pt><x>287</x><y>414</y><time>13-01-22 11:32:52:957</time></pt><pt><x>577</x><y>414</y><time>13-01-22 11:32:55:575</time></pt><pt><x>577</x><y>943</y><time>undefined</time></pt><pt><x>287</x><y>943</y><time>undefined</time></pt><closed_date>13-01-22 11:32:55:575</closed_date></polygon></object><object><name>tooth 34</name><deleted>1</deleted><verified>0</verified><occluded>no</occluded><attributes/><parts><hasparts/><ispartof>6</ispartof></parts><date>13-01-22 11:33:06:489</date><id>8</id><type>bounding_box</type><polygon><username>anonymous</username><pt><x>35</x><y>416</y><time>13-01-22 11:33:00:627</time></pt><pt><x>303</x><y>416</y><time>13-01-22 11:33:03:336</time></pt><pt><x>303</x><y>943</y><time>undefined</time></pt><pt><x>35</x><y>943</y><time>undefined</time></pt><closed_date>13-01-22 11:33:03:336</closed_date></polygon></object><object><name>tooth 33</name><deleted>1</deleted><verified>0</verified><occluded>no</occluded><attributes/><parts><hasparts/><ispartof>6</ispartof></parts><date>13-01-22 11:33:13:954</date><id>9</id><type>bounding_box</type><polygon><username>anonymous</username><pt><x>0</x><y>453</y><time>13-01-22 11:33:08:643</time></pt><pt><x>152</x><y>453</y><time>13-01-22 11:33:10:558</time></pt><pt><x>152</x><y>936</y><time>undefined</time></pt><pt><x>0</x><y>936</y><time>undefined</time></pt><closed_date>13-01-22 11:33:10:558</closed_date></polygon></object><imagesize><nrows></nrows><ncols></ncols></imagesize><object><name>restoration</name><deleted>0</deleted><verified>0</verified><occluded>no</occluded><attributes/><parts><hasparts/><ispartof>11</ispartof></parts><date>15-02-22 12:07:56:729</date><id>10</id><polygon><username>anonymous</username><pt><x>643</x><y>503</y><time>15-02-22 12:07:50:167</time></pt><pt><x>670</x><y>536</y><time>15-02-22 12:07:50:174</time></pt><pt><x>691</x><y>511</y><time>15-02-22 12:07:50:181</time></pt><pt><x>691</x><y>484</y><time>15-02-22 12:07:50:323</time></pt><pt><x>675</x><y>474</y><time>15-02-22 12:07:50:933</time></pt><pt><x>653</x><y>476</y><time>15-02-22 12:07:52:797</time></pt><closed_date>15-02-22 12:07:53:309</closed_date></polygon></object><object><name>tooth</name><deleted>0</deleted><verified>0</verified><occluded>no</occluded><attributes>36</attributes><parts><hasparts>10</hasparts><ispartof></ispartof></parts><date>04-04-22 22:31:39:352</date><id>11</id><type>bounding_box</type><polygon><username>admin</username><pt><x>541</x><y>396</y><time>04-04-22 22:31:33:564</time></pt><pt><x>963</x><y>396</y><time>04-04-22 22:31:34:875</time></pt><pt><x>963</x><y>945</y><time>undefined</time></pt><pt><x>541</x><y>945</y><time>undefined</time></pt><closed_date>04-04-22 22:31:34:876</closed_date></polygon></object><object><name>tooth</name><deleted>0</deleted><verified>0</verified><occluded>no</occluded><attributes>35</attributes><parts><hasparts></hasparts><ispartof></ispartof></parts><date>04-04-22 22:31:45:819</date><id>12</id><type>bounding_box</type><polygon><username>admin</username><pt><x>280</x><y>416</y><time>04-04-22 22:31:40:691</time></pt><pt><x>564</x><y>416</y><time>04-04-22 22:31:42:595</time></pt><pt><x>564</x><y>947</y><time>undefined</time></pt><pt><x>280</x><y>947</y><time>undefined</time></pt><closed_date>04-04-22 22:31:42:595</closed_date></polygon></object><object><name>tooth</name><deleted>0</deleted><verified>0</verified><occluded>no</occluded><attributes>34</attributes><parts><hasparts></hasparts><ispartof></ispartof></parts><date>04-04-22 22:31:52:876</date><id>13</id><type>bounding_box</type><polygon><username>admin</username><pt><x>37</x><y>406</y><time>04-04-22 22:31:47:063</time></pt><pt><x>289</x><y>406</y><time>04-04-22 22:31:48:891</time></pt><pt><x>289</x><y>947</y><time>undefined</time></pt><pt><x>37</x><y>947</y><time>undefined</time></pt><closed_date>04-04-22 22:31:48:891</closed_date></polygon></object><object><name>tooth</name><deleted>0</deleted><verified>0</verified><occluded>no</occluded><attributes>33</attributes><parts><hasparts></hasparts><ispartof></ispartof></parts><date>04-04-22 22:31:58:268</date><id>14</id><type>bounding_box</type><polygon><username>admin</username><pt><x>3</x><y>452</y><time>04-04-22 22:31:54:156</time></pt><pt><x>122</x><y>452</y><time>04-04-22 22:31:55:058</time></pt><pt><x>122</x><y>935</y><time>undefined</time></pt><pt><x>3</x><y>935</y><time>undefined</time></pt><closed_date>04-04-22 22:31:55:058</closed_date></polygon></object></annotation>