<?xml version='1.0' encoding='UTF-8'?>
<annotation><filename>7.jpg</filename><folder>segmentation_xray</folder><source><sourceImage>The MIT-CSAIL database of objects and scenes</sourceImage><sourceAnnotation>LabelMe Webtool</sourceAnnotation></source><object><name>tooth</name><deleted>0</deleted><verified>0</verified><occluded>no</occluded><attributes>27</attributes><parts><hasparts>10</hasparts><ispartof /></parts><date>13-12-21 22:16:56:690</date><id>0</id><type>bounding_box</type><polygon><username>anonymous</username><pt><x>768</x><y>306</y><time>13-12-21 22:16:46:603</time></pt><pt><x>1042</x><y>306</y><time>13-12-21 22:16:50:328</time></pt><pt><x>1042</x><y>3</y><time>undefined</time></pt><pt><x>768</x><y>3</y><time>undefined</time></pt><closed_date>13-12-21 22:16:50:328</closed_date></polygon></object><object><name>tooth</name><deleted>0</deleted><verified>0</verified><occluded>no</occluded><attributes>26</attributes><parts><hasparts>9</hasparts><ispartof /></parts><date>13-12-21 22:17:05:171</date><id>1</id><type>bounding_box</type><polygon><username>anonymous</username><pt><x>464</x><y>302</y><time>13-12-21 22:16:59:233</time></pt><pt><x>770</x><y>302</y><time>13-12-21 22:17:01:552</time></pt><pt><x>770</x><y>5</y><time>undefined</time></pt><pt><x>464</x><y>5</y><time>undefined</time></pt><closed_date>13-12-21 22:17:01:552</closed_date></polygon></object><object><name>tooth</name><deleted>0</deleted><verified>0</verified><occluded>no</occluded><attributes>25</attributes><parts><hasparts>11</hasparts><ispartof /></parts><date>13-12-21 22:17:17:444</date><id>2</id><type>bounding_box</type><polygon><username>anonymous</username><pt><x>254</x><y>274</y><time>13-12-21 22:17:08:633</time></pt><pt><x>478</x><y>274</y><time>13-12-21 22:17:12:176</time></pt><pt><x>478</x><y>7</y><time>undefined</time></pt><pt><x>254</x><y>7</y><time>undefined</time></pt><closed_date>13-12-21 22:17:12:176</closed_date></polygon></object><object><name>tooth</name><deleted>0</deleted><verified>0</verified><occluded>no</occluded><attributes>24</attributes><parts><hasparts>12</hasparts><ispartof /></parts><date>13-12-21 22:17:24:132</date><id>3</id><type>bounding_box</type><polygon><username>anonymous</username><pt><x>53</x><y>287</y><time>13-12-21 22:17:18:921</time></pt><pt><x>269</x><y>287</y><time>13-12-21 22:17:20:384</time></pt><pt><x>269</x><y>12</y><time>undefined</time></pt><pt><x>53</x><y>12</y><time>undefined</time></pt><closed_date>13-12-21 22:17:20:385</closed_date></polygon></object><object><name>tooth</name><deleted>0</deleted><verified>0</verified><occluded>no</occluded><attributes>35</attributes><parts><hasparts /><ispartof /></parts><date>13-12-21 22:18:24:468</date><id>4</id><type>bounding_box</type><polygon><username>anonymous</username><pt><x>286</x><y>379</y><time>13-12-21 22:18:16:619</time></pt><pt><x>524</x><y>379</y><time>13-12-21 22:18:18:841</time></pt><pt><x>524</x><y>940</y><time>undefined</time></pt><pt><x>286</x><y>940</y><time>undefined</time></pt><closed_date>13-12-21 22:18:18:841</closed_date></polygon></object><object><name>tooth</name><deleted>0</deleted><verified>0</verified><occluded>no</occluded><attributes>34</attributes><parts><hasparts /><ispartof /></parts><date>13-12-21 22:18:31:831</date><id>5</id><type>bounding_box</type><polygon><username>anonymous</username><pt><x>57</x><y>367</y><time>13-12-21 22:18:26:340</time></pt><pt><x>297</x><y>367</y><time>13-12-21 22:18:28:217</time></pt><pt><x>297</x><y>948</y><time>undefined</time></pt><pt><x>57</x><y>948</y><time>undefined</time></pt><closed_date>13-12-21 22:18:28:218</closed_date></polygon></object><object><name>tooth</name><deleted>0</deleted><verified>0</verified><occluded>no</occluded><attributes>33</attributes><parts><hasparts /><ispartof /></parts><date>13-12-21 22:18:44:349</date><id>6</id><type>bounding_box</type><polygon><username>anonymous</username><pt><x>7</x><y>366</y><time>13-12-21 22:18:37:579</time></pt><pt><x>130</x><y>366</y><time>13-12-21 22:18:39:410</time></pt><pt><x>130</x><y>935</y><time>undefined</time></pt><pt><x>7</x><y>935</y><time>undefined</time></pt><closed_date>13-12-21 22:18:39:410</closed_date></polygon></object><object><name>tooth</name><deleted>0</deleted><verified>0</verified><occluded>no</occluded><attributes>37</attributes><parts><hasparts>8</hasparts><ispartof /></parts><date>13-12-21 22:19:12:014</date><id>7</id><type>bounding_box</type><polygon><username>anonymous</username><pt><x>1077</x><y>935</y><time>13-12-21 22:19:05:220</time></pt><pt><x>521</x><y>935</y><time>13-12-21 22:19:07:137</time></pt><pt><x>521</x><y>379</y><time>undefined</time></pt><pt><x>1077</x><y>379</y><time>undefined</time></pt><closed_date>13-12-21 22:19:07:137</closed_date></polygon></object><object><name>restoration</name><deleted>0</deleted><verified>0</verified><occluded>no</occluded><attributes /><parts><hasparts /><ispartof>7</ispartof></parts><date>13-12-21 22:19:22:207</date><id>8</id><polygon><username>anonymous</username><pt><x>591</x><y>476</y><time>13-12-21 22:19:14:187</time></pt><pt><x>616</x><y>488</y><time>13-12-21 22:19:14:553</time></pt><pt><x>636</x><y>498</y><time>13-12-21 22:19:14:858</time></pt><pt><x>651</x><y>499</y><time>13-12-21 22:19:15:146</time></pt><pt><x>663</x><y>494</y><time>13-12-21 22:19:15:378</time></pt><pt><x>676</x><y>491</y><time>13-12-21 22:19:15:593</time></pt><pt><x>696</x><y>478</y><time>13-12-21 22:19:15:962</time></pt><pt><x>706</x><y>461</y><time>13-12-21 22:19:16:282</time></pt><pt><x>710</x><y>431</y><time>13-12-21 22:19:16:650</time></pt><pt><x>700</x><y>404</y><time>13-12-21 22:19:17:042</time></pt><pt><x>696</x><y>391</y><time>13-12-21 22:19:17:418</time></pt><pt><x>678</x><y>394</y><time>13-12-21 22:19:17:730</time></pt><pt><x>670</x><y>404</y><time>13-12-21 22:19:18:010</time></pt><pt><x>649</x><y>411</y><time>13-12-21 22:19:18:258</time></pt><pt><x>634</x><y>424</y><time>13-12-21 22:19:18:505</time></pt><pt><x>614</x><y>437</y><time>13-12-21 22:19:18:770</time></pt><pt><x>599</x><y>451</y><time>13-12-21 22:19:19:049</time></pt><closed_date>13-12-21 22:19:19:329</closed_date></polygon></object><object><name>restoration</name><deleted>0</deleted><verified>0</verified><occluded>no</occluded><attributes /><parts><hasparts /><ispartof>1</ispartof></parts><date>13-12-21 22:19:43:359</date><id>9</id><polygon><username>anonymous</username><pt><x>521</x><y>245</y><time>13-12-21 22:19:28:324</time></pt><pt><x>539</x><y>244</y><time>13-12-21 22:19:28:802</time></pt><pt><x>558</x><y>245</y><time>13-12-21 22:19:29:201</time></pt><pt><x>574</x><y>250</y><time>13-12-21 22:19:29:586</time></pt><pt><x>594</x><y>250</y><time>13-12-21 22:19:29:938</time></pt><pt><x>609</x><y>250</y><time>13-12-21 22:19:30:266</time></pt><pt><x>608</x><y>264</y><time>13-12-21 22:19:30:643</time></pt><pt><x>606</x><y>279</y><time>13-12-21 22:19:30:938</time></pt><pt><x>619</x><y>282</y><time>13-12-21 22:19:31:250</time></pt><pt><x>629</x><y>272</y><time>13-12-21 22:19:31:514</time></pt><pt><x>646</x><y>274</y><time>13-12-21 22:19:31:770</time></pt><pt><x>653</x><y>272</y><time>13-12-21 22:19:32:026</time></pt><pt><x>673</x><y>264</y><time>13-12-21 22:19:32:298</time></pt><pt><x>685</x><y>255</y><time>13-12-21 22:19:32:532</time></pt><pt><x>706</x><y>249</y><time>13-12-21 22:19:32:762</time></pt><pt><x>715</x><y>244</y><time>13-12-21 22:19:33:010</time></pt><pt><x>731</x><y>237</y><time>13-12-21 22:19:33:260</time></pt><pt><x>731</x><y>224</y><time>13-12-21 22:19:33:642</time></pt><pt><x>716</x><y>209</y><time>13-12-21 22:19:34:058</time></pt><pt><x>716</x><y>202</y><time>13-12-21 22:19:34:434</time></pt><pt><x>710</x><y>195</y><time>13-12-21 22:19:34:746</time></pt><pt><x>678</x><y>200</y><time>13-12-21 22:19:35:050</time></pt><pt><x>656</x><y>207</y><time>13-12-21 22:19:35:401</time></pt><pt><x>644</x><y>209</y><time>13-12-21 22:19:35:667</time></pt><pt><x>638</x><y>209</y><time>13-12-21 22:19:36:138</time></pt><pt><x>633</x><y>185</y><time>13-12-21 22:19:36:858</time></pt><pt><x>633</x><y>179</y><time>13-12-21 22:19:37:298</time></pt><pt><x>618</x><y>167</y><time>13-12-21 22:19:37:746</time></pt><pt><x>603</x><y>165</y><time>13-12-21 22:19:38:122</time></pt><pt><x>581</x><y>172</y><time>13-12-21 22:19:38:428</time></pt><pt><x>568</x><y>182</y><time>13-12-21 22:19:38:714</time></pt><pt><x>554</x><y>194</y><time>13-12-21 22:19:38:978</time></pt><pt><x>551</x><y>214</y><time>13-12-21 22:19:39:364</time></pt><pt><x>549</x><y>222</y><time>13-12-21 22:19:39:666</time></pt><pt><x>531</x><y>230</y><time>13-12-21 22:19:40:042</time></pt><closed_date>13-12-21 22:19:40:346</closed_date></polygon></object><object><name>restoration</name><deleted>0</deleted><verified>0</verified><occluded>no</occluded><attributes /><parts><hasparts /><ispartof>0</ispartof></parts><date>13-12-21 22:19:55:807</date><id>10</id><polygon><username>anonymous</username><pt><x>818</x><y>225</y><time>13-12-21 22:19:44:340</time></pt><pt><x>841</x><y>205</y><time>13-12-21 22:19:44:682</time></pt><pt><x>862</x><y>195</y><time>13-12-21 22:19:44:946</time></pt><pt><x>870</x><y>185</y><time>13-12-21 22:19:45:234</time></pt><pt><x>875</x><y>167</y><time>13-12-21 22:19:45:570</time></pt><pt><x>888</x><y>155</y><time>13-12-21 22:19:45:851</time></pt><pt><x>903</x><y>149</y><time>13-12-21 22:19:46:138</time></pt><pt><x>918</x><y>152</y><time>13-12-21 22:19:46:386</time></pt><pt><x>930</x><y>155</y><time>13-12-21 22:19:46:634</time></pt><pt><x>947</x><y>152</y><time>13-12-21 22:19:46:882</time></pt><pt><x>957</x><y>139</y><time>13-12-21 22:19:47:194</time></pt><pt><x>970</x><y>130</y><time>13-12-21 22:19:47:442</time></pt><pt><x>980</x><y>129</y><time>13-12-21 22:19:48:242</time></pt><pt><x>995</x><y>117</y><time>13-12-21 22:19:49:322</time></pt><pt><x>1013</x><y>115</y><time>13-12-21 22:19:49:610</time></pt><pt><x>1028</x><y>124</y><time>13-12-21 22:19:49:874</time></pt><pt><x>1038</x><y>140</y><time>13-12-21 22:19:50:162</time></pt><pt><x>1038</x><y>170</y><time>13-12-21 22:19:50:458</time></pt><pt><x>1027</x><y>187</y><time>13-12-21 22:19:50:729</time></pt><pt><x>1013</x><y>197</y><time>13-12-21 22:19:50:978</time></pt><pt><x>992</x><y>200</y><time>13-12-21 22:19:51:226</time></pt><pt><x>973</x><y>209</y><time>13-12-21 22:19:51:434</time></pt><pt><x>953</x><y>225</y><time>13-12-21 22:19:51:644</time></pt><pt><x>933</x><y>237</y><time>13-12-21 22:19:51:842</time></pt><pt><x>908</x><y>249</y><time>13-12-21 22:19:52:058</time></pt><pt><x>890</x><y>259</y><time>13-12-21 22:19:52:290</time></pt><pt><x>862</x><y>265</y><time>13-12-21 22:19:52:530</time></pt><pt><x>820</x><y>267</y><time>13-12-21 22:19:52:755</time></pt><pt><x>796</x><y>259</y><time>13-12-21 22:19:53:098</time></pt><pt><x>795</x><y>242</y><time>13-12-21 22:19:53:418</time></pt><closed_date>13-12-21 22:19:53:674</closed_date></polygon></object><object><name>restoration</name><deleted>0</deleted><verified>0</verified><occluded>no</occluded><attributes /><parts><hasparts /><ispartof>2</ispartof></parts><date>13-12-21 22:20:31:934</date><id>11</id><polygon><username>anonymous</username><pt><x>437</x><y>170</y><time>13-12-21 22:20:23:662</time></pt><pt><x>412</x><y>169</y><time>13-12-21 22:20:24:010</time></pt><pt><x>382</x><y>160</y><time>13-12-21 22:20:24:290</time></pt><pt><x>352</x><y>159</y><time>13-12-21 22:20:24:554</time></pt><pt><x>331</x><y>162</y><time>13-12-21 22:20:24:802</time></pt><pt><x>319</x><y>164</y><time>13-12-21 22:20:25:075</time></pt><pt><x>304</x><y>157</y><time>13-12-21 22:20:25:499</time></pt><pt><x>301</x><y>139</y><time>13-12-21 22:20:25:835</time></pt><pt><x>279</x><y>140</y><time>13-12-21 22:20:26:122</time></pt><pt><x>282</x><y>195</y><time>13-12-21 22:20:26:691</time></pt><pt><x>287</x><y>225</y><time>13-12-21 22:20:27:043</time></pt><pt><x>309</x><y>242</y><time>13-12-21 22:20:27:290</time></pt><pt><x>327</x><y>240</y><time>13-12-21 22:20:27:490</time></pt><pt><x>351</x><y>230</y><time>13-12-21 22:20:27:733</time></pt><pt><x>366</x><y>237</y><time>13-12-21 22:20:28:170</time></pt><pt><x>381</x><y>244</y><time>13-12-21 22:20:28:435</time></pt><pt><x>397</x><y>239</y><time>13-12-21 22:20:28:634</time></pt><pt><x>409</x><y>225</y><time>13-12-21 22:20:28:858</time></pt><pt><x>437</x><y>224</y><time>13-12-21 22:20:29:077</time></pt><pt><x>451</x><y>225</y><time>13-12-21 22:20:29:275</time></pt><pt><x>461</x><y>209</y><time>13-12-21 22:20:29:522</time></pt><pt><x>466</x><y>180</y><time>13-12-21 22:20:29:795</time></pt><closed_date>13-12-21 22:20:30:050</closed_date></polygon></object><object><name>restoration</name><deleted>0</deleted><verified>0</verified><occluded>no</occluded><attributes /><parts><hasparts /><ispartof>3</ispartof></parts><date>13-12-21 22:20:41:230</date><id>12</id><polygon><username>anonymous</username><pt><x>93</x><y>154</y><time>13-12-21 22:20:32:980</time></pt><pt><x>117</x><y>140</y><time>13-12-21 22:20:33:306</time></pt><pt><x>145</x><y>137</y><time>13-12-21 22:20:33:626</time></pt><pt><x>169</x><y>139</y><time>13-12-21 22:20:33:898</time></pt><pt><x>192</x><y>147</y><time>13-12-21 22:20:34:147</time></pt><pt><x>207</x><y>157</y><time>13-12-21 22:20:34:434</time></pt><pt><x>232</x><y>165</y><time>13-12-21 22:20:34:771</time></pt><pt><x>242</x><y>195</y><time>13-12-21 22:20:35:097</time></pt><pt><x>225</x><y>207</y><time>13-12-21 22:20:35:442</time></pt><pt><x>200</x><y>205</y><time>13-12-21 22:20:35:707</time></pt><pt><x>182</x><y>217</y><time>13-12-21 22:20:35:969</time></pt><pt><x>144</x><y>229</y><time>13-12-21 22:20:36:235</time></pt><pt><x>117</x><y>235</y><time>13-12-21 22:20:36:490</time></pt><pt><x>99</x><y>232</y><time>13-12-21 22:20:36:762</time></pt><pt><x>80</x><y>202</y><time>13-12-21 22:20:37:034</time></pt><pt><x>70</x><y>185</y><time>13-12-21 22:20:37:354</time></pt><pt><x>82</x><y>165</y><time>13-12-21 22:20:37:635</time></pt><closed_date>13-12-21 22:20:37:955</closed_date></polygon></object><imagesize><nrows /><ncols /></imagesize></annotation>