<?xml version='1.0' encoding='UTF-8'?>
<annotation><filename>70.jpg</filename><folder>segmentation_xray</folder><source><sourceImage>The MIT-CSAIL database of objects and scenes</sourceImage><sourceAnnotation>LabelMe Webtool</sourceAnnotation></source><object><name>tooth</name><deleted>0</deleted><verified>0</verified><occluded>no</occluded><attributes>18</attributes><parts><hasparts>18</hasparts><ispartof /></parts><date>13-12-21 17:17:51:322</date><id>0</id><type>bounding_box</type><polygon><username>anonymous</username><pt><x>393</x><y>437</y><time>13-12-21 17:17:34:639</time></pt><pt><x>57</x><y>437</y><time>13-12-21 17:17:39:266</time></pt><pt><x>57</x><y>2</y><time>undefined</time></pt><pt><x>393</x><y>2</y><time>undefined</time></pt><closed_date>13-12-21 17:17:39:267</closed_date></polygon></object><object><name>tooth</name><deleted>0</deleted><verified>0</verified><occluded>no</occluded><attributes>17</attributes><parts><hasparts>19</hasparts><ispartof /></parts><date>13-12-21 17:18:07:016</date><id>1</id><type>bounding_box</type><polygon><username>anonymous</username><pt><x>366</x><y>469</y><time>13-12-21 17:17:56:249</time></pt><pt><x>674</x><y>469</y><time>13-12-21 17:18:00:937</time></pt><pt><x>674</x><y>2</y><time>undefined</time></pt><pt><x>366</x><y>2</y><time>undefined</time></pt><closed_date>13-12-21 17:18:00:938</closed_date></polygon></object><object><name>tooth</name><deleted>0</deleted><verified>0</verified><occluded>no</occluded><attributes>16</attributes><parts><hasparts>13,17</hasparts><ispartof /></parts><date>13-12-21 17:18:30:177</date><id>2</id><type>bounding_box</type><polygon><username>anonymous</username><pt><x>941</x><y>437</y><time>13-12-21 17:18:20:569</time></pt><pt><x>545</x><y>437</y><time>13-12-21 17:18:25:858</time></pt><pt><x>545</x><y>5</y><time>undefined</time></pt><pt><x>941</x><y>5</y><time>undefined</time></pt><closed_date>13-12-21 17:18:25:858</closed_date></polygon></object><object><name>tooth</name><deleted>0</deleted><verified>0</verified><occluded>no</occluded><attributes>15</attributes><parts><hasparts>15</hasparts><ispartof /></parts><date>13-12-21 17:18:49:006</date><id>3</id><type>bounding_box</type><polygon><username>anonymous</username><pt><x>1148</x><y>327</y><time>13-12-21 17:18:40:907</time></pt><pt><x>831</x><y>327</y><time>13-12-21 17:18:43:811</time></pt><pt><x>831</x><y>1</y><time>undefined</time></pt><pt><x>1148</x><y>1</y><time>undefined</time></pt><closed_date>13-12-21 17:18:43:811</closed_date></polygon></object><object><name>tooth</name><deleted>0</deleted><verified>0</verified><occluded>no</occluded><attributes>14</attributes><parts><hasparts>16</hasparts><ispartof /></parts><date>13-12-21 17:19:01:478</date><id>4</id><type>bounding_box</type><polygon><username>anonymous</username><pt><x>1219</x><y>249</y><time>13-12-21 17:18:55:868</time></pt><pt><x>1063</x><y>249</y><time>13-12-21 17:18:57:346</time></pt><pt><x>1063</x><y>4</y><time>undefined</time></pt><pt><x>1219</x><y>4</y><time>undefined</time></pt><closed_date>13-12-21 17:18:57:346</closed_date></polygon></object><object><name>tooth</name><deleted>0</deleted><verified>0</verified><occluded>no</occluded><attributes>44</attributes><parts><hasparts>14</hasparts><ispartof /></parts><date>13-12-21 17:19:20:962</date><id>5</id><type>bounding_box</type><polygon><username>anonymous</username><pt><x>1217</x><y>322</y><time>13-12-21 17:19:03:076</time></pt><pt><x>1088</x><y>322</y><time>13-12-21 17:19:06:379</time></pt><pt><x>1088</x><y>660</y><time>undefined</time></pt><pt><x>1217</x><y>660</y><time>undefined</time></pt><closed_date>13-12-21 17:19:06:379</closed_date></polygon></object><object><name>tooth</name><deleted>0</deleted><verified>0</verified><occluded>no</occluded><attributes>45</attributes><parts><hasparts>10,9</hasparts><ispartof /></parts><date>13-12-21 17:19:35:274</date><id>6</id><type>bounding_box</type><polygon><username>anonymous</username><pt><x>1157</x><y>941</y><time>13-12-21 17:19:26:195</time></pt><pt><x>888</x><y>941</y><time>13-12-21 17:19:28:251</time></pt><pt><x>888</x><y>409</y><time>undefined</time></pt><pt><x>1157</x><y>409</y><time>undefined</time></pt><closed_date>13-12-21 17:19:28:251</closed_date></polygon></object><object><name>tooth</name><deleted>0</deleted><verified>0</verified><occluded>no</occluded><attributes>46</attributes><parts><hasparts>11</hasparts><ispartof /></parts><date>13-12-21 17:19:46:655</date><id>7</id><type>bounding_box</type><polygon><username>anonymous</username><pt><x>892</x><y>946</y><time>13-12-21 17:19:38:973</time></pt><pt><x>538</x><y>946</y><time>13-12-21 17:19:42:524</time></pt><pt><x>538</x><y>520</y><time>undefined</time></pt><pt><x>892</x><y>520</y><time>undefined</time></pt><closed_date>13-12-21 17:19:42:524</closed_date></polygon></object><object><name>tooth</name><deleted>0</deleted><verified>0</verified><occluded>no</occluded><attributes>47</attributes><parts><hasparts>12</hasparts><ispartof /></parts><date>13-12-21 17:20:03:370</date><id>8</id><type>bounding_box</type><polygon><username>anonymous</username><pt><x>78</x><y>948</y><time>13-12-21 17:19:55:206</time></pt><pt><x>568</x><y>948</y><time>13-12-21 17:19:58:675</time></pt><pt><x>568</x><y>478</y><time>undefined</time></pt><pt><x>78</x><y>478</y><time>undefined</time></pt><closed_date>13-12-21 17:19:58:676</closed_date></polygon></object><object><name>restoration</name><deleted>0</deleted><verified>0</verified><occluded>no</occluded><attributes /><parts><hasparts /><ispartof>6</ispartof></parts><date>13-12-21 17:20:58:705</date><id>9</id><polygon><username>anonymous</username><pt><x>922</x><y>497</y><time>13-12-21 17:20:46:797</time></pt><pt><x>932</x><y>524</y><time>13-12-21 17:20:47:571</time></pt><pt><x>943</x><y>545</y><time>13-12-21 17:20:47:955</time></pt><pt><x>954</x><y>568</y><time>13-12-21 17:20:48:254</time></pt><pt><x>962</x><y>587</y><time>13-12-21 17:20:48:547</time></pt><pt><x>975</x><y>607</y><time>13-12-21 17:20:48:901</time></pt><pt><x>989</x><y>617</y><time>13-12-21 17:20:49:243</time></pt><pt><x>992</x><y>621</y><time>13-12-21 17:20:49:483</time></pt><pt><x>996</x><y>621</y><time>13-12-21 17:20:49:692</time></pt><pt><x>1019</x><y>610</y><time>13-12-21 17:20:50:147</time></pt><pt><x>1033</x><y>601</y><time>13-12-21 17:20:50:467</time></pt><pt><x>1046</x><y>584</y><time>13-12-21 17:20:50:787</time></pt><pt><x>1053</x><y>568</y><time>13-12-21 17:20:51:051</time></pt><pt><x>1060</x><y>550</y><time>13-12-21 17:20:51:299</time></pt><pt><x>1063</x><y>543</y><time>13-12-21 17:20:51:515</time></pt><pt><x>1063</x><y>531</y><time>13-12-21 17:20:51:763</time></pt><pt><x>1053</x><y>508</y><time>13-12-21 17:20:52:011</time></pt><pt><x>1047</x><y>490</y><time>13-12-21 17:20:52:243</time></pt><pt><x>1044</x><y>474</y><time>13-12-21 17:20:52:491</time></pt><pt><x>1042</x><y>458</y><time>13-12-21 17:20:52:747</time></pt><pt><x>1042</x><y>448</y><time>13-12-21 17:20:53:164</time></pt><pt><x>1037</x><y>435</y><time>13-12-21 17:20:53:587</time></pt><pt><x>1017</x><y>432</y><time>13-12-21 17:20:53:819</time></pt><pt><x>991</x><y>439</y><time>13-12-21 17:20:54:043</time></pt><pt><x>971</x><y>448</y><time>13-12-21 17:20:54:275</time></pt><pt><x>954</x><y>460</y><time>13-12-21 17:20:54:492</time></pt><pt><x>938</x><y>479</y><time>13-12-21 17:20:54:723</time></pt><closed_date>13-12-21 17:20:54:915</closed_date></polygon></object><object><name>root canal treatment</name><deleted>0</deleted><verified>0</verified><occluded>no</occluded><attributes /><parts><hasparts /><ispartof>6</ispartof></parts><date>13-12-21 17:21:10:544</date><id>10</id><polygon><username>anonymous</username><pt><x>1003</x><y>630</y><time>13-12-21 17:20:59:645</time></pt><pt><x>1038</x><y>747</y><time>13-12-21 17:21:01:012</time></pt><pt><x>1046</x><y>787</y><time>13-12-21 17:21:01:548</time></pt><pt><x>1054</x><y>840</y><time>13-12-21 17:21:01:979</time></pt><pt><x>1060</x><y>877</y><time>13-12-21 17:21:02:396</time></pt><pt><x>1063</x><y>915</y><time>13-12-21 17:21:02:772</time></pt><pt><x>1067</x><y>932</y><time>13-12-21 17:21:03:243</time></pt><pt><x>1074</x><y>934</y><time>13-12-21 17:21:03:611</time></pt><pt><x>1092</x><y>922</y><time>13-12-21 17:21:03:931</time></pt><pt><x>1095</x><y>904</y><time>13-12-21 17:21:04:395</time></pt><pt><x>1077</x><y>732</y><time>13-12-21 17:21:05:275</time></pt><pt><x>1065</x><y>665</y><time>13-12-21 17:21:06:083</time></pt><pt><x>1067</x><y>609</y><time>13-12-21 17:21:06:652</time></pt><pt><x>1051</x><y>598</y><time>13-12-21 17:21:07:235</time></pt><pt><x>1026</x><y>616</y><time>13-12-21 17:21:07:771</time></pt><closed_date>13-12-21 17:21:08:139</closed_date></polygon></object><object><name>restoration</name><deleted>0</deleted><verified>0</verified><occluded>no</occluded><attributes /><parts><hasparts /><ispartof>7</ispartof></parts><date>13-12-21 17:21:29:400</date><id>11</id><polygon><username>anonymous</username><pt><x>656</x><y>640</y><time>13-12-21 17:21:11:566</time></pt><pt><x>693</x><y>672</y><time>13-12-21 17:21:11:981</time></pt><pt><x>718</x><y>681</y><time>13-12-21 17:21:12:355</time></pt><pt><x>747</x><y>692</y><time>13-12-21 17:21:12:660</time></pt><pt><x>775</x><y>692</y><time>13-12-21 17:21:12:917</time></pt><pt><x>798</x><y>685</y><time>13-12-21 17:21:13:119</time></pt><pt><x>819</x><y>679</y><time>13-12-21 17:21:13:340</time></pt><pt><x>837</x><y>660</y><time>13-12-21 17:21:13:596</time></pt><pt><x>847</x><y>644</y><time>13-12-21 17:21:13:828</time></pt><pt><x>851</x><y>607</y><time>13-12-21 17:21:14:116</time></pt><pt><x>851</x><y>578</y><time>13-12-21 17:21:14:371</time></pt><pt><x>846</x><y>561</y><time>13-12-21 17:21:14:636</time></pt><pt><x>828</x><y>550</y><time>13-12-21 17:21:14:915</time></pt><pt><x>800</x><y>545</y><time>13-12-21 17:21:15:212</time></pt><pt><x>775</x><y>545</y><time>13-12-21 17:21:15:484</time></pt><pt><x>752</x><y>541</y><time>13-12-21 17:21:15:732</time></pt><pt><x>732</x><y>541</y><time>13-12-21 17:21:15:948</time></pt><pt><x>722</x><y>547</y><time>13-12-21 17:21:16:164</time></pt><pt><x>716</x><y>547</y><time>13-12-21 17:21:16:371</time></pt><pt><x>697</x><y>538</y><time>13-12-21 17:21:16:635</time></pt><pt><x>686</x><y>531</y><time>13-12-21 17:21:16:883</time></pt><pt><x>665</x><y>527</y><time>13-12-21 17:21:17:107</time></pt><pt><x>639</x><y>538</y><time>13-12-21 17:21:17:326</time></pt><pt><x>603</x><y>548</y><time>13-12-21 17:21:22:820</time></pt><pt><x>591</x><y>568</y><time>13-12-21 17:21:23:164</time></pt><pt><x>577</x><y>587</y><time>13-12-21 17:21:23:476</time></pt><pt><x>563</x><y>619</y><time>13-12-21 17:21:24:188</time></pt><pt><x>561</x><y>642</y><time>13-12-21 17:21:24:492</time></pt><pt><x>580</x><y>662</y><time>13-12-21 17:21:24:899</time></pt><pt><x>601</x><y>644</y><time>13-12-21 17:21:25:180</time></pt><pt><x>610</x><y>623</y><time>13-12-21 17:21:25:452</time></pt><pt><x>616</x><y>616</y><time>13-12-21 17:21:25:684</time></pt><pt><x>630</x><y>626</y><time>13-12-21 17:21:25:948</time></pt><closed_date>13-12-21 17:21:26:236</closed_date></polygon></object><object><name>restoration</name><deleted>0</deleted><verified>0</verified><occluded>no</occluded><attributes /><parts><hasparts /><ispartof>8</ispartof></parts><date>13-12-21 17:21:48:760</date><id>12</id><polygon><username>anonymous</username><pt><x>515</x><y>640</y><time>13-12-21 17:21:32:339</time></pt><pt><x>497</x><y>633</y><time>13-12-21 17:21:32:900</time></pt><pt><x>479</x><y>642</y><time>13-12-21 17:21:33:212</time></pt><pt><x>469</x><y>651</y><time>13-12-21 17:21:33:468</time></pt><pt><x>476</x><y>667</y><time>13-12-21 17:21:33:988</time></pt><pt><x>483</x><y>683</y><time>13-12-21 17:21:34:324</time></pt><pt><x>451</x><y>674</y><time>13-12-21 17:21:34:732</time></pt><pt><x>444</x><y>649</y><time>13-12-21 17:21:35:116</time></pt><pt><x>432</x><y>639</y><time>13-12-21 17:21:35:452</time></pt><pt><x>423</x><y>626</y><time>13-12-21 17:21:35:788</time></pt><pt><x>396</x><y>617</y><time>13-12-21 17:21:36:075</time></pt><pt><x>372</x><y>617</y><time>13-12-21 17:21:36:324</time></pt><pt><x>352</x><y>601</y><time>13-12-21 17:21:36:699</time></pt><pt><x>329</x><y>596</y><time>13-12-21 17:21:36:988</time></pt><pt><x>304</x><y>596</y><time>13-12-21 17:21:37:212</time></pt><pt><x>301</x><y>598</y><time>13-12-21 17:21:37:452</time></pt><pt><x>285</x><y>584</y><time>13-12-21 17:21:37:828</time></pt><pt><x>265</x><y>564</y><time>13-12-21 17:21:40:028</time></pt><pt><x>258</x><y>538</y><time>13-12-21 17:21:40:412</time></pt><pt><x>265</x><y>520</y><time>13-12-21 17:21:40:804</time></pt><pt><x>297</x><y>508</y><time>13-12-21 17:21:41:140</time></pt><pt><x>327</x><y>506</y><time>13-12-21 17:21:41:460</time></pt><pt><x>349</x><y>508</y><time>13-12-21 17:21:41:772</time></pt><pt><x>368</x><y>524</y><time>13-12-21 17:21:42:071</time></pt><pt><x>386</x><y>538</y><time>13-12-21 17:21:42:396</time></pt><pt><x>395</x><y>550</y><time>13-12-21 17:21:42:764</time></pt><pt><x>418</x><y>557</y><time>13-12-21 17:21:43:054</time></pt><pt><x>430</x><y>559</y><time>13-12-21 17:21:43:284</time></pt><pt><x>444</x><y>561</y><time>13-12-21 17:21:43:492</time></pt><pt><x>456</x><y>564</y><time>13-12-21 17:21:43:716</time></pt><pt><x>486</x><y>584</y><time>13-12-21 17:21:44:086</time></pt><pt><x>527</x><y>589</y><time>13-12-21 17:21:44:412</time></pt><pt><x>547</x><y>594</y><time>13-12-21 17:21:44:676</time></pt><pt><x>557</x><y>609</y><time>13-12-21 17:21:45:012</time></pt><pt><x>561</x><y>635</y><time>13-12-21 17:21:45:436</time></pt><pt><x>538</x><y>647</y><time>13-12-21 17:21:45:820</time></pt><closed_date>13-12-21 17:21:46:172</closed_date></polygon></object><object><name>restoration</name><deleted>0</deleted><verified>0</verified><occluded>no</occluded><attributes /><parts><hasparts /><ispartof>2</ispartof></parts><date>13-12-21 17:22:06:169</date><id>13</id><polygon><username>anonymous</username><pt><x>683</x><y>363</y><time>13-12-21 17:21:51:558</time></pt><pt><x>701</x><y>345</y><time>13-12-21 17:21:52:124</time></pt><pt><x>725</x><y>324</y><time>13-12-21 17:21:52:716</time></pt><pt><x>736</x><y>311</y><time>13-12-21 17:21:53:172</time></pt><pt><x>739</x><y>297</y><time>13-12-21 17:21:53:523</time></pt><pt><x>736</x><y>280</y><time>13-12-21 17:21:53:899</time></pt><pt><x>736</x><y>260</y><time>13-12-21 17:21:54:235</time></pt><pt><x>755</x><y>242</y><time>13-12-21 17:21:54:612</time></pt><pt><x>773</x><y>235</y><time>13-12-21 17:21:54:955</time></pt><pt><x>793</x><y>223</y><time>13-12-21 17:21:55:299</time></pt><pt><x>810</x><y>219</y><time>13-12-21 17:21:55:629</time></pt><pt><x>831</x><y>212</y><time>13-12-21 17:21:56:036</time></pt><pt><x>856</x><y>212</y><time>13-12-21 17:21:56:364</time></pt><pt><x>879</x><y>216</y><time>13-12-21 17:21:56:724</time></pt><pt><x>893</x><y>232</y><time>13-12-21 17:21:57:100</time></pt><pt><x>909</x><y>242</y><time>13-12-21 17:21:57:556</time></pt><pt><x>922</x><y>264</y><time>13-12-21 17:21:57:884</time></pt><pt><x>934</x><y>294</y><time>13-12-21 17:21:58:212</time></pt><pt><x>916</x><y>311</y><time>13-12-21 17:21:58:604</time></pt><pt><x>888</x><y>320</y><time>13-12-21 17:21:58:924</time></pt><pt><x>869</x><y>336</y><time>13-12-21 17:21:59:188</time></pt><pt><x>858</x><y>350</y><time>13-12-21 17:21:59:444</time></pt><pt><x>847</x><y>354</y><time>13-12-21 17:21:59:724</time></pt><pt><x>833</x><y>364</y><time>13-12-21 17:21:59:990</time></pt><pt><x>828</x><y>375</y><time>13-12-21 17:22:00:331</time></pt><pt><x>807</x><y>382</y><time>13-12-21 17:22:00:748</time></pt><pt><x>791</x><y>377</y><time>13-12-21 17:22:01:036</time></pt><pt><x>773</x><y>389</y><time>13-12-21 17:22:01:332</time></pt><pt><x>748</x><y>403</y><time>13-12-21 17:22:01:644</time></pt><pt><x>731</x><y>409</y><time>13-12-21 17:22:01:940</time></pt><pt><x>713</x><y>407</y><time>13-12-21 17:22:02:388</time></pt><pt><x>692</x><y>410</y><time>13-12-21 17:22:02:764</time></pt><pt><x>683</x><y>395</y><time>13-12-21 17:22:03:132</time></pt><pt><x>674</x><y>377</y><time>13-12-21 17:22:03:460</time></pt><closed_date>13-12-21 17:22:03:780</closed_date></polygon></object><object><name>restoration</name><deleted>0</deleted><verified>0</verified><occluded>no</occluded><attributes /><parts><hasparts /><ispartof>5</ispartof></parts><date>13-12-21 17:22:23:371</date><id>14</id><polygon><username>anonymous</username><pt><x>1189</x><y>485</y><time>13-12-21 17:22:08:717</time></pt><pt><x>1168</x><y>483</y><time>13-12-21 17:22:09:924</time></pt><pt><x>1139</x><y>479</y><time>13-12-21 17:22:10:268</time></pt><pt><x>1122</x><y>474</y><time>13-12-21 17:22:10:572</time></pt><pt><x>1109</x><y>451</y><time>13-12-21 17:22:10:932</time></pt><pt><x>1104</x><y>432</y><time>13-12-21 17:22:11:316</time></pt><pt><x>1116</x><y>421</y><time>13-12-21 17:22:11:636</time></pt><pt><x>1130</x><y>418</y><time>13-12-21 17:22:11:924</time></pt><pt><x>1141</x><y>421</y><time>13-12-21 17:22:12:222</time></pt><pt><x>1150</x><y>423</y><time>13-12-21 17:22:12:516</time></pt><pt><x>1161</x><y>419</y><time>13-12-21 17:22:12:893</time></pt><pt><x>1166</x><y>414</y><time>13-12-21 17:22:13:348</time></pt><pt><x>1173</x><y>409</y><time>13-12-21 17:22:13:956</time></pt><pt><x>1185</x><y>410</y><time>13-12-21 17:22:14:300</time></pt><pt><x>1201</x><y>410</y><time>13-12-21 17:22:14:629</time></pt><pt><x>1214</x><y>410</y><time>13-12-21 17:22:14:924</time></pt><pt><x>1219</x><y>412</y><time>13-12-21 17:22:15:219</time></pt><pt><x>1219</x><y>453</y><time>13-12-21 17:22:15:644</time></pt><pt><x>1214</x><y>481</y><time>13-12-21 17:22:16:029</time></pt><pt><x>1214</x><y>495</y><time>13-12-21 17:22:16:332</time></pt><pt><x>1198</x><y>497</y><time>13-12-21 17:22:16:692</time></pt><closed_date>13-12-21 17:22:17:324</closed_date></polygon></object><object><name>restoration</name><deleted>0</deleted><verified>0</verified><occluded>no</occluded><attributes /><parts><hasparts /><ispartof>3</ispartof></parts><date>13-12-21 17:22:35:276</date><id>15</id><polygon><username>anonymous</username><pt><x>1030</x><y>212</y><time>13-12-21 17:22:24:561</time></pt><pt><x>1021</x><y>179</y><time>13-12-21 17:22:24:999</time></pt><pt><x>1019</x><y>147</y><time>13-12-21 17:22:25:383</time></pt><pt><x>1044</x><y>133</y><time>13-12-21 17:22:25:687</time></pt><pt><x>1060</x><y>138</y><time>13-12-21 17:22:26:023</time></pt><pt><x>1081</x><y>140</y><time>13-12-21 17:22:26:359</time></pt><pt><x>1099</x><y>152</y><time>13-12-21 17:22:26:640</time></pt><pt><x>1118</x><y>184</y><time>13-12-21 17:22:26:959</time></pt><pt><x>1127</x><y>205</y><time>13-12-21 17:22:27:287</time></pt><pt><x>1130</x><y>221</y><time>13-12-21 17:22:27:599</time></pt><pt><x>1107</x><y>234</y><time>13-12-21 17:22:27:874</time></pt><pt><x>1088</x><y>246</y><time>13-12-21 17:22:28:128</time></pt><pt><x>1060</x><y>258</y><time>13-12-21 17:22:28:609</time></pt><pt><x>1024</x><y>272</y><time>13-12-21 17:22:28:919</time></pt><pt><x>998</x><y>281</y><time>13-12-21 17:22:29:167</time></pt><pt><x>968</x><y>297</y><time>13-12-21 17:22:29:440</time></pt><pt><x>955</x><y>299</y><time>13-12-21 17:22:29:735</time></pt><pt><x>932</x><y>287</y><time>13-12-21 17:22:29:991</time></pt><pt><x>922</x><y>255</y><time>13-12-21 17:22:30:287</time></pt><pt><x>915</x><y>219</y><time>13-12-21 17:22:30:607</time></pt><pt><x>922</x><y>195</y><time>13-12-21 17:22:30:895</time></pt><pt><x>943</x><y>195</y><time>13-12-21 17:22:31:159</time></pt><pt><x>959</x><y>207</y><time>13-12-21 17:22:31:393</time></pt><pt><x>969</x><y>218</y><time>13-12-21 17:22:31:609</time></pt><pt><x>985</x><y>234</y><time>13-12-21 17:22:31:887</time></pt><pt><x>1014</x><y>235</y><time>13-12-21 17:22:32:143</time></pt><pt><x>1026</x><y>230</y><time>13-12-21 17:22:32:335</time></pt><closed_date>13-12-21 17:22:32:602</closed_date></polygon></object><object><name>restoration</name><deleted>0</deleted><verified>0</verified><occluded>no</occluded><attributes /><parts><hasparts /><ispartof>4</ispartof></parts><date>13-12-21 17:22:46:195</date><id>16</id><polygon><username>anonymous</username><pt><x>1097</x><y>88</y><time>13-12-21 17:22:36:857</time></pt><pt><x>1113</x><y>103</y><time>13-12-21 17:22:37:655</time></pt><pt><x>1120</x><y>96</y><time>13-12-21 17:22:38:143</time></pt><pt><x>1139</x><y>96</y><time>13-12-21 17:22:38:538</time></pt><pt><x>1152</x><y>103</y><time>13-12-21 17:22:38:840</time></pt><pt><x>1168</x><y>106</y><time>13-12-21 17:22:39:106</time></pt><pt><x>1184</x><y>113</y><time>13-12-21 17:22:39:367</time></pt><pt><x>1198</x><y>129</y><time>13-12-21 17:22:39:703</time></pt><pt><x>1207</x><y>150</y><time>13-12-21 17:22:39:983</time></pt><pt><x>1210</x><y>172</y><time>13-12-21 17:22:40:280</time></pt><pt><x>1214</x><y>200</y><time>13-12-21 17:22:40:655</time></pt><pt><x>1205</x><y>212</y><time>13-12-21 17:22:41:007</time></pt><pt><x>1171</x><y>219</y><time>13-12-21 17:22:41:303</time></pt><pt><x>1155</x><y>218</y><time>13-12-21 17:22:41:647</time></pt><pt><x>1138</x><y>202</y><time>13-12-21 17:22:41:983</time></pt><pt><x>1122</x><y>170</y><time>13-12-21 17:22:42:279</time></pt><pt><x>1115</x><y>142</y><time>13-12-21 17:22:42:567</time></pt><pt><x>1109</x><y>115</y><time>13-12-21 17:22:42:831</time></pt><closed_date>13-12-21 17:22:43:111</closed_date></polygon></object><object><name>root canal treatment</name><deleted>0</deleted><verified>0</verified><occluded>no</occluded><attributes /><parts><hasparts /><ispartof>2</ispartof></parts><date>13-12-21 17:23:27:671</date><id>17</id><polygon><username>anonymous</username><pt><x>713</x><y>242</y><time>13-12-21 17:22:52:437</time></pt><pt><x>704</x><y>214</y><time>13-12-21 17:22:52:943</time></pt><pt><x>699</x><y>189</y><time>13-12-21 17:22:53:424</time></pt><pt><x>681</x><y>168</y><time>13-12-21 17:22:53:992</time></pt><pt><x>649</x><y>136</y><time>13-12-21 17:22:54:704</time></pt><pt><x>619</x><y>108</y><time>13-12-21 17:22:55:703</time></pt><pt><x>605</x><y>85</y><time>13-12-21 17:22:56:495</time></pt><pt><x>577</x><y>60</y><time>13-12-21 17:22:57:144</time></pt><pt><x>566</x><y>44</y><time>13-12-21 17:22:57:544</time></pt><pt><x>554</x><y>21</y><time>13-12-21 17:22:58:007</time></pt><pt><x>552</x><y>12</y><time>13-12-21 17:23:01:984</time></pt><pt><x>568</x><y>18</y><time>13-12-21 17:23:02:512</time></pt><pt><x>577</x><y>35</y><time>13-12-21 17:23:02:888</time></pt><pt><x>596</x><y>51</y><time>13-12-21 17:23:03:199</time></pt><pt><x>614</x><y>62</y><time>13-12-21 17:23:03:520</time></pt><pt><x>624</x><y>73</y><time>13-12-21 17:23:03:888</time></pt><pt><x>644</x><y>88</y><time>13-12-21 17:23:04:170</time></pt><pt><x>655</x><y>99</y><time>13-12-21 17:23:04:466</time></pt><pt><x>647</x><y>76</y><time>13-12-21 17:23:05:128</time></pt><pt><x>640</x><y>51</y><time>13-12-21 17:23:05:496</time></pt><pt><x>624</x><y>16</y><time>13-12-21 17:23:05:904</time></pt><pt><x>632</x><y>16</y><time>13-12-21 17:23:06:448</time></pt><pt><x>651</x><y>37</y><time>13-12-21 17:23:06:778</time></pt><pt><x>665</x><y>55</y><time>13-12-21 17:23:07:043</time></pt><pt><x>674</x><y>80</y><time>13-12-21 17:23:07:296</time></pt><pt><x>686</x><y>106</y><time>13-12-21 17:23:07:593</time></pt><pt><x>701</x><y>127</y><time>13-12-21 17:23:07:919</time></pt><pt><x>709</x><y>136</y><time>13-12-21 17:23:08:135</time></pt><pt><x>713</x><y>140</y><time>13-12-21 17:23:08:352</time></pt><pt><x>724</x><y>140</y><time>13-12-21 17:23:08:568</time></pt><pt><x>732</x><y>136</y><time>13-12-21 17:23:08:784</time></pt><pt><x>741</x><y>131</y><time>13-12-21 17:23:08:992</time></pt><pt><x>752</x><y>126</y><time>13-12-21 17:23:09:312</time></pt><pt><x>748</x><y>106</y><time>13-12-21 17:23:11:424</time></pt><pt><x>743</x><y>73</y><time>13-12-21 17:23:11:823</time></pt><pt><x>722</x><y>44</y><time>13-12-21 17:23:12:191</time></pt><pt><x>713</x><y>16</y><time>13-12-21 17:23:12:608</time></pt><pt><x>727</x><y>11</y><time>13-12-21 17:23:13:223</time></pt><pt><x>745</x><y>35</y><time>13-12-21 17:23:13:592</time></pt><pt><x>750</x><y>18</y><time>13-12-21 17:23:14:152</time></pt><pt><x>750</x><y>5</y><time>13-12-21 17:23:14:560</time></pt><pt><x>764</x><y>28</y><time>13-12-21 17:23:15:008</time></pt><pt><x>764</x><y>62</y><time>13-12-21 17:23:15:360</time></pt><pt><x>773</x><y>94</y><time>13-12-21 17:23:15:690</time></pt><pt><x>775</x><y>126</y><time>13-12-21 17:23:16:032</time></pt><pt><x>793</x><y>152</y><time>13-12-21 17:23:20:416</time></pt><pt><x>807</x><y>177</y><time>13-12-21 17:23:20:920</time></pt><pt><x>823</x><y>193</y><time>13-12-21 17:23:21:360</time></pt><pt><x>842</x><y>207</y><time>13-12-21 17:23:21:792</time></pt><pt><x>826</x><y>212</y><time>13-12-21 17:23:22:338</time></pt><pt><x>789</x><y>223</y><time>13-12-21 17:23:22:722</time></pt><pt><x>768</x><y>228</y><time>13-12-21 17:23:23:018</time></pt><pt><x>736</x><y>248</y><time>13-12-21 17:23:23:450</time></pt><pt><x>724</x><y>257</y><time>13-12-21 17:23:23:779</time></pt><closed_date>13-12-21 17:23:24:274</closed_date></polygon></object><object><name>restoration</name><deleted>0</deleted><verified>0</verified><occluded>no</occluded><attributes /><parts><hasparts /><ispartof>0</ispartof></parts><date>13-12-21 17:24:06:927</date><id>18</id><polygon><username>anonymous</username><pt><x>310</x><y>311</y><time>13-12-21 17:23:44:071</time></pt><pt><x>294</x><y>297</y><time>13-12-21 17:23:44:514</time></pt><pt><x>267</x><y>295</y><time>13-12-21 17:23:44:858</time></pt><pt><x>244</x><y>294</y><time>13-12-21 17:23:45:210</time></pt><pt><x>223</x><y>294</y><time>13-12-21 17:23:45:482</time></pt><pt><x>218</x><y>304</y><time>13-12-21 17:23:45:778</time></pt><pt><x>216</x><y>315</y><time>13-12-21 17:23:46:219</time></pt><pt><x>214</x><y>297</y><time>13-12-21 17:23:51:234</time></pt><pt><x>193</x><y>290</y><time>13-12-21 17:23:51:587</time></pt><pt><x>161</x><y>299</y><time>13-12-21 17:23:51:874</time></pt><pt><x>143</x><y>322</y><time>13-12-21 17:23:52:154</time></pt><pt><x>131</x><y>333</y><time>13-12-21 17:23:52:434</time></pt><pt><x>138</x><y>361</y><time>13-12-21 17:23:52:947</time></pt><pt><x>161</x><y>377</y><time>13-12-21 17:23:53:346</time></pt><pt><x>179</x><y>379</y><time>13-12-21 17:23:53:682</time></pt><pt><x>198</x><y>373</y><time>13-12-21 17:23:53:970</time></pt><pt><x>214</x><y>380</y><time>13-12-21 17:23:54:243</time></pt><pt><x>232</x><y>382</y><time>13-12-21 17:23:54:538</time></pt><pt><x>253</x><y>372</y><time>13-12-21 17:23:54:795</time></pt><pt><x>265</x><y>354</y><time>13-12-21 17:23:55:146</time></pt><pt><x>274</x><y>345</y><time>13-12-21 17:23:55:419</time></pt><pt><x>283</x><y>354</y><time>13-12-21 17:23:55:755</time></pt><pt><x>303</x><y>366</y><time>13-12-21 17:23:56:100</time></pt><pt><x>311</x><y>379</y><time>13-12-21 17:23:56:379</time></pt><pt><x>324</x><y>382</y><time>13-12-21 17:23:56:634</time></pt><pt><x>331</x><y>382</y><time>13-12-21 17:23:56:859</time></pt><pt><x>343</x><y>377</y><time>13-12-21 17:23:57:141</time></pt><pt><x>363</x><y>363</y><time>13-12-21 17:23:57:429</time></pt><pt><x>368</x><y>310</y><time>13-12-21 17:24:00:771</time></pt><pt><x>368</x><y>285</y><time>13-12-21 17:24:01:186</time></pt><pt><x>364</x><y>272</y><time>13-12-21 17:24:02:162</time></pt><pt><x>343</x><y>271</y><time>13-12-21 17:24:02:507</time></pt><pt><x>320</x><y>290</y><time>13-12-21 17:24:02:891</time></pt><closed_date>13-12-21 17:24:03:210</closed_date></polygon></object><object><name>restoration</name><deleted>0</deleted><verified>0</verified><occluded>no</occluded><attributes /><parts><hasparts /><ispartof>1</ispartof></parts><date>13-12-21 17:24:30:851</date><id>19</id><polygon><username>anonymous</username><pt><x>419</x><y>350</y><time>13-12-21 17:24:12:148</time></pt><pt><x>444</x><y>364</y><time>13-12-21 17:24:12:587</time></pt><pt><x>469</x><y>359</y><time>13-12-21 17:24:12:949</time></pt><pt><x>492</x><y>359</y><time>13-12-21 17:24:13:387</time></pt><pt><x>513</x><y>334</y><time>13-12-21 17:24:13:787</time></pt><pt><x>529</x><y>326</y><time>13-12-21 17:24:14:139</time></pt><pt><x>550</x><y>338</y><time>13-12-21 17:24:14:500</time></pt><pt><x>561</x><y>361</y><time>13-12-21 17:24:14:811</time></pt><pt><x>594</x><y>366</y><time>13-12-21 17:24:15:123</time></pt><pt><x>616</x><y>366</y><time>13-12-21 17:24:15:562</time></pt><pt><x>635</x><y>373</y><time>13-12-21 17:24:17:483</time></pt><pt><x>632</x><y>393</y><time>13-12-21 17:24:17:803</time></pt><pt><x>616</x><y>409</y><time>13-12-21 17:24:18:115</time></pt><pt><x>568</x><y>425</y><time>13-12-21 17:24:19:939</time></pt><pt><x>529</x><y>419</y><time>13-12-21 17:24:20:339</time></pt><pt><x>520</x><y>405</y><time>13-12-21 17:24:20:771</time></pt><pt><x>517</x><y>400</y><time>13-12-21 17:24:21:083</time></pt><pt><x>511</x><y>419</y><time>13-12-21 17:24:24:205</time></pt><pt><x>499</x><y>430</y><time>13-12-21 17:24:24:646</time></pt><pt><x>485</x><y>437</y><time>13-12-21 17:24:24:973</time></pt><pt><x>467</x><y>439</y><time>13-12-21 17:24:25:293</time></pt><pt><x>442</x><y>435</y><time>13-12-21 17:24:25:589</time></pt><pt><x>426</x><y>425</y><time>13-12-21 17:24:25:870</time></pt><pt><x>416</x><y>412</y><time>13-12-21 17:24:26:229</time></pt><pt><x>409</x><y>402</y><time>13-12-21 17:24:26:565</time></pt><pt><x>400</x><y>387</y><time>13-12-21 17:24:26:829</time></pt><pt><x>398</x><y>372</y><time>13-12-21 17:24:27:285</time></pt><pt><x>398</x><y>363</y><time>13-12-21 17:24:27:629</time></pt><closed_date>13-12-21 17:24:27:912</closed_date></polygon></object><imagesize><nrows /><ncols /></imagesize></annotation>