<?xml version='1.0' encoding='UTF-8'?>
<annotation><filename>71.jpg</filename><folder>segmentation_xray</folder><source><sourceImage>The MIT-CSAIL database of objects and scenes</sourceImage><sourceAnnotation>LabelMe Webtool</sourceAnnotation></source><object><name>tooth</name><deleted>0</deleted><verified>0</verified><occluded>no</occluded><attributes>28</attributes><parts><hasparts /><ispartof /></parts><date>20-01-22 11:00:50:285</date><id>0</id><type>bounding_box</type><polygon><username>anonymous</username><pt><x>1192</x><y>11</y><time>20-01-22 11:00:44:464</time></pt><pt><x>1580</x><y>11</y><time>20-01-22 11:00:45:833</time></pt><pt><x>1580</x><y>503</y><time>undefined</time></pt><pt><x>1192</x><y>503</y><time>undefined</time></pt><closed_date>20-01-22 11:00:45:833</closed_date></polygon></object><object><name>tooth</name><deleted>0</deleted><verified>0</verified><occluded>no</occluded><attributes>27</attributes><parts><hasparts /><ispartof /></parts><date>20-01-22 11:00:56:202</date><id>1</id><type>bounding_box</type><polygon><username>anonymous</username><pt><x>839</x><y>20</y><time>20-01-22 11:00:51:729</time></pt><pt><x>1199</x><y>20</y><time>20-01-22 11:00:53:200</time></pt><pt><x>1199</x><y>555</y><time>undefined</time></pt><pt><x>839</x><y>555</y><time>undefined</time></pt><closed_date>20-01-22 11:00:53:200</closed_date></polygon></object><object><name>tooth</name><deleted>0</deleted><verified>0</verified><occluded>no</occluded><attributes>25</attributes><parts><hasparts /><ispartof /></parts><date>20-01-22 11:01:06:634</date><id>2</id><type>bounding_box</type><polygon><username>anonymous</username><pt><x>450</x><y>11</y><time>20-01-22 11:00:57:729</time></pt><pt><x>169</x><y>11</y><time>20-01-22 11:01:00:384</time></pt><pt><x>169</x><y>494</y><time>undefined</time></pt><pt><x>450</x><y>494</y><time>undefined</time></pt><closed_date>20-01-22 11:01:00:384</closed_date></polygon></object><object><name>tooth</name><deleted>0</deleted><verified>0</verified><occluded>no</occluded><attributes>26</attributes><parts><hasparts /><ispartof /></parts><date>20-01-22 11:01:16:513</date><id>3</id><type>bounding_box</type><polygon><username>anonymous</username><pt><x>867</x><y>13</y><time>20-01-22 11:01:08:328</time></pt><pt><x>424</x><y>13</y><time>20-01-22 11:01:10:774</time></pt><pt><x>424</x><y>566</y><time>undefined</time></pt><pt><x>867</x><y>566</y><time>undefined</time></pt><closed_date>20-01-22 11:01:10:775</closed_date></polygon></object><object><name>tooth</name><deleted>0</deleted><verified>0</verified><occluded>no</occluded><attributes>24</attributes><parts><hasparts /><ispartof /></parts><date>20-01-22 11:01:24:436</date><id>4</id><type>bounding_box</type><polygon><username>anonymous</username><pt><x>26</x><y>461</y><time>20-01-22 11:01:17:825</time></pt><pt><x>233</x><y>461</y><time>20-01-22 11:01:19:215</time></pt><pt><x>233</x><y>24</y><time>undefined</time></pt><pt><x>26</x><y>24</y><time>undefined</time></pt><closed_date>20-01-22 11:01:19:215</closed_date></polygon></object><object><name>tooth</name><deleted>0</deleted><verified>0</verified><occluded>no</occluded><attributes>37</attributes><parts><hasparts /><ispartof /></parts><date>20-01-22 11:01:36:875</date><id>5</id><type>bounding_box</type><polygon><username>anonymous</username><pt><x>1594</x><y>549</y><time>20-01-22 11:01:27:463</time></pt><pt><x>1155</x><y>549</y><time>20-01-22 11:01:31:744</time></pt><pt><x>1155</x><y>1242</y><time>undefined</time></pt><pt><x>1594</x><y>1242</y><time>undefined</time></pt><closed_date>20-01-22 11:01:31:744</closed_date></polygon></object><object><name>tooth</name><deleted>0</deleted><verified>0</verified><occluded>no</occluded><attributes>36</attributes><parts><hasparts /><ispartof /></parts><date>20-01-22 11:01:47:839</date><id>6</id><type>bounding_box</type><polygon><username>anonymous</username><pt><x>733</x><y>659</y><time>20-01-22 11:01:42:521</time></pt><pt><x>1223</x><y>659</y><time>20-01-22 11:01:44:135</time></pt><pt><x>1223</x><y>1225</y><time>undefined</time></pt><pt><x>733</x><y>1225</y><time>undefined</time></pt><closed_date>20-01-22 11:01:44:136</closed_date></polygon></object><object><name>tooth</name><deleted>0</deleted><verified>0</verified><occluded>no</occluded><attributes>34</attributes><parts><hasparts /><ispartof /></parts><date>20-01-22 11:01:55:068</date><id>7</id><type>bounding_box</type><polygon><username>anonymous</username><pt><x>64</x><y>560</y><time>20-01-22 11:01:48:809</time></pt><pt><x>373</x><y>560</y><time>20-01-22 11:01:51:000</time></pt><pt><x>373</x><y>1240</y><time>undefined</time></pt><pt><x>64</x><y>1240</y><time>undefined</time></pt><closed_date>20-01-22 11:01:51:000</closed_date></polygon></object><object><name>tooth</name><deleted>0</deleted><verified>0</verified><occluded>no</occluded><attributes>33</attributes><parts><hasparts /><ispartof /></parts><date>20-01-22 11:02:02:241</date><id>8</id><type>bounding_box</type><polygon><username>anonymous</username><pt><x>22</x><y>606</y><time>20-01-22 11:01:55:633</time></pt><pt><x>75</x><y>606</y><time>20-01-22 11:01:58:447</time></pt><pt><x>75</x><y>834</y><time>undefined</time></pt><pt><x>22</x><y>834</y><time>undefined</time></pt><closed_date>20-01-22 11:01:58:448</closed_date></polygon></object><imagesize><nrows /><ncols /></imagesize></annotation>