<?xml version='1.0' encoding='UTF-8'?>
<annotation><filename>72.jpg</filename><folder>segmentation_xray</folder><source><sourceImage>The MIT-CSAIL database of objects and scenes</sourceImage><sourceAnnotation>LabelMe Webtool</sourceAnnotation></source><object><name>tooth</name><deleted>0</deleted><verified>0</verified><occluded>no</occluded><attributes>27</attributes><parts><hasparts /><ispartof /></parts><date>09-01-22 13:59:50:618</date><id>0</id><type>bounding_box</type><polygon><username>anonymous</username><pt><x>768</x><y>341</y><time>09-01-22 13:59:36:560</time></pt><pt><x>1055</x><y>341</y><time>09-01-22 13:59:45:081</time></pt><pt><x>1055</x><y>7</y><time>undefined</time></pt><pt><x>768</x><y>7</y><time>undefined</time></pt><closed_date>09-01-22 13:59:45:082</closed_date></polygon></object><object><name>tooth</name><deleted>0</deleted><verified>0</verified><occluded>no</occluded><attributes>26</attributes><parts><hasparts>10,11</hasparts><ispartof /></parts><date>09-01-22 14:00:21:703</date><id>1</id><type>bounding_box</type><polygon><username>anonymous</username><pt><x>457</x><y>3</y><time>09-01-22 14:00:08:745</time></pt><pt><x>786</x><y>3</y><time>09-01-22 14:00:12:000</time></pt><pt><x>786</x><y>366</y><time>undefined</time></pt><pt><x>457</x><y>366</y><time>undefined</time></pt><closed_date>09-01-22 14:00:12:000</closed_date></polygon></object><object><name>tooth</name><deleted>0</deleted><verified>0</verified><occluded>no</occluded><attributes>25</attributes><parts><hasparts>12</hasparts><ispartof /></parts><date>09-01-22 14:00:36:103</date><id>2</id><type>bounding_box</type><polygon><username>anonymous</username><pt><x>274</x><y>372</y><time>09-01-22 14:00:28:605</time></pt><pt><x>464</x><y>372</y><time>09-01-22 14:00:32:245</time></pt><pt><x>464</x><y>3</y><time>undefined</time></pt><pt><x>274</x><y>3</y><time>undefined</time></pt><closed_date>09-01-22 14:00:32:245</closed_date></polygon></object><object><name>tooth</name><deleted>0</deleted><verified>0</verified><occluded>no</occluded><attributes>24</attributes><parts><hasparts /><ispartof /></parts><date>09-01-22 14:00:47:295</date><id>3</id><type>bounding_box</type><polygon><username>anonymous</username><pt><x>82</x><y>379</y><time>09-01-22 14:00:39:450</time></pt><pt><x>275</x><y>379</y><time>09-01-22 14:00:42:810</time></pt><pt><x>275</x><y>5</y><time>undefined</time></pt><pt><x>82</x><y>5</y><time>undefined</time></pt><closed_date>09-01-22 14:00:42:810</closed_date></polygon></object><object><name>tooth</name><deleted>0</deleted><verified>0</verified><occluded>no</occluded><attributes>23</attributes><parts><hasparts /><ispartof /></parts><date>09-01-22 14:00:58:387</date><id>4</id><type>bounding_box</type><polygon><username>anonymous</username><pt><x>30</x><y>110</y><time>09-01-22 14:00:48:849</time></pt><pt><x>2</x><y>110</y><time>09-01-22 14:00:52:440</time></pt><pt><x>2</x><y>322</y><time>undefined</time></pt><pt><x>30</x><y>322</y><time>undefined</time></pt><closed_date>09-01-22 14:00:52:440</closed_date></polygon></object><object><name>tooth</name><deleted>0</deleted><verified>0</verified><occluded>no</occluded><attributes>37</attributes><parts><hasparts /><ispartof /></parts><date>09-01-22 14:01:18:740</date><id>5</id><type>bounding_box</type><polygon><username>anonymous</username><pt><x>1212</x><y>342</y><time>09-01-22 14:01:03:378</time></pt><pt><x>796</x><y>342</y><time>09-01-22 14:01:08:858</time></pt><pt><x>796</x><y>908</y><time>undefined</time></pt><pt><x>1212</x><y>908</y><time>undefined</time></pt><closed_date>09-01-22 14:01:08:858</closed_date></polygon></object><object><name>tooth</name><deleted>0</deleted><verified>0</verified><occluded>no</occluded><attributes>36</attributes><parts><hasparts>13</hasparts><ispartof /></parts><date>09-01-22 14:01:31:517</date><id>6</id><type>bounding_box</type><polygon><username>anonymous</username><pt><x>466</x><y>394</y><time>09-01-22 14:01:20:452</time></pt><pt><x>940</x><y>394</y><time>09-01-22 14:01:25:657</time></pt><pt><x>940</x><y>940</y><time>undefined</time></pt><pt><x>466</x><y>940</y><time>undefined</time></pt><closed_date>09-01-22 14:01:25:658</closed_date></polygon></object><object><name>tooth</name><deleted>0</deleted><verified>0</verified><occluded>no</occluded><attributes>35</attributes><parts><hasparts>14</hasparts><ispartof /></parts><date>09-01-22 14:01:43:346</date><id>7</id><type>bounding_box</type><polygon><username>anonymous</username><pt><x>249</x><y>436</y><time>09-01-22 14:01:33:836</time></pt><pt><x>531</x><y>436</y><time>09-01-22 14:01:36:562</time></pt><pt><x>531</x><y>948</y><time>undefined</time></pt><pt><x>249</x><y>948</y><time>undefined</time></pt><closed_date>09-01-22 14:01:36:562</closed_date></polygon></object><object><name>tooth</name><deleted>0</deleted><verified>0</verified><occluded>no</occluded><attributes>34</attributes><parts><hasparts>16</hasparts><ispartof /></parts><date>09-01-22 14:02:04:581</date><id>8</id><type>bounding_box</type><polygon><username>anonymous</username><pt><x>30</x><y>442</y><time>09-01-22 14:01:52:582</time></pt><pt><x>291</x><y>442</y><time>09-01-22 14:01:55:425</time></pt><pt><x>291</x><y>945</y><time>undefined</time></pt><pt><x>30</x><y>945</y><time>undefined</time></pt><closed_date>09-01-22 14:01:55:425</closed_date></polygon></object><object><name>tooth</name><deleted>0</deleted><verified>0</verified><occluded>no</occluded><attributes>33</attributes><parts><hasparts>15</hasparts><ispartof /></parts><date>09-01-22 14:02:13:939</date><id>9</id><type>bounding_box</type><polygon><username>anonymous</username><pt><x>2</x><y>474</y><time>09-01-22 14:02:06:206</time></pt><pt><x>145</x><y>474</y><time>09-01-22 14:02:08:099</time></pt><pt><x>145</x><y>945</y><time>undefined</time></pt><pt><x>2</x><y>945</y><time>undefined</time></pt><closed_date>09-01-22 14:02:08:099</closed_date></polygon></object><object><name>restoration</name><deleted>0</deleted><verified>0</verified><occluded>no</occluded><attributes /><parts><hasparts /><ispartof>1</ispartof></parts><date>09-01-22 14:03:20:907</date><id>10</id><polygon><username>anonymous</username><pt><x>716</x><y>296</y><time>09-01-22 14:03:07:584</time></pt><pt><x>701</x><y>265</y><time>09-01-22 14:03:09:120</time></pt><pt><x>678</x><y>264</y><time>09-01-22 14:03:10:086</time></pt><pt><x>653</x><y>267</y><time>09-01-22 14:03:10:900</time></pt><pt><x>639</x><y>277</y><time>09-01-22 14:03:11:465</time></pt><pt><x>636</x><y>299</y><time>09-01-22 14:03:12:035</time></pt><pt><x>638</x><y>317</y><time>09-01-22 14:03:12:502</time></pt><pt><x>678</x><y>304</y><time>09-01-22 14:03:15:486</time></pt><closed_date>09-01-22 14:03:16:203</closed_date></polygon></object><object><name>restoration</name><deleted>0</deleted><verified>0</verified><occluded>no</occluded><attributes /><parts><hasparts /><ispartof>1</ispartof></parts><date>09-01-22 14:03:38:246</date><id>11</id><polygon><username>anonymous</username><pt><x>496</x><y>152</y><time>09-01-22 14:03:23:367</time></pt><pt><x>499</x><y>174</y><time>09-01-22 14:03:24:015</time></pt><pt><x>498</x><y>205</y><time>09-01-22 14:03:25:139</time></pt><pt><x>499</x><y>207</y><time>09-01-22 14:03:26:072</time></pt><pt><x>523</x><y>210</y><time>09-01-22 14:03:26:813</time></pt><pt><x>536</x><y>222</y><time>09-01-22 14:03:27:362</time></pt><pt><x>543</x><y>240</y><time>09-01-22 14:03:27:987</time></pt><pt><x>534</x><y>284</y><time>09-01-22 14:03:28:881</time></pt><pt><x>534</x><y>306</y><time>09-01-22 14:03:29:430</time></pt><pt><x>521</x><y>319</y><time>09-01-22 14:03:30:013</time></pt><pt><x>509</x><y>327</y><time>09-01-22 14:03:30:482</time></pt><pt><x>493</x><y>329</y><time>09-01-22 14:03:31:036</time></pt><pt><x>472</x><y>311</y><time>09-01-22 14:03:31:656</time></pt><pt><x>466</x><y>282</y><time>09-01-22 14:03:32:270</time></pt><pt><x>462</x><y>252</y><time>09-01-22 14:03:32:874</time></pt><pt><x>462</x><y>222</y><time>09-01-22 14:03:33:264</time></pt><pt><x>466</x><y>185</y><time>09-01-22 14:03:33:713</time></pt><pt><x>481</x><y>162</y><time>09-01-22 14:03:34:302</time></pt><closed_date>09-01-22 14:03:34:706</closed_date></polygon></object><object><name>restoration</name><deleted>0</deleted><verified>0</verified><occluded>no</occluded><attributes /><parts><hasparts /><ispartof>2</ispartof></parts><date>09-01-22 14:03:50:254</date><id>12</id><polygon><username>anonymous</username><pt><x>449</x><y>220</y><time>09-01-22 14:03:39:852</time></pt><pt><x>427</x><y>209</y><time>09-01-22 14:03:40:749</time></pt><pt><x>412</x><y>212</y><time>09-01-22 14:03:41:346</time></pt><pt><x>406</x><y>225</y><time>09-01-22 14:03:41:933</time></pt><pt><x>406</x><y>249</y><time>09-01-22 14:03:42:420</time></pt><pt><x>407</x><y>270</y><time>09-01-22 14:03:42:950</time></pt><pt><x>414</x><y>291</y><time>09-01-22 14:03:43:387</time></pt><pt><x>422</x><y>309</y><time>09-01-22 14:03:43:839</time></pt><pt><x>434</x><y>314</y><time>09-01-22 14:03:44:280</time></pt><pt><x>446</x><y>299</y><time>09-01-22 14:03:44:910</time></pt><pt><x>461</x><y>277</y><time>09-01-22 14:03:45:498</time></pt><pt><x>456</x><y>249</y><time>09-01-22 14:03:45:976</time></pt><closed_date>09-01-22 14:03:46:575</closed_date></polygon></object><object><name>restoration</name><deleted>0</deleted><verified>0</verified><occluded>no</occluded><attributes /><parts><hasparts /><ispartof>6</ispartof></parts><date>09-01-22 14:04:19:516</date><id>13</id><polygon><username>anonymous</username><pt><x>566</x><y>636</y><time>09-01-22 14:04:04:845</time></pt><pt><x>574</x><y>603</y><time>09-01-22 14:04:05:532</time></pt><pt><x>583</x><y>568</y><time>09-01-22 14:04:06:180</time></pt><pt><x>588</x><y>546</y><time>09-01-22 14:04:06:668</time></pt><pt><x>576</x><y>524</y><time>09-01-22 14:04:08:129</time></pt><pt><x>578</x><y>508</y><time>09-01-22 14:04:08:610</time></pt><pt><x>569</x><y>484</y><time>09-01-22 14:04:09:787</time></pt><pt><x>539</x><y>484</y><time>09-01-22 14:04:10:441</time></pt><pt><x>513</x><y>486</y><time>09-01-22 14:04:11:026</time></pt><pt><x>498</x><y>496</y><time>09-01-22 14:04:11:444</time></pt><pt><x>481</x><y>501</y><time>09-01-22 14:04:11:938</time></pt><pt><x>474</x><y>526</y><time>09-01-22 14:04:12:418</time></pt><pt><x>478</x><y>568</y><time>09-01-22 14:04:13:108</time></pt><pt><x>489</x><y>598</y><time>09-01-22 14:04:13:790</time></pt><pt><x>508</x><y>614</y><time>09-01-22 14:04:14:313</time></pt><pt><x>533</x><y>623</y><time>09-01-22 14:04:14:745</time></pt><closed_date>09-01-22 14:04:15:295</closed_date></polygon></object><object><name>restoration</name><deleted>0</deleted><verified>0</verified><occluded>no</occluded><attributes /><parts><hasparts /><ispartof>7</ispartof></parts><date>09-01-22 14:04:35:339</date><id>14</id><polygon><username>anonymous</username><pt><x>307</x><y>543</y><time>09-01-22 14:04:21:359</time></pt><pt><x>342</x><y>539</y><time>09-01-22 14:04:22:193</time></pt><pt><x>371</x><y>534</y><time>09-01-22 14:04:22:910</time></pt><pt><x>377</x><y>528</y><time>09-01-22 14:04:23:425</time></pt><pt><x>399</x><y>544</y><time>09-01-22 14:04:24:080</time></pt><pt><x>431</x><y>538</y><time>09-01-22 14:04:24:714</time></pt><pt><x>447</x><y>533</y><time>09-01-22 14:04:25:221</time></pt><pt><x>461</x><y>524</y><time>09-01-22 14:04:25:751</time></pt><pt><x>462</x><y>506</y><time>09-01-22 14:04:26:300</time></pt><pt><x>444</x><y>499</y><time>09-01-22 14:04:27:038</time></pt><pt><x>427</x><y>504</y><time>09-01-22 14:04:27:553</time></pt><pt><x>411</x><y>488</y><time>09-01-22 14:04:28:035</time></pt><pt><x>386</x><y>478</y><time>09-01-22 14:04:28:467</time></pt><pt><x>369</x><y>476</y><time>09-01-22 14:04:28:842</time></pt><pt><x>354</x><y>484</y><time>09-01-22 14:04:29:301</time></pt><pt><x>342</x><y>488</y><time>09-01-22 14:04:29:642</time></pt><pt><x>321</x><y>496</y><time>09-01-22 14:04:30:109</time></pt><pt><x>302</x><y>506</y><time>09-01-22 14:04:30:610</time></pt><pt><x>291</x><y>514</y><time>09-01-22 14:04:31:048</time></pt><pt><x>291</x><y>529</y><time>09-01-22 14:04:31:542</time></pt><closed_date>09-01-22 14:04:31:939</closed_date></polygon></object><object><name>restoration</name><deleted>0</deleted><verified>0</verified><occluded>no</occluded><attributes /><parts><hasparts /><ispartof>9</ispartof></parts><date>09-01-22 14:05:01:690</date><id>15</id><polygon><username>anonymous</username><pt><x>45</x><y>578</y><time>09-01-22 14:04:47:157</time></pt><pt><x>42</x><y>546</y><time>09-01-22 14:04:48:319</time></pt><pt><x>33</x><y>531</y><time>09-01-22 14:04:49:133</time></pt><pt><x>27</x><y>521</y><time>09-01-22 14:04:49:705</time></pt><pt><x>32</x><y>504</y><time>09-01-22 14:04:50:233</time></pt><pt><x>15</x><y>486</y><time>09-01-22 14:04:50:937</time></pt><pt><x>8</x><y>486</y><time>09-01-22 14:04:52:531</time></pt><pt><x>5</x><y>601</y><time>09-01-22 14:04:55:198</time></pt><pt><x>18</x><y>603</y><time>09-01-22 14:04:55:949</time></pt><pt><x>37</x><y>589</y><time>09-01-22 14:04:56:721</time></pt><closed_date>09-01-22 14:04:57:083</closed_date></polygon></object><object><name>restoration</name><deleted>0</deleted><verified>0</verified><occluded>no</occluded><attributes /><parts><hasparts /><ispartof>8</ispartof></parts><date>09-01-22 14:05:51:688</date><id>16</id><polygon><username>anonymous</username><pt><x>155</x><y>554</y><time>09-01-22 14:05:40:395</time></pt><pt><x>175</x><y>559</y><time>09-01-22 14:05:41:043</time></pt><pt><x>195</x><y>559</y><time>09-01-22 14:05:41:715</time></pt><pt><x>210</x><y>551</y><time>09-01-22 14:05:42:418</time></pt><pt><x>222</x><y>539</y><time>09-01-22 14:05:42:969</time></pt><pt><x>222</x><y>531</y><time>09-01-22 14:05:43:608</time></pt><pt><x>202</x><y>523</y><time>09-01-22 14:05:44:304</time></pt><pt><x>179</x><y>521</y><time>09-01-22 14:05:44:870</time></pt><pt><x>155</x><y>521</y><time>09-01-22 14:05:45:467</time></pt><pt><x>139</x><y>528</y><time>09-01-22 14:05:46:040</time></pt><pt><x>134</x><y>548</y><time>09-01-22 14:05:46:587</time></pt><closed_date>09-01-22 14:05:47:015</closed_date></polygon></object><imagesize><nrows /><ncols /></imagesize></annotation>