<?xml version='1.0' encoding='UTF-8'?>
<annotation><filename>76.jpg</filename><folder>segmentation_xray</folder><source><sourceImage>The MIT-CSAIL database of objects and scenes</sourceImage><sourceAnnotation>LabelMe Webtool</sourceAnnotation></source><object><name>tooth</name><deleted>0</deleted><verified>0</verified><occluded>no</occluded><attributes>17</attributes><parts><hasparts>9</hasparts><ispartof /></parts><date>20-01-22 11:11:54:963</date><id>0</id><type>bounding_box</type><polygon><username>anonymous</username><pt><x>95</x><y>2</y><time>20-01-22 11:11:48:735</time></pt><pt><x>437</x><y>2</y><time>20-01-22 11:11:50:518</time></pt><pt><x>437</x><y>474</y><time>undefined</time></pt><pt><x>95</x><y>474</y><time>undefined</time></pt><closed_date>20-01-22 11:11:50:519</closed_date></polygon></object><object><name>tooth</name><deleted>0</deleted><verified>0</verified><occluded>no</occluded><attributes>16</attributes><parts><hasparts>10</hasparts><ispartof /></parts><date>20-01-22 11:12:05:983</date><id>1</id><type>bounding_box</type><polygon><username>anonymous</username><pt><x>758</x><y>469</y><time>20-01-22 11:11:56:687</time></pt><pt><x>402</x><y>469</y><time>20-01-22 11:12:00:950</time></pt><pt><x>402</x><y>3</y><time>undefined</time></pt><pt><x>758</x><y>3</y><time>undefined</time></pt><closed_date>20-01-22 11:12:00:950</closed_date></polygon></object><object><name>tooth</name><deleted>0</deleted><verified>0</verified><occluded>no</occluded><attributes>15</attributes><parts><hasparts /><ispartof /></parts><date>20-01-22 11:12:16:042</date><id>2</id><type>bounding_box</type><polygon><username>anonymous</username><pt><x>982</x><y>486</y><time>20-01-22 11:12:07:117</time></pt><pt><x>758</x><y>486</y><time>20-01-22 11:12:09:917</time></pt><pt><x>758</x><y>3</y><time>undefined</time></pt><pt><x>982</x><y>3</y><time>undefined</time></pt><closed_date>20-01-22 11:12:09:918</closed_date></polygon></object><object><name>tooth</name><deleted>0</deleted><verified>0</verified><occluded>no</occluded><attributes>14</attributes><parts><hasparts /><ispartof /></parts><date>20-01-22 11:12:25:545</date><id>3</id><type>bounding_box</type><polygon><username>anonymous</username><pt><x>1194</x><y>498</y><time>20-01-22 11:12:17:295</time></pt><pt><x>978</x><y>498</y><time>20-01-22 11:12:21:101</time></pt><pt><x>978</x><y>5</y><time>undefined</time></pt><pt><x>1194</x><y>5</y><time>undefined</time></pt><closed_date>20-01-22 11:12:21:102</closed_date></polygon></object><object><name>tooth</name><deleted>0</deleted><verified>0</verified><occluded>no</occluded><attributes>13</attributes><parts><hasparts /><ispartof /></parts><date>20-01-22 11:12:31:377</date><id>4</id><type>bounding_box</type><polygon><username>anonymous</username><pt><x>1219</x><y>454</y><time>20-01-22 11:12:26:842</time></pt><pt><x>1114</x><y>454</y><time>20-01-22 11:12:28:254</time></pt><pt><x>1114</x><y>32</y><time>undefined</time></pt><pt><x>1219</x><y>32</y><time>undefined</time></pt><closed_date>20-01-22 11:12:28:254</closed_date></polygon></object><object><name>tooth</name><deleted>0</deleted><verified>0</verified><occluded>no</occluded><attributes>44</attributes><parts><hasparts /><ispartof /></parts><date>20-01-22 11:12:40:745</date><id>5</id><type>bounding_box</type><polygon><username>anonymous</username><pt><x>1214</x><y>554</y><time>20-01-22 11:12:32:127</time></pt><pt><x>1072</x><y>554</y><time>20-01-22 11:12:33:641</time></pt><pt><x>1072</x><y>927</y><time>undefined</time></pt><pt><x>1214</x><y>927</y><time>undefined</time></pt><closed_date>20-01-22 11:12:33:642</closed_date></polygon></object><object><name>tooth</name><deleted>0</deleted><verified>0</verified><occluded>no</occluded><attributes>45</attributes><parts><hasparts /><ispartof /></parts><date>20-01-22 11:12:47:770</date><id>6</id><type>bounding_box</type><polygon><username>anonymous</username><pt><x>865</x><y>553</y><time>20-01-22 11:12:42:351</time></pt><pt><x>1060</x><y>553</y><time>20-01-22 11:12:44:126</time></pt><pt><x>1060</x><y>947</y><time>undefined</time></pt><pt><x>865</x><y>947</y><time>undefined</time></pt><closed_date>20-01-22 11:12:44:126</closed_date></polygon></object><object><name>tooth</name><deleted>0</deleted><verified>0</verified><occluded>no</occluded><attributes>46</attributes><parts><hasparts>11</hasparts><ispartof /></parts><date>20-01-22 11:13:03:948</date><id>7</id><type>bounding_box</type><polygon><username>anonymous</username><pt><x>857</x><y>943</y><time>20-01-22 11:12:56:488</time></pt><pt><x>462</x><y>943</y><time>20-01-22 11:12:59:926</time></pt><pt><x>462</x><y>561</y><time>undefined</time></pt><pt><x>857</x><y>561</y><time>undefined</time></pt><closed_date>20-01-22 11:12:59:926</closed_date></polygon></object><object><name>tooth</name><deleted>0</deleted><verified>0</verified><occluded>no</occluded><attributes>47</attributes><parts><hasparts>12</hasparts><ispartof /></parts><date>20-01-22 11:13:14:002</date><id>8</id><type>bounding_box</type><polygon><username>anonymous</username><pt><x>75</x><y>945</y><time>20-01-22 11:13:06:176</time></pt><pt><x>534</x><y>945</y><time>20-01-22 11:13:09:070</time></pt><pt><x>534</x><y>491</y><time>undefined</time></pt><pt><x>75</x><y>491</y><time>undefined</time></pt><closed_date>20-01-22 11:13:09:070</closed_date></polygon></object><object><name>restoration</name><deleted>0</deleted><verified>0</verified><occluded>no</occluded><attributes /><parts><hasparts /><ispartof>0</ispartof></parts><date>20-01-22 11:13:30:927</date><id>9</id><polygon><username>anonymous</username><pt><x>169</x><y>371</y><time>20-01-22 11:13:20:880</time></pt><pt><x>185</x><y>362</y><time>20-01-22 11:13:21:158</time></pt><pt><x>195</x><y>352</y><time>20-01-22 11:13:21:445</time></pt><pt><x>207</x><y>344</y><time>20-01-22 11:13:21:702</time></pt><pt><x>227</x><y>342</y><time>20-01-22 11:13:21:919</time></pt><pt><x>247</x><y>332</y><time>20-01-22 11:13:22:310</time></pt><pt><x>260</x><y>327</y><time>20-01-22 11:13:22:701</time></pt><pt><x>292</x><y>342</y><time>20-01-22 11:13:23:078</time></pt><pt><x>324</x><y>339</y><time>20-01-22 11:13:23:710</time></pt><pt><x>349</x><y>337</y><time>20-01-22 11:13:24:016</time></pt><pt><x>362</x><y>349</y><time>20-01-22 11:13:24:304</time></pt><pt><x>367</x><y>377</y><time>20-01-22 11:13:24:584</time></pt><pt><x>374</x><y>404</y><time>20-01-22 11:13:24:838</time></pt><pt><x>389</x><y>416</y><time>20-01-22 11:13:25:255</time></pt><pt><x>376</x><y>434</y><time>20-01-22 11:13:25:726</time></pt><pt><x>356</x><y>452</y><time>20-01-22 11:13:26:102</time></pt><pt><x>321</x><y>444</y><time>20-01-22 11:13:26:502</time></pt><pt><x>277</x><y>426</y><time>20-01-22 11:13:26:879</time></pt><pt><x>265</x><y>419</y><time>20-01-22 11:13:27:198</time></pt><pt><x>234</x><y>407</y><time>20-01-22 11:13:27:542</time></pt><pt><x>202</x><y>419</y><time>20-01-22 11:13:27:934</time></pt><pt><x>174</x><y>416</y><time>20-01-22 11:13:28:254</time></pt><pt><x>157</x><y>399</y><time>20-01-22 11:13:28:510</time></pt><closed_date>20-01-22 11:13:28:742</closed_date></polygon></object><object><name>restoration</name><deleted>0</deleted><verified>0</verified><occluded>no</occluded><attributes /><parts><hasparts /><ispartof>1</ispartof></parts><date>20-01-22 11:13:39:127</date><id>10</id><polygon><username>anonymous</username><pt><x>489</x><y>404</y><time>20-01-22 11:13:31:695</time></pt><pt><x>511</x><y>391</y><time>20-01-22 11:13:32:056</time></pt><pt><x>541</x><y>384</y><time>20-01-22 11:13:32:302</time></pt><pt><x>549</x><y>372</y><time>20-01-22 11:13:32:742</time></pt><pt><x>558</x><y>339</y><time>20-01-22 11:13:33:014</time></pt><pt><x>571</x><y>332</y><time>20-01-22 11:13:33:280</time></pt><pt><x>591</x><y>337</y><time>20-01-22 11:13:33:510</time></pt><pt><x>603</x><y>359</y><time>20-01-22 11:13:33:718</time></pt><pt><x>618</x><y>376</y><time>20-01-22 11:13:33:935</time></pt><pt><x>628</x><y>377</y><time>20-01-22 11:13:34:136</time></pt><pt><x>649</x><y>377</y><time>20-01-22 11:13:34:342</time></pt><pt><x>680</x><y>391</y><time>20-01-22 11:13:34:694</time></pt><pt><x>668</x><y>411</y><time>20-01-22 11:13:35:014</time></pt><pt><x>639</x><y>421</y><time>20-01-22 11:13:35:294</time></pt><pt><x>604</x><y>427</y><time>20-01-22 11:13:35:558</time></pt><pt><x>558</x><y>444</y><time>20-01-22 11:13:36:064</time></pt><pt><x>539</x><y>446</y><time>20-01-22 11:13:36:326</time></pt><pt><x>534</x><y>431</y><time>20-01-22 11:13:36:582</time></pt><pt><x>513</x><y>424</y><time>20-01-22 11:13:36:854</time></pt><pt><x>498</x><y>417</y><time>20-01-22 11:13:37:039</time></pt><closed_date>20-01-22 11:13:37:286</closed_date></polygon></object><object><name>restoration</name><deleted>0</deleted><verified>0</verified><occluded>no</occluded><attributes /><parts><hasparts /><ispartof>7</ispartof></parts><date>20-01-22 11:13:47:706</date><id>11</id><polygon><username>anonymous</username><pt><x>599</x><y>599</y><time>20-01-22 11:13:40:000</time></pt><pt><x>608</x><y>623</y><time>20-01-22 11:13:40:400</time></pt><pt><x>624</x><y>629</y><time>20-01-22 11:13:40:640</time></pt><pt><x>649</x><y>636</y><time>20-01-22 11:13:40:846</time></pt><pt><x>661</x><y>648</y><time>20-01-22 11:13:41:070</time></pt><pt><x>668</x><y>670</y><time>20-01-22 11:13:41:254</time></pt><pt><x>685</x><y>693</y><time>20-01-22 11:13:41:486</time></pt><pt><x>700</x><y>710</y><time>20-01-22 11:13:41:791</time></pt><pt><x>728</x><y>718</y><time>20-01-22 11:13:42:390</time></pt><pt><x>746</x><y>686</y><time>20-01-22 11:13:43:134</time></pt><pt><x>746</x><y>658</y><time>20-01-22 11:13:43:446</time></pt><pt><x>758</x><y>638</y><time>20-01-22 11:13:43:662</time></pt><pt><x>768</x><y>619</y><time>20-01-22 11:13:43:918</time></pt><pt><x>760</x><y>596</y><time>20-01-22 11:13:44:599</time></pt><pt><x>710</x><y>593</y><time>20-01-22 11:13:44:943</time></pt><pt><x>675</x><y>596</y><time>20-01-22 11:13:45:302</time></pt><pt><x>644</x><y>596</y><time>20-01-22 11:13:45:520</time></pt><pt><x>623</x><y>594</y><time>20-01-22 11:13:45:775</time></pt><closed_date>20-01-22 11:13:45:990</closed_date></polygon></object><object><name>restoration</name><deleted>0</deleted><verified>0</verified><occluded>no</occluded><attributes /><parts><hasparts /><ispartof>8</ispartof></parts><date>20-01-22 11:14:04:102</date><id>12</id><polygon><username>anonymous</username><pt><x>252</x><y>546</y><time>20-01-22 11:13:48:760</time></pt><pt><x>259</x><y>573</y><time>20-01-22 11:13:49:049</time></pt><pt><x>275</x><y>588</y><time>20-01-22 11:13:49:472</time></pt><pt><x>292</x><y>589</y><time>20-01-22 11:13:49:688</time></pt><pt><x>306</x><y>591</y><time>20-01-22 11:13:49:894</time></pt><pt><x>319</x><y>606</y><time>20-01-22 11:13:50:094</time></pt><pt><x>347</x><y>608</y><time>20-01-22 11:13:50:302</time></pt><pt><x>366</x><y>618</y><time>20-01-22 11:13:50:512</time></pt><pt><x>386</x><y>611</y><time>20-01-22 11:13:53:551</time></pt><pt><x>419</x><y>613</y><time>20-01-22 11:13:53:854</time></pt><pt><x>441</x><y>614</y><time>20-01-22 11:13:54:135</time></pt><pt><x>464</x><y>616</y><time>20-01-22 11:13:54:463</time></pt><pt><x>508</x><y>588</y><time>20-01-22 11:13:58:879</time></pt><pt><x>483</x><y>568</y><time>20-01-22 11:13:59:319</time></pt><pt><x>434</x><y>563</y><time>20-01-22 11:13:59:655</time></pt><pt><x>406</x><y>563</y><time>20-01-22 11:13:59:975</time></pt><pt><x>367</x><y>546</y><time>20-01-22 11:14:00:278</time></pt><pt><x>322</x><y>534</y><time>20-01-22 11:14:01:047</time></pt><pt><x>280</x><y>539</y><time>20-01-22 11:14:01:480</time></pt><pt><x>265</x><y>541</y><time>20-01-22 11:14:01:814</time></pt><closed_date>20-01-22 11:14:02:126</closed_date></polygon></object><imagesize><nrows /><ncols /></imagesize></annotation>