<?xml version="1.0" encoding="UTF-8"?><annotation><filename>77.jpg</filename><folder>segmentation_xray</folder><source><sourceImage>The MIT-CSAIL database of objects and scenes</sourceImage><sourceAnnotation>LabelMe Webtool</sourceAnnotation></source><object><name>tooth 17</name><deleted>0</deleted><verified>0</verified><occluded>no</occluded><attributes/><parts><hasparts/><ispartof>1</ispartof></parts><date>13-01-22 11:17:30:396</date><id>0</id><type>bounding_box</type><polygon><username>anonymous</username><pt><x>223</x><y>395</y><time>13-01-22 11:17:24:013</time></pt><pt><x>4</x><y>395</y><time>13-01-22 11:17:26:565</time></pt><pt><x>4</x><y>4</y><time>undefined</time></pt><pt><x>223</x><y>4</y><time>undefined</time></pt><closed_date>13-01-22 11:17:26:565</closed_date></polygon></object><object><name>tooth 16</name><deleted>0</deleted><verified>0</verified><occluded>no</occluded><attributes/><parts><hasparts>1</hasparts><ispartof>1</ispartof></parts><date>13-01-22 11:17:38:159</date><id>1</id><type>bounding_box</type><polygon><username>anonymous</username><pt><x>508</x><y>481</y><time>13-01-22 11:17:32:143</time></pt><pt><x>188</x><y>481</y><time>13-01-22 11:17:35:123</time></pt><pt><x>188</x><y>5</y><time>undefined</time></pt><pt><x>508</x><y>5</y><time>undefined</time></pt><closed_date>13-01-22 11:17:35:123</closed_date></polygon></object><imagesize><nrows></nrows><ncols></ncols></imagesize><object><name>tooth</name><deleted>0</deleted><verified>0</verified><occluded>no</occluded><attributes>15</attributes><parts><hasparts/><ispartof/></parts><date>13-01-22 19:12:19:616</date><id>2</id><type>bounding_box</type><polygon><username>anonymous</username><pt><x>745</x><y>7</y><time>13-01-22 19:12:09:945</time></pt><pt><x>513</x><y>7</y><time>13-01-22 19:12:12:009</time></pt><pt><x>513</x><y>459</y><time>undefined</time></pt><pt><x>745</x><y>459</y><time>undefined</time></pt><closed_date>13-01-22 19:12:12:009</closed_date></polygon></object><object><name>tooth</name><deleted>0</deleted><verified>0</verified><occluded>no</occluded><attributes>14</attributes><parts><hasparts/><ispartof/></parts><date>13-01-22 19:12:33:055</date><id>3</id><type>bounding_box</type><polygon><username>anonymous</username><pt><x>968</x><y>12</y><time>13-01-22 19:12:26:380</time></pt><pt><x>740</x><y>12</y><time>13-01-22 19:12:28:818</time></pt><pt><x>740</x><y>494</y><time>undefined</time></pt><pt><x>968</x><y>494</y><time>undefined</time></pt><closed_date>13-01-22 19:12:28:819</closed_date></polygon></object><object><name>tooth</name><deleted>0</deleted><verified>0</verified><occluded>no</occluded><attributes>13</attributes><parts><hasparts/><ispartof/></parts><date>13-01-22 19:12:51:389</date><id>4</id><type>bounding_box</type><polygon><username>anonymous</username><pt><x>1212</x><y>529</y><time>13-01-22 19:12:39:231</time></pt><pt><x>945</x><y>529</y><time>13-01-22 19:12:42:217</time></pt><pt><x>945</x><y>2</y><time>undefined</time></pt><pt><x>1212</x><y>2</y><time>undefined</time></pt><closed_date>13-01-22 19:12:42:217</closed_date></polygon></object><object><name>tooth</name><deleted>0</deleted><verified>0</verified><occluded>no</occluded><attributes>43</attributes><parts><hasparts/><ispartof/></parts><date>13-01-22 19:13:03:877</date><id>5</id><type>bounding_box</type><polygon><username>anonymous</username><pt><x>1217</x><y>586</y><time>13-01-22 19:12:56:199</time></pt><pt><x>943</x><y>586</y><time>13-01-22 19:12:58:596</time></pt><pt><x>943</x><y>947</y><time>undefined</time></pt><pt><x>1217</x><y>947</y><time>undefined</time></pt><closed_date>13-01-22 19:12:58:596</closed_date></polygon></object><object><name>tooth</name><deleted>0</deleted><verified>0</verified><occluded>no</occluded><attributes>44</attributes><parts><hasparts/><ispartof/></parts><date>13-01-22 19:13:14:178</date><id>6</id><type>bounding_box</type><polygon><username>anonymous</username><pt><x>815</x><y>568</y><time>13-01-22 19:13:07:047</time></pt><pt><x>1030</x><y>568</y><time>13-01-22 19:13:09:988</time></pt><pt><x>1030</x><y>945</y><time>undefined</time></pt><pt><x>815</x><y>945</y><time>undefined</time></pt><closed_date>13-01-22 19:13:09:988</closed_date></polygon></object><object><name>tooth</name><deleted>0</deleted><verified>0</verified><occluded>no</occluded><attributes>45</attributes><parts><hasparts/><ispartof/></parts><date>13-01-22 19:13:23:052</date><id>7</id><type>bounding_box</type><polygon><username>anonymous</username><pt><x>569</x><y>534</y><time>13-01-22 19:13:16:978</time></pt><pt><x>806</x><y>534</y><time>13-01-22 19:13:19:527</time></pt><pt><x>806</x><y>948</y><time>undefined</time></pt><pt><x>569</x><y>948</y><time>undefined</time></pt><closed_date>13-01-22 19:13:19:527</closed_date></polygon></object><object><name>tooth</name><deleted>0</deleted><verified>0</verified><occluded>no</occluded><attributes>46</attributes><parts><hasparts>10</hasparts><ispartof/></parts><date>13-01-22 19:13:36:687</date><id>8</id><type>bounding_box</type><polygon><username>anonymous</username><pt><x>139</x><y>945</y><time>13-01-22 19:13:27:406</time></pt><pt><x>586</x><y>945</y><time>13-01-22 19:13:32:212</time></pt><pt><x>586</x><y>518</y><time>undefined</time></pt><pt><x>139</x><y>518</y><time>undefined</time></pt><closed_date>13-01-22 19:13:32:212</closed_date></polygon></object><object><name>tooth</name><deleted>0</deleted><verified>0</verified><occluded>no</occluded><attributes>47</attributes><parts><hasparts>11</hasparts><ispartof/></parts><date>13-01-22 19:13:51:461</date><id>9</id><type>bounding_box</type><polygon><username>anonymous</username><pt><x>3</x><y>407</y><time>13-01-22 19:13:43:605</time></pt><pt><x>249</x><y>407</y><time>13-01-22 19:13:45:432</time></pt><pt><x>249</x><y>917</y><time>undefined</time></pt><pt><x>3</x><y>917</y><time>undefined</time></pt><closed_date>13-01-22 19:13:45:432</closed_date></polygon></object><object><name>restoration</name><deleted>0</deleted><verified>0</verified><occluded>no</occluded><attributes/><parts><hasparts></hasparts><ispartof>8</ispartof></parts><date>13-01-22 19:14:22:744</date><id>10</id><polygon><username>anonymous</username><pt><x>292</x><y>528</y><time>13-01-22 19:14:12:245</time></pt><pt><x>286</x><y>563</y><time>13-01-22 19:14:12:251</time></pt><pt><x>292</x><y>569</y><time>13-01-22 19:14:12:255</time></pt><pt><x>287</x><y>591</y><time>13-01-22 19:14:12:258</time></pt><pt><x>301</x><y>608</y><time>13-01-22 19:14:12:263</time></pt><pt><x>316</x><y>623</y><time>13-01-22 19:14:12:266</time></pt><pt><x>352</x><y>634</y><time>13-01-22 19:14:12:269</time></pt><pt><x>367</x><y>641</y><time>13-01-22 19:14:12:273</time></pt><pt><x>369</x><y>668</y><time>13-01-22 19:14:12:277</time></pt><pt><x>396</x><y>676</y><time>13-01-22 19:14:12:281</time></pt><pt><x>409</x><y>686</y><time>13-01-22 19:14:12:284</time></pt><pt><x>432</x><y>670</y><time>13-01-22 19:14:13:424</time></pt><pt><x>451</x><y>670</y><time>13-01-22 19:14:13:936</time></pt><pt><x>466</x><y>658</y><time>13-01-22 19:14:14:270</time></pt><pt><x>491</x><y>654</y><time>13-01-22 19:14:14:627</time></pt><pt><x>534</x><y>663</y><time>13-01-22 19:14:15:186</time></pt><pt><x>564</x><y>633</y><time>13-01-22 19:14:15:769</time></pt><pt><x>566</x><y>613</y><time>13-01-22 19:14:16:097</time></pt><pt><x>556</x><y>588</y><time>13-01-22 19:14:16:412</time></pt><pt><x>543</x><y>581</y><time>13-01-22 19:14:16:551</time></pt><pt><x>518</x><y>576</y><time>13-01-22 19:14:16:852</time></pt><pt><x>499</x><y>576</y><time>13-01-22 19:14:17:115</time></pt><pt><x>483</x><y>571</y><time>13-01-22 19:14:17:342</time></pt><pt><x>464</x><y>553</y><time>13-01-22 19:14:17:572</time></pt><pt><x>451</x><y>546</y><time>13-01-22 19:14:17:799</time></pt><pt><x>427</x><y>543</y><time>13-01-22 19:14:18:011</time></pt><pt><x>404</x><y>538</y><time>13-01-22 19:14:18:232</time></pt><pt><x>387</x><y>541</y><time>13-01-22 19:14:18:433</time></pt><pt><x>374</x><y>548</y><time>13-01-22 19:14:18:650</time></pt><pt><x>347</x><y>546</y><time>13-01-22 19:14:18:844</time></pt><pt><x>319</x><y>531</y><time>13-01-22 19:14:19:062</time></pt><closed_date>13-01-22 19:14:19:334</closed_date></polygon></object><object><name>restoration</name><deleted>0</deleted><verified>0</verified><occluded>no</occluded><attributes/><parts><hasparts/><ispartof>9</ispartof></parts><date>13-01-22 19:14:35:814</date><id>11</id><polygon><username>anonymous</username><pt><x>12</x><y>526</y><time>13-01-22 19:14:26:477</time></pt><pt><x>45</x><y>529</y><time>13-01-22 19:14:26:879</time></pt><pt><x>62</x><y>543</y><time>13-01-22 19:14:27:253</time></pt><pt><x>95</x><y>544</y><time>13-01-22 19:14:27:608</time></pt><pt><x>115</x><y>556</y><time>13-01-22 19:14:27:974</time></pt><pt><x>137</x><y>556</y><time>13-01-22 19:14:28:320</time></pt><pt><x>154</x><y>544</y><time>13-01-22 19:14:28:614</time></pt><pt><x>169</x><y>524</y><time>13-01-22 19:14:28:887</time></pt><pt><x>175</x><y>499</y><time>13-01-22 19:14:29:190</time></pt><pt><x>169</x><y>488</y><time>13-01-22 19:14:29:483</time></pt><pt><x>147</x><y>491</y><time>13-01-22 19:14:29:737</time></pt><pt><x>129</x><y>489</y><time>13-01-22 19:14:29:936</time></pt><pt><x>114</x><y>476</y><time>13-01-22 19:14:30:182</time></pt><pt><x>100</x><y>464</y><time>13-01-22 19:14:30:448</time></pt><pt><x>78</x><y>467</y><time>13-01-22 19:14:30:698</time></pt><pt><x>65</x><y>472</y><time>13-01-22 19:14:30:922</time></pt><pt><x>52</x><y>464</y><time>13-01-22 19:14:31:149</time></pt><pt><x>37</x><y>439</y><time>13-01-22 19:14:31:400</time></pt><pt><x>20</x><y>422</y><time>13-01-22 19:14:31:664</time></pt><pt><x>13</x><y>422</y><time>13-01-22 19:14:31:947</time></pt><pt><x>12</x><y>462</y><time>13-01-22 19:14:32:292</time></pt><pt><x>12</x><y>493</y><time>13-01-22 19:14:32:571</time></pt><closed_date>13-01-22 19:14:32:831</closed_date></polygon></object><object><name>restoration</name><deleted>0</deleted><verified>0</verified><occluded>no</occluded><attributes/><parts><hasparts/><ispartof>13</ispartof></parts><date>13-01-22 19:15:05:274</date><id>12</id><polygon><username>anonymous</username><pt><x>396</x><y>401</y><time>13-01-22 19:14:55:098</time></pt><pt><x>384</x><y>376</y><time>13-01-22 19:14:55:741</time></pt><pt><x>354</x><y>364</y><time>13-01-22 19:14:56:575</time></pt><pt><x>341</x><y>374</y><time>13-01-22 19:14:56:898</time></pt><pt><x>329</x><y>377</y><time>13-01-22 19:14:57:294</time></pt><pt><x>312</x><y>372</y><time>13-01-22 19:14:57:622</time></pt><pt><x>250</x><y>381</y><time>13-01-22 19:14:58:285</time></pt><pt><x>240</x><y>397</y><time>13-01-22 19:14:58:748</time></pt><pt><x>275</x><y>412</y><time>13-01-22 19:14:59:186</time></pt><pt><x>289</x><y>422</y><time>13-01-22 19:14:59:550</time></pt><pt><x>311</x><y>437</y><time>13-01-22 19:14:59:864</time></pt><pt><x>346</x><y>437</y><time>13-01-22 19:15:00:173</time></pt><pt><x>356</x><y>439</y><time>13-01-22 19:15:00:464</time></pt><pt><x>356</x><y>414</y><time>13-01-22 19:15:01:052</time></pt><pt><x>376</x><y>414</y><time>13-01-22 19:15:01:481</time></pt><pt><x>396</x><y>417</y><time>13-01-22 19:15:01:824</time></pt><closed_date>13-01-22 19:15:02:208</closed_date></polygon></object><object><name>tooth</name><deleted>0</deleted><verified>0</verified><occluded>no</occluded><attributes>16</attributes><parts><hasparts>12</hasparts><ispartof/></parts><date>13-01-22 19:16:59:293</date><id>13</id><type>bounding_box</type><polygon><username>anonymous</username><pt><x>526</x><y>484</y><time>13-01-22 19:16:52:987</time></pt><pt><x>174</x><y>484</y><time>13-01-22 19:16:53:595</time></pt><pt><x>174</x><y>7</y><time>undefined</time></pt><pt><x>526</x><y>7</y><time>undefined</time></pt><closed_date>13-01-22 19:16:53:596</closed_date></polygon></object></annotation>