<?xml version='1.0' encoding='UTF-8'?>
<annotation><filename>78.jpg</filename><folder>segmentation_xray</folder><source><sourceImage>The MIT-CSAIL database of objects and scenes</sourceImage><sourceAnnotation>LabelMe Webtool</sourceAnnotation></source><object><name>tooth 13</name><deleted>0</deleted><verified>0</verified><occluded>no</occluded><attributes /><parts><hasparts /><ispartof /></parts><date>11-01-22 16:06:53:961</date><id>0</id><type>bounding_box</type><polygon><username>anonymous</username><pt><x>1194</x><y>517</y><time>11-01-22 16:06:42:808</time></pt><pt><x>1603</x><y>517</y><time>11-01-22 16:06:46:152</time></pt><pt><x>1603</x><y>5</y><time>undefined</time></pt><pt><x>1194</x><y>5</y><time>undefined</time></pt><closed_date>11-01-22 16:06:46:153</closed_date></polygon></object><object><name>tooth 14</name><deleted>0</deleted><verified>0</verified><occluded>no</occluded><attributes /><parts><hasparts>12,13</hasparts><ispartof /></parts><date>11-01-22 16:07:00:184</date><id>1</id><type>bounding_box</type><polygon><username>anonymous</username><pt><x>956</x><y>522</y><time>11-01-22 16:06:55:089</time></pt><pt><x>1275</x><y>522</y><time>11-01-22 16:06:57:103</time></pt><pt><x>1275</x><y>1</y><time>undefined</time></pt><pt><x>956</x><y>1</y><time>undefined</time></pt><closed_date>11-01-22 16:06:57:103</closed_date></polygon></object><object><name>tooth 15</name><deleted>0</deleted><verified>0</verified><occluded>no</occluded><attributes /><parts><hasparts>14</hasparts><ispartof /></parts><date>11-01-22 16:07:11:389</date><id>2</id><type>bounding_box</type><polygon><username>anonymous</username><pt><x>651</x><y>520</y><time>11-01-22 16:07:01:797</time></pt><pt><x>968</x><y>520</y><time>11-01-22 16:07:07:184</time></pt><pt><x>968</x><y>7</y><time>undefined</time></pt><pt><x>651</x><y>7</y><time>undefined</time></pt><closed_date>11-01-22 16:07:07:184</closed_date></polygon></object><object><name>tooth 16</name><deleted>0</deleted><verified>0</verified><occluded>no</occluded><attributes /><parts><hasparts>15</hasparts><ispartof /></parts><date>11-01-22 16:07:19:477</date><id>3</id><type>bounding_box</type><polygon><username>anonymous</username><pt><x>171</x><y>593</y><time>11-01-22 16:07:12:974</time></pt><pt><x>672</x><y>593</y><time>11-01-22 16:07:15:673</time></pt><pt><x>672</x><y>7</y><time>undefined</time></pt><pt><x>171</x><y>7</y><time>undefined</time></pt><closed_date>11-01-22 16:07:15:674</closed_date></polygon></object><object><name>tooth 17</name><deleted>0</deleted><verified>0</verified><occluded>no</occluded><attributes /><parts><hasparts /><ispartof /></parts><date>11-01-22 16:07:27:500</date><id>4</id><type>bounding_box</type><polygon><username>anonymous</username><pt><x>175</x><y>591</y><time>11-01-22 16:07:21:157</time></pt><pt><x>2</x><y>591</y><time>11-01-22 16:07:24:503</time></pt><pt><x>2</x><y>42</y><time>undefined</time></pt><pt><x>175</x><y>42</y><time>undefined</time></pt><closed_date>11-01-22 16:07:24:504</closed_date></polygon></object><object><name>tooth 43</name><deleted>0</deleted><verified>0</verified><occluded>no</occluded><attributes /><parts><hasparts /><ispartof /></parts><date>11-01-22 16:07:36:208</date><id>5</id><type>bounding_box</type><polygon><username>anonymous</username><pt><x>1235</x><y>582</y><time>11-01-22 16:07:29:870</time></pt><pt><x>1603</x><y>582</y><time>11-01-22 16:07:32:291</time></pt><pt><x>1603</x><y>1233</y><time>undefined</time></pt><pt><x>1235</x><y>1233</y><time>undefined</time></pt><closed_date>11-01-22 16:07:32:291</closed_date></polygon></object><object><name>tooth 44</name><deleted>0</deleted><verified>0</verified><occluded>no</occluded><attributes /><parts><hasparts>10,11</hasparts><ispartof /></parts><date>11-01-22 16:07:43:230</date><id>6</id><type>bounding_box</type><polygon><username>anonymous</username><pt><x>1007</x><y>603</y><time>11-01-22 16:07:37:707</time></pt><pt><x>1323</x><y>603</y><time>11-01-22 16:07:39:564</time></pt><pt><x>1323</x><y>1235</y><time>undefined</time></pt><pt><x>1007</x><y>1235</y><time>undefined</time></pt><closed_date>11-01-22 16:07:39:564</closed_date></polygon></object><object><name>tooth 45</name><deleted>0</deleted><verified>0</verified><occluded>no</occluded><attributes /><parts><hasparts /><ispartof /></parts><date>11-01-22 16:07:56:312</date><id>7</id><type>bounding_box</type><polygon><username>anonymous</username><pt><x>1009</x><y>623</y><time>11-01-22 16:07:46:519</time></pt><pt><x>677</x><y>623</y><time>11-01-22 16:07:51:722</time></pt><pt><x>677</x><y>1235</y><time>undefined</time></pt><pt><x>1009</x><y>1235</y><time>undefined</time></pt><closed_date>11-01-22 16:07:51:722</closed_date></polygon></object><object><name>tooth 46</name><deleted>0</deleted><verified>0</verified><occluded>no</occluded><attributes /><parts><hasparts /><ispartof /></parts><date>11-01-22 16:08:03:321</date><id>8</id><type>bounding_box</type><polygon><username>anonymous</username><pt><x>182</x><y>649</y><time>11-01-22 16:07:57:853</time></pt><pt><x>693</x><y>649</y><time>11-01-22 16:08:01:142</time></pt><pt><x>693</x><y>1235</y><time>undefined</time></pt><pt><x>182</x><y>1235</y><time>undefined</time></pt><closed_date>11-01-22 16:08:01:142</closed_date></polygon></object><object><name>tooth 47</name><deleted>0</deleted><verified>0</verified><occluded>no</occluded><attributes /><parts><hasparts /><ispartof /></parts><date>11-01-22 16:08:25:615</date><id>9</id><type>bounding_box</type><polygon><username>anonymous</username><pt><x>196</x><y>621</y><time>11-01-22 16:08:18:655</time></pt><pt><x>2</x><y>621</y><time>11-01-22 16:08:22:572</time></pt><pt><x>2</x><y>1157</y><time>undefined</time></pt><pt><x>196</x><y>1157</y><time>undefined</time></pt><closed_date>11-01-22 16:08:22:573</closed_date></polygon></object><object><name>restoration</name><deleted>0</deleted><verified>0</verified><occluded>no</occluded><attributes /><parts><hasparts /><ispartof>6</ispartof></parts><date>11-01-22 16:09:16:080</date><id>10</id><polygon><username>anonymous</username><pt><x>1030</x><y>746</y><time>11-01-22 16:09:06:320</time></pt><pt><x>1058</x><y>755</y><time>11-01-22 16:09:07:500</time></pt><pt><x>1090</x><y>774</y><time>11-01-22 16:09:08:188</time></pt><pt><x>1115</x><y>762</y><time>11-01-22 16:09:08:727</time></pt><pt><x>1134</x><y>737</y><time>11-01-22 16:09:09:313</time></pt><pt><x>1141</x><y>707</y><time>11-01-22 16:09:09:933</time></pt><pt><x>1136</x><y>688</y><time>11-01-22 16:09:10:533</time></pt><pt><x>1104</x><y>693</y><time>11-01-22 16:09:11:198</time></pt><pt><x>1055</x><y>707</y><time>11-01-22 16:09:11:812</time></pt><closed_date>11-01-22 16:09:12:499</closed_date></polygon></object><object><name>restoration</name><deleted>0</deleted><verified>0</verified><occluded>no</occluded><attributes /><parts><hasparts /><ispartof>6</ispartof></parts><date>11-01-22 16:09:32:828</date><id>11</id><polygon><username>anonymous</username><pt><x>1272</x><y>734</y><time>11-01-22 16:09:22:133</time></pt><pt><x>1263</x><y>762</y><time>11-01-22 16:09:23:158</time></pt><pt><x>1231</x><y>778</y><time>11-01-22 16:09:24:089</time></pt><pt><x>1238</x><y>808</y><time>11-01-22 16:09:26:312</time></pt><pt><x>1268</x><y>831</y><time>11-01-22 16:09:26:847</time></pt><pt><x>1288</x><y>787</y><time>11-01-22 16:09:27:449</time></pt><pt><x>1300</x><y>787</y><time>11-01-22 16:09:27:999</time></pt><pt><x>1312</x><y>778</y><time>11-01-22 16:09:28:643</time></pt><closed_date>11-01-22 16:09:29:229</closed_date></polygon></object><object><name>restoration</name><deleted>0</deleted><verified>0</verified><occluded>no</occluded><attributes /><parts><hasparts /><ispartof>1</ispartof></parts><date>11-01-22 16:10:13:197</date><id>12</id><polygon><username>anonymous</username><pt><x>1083</x><y>432</y><time>11-01-22 16:10:00:070</time></pt><pt><x>1065</x><y>388</y><time>11-01-22 16:10:00:786</time></pt><pt><x>1048</x><y>369</y><time>11-01-22 16:10:01:404</time></pt><pt><x>1016</x><y>358</y><time>11-01-22 16:10:02:048</time></pt><pt><x>984</x><y>358</y><time>11-01-22 16:10:02:677</time></pt><pt><x>977</x><y>390</y><time>11-01-22 16:10:03:341</time></pt><pt><x>993</x><y>409</y><time>11-01-22 16:10:03:935</time></pt><pt><x>1011</x><y>436</y><time>11-01-22 16:10:04:533</time></pt><pt><x>1023</x><y>443</y><time>11-01-22 16:10:05:201</time></pt><pt><x>1044</x><y>455</y><time>11-01-22 16:10:05:723</time></pt><pt><x>1069</x><y>448</y><time>11-01-22 16:10:06:457</time></pt><closed_date>11-01-22 16:10:07:195</closed_date></polygon></object><object><name>restoration</name><deleted>0</deleted><verified>0</verified><occluded>no</occluded><attributes /><parts><hasparts /><ispartof>1</ispartof></parts><date>11-01-22 16:10:26:358</date><id>13</id><polygon><username>anonymous</username><pt><x>1178</x><y>395</y><time>11-01-22 16:10:17:484</time></pt><pt><x>1159</x><y>337</y><time>11-01-22 16:10:18:096</time></pt><pt><x>1171</x><y>302</y><time>11-01-22 16:10:18:718</time></pt><pt><x>1185</x><y>302</y><time>11-01-22 16:10:19:122</time></pt><pt><x>1192</x><y>305</y><time>11-01-22 16:10:19:617</time></pt><pt><x>1231</x><y>335</y><time>11-01-22 16:10:20:186</time></pt><pt><x>1263</x><y>365</y><time>11-01-22 16:10:20:830</time></pt><pt><x>1231</x><y>390</y><time>11-01-22 16:10:21:543</time></pt><pt><x>1192</x><y>432</y><time>11-01-22 16:10:22:222</time></pt><closed_date>11-01-22 16:10:23:066</closed_date></polygon></object><object><name>restoration</name><deleted>0</deleted><verified>0</verified><occluded>no</occluded><attributes /><parts><hasparts /><ispartof>2</ispartof></parts><date>11-01-22 16:10:56:673</date><id>14</id><polygon><username>anonymous</username><pt><x>727</x><y>420</y><time>11-01-22 16:10:39:052</time></pt><pt><x>753</x><y>381</y><time>11-01-22 16:10:39:805</time></pt><pt><x>790</x><y>360</y><time>11-01-22 16:10:40:357</time></pt><pt><x>813</x><y>369</y><time>11-01-22 16:10:40:759</time></pt><pt><x>813</x><y>369</y><time>11-01-22 16:10:41:077</time></pt><pt><x>850</x><y>376</y><time>11-01-22 16:10:41:636</time></pt><pt><x>864</x><y>402</y><time>11-01-22 16:10:43:033</time></pt><pt><x>889</x><y>339</y><time>11-01-22 16:10:43:832</time></pt><pt><x>928</x><y>321</y><time>11-01-22 16:10:44:345</time></pt><pt><x>954</x><y>326</y><time>11-01-22 16:10:44:831</time></pt><pt><x>970</x><y>353</y><time>11-01-22 16:10:45:372</time></pt><pt><x>977</x><y>441</y><time>11-01-22 16:10:46:172</time></pt><pt><x>944</x><y>429</y><time>11-01-22 16:10:47:662</time></pt><pt><x>910</x><y>429</y><time>11-01-22 16:10:48:199</time></pt><pt><x>875</x><y>478</y><time>11-01-22 16:10:48:744</time></pt><pt><x>841</x><y>501</y><time>11-01-22 16:10:49:336</time></pt><pt><x>824</x><y>501</y><time>11-01-22 16:10:49:766</time></pt><pt><x>806</x><y>490</y><time>11-01-22 16:10:50:326</time></pt><pt><x>727</x><y>466</y><time>11-01-22 16:10:52:714</time></pt><closed_date>11-01-22 16:10:53:312</closed_date></polygon></object><object><name>restoration</name><deleted>0</deleted><verified>0</verified><occluded>no</occluded><attributes /><parts><hasparts /><ispartof>3</ispartof></parts><date>11-01-22 16:11:36:970</date><id>15</id><polygon><username>anonymous</username><pt><x>236</x><y>473</y><time>11-01-22 16:11:17:899</time></pt><pt><x>263</x><y>457</y><time>11-01-22 16:11:18:867</time></pt><pt><x>291</x><y>436</y><time>11-01-22 16:11:19:419</time></pt><pt><x>316</x><y>418</y><time>11-01-22 16:11:19:927</time></pt><pt><x>365</x><y>425</y><time>11-01-22 16:11:20:349</time></pt><pt><x>374</x><y>455</y><time>11-01-22 16:11:20:922</time></pt><pt><x>376</x><y>429</y><time>11-01-22 16:11:25:880</time></pt><pt><x>404</x><y>416</y><time>11-01-22 16:11:26:696</time></pt><pt><x>404</x><y>416</y><time>11-01-22 16:11:27:072</time></pt><pt><x>425</x><y>432</y><time>11-01-22 16:11:27:737</time></pt><pt><x>443</x><y>469</y><time>11-01-22 16:11:28:348</time></pt><pt><x>450</x><y>501</y><time>11-01-22 16:11:29:010</time></pt><pt><x>399</x><y>536</y><time>11-01-22 16:11:29:649</time></pt><pt><x>328</x><y>543</y><time>11-01-22 16:11:30:689</time></pt><pt><x>277</x><y>538</y><time>11-01-22 16:11:31:282</time></pt><pt><x>259</x><y>520</y><time>11-01-22 16:11:31:812</time></pt><pt><x>254</x><y>499</y><time>11-01-22 16:11:32:349</time></pt><closed_date>11-01-22 16:11:33:042</closed_date></polygon></object><imagesize><nrows /><ncols /></imagesize></annotation>