<?xml version='1.0' encoding='UTF-8'?>
<annotation><filename>79.jpg</filename><folder>segmentation_xray</folder><source><sourceImage>The MIT-CSAIL database of objects and scenes</sourceImage><sourceAnnotation>LabelMe Webtool</sourceAnnotation></source><object><name>tooth</name><deleted>0</deleted><verified>0</verified><occluded>no</occluded><attributes>18</attributes><parts><hasparts /><ispartof /></parts><date>14-12-21 21:38:32:120</date><id>0</id><type>bounding_box</type><polygon><username>anonymous</username><pt><x>68</x><y>11</y><time>14-12-21 21:38:22:519</time></pt><pt><x>420</x><y>11</y><time>14-12-21 21:38:24:279</time></pt><pt><x>420</x><y>486</y><time>undefined</time></pt><pt><x>68</x><y>486</y><time>undefined</time></pt><closed_date>14-12-21 21:38:24:280</closed_date></polygon></object><object><name>tooth</name><deleted>0</deleted><verified>0</verified><occluded>no</occluded><attributes>17</attributes><parts><hasparts /><ispartof /></parts><date>14-12-21 21:38:42:635</date><id>1</id><type>bounding_box</type><polygon><username>anonymous</username><pt><x>784</x><y>26</y><time>14-12-21 21:38:36:784</time></pt><pt><x>409</x><y>26</y><time>14-12-21 21:38:38:831</time></pt><pt><x>409</x><y>528</y><time>undefined</time></pt><pt><x>784</x><y>528</y><time>undefined</time></pt><closed_date>14-12-21 21:38:38:831</closed_date></polygon></object><object><name>tooth</name><deleted>0</deleted><verified>0</verified><occluded>no</occluded><attributes>16</attributes><parts><hasparts /><ispartof /></parts><date>14-12-21 21:38:51:273</date><id>2</id><type>bounding_box</type><polygon><username>anonymous</username><pt><x>1204</x><y>556</y><time>14-12-21 21:38:45:569</time></pt><pt><x>760</x><y>556</y><time>14-12-21 21:38:47:959</time></pt><pt><x>760</x><y>11</y><time>undefined</time></pt><pt><x>1204</x><y>11</y><time>undefined</time></pt><closed_date>14-12-21 21:38:47:959</closed_date></polygon></object><object><name>tooth</name><deleted>0</deleted><verified>0</verified><occluded>no</occluded><attributes>15</attributes><parts><hasparts /><ispartof /></parts><date>14-12-21 21:39:01:779</date><id>3</id><type>bounding_box</type><polygon><username>anonymous</username><pt><x>1452</x><y>447</y><time>14-12-21 21:38:53:288</time></pt><pt><x>1147</x><y>447</y><time>14-12-21 21:38:57:823</time></pt><pt><x>1147</x><y>15</y><time>undefined</time></pt><pt><x>1452</x><y>15</y><time>undefined</time></pt><closed_date>14-12-21 21:38:57:824</closed_date></polygon></object><object><name>tooth</name><deleted>0</deleted><verified>0</verified><occluded>no</occluded><attributes>14</attributes><parts><hasparts /><ispartof /></parts><date>14-12-21 21:39:09:618</date><id>4</id><type>bounding_box</type><polygon><username>anonymous</username><pt><x>1596</x><y>436</y><time>14-12-21 21:39:03:554</time></pt><pt><x>1443</x><y>436</y><time>14-12-21 21:39:05:943</time></pt><pt><x>1443</x><y>31</y><time>undefined</time></pt><pt><x>1596</x><y>31</y><time>undefined</time></pt><closed_date>14-12-21 21:39:05:943</closed_date></polygon></object><object><name>tooth</name><deleted>0</deleted><verified>0</verified><occluded>no</occluded><attributes>45</attributes><parts><hasparts /><ispartof /></parts><date>14-12-21 21:39:24:826</date><id>5</id><type>bounding_box</type><polygon><username>anonymous</username><pt><x>1292</x><y>574</y><time>14-12-21 21:39:13:871</time></pt><pt><x>1572</x><y>574</y><time>14-12-21 21:39:19:352</time></pt><pt><x>1572</x><y>1215</y><time>undefined</time></pt><pt><x>1292</x><y>1215</y><time>undefined</time></pt><closed_date>14-12-21 21:39:19:352</closed_date></polygon></object><object><name>tooth</name><deleted>0</deleted><verified>0</verified><occluded>no</occluded><attributes>47</attributes><parts><hasparts /><ispartof /></parts><date>14-12-21 21:39:35:963</date><id>6</id><type>bounding_box</type><polygon><username>anonymous</username><pt><x>948</x><y>602</y><time>14-12-21 21:39:28:513</time></pt><pt><x>412</x><y>602</y><time>14-12-21 21:39:30:936</time></pt><pt><x>412</x><y>1218</y><time>undefined</time></pt><pt><x>948</x><y>1218</y><time>undefined</time></pt><closed_date>14-12-21 21:39:30:936</closed_date></polygon></object><object><name>tooth</name><deleted>0</deleted><verified>0</verified><occluded>no</occluded><attributes>48</attributes><parts><hasparts /><ispartof /></parts><date>14-12-21 21:39:52:969</date><id>7</id><type>bounding_box</type><polygon><username>anonymous</username><pt><x>20</x><y>547</y><time>14-12-21 21:39:44:448</time></pt><pt><x>506</x><y>547</y><time>14-12-21 21:39:46:648</time></pt><pt><x>506</x><y>1189</y><time>undefined</time></pt><pt><x>20</x><y>1189</y><time>undefined</time></pt><closed_date>14-12-21 21:39:46:648</closed_date></polygon></object><imagesize><nrows /><ncols /></imagesize></annotation>