<?xml version='1.0' encoding='UTF-8'?>
<annotation><filename>80.jpg</filename><folder>segmentation_xray</folder><source><sourceImage>The MIT-CSAIL database of objects and scenes</sourceImage><sourceAnnotation>LabelMe Webtool</sourceAnnotation></source><object><name>tooth</name><deleted>0</deleted><verified>0</verified><occluded>no</occluded><attributes>28</attributes><parts><hasparts>13</hasparts><ispartof /></parts><date>11-01-22 20:53:32:450</date><id>0</id><type>bounding_box</type><polygon><username>anonymous</username><pt><x>970</x><y>346</y><time>11-01-22 20:53:23:771</time></pt><pt><x>1205</x><y>346</y><time>11-01-22 20:53:26:285</time></pt><pt><x>1205</x><y>2</y><time>undefined</time></pt><pt><x>970</x><y>2</y><time>undefined</time></pt><closed_date>11-01-22 20:53:26:285</closed_date></polygon></object><object><name>tooth</name><deleted>0</deleted><verified>0</verified><occluded>no</occluded><attributes>27</attributes><parts><hasparts>11,12</hasparts><ispartof /></parts><date>11-01-22 20:53:44:240</date><id>1</id><type>bounding_box</type><polygon><username>anonymous</username><pt><x>955</x><y>314</y><time>11-01-22 20:53:34:326</time></pt><pt><x>654</x><y>314</y><time>11-01-22 20:53:37:232</time></pt><pt><x>654</x><y>3</y><time>undefined</time></pt><pt><x>955</x><y>3</y><time>undefined</time></pt><closed_date>11-01-22 20:53:37:233</closed_date></polygon></object><object><name>tooth</name><deleted>0</deleted><verified>0</verified><occluded>no</occluded><attributes>26</attributes><parts><hasparts>10,9</hasparts><ispartof /></parts><date>11-01-22 20:53:55:605</date><id>2</id><type>bounding_box</type><polygon><username>anonymous</username><pt><x>294</x><y>324</y><time>11-01-22 20:53:47:341</time></pt><pt><x>671</x><y>324</y><time>11-01-22 20:53:50:107</time></pt><pt><x>671</x><y>5</y><time>undefined</time></pt><pt><x>294</x><y>5</y><time>undefined</time></pt><closed_date>11-01-22 20:53:50:107</closed_date></polygon></object><object><name>tooth</name><deleted>0</deleted><verified>0</verified><occluded>no</occluded><attributes>25</attributes><parts><hasparts /><ispartof /></parts><date>11-01-22 20:54:04:079</date><id>3</id><type>bounding_box</type><polygon><username>anonymous</username><pt><x>62</x><y>299</y><time>11-01-22 20:53:57:774</time></pt><pt><x>312</x><y>299</y><time>11-01-22 20:53:59:826</time></pt><pt><x>312</x><y>10</y><time>undefined</time></pt><pt><x>62</x><y>10</y><time>undefined</time></pt><closed_date>11-01-22 20:53:59:826</closed_date></polygon></object><object><name>tooth</name><deleted>0</deleted><verified>0</verified><occluded>no</occluded><attributes>24</attributes><parts><hasparts /><ispartof /></parts><date>11-01-22 20:54:13:693</date><id>4</id><type>bounding_box</type><polygon><username>anonymous</username><pt><x>3</x><y>259</y><time>11-01-22 20:54:06:500</time></pt><pt><x>65</x><y>259</y><time>11-01-22 20:54:09:455</time></pt><pt><x>65</x><y>62</y><time>undefined</time></pt><pt><x>3</x><y>62</y><time>undefined</time></pt><closed_date>11-01-22 20:54:09:455</closed_date></polygon></object><object><name>tooth</name><deleted>0</deleted><verified>0</verified><occluded>no</occluded><attributes>37</attributes><parts><hasparts /><ispartof /></parts><date>11-01-22 20:54:30:290</date><id>5</id><type>bounding_box</type><polygon><username>anonymous</username><pt><x>701</x><y>376</y><time>11-01-22 20:54:17:257</time></pt><pt><x>1202</x><y>376</y><time>11-01-22 20:54:21:087</time></pt><pt><x>1202</x><y>937</y><time>undefined</time></pt><pt><x>701</x><y>937</y><time>undefined</time></pt><closed_date>11-01-22 20:54:21:088</closed_date></polygon></object><object><name>tooth</name><deleted>0</deleted><verified>0</verified><occluded>no</occluded><attributes>36</attributes><parts><hasparts>14</hasparts><ispartof /></parts><date>11-01-22 20:54:40:182</date><id>6</id><type>bounding_box</type><polygon><username>anonymous</username><pt><x>344</x><y>386</y><time>11-01-22 20:54:32:279</time></pt><pt><x>783</x><y>386</y><time>11-01-22 20:54:34:319</time></pt><pt><x>783</x><y>945</y><time>undefined</time></pt><pt><x>344</x><y>945</y><time>undefined</time></pt><closed_date>11-01-22 20:54:34:320</closed_date></polygon></object><object><name>tooth</name><deleted>0</deleted><verified>0</verified><occluded>no</occluded><attributes>35</attributes><parts><hasparts>15</hasparts><ispartof /></parts><date>11-01-22 20:54:52:973</date><id>7</id><type>bounding_box</type><polygon><username>anonymous</username><pt><x>88</x><y>382</y><time>11-01-22 20:54:42:831</time></pt><pt><x>351</x><y>382</y><time>11-01-22 20:54:47:930</time></pt><pt><x>351</x><y>942</y><time>undefined</time></pt><pt><x>88</x><y>942</y><time>undefined</time></pt><closed_date>11-01-22 20:54:47:930</closed_date></polygon></object><object><name>tooth</name><deleted>0</deleted><verified>0</verified><occluded>no</occluded><attributes>34</attributes><parts><hasparts /><ispartof /></parts><date>11-01-22 20:54:59:928</date><id>8</id><type>bounding_box</type><polygon><username>anonymous</username><pt><x>8</x><y>391</y><time>11-01-22 20:54:54:114</time></pt><pt><x>147</x><y>391</y><time>11-01-22 20:54:56:328</time></pt><pt><x>147</x><y>943</y><time>undefined</time></pt><pt><x>8</x><y>943</y><time>undefined</time></pt><closed_date>11-01-22 20:54:56:329</closed_date></polygon></object><object><name>restoration</name><deleted>0</deleted><verified>0</verified><occluded>no</occluded><attributes /><parts><hasparts /><ispartof>2</ispartof></parts><date>11-01-22 20:55:14:916</date><id>9</id><polygon><username>anonymous</username><pt><x>407</x><y>240</y><time>11-01-22 20:55:02:629</time></pt><pt><x>422</x><y>209</y><time>11-01-22 20:55:05:652</time></pt><pt><x>447</x><y>195</y><time>11-01-22 20:55:06:951</time></pt><pt><x>472</x><y>195</y><time>11-01-22 20:55:07:509</time></pt><pt><x>488</x><y>204</y><time>11-01-22 20:55:07:924</time></pt><pt><x>498</x><y>240</y><time>11-01-22 20:55:08:644</time></pt><pt><x>499</x><y>262</y><time>11-01-22 20:55:09:060</time></pt><pt><x>501</x><y>277</y><time>11-01-22 20:55:09:528</time></pt><pt><x>489</x><y>277</y><time>11-01-22 20:55:10:120</time></pt><pt><x>457</x><y>264</y><time>11-01-22 20:55:10:588</time></pt><pt><x>414</x><y>255</y><time>11-01-22 20:55:11:048</time></pt><closed_date>11-01-22 20:55:11:446</closed_date></polygon></object><object><name>restoration</name><deleted>0</deleted><verified>0</verified><occluded>no</occluded><attributes /><parts><hasparts /><ispartof>2</ispartof></parts><date>11-01-22 20:55:28:246</date><id>10</id><polygon><username>anonymous</username><pt><x>516</x><y>264</y><time>11-01-22 20:55:16:818</time></pt><pt><x>513</x><y>207</y><time>11-01-22 20:55:17:921</time></pt><pt><x>616</x><y>129</y><time>11-01-22 20:55:19:344</time></pt><pt><x>633</x><y>132</y><time>11-01-22 20:55:19:965</time></pt><pt><x>648</x><y>152</y><time>11-01-22 20:55:20:538</time></pt><pt><x>648</x><y>199</y><time>11-01-22 20:55:21:193</time></pt><pt><x>648</x><y>250</y><time>11-01-22 20:55:21:652</time></pt><pt><x>616</x><y>284</y><time>11-01-22 20:55:22:658</time></pt><pt><x>589</x><y>299</y><time>11-01-22 20:55:23:159</time></pt><pt><x>564</x><y>306</y><time>11-01-22 20:55:23:625</time></pt><pt><x>541</x><y>302</y><time>11-01-22 20:55:24:225</time></pt><pt><x>524</x><y>280</y><time>11-01-22 20:55:24:712</time></pt><closed_date>11-01-22 20:55:25:237</closed_date></polygon></object><object><name>root canal treatment</name><deleted>0</deleted><verified>0</verified><occluded>no</occluded><attributes /><parts><hasparts /><ispartof>1</ispartof></parts><date>11-01-22 20:55:48:714</date><id>11</id><polygon><username>anonymous</username><pt><x>726</x><y>82</y><time>11-01-22 20:55:40:279</time></pt><pt><x>756</x><y>50</y><time>11-01-22 20:55:40:861</time></pt><pt><x>771</x><y>20</y><time>11-01-22 20:55:41:364</time></pt><pt><x>771</x><y>8</y><time>11-01-22 20:55:41:833</time></pt><pt><x>801</x><y>5</y><time>11-01-22 20:55:42:465</time></pt><pt><x>796</x><y>30</y><time>11-01-22 20:55:43:001</time></pt><pt><x>820</x><y>52</y><time>11-01-22 20:55:43:502</time></pt><pt><x>811</x><y>78</y><time>11-01-22 20:55:44:298</time></pt><pt><x>788</x><y>93</y><time>11-01-22 20:55:44:719</time></pt><pt><x>768</x><y>95</y><time>11-01-22 20:55:45:158</time></pt><pt><x>738</x><y>92</y><time>11-01-22 20:55:45:534</time></pt><closed_date>11-01-22 20:55:45:973</closed_date></polygon></object><object><name>crown</name><deleted>0</deleted><verified>0</verified><occluded>no</occluded><attributes /><parts><hasparts /><ispartof>1</ispartof></parts><date>11-01-22 21:15:50:605</date><id>12</id><polygon><username>anonymous</username><pt><x>731</x><y>97</y><time>11-01-22 20:55:50:231</time></pt><pt><x>691</x><y>119</y><time>11-01-22 20:55:50:871</time></pt><pt><x>675</x><y>165</y><time>11-01-22 20:55:51:443</time></pt><pt><x>661</x><y>217</y><time>11-01-22 20:55:52:191</time></pt><pt><x>658</x><y>265</y><time>11-01-22 20:55:52:711</time></pt><pt><x>693</x><y>297</y><time>11-01-22 20:55:53:228</time></pt><pt><x>746</x><y>314</y><time>11-01-22 20:55:53:885</time></pt><pt><x>800</x><y>319</y><time>11-01-22 20:55:54:454</time></pt><pt><x>851</x><y>309</y><time>11-01-22 20:55:54:951</time></pt><pt><x>882</x><y>301</y><time>11-01-22 20:55:55:511</time></pt><pt><x>937</x><y>275</y><time>11-01-22 20:55:56:150</time></pt><pt><x>948</x><y>212</y><time>11-01-22 20:55:56:679</time></pt><pt><x>960</x><y>129</y><time>11-01-22 20:55:57:181</time></pt><pt><x>928</x><y>112</y><time>11-01-22 20:55:57:936</time></pt><pt><x>897</x><y>110</y><time>11-01-22 20:55:58:411</time></pt><pt><x>882</x><y>110</y><time>11-01-22 20:56:02:130</time></pt><pt><x>895</x><y>73</y><time>11-01-22 20:56:02:751</time></pt><pt><x>917</x><y>8</y><time>11-01-22 20:56:03:409</time></pt><pt><x>882</x><y>3</y><time>11-01-22 20:56:04:160</time></pt><pt><x>860</x><y>42</y><time>11-01-22 20:56:04:982</time></pt><pt><x>838</x><y>67</y><time>11-01-22 20:56:05:544</time></pt><pt><x>823</x><y>67</y><time>11-01-22 20:56:05:999</time></pt><pt><x>800</x><y>87</y><time>11-01-22 20:56:06:438</time></pt><pt><x>771</x><y>97</y><time>11-01-22 20:56:07:048</time></pt><closed_date>11-01-22 20:56:07:702</closed_date></polygon></object><object><name>restoration</name><deleted>0</deleted><verified>0</verified><occluded>no</occluded><attributes /><parts><hasparts /><ispartof>0</ispartof></parts><date>11-01-22 21:16:04:182</date><id>13</id><polygon><username>anonymous</username><pt><x>973</x><y>154</y><time>11-01-22 21:15:53:555</time></pt><pt><x>1003</x><y>155</y><time>11-01-22 21:15:54:068</time></pt><pt><x>1022</x><y>155</y><time>11-01-22 21:15:54:410</time></pt><pt><x>1030</x><y>167</y><time>11-01-22 21:15:54:744</time></pt><pt><x>1033</x><y>180</y><time>11-01-22 21:15:55:025</time></pt><pt><x>1040</x><y>217</y><time>11-01-22 21:15:58:349</time></pt><pt><x>1023</x><y>234</y><time>11-01-22 21:15:58:892</time></pt><pt><x>1007</x><y>247</y><time>11-01-22 21:15:59:352</time></pt><pt><x>990</x><y>249</y><time>11-01-22 21:15:59:811</time></pt><pt><x>978</x><y>249</y><time>11-01-22 21:16:00:395</time></pt><closed_date>11-01-22 21:16:01:086</closed_date></polygon></object><object><name>restoration</name><deleted>0</deleted><verified>0</verified><occluded>no</occluded><attributes /><parts><hasparts /><ispartof>6</ispartof></parts><date>11-01-22 21:16:30:549</date><id>14</id><polygon><username>anonymous</username><pt><x>472</x><y>444</y><time>11-01-22 21:16:14:015</time></pt><pt><x>506</x><y>533</y><time>11-01-22 21:16:14:940</time></pt><pt><x>531</x><y>529</y><time>11-01-22 21:16:18:314</time></pt><pt><x>569</x><y>529</y><time>11-01-22 21:16:18:991</time></pt><pt><x>593</x><y>529</y><time>11-01-22 21:16:19:455</time></pt><pt><x>618</x><y>509</y><time>11-01-22 21:16:19:895</time></pt><pt><x>644</x><y>467</y><time>11-01-22 21:16:20:361</time></pt><pt><x>659</x><y>441</y><time>11-01-22 21:16:20:725</time></pt><pt><x>634</x><y>446</y><time>11-01-22 21:16:21:270</time></pt><pt><x>584</x><y>454</y><time>11-01-22 21:16:21:750</time></pt><pt><x>554</x><y>447</y><time>11-01-22 21:16:22:062</time></pt><pt><x>541</x><y>431</y><time>11-01-22 21:16:22:383</time></pt><pt><x>531</x><y>426</y><time>11-01-22 21:16:22:804</time></pt><pt><x>509</x><y>431</y><time>11-01-22 21:16:23:092</time></pt><pt><x>498</x><y>437</y><time>11-01-22 21:16:23:386</time></pt><closed_date>11-01-22 21:16:23:704</closed_date></polygon></object><object><name>restoration</name><deleted>0</deleted><verified>0</verified><occluded>no</occluded><attributes /><parts><hasparts /><ispartof>7</ispartof></parts><date>11-01-22 21:16:40:425</date><id>15</id><polygon><username>anonymous</username><pt><x>219</x><y>406</y><time>11-01-22 21:16:32:403</time></pt><pt><x>245</x><y>451</y><time>11-01-22 21:16:33:425</time></pt><pt><x>269</x><y>466</y><time>11-01-22 21:16:33:940</time></pt><pt><x>304</x><y>469</y><time>11-01-22 21:16:34:353</time></pt><pt><x>326</x><y>439</y><time>11-01-22 21:16:35:354</time></pt><pt><x>316</x><y>431</y><time>11-01-22 21:16:36:066</time></pt><pt><x>280</x><y>427</y><time>11-01-22 21:16:36:616</time></pt><pt><x>262</x><y>417</y><time>11-01-22 21:16:36:986</time></pt><pt><x>237</x><y>407</y><time>11-01-22 21:16:37:341</time></pt><closed_date>11-01-22 21:16:37:682</closed_date></polygon></object><imagesize><nrows /><ncols /></imagesize></annotation>