<?xml version='1.0' encoding='UTF-8'?>
<annotation><filename>83.jpg</filename><folder>segmentation_xray</folder><source><sourceImage>The MIT-CSAIL database of objects and scenes</sourceImage><sourceAnnotation>LabelMe Webtool</sourceAnnotation></source><object><name>tooth</name><deleted>0</deleted><verified>0</verified><occluded>no</occluded><attributes>27</attributes><parts><hasparts /><ispartof /></parts><date>21-12-21 10:34:09:593</date><id>0</id><type>bounding_box</type><polygon><username>anonymous</username><pt><x>1608</x><y>569</y><time>21-12-21 10:34:01:393</time></pt><pt><x>1377</x><y>569</y><time>21-12-21 10:34:03:456</time></pt><pt><x>1377</x><y>13</y><time>undefined</time></pt><pt><x>1608</x><y>13</y><time>undefined</time></pt><closed_date>21-12-21 10:34:03:456</closed_date></polygon></object><object><name>tooth</name><deleted>0</deleted><verified>0</verified><occluded>no</occluded><attributes>26</attributes><parts><hasparts>12,13</hasparts><ispartof /></parts><date>21-12-21 10:34:25:147</date><id>1</id><type>bounding_box</type><polygon><username>anonymous</username><pt><x>1401</x><y>597</y><time>21-12-21 10:34:17:474</time></pt><pt><x>902</x><y>597</y><time>21-12-21 10:34:20:904</time></pt><pt><x>902</x><y>9</y><time>undefined</time></pt><pt><x>1401</x><y>9</y><time>undefined</time></pt><closed_date>21-12-21 10:34:20:904</closed_date></polygon></object><object><name>tooth</name><deleted>0</deleted><verified>0</verified><occluded>no</occluded><attributes>25</attributes><parts><hasparts>11</hasparts><ispartof /></parts><date>21-12-21 10:34:34:562</date><id>2</id><type>bounding_box</type><polygon><username>anonymous</username><pt><x>588</x><y>545</y><time>21-12-21 10:34:27:899</time></pt><pt><x>924</x><y>545</y><time>21-12-21 10:34:30:390</time></pt><pt><x>924</x><y>24</y><time>undefined</time></pt><pt><x>588</x><y>24</y><time>undefined</time></pt><closed_date>21-12-21 10:34:30:391</closed_date></polygon></object><object><name>tooth</name><deleted>0</deleted><verified>0</verified><occluded>no</occluded><attributes>24</attributes><parts><hasparts>10</hasparts><ispartof /></parts><date>21-12-21 10:34:50:932</date><id>3</id><type>bounding_box</type><polygon><username>anonymous</username><pt><x>268</x><y>558</y><time>21-12-21 10:34:43:701</time></pt><pt><x>593</x><y>558</y><time>21-12-21 10:34:46:031</time></pt><pt><x>593</x><y>7</y><time>undefined</time></pt><pt><x>268</x><y>7</y><time>undefined</time></pt><closed_date>21-12-21 10:34:46:031</closed_date></polygon></object><object><name>tooth</name><deleted>0</deleted><verified>0</verified><occluded>no</occluded><attributes>23</attributes><parts><hasparts /><ispartof /></parts><date>21-12-21 10:34:59:041</date><id>4</id><type>bounding_box</type><polygon><username>anonymous</username><pt><x>15</x><y>608</y><time>21-12-21 10:34:51:832</time></pt><pt><x>327</x><y>608</y><time>21-12-21 10:34:54:543</time></pt><pt><x>327</x><y>0</y><time>undefined</time></pt><pt><x>15</x><y>0</y><time>undefined</time></pt><closed_date>21-12-21 10:34:54:543</closed_date></polygon></object><object><name>tooth</name><deleted>0</deleted><verified>0</verified><occluded>no</occluded><attributes>37</attributes><parts><hasparts /><ispartof /></parts><date>21-12-21 10:36:01:080</date><id>5</id><type>bounding_box</type><polygon><username>anonymous</username><pt><x>1608</x><y>582</y><time>21-12-21 10:35:51:499</time></pt><pt><x>1364</x><y>582</y><time>21-12-21 10:35:54:833</time></pt><pt><x>1364</x><y>1146</y><time>undefined</time></pt><pt><x>1608</x><y>1146</y><time>undefined</time></pt><closed_date>21-12-21 10:35:54:833</closed_date></polygon></object><object><name>tooth</name><deleted>0</deleted><verified>0</verified><occluded>no</occluded><attributes>36</attributes><parts><hasparts /><ispartof /></parts><date>21-12-21 10:36:08:992</date><id>6</id><type>bounding_box</type><polygon><username>anonymous</username><pt><x>846</x><y>612</y><time>21-12-21 10:36:02:299</time></pt><pt><x>1401</x><y>612</y><time>21-12-21 10:36:04:321</time></pt><pt><x>1401</x><y>1229</y><time>undefined</time></pt><pt><x>846</x><y>1229</y><time>undefined</time></pt><closed_date>21-12-21 10:36:04:321</closed_date></polygon></object><object><name>tooth</name><deleted>0</deleted><verified>0</verified><occluded>no</occluded><attributes>35</attributes><parts><hasparts /><ispartof /></parts><date>21-12-21 10:36:24:125</date><id>7</id><type>bounding_box</type><polygon><username>anonymous</username><pt><x>527</x><y>630</y><time>21-12-21 10:36:15:026</time></pt><pt><x>848</x><y>630</y><time>21-12-21 10:36:17:530</time></pt><pt><x>848</x><y>1233</y><time>undefined</time></pt><pt><x>527</x><y>1233</y><time>undefined</time></pt><closed_date>21-12-21 10:36:17:530</closed_date></polygon></object><object><name>tooth</name><deleted>0</deleted><verified>0</verified><occluded>no</occluded><attributes>34</attributes><parts><hasparts /><ispartof /></parts><date>21-12-21 10:36:33:896</date><id>8</id><type>bounding_box</type><polygon><username>anonymous</username><pt><x>209</x><y>632</y><time>21-12-21 10:36:25:259</time></pt><pt><x>527</x><y>632</y><time>21-12-21 10:36:28:306</time></pt><pt><x>527</x><y>1233</y><time>undefined</time></pt><pt><x>209</x><y>1233</y><time>undefined</time></pt><closed_date>21-12-21 10:36:28:306</closed_date></polygon></object><object><name>tooth</name><deleted>0</deleted><verified>0</verified><occluded>no</occluded><attributes>33</attributes><parts><hasparts /><ispartof /></parts><date>21-12-21 10:36:42:908</date><id>9</id><type>bounding_box</type><polygon><username>anonymous</username><pt><x>13</x><y>639</y><time>21-12-21 10:36:35:411</time></pt><pt><x>353</x><y>639</y><time>21-12-21 10:36:37:106</time></pt><pt><x>353</x><y>1227</y><time>undefined</time></pt><pt><x>13</x><y>1227</y><time>undefined</time></pt><closed_date>21-12-21 10:36:37:106</closed_date></polygon></object><object><name>restoration</name><deleted>0</deleted><verified>0</verified><occluded>no</occluded><attributes /><parts><hasparts /><ispartof>3</ispartof></parts><date>21-12-21 10:37:31:959</date><id>10</id><polygon><username>anonymous</username><pt><x>558</x><y>408</y><time>21-12-21 10:37:12:212</time></pt><pt><x>540</x><y>388</y><time>21-12-21 10:37:12:890</time></pt><pt><x>523</x><y>379</y><time>21-12-21 10:37:13:234</time></pt><pt><x>510</x><y>379</y><time>21-12-21 10:37:13:530</time></pt><pt><x>477</x><y>408</y><time>21-12-21 10:37:13:762</time></pt><pt><x>447</x><y>427</y><time>21-12-21 10:37:13:962</time></pt><pt><x>436</x><y>429</y><time>21-12-21 10:37:14:154</time></pt><pt><x>412</x><y>427</y><time>21-12-21 10:37:14:490</time></pt><pt><x>377</x><y>416</y><time>21-12-21 10:37:14:770</time></pt><pt><x>353</x><y>392</y><time>21-12-21 10:37:15:338</time></pt><pt><x>338</x><y>381</y><time>21-12-21 10:37:15:690</time></pt><pt><x>301</x><y>394</y><time>21-12-21 10:37:15:996</time></pt><pt><x>294</x><y>416</y><time>21-12-21 10:37:16:274</time></pt><pt><x>294</x><y>434</y><time>21-12-21 10:37:23:987</time></pt><pt><x>312</x><y>447</y><time>21-12-21 10:37:24:530</time></pt><pt><x>331</x><y>447</y><time>21-12-21 10:37:25:002</time></pt><pt><x>360</x><y>466</y><time>21-12-21 10:37:25:634</time></pt><pt><x>390</x><y>479</y><time>21-12-21 10:37:26:034</time></pt><pt><x>464</x><y>477</y><time>21-12-21 10:37:26:714</time></pt><pt><x>495</x><y>462</y><time>21-12-21 10:37:27:154</time></pt><pt><x>521</x><y>447</y><time>21-12-21 10:37:27:402</time></pt><pt><x>534</x><y>438</y><time>21-12-21 10:37:27:634</time></pt><pt><x>549</x><y>427</y><time>21-12-21 10:37:27:874</time></pt><pt><x>554</x><y>425</y><time>21-12-21 10:37:28:242</time></pt><closed_date>21-12-21 10:37:28:627</closed_date></polygon></object><object><name>restoration</name><deleted>0</deleted><verified>0</verified><occluded>no</occluded><attributes /><parts><hasparts /><ispartof>2</ispartof></parts><date>21-12-21 10:37:46:319</date><id>11</id><polygon><username>anonymous</username><pt><x>654</x><y>368</y><time>21-12-21 10:37:34:269</time></pt><pt><x>680</x><y>386</y><time>21-12-21 10:37:35:083</time></pt><pt><x>710</x><y>408</y><time>21-12-21 10:37:35:467</time></pt><pt><x>734</x><y>397</y><time>21-12-21 10:37:35:978</time></pt><pt><x>769</x><y>384</y><time>21-12-21 10:37:36:250</time></pt><pt><x>815</x><y>388</y><time>21-12-21 10:37:36:483</time></pt><pt><x>828</x><y>392</y><time>21-12-21 10:37:36:675</time></pt><pt><x>835</x><y>392</y><time>21-12-21 10:37:36:978</time></pt><pt><x>887</x><y>366</y><time>21-12-21 10:37:37:210</time></pt><pt><x>909</x><y>394</y><time>21-12-21 10:37:38:106</time></pt><pt><x>891</x><y>429</y><time>21-12-21 10:37:38:778</time></pt><pt><x>874</x><y>442</y><time>21-12-21 10:37:39:107</time></pt><pt><x>872</x><y>471</y><time>21-12-21 10:37:39:402</time></pt><pt><x>863</x><y>484</y><time>21-12-21 10:37:39:674</time></pt><pt><x>826</x><y>453</y><time>21-12-21 10:37:40:171</time></pt><pt><x>804</x><y>493</y><time>21-12-21 10:37:40:578</time></pt><pt><x>778</x><y>521</y><time>21-12-21 10:37:40:803</time></pt><pt><x>756</x><y>530</y><time>21-12-21 10:37:41:003</time></pt><pt><x>721</x><y>510</y><time>21-12-21 10:37:41:291</time></pt><pt><x>700</x><y>486</y><time>21-12-21 10:37:41:555</time></pt><pt><x>645</x><y>477</y><time>21-12-21 10:37:41:795</time></pt><pt><x>639</x><y>466</y><time>21-12-21 10:37:42:050</time></pt><pt><x>639</x><y>442</y><time>21-12-21 10:37:42:387</time></pt><pt><x>645</x><y>423</y><time>21-12-21 10:37:42:611</time></pt><pt><x>656</x><y>394</y><time>21-12-21 10:37:42:850</time></pt><closed_date>21-12-21 10:37:43:074</closed_date></polygon></object><object><name>restoration</name><deleted>0</deleted><verified>0</verified><occluded>no</occluded><attributes /><parts><hasparts /><ispartof>1</ispartof></parts><date>21-12-21 10:38:07:000</date><id>12</id><polygon><username>anonymous</username><pt><x>937</x><y>351</y><time>21-12-21 10:37:48:661</time></pt><pt><x>965</x><y>344</y><time>21-12-21 10:37:49:131</time></pt><pt><x>985</x><y>336</y><time>21-12-21 10:37:49:413</time></pt><pt><x>1005</x><y>323</y><time>21-12-21 10:37:49:643</time></pt><pt><x>1072</x><y>323</y><time>21-12-21 10:37:49:850</time></pt><pt><x>1087</x><y>301</y><time>21-12-21 10:37:50:251</time></pt><pt><x>1107</x><y>272</y><time>21-12-21 10:37:50:523</time></pt><pt><x>1155</x><y>277</y><time>21-12-21 10:37:50:923</time></pt><pt><x>1227</x><y>299</y><time>21-12-21 10:37:51:187</time></pt><pt><x>1268</x><y>314</y><time>21-12-21 10:37:51:668</time></pt><pt><x>1273</x><y>344</y><time>21-12-21 10:37:56:771</time></pt><pt><x>1273</x><y>388</y><time>21-12-21 10:37:57:149</time></pt><pt><x>1281</x><y>425</y><time>21-12-21 10:37:57:419</time></pt><pt><x>1325</x><y>434</y><time>21-12-21 10:37:58:347</time></pt><pt><x>1384</x><y>436</y><time>21-12-21 10:37:58:603</time></pt><pt><x>1366</x><y>477</y><time>21-12-21 10:37:59:050</time></pt><pt><x>1351</x><y>495</y><time>21-12-21 10:37:59:181</time></pt><pt><x>1342</x><y>499</y><time>21-12-21 10:37:59:410</time></pt><pt><x>1323</x><y>519</y><time>21-12-21 10:37:59:635</time></pt><pt><x>1305</x><y>534</y><time>21-12-21 10:37:59:884</time></pt><pt><x>1281</x><y>549</y><time>21-12-21 10:38:00:154</time></pt><pt><x>1262</x><y>551</y><time>21-12-21 10:38:00:418</time></pt><pt><x>1249</x><y>543</y><time>21-12-21 10:38:00:667</time></pt><pt><x>1233</x><y>540</y><time>21-12-21 10:38:00:917</time></pt><pt><x>1192</x><y>540</y><time>21-12-21 10:38:01:107</time></pt><pt><x>1190</x><y>523</y><time>21-12-21 10:38:01:395</time></pt><pt><x>1177</x><y>488</y><time>21-12-21 10:38:01:635</time></pt><pt><x>1166</x><y>479</y><time>21-12-21 10:38:01:843</time></pt><pt><x>1129</x><y>479</y><time>21-12-21 10:38:02:059</time></pt><pt><x>1094</x><y>479</y><time>21-12-21 10:38:02:283</time></pt><pt><x>1063</x><y>469</y><time>21-12-21 10:38:02:531</time></pt><pt><x>1009</x><y>469</y><time>21-12-21 10:38:02:747</time></pt><pt><x>970</x><y>466</y><time>21-12-21 10:38:02:963</time></pt><pt><x>970</x><y>464</y><time>21-12-21 10:38:03:234</time></pt><pt><x>970</x><y>442</y><time>21-12-21 10:38:03:491</time></pt><pt><x>957</x><y>401</y><time>21-12-21 10:38:03:707</time></pt><pt><x>944</x><y>388</y><time>21-12-21 10:38:03:971</time></pt><closed_date>21-12-21 10:38:04:195</closed_date></polygon></object><object><name>root canal treatment</name><deleted>0</deleted><verified>0</verified><occluded>no</occluded><attributes /><parts><hasparts /><ispartof>1</ispartof></parts><date>21-12-21 10:38:41:975</date><id>13</id><polygon><username>anonymous</username><pt><x>1257</x><y>285</y><time>21-12-21 10:38:08:533</time></pt><pt><x>1236</x><y>231</y><time>21-12-21 10:38:11:315</time></pt><pt><x>1238</x><y>161</y><time>21-12-21 10:38:11:883</time></pt><pt><x>1240</x><y>120</y><time>21-12-21 10:38:12:308</time></pt><pt><x>1260</x><y>44</y><time>21-12-21 10:38:12:787</time></pt><pt><x>1262</x><y>15</y><time>21-12-21 10:38:13:123</time></pt><pt><x>1199</x><y>15</y><time>21-12-21 10:38:13:845</time></pt><pt><x>1194</x><y>15</y><time>21-12-21 10:38:14:147</time></pt><pt><x>1188</x><y>22</y><time>21-12-21 10:38:30:956</time></pt><pt><x>1170</x><y>41</y><time>21-12-21 10:38:31:387</time></pt><pt><x>1155</x><y>120</y><time>21-12-21 10:38:32:003</time></pt><pt><x>1155</x><y>155</y><time>21-12-21 10:38:32:355</time></pt><pt><x>1140</x><y>174</y><time>21-12-21 10:38:32:683</time></pt><pt><x>1131</x><y>181</y><time>21-12-21 10:38:33:148</time></pt><pt><x>1105</x><y>135</y><time>21-12-21 10:38:33:603</time></pt><pt><x>1090</x><y>100</y><time>21-12-21 10:38:33:883</time></pt><pt><x>1079</x><y>57</y><time>21-12-21 10:38:34:163</time></pt><pt><x>1063</x><y>24</y><time>21-12-21 10:38:34:483</time></pt><pt><x>1026</x><y>17</y><time>21-12-21 10:38:35:755</time></pt><pt><x>1042</x><y>92</y><time>21-12-21 10:38:36:419</time></pt><pt><x>1057</x><y>146</y><time>21-12-21 10:38:36:931</time></pt><pt><x>1085</x><y>183</y><time>21-12-21 10:38:37:283</time></pt><pt><x>1085</x><y>227</y><time>21-12-21 10:38:37:572</time></pt><pt><x>1087</x><y>264</y><time>21-12-21 10:38:37:948</time></pt><pt><x>1159</x><y>270</y><time>21-12-21 10:38:38:675</time></pt><pt><x>1207</x><y>275</y><time>21-12-21 10:38:39:051</time></pt><closed_date>21-12-21 10:38:39:283</closed_date></polygon></object><imagesize><nrows /><ncols /></imagesize></annotation>