<?xml version='1.0' encoding='UTF-8'?>
<annotation><filename>85.jpg</filename><folder>segmentation_xray</folder><source><sourceImage>The MIT-CSAIL database of objects and scenes</sourceImage><sourceAnnotation>LabelMe Webtool</sourceAnnotation></source><object><name>tooth 27</name><deleted>0</deleted><verified>0</verified><occluded>no</occluded><attributes /><parts><hasparts /><ispartof /></parts><date>06-12-21 11:21:20:233</date><id>0</id><type>bounding_box</type><polygon><username>anonymous</username><pt><x>1374</x><y>563</y><time>06-12-21 11:21:12:890</time></pt><pt><x>1614</x><y>563</y><time>06-12-21 11:21:17:048</time></pt><pt><x>1614</x><y>2</y><time>undefined</time></pt><pt><x>1374</x><y>2</y><time>undefined</time></pt><closed_date>06-12-21 11:21:17:048</closed_date></polygon></object><object><name>tooth 26</name><deleted>0</deleted><verified>0</verified><occluded>no</occluded><attributes /><parts><hasparts>10,11</hasparts><ispartof /></parts><date>06-12-21 11:21:26:975</date><id>1</id><type>bounding_box</type><polygon><username>anonymous</username><pt><x>903</x><y>603</y><time>06-12-21 11:21:21:932</time></pt><pt><x>1388</x><y>603</y><time>06-12-21 11:21:23:944</time></pt><pt><x>1388</x><y>2</y><time>undefined</time></pt><pt><x>903</x><y>2</y><time>undefined</time></pt><closed_date>06-12-21 11:21:23:945</closed_date></polygon></object><object><name>tooth 25</name><deleted>0</deleted><verified>0</verified><occluded>no</occluded><attributes /><parts><hasparts /><ispartof /></parts><date>06-12-21 11:21:34:716</date><id>2</id><type>bounding_box</type><polygon><username>anonymous</username><pt><x>600</x><y>533</y><time>06-12-21 11:21:29:234</time></pt><pt><x>917</x><y>533</y><time>06-12-21 11:21:31:904</time></pt><pt><x>917</x><y>1</y><time>undefined</time></pt><pt><x>600</x><y>1</y><time>undefined</time></pt><closed_date>06-12-21 11:21:31:905</closed_date></polygon></object><object><name>tooth 24</name><deleted>0</deleted><verified>0</verified><occluded>no</occluded><attributes /><parts><hasparts>12</hasparts><ispartof /></parts><date>06-12-21 11:21:43:709</date><id>3</id><type>bounding_box</type><polygon><username>anonymous</username><pt><x>275</x><y>561</y><time>06-12-21 11:21:36:595</time></pt><pt><x>591</x><y>561</y><time>06-12-21 11:21:39:228</time></pt><pt><x>591</x><y>21</y><time>undefined</time></pt><pt><x>275</x><y>21</y><time>undefined</time></pt><closed_date>06-12-21 11:21:39:229</closed_date></polygon></object><object><name>tooth 23</name><deleted>0</deleted><verified>0</verified><occluded>no</occluded><attributes /><parts><hasparts /><ispartof /></parts><date>06-12-21 11:21:50:020</date><id>4</id><type>bounding_box</type><polygon><username>anonymous</username><pt><x>2</x><y>605</y><time>06-12-21 11:21:45:356</time></pt><pt><x>291</x><y>605</y><time>06-12-21 11:21:47:205</time></pt><pt><x>291</x><y>1</y><time>undefined</time></pt><pt><x>2</x><y>1</y><time>undefined</time></pt><closed_date>06-12-21 11:21:47:205</closed_date></polygon></object><object><name>tooth 37</name><deleted>0</deleted><verified>0</verified><occluded>no</occluded><attributes /><parts><hasparts /><ispartof /></parts><date>06-12-21 11:21:59:248</date><id>5</id><type>bounding_box</type><polygon><username>anonymous</username><pt><x>1365</x><y>580</y><time>06-12-21 11:21:52:556</time></pt><pt><x>1609</x><y>580</y><time>06-12-21 11:21:55:769</time></pt><pt><x>1609</x><y>1141</y><time>undefined</time></pt><pt><x>1365</x><y>1141</y><time>undefined</time></pt><closed_date>06-12-21 11:21:55:769</closed_date></polygon></object><object><name>tooth 36</name><deleted>0</deleted><verified>0</verified><occluded>no</occluded><attributes /><parts><hasparts>13</hasparts><ispartof /></parts><date>06-12-21 11:22:06:653</date><id>6</id><type>bounding_box</type><polygon><username>anonymous</username><pt><x>852</x><y>614</y><time>06-12-21 11:22:01:610</time></pt><pt><x>1381</x><y>614</y><time>06-12-21 11:22:03:352</time></pt><pt><x>1381</x><y>1238</y><time>undefined</time></pt><pt><x>852</x><y>1238</y><time>undefined</time></pt><closed_date>06-12-21 11:22:03:353</closed_date></polygon></object><object><name>tooth 35</name><deleted>0</deleted><verified>0</verified><occluded>no</occluded><attributes /><parts><hasparts /><ispartof /></parts><date>06-12-21 11:22:13:576</date><id>7</id><type>bounding_box</type><polygon><username>anonymous</username><pt><x>522</x><y>617</y><time>06-12-21 11:22:08:728</time></pt><pt><x>864</x><y>617</y><time>06-12-21 11:22:10:793</time></pt><pt><x>864</x><y>1238</y><time>undefined</time></pt><pt><x>522</x><y>1238</y><time>undefined</time></pt><closed_date>06-12-21 11:22:10:794</closed_date></polygon></object><object><name>tooth 34</name><deleted>0</deleted><verified>0</verified><occluded>no</occluded><attributes /><parts><hasparts /><ispartof /></parts><date>06-12-21 11:22:21:730</date><id>8</id><type>bounding_box</type><polygon><username>anonymous</username><pt><x>208</x><y>628</y><time>06-12-21 11:22:15:858</time></pt><pt><x>524</x><y>628</y><time>06-12-21 11:22:18:837</time></pt><pt><x>524</x><y>1233</y><time>undefined</time></pt><pt><x>208</x><y>1233</y><time>undefined</time></pt><closed_date>06-12-21 11:22:18:837</closed_date></polygon></object><object><name>tooth 33</name><deleted>0</deleted><verified>0</verified><occluded>no</occluded><attributes /><parts><hasparts /><ispartof /></parts><date>06-12-21 11:22:33:705</date><id>9</id><type>bounding_box</type><polygon><username>anonymous</username><pt><x>1</x><y>653</y><time>06-12-21 11:22:24:087</time></pt><pt><x>298</x><y>653</y><time>06-12-21 11:22:30:560</time></pt><pt><x>298</x><y>1238</y><time>undefined</time></pt><pt><x>1</x><y>1238</y><time>undefined</time></pt><closed_date>06-12-21 11:22:30:560</closed_date></polygon></object><object><name>root canal treatment</name><deleted>0</deleted><verified>0</verified><occluded>no</occluded><attributes /><parts><hasparts /><ispartof>1</ispartof></parts><date>06-12-21 11:23:34:805</date><id>10</id><polygon><username>anonymous</username><pt><x>1037</x><y>7</y><time>06-12-21 11:23:02:923</time></pt><pt><x>1041</x><y>74</y><time>06-12-21 11:23:03:703</time></pt><pt><x>1062</x><y>104</y><time>06-12-21 11:23:07:608</time></pt><pt><x>1074</x><y>157</y><time>06-12-21 11:23:08:111</time></pt><pt><x>1088</x><y>212</y><time>06-12-21 11:23:08:697</time></pt><pt><x>1088</x><y>272</y><time>06-12-21 11:23:09:495</time></pt><pt><x>1120</x><y>272</y><time>06-12-21 11:23:10:058</time></pt><pt><x>1145</x><y>261</y><time>06-12-21 11:23:10:662</time></pt><pt><x>1168</x><y>272</y><time>06-12-21 11:23:11:302</time></pt><pt><x>1189</x><y>291</y><time>06-12-21 11:23:11:704</time></pt><pt><x>1231</x><y>300</y><time>06-12-21 11:23:12:183</time></pt><pt><x>1247</x><y>286</y><time>06-12-21 11:23:15:665</time></pt><pt><x>1242</x><y>259</y><time>06-12-21 11:23:16:332</time></pt><pt><x>1233</x><y>224</y><time>06-12-21 11:23:16:902</time></pt><pt><x>1228</x><y>171</y><time>06-12-21 11:23:17:382</time></pt><pt><x>1245</x><y>106</y><time>06-12-21 11:23:18:038</time></pt><pt><x>1270</x><y>5</y><time>06-12-21 11:23:19:400</time></pt><pt><x>1180</x><y>7</y><time>06-12-21 11:23:20:960</time></pt><pt><x>1171</x><y>90</y><time>06-12-21 11:23:21:952</time></pt><pt><x>1159</x><y>152</y><time>06-12-21 11:23:22:840</time></pt><pt><x>1143</x><y>185</y><time>06-12-21 11:23:23:584</time></pt><pt><x>1115</x><y>180</y><time>06-12-21 11:23:24:676</time></pt><pt><x>1101</x><y>152</y><time>06-12-21 11:23:25:231</time></pt><pt><x>1095</x><y>92</y><time>06-12-21 11:23:26:093</time></pt><pt><x>1074</x><y>30</y><time>06-12-21 11:23:26:864</time></pt><pt><x>1074</x><y>7</y><time>06-12-21 11:23:27:337</time></pt><closed_date>06-12-21 11:23:28:053</closed_date></polygon></object><object><name>restoration</name><deleted>0</deleted><verified>0</verified><occluded>no</occluded><attributes /><parts><hasparts /><ispartof>1</ispartof></parts><date>06-12-21 11:24:03:695</date><id>11</id><polygon><username>anonymous</username><pt><x>1083</x><y>307</y><time>06-12-21 11:23:38:479</time></pt><pt><x>1000</x><y>321</y><time>06-12-21 11:23:39:126</time></pt><pt><x>958</x><y>346</y><time>06-12-21 11:23:39:936</time></pt><pt><x>938</x><y>353</y><time>06-12-21 11:23:40:768</time></pt><pt><x>926</x><y>390</y><time>06-12-21 11:23:43:927</time></pt><pt><x>917</x><y>429</y><time>06-12-21 11:23:44:540</time></pt><pt><x>907</x><y>473</y><time>06-12-21 11:23:45:296</time></pt><pt><x>938</x><y>490</y><time>06-12-21 11:23:45:807</time></pt><pt><x>965</x><y>469</y><time>06-12-21 11:23:46:244</time></pt><pt><x>1025</x><y>478</y><time>06-12-21 11:23:46:824</time></pt><pt><x>1076</x><y>473</y><time>06-12-21 11:23:47:358</time></pt><pt><x>1115</x><y>473</y><time>06-12-21 11:23:47:776</time></pt><pt><x>1150</x><y>487</y><time>06-12-21 11:23:48:106</time></pt><pt><x>1194</x><y>487</y><time>06-12-21 11:23:48:768</time></pt><pt><x>1187</x><y>517</y><time>06-12-21 11:23:49:282</time></pt><pt><x>1215</x><y>520</y><time>06-12-21 11:23:49:725</time></pt><pt><x>1249</x><y>513</y><time>06-12-21 11:23:50:018</time></pt><pt><x>1254</x><y>510</y><time>06-12-21 11:23:50:212</time></pt><pt><x>1275</x><y>496</y><time>06-12-21 11:23:50:526</time></pt><pt><x>1288</x><y>462</y><time>06-12-21 11:23:50:825</time></pt><pt><x>1275</x><y>423</y><time>06-12-21 11:23:51:323</time></pt><pt><x>1268</x><y>369</y><time>06-12-21 11:23:51:736</time></pt><pt><x>1268</x><y>314</y><time>06-12-21 11:23:52:272</time></pt><pt><x>1265</x><y>291</y><time>06-12-21 11:23:52:864</time></pt><pt><x>1240</x><y>289</y><time>06-12-21 11:23:53:400</time></pt><pt><x>1219</x><y>291</y><time>06-12-21 11:23:57:500</time></pt><pt><x>1192</x><y>291</y><time>06-12-21 11:23:58:228</time></pt><pt><x>1143</x><y>266</y><time>06-12-21 11:23:59:616</time></pt><pt><x>1115</x><y>275</y><time>06-12-21 11:24:00:268</time></pt><pt><x>1085</x><y>275</y><time>06-12-21 11:24:00:745</time></pt><closed_date>06-12-21 11:24:01:240</closed_date></polygon></object><object><name>restoration</name><deleted>0</deleted><verified>0</verified><occluded>no</occluded><attributes /><parts><hasparts /><ispartof>3</ispartof></parts><date>06-12-21 11:25:37:987</date><id>12</id><polygon><username>anonymous</username><pt><x>441</x><y>427</y><time>06-12-21 11:25:20:406</time></pt><pt><x>490</x><y>395</y><time>06-12-21 11:25:21:020</time></pt><pt><x>529</x><y>383</y><time>06-12-21 11:25:21:465</time></pt><pt><x>550</x><y>383</y><time>06-12-21 11:25:21:813</time></pt><pt><x>559</x><y>388</y><time>06-12-21 11:25:22:122</time></pt><pt><x>561</x><y>399</y><time>06-12-21 11:25:22:374</time></pt><pt><x>561</x><y>411</y><time>06-12-21 11:25:22:570</time></pt><pt><x>561</x><y>423</y><time>06-12-21 11:25:22:806</time></pt><pt><x>533</x><y>439</y><time>06-12-21 11:25:23:028</time></pt><pt><x>513</x><y>446</y><time>06-12-21 11:25:23:247</time></pt><pt><x>499</x><y>464</y><time>06-12-21 11:25:27:008</time></pt><pt><x>450</x><y>476</y><time>06-12-21 11:25:28:040</time></pt><pt><x>425</x><y>487</y><time>06-12-21 11:25:28:541</time></pt><pt><x>404</x><y>494</y><time>06-12-21 11:25:29:136</time></pt><pt><x>388</x><y>487</y><time>06-12-21 11:25:29:505</time></pt><pt><x>351</x><y>471</y><time>06-12-21 11:25:29:846</time></pt><pt><x>349</x><y>464</y><time>06-12-21 11:25:30:306</time></pt><pt><x>326</x><y>448</y><time>06-12-21 11:25:30:604</time></pt><pt><x>307</x><y>446</y><time>06-12-21 11:25:30:995</time></pt><pt><x>298</x><y>446</y><time>06-12-21 11:25:31:379</time></pt><pt><x>296</x><y>432</y><time>06-12-21 11:25:31:688</time></pt><pt><x>293</x><y>420</y><time>06-12-21 11:25:32:126</time></pt><pt><x>319</x><y>381</y><time>06-12-21 11:25:33:248</time></pt><pt><x>363</x><y>383</y><time>06-12-21 11:25:33:780</time></pt><pt><x>393</x><y>413</y><time>06-12-21 11:25:34:162</time></pt><pt><x>425</x><y>434</y><time>06-12-21 11:25:34:640</time></pt><closed_date>06-12-21 11:25:35:192</closed_date></polygon></object><object><name>restoration</name><deleted>0</deleted><verified>0</verified><occluded>no</occluded><attributes /><parts><hasparts /><ispartof>6</ispartof></parts><date>06-12-21 11:26:56:055</date><id>13</id><polygon><username>anonymous</username><pt><x>1157</x><y>774</y><time>06-12-21 11:26:48:022</time></pt><pt><x>1228</x><y>771</y><time>06-12-21 11:26:48:534</time></pt><pt><x>1288</x><y>746</y><time>06-12-21 11:26:49:012</time></pt><pt><x>1302</x><y>741</y><time>06-12-21 11:26:49:472</time></pt><pt><x>1275</x><y>709</y><time>06-12-21 11:26:50:022</time></pt><pt><x>1240</x><y>688</y><time>06-12-21 11:26:50:487</time></pt><pt><x>1210</x><y>688</y><time>06-12-21 11:26:50:808</time></pt><pt><x>1180</x><y>690</y><time>06-12-21 11:26:51:092</time></pt><pt><x>1166</x><y>700</y><time>06-12-21 11:26:51:378</time></pt><pt><x>1161</x><y>725</y><time>06-12-21 11:26:51:688</time></pt><pt><x>1145</x><y>746</y><time>06-12-21 11:26:51:970</time></pt><closed_date>06-12-21 11:26:52:716</closed_date></polygon></object><imagesize><nrows /><ncols /></imagesize></annotation>