<?xml version='1.0' encoding='UTF-8'?>
<annotation><filename>86.jpg</filename><folder>segmentation_xray</folder><source><sourceImage>The MIT-CSAIL database of objects and scenes</sourceImage><sourceAnnotation>LabelMe Webtool</sourceAnnotation></source><object><name>tooth</name><deleted>0</deleted><verified>0</verified><occluded>no</occluded><attributes>27</attributes><parts><hasparts /><ispartof /></parts><date>08-12-21 20:03:36:534</date><id>0</id><type>bounding_box</type><polygon><username>anonymous</username><pt><x>1431</x><y>536</y><time>08-12-21 20:03:26:302</time></pt><pt><x>1057</x><y>536</y><time>08-12-21 20:03:28:892</time></pt><pt><x>1057</x><y>13</y><time>undefined</time></pt><pt><x>1431</x><y>13</y><time>undefined</time></pt><closed_date>08-12-21 20:03:28:892</closed_date></polygon></object><object><name>tooth</name><deleted>0</deleted><verified>0</verified><occluded>no</occluded><attributes>26</attributes><parts><hasparts>10,11</hasparts><ispartof /></parts><date>08-12-21 20:03:46:669</date><id>1</id><type>bounding_box</type><polygon><username>anonymous</username><pt><x>1079</x><y>565</y><time>08-12-21 20:03:39:469</time></pt><pt><x>656</x><y>565</y><time>08-12-21 20:03:42:252</time></pt><pt><x>656</x><y>9</y><time>undefined</time></pt><pt><x>1079</x><y>9</y><time>undefined</time></pt><closed_date>08-12-21 20:03:42:253</closed_date></polygon></object><object><name>tooth</name><deleted>0</deleted><verified>0</verified><occluded>no</occluded><attributes>25</attributes><parts><hasparts /><ispartof /></parts><date>08-12-21 20:03:55:702</date><id>2</id><type>bounding_box</type><polygon><username>anonymous</username><pt><x>418</x><y>532</y><time>08-12-21 20:03:48:526</time></pt><pt><x>670</x><y>532</y><time>08-12-21 20:03:51:172</time></pt><pt><x>670</x><y>11</y><time>undefined</time></pt><pt><x>418</x><y>11</y><time>undefined</time></pt><closed_date>08-12-21 20:03:51:173</closed_date></polygon></object><object><name>tooth</name><deleted>0</deleted><verified>0</verified><occluded>no</occluded><attributes>24</attributes><parts><hasparts /><ispartof /></parts><date>08-12-21 20:04:09:571</date><id>3</id><type>bounding_box</type><polygon><username>anonymous</username><pt><x>144</x><y>508</y><time>08-12-21 20:03:58:573</time></pt><pt><x>416</x><y>508</y><time>08-12-21 20:04:04:044</time></pt><pt><x>416</x><y>11</y><time>undefined</time></pt><pt><x>144</x><y>11</y><time>undefined</time></pt><closed_date>08-12-21 20:04:04:045</closed_date></polygon></object><object><name>tooth</name><deleted>0</deleted><verified>0</verified><occluded>no</occluded><attributes>23</attributes><parts><hasparts /><ispartof /></parts><date>08-12-21 20:04:19:062</date><id>4</id><type>bounding_box</type><polygon><username>anonymous</username><pt><x>11</x><y>508</y><time>08-12-21 20:04:11:550</time></pt><pt><x>147</x><y>508</y><time>08-12-21 20:04:13:764</time></pt><pt><x>147</x><y>2</y><time>undefined</time></pt><pt><x>11</x><y>2</y><time>undefined</time></pt><closed_date>08-12-21 20:04:13:764</closed_date></polygon></object><object><name>tooth</name><deleted>0</deleted><verified>0</verified><occluded>no</occluded><attributes>37</attributes><parts><hasparts /><ispartof /></parts><date>08-12-21 20:04:35:245</date><id>5</id><type>bounding_box</type><polygon><username>anonymous</username><pt><x>1554</x><y>545</y><time>08-12-21 20:04:21:701</time></pt><pt><x>1092</x><y>545</y><time>08-12-21 20:04:25:844</time></pt><pt><x>1092</x><y>1243</y><time>undefined</time></pt><pt><x>1554</x><y>1243</y><time>undefined</time></pt><closed_date>08-12-21 20:04:25:845</closed_date></polygon></object><object><name>tooth</name><deleted>0</deleted><verified>0</verified><occluded>no</occluded><attributes>36</attributes><parts><hasparts>12</hasparts><ispartof /></parts><date>08-12-21 20:04:53:343</date><id>6</id><type>bounding_box</type><polygon><username>anonymous</username><pt><x>661</x><y>626</y><time>08-12-21 20:04:43:109</time></pt><pt><x>1171</x><y>626</y><time>08-12-21 20:04:47:437</time></pt><pt><x>1171</x><y>1225</y><time>undefined</time></pt><pt><x>661</x><y>1225</y><time>undefined</time></pt><closed_date>08-12-21 20:04:47:437</closed_date></polygon></object><object><name>tooth</name><deleted>0</deleted><verified>0</verified><occluded>no</occluded><attributes>35</attributes><parts><hasparts /><ispartof /></parts><date>08-12-21 20:05:03:942</date><id>7</id><type>bounding_box</type><polygon><username>anonymous</username><pt><x>385</x><y>641</y><time>08-12-21 20:04:55:841</time></pt><pt><x>674</x><y>641</y><time>08-12-21 20:04:59:140</time></pt><pt><x>674</x><y>1234</y><time>undefined</time></pt><pt><x>385</x><y>1234</y><time>undefined</time></pt><closed_date>08-12-21 20:04:59:141</closed_date></polygon></object><object><name>tooth</name><deleted>0</deleted><verified>0</verified><occluded>no</occluded><attributes>34</attributes><parts><hasparts /><ispartof /></parts><date>08-12-21 20:05:15:543</date><id>8</id><type>bounding_box</type><polygon><username>anonymous</username><pt><x>96</x><y>654</y><time>08-12-21 20:05:06:605</time></pt><pt><x>389</x><y>654</y><time>08-12-21 20:05:09:701</time></pt><pt><x>389</x><y>1236</y><time>undefined</time></pt><pt><x>96</x><y>1236</y><time>undefined</time></pt><closed_date>08-12-21 20:05:09:701</closed_date></polygon></object><object><name>tooth</name><deleted>0</deleted><verified>0</verified><occluded>no</occluded><attributes>33</attributes><parts><hasparts /><ispartof /></parts><date>08-12-21 20:05:25:239</date><id>9</id><type>bounding_box</type><polygon><username>anonymous</username><pt><x>13</x><y>676</y><time>08-12-21 20:05:16:687</time></pt><pt><x>225</x><y>676</y><time>08-12-21 20:05:19:429</time></pt><pt><x>225</x><y>1225</y><time>undefined</time></pt><pt><x>13</x><y>1225</y><time>undefined</time></pt><closed_date>08-12-21 20:05:19:429</closed_date></polygon></object><object><name>restoration</name><deleted>0</deleted><verified>0</verified><occluded>no</occluded><attributes /><parts><hasparts /><ispartof>1</ispartof></parts><date>08-12-21 20:06:41:048</date><id>10</id><polygon><username>anonymous</username><pt><x>980</x><y>470</y><time>08-12-21 20:06:31:359</time></pt><pt><x>978</x><y>433</y><time>08-12-21 20:06:31:821</time></pt><pt><x>954</x><y>416</y><time>08-12-21 20:06:32:222</time></pt><pt><x>928</x><y>414</y><time>08-12-21 20:06:32:669</time></pt><pt><x>897</x><y>424</y><time>08-12-21 20:06:33:077</time></pt><pt><x>884</x><y>440</y><time>08-12-21 20:06:33:430</time></pt><pt><x>880</x><y>462</y><time>08-12-21 20:06:33:726</time></pt><pt><x>880</x><y>477</y><time>08-12-21 20:06:33:997</time></pt><pt><x>886</x><y>492</y><time>08-12-21 20:06:34:677</time></pt><pt><x>904</x><y>473</y><time>08-12-21 20:06:35:101</time></pt><pt><x>932</x><y>473</y><time>08-12-21 20:06:35:509</time></pt><pt><x>963</x><y>477</y><time>08-12-21 20:06:35:821</time></pt><closed_date>08-12-21 20:06:36:284</closed_date></polygon></object><object><name>restoration</name><deleted>0</deleted><verified>0</verified><occluded>no</occluded><attributes /><parts><hasparts /><ispartof>1</ispartof></parts><date>08-12-21 20:06:55:367</date><id>11</id><polygon><username>anonymous</username><pt><x>709</x><y>276</y><time>08-12-21 20:06:42:463</time></pt><pt><x>709</x><y>309</y><time>08-12-21 20:06:42:909</time></pt><pt><x>709</x><y>330</y><time>08-12-21 20:06:43:246</time></pt><pt><x>715</x><y>335</y><time>08-12-21 20:06:43:581</time></pt><pt><x>731</x><y>339</y><time>08-12-21 20:06:43:917</time></pt><pt><x>746</x><y>350</y><time>08-12-21 20:06:44:253</time></pt><pt><x>759</x><y>363</y><time>08-12-21 20:06:44:685</time></pt><pt><x>761</x><y>381</y><time>08-12-21 20:06:44:989</time></pt><pt><x>759</x><y>409</y><time>08-12-21 20:06:45:406</time></pt><pt><x>753</x><y>440</y><time>08-12-21 20:06:45:893</time></pt><pt><x>748</x><y>462</y><time>08-12-21 20:06:46:269</time></pt><pt><x>746</x><y>475</y><time>08-12-21 20:06:46:581</time></pt><pt><x>724</x><y>475</y><time>08-12-21 20:06:47:141</time></pt><pt><x>709</x><y>468</y><time>08-12-21 20:06:47:517</time></pt><pt><x>678</x><y>466</y><time>08-12-21 20:06:47:893</time></pt><pt><x>665</x><y>466</y><time>08-12-21 20:06:48:293</time></pt><pt><x>656</x><y>464</y><time>08-12-21 20:06:48:597</time></pt><pt><x>656</x><y>442</y><time>08-12-21 20:06:48:933</time></pt><pt><x>663</x><y>420</y><time>08-12-21 20:06:49:229</time></pt><pt><x>665</x><y>394</y><time>08-12-21 20:06:49:549</time></pt><pt><x>667</x><y>368</y><time>08-12-21 20:06:49:965</time></pt><pt><x>670</x><y>346</y><time>08-12-21 20:06:50:261</time></pt><pt><x>676</x><y>330</y><time>08-12-21 20:06:50:557</time></pt><pt><x>683</x><y>315</y><time>08-12-21 20:06:50:797</time></pt><pt><x>694</x><y>293</y><time>08-12-21 20:06:51:133</time></pt><closed_date>08-12-21 20:06:51:437</closed_date></polygon></object><object><name>restoration</name><deleted>0</deleted><verified>0</verified><occluded>no</occluded><attributes /><parts><hasparts /><ispartof>6</ispartof></parts><date>08-12-21 20:07:17:519</date><id>12</id><polygon><username>anonymous</username><pt><x>731</x><y>947</y><time>08-12-21 20:07:01:582</time></pt><pt><x>744</x><y>930</y><time>08-12-21 20:07:03:189</time></pt><pt><x>753</x><y>936</y><time>08-12-21 20:07:03:629</time></pt><pt><x>770</x><y>950</y><time>08-12-21 20:07:03:950</time></pt><pt><x>796</x><y>950</y><time>08-12-21 20:07:04:341</time></pt><pt><x>810</x><y>941</y><time>08-12-21 20:07:04:590</time></pt><pt><x>825</x><y>921</y><time>08-12-21 20:07:04:797</time></pt><pt><x>831</x><y>906</y><time>08-12-21 20:07:05:029</time></pt><pt><x>845</x><y>884</y><time>08-12-21 20:07:05:231</time></pt><pt><x>849</x><y>856</y><time>08-12-21 20:07:05:589</time></pt><pt><x>853</x><y>831</y><time>08-12-21 20:07:05:861</time></pt><pt><x>851</x><y>823</y><time>08-12-21 20:07:06:085</time></pt><pt><x>847</x><y>805</y><time>08-12-21 20:07:06:301</time></pt><pt><x>842</x><y>786</y><time>08-12-21 20:07:06:517</time></pt><pt><x>842</x><y>772</y><time>08-12-21 20:07:06:741</time></pt><pt><x>838</x><y>748</y><time>08-12-21 20:07:09:061</time></pt><pt><x>840</x><y>735</y><time>08-12-21 20:07:09:405</time></pt><pt><x>827</x><y>733</y><time>08-12-21 20:07:09:797</time></pt><pt><x>803</x><y>726</y><time>08-12-21 20:07:10:189</time></pt><pt><x>781</x><y>720</y><time>08-12-21 20:07:10:574</time></pt><pt><x>753</x><y>718</y><time>08-12-21 20:07:10:862</time></pt><pt><x>733</x><y>722</y><time>08-12-21 20:07:11:111</time></pt><pt><x>724</x><y>735</y><time>08-12-21 20:07:11:325</time></pt><pt><x>720</x><y>744</y><time>08-12-21 20:07:11:517</time></pt><pt><x>705</x><y>751</y><time>08-12-21 20:07:11:725</time></pt><pt><x>685</x><y>753</y><time>08-12-21 20:07:11:966</time></pt><pt><x>685</x><y>753</y><time>08-12-21 20:07:12:157</time></pt><pt><x>694</x><y>816</y><time>08-12-21 20:07:12:727</time></pt><pt><x>698</x><y>856</y><time>08-12-21 20:07:13:077</time></pt><pt><x>709</x><y>893</y><time>08-12-21 20:07:13:382</time></pt><pt><x>720</x><y>921</y><time>08-12-21 20:07:13:726</time></pt><closed_date>08-12-21 20:07:14:113</closed_date></polygon></object><imagesize><nrows /><ncols /></imagesize></annotation>