<?xml version='1.0' encoding='UTF-8'?>
<annotation><filename>88.jpg</filename><folder>segmentation_xray</folder><source><sourceImage>The MIT-CSAIL database of objects and scenes</sourceImage><sourceAnnotation>LabelMe Webtool</sourceAnnotation></source><object><name>tooth</name><deleted>0</deleted><verified>0</verified><occluded>no</occluded><attributes>28</attributes><parts><hasparts /><ispartof /></parts><date>15-12-21 14:09:08:839</date><id>0</id><type>bounding_box</type><polygon><username>anonymous</username><pt><x>1071</x><y>440</y><time>15-12-21 14:08:58:429</time></pt><pt><x>1459</x><y>440</y><time>15-12-21 14:09:03:651</time></pt><pt><x>1459</x><y>15</y><time>undefined</time></pt><pt><x>1071</x><y>15</y><time>undefined</time></pt><closed_date>15-12-21 14:09:03:652</closed_date></polygon></object><object><name>tooth</name><deleted>0</deleted><verified>0</verified><occluded>no</occluded><attributes>27</attributes><parts><hasparts /><ispartof /></parts><date>15-12-21 14:09:18:791</date><id>1</id><type>bounding_box</type><polygon><username>anonymous</username><pt><x>695</x><y>427</y><time>15-12-21 14:09:11:365</time></pt><pt><x>1111</x><y>427</y><time>15-12-21 14:09:14:091</time></pt><pt><x>1111</x><y>9</y><time>undefined</time></pt><pt><x>695</x><y>9</y><time>undefined</time></pt><closed_date>15-12-21 14:09:14:091</closed_date></polygon></object><object><name>tooth</name><deleted>0</deleted><verified>0</verified><occluded>no</occluded><attributes>26</attributes><parts><hasparts /><ispartof /></parts><date>15-12-21 14:09:28:865</date><id>2</id><type>bounding_box</type><polygon><username>anonymous</username><pt><x>290</x><y>412</y><time>15-12-21 14:09:21:909</time></pt><pt><x>725</x><y>412</y><time>15-12-21 14:09:24:703</time></pt><pt><x>725</x><y>7</y><time>undefined</time></pt><pt><x>290</x><y>7</y><time>undefined</time></pt><closed_date>15-12-21 14:09:24:703</closed_date></polygon></object><object><name>tooth</name><deleted>0</deleted><verified>0</verified><occluded>no</occluded><attributes>25</attributes><parts><hasparts /><ispartof /></parts><date>15-12-21 14:09:38:791</date><id>3</id><type>bounding_box</type><polygon><username>anonymous</username><pt><x>41</x><y>333</y><time>15-12-21 14:09:30:373</time></pt><pt><x>294</x><y>333</y><time>15-12-21 14:09:33:494</time></pt><pt><x>294</x><y>11</y><time>undefined</time></pt><pt><x>41</x><y>11</y><time>undefined</time></pt><closed_date>15-12-21 14:09:33:495</closed_date></polygon></object><object><name>tooth</name><deleted>0</deleted><verified>0</verified><occluded>no</occluded><attributes>38</attributes><parts><hasparts /><ispartof /></parts><date>15-12-21 14:09:50:548</date><id>4</id><type>bounding_box</type><polygon><username>anonymous</username><pt><x>1028</x><y>440</y><time>15-12-21 14:09:43:050</time></pt><pt><x>1542</x><y>440</y><time>15-12-21 14:09:45:829</time></pt><pt><x>1542</x><y>1063</y><time>undefined</time></pt><pt><x>1028</x><y>1063</y><time>undefined</time></pt><closed_date>15-12-21 14:09:45:829</closed_date></polygon></object><object><name>tooth</name><deleted>0</deleted><verified>0</verified><occluded>no</occluded><attributes>37</attributes><parts><hasparts /><ispartof /></parts><date>15-12-21 14:10:00:932</date><id>5</id><type>bounding_box</type><polygon><username>anonymous</username><pt><x>621</x><y>507</y><time>15-12-21 14:09:52:916</time></pt><pt><x>1063</x><y>507</y><time>15-12-21 14:09:55:349</time></pt><pt><x>1063</x><y>1237</y><time>undefined</time></pt><pt><x>621</x><y>1237</y><time>undefined</time></pt><closed_date>15-12-21 14:09:55:350</closed_date></polygon></object><object><name>tooth</name><deleted>0</deleted><verified>0</verified><occluded>no</occluded><attributes>36</attributes><parts><hasparts /><ispartof /></parts><date>15-12-21 14:10:20:042</date><id>6</id><type>bounding_box</type><polygon><username>anonymous</username><pt><x>170</x><y>481</y><time>15-12-21 14:10:09:066</time></pt><pt><x>642</x><y>481</y><time>15-12-21 14:10:12:736</time></pt><pt><x>642</x><y>1219</y><time>undefined</time></pt><pt><x>170</x><y>1219</y><time>undefined</time></pt><closed_date>15-12-21 14:10:12:736</closed_date></polygon></object><object><name>tooth</name><deleted>0</deleted><verified>0</verified><occluded>no</occluded><attributes>35</attributes><parts><hasparts /><ispartof /></parts><date>15-12-21 14:10:31:444</date><id>7</id><type>bounding_box</type><polygon><username>anonymous</username><pt><x>0</x><y>444</y><time>15-12-21 14:10:21:353</time></pt><pt><x>209</x><y>444</y><time>15-12-21 14:10:24:947</time></pt><pt><x>209</x><y>1167</y><time>undefined</time></pt><pt><x>0</x><y>1167</y><time>undefined</time></pt><closed_date>15-12-21 14:10:24:947</closed_date></polygon></object><imagesize><nrows /><ncols /></imagesize></annotation>