<?xml version="1.0" encoding="UTF-8"?><annotation><filename>90.jpg</filename><folder>segmentation_xray</folder><source><sourceImage>The MIT-CSAIL database of objects and scenes</sourceImage><sourceAnnotation>LabelMe Webtool</sourceAnnotation></source><object><name>tooth 47</name><deleted>0</deleted><verified>0</verified><occluded>no</occluded><attributes/><parts><hasparts>11</hasparts><ispartof>7</ispartof></parts><date>17-01-22 20:04:32:528</date><id>0</id><type>bounding_box</type><polygon><username>anonymous</username><pt><x>39</x><y>545</y><time>17-01-22 20:04:22:729</time></pt><pt><x>464</x><y>545</y><time>17-01-22 20:04:27:887</time></pt><pt><x>464</x><y>948</y><time>undefined</time></pt><pt><x>39</x><y>948</y><time>undefined</time></pt><closed_date>17-01-22 20:04:27:888</closed_date></polygon></object><object><name>tooth 46</name><deleted>0</deleted><verified>0</verified><occluded>no</occluded><attributes/><parts><hasparts>10</hasparts><ispartof>7</ispartof></parts><date>17-01-22 20:04:44:015</date><id>1</id><type>bounding_box</type><polygon><username>anonymous</username><pt><x>402</x><y>939</y><time>17-01-22 20:04:37:645</time></pt><pt><x>819</x><y>939</y><time>17-01-22 20:04:40:586</time></pt><pt><x>819</x><y>543</y><time>undefined</time></pt><pt><x>402</x><y>543</y><time>undefined</time></pt><closed_date>17-01-22 20:04:40:586</closed_date></polygon></object><object><name>tooth 45</name><deleted>0</deleted><verified>0</verified><occluded>no</occluded><attributes/><parts><hasparts/><ispartof>7</ispartof></parts><date>17-01-22 20:04:52:884</date><id>2</id><type>bounding_box</type><polygon><username>anonymous</username><pt><x>803</x><y>504</y><time>17-01-22 20:04:45:873</time></pt><pt><x>1038</x><y>504</y><time>17-01-22 20:04:48:543</time></pt><pt><x>1038</x><y>948</y><time>undefined</time></pt><pt><x>803</x><y>948</y><time>undefined</time></pt><closed_date>17-01-22 20:04:48:543</closed_date></polygon></object><object><name>tooth 44</name><deleted>0</deleted><verified>0</verified><occluded>no</occluded><attributes/><parts><hasparts/><ispartof>7</ispartof></parts><date>17-01-22 20:05:00:350</date><id>3</id><type>bounding_box</type><polygon><username>anonymous</username><pt><x>1035</x><y>472</y><time>17-01-22 20:04:55:133</time></pt><pt><x>1217</x><y>472</y><time>17-01-22 20:04:57:555</time></pt><pt><x>1217</x><y>932</y><time>undefined</time></pt><pt><x>1035</x><y>932</y><time>undefined</time></pt><closed_date>17-01-22 20:04:57:555</closed_date></polygon></object><object><name>tooth 17</name><deleted>0</deleted><verified>0</verified><occluded>no</occluded><attributes/><parts><hasparts/><ispartof>7</ispartof></parts><date>17-01-22 20:05:09:052</date><id>4</id><type>bounding_box</type><polygon><username>anonymous</username><pt><x>136</x><y>471</y><time>17-01-22 20:05:02:231</time></pt><pt><x>582</x><y>471</y><time>17-01-22 20:05:05:824</time></pt><pt><x>582</x><y>5</y><time>undefined</time></pt><pt><x>136</x><y>5</y><time>undefined</time></pt><closed_date>17-01-22 20:05:05:824</closed_date></polygon></object><object><name>tooth 16</name><deleted>0</deleted><verified>0</verified><occluded>no</occluded><attributes/><parts><hasparts>8</hasparts><ispartof>7</ispartof></parts><date>17-01-22 20:05:19:230</date><id>5</id><type>bounding_box</type><polygon><username>anonymous</username><pt><x>538</x><y>483</y><time>17-01-22 20:05:12:194</time></pt><pt><x>927</x><y>483</y><time>17-01-22 20:05:15:863</time></pt><pt><x>927</x><y>0</y><time>undefined</time></pt><pt><x>538</x><y>0</y><time>undefined</time></pt><closed_date>17-01-22 20:05:15:864</closed_date></polygon></object><object><name>tooth 15</name><deleted>0</deleted><verified>0</verified><occluded>no</occluded><attributes/><parts><hasparts>9</hasparts><ispartof>7</ispartof></parts><date>17-01-22 20:05:26:847</date><id>6</id><type>bounding_box</type><polygon><username>anonymous</username><pt><x>1150</x><y>410</y><time>17-01-22 20:05:21:293</time></pt><pt><x>872</x><y>410</y><time>17-01-22 20:05:23:439</time></pt><pt><x>872</x><y>2</y><time>undefined</time></pt><pt><x>1150</x><y>2</y><time>undefined</time></pt><closed_date>17-01-22 20:05:23:440</closed_date></polygon></object><object><name>tooth</name><deleted>1</deleted><verified>0</verified><occluded>no</occluded><attributes>14</attributes><parts><hasparts>7</hasparts><ispartof>7</ispartof></parts><date>17-01-22 20:05:33:530</date><id>7</id><type>bounding_box</type><polygon><username>anonymous</username><pt><x>1095</x><y>379</y><time>17-01-22 20:05:28:693</time></pt><pt><x>1217</x><y>379</y><time>17-01-22 20:05:30:711</time></pt><pt><x>1217</x><y>12</y><time>undefined</time></pt><pt><x>1095</x><y>12</y><time>undefined</time></pt><closed_date>17-01-22 20:05:30:711</closed_date></polygon></object><imagesize><nrows></nrows><ncols></ncols></imagesize><object><name>restoration</name><deleted>0</deleted><verified>0</verified><occluded>no</occluded><attributes/><parts><hasparts/><ispartof>5</ispartof></parts><date>20-01-22 11:02:26:802</date><id>8</id><polygon><username>anonymous</username><pt><x>604</x><y>252</y><time>20-01-22 11:02:10:143</time></pt><pt><x>634</x><y>255</y><time>20-01-22 11:02:10:727</time></pt><pt><x>675</x><y>269</y><time>20-01-22 11:02:11:376</time></pt><pt><x>711</x><y>296</y><time>20-01-22 11:02:12:000</time></pt><pt><x>743</x><y>319</y><time>20-01-22 11:02:12:449</time></pt><pt><x>808</x><y>296</y><time>20-01-22 11:02:14:032</time></pt><pt><x>825</x><y>274</y><time>20-01-22 11:02:14:440</time></pt><pt><x>841</x><y>250</y><time>20-01-22 11:02:14:792</time></pt><pt><x>857</x><y>229</y><time>20-01-22 11:02:15:152</time></pt><pt><x>882</x><y>229</y><time>20-01-22 11:02:15:576</time></pt><pt><x>922</x><y>331</y><time>20-01-22 11:02:16:648</time></pt><pt><x>900</x><y>351</y><time>20-01-22 11:02:17:520</time></pt><pt><x>877</x><y>394</y><time>20-01-22 11:02:18:305</time></pt><pt><x>865</x><y>404</y><time>20-01-22 11:02:19:424</time></pt><pt><x>836</x><y>402</y><time>20-01-22 11:02:19:840</time></pt><pt><x>810</x><y>411</y><time>20-01-22 11:02:20:328</time></pt><pt><x>788</x><y>439</y><time>20-01-22 11:02:20:834</time></pt><pt><x>753</x><y>459</y><time>20-01-22 11:02:21:279</time></pt><pt><x>731</x><y>461</y><time>20-01-22 11:02:21:696</time></pt><pt><x>685</x><y>447</y><time>20-01-22 11:02:22:200</time></pt><pt><x>658</x><y>432</y><time>20-01-22 11:02:22:616</time></pt><pt><x>646</x><y>421</y><time>20-01-22 11:02:22:992</time></pt><closed_date>20-01-22 11:02:24:112</closed_date></polygon></object><object><name>restoration</name><deleted>0</deleted><verified>0</verified><occluded>no</occluded><attributes/><parts><hasparts/><ispartof>6</ispartof></parts><date>20-01-22 11:02:42:514</date><id>9</id><polygon><username>anonymous</username><pt><x>938</x><y>267</y><time>20-01-22 11:02:28:602</time></pt><pt><x>1000</x><y>294</y><time>20-01-22 11:02:29:488</time></pt><pt><x>1012</x><y>321</y><time>20-01-22 11:02:29:922</time></pt><pt><x>1022</x><y>336</y><time>20-01-22 11:02:31:249</time></pt><pt><x>1064</x><y>307</y><time>20-01-22 11:02:31:944</time></pt><pt><x>1060</x><y>274</y><time>20-01-22 11:02:32:425</time></pt><pt><x>1070</x><y>259</y><time>20-01-22 11:02:32:792</time></pt><pt><x>1082</x><y>240</y><time>20-01-22 11:02:33:216</time></pt><pt><x>1090</x><y>225</y><time>20-01-22 11:02:34:002</time></pt><pt><x>1097</x><y>225</y><time>20-01-22 11:02:35:312</time></pt><pt><x>1145</x><y>309</y><time>20-01-22 11:02:36:424</time></pt><pt><x>1132</x><y>327</y><time>20-01-22 11:02:36:960</time></pt><pt><x>1102</x><y>331</y><time>20-01-22 11:02:37:296</time></pt><pt><x>1089</x><y>349</y><time>20-01-22 11:02:37:712</time></pt><pt><x>1040</x><y>372</y><time>20-01-22 11:02:38:328</time></pt><pt><x>1003</x><y>381</y><time>20-01-22 11:02:38:696</time></pt><pt><x>972</x><y>374</y><time>20-01-22 11:02:39:160</time></pt><pt><x>960</x><y>372</y><time>20-01-22 11:02:39:440</time></pt><pt><x>928</x><y>321</y><time>20-01-22 11:02:40:160</time></pt><pt><x>927</x><y>274</y><time>20-01-22 11:02:40:640</time></pt><closed_date>20-01-22 11:02:40:953</closed_date></polygon></object><object><name>restoration</name><deleted>0</deleted><verified>0</verified><occluded>no</occluded><attributes/><parts><hasparts/><ispartof>1</ispartof></parts><date>20-01-22 11:02:55:667</date><id>10</id><polygon><username>anonymous</username><pt><x>523</x><y>579</y><time>20-01-22 11:02:46:554</time></pt><pt><x>529</x><y>611</y><time>20-01-22 11:02:47:248</time></pt><pt><x>549</x><y>618</y><time>20-01-22 11:02:47:576</time></pt><pt><x>563</x><y>623</y><time>20-01-22 11:02:47:802</time></pt><pt><x>576</x><y>634</y><time>20-01-22 11:02:48:000</time></pt><pt><x>601</x><y>648</y><time>20-01-22 11:02:48:360</time></pt><pt><x>631</x><y>658</y><time>20-01-22 11:02:48:625</time></pt><pt><x>641</x><y>668</y><time>20-01-22 11:02:48:823</time></pt><pt><x>659</x><y>675</y><time>20-01-22 11:02:49:032</time></pt><pt><x>680</x><y>676</y><time>20-01-22 11:02:49:242</time></pt><pt><x>731</x><y>676</y><time>20-01-22 11:02:49:625</time></pt><pt><x>758</x><y>675</y><time>20-01-22 11:02:49:858</time></pt><pt><x>783</x><y>664</y><time>20-01-22 11:02:50:256</time></pt><pt><x>773</x><y>636</y><time>20-01-22 11:02:50:648</time></pt><pt><x>746</x><y>613</y><time>20-01-22 11:02:50:992</time></pt><pt><x>728</x><y>584</y><time>20-01-22 11:02:51:432</time></pt><pt><x>705</x><y>578</y><time>20-01-22 11:02:51:744</time></pt><pt><x>670</x><y>594</y><time>20-01-22 11:02:52:008</time></pt><pt><x>654</x><y>598</y><time>20-01-22 11:02:52:200</time></pt><pt><x>628</x><y>599</y><time>20-01-22 11:02:52:384</time></pt><pt><x>613</x><y>591</y><time>20-01-22 11:02:52:592</time></pt><pt><x>601</x><y>573</y><time>20-01-22 11:02:52:824</time></pt><pt><x>581</x><y>559</y><time>20-01-22 11:02:53:128</time></pt><pt><x>554</x><y>553</y><time>20-01-22 11:02:53:370</time></pt><pt><x>533</x><y>558</y><time>20-01-22 11:02:53:600</time></pt><closed_date>20-01-22 11:02:53:810</closed_date></polygon></object><object><name>restoration</name><deleted>0</deleted><verified>0</verified><occluded>no</occluded><attributes/><parts><hasparts/><ispartof>0</ispartof></parts><date>20-01-22 11:03:05:585</date><id>11</id><polygon><username>anonymous</username><pt><x>217</x><y>623</y><time>20-01-22 11:02:56:642</time></pt><pt><x>264</x><y>664</y><time>20-01-22 11:02:57:298</time></pt><pt><x>294</x><y>691</y><time>20-01-22 11:02:57:817</time></pt><pt><x>286</x><y>733</y><time>20-01-22 11:02:58:384</time></pt><pt><x>287</x><y>771</y><time>20-01-22 11:02:59:585</time></pt><pt><x>316</x><y>781</y><time>20-01-22 11:03:00:000</time></pt><pt><x>351</x><y>753</y><time>20-01-22 11:03:00:626</time></pt><pt><x>361</x><y>701</y><time>20-01-22 11:03:00:984</time></pt><pt><x>376</x><y>685</y><time>20-01-22 11:03:01:232</time></pt><pt><x>391</x><y>675</y><time>20-01-22 11:03:01:472</time></pt><pt><x>384</x><y>648</y><time>20-01-22 11:03:01:840</time></pt><pt><x>342</x><y>621</y><time>20-01-22 11:03:02:144</time></pt><pt><x>294</x><y>604</y><time>20-01-22 11:03:02:472</time></pt><pt><x>257</x><y>583</y><time>20-01-22 11:03:02:896</time></pt><pt><x>234</x><y>581</y><time>20-01-22 11:03:03:384</time></pt><pt><x>219</x><y>593</y><time>20-01-22 11:03:03:673</time></pt><closed_date>20-01-22 11:03:03:883</closed_date></polygon></object><object><name>tooth</name><deleted>0</deleted><verified>0</verified><occluded>no</occluded><attributes>14</attributes><parts><hasparts></hasparts><ispartof></ispartof></parts><date>12-04-22 15:40:09:373</date><id>12</id><type>bounding_box</type><polygon><username>admin</username><pt><x>1213</x><y>392</y><time>12-04-22 15:39:44:108</time></pt><pt><x>1139</x><y>392</y><time>12-04-22 15:40:01:310</time></pt><pt><x>1139</x><y>37</y><time>undefined</time></pt><pt><x>1213</x><y>37</y><time>undefined</time></pt><closed_date>12-04-22 15:40:01:314</closed_date></polygon></object></annotation>