<?xml version='1.0' encoding='UTF-8'?>
<annotation><filename>92.jpg</filename><folder>segmentation_xray</folder><source><sourceImage>The MIT-CSAIL database of objects and scenes</sourceImage><sourceAnnotation>LabelMe Webtool</sourceAnnotation></source><object><name>tooth</name><deleted>0</deleted><verified>0</verified><occluded>no</occluded><attributes>17</attributes><parts><hasparts /><ispartof /></parts><date>07-12-21 15:39:34:728</date><id>0</id><type>bounding_box</type><polygon><username>anonymous</username><pt><x>299</x><y>561</y><time>07-12-21 15:39:00:856</time></pt><pt><x>2</x><y>561</y><time>07-12-21 15:39:08:322</time></pt><pt><x>2</x><y>15</y><time>undefined</time></pt><pt><x>299</x><y>15</y><time>undefined</time></pt><closed_date>07-12-21 15:39:08:322</closed_date></polygon></object><object><name>tooth</name><deleted>0</deleted><verified>0</verified><occluded>no</occluded><attributes>16</attributes><parts><hasparts>10</hasparts><ispartof /></parts><date>07-12-21 15:39:47:138</date><id>1</id><type>bounding_box</type><polygon><username>anonymous</username><pt><x>736</x><y>585</y><time>07-12-21 15:39:36:623</time></pt><pt><x>240</x><y>585</y><time>07-12-21 15:39:40:963</time></pt><pt><x>240</x><y>15</y><time>undefined</time></pt><pt><x>736</x><y>15</y><time>undefined</time></pt><closed_date>07-12-21 15:39:40:963</closed_date></polygon></object><object><name>tooth</name><deleted>0</deleted><verified>0</verified><occluded>no</occluded><attributes>15</attributes><parts><hasparts /><ispartof /></parts><date>07-12-21 15:40:51:422</date><id>2</id><type>bounding_box</type><polygon><username>anonymous</username><pt><x>1016</x><y>572</y><time>07-12-21 15:40:21:203</time></pt><pt><x>714</x><y>572</y><time>07-12-21 15:40:28:021</time></pt><pt><x>714</x><y>11</y><time>undefined</time></pt><pt><x>1016</x><y>11</y><time>undefined</time></pt><closed_date>07-12-21 15:40:28:021</closed_date></polygon></object><object><name>tooth</name><deleted>0</deleted><verified>0</verified><occluded>no</occluded><attributes>14</attributes><parts><hasparts /><ispartof /></parts><date>07-12-21 15:41:22:042</date><id>3</id><type>bounding_box</type><polygon><username>anonymous</username><pt><x>1302</x><y>572</y><time>07-12-21 15:41:08:653</time></pt><pt><x>976</x><y>572</y><time>07-12-21 15:41:14:521</time></pt><pt><x>976</x><y>15</y><time>undefined</time></pt><pt><x>1302</x><y>15</y><time>undefined</time></pt><closed_date>07-12-21 15:41:14:521</closed_date></polygon></object><object><name>tooth</name><deleted>0</deleted><verified>0</verified><occluded>no</occluded><attributes>13</attributes><parts><hasparts /><ispartof /></parts><date>07-12-21 15:41:50:377</date><id>4</id><type>bounding_box</type><polygon><username>anonymous</username><pt><x>1597</x><y>531</y><time>07-12-21 15:41:37:790</time></pt><pt><x>1258</x><y>531</y><time>07-12-21 15:41:44:275</time></pt><pt><x>1258</x><y>15</y><time>undefined</time></pt><pt><x>1597</x><y>15</y><time>undefined</time></pt><closed_date>07-12-21 15:41:44:275</closed_date></polygon></object><object><name>tooth</name><deleted>0</deleted><verified>0</verified><occluded>no</occluded><attributes>43</attributes><parts><hasparts>15</hasparts><ispartof /></parts><date>07-12-21 15:42:33:133</date><id>5</id><type>bounding_box</type><polygon><username>anonymous</username><pt><x>1455</x><y>583</y><time>07-12-21 15:42:18:154</time></pt><pt><x>1599</x><y>583</y><time>07-12-21 15:42:23:159</time></pt><pt><x>1599</x><y>1188</y><time>undefined</time></pt><pt><x>1455</x><y>1188</y><time>undefined</time></pt><closed_date>07-12-21 15:42:23:159</closed_date></polygon></object><object><name>tooth</name><deleted>0</deleted><verified>0</verified><occluded>no</occluded><attributes>44</attributes><parts><hasparts /><ispartof /></parts><date>07-12-21 15:42:55:576</date><id>6</id><type>bounding_box</type><polygon><username>anonymous</username><pt><x>1180</x><y>603</y><time>07-12-21 15:42:41:965</time></pt><pt><x>1490</x><y>603</y><time>07-12-21 15:42:45:766</time></pt><pt><x>1490</x><y>1236</y><time>undefined</time></pt><pt><x>1180</x><y>1236</y><time>undefined</time></pt><closed_date>07-12-21 15:42:45:767</closed_date></polygon></object><object><name>tooth</name><deleted>0</deleted><verified>0</verified><occluded>no</occluded><attributes>45</attributes><parts><hasparts>14</hasparts><ispartof /></parts><date>07-12-21 15:43:08:780</date><id>7</id><type>bounding_box</type><polygon><username>anonymous</username><pt><x>909</x><y>651</y><time>07-12-21 15:42:58:524</time></pt><pt><x>1197</x><y>651</y><time>07-12-21 15:43:02:312</time></pt><pt><x>1197</x><y>1232</y><time>undefined</time></pt><pt><x>909</x><y>1232</y><time>undefined</time></pt><closed_date>07-12-21 15:43:02:312</closed_date></polygon></object><object><name>tooth</name><deleted>0</deleted><verified>0</verified><occluded>no</occluded><attributes>46</attributes><parts><hasparts>12,13</hasparts><ispartof /></parts><date>07-12-21 15:43:49:243</date><id>8</id><type>bounding_box</type><polygon><username>anonymous</username><pt><x>454</x><y>647</y><time>07-12-21 15:43:36:071</time></pt><pt><x>939</x><y>647</y><time>07-12-21 15:43:42:201</time></pt><pt><x>939</x><y>1239</y><time>undefined</time></pt><pt><x>454</x><y>1239</y><time>undefined</time></pt><closed_date>07-12-21 15:43:42:202</closed_date></polygon></object><object><name>tooth</name><deleted>0</deleted><verified>0</verified><occluded>no</occluded><attributes>47</attributes><parts><hasparts>11</hasparts><ispartof /></parts><date>07-12-21 15:44:04:700</date><id>9</id><type>bounding_box</type><polygon><username>anonymous</username><pt><x>37</x><y>594</y><time>07-12-21 15:43:53:078</time></pt><pt><x>522</x><y>594</y><time>07-12-21 15:43:58:495</time></pt><pt><x>522</x><y>1232</y><time>undefined</time></pt><pt><x>37</x><y>1232</y><time>undefined</time></pt><closed_date>07-12-21 15:43:58:495</closed_date></polygon></object><object><name>restoration</name><deleted>0</deleted><verified>0</verified><occluded>no</occluded><attributes /><parts><hasparts /><ispartof>1</ispartof></parts><date>07-12-21 15:45:23:749</date><id>10</id><polygon><username>anonymous</username><pt><x>529</x><y>507</y><time>07-12-21 15:44:09:642</time></pt><pt><x>487</x><y>454</y><time>07-12-21 15:44:11:106</time></pt><pt><x>470</x><y>428</y><time>07-12-21 15:44:11:927</time></pt><pt><x>459</x><y>415</y><time>07-12-21 15:44:12:589</time></pt><pt><x>446</x><y>411</y><time>07-12-21 15:44:13:160</time></pt><pt><x>422</x><y>409</y><time>07-12-21 15:44:13:655</time></pt><pt><x>404</x><y>406</y><time>07-12-21 15:44:14:217</time></pt><pt><x>393</x><y>398</y><time>07-12-21 15:44:14:661</time></pt><pt><x>384</x><y>387</y><time>07-12-21 15:44:15:030</time></pt><pt><x>374</x><y>376</y><time>07-12-21 15:44:15:422</time></pt><pt><x>363</x><y>358</y><time>07-12-21 15:44:15:796</time></pt><pt><x>350</x><y>341</y><time>07-12-21 15:44:16:236</time></pt><pt><x>334</x><y>332</y><time>07-12-21 15:44:16:729</time></pt><pt><x>330</x><y>330</y><time>07-12-21 15:44:47:986</time></pt><pt><x>325</x><y>312</y><time>07-12-21 15:44:48:459</time></pt><pt><x>319</x><y>297</y><time>07-12-21 15:44:48:848</time></pt><pt><x>308</x><y>306</y><time>07-12-21 15:44:49:335</time></pt><pt><x>308</x><y>323</y><time>07-12-21 15:44:49:969</time></pt><pt><x>297</x><y>347</y><time>07-12-21 15:44:50:457</time></pt><pt><x>295</x><y>374</y><time>07-12-21 15:44:50:985</time></pt><pt><x>291</x><y>411</y><time>07-12-21 15:44:51:572</time></pt><pt><x>295</x><y>450</y><time>07-12-21 15:44:52:032</time></pt><pt><x>310</x><y>478</y><time>07-12-21 15:44:58:688</time></pt><pt><x>328</x><y>498</y><time>07-12-21 15:44:59:627</time></pt><pt><x>339</x><y>513</y><time>07-12-21 15:45:00:302</time></pt><pt><x>367</x><y>540</y><time>07-12-21 15:45:00:820</time></pt><pt><x>384</x><y>557</y><time>07-12-21 15:45:01:459</time></pt><pt><x>402</x><y>566</y><time>07-12-21 15:45:02:014</time></pt><pt><x>426</x><y>570</y><time>07-12-21 15:45:02:581</time></pt><pt><x>448</x><y>570</y><time>07-12-21 15:45:03:222</time></pt><pt><x>472</x><y>570</y><time>07-12-21 15:45:03:770</time></pt><pt><x>487</x><y>555</y><time>07-12-21 15:45:04:284</time></pt><pt><x>500</x><y>540</y><time>07-12-21 15:45:04:843</time></pt><pt><x>505</x><y>526</y><time>07-12-21 15:45:05:393</time></pt><closed_date>07-12-21 15:45:06:025</closed_date></polygon></object><object><name>restoration</name><deleted>0</deleted><verified>0</verified><occluded>no</occluded><attributes /><parts><hasparts /><ispartof>9</ispartof></parts><date>07-12-21 15:45:52:435</date><id>11</id><polygon><username>anonymous</username><pt><x>424</x><y>780</y><time>07-12-21 15:45:29:780</time></pt><pt><x>380</x><y>780</y><time>07-12-21 15:45:30:830</time></pt><pt><x>367</x><y>773</y><time>07-12-21 15:45:31:325</time></pt><pt><x>356</x><y>769</y><time>07-12-21 15:45:31:868</time></pt><pt><x>350</x><y>769</y><time>07-12-21 15:45:32:215</time></pt><pt><x>343</x><y>778</y><time>07-12-21 15:45:32:550</time></pt><pt><x>330</x><y>789</y><time>07-12-21 15:45:32:868</time></pt><pt><x>317</x><y>789</y><time>07-12-21 15:45:33:314</time></pt><pt><x>304</x><y>780</y><time>07-12-21 15:45:33:746</time></pt><pt><x>291</x><y>771</y><time>07-12-21 15:45:34:115</time></pt><pt><x>273</x><y>765</y><time>07-12-21 15:45:34:386</time></pt><pt><x>256</x><y>758</y><time>07-12-21 15:45:34:714</time></pt><pt><x>232</x><y>747</y><time>07-12-21 15:45:35:070</time></pt><pt><x>216</x><y>743</y><time>07-12-21 15:45:35:354</time></pt><pt><x>208</x><y>732</y><time>07-12-21 15:45:35:659</time></pt><pt><x>205</x><y>717</y><time>07-12-21 15:45:36:023</time></pt><pt><x>221</x><y>688</y><time>07-12-21 15:45:36:655</time></pt><pt><x>245</x><y>682</y><time>07-12-21 15:45:41:007</time></pt><pt><x>267</x><y>671</y><time>07-12-21 15:45:41:765</time></pt><pt><x>288</x><y>671</y><time>07-12-21 15:45:42:358</time></pt><pt><x>319</x><y>668</y><time>07-12-21 15:45:43:360</time></pt><pt><x>341</x><y>671</y><time>07-12-21 15:45:43:957</time></pt><pt><x>363</x><y>684</y><time>07-12-21 15:45:44:641</time></pt><pt><x>369</x><y>701</y><time>07-12-21 15:45:45:280</time></pt><pt><x>378</x><y>717</y><time>07-12-21 15:45:45:699</time></pt><pt><x>389</x><y>721</y><time>07-12-21 15:45:46:118</time></pt><pt><x>404</x><y>725</y><time>07-12-21 15:45:46:577</time></pt><pt><x>422</x><y>730</y><time>07-12-21 15:45:47:063</time></pt><pt><x>437</x><y>738</y><time>07-12-21 15:45:47:593</time></pt><pt><x>446</x><y>749</y><time>07-12-21 15:45:48:032</time></pt><pt><x>443</x><y>767</y><time>07-12-21 15:45:48:575</time></pt><closed_date>07-12-21 15:45:49:019</closed_date></polygon></object><object><name>restoration</name><deleted>0</deleted><verified>0</verified><occluded>no</occluded><attributes /><parts><hasparts /><ispartof>8</ispartof></parts><date>07-12-21 15:47:20:108</date><id>12</id><polygon><username>anonymous</username><pt><x>559</x><y>679</y><time>07-12-21 15:46:07:600</time></pt><pt><x>559</x><y>723</y><time>07-12-21 15:46:08:656</time></pt><pt><x>564</x><y>745</y><time>07-12-21 15:46:09:212</time></pt><pt><x>585</x><y>754</y><time>07-12-21 15:46:09:811</time></pt><pt><x>616</x><y>771</y><time>07-12-21 15:46:10:458</time></pt><pt><x>642</x><y>778</y><time>07-12-21 15:46:11:017</time></pt><pt><x>675</x><y>782</y><time>07-12-21 15:46:11:621</time></pt><pt><x>717</x><y>797</y><time>07-12-21 15:46:12:966</time></pt><pt><x>749</x><y>806</y><time>07-12-21 15:46:16:882</time></pt><pt><x>786</x><y>813</y><time>07-12-21 15:46:17:586</time></pt><pt><x>817</x><y>830</y><time>07-12-21 15:46:18:119</time></pt><pt><x>834</x><y>848</y><time>07-12-21 15:46:18:763</time></pt><pt><x>841</x><y>883</y><time>07-12-21 15:46:19:305</time></pt><pt><x>848</x><y>907</y><time>07-12-21 15:46:19:772</time></pt><pt><x>859</x><y>913</y><time>07-12-21 15:46:20:951</time></pt><pt><x>878</x><y>935</y><time>07-12-21 15:46:21:539</time></pt><pt><x>893</x><y>950</y><time>07-12-21 15:46:22:835</time></pt><pt><x>889</x><y>966</y><time>07-12-21 15:46:23:706</time></pt><pt><x>907</x><y>976</y><time>07-12-21 15:46:31:498</time></pt><pt><x>926</x><y>939</y><time>07-12-21 15:46:33:305</time></pt><pt><x>931</x><y>911</y><time>07-12-21 15:46:33:938</time></pt><pt><x>931</x><y>887</y><time>07-12-21 15:46:34:413</time></pt><pt><x>933</x><y>854</y><time>07-12-21 15:46:34:873</time></pt><pt><x>939</x><y>821</y><time>07-12-21 15:46:35:506</time></pt><pt><x>939</x><y>795</y><time>07-12-21 15:46:35:972</time></pt><pt><x>922</x><y>767</y><time>07-12-21 15:46:45:636</time></pt><pt><x>922</x><y>747</y><time>07-12-21 15:46:46:305</time></pt><pt><x>907</x><y>727</y><time>07-12-21 15:46:47:065</time></pt><pt><x>889</x><y>712</y><time>07-12-21 15:46:47:857</time></pt><pt><x>865</x><y>697</y><time>07-12-21 15:46:48:379</time></pt><pt><x>843</x><y>690</y><time>07-12-21 15:46:49:049</time></pt><pt><x>808</x><y>686</y><time>07-12-21 15:46:49:841</time></pt><pt><x>786</x><y>679</y><time>07-12-21 15:46:50:328</time></pt><pt><x>771</x><y>677</y><time>07-12-21 15:46:50:810</time></pt><pt><x>751</x><y>673</y><time>07-12-21 15:46:51:290</time></pt><pt><x>719</x><y>668</y><time>07-12-21 15:47:10:310</time></pt><pt><x>690</x><y>668</y><time>07-12-21 15:47:11:014</time></pt><pt><x>642</x><y>662</y><time>07-12-21 15:47:12:609</time></pt><pt><x>612</x><y>668</y><time>07-12-21 15:47:13:603</time></pt><pt><x>579</x><y>671</y><time>07-12-21 15:47:14:090</time></pt><closed_date>07-12-21 15:47:14:725</closed_date></polygon></object><object><name>root canal treatment</name><deleted>0</deleted><verified>0</verified><occluded>no</occluded><attributes /><parts><hasparts /><ispartof>8</ispartof></parts><date>07-12-21 15:49:57:112</date><id>13</id><polygon><username>anonymous</username><pt><x>546</x><y>1215</y><time>07-12-21 15:47:37:262</time></pt><pt><x>570</x><y>1160</y><time>07-12-21 15:47:38:175</time></pt><pt><x>614</x><y>1064</y><time>07-12-21 15:47:48:590</time></pt><pt><x>634</x><y>1025</y><time>07-12-21 15:47:49:374</time></pt><pt><x>655</x><y>1001</y><time>07-12-21 15:47:49:938</time></pt><pt><x>682</x><y>990</y><time>07-12-21 15:47:50:787</time></pt><pt><x>697</x><y>983</y><time>07-12-21 15:47:51:379</time></pt><pt><x>703</x><y>972</y><time>07-12-21 15:47:52:502</time></pt><pt><x>732</x><y>1001</y><time>07-12-21 15:49:28:745</time></pt><pt><x>751</x><y>1005</y><time>07-12-21 15:49:29:623</time></pt><pt><x>765</x><y>990</y><time>07-12-21 15:49:30:172</time></pt><pt><x>784</x><y>979</y><time>07-12-21 15:49:30:708</time></pt><pt><x>795</x><y>970</y><time>07-12-21 15:49:31:231</time></pt><pt><x>824</x><y>952</y><time>07-12-21 15:49:31:905</time></pt><pt><x>824</x><y>942</y><time>07-12-21 15:49:32:448</time></pt><pt><x>841</x><y>946</y><time>07-12-21 15:49:33:007</time></pt><pt><x>856</x><y>946</y><time>07-12-21 15:49:33:499</time></pt><pt><x>865</x><y>926</y><time>07-12-21 15:49:34:155</time></pt><pt><x>837</x><y>876</y><time>07-12-21 15:49:36:855</time></pt><pt><x>832</x><y>850</y><time>07-12-21 15:49:37:718</time></pt><pt><x>821</x><y>837</y><time>07-12-21 15:49:38:296</time></pt><pt><x>806</x><y>826</y><time>07-12-21 15:49:38:792</time></pt><pt><x>778</x><y>821</y><time>07-12-21 15:49:39:201</time></pt><pt><x>751</x><y>813</y><time>07-12-21 15:49:39:907</time></pt><pt><x>734</x><y>804</y><time>07-12-21 15:49:40:399</time></pt><pt><x>710</x><y>802</y><time>07-12-21 15:49:40:873</time></pt><pt><x>695</x><y>802</y><time>07-12-21 15:49:41:373</time></pt><pt><x>695</x><y>821</y><time>07-12-21 15:49:41:925</time></pt><pt><x>679</x><y>832</y><time>07-12-21 15:49:42:376</time></pt><pt><x>660</x><y>843</y><time>07-12-21 15:49:43:058</time></pt><pt><x>644</x><y>850</y><time>07-12-21 15:49:43:511</time></pt><pt><x>634</x><y>856</y><time>07-12-21 15:49:43:949</time></pt><pt><x>620</x><y>872</y><time>07-12-21 15:49:44:465</time></pt><pt><x>614</x><y>889</y><time>07-12-21 15:49:45:406</time></pt><pt><x>614</x><y>911</y><time>07-12-21 15:49:45:941</time></pt><pt><x>612</x><y>924</y><time>07-12-21 15:49:46:434</time></pt><pt><x>623</x><y>948</y><time>07-12-21 15:49:47:067</time></pt><pt><x>623</x><y>963</y><time>07-12-21 15:49:47:702</time></pt><pt><x>609</x><y>985</y><time>07-12-21 15:49:48:244</time></pt><pt><x>603</x><y>1011</y><time>07-12-21 15:49:48:885</time></pt><pt><x>596</x><y>1040</y><time>07-12-21 15:49:49:422</time></pt><pt><x>588</x><y>1077</y><time>07-12-21 15:49:50:130</time></pt><pt><x>568</x><y>1118</y><time>07-12-21 15:49:51:036</time></pt><pt><x>557</x><y>1153</y><time>07-12-21 15:49:51:634</time></pt><pt><x>546</x><y>1184</y><time>07-12-21 15:49:52:493</time></pt><closed_date>07-12-21 15:49:53:064</closed_date></polygon></object><object><name>root canal treatment</name><deleted>0</deleted><verified>0</verified><occluded>no</occluded><attributes /><parts><hasparts /><ispartof>7</ispartof></parts><date>07-12-21 15:51:02:551</date><id>14</id><polygon><username>anonymous</username><pt><x>952</x><y>872</y><time>07-12-21 15:50:36:038</time></pt><pt><x>994</x><y>856</y><time>07-12-21 15:50:41:259</time></pt><pt><x>1005</x><y>830</y><time>07-12-21 15:50:41:927</time></pt><pt><x>1007</x><y>813</y><time>07-12-21 15:50:42:492</time></pt><pt><x>1009</x><y>795</y><time>07-12-21 15:50:42:922</time></pt><pt><x>1014</x><y>773</y><time>07-12-21 15:50:43:515</time></pt><pt><x>1022</x><y>762</y><time>07-12-21 15:50:44:038</time></pt><pt><x>1035</x><y>756</y><time>07-12-21 15:50:44:629</time></pt><pt><x>1051</x><y>762</y><time>07-12-21 15:50:45:173</time></pt><pt><x>1068</x><y>765</y><time>07-12-21 15:50:45:639</time></pt><pt><x>1088</x><y>765</y><time>07-12-21 15:50:46:104</time></pt><pt><x>1101</x><y>760</y><time>07-12-21 15:50:46:570</time></pt><pt><x>1112</x><y>745</y><time>07-12-21 15:50:47:142</time></pt><pt><x>1114</x><y>736</y><time>07-12-21 15:50:47:643</time></pt><pt><x>1125</x><y>723</y><time>07-12-21 15:50:48:138</time></pt><pt><x>1136</x><y>719</y><time>07-12-21 15:50:48:583</time></pt><pt><x>1134</x><y>714</y><time>07-12-21 15:50:49:169</time></pt><pt><x>1121</x><y>703</y><time>07-12-21 15:50:49:704</time></pt><pt><x>1094</x><y>697</y><time>07-12-21 15:50:50:346</time></pt><pt><x>1079</x><y>692</y><time>07-12-21 15:50:50:889</time></pt><pt><x>1057</x><y>692</y><time>07-12-21 15:50:51:370</time></pt><pt><x>1040</x><y>692</y><time>07-12-21 15:50:51:794</time></pt><pt><x>1027</x><y>695</y><time>07-12-21 15:50:52:248</time></pt><pt><x>1016</x><y>699</y><time>07-12-21 15:50:52:678</time></pt><pt><x>994</x><y>706</y><time>07-12-21 15:50:53:152</time></pt><pt><x>981</x><y>714</y><time>07-12-21 15:50:53:599</time></pt><pt><x>968</x><y>725</y><time>07-12-21 15:50:54:098</time></pt><pt><x>959</x><y>734</y><time>07-12-21 15:50:54:460</time></pt><pt><x>942</x><y>751</y><time>07-12-21 15:50:54:873</time></pt><pt><x>937</x><y>765</y><time>07-12-21 15:50:55:440</time></pt><pt><x>931</x><y>782</y><time>07-12-21 15:50:55:909</time></pt><pt><x>931</x><y>802</y><time>07-12-21 15:50:56:472</time></pt><pt><x>928</x><y>832</y><time>07-12-21 15:50:56:939</time></pt><pt><x>928</x><y>854</y><time>07-12-21 15:50:57:421</time></pt><pt><x>933</x><y>880</y><time>07-12-21 15:50:57:984</time></pt><closed_date>07-12-21 15:50:58:542</closed_date></polygon></object><object><name>restoration</name><deleted>0</deleted><verified>0</verified><occluded>no</occluded><attributes /><parts><hasparts /><ispartof>5</ispartof></parts><date>07-12-21 15:51:39:359</date><id>15</id><polygon><username>anonymous</username><pt><x>1516</x><y>734</y><time>07-12-21 15:51:23:996</time></pt><pt><x>1549</x><y>734</y><time>07-12-21 15:51:24:503</time></pt><pt><x>1564</x><y>719</y><time>07-12-21 15:51:24:972</time></pt><pt><x>1582</x><y>710</y><time>07-12-21 15:51:25:373</time></pt><pt><x>1588</x><y>706</y><time>07-12-21 15:51:25:806</time></pt><pt><x>1597</x><y>697</y><time>07-12-21 15:51:26:264</time></pt><pt><x>1597</x><y>684</y><time>07-12-21 15:51:26:863</time></pt><pt><x>1599</x><y>655</y><time>07-12-21 15:51:27:853</time></pt><pt><x>1599</x><y>638</y><time>07-12-21 15:51:28:362</time></pt><pt><x>1599</x><y>616</y><time>07-12-21 15:51:28:792</time></pt><pt><x>1599</x><y>596</y><time>07-12-21 15:51:29:316</time></pt><pt><x>1595</x><y>590</y><time>07-12-21 15:51:30:541</time></pt><pt><x>1582</x><y>590</y><time>07-12-21 15:51:30:988</time></pt><pt><x>1573</x><y>590</y><time>07-12-21 15:51:31:398</time></pt><pt><x>1544</x><y>596</y><time>07-12-21 15:51:31:870</time></pt><pt><x>1531</x><y>609</y><time>07-12-21 15:51:32:353</time></pt><pt><x>1510</x><y>620</y><time>07-12-21 15:51:32:733</time></pt><pt><x>1494</x><y>636</y><time>07-12-21 15:51:33:124</time></pt><pt><x>1485</x><y>653</y><time>07-12-21 15:51:33:584</time></pt><pt><x>1483</x><y>671</y><time>07-12-21 15:51:33:939</time></pt><pt><x>1483</x><y>686</y><time>07-12-21 15:51:34:352</time></pt><pt><x>1496</x><y>708</y><time>07-12-21 15:51:34:878</time></pt><pt><x>1503</x><y>721</y><time>07-12-21 15:51:35:221</time></pt><closed_date>07-12-21 15:51:35:554</closed_date></polygon></object><imagesize><nrows /><ncols /></imagesize></annotation>