<?xml version='1.0' encoding='UTF-8'?>
<annotation><filename>98.jpg</filename><folder>segmentation_xray</folder><source><sourceImage>The MIT-CSAIL database of objects and scenes</sourceImage><sourceAnnotation>LabelMe Webtool</sourceAnnotation></source><object><name>tooth 17</name><deleted>0</deleted><verified>0</verified><occluded>no</occluded><attributes /><parts><hasparts>7</hasparts><ispartof /></parts><date>10-01-22 16:33:32:073</date><id>0</id><type>bounding_box</type><polygon><username>anonymous</username><pt><x>325</x><y>538</y><time>10-01-22 16:33:22:160</time></pt><pt><x>747</x><y>538</y><time>10-01-22 16:33:24:019</time></pt><pt><x>747</x><y>1</y><time>undefined</time></pt><pt><x>325</x><y>1</y><time>undefined</time></pt><closed_date>10-01-22 16:33:24:020</closed_date></polygon></object><object><name>tooth 16</name><deleted>0</deleted><verified>0</verified><occluded>no</occluded><attributes /><parts><hasparts>8</hasparts><ispartof /></parts><date>10-01-22 16:33:41:129</date><id>1</id><type>bounding_box</type><polygon><username>anonymous</username><pt><x>1219</x><y>536</y><time>10-01-22 16:33:34:680</time></pt><pt><x>730</x><y>536</y><time>10-01-22 16:33:37:473</time></pt><pt><x>730</x><y>5</y><time>undefined</time></pt><pt><x>1219</x><y>5</y><time>undefined</time></pt><closed_date>10-01-22 16:33:37:473</closed_date></polygon></object><object><name>tooth 15</name><deleted>0</deleted><verified>0</verified><occluded>no</occluded><attributes /><parts><hasparts>10,9</hasparts><ispartof /></parts><date>10-01-22 16:33:48:413</date><id>2</id><type>bounding_box</type><polygon><username>anonymous</username><pt><x>1514</x><y>522</y><time>10-01-22 16:33:42:483</time></pt><pt><x>1206</x><y>522</y><time>10-01-22 16:33:44:694</time></pt><pt><x>1206</x><y>2</y><time>undefined</time></pt><pt><x>1514</x><y>2</y><time>undefined</time></pt><closed_date>10-01-22 16:33:44:694</closed_date></polygon></object><object><name>tooth 14</name><deleted>0</deleted><verified>0</verified><occluded>no</occluded><attributes /><parts><hasparts>11</hasparts><ispartof /></parts><date>10-01-22 16:33:56:160</date><id>3</id><type>bounding_box</type><polygon><username>anonymous</username><pt><x>1495</x><y>494</y><time>10-01-22 16:33:49:732</time></pt><pt><x>1616</x><y>494</y><time>10-01-22 16:33:52:861</time></pt><pt><x>1616</x><y>63</y><time>undefined</time></pt><pt><x>1495</x><y>63</y><time>undefined</time></pt><closed_date>10-01-22 16:33:52:861</closed_date></polygon></object><object><name>tooth 47</name><deleted>0</deleted><verified>0</verified><occluded>no</occluded><attributes /><parts><hasparts>16</hasparts><ispartof /></parts><date>10-01-22 16:34:06:993</date><id>4</id><type>bounding_box</type><polygon><username>anonymous</username><pt><x>326.99999999999994</x><y>596</y><time>10-01-22 16:33:57:938</time></pt><pt><x>823</x><y>596</y><time>10-01-22 16:34:01:700</time></pt><pt><x>823</x><y>1233</y><time>undefined</time></pt><pt><x>326.99999999999994</x><y>1233</y><time>undefined</time></pt><closed_date>10-01-22 16:34:01:701</closed_date></polygon></object><object><name>tooth 46</name><deleted>0</deleted><verified>0</verified><occluded>no</occluded><attributes /><parts><hasparts>13,14,15</hasparts><ispartof /></parts><date>10-01-22 16:34:17:629</date><id>5</id><type>bounding_box</type><polygon><username>anonymous</username><pt><x>835</x><y>619</y><time>10-01-22 16:34:08:659</time></pt><pt><x>1333</x><y>619</y><time>10-01-22 16:34:13:737</time></pt><pt><x>1333</x><y>1240</y><time>undefined</time></pt><pt><x>835</x><y>1240</y><time>undefined</time></pt><closed_date>10-01-22 16:34:13:737</closed_date></polygon></object><object><name>tooth 45</name><deleted>0</deleted><verified>0</verified><occluded>no</occluded><attributes /><parts><hasparts>12</hasparts><ispartof /></parts><date>10-01-22 16:34:25:490</date><id>6</id><type>bounding_box</type><polygon><username>anonymous</username><pt><x>1326</x><y>621</y><time>10-01-22 16:34:19:494</time></pt><pt><x>1616</x><y>621</y><time>10-01-22 16:34:22:108</time></pt><pt><x>1616</x><y>1238</y><time>undefined</time></pt><pt><x>1326</x><y>1238</y><time>undefined</time></pt><closed_date>10-01-22 16:34:22:108</closed_date></polygon></object><object><name>restoration</name><deleted>0</deleted><verified>0</verified><occluded>no</occluded><attributes /><parts><hasparts /><ispartof>0</ispartof></parts><date>10-01-22 16:35:02:845</date><id>7</id><polygon><username>anonymous</username><pt><x>651</x><y>399</y><time>10-01-22 16:34:47:286</time></pt><pt><x>635</x><y>366</y><time>10-01-22 16:34:48:478</time></pt><pt><x>635</x><y>338</y><time>10-01-22 16:34:48:994</time></pt><pt><x>649</x><y>304</y><time>10-01-22 16:34:49:592</time></pt><pt><x>668</x><y>299</y><time>10-01-22 16:34:50:161</time></pt><pt><x>693</x><y>292</y><time>10-01-22 16:34:50:561</time></pt><pt><x>723</x><y>292</y><time>10-01-22 16:34:50:959</time></pt><pt><x>747</x><y>327</y><time>10-01-22 16:34:51:751</time></pt><pt><x>749</x><y>376</y><time>10-01-22 16:34:52:123</time></pt><pt><x>763</x><y>417</y><time>10-01-22 16:34:52:413</time></pt><pt><x>774</x><y>443</y><time>10-01-22 16:34:52:836</time></pt><pt><x>756</x><y>461</y><time>10-01-22 16:34:53:069</time></pt><pt><x>709</x><y>487</y><time>10-01-22 16:34:54:232</time></pt><pt><x>645</x><y>505</y><time>10-01-22 16:34:55:485</time></pt><pt><x>619</x><y>503</y><time>10-01-22 16:34:56:006</time></pt><pt><x>600</x><y>482</y><time>10-01-22 16:34:56:381</time></pt><pt><x>633</x><y>394</y><time>10-01-22 16:34:57:226</time></pt><closed_date>10-01-22 16:34:59:974</closed_date></polygon></object><object><name>restoration</name><deleted>0</deleted><verified>0</verified><occluded>no</occluded><attributes /><parts><hasparts /><ispartof>1</ispartof></parts><date>10-01-22 16:35:59:644</date><id>8</id><polygon><username>anonymous</username><pt><x>777</x><y>332</y><time>10-01-22 16:35:23:576</time></pt><pt><x>802</x><y>297</y><time>10-01-22 16:35:24:172</time></pt><pt><x>832</x><y>299</y><time>10-01-22 16:35:29:897</time></pt><pt><x>872</x><y>315</y><time>10-01-22 16:35:30:311</time></pt><pt><x>883</x><y>352</y><time>10-01-22 16:35:30:604</time></pt><pt><x>879</x><y>376</y><time>10-01-22 16:35:30:846</time></pt><pt><x>876</x><y>401</y><time>10-01-22 16:35:31:083</time></pt><pt><x>867</x><y>424</y><time>10-01-22 16:35:31:328</time></pt><pt><x>927</x><y>436</y><time>10-01-22 16:35:31:688</time></pt><pt><x>923</x><y>413</y><time>10-01-22 16:35:32:267</time></pt><pt><x>955</x><y>385</y><time>10-01-22 16:35:32:621</time></pt><pt><x>988</x><y>392</y><time>10-01-22 16:35:33:060</time></pt><pt><x>988</x><y>355</y><time>10-01-22 16:35:33:688</time></pt><pt><x>1018</x><y>348</y><time>10-01-22 16:35:34:037</time></pt><pt><x>1060</x><y>336</y><time>10-01-22 16:35:34:289</time></pt><pt><x>1113</x><y>359</y><time>10-01-22 16:35:38:901</time></pt><pt><x>1136</x><y>383</y><time>10-01-22 16:35:40:210</time></pt><pt><x>1143</x><y>396</y><time>10-01-22 16:35:40:769</time></pt><pt><x>1171</x><y>424</y><time>10-01-22 16:35:41:301</time></pt><pt><x>1175</x><y>427</y><time>10-01-22 16:35:41:629</time></pt><pt><x>1171</x><y>389</y><time>10-01-22 16:35:42:257</time></pt><pt><x>1168</x><y>362</y><time>10-01-22 16:35:42:869</time></pt><pt><x>1168</x><y>320</y><time>10-01-22 16:35:43:347</time></pt><pt><x>1192</x><y>315</y><time>10-01-22 16:35:43:734</time></pt><pt><x>1213</x><y>357</y><time>10-01-22 16:35:44:201</time></pt><pt><x>1217</x><y>413</y><time>10-01-22 16:35:44:793</time></pt><pt><x>1222</x><y>450</y><time>10-01-22 16:35:45:293</time></pt><pt><x>1145</x><y>501</y><time>10-01-22 16:35:46:073</time></pt><pt><x>1083</x><y>531</y><time>10-01-22 16:35:47:309</time></pt><pt><x>999</x><y>494</y><time>10-01-22 16:35:48:469</time></pt><pt><x>958</x><y>503</y><time>10-01-22 16:35:52:829</time></pt><pt><x>932</x><y>515</y><time>10-01-22 16:35:53:349</time></pt><pt><x>895</x><y>524</y><time>10-01-22 16:35:53:710</time></pt><pt><x>842</x><y>508</y><time>10-01-22 16:35:54:100</time></pt><pt><x>811</x><y>498</y><time>10-01-22 16:35:54:477</time></pt><pt><x>802</x><y>480</y><time>10-01-22 16:35:54:773</time></pt><pt><x>779</x><y>466</y><time>10-01-22 16:35:55:013</time></pt><pt><x>763</x><y>464</y><time>10-01-22 16:35:55:229</time></pt><pt><x>753</x><y>457</y><time>10-01-22 16:35:55:445</time></pt><pt><x>735</x><y>438</y><time>10-01-22 16:35:55:678</time></pt><closed_date>10-01-22 16:35:56:445</closed_date></polygon></object><object><name>restoration</name><deleted>0</deleted><verified>0</verified><occluded>no</occluded><attributes /><parts><hasparts /><ispartof>2</ispartof></parts><date>10-01-22 16:36:28:363</date><id>9</id><polygon><username>anonymous</username><pt><x>1231</x><y>227</y><time>10-01-22 16:36:15:059</time></pt><pt><x>1257</x><y>250</y><time>10-01-22 16:36:16:185</time></pt><pt><x>1301</x><y>255</y><time>10-01-22 16:36:16:635</time></pt><pt><x>1328</x><y>301</y><time>10-01-22 16:36:17:157</time></pt><pt><x>1333</x><y>345</y><time>10-01-22 16:36:17:547</time></pt><pt><x>1340</x><y>378</y><time>10-01-22 16:36:17:953</time></pt><pt><x>1335</x><y>424</y><time>10-01-22 16:36:18:382</time></pt><pt><x>1317</x><y>464</y><time>10-01-22 16:36:19:597</time></pt><pt><x>1298</x><y>480</y><time>10-01-22 16:36:21:797</time></pt><pt><x>1268</x><y>464</y><time>10-01-22 16:36:22:556</time></pt><pt><x>1243</x><y>441</y><time>10-01-22 16:36:22:997</time></pt><pt><x>1217</x><y>408</y><time>10-01-22 16:36:23:449</time></pt><pt><x>1213</x><y>355</y><time>10-01-22 16:36:23:960</time></pt><pt><x>1213</x><y>308</y><time>10-01-22 16:36:24:541</time></pt><closed_date>10-01-22 16:36:25:237</closed_date></polygon></object><object><name>restoration</name><deleted>0</deleted><verified>0</verified><occluded>no</occluded><attributes /><parts><hasparts /><ispartof>2</ispartof></parts><date>10-01-22 16:36:51:484</date><id>10</id><polygon><username>anonymous</username><pt><x>1379</x><y>322</y><time>10-01-22 16:36:31:908</time></pt><pt><x>1382</x><y>274</y><time>10-01-22 16:36:32:821</time></pt><pt><x>1407</x><y>269</y><time>10-01-22 16:36:36:317</time></pt><pt><x>1430</x><y>274</y><time>10-01-22 16:36:36:805</time></pt><pt><x>1447</x><y>290</y><time>10-01-22 16:36:37:181</time></pt><pt><x>1444</x><y>239</y><time>10-01-22 16:36:37:603</time></pt><pt><x>1435</x><y>216</y><time>10-01-22 16:36:37:997</time></pt><pt><x>1437</x><y>197</y><time>10-01-22 16:36:39:305</time></pt><pt><x>1465</x><y>255</y><time>10-01-22 16:36:39:956</time></pt><pt><x>1486</x><y>311</y><time>10-01-22 16:36:40:492</time></pt><pt><x>1495</x><y>334</y><time>10-01-22 16:36:40:738</time></pt><pt><x>1498</x><y>345</y><time>10-01-22 16:36:40:957</time></pt><pt><x>1505</x><y>406</y><time>10-01-22 16:36:41:209</time></pt><pt><x>1514</x><y>427</y><time>10-01-22 16:36:41:390</time></pt><pt><x>1486</x><y>454</y><time>10-01-22 16:36:42:091</time></pt><pt><x>1454</x><y>475</y><time>10-01-22 16:36:42:413</time></pt><pt><x>1437</x><y>478</y><time>10-01-22 16:36:42:669</time></pt><pt><x>1424</x><y>482</y><time>10-01-22 16:36:42:941</time></pt><pt><x>1400</x><y>471</y><time>10-01-22 16:36:43:155</time></pt><pt><x>1396</x><y>434</y><time>10-01-22 16:36:43:419</time></pt><pt><x>1396</x><y>336</y><time>10-01-22 16:36:43:761</time></pt><closed_date>10-01-22 16:36:48:370</closed_date></polygon></object><object><name>restoration</name><deleted>0</deleted><verified>0</verified><occluded>no</occluded><attributes /><parts><hasparts /><ispartof>3</ispartof></parts><date>10-01-22 16:37:16:629</date><id>11</id><polygon><username>anonymous</username><pt><x>1528</x><y>292</y><time>10-01-22 16:37:04:242</time></pt><pt><x>1574</x><y>308</y><time>10-01-22 16:37:05:808</time></pt><pt><x>1581</x><y>352</y><time>10-01-22 16:37:06:435</time></pt><pt><x>1583</x><y>378</y><time>10-01-22 16:37:07:094</time></pt><pt><x>1600</x><y>392</y><time>10-01-22 16:37:07:576</time></pt><pt><x>1595</x><y>431</y><time>10-01-22 16:37:08:084</time></pt><pt><x>1567</x><y>471</y><time>10-01-22 16:37:09:049</time></pt><pt><x>1532</x><y>415</y><time>10-01-22 16:37:09:971</time></pt><pt><x>1514</x><y>408</y><time>10-01-22 16:37:10:557</time></pt><pt><x>1498</x><y>308</y><time>10-01-22 16:37:12:522</time></pt><closed_date>10-01-22 16:37:13:243</closed_date></polygon></object><object><name>restoration</name><deleted>0</deleted><verified>0</verified><occluded>no</occluded><attributes /><parts><hasparts /><ispartof>6</ispartof></parts><date>10-01-22 16:37:44:095</date><id>12</id><polygon><username>anonymous</username><pt><x>1437</x><y>707</y><time>10-01-22 16:37:35:583</time></pt><pt><x>1433</x><y>744</y><time>10-01-22 16:37:36:054</time></pt><pt><x>1433</x><y>786</y><time>10-01-22 16:37:36:480</time></pt><pt><x>1424</x><y>795</y><time>10-01-22 16:37:36:725</time></pt><pt><x>1419</x><y>818</y><time>10-01-22 16:37:36:992</time></pt><pt><x>1412</x><y>832</y><time>10-01-22 16:37:37:369</time></pt><pt><x>1393</x><y>844</y><time>10-01-22 16:37:37:721</time></pt><pt><x>1377</x><y>830</y><time>10-01-22 16:37:38:117</time></pt><pt><x>1352</x><y>828</y><time>10-01-22 16:37:38:531</time></pt><pt><x>1345</x><y>818</y><time>10-01-22 16:37:38:838</time></pt><pt><x>1338</x><y>795</y><time>10-01-22 16:37:39:065</time></pt><pt><x>1331</x><y>777</y><time>10-01-22 16:37:39:315</time></pt><pt><x>1331</x><y>721</y><time>10-01-22 16:37:39:723</time></pt><pt><x>1331</x><y>698</y><time>10-01-22 16:37:40:057</time></pt><pt><x>1361</x><y>693</y><time>10-01-22 16:37:40:401</time></pt><closed_date>10-01-22 16:37:41:317</closed_date></polygon></object><object><name>restoration</name><deleted>0</deleted><verified>0</verified><occluded>no</occluded><attributes /><parts><hasparts /><ispartof>5</ispartof></parts><date>10-01-22 16:38:23:107</date><id>13</id><polygon><username>anonymous</username><pt><x>846</x><y>818</y><time>10-01-22 16:38:14:232</time></pt><pt><x>865</x><y>851</y><time>10-01-22 16:38:14:780</time></pt><pt><x>900</x><y>839</y><time>10-01-22 16:38:16:218</time></pt><pt><x>925</x><y>825</y><time>10-01-22 16:38:16:845</time></pt><pt><x>930</x><y>807</y><time>10-01-22 16:38:17:190</time></pt><pt><x>937</x><y>774</y><time>10-01-22 16:38:17:508</time></pt><pt><x>937</x><y>758</y><time>10-01-22 16:38:17:790</time></pt><pt><x>916</x><y>726</y><time>10-01-22 16:38:18:015</time></pt><pt><x>890</x><y>707</y><time>10-01-22 16:38:18:247</time></pt><pt><x>853</x><y>698</y><time>10-01-22 16:38:18:452</time></pt><pt><x>832</x><y>698</y><time>10-01-22 16:38:18:666</time></pt><closed_date>10-01-22 16:38:20:078</closed_date></polygon></object><object><name>restoration</name><deleted>0</deleted><verified>0</verified><occluded>no</occluded><attributes /><parts><hasparts /><ispartof>5</ispartof></parts><date>10-01-22 16:38:32:352</date><id>14</id><polygon><username>anonymous</username><pt><x>1057</x><y>702</y><time>10-01-22 16:38:26:104</time></pt><pt><x>1062</x><y>730</y><time>10-01-22 16:38:26:629</time></pt><pt><x>1066</x><y>744</y><time>10-01-22 16:38:27:034</time></pt><pt><x>1097</x><y>751</y><time>10-01-22 16:38:27:284</time></pt><pt><x>1122</x><y>742</y><time>10-01-22 16:38:27:501</time></pt><pt><x>1138</x><y>733</y><time>10-01-22 16:38:27:726</time></pt><pt><x>1148</x><y>719</y><time>10-01-22 16:38:27:914</time></pt><pt><x>1148</x><y>700</y><time>10-01-22 16:38:28:117</time></pt><pt><x>1106</x><y>670</y><time>10-01-22 16:38:28:341</time></pt><closed_date>10-01-22 16:38:29:173</closed_date></polygon></object><object><name>restoration</name><deleted>0</deleted><verified>0</verified><occluded>no</occluded><attributes /><parts><hasparts /><ispartof>5</ispartof></parts><date>10-01-22 16:38:51:575</date><id>15</id><polygon><username>anonymous</username><pt><x>1261</x><y>730</y><time>10-01-22 16:38:42:437</time></pt><pt><x>1259</x><y>765</y><time>10-01-22 16:38:43:206</time></pt><pt><x>1264</x><y>804</y><time>10-01-22 16:38:43:550</time></pt><pt><x>1282</x><y>811</y><time>10-01-22 16:38:43:773</time></pt><pt><x>1287</x><y>821</y><time>10-01-22 16:38:44:024</time></pt><pt><x>1310</x><y>811</y><time>10-01-22 16:38:44:452</time></pt><pt><x>1328</x><y>781</y><time>10-01-22 16:38:44:790</time></pt><pt><x>1326</x><y>691</y><time>10-01-22 16:38:45:798</time></pt><pt><x>1303</x><y>672</y><time>10-01-22 16:38:46:718</time></pt><pt><x>1291</x><y>647</y><time>10-01-22 16:38:47:145</time></pt><pt><x>1264</x><y>668</y><time>10-01-22 16:38:47:566</time></pt><pt><x>1259</x><y>696</y><time>10-01-22 16:38:47:836</time></pt><closed_date>10-01-22 16:38:48:218</closed_date></polygon></object><object><name>restoration</name><deleted>0</deleted><verified>0</verified><occluded>no</occluded><attributes /><parts><hasparts /><ispartof>4</ispartof></parts><date>10-01-22 16:39:47:664</date><id>16</id><polygon><username>anonymous</username><pt><x>802</x><y>788</y><time>10-01-22 16:39:37:512</time></pt><pt><x>788</x><y>807</y><time>10-01-22 16:39:38:877</time></pt><pt><x>765</x><y>814</y><time>10-01-22 16:39:39:297</time></pt><pt><x>763</x><y>802</y><time>10-01-22 16:39:39:600</time></pt><pt><x>744</x><y>779</y><time>10-01-22 16:39:40:164</time></pt><pt><x>742</x><y>767</y><time>10-01-22 16:39:40:510</time></pt><pt><x>765</x><y>742</y><time>10-01-22 16:39:40:805</time></pt><pt><x>777</x><y>721</y><time>10-01-22 16:39:41:109</time></pt><pt><x>784</x><y>705</y><time>10-01-22 16:39:41:301</time></pt><pt><x>786</x><y>700</y><time>10-01-22 16:39:41:555</time></pt><pt><x>798</x><y>677</y><time>10-01-22 16:39:41:820</time></pt><pt><x>800</x><y>675</y><time>10-01-22 16:39:42:054</time></pt><pt><x>816</x><y>675</y><time>10-01-22 16:39:42:420</time></pt><pt><x>828</x><y>700</y><time>10-01-22 16:39:42:681</time></pt><pt><x>830</x><y>728</y><time>10-01-22 16:39:42:904</time></pt><pt><x>821</x><y>756</y><time>10-01-22 16:39:43:195</time></pt><pt><x>821</x><y>800</y><time>10-01-22 16:39:43:533</time></pt><closed_date>10-01-22 16:39:44:165</closed_date></polygon></object><imagesize><nrows /><ncols /></imagesize></annotation>