<?xml version='1.0' encoding='UTF-8'?>
<annotation><filename>99.jpg</filename><folder>segmentation_xray</folder><source><sourceImage>The MIT-CSAIL database of objects and scenes</sourceImage><sourceAnnotation>LabelMe Webtool</sourceAnnotation></source><object><name>tooth</name><deleted>0</deleted><verified>0</verified><occluded>no</occluded><attributes>17</attributes><parts><hasparts /><ispartof /></parts><date>14-12-21 22:08:49:025</date><id>0</id><type>bounding_box</type><polygon><username>anonymous</username><pt><x>12</x><y>457</y><time>14-12-21 22:08:41:742</time></pt><pt><x>177</x><y>457</y><time>14-12-21 22:08:45:120</time></pt><pt><x>177</x><y>25</y><time>undefined</time></pt><pt><x>12</x><y>25</y><time>undefined</time></pt><closed_date>14-12-21 22:08:45:120</closed_date></polygon></object><object><name>tooth</name><deleted>0</deleted><verified>0</verified><occluded>no</occluded><attributes>16</attributes><parts><hasparts>12,13</hasparts><ispartof /></parts><date>14-12-21 22:09:06:490</date><id>1</id><type>bounding_box</type><polygon><username>anonymous</username><pt><x>488</x><y>476</y><time>14-12-21 22:08:58:634</time></pt><pt><x>175</x><y>476</y><time>14-12-21 22:09:01:752</time></pt><pt><x>175</x><y>5</y><time>undefined</time></pt><pt><x>488</x><y>5</y><time>undefined</time></pt><closed_date>14-12-21 22:09:01:752</closed_date></polygon></object><object><name>tooth</name><deleted>0</deleted><verified>0</verified><occluded>no</occluded><attributes>15</attributes><parts><hasparts>14,15</hasparts><ispartof /></parts><date>14-12-21 22:09:17:845</date><id>2</id><type>bounding_box</type><polygon><username>anonymous</username><pt><x>693</x><y>481</y><time>14-12-21 22:09:12:586</time></pt><pt><x>469</x><y>481</y><time>14-12-21 22:09:14:584</time></pt><pt><x>469</x><y>3</y><time>undefined</time></pt><pt><x>693</x><y>3</y><time>undefined</time></pt><closed_date>14-12-21 22:09:14:584</closed_date></polygon></object><object><name>tooth</name><deleted>0</deleted><verified>0</verified><occluded>no</occluded><attributes>14</attributes><parts><hasparts /><ispartof /></parts><date>14-12-21 22:09:24:932</date><id>3</id><type>bounding_box</type><polygon><username>anonymous</username><pt><x>927</x><y>476</y><time>14-12-21 22:09:18:841</time></pt><pt><x>691</x><y>476</y><time>14-12-21 22:09:21:032</time></pt><pt><x>691</x><y>5</y><time>undefined</time></pt><pt><x>927</x><y>5</y><time>undefined</time></pt><closed_date>14-12-21 22:09:21:033</closed_date></polygon></object><object><name>tooth</name><deleted>0</deleted><verified>0</verified><occluded>no</occluded><attributes>13</attributes><parts><hasparts /><ispartof /></parts><date>14-12-21 22:09:39:666</date><id>4</id><type>bounding_box</type><polygon><username>anonymous</username><pt><x>1190</x><y>446</y><time>14-12-21 22:09:33:681</time></pt><pt><x>868</x><y>446</y><time>14-12-21 22:09:36:033</time></pt><pt><x>868</x><y>2</y><time>undefined</time></pt><pt><x>1190</x><y>2</y><time>undefined</time></pt><closed_date>14-12-21 22:09:36:033</closed_date></polygon></object><object><name>tooth</name><deleted>0</deleted><verified>0</verified><occluded>no</occluded><attributes>12</attributes><parts><hasparts /><ispartof /></parts><date>14-12-21 22:09:46:682</date><id>5</id><type>bounding_box</type><polygon><username>anonymous</username><pt><x>1217</x><y>352</y><time>14-12-21 22:09:41:105</time></pt><pt><x>1112</x><y>352</y><time>14-12-21 22:09:42:985</time></pt><pt><x>1112</x><y>45</y><time>undefined</time></pt><pt><x>1217</x><y>45</y><time>undefined</time></pt><closed_date>14-12-21 22:09:42:985</closed_date></polygon></object><object><name>tooth</name><deleted>0</deleted><verified>0</verified><occluded>no</occluded><attributes>47</attributes><parts><hasparts>19</hasparts><ispartof /></parts><date>14-12-21 22:10:23:125</date><id>6</id><type>bounding_box</type><polygon><username>anonymous</username><pt><x>10</x><y>491</y><time>14-12-21 22:10:16:797</time></pt><pt><x>172</x><y>491</y><time>14-12-21 22:10:18:754</time></pt><pt><x>172</x><y>918</y><time>undefined</time></pt><pt><x>10</x><y>918</y><time>undefined</time></pt><closed_date>14-12-21 22:10:18:754</closed_date></polygon></object><object><name>tooth</name><deleted>0</deleted><verified>0</verified><occluded>no</occluded><attributes>46</attributes><parts><hasparts>18</hasparts><ispartof /></parts><date>14-12-21 22:10:34:141</date><id>7</id><type>bounding_box</type><polygon><username>anonymous</username><pt><x>516</x><y>524</y><time>14-12-21 22:10:24:698</time></pt><pt><x>102</x><y>524</y><time>14-12-21 22:10:28:337</time></pt><pt><x>102</x><y>943</y><time>undefined</time></pt><pt><x>516</x><y>943</y><time>undefined</time></pt><closed_date>14-12-21 22:10:28:337</closed_date></polygon></object><object><name>tooth</name><deleted>0</deleted><verified>0</verified><occluded>no</occluded><attributes>45</attributes><parts><hasparts>16,17</hasparts><ispartof /></parts><date>14-12-21 22:10:45:401</date><id>8</id><type>bounding_box</type><polygon><username>anonymous</username><pt><x>745</x><y>543</y><time>14-12-21 22:10:35:970</time></pt><pt><x>499</x><y>543</y><time>14-12-21 22:10:37:617</time></pt><pt><x>499</x><y>943</y><time>undefined</time></pt><pt><x>745</x><y>943</y><time>undefined</time></pt><closed_date>14-12-21 22:10:37:617</closed_date></polygon></object><object><name>tooth</name><deleted>0</deleted><verified>0</verified><occluded>no</occluded><attributes>44</attributes><parts><hasparts /><ispartof /></parts><date>14-12-21 22:10:52:436</date><id>9</id><type>bounding_box</type><polygon><username>anonymous</username><pt><x>992</x><y>541</y><time>14-12-21 22:10:47:673</time></pt><pt><x>746</x><y>541</y><time>14-12-21 22:10:49:545</time></pt><pt><x>746</x><y>943</y><time>undefined</time></pt><pt><x>992</x><y>943</y><time>undefined</time></pt><closed_date>14-12-21 22:10:49:546</closed_date></polygon></object><object><name>tooth</name><deleted>0</deleted><verified>0</verified><occluded>no</occluded><attributes>43</attributes><parts><hasparts /><ispartof /></parts><date>14-12-21 22:11:00:380</date><id>10</id><type>bounding_box</type><polygon><username>anonymous</username><pt><x>1200</x><y>504</y><time>14-12-21 22:10:53:922</time></pt><pt><x>958</x><y>504</y><time>14-12-21 22:10:56:409</time></pt><pt><x>958</x><y>942</y><time>undefined</time></pt><pt><x>1200</x><y>942</y><time>undefined</time></pt><closed_date>14-12-21 22:10:56:409</closed_date></polygon></object><object><name>tooth</name><deleted>0</deleted><verified>0</verified><occluded>no</occluded><attributes>42</attributes><parts><hasparts /><ispartof /></parts><date>14-12-21 22:11:08:285</date><id>11</id><type>bounding_box</type><polygon><username>anonymous</username><pt><x>1217</x><y>551</y><time>14-12-21 22:11:02:801</time></pt><pt><x>1152</x><y>551</y><time>14-12-21 22:11:04:792</time></pt><pt><x>1152</x><y>907</y><time>undefined</time></pt><pt><x>1217</x><y>907</y><time>undefined</time></pt><closed_date>14-12-21 22:11:04:793</closed_date></polygon></object><object><name>restoration</name><deleted>0</deleted><verified>0</verified><occluded>no</occluded><attributes /><parts><hasparts /><ispartof>1</ispartof></parts><date>14-12-21 22:11:28:052</date><id>12</id><polygon><username>anonymous</username><pt><x>401</x><y>402</y><time>14-12-21 22:11:16:842</time></pt><pt><x>396</x><y>371</y><time>14-12-21 22:11:17:129</time></pt><pt><x>397</x><y>337</y><time>14-12-21 22:11:17:432</time></pt><pt><x>402</x><y>322</y><time>14-12-21 22:11:17:673</time></pt><pt><x>424</x><y>301</y><time>14-12-21 22:11:17:905</time></pt><pt><x>442</x><y>296</y><time>14-12-21 22:11:18:113</time></pt><pt><x>457</x><y>297</y><time>14-12-21 22:11:18:330</time></pt><pt><x>472</x><y>314</y><time>14-12-21 22:11:18:528</time></pt><pt><x>481</x><y>324</y><time>14-12-21 22:11:18:728</time></pt><pt><x>493</x><y>339</y><time>14-12-21 22:11:18:930</time></pt><pt><x>493</x><y>364</y><time>14-12-21 22:11:19:123</time></pt><pt><x>488</x><y>402</y><time>14-12-21 22:11:19:392</time></pt><pt><x>469</x><y>426</y><time>14-12-21 22:11:19:672</time></pt><pt><x>459</x><y>434</y><time>14-12-21 22:11:19:928</time></pt><pt><x>429</x><y>432</y><time>14-12-21 22:11:20:304</time></pt><pt><x>412</x><y>414</y><time>14-12-21 22:11:20:601</time></pt><pt><x>411</x><y>411</y><time>14-12-21 22:11:21:128</time></pt><closed_date>14-12-21 22:11:21:713</closed_date></polygon></object><object><name>restoration</name><deleted>0</deleted><verified>0</verified><occluded>no</occluded><attributes /><parts><hasparts /><ispartof>1</ispartof></parts><date>14-12-21 22:11:36:173</date><id>13</id><polygon><username>anonymous</username><pt><x>392</x><y>384</y><time>14-12-21 22:11:28:810</time></pt><pt><x>366</x><y>377</y><time>14-12-21 22:11:29:200</time></pt><pt><x>337</x><y>381</y><time>14-12-21 22:11:29:433</time></pt><pt><x>319</x><y>382</y><time>14-12-21 22:11:29:608</time></pt><pt><x>299</x><y>382</y><time>14-12-21 22:11:29:816</time></pt><pt><x>277</x><y>381</y><time>14-12-21 22:11:30:049</time></pt><pt><x>252</x><y>389</y><time>14-12-21 22:11:30:529</time></pt><pt><x>232</x><y>396</y><time>14-12-21 22:11:30:809</time></pt><pt><x>220</x><y>412</y><time>14-12-21 22:11:31:049</time></pt><pt><x>229</x><y>431</y><time>14-12-21 22:11:31:337</time></pt><pt><x>249</x><y>437</y><time>14-12-21 22:11:31:584</time></pt><pt><x>282</x><y>432</y><time>14-12-21 22:11:31:816</time></pt><pt><x>311</x><y>431</y><time>14-12-21 22:11:32:016</time></pt><pt><x>341</x><y>427</y><time>14-12-21 22:11:32:248</time></pt><pt><x>371</x><y>427</y><time>14-12-21 22:11:32:458</time></pt><pt><x>392</x><y>437</y><time>14-12-21 22:11:32:664</time></pt><pt><x>411</x><y>436</y><time>14-12-21 22:11:32:864</time></pt><pt><x>417</x><y>417</y><time>14-12-21 22:11:33:113</time></pt><pt><x>401</x><y>399</y><time>14-12-21 22:11:33:344</time></pt><pt><x>401</x><y>399</y><time>14-12-21 22:11:33:608</time></pt><closed_date>14-12-21 22:11:33:880</closed_date></polygon></object><object><name>restoration</name><deleted>0</deleted><verified>0</verified><occluded>no</occluded><attributes /><parts><hasparts /><ispartof>2</ispartof></parts><date>14-12-21 22:11:47:645</date><id>14</id><polygon><username>anonymous</username><pt><x>508</x><y>260</y><time>14-12-21 22:11:37:146</time></pt><pt><x>529</x><y>247</y><time>14-12-21 22:11:37:488</time></pt><pt><x>546</x><y>230</y><time>14-12-21 22:11:37:760</time></pt><pt><x>563</x><y>230</y><time>14-12-21 22:11:37:993</time></pt><pt><x>583</x><y>230</y><time>14-12-21 22:11:38:216</time></pt><pt><x>598</x><y>245</y><time>14-12-21 22:11:38:425</time></pt><pt><x>599</x><y>297</y><time>14-12-21 22:11:40:537</time></pt><pt><x>604</x><y>334</y><time>14-12-21 22:11:40:889</time></pt><pt><x>614</x><y>371</y><time>14-12-21 22:11:41:170</time></pt><pt><x>623</x><y>404</y><time>14-12-21 22:11:41:449</time></pt><pt><x>628</x><y>421</y><time>14-12-21 22:11:41:673</time></pt><pt><x>618</x><y>434</y><time>14-12-21 22:11:42:033</time></pt><pt><x>594</x><y>439</y><time>14-12-21 22:11:42:321</time></pt><pt><x>571</x><y>441</y><time>14-12-21 22:11:42:561</time></pt><pt><x>544</x><y>439</y><time>14-12-21 22:11:42:809</time></pt><pt><x>523</x><y>427</y><time>14-12-21 22:11:43:057</time></pt><pt><x>503</x><y>417</y><time>14-12-21 22:11:43:265</time></pt><pt><x>488</x><y>409</y><time>14-12-21 22:11:43:489</time></pt><pt><x>483</x><y>404</y><time>14-12-21 22:11:43:729</time></pt><pt><x>479</x><y>391</y><time>14-12-21 22:11:43:969</time></pt><pt><x>479</x><y>367</y><time>14-12-21 22:11:44:169</time></pt><pt><x>481</x><y>347</y><time>14-12-21 22:11:44:377</time></pt><pt><x>489</x><y>319</y><time>14-12-21 22:11:44:610</time></pt><pt><x>491</x><y>292</y><time>14-12-21 22:11:44:857</time></pt><pt><x>494</x><y>272</y><time>14-12-21 22:11:45:089</time></pt><closed_date>14-12-21 22:11:45:297</closed_date></polygon></object><object><name>root canal treatment</name><deleted>0</deleted><verified>0</verified><occluded>no</occluded><attributes /><parts><hasparts /><ispartof>2</ispartof></parts><date>14-12-21 22:12:00:244</date><id>15</id><polygon><username>anonymous</username><pt><x>561</x><y>212</y><time>14-12-21 22:11:48:683</time></pt><pt><x>554</x><y>170</y><time>14-12-21 22:11:48:985</time></pt><pt><x>548</x><y>135</y><time>14-12-21 22:11:49:257</time></pt><pt><x>549</x><y>97</y><time>14-12-21 22:11:49:513</time></pt><pt><x>551</x><y>55</y><time>14-12-21 22:11:49:793</time></pt><pt><x>553</x><y>15</y><time>14-12-21 22:11:50:049</time></pt><pt><x>563</x><y>7</y><time>14-12-21 22:11:50:425</time></pt><pt><x>578</x><y>7</y><time>14-12-21 22:11:50:745</time></pt><pt><x>584</x><y>43</y><time>14-12-21 22:11:51:019</time></pt><pt><x>578</x><y>72</y><time>14-12-21 22:11:53:417</time></pt><pt><x>579</x><y>119</y><time>14-12-21 22:11:55:161</time></pt><pt><x>586</x><y>152</y><time>14-12-21 22:11:55:553</time></pt><pt><x>593</x><y>177</y><time>14-12-21 22:11:55:865</time></pt><pt><x>594</x><y>200</y><time>14-12-21 22:11:56:123</time></pt><pt><x>588</x><y>209</y><time>14-12-21 22:11:56:393</time></pt><pt><x>581</x><y>215</y><time>14-12-21 22:11:56:905</time></pt><closed_date>14-12-21 22:11:57:137</closed_date></polygon></object><object><name>restoration</name><deleted>0</deleted><verified>0</verified><occluded>no</occluded><attributes /><parts><hasparts /><ispartof>8</ispartof></parts><date>14-12-21 22:12:11:982</date><id>16</id><polygon><username>anonymous</username><pt><x>639</x><y>765</y><time>14-12-21 22:12:03:465</time></pt><pt><x>648</x><y>733</y><time>14-12-21 22:12:03:785</time></pt><pt><x>661</x><y>706</y><time>14-12-21 22:12:04:074</time></pt><pt><x>663</x><y>683</y><time>14-12-21 22:12:04:361</time></pt><pt><x>654</x><y>654</y><time>14-12-21 22:12:04:617</time></pt><pt><x>651</x><y>618</y><time>14-12-21 22:12:04:865</time></pt><pt><x>648</x><y>593</y><time>14-12-21 22:12:05:129</time></pt><pt><x>636</x><y>578</y><time>14-12-21 22:12:05:385</time></pt><pt><x>614</x><y>584</y><time>14-12-21 22:12:05:633</time></pt><pt><x>588</x><y>584</y><time>14-12-21 22:12:05:881</time></pt><pt><x>566</x><y>583</y><time>14-12-21 22:12:06:137</time></pt><pt><x>543</x><y>583</y><time>14-12-21 22:12:06:376</time></pt><pt><x>528</x><y>596</y><time>14-12-21 22:12:06:593</time></pt><pt><x>518</x><y>608</y><time>14-12-21 22:12:06:792</time></pt><pt><x>514</x><y>633</y><time>14-12-21 22:12:06:992</time></pt><pt><x>508</x><y>651</y><time>14-12-21 22:12:07:201</time></pt><pt><x>504</x><y>686</y><time>14-12-21 22:12:07:537</time></pt><pt><x>509</x><y>710</y><time>14-12-21 22:12:07:809</time></pt><pt><x>529</x><y>723</y><time>14-12-21 22:12:08:068</time></pt><pt><x>558</x><y>730</y><time>14-12-21 22:12:08:257</time></pt><pt><x>574</x><y>753</y><time>14-12-21 22:12:08:713</time></pt><pt><x>578</x><y>776</y><time>14-12-21 22:12:08:994</time></pt><pt><x>596</x><y>788</y><time>14-12-21 22:12:09:225</time></pt><pt><x>633</x><y>780</y><time>14-12-21 22:12:09:474</time></pt><closed_date>14-12-21 22:12:09:881</closed_date></polygon></object><object><name>root canal treatment</name><deleted>0</deleted><verified>0</verified><occluded>no</occluded><attributes /><parts><hasparts /><ispartof>8</ispartof></parts><date>14-12-21 22:12:33:685</date><id>17</id><polygon><username>anonymous</username><pt><x>584</x><y>788</y><time>14-12-21 22:12:25:572</time></pt><pt><x>574</x><y>820</y><time>14-12-21 22:12:25:841</time></pt><pt><x>569</x><y>843</y><time>14-12-21 22:12:26:121</time></pt><pt><x>569</x><y>860</y><time>14-12-21 22:12:26:353</time></pt><pt><x>571</x><y>880</y><time>14-12-21 22:12:26:570</time></pt><pt><x>569</x><y>902</y><time>14-12-21 22:12:26:785</time></pt><pt><x>566</x><y>927</y><time>14-12-21 22:12:27:002</time></pt><pt><x>564</x><y>943</y><time>14-12-21 22:12:27:257</time></pt><pt><x>594</x><y>945</y><time>14-12-21 22:12:28:089</time></pt><pt><x>604</x><y>938</y><time>14-12-21 22:12:28:530</time></pt><pt><x>608</x><y>912</y><time>14-12-21 22:12:28:857</time></pt><pt><x>624</x><y>893</y><time>14-12-21 22:12:29:139</time></pt><pt><x>639</x><y>870</y><time>14-12-21 22:12:29:425</time></pt><pt><x>648</x><y>833</y><time>14-12-21 22:12:29:666</time></pt><pt><x>636</x><y>803</y><time>14-12-21 22:12:29:929</time></pt><pt><x>629</x><y>781</y><time>14-12-21 22:12:30:202</time></pt><closed_date>14-12-21 22:12:31:353</closed_date></polygon></object><object><name>restoration</name><deleted>0</deleted><verified>0</verified><occluded>no</occluded><attributes /><parts><hasparts /><ispartof>7</ispartof></parts><date>14-12-21 22:12:43:030</date><id>18</id><polygon><username>anonymous</username><pt><x>442</x><y>578</y><time>14-12-21 22:12:34:684</time></pt><pt><x>411</x><y>583</y><time>14-12-21 22:12:34:994</time></pt><pt><x>389</x><y>586</y><time>14-12-21 22:12:35:321</time></pt><pt><x>372</x><y>599</y><time>14-12-21 22:12:35:594</time></pt><pt><x>354</x><y>604</y><time>14-12-21 22:12:35:850</time></pt><pt><x>326</x><y>593</y><time>14-12-21 22:12:36:138</time></pt><pt><x>317</x><y>578</y><time>14-12-21 22:12:36:425</time></pt><pt><x>307</x><y>569</y><time>14-12-21 22:12:36:697</time></pt><pt><x>292</x><y>569</y><time>14-12-21 22:12:36:922</time></pt><pt><x>280</x><y>584</y><time>14-12-21 22:12:37:185</time></pt><pt><x>259</x><y>588</y><time>14-12-21 22:12:37:426</time></pt><pt><x>242</x><y>586</y><time>14-12-21 22:12:37:673</time></pt><pt><x>235</x><y>573</y><time>14-12-21 22:12:37:930</time></pt><pt><x>225</x><y>554</y><time>14-12-21 22:12:38:219</time></pt><pt><x>224</x><y>549</y><time>14-12-21 22:12:38:466</time></pt><pt><x>229</x><y>544</y><time>14-12-21 22:12:38:715</time></pt><pt><x>252</x><y>546</y><time>14-12-21 22:12:38:955</time></pt><pt><x>279</x><y>553</y><time>14-12-21 22:12:39:171</time></pt><pt><x>297</x><y>556</y><time>14-12-21 22:12:39:395</time></pt><pt><x>327</x><y>563</y><time>14-12-21 22:12:39:626</time></pt><pt><x>352</x><y>566</y><time>14-12-21 22:12:39:859</time></pt><pt><x>384</x><y>573</y><time>14-12-21 22:12:40:067</time></pt><pt><x>422</x><y>578</y><time>14-12-21 22:12:40:290</time></pt><closed_date>14-12-21 22:12:41:075</closed_date></polygon></object><object><name>restoration</name><deleted>0</deleted><verified>0</verified><occluded>no</occluded><attributes /><parts><hasparts /><ispartof>6</ispartof></parts><date>14-12-21 22:12:56:502</date><id>19</id><polygon><username>anonymous</username><pt><x>117</x><y>544</y><time>14-12-21 22:12:47:077</time></pt><pt><x>109</x><y>558</y><time>14-12-21 22:12:47:636</time></pt><pt><x>107</x><y>573</y><time>14-12-21 22:12:48:011</time></pt><pt><x>85</x><y>573</y><time>14-12-21 22:12:48:418</time></pt><pt><x>57</x><y>573</y><time>14-12-21 22:12:48:811</time></pt><pt><x>32</x><y>554</y><time>14-12-21 22:12:49:187</time></pt><pt><x>12</x><y>553</y><time>14-12-21 22:12:49:499</time></pt><pt><x>3</x><y>513</y><time>14-12-21 22:12:50:042</time></pt><pt><x>3</x><y>501</y><time>14-12-21 22:12:50:399</time></pt><pt><x>20</x><y>501</y><time>14-12-21 22:12:50:819</time></pt><pt><x>40</x><y>519</y><time>14-12-21 22:12:51:131</time></pt><pt><x>70</x><y>526</y><time>14-12-21 22:12:51:475</time></pt><pt><x>92</x><y>529</y><time>14-12-21 22:12:51:738</time></pt><pt><x>105</x><y>531</y><time>14-12-21 22:12:51:963</time></pt><closed_date>14-12-21 22:12:52:154</closed_date></polygon></object><imagesize><nrows /><ncols /></imagesize></annotation>