<?xml version="1.0" encoding="UTF-8"?><annotation><filename>imagem-075.jpg</filename><folder>segmentation_xray</folder><source><sourceImage>The MIT-CSAIL database of objects and scenes</sourceImage><sourceAnnotation>LabelMe Webtool</sourceAnnotation></source><object><name>pulp</name><deleted>1</deleted><verified>0</verified><occluded>no</occluded><attributes/><parts><hasparts/><ispartof/></parts><date>30-04-21 13:23:57:915</date><id>0</id><polygon><username>anonymous</username><pt><x>509</x><y>464</y><time>30-04-21 13:22:50:774</time></pt><pt><x>506</x><y>497</y><time>30-04-21 13:22:53:208</time></pt><pt><x>515</x><y>534</y><time>30-04-21 13:22:54:381</time></pt><pt><x>509</x><y>549</y><time>30-04-21 13:22:55:127</time></pt><pt><x>492</x><y>584</y><time>30-04-21 13:22:58:952</time></pt><pt><x>475</x><y>611</y><time>30-04-21 13:22:59:943</time></pt><pt><x>455</x><y>646</y><time>30-04-21 13:23:01:863</time></pt><pt><x>453</x><y>654</y><time>30-04-21 13:23:03:431</time></pt><pt><x>459</x><y>654</y><time>30-04-21 13:23:04:431</time></pt><pt><x>465</x><y>647</y><time>30-04-21 13:23:05:223</time></pt><pt><x>477</x><y>629</y><time>30-04-21 13:23:05:951</time></pt><pt><x>495</x><y>595</y><time>30-04-21 13:23:08:671</time></pt><pt><x>518</x><y>569</y><time>30-04-21 13:23:09:919</time></pt><pt><x>535</x><y>548</y><time>30-04-21 13:23:10:919</time></pt><pt><x>548</x><y>537</y><time>30-04-21 13:23:11:375</time></pt><pt><x>566</x><y>534</y><time>30-04-21 13:23:11:847</time></pt><pt><x>580</x><y>528</y><time>30-04-21 13:23:12:600</time></pt><pt><x>605</x><y>529</y><time>30-04-21 13:23:13:104</time></pt><pt><x>614</x><y>542</y><time>30-04-21 13:23:14:015</time></pt><pt><x>621</x><y>555</y><time>30-04-21 13:23:15:807</time></pt><pt><x>653</x><y>646</y><time>30-04-21 13:23:18:623</time></pt><pt><x>659</x><y>653</y><time>30-04-21 13:23:19:759</time></pt><pt><x>666</x><y>654</y><time>30-04-21 13:23:20:408</time></pt><pt><x>664</x><y>640</y><time>30-04-21 13:23:21:159</time></pt><pt><x>630</x><y>538</y><time>30-04-21 13:23:23:015</time></pt><pt><x>631</x><y>526</y><time>30-04-21 13:23:23:719</time></pt><pt><x>666</x><y>443</y><time>30-04-21 13:23:25:104</time></pt><pt><x>661</x><y>436</y><time>30-04-21 13:23:26:008</time></pt><pt><x>647</x><y>434</y><time>30-04-21 13:23:26:544</time></pt><pt><x>639</x><y>435</y><time>30-04-21 13:23:27:040</time></pt><pt><x>629</x><y>449</y><time>30-04-21 13:23:27:727</time></pt><pt><x>611</x><y>465</y><time>30-04-21 13:23:28:271</time></pt><pt><x>598</x><y>478</y><time>30-04-21 13:23:29:375</time></pt><pt><x>585</x><y>484</y><time>30-04-21 13:23:31:440</time></pt><pt><x>565</x><y>485</y><time>30-04-21 13:23:32:711</time></pt><pt><x>540</x><y>479</y><time>30-04-21 13:23:33:263</time></pt><pt><x>528</x><y>476</y><time>30-04-21 13:23:33:847</time></pt><closed_date>30-04-21 13:23:35:922</closed_date></polygon></object><object><name>pulp</name><deleted>1</deleted><verified>0</verified><occluded>no</occluded><attributes/><parts><hasparts/><ispartof/></parts><date>30-04-21 13:24:53:421</date><id>1</id><polygon><username>anonymous</username><pt><x>326</x><y>479</y><time>30-04-21 13:24:04:429</time></pt><pt><x>340</x><y>501</y><time>30-04-21 13:24:05:160</time></pt><pt><x>338</x><y>522</y><time>30-04-21 13:24:05:727</time></pt><pt><x>328</x><y>567</y><time>30-04-21 13:24:09:352</time></pt><pt><x>327</x><y>585</y><time>30-04-21 13:24:09:903</time></pt><pt><x>323</x><y>614</y><time>30-04-21 13:24:10:543</time></pt><pt><x>326</x><y>640</y><time>30-04-21 13:24:10:975</time></pt><pt><x>327</x><y>654</y><time>30-04-21 13:24:11:407</time></pt><pt><x>318</x><y>654</y><time>30-04-21 13:24:12:223</time></pt><pt><x>295</x><y>613</y><time>30-04-21 13:24:13:376</time></pt><pt><x>277</x><y>611</y><time>30-04-21 13:24:13:840</time></pt><pt><x>263</x><y>613</y><time>30-04-21 13:24:14:362</time></pt><pt><x>247</x><y>616</y><time>30-04-21 13:24:14:792</time></pt><pt><x>238</x><y>622</y><time>30-04-21 13:24:15:183</time></pt><pt><x>222</x><y>636</y><time>30-04-21 13:24:15:592</time></pt><pt><x>217</x><y>645</y><time>30-04-21 13:24:16:047</time></pt><pt><x>210</x><y>654</y><time>30-04-21 13:24:16:447</time></pt><pt><x>209</x><y>657</y><time>30-04-21 13:24:17:023</time></pt><pt><x>182</x><y>654</y><time>30-04-21 13:24:17:792</time></pt><pt><x>180</x><y>640</y><time>30-04-21 13:24:18:311</time></pt><pt><x>197</x><y>562</y><time>30-04-21 13:24:21:000</time></pt><pt><x>196</x><y>542</y><time>30-04-21 13:24:22:039</time></pt><pt><x>193</x><y>506</y><time>30-04-21 13:24:40:144</time></pt><pt><x>200</x><y>500</y><time>30-04-21 13:24:40:872</time></pt><pt><x>207</x><y>512</y><time>30-04-21 13:24:41:304</time></pt><pt><x>213</x><y>520</y><time>30-04-21 13:24:41:737</time></pt><pt><x>224</x><y>512</y><time>30-04-21 13:24:42:256</time></pt><pt><x>232</x><y>497</y><time>30-04-21 13:24:42:687</time></pt><pt><x>244</x><y>487</y><time>30-04-21 13:24:43:136</time></pt><pt><x>248</x><y>501</y><time>30-04-21 13:24:43:560</time></pt><pt><x>258</x><y>529</y><time>30-04-21 13:24:44:064</time></pt><pt><x>269</x><y>541</y><time>30-04-21 13:24:44:560</time></pt><pt><x>287</x><y>537</y><time>30-04-21 13:24:45:336</time></pt><pt><x>303</x><y>521</y><time>30-04-21 13:24:46:168</time></pt><pt><x>313</x><y>506</y><time>30-04-21 13:24:46:583</time></pt><closed_date>30-04-21 13:24:47:488</closed_date></polygon></object><imagesize><nrows></nrows><ncols></ncols></imagesize><object><name>tooth</name><deleted>0</deleted><verified>0</verified><occluded>no</occluded><attributes>16</attributes><parts><hasparts/><ispartof/></parts><date>15-05-21 14:08:28:876</date><id>2</id><type>bounding_box</type><polygon><username>anonymous</username><pt><x>93</x><y>276</y><time>15-05-21 14:08:09:327</time></pt><pt><x>408</x><y>276</y><time>15-05-21 14:08:14:677</time></pt><pt><x>408</x><y>1</y><time>undefined</time></pt><pt><x>93</x><y>1</y><time>undefined</time></pt><closed_date>15-05-21 14:08:14:678</closed_date></polygon></object><object><name>tooth</name><deleted>0</deleted><verified>0</verified><occluded>no</occluded><attributes>55</attributes><parts><hasparts/><ispartof/></parts><date>15-05-21 14:09:01:419</date><id>3</id><type>bounding_box</type><polygon><username>anonymous</username><pt><x>683</x><y>271</y><time>15-05-21 14:08:51:380</time></pt><pt><x>397</x><y>271</y><time>15-05-21 14:08:56:336</time></pt><pt><x>397</x><y>2</y><time>undefined</time></pt><pt><x>683</x><y>2</y><time>undefined</time></pt><closed_date>15-05-21 14:08:56:336</closed_date></polygon></object><object><name>tooth</name><deleted>0</deleted><verified>0</verified><occluded>no</occluded><attributes>54</attributes><parts><hasparts/><ispartof/></parts><date>15-05-21 14:09:33:483</date><id>4</id><type>bounding_box</type><polygon><username>anonymous</username><pt><x>856</x><y>237</y><time>15-05-21 14:09:25:025</time></pt><pt><x>620</x><y>237</y><time>15-05-21 14:09:28:220</time></pt><pt><x>620</x><y>4</y><time>undefined</time></pt><pt><x>856</x><y>4</y><time>undefined</time></pt><closed_date>15-05-21 14:09:28:220</closed_date></polygon></object><object><name>tooth</name><deleted>0</deleted><verified>0</verified><occluded>no</occluded><attributes>53</attributes><parts><hasparts/><ispartof/></parts><date>15-05-21 14:09:52:414</date><id>5</id><type>bounding_box</type><polygon><username>anonymous</username><pt><x>1023</x><y>219</y><time>15-05-21 14:09:43:424</time></pt><pt><x>842</x><y>219</y><time>15-05-21 14:09:47:216</time></pt><pt><x>842</x><y>2</y><time>undefined</time></pt><pt><x>1023</x><y>2</y><time>undefined</time></pt><closed_date>15-05-21 14:09:47:216</closed_date></polygon></object><object><name>tooth</name><deleted>0</deleted><verified>0</verified><occluded>no</occluded><attributes>46</attributes><parts><hasparts/><ispartof/></parts><date>15-05-21 14:10:22:570</date><id>6</id><type>bounding_box</type><polygon><username>anonymous</username><pt><x>79</x><y>303</y><time>15-05-21 14:10:07:858</time></pt><pt><x>441</x><y>303</y><time>15-05-21 14:10:17:480</time></pt><pt><x>441</x><y>656</y><time>undefined</time></pt><pt><x>79</x><y>656</y><time>undefined</time></pt><closed_date>15-05-21 14:10:17:481</closed_date></polygon></object><object><name>tooth</name><deleted>0</deleted><verified>0</verified><occluded>no</occluded><attributes>85</attributes><parts><hasparts/><ispartof/></parts><date>15-05-21 14:10:49:535</date><id>7</id><type>bounding_box</type><polygon><username>anonymous</username><pt><x>727</x><y>308</y><time>15-05-21 14:10:39:556</time></pt><pt><x>427</x><y>308</y><time>15-05-21 14:10:44:143</time></pt><pt><x>427</x><y>659</y><time>undefined</time></pt><pt><x>727</x><y>659</y><time>undefined</time></pt><closed_date>15-05-21 14:10:44:144</closed_date></polygon></object><object><name>tooth</name><deleted>0</deleted><verified>0</verified><occluded>no</occluded><attributes>84</attributes><parts><hasparts/><ispartof/></parts><date>15-05-21 14:11:25:038</date><id>8</id><type>bounding_box</type><polygon><username>anonymous</username><pt><x>981</x><y>298</y><time>15-05-21 14:11:13:953</time></pt><pt><x>712</x><y>298</y><time>15-05-21 14:11:19:592</time></pt><pt><x>712</x><y>649</y><time>undefined</time></pt><pt><x>981</x><y>649</y><time>undefined</time></pt><closed_date>15-05-21 14:11:19:592</closed_date></polygon></object><object><name>tooth</name><deleted>0</deleted><verified>0</verified><occluded>no</occluded><attributes>83</attributes><parts><hasparts/><ispartof/></parts><date>15-05-21 14:11:54:988</date><id>9</id><type>bounding_box</type><polygon><username>anonymous</username><pt><x>978</x><y>274</y><time>15-05-21 14:11:43:791</time></pt><pt><x>1023</x><y>274</y><time>15-05-21 14:11:49:356</time></pt><pt><x>1023</x><y>568</y><time>undefined</time></pt><pt><x>978</x><y>568</y><time>undefined</time></pt><closed_date>15-05-21 14:11:49:356</closed_date></polygon></object></annotation>