<?xml version='1.0' encoding='UTF-8'?>
<annotation><filename>imagem-090.jpg</filename><folder>segmentation_xray</folder><source><sourceImage>The MIT-CSAIL database of objects and scenes</sourceImage><sourceAnnotation>LabelMe Webtool</sourceAnnotation></source><object><name>tooth</name><deleted>0</deleted><verified>0</verified><occluded>no</occluded><attributes>16</attributes><parts><hasparts /><ispartof /></parts><date>01-06-21 10:35:32:326</date><id>0</id><type>bounding_box</type><polygon><username>anonymous</username><pt><x>74</x><y>3</y><time>01-06-21 10:34:53:309</time></pt><pt><x>517</x><y>3</y><time>01-06-21 10:34:58:686</time></pt><pt><x>517</x><y>225</y><time>undefined</time></pt><pt><x>74</x><y>225</y><time>undefined</time></pt><closed_date>01-06-21 10:34:58:687</closed_date></polygon></object><object><name>tooth</name><deleted>0</deleted><verified>0</verified><occluded>no</occluded><attributes>55</attributes><parts><hasparts /><ispartof /></parts><date>01-06-21 10:35:47:419</date><id>1</id><type>bounding_box</type><polygon><username>anonymous</username><pt><x>907</x><y>16</y><time>01-06-21 10:35:36:767</time></pt><pt><x>504</x><y>16</y><time>01-06-21 10:35:41:483</time></pt><pt><x>504</x><y>333</y><time>undefined</time></pt><pt><x>907</x><y>333</y><time>undefined</time></pt><closed_date>01-06-21 10:35:41:483</closed_date></polygon></object><object><name>tooth</name><deleted>0</deleted><verified>0</verified><occluded>no</occluded><attributes>54</attributes><parts><hasparts /><ispartof /></parts><date>01-06-21 10:36:03:659</date><id>2</id><type>bounding_box</type><polygon><username>anonymous</username><pt><x>1193</x><y>15</y><time>01-06-21 10:35:55:802</time></pt><pt><x>879</x><y>15</y><time>01-06-21 10:35:59:147</time></pt><pt><x>879</x><y>296</y><time>undefined</time></pt><pt><x>1193</x><y>296</y><time>undefined</time></pt><closed_date>01-06-21 10:35:59:147</closed_date></polygon></object><object><name>tooth</name><deleted>0</deleted><verified>0</verified><occluded>no</occluded><attributes>53</attributes><parts><hasparts /><ispartof /></parts><date>01-06-21 10:36:19:021</date><id>3</id><type>bounding_box</type><polygon><username>anonymous</username><pt><x>1355</x><y>306</y><time>01-06-21 10:36:06:655</time></pt><pt><x>1195</x><y>306</y><time>01-06-21 10:36:09:174</time></pt><pt><x>1195</x><y>16</y><time>undefined</time></pt><pt><x>1355</x><y>16</y><time>undefined</time></pt><closed_date>01-06-21 10:36:09:175</closed_date></polygon></object><object><name>tooth</name><deleted>0</deleted><verified>0</verified><occluded>no</occluded><attributes>46</attributes><parts><hasparts /><ispartof /></parts><date>01-06-21 10:36:36:963</date><id>4</id><type>bounding_box</type><polygon><username>anonymous</username><pt><x>95</x><y>370</y><time>01-06-21 10:36:22:796</time></pt><pt><x>559</x><y>370</y><time>01-06-21 10:36:26:631</time></pt><pt><x>559</x><y>876</y><time>undefined</time></pt><pt><x>95</x><y>876</y><time>undefined</time></pt><closed_date>01-06-21 10:36:26:632</closed_date></polygon></object><object><name>tooth</name><deleted>0</deleted><verified>0</verified><occluded>no</occluded><attributes>85</attributes><parts><hasparts /><ispartof /></parts><date>01-06-21 10:36:59:168</date><id>5</id><type>bounding_box</type><polygon><username>anonymous</username><pt><x>997</x><y>393</y><time>01-06-21 10:36:42:407</time></pt><pt><x>564</x><y>393</y><time>01-06-21 10:36:45:602</time></pt><pt><x>564</x><y>879</y><time>undefined</time></pt><pt><x>997</x><y>879</y><time>undefined</time></pt><closed_date>01-06-21 10:36:45:602</closed_date></polygon></object><object><name>tooth</name><deleted>0</deleted><verified>0</verified><occluded>no</occluded><attributes>84</attributes><parts><hasparts /><ispartof /></parts><date>01-06-21 10:37:15:322</date><id>6</id><type>bounding_box</type><polygon><username>anonymous</username><pt><x>1004</x><y>388</y><time>01-06-21 10:37:00:941</time></pt><pt><x>1326</x><y>388</y><time>01-06-21 10:37:05:548</time></pt><pt><x>1326</x><y>863</y><time>undefined</time></pt><pt><x>1004</x><y>863</y><time>undefined</time></pt><closed_date>01-06-21 10:37:05:548</closed_date></polygon></object><imagesize><nrows /><ncols /></imagesize></annotation>