<?xml version='1.0' encoding='UTF-8'?>
<annotation><filename>imagem-104.jpg</filename><folder>segmentation_xray</folder><source><sourceImage>The MIT-CSAIL database of objects and scenes</sourceImage><sourceAnnotation>LabelMe Webtool</sourceAnnotation></source><object><name>tooth</name><deleted>0</deleted><verified>0</verified><occluded>no</occluded><attributes>63</attributes><parts><hasparts /><ispartof /></parts><date>01-06-21 10:44:05:114</date><id>0</id><type>bounding_box</type><polygon><username>anonymous</username><pt><x>422</x><y>414</y><time>01-06-21 10:43:41:094</time></pt><pt><x>149</x><y>414</y><time>01-06-21 10:43:45:847</time></pt><pt><x>149</x><y>16</y><time>undefined</time></pt><pt><x>422</x><y>16</y><time>undefined</time></pt><closed_date>01-06-21 10:43:45:848</closed_date></polygon></object><object><name>tooth</name><deleted>0</deleted><verified>0</verified><occluded>no</occluded><attributes>64</attributes><parts><hasparts /><ispartof /></parts><date>01-06-21 10:46:01:016</date><id>1</id><type>bounding_box</type><polygon><username>anonymous</username><pt><x>435</x><y>367</y><time>01-06-21 10:45:47:757</time></pt><pt><x>709</x><y>367</y><time>01-06-21 10:45:52:224</time></pt><pt><x>709</x><y>21</y><time>undefined</time></pt><pt><x>435</x><y>21</y><time>undefined</time></pt><closed_date>01-06-21 10:45:52:225</closed_date></polygon></object><object><name>tooth</name><deleted>0</deleted><verified>0</verified><occluded>no</occluded><attributes>65</attributes><parts><hasparts /><ispartof /></parts><date>01-06-21 10:46:23:802</date><id>2</id><type>bounding_box</type><polygon><username>anonymous</username><pt><x>1035</x><y>333</y><time>01-06-21 10:46:14:854</time></pt><pt><x>710</x><y>333</y><time>01-06-21 10:46:17:629</time></pt><pt><x>710</x><y>15</y><time>undefined</time></pt><pt><x>1035</x><y>15</y><time>undefined</time></pt><closed_date>01-06-21 10:46:17:629</closed_date></polygon></object><object><name>tooth</name><deleted>0</deleted><verified>0</verified><occluded>no</occluded><attributes>26</attributes><parts><hasparts /><ispartof /></parts><date>01-06-21 10:46:50:257</date><id>3</id><type>bounding_box</type><polygon><username>anonymous</username><pt><x>1353</x><y>245</y><time>01-06-21 10:46:36:774</time></pt><pt><x>1022</x><y>245</y><time>01-06-21 10:46:39:894</time></pt><pt><x>1022</x><y>2</y><time>undefined</time></pt><pt><x>1353</x><y>2</y><time>undefined</time></pt><closed_date>01-06-21 10:46:39:894</closed_date></polygon></object><object><name>tooth</name><deleted>0</deleted><verified>0</verified><occluded>no</occluded><attributes>74</attributes><parts><hasparts /><ispartof /></parts><date>01-06-21 10:47:07:595</date><id>4</id><type>bounding_box</type><polygon><username>anonymous</username><pt><x>174</x><y>498</y><time>01-06-21 10:46:54:251</time></pt><pt><x>526</x><y>498</y><time>01-06-21 10:46:58:367</time></pt><pt><x>526</x><y>881</y><time>undefined</time></pt><pt><x>174</x><y>881</y><time>undefined</time></pt><closed_date>01-06-21 10:46:58:368</closed_date></polygon></object><object><name>tooth</name><deleted>0</deleted><verified>0</verified><occluded>no</occluded><attributes>75</attributes><parts><hasparts /><ispartof /></parts><date>01-06-21 10:47:35:262</date><id>5</id><type>bounding_box</type><polygon><username>anonymous</username><pt><x>487</x><y>480</y><time>01-06-21 10:47:25:577</time></pt><pt><x>879</x><y>480</y><time>01-06-21 10:47:28:456</time></pt><pt><x>879</x><y>874</y><time>undefined</time></pt><pt><x>487</x><y>874</y><time>undefined</time></pt><closed_date>01-06-21 10:47:28:456</closed_date></polygon></object><object><name>tooth</name><deleted>0</deleted><verified>0</verified><occluded>no</occluded><attributes>36</attributes><parts><hasparts /><ispartof /></parts><date>01-06-21 10:48:04:501</date><id>6</id><type>bounding_box</type><polygon><username>anonymous</username><pt><x>1325</x><y>350</y><time>01-06-21 10:47:47:661</time></pt><pt><x>871</x><y>350</y><time>01-06-21 10:47:56:301</time></pt><pt><x>871</x><y>881</y><time>undefined</time></pt><pt><x>1325</x><y>881</y><time>undefined</time></pt><closed_date>01-06-21 10:47:56:302</closed_date></polygon></object><object><name>tooth</name><deleted>0</deleted><verified>0</verified><occluded>no</occluded><attributes>73</attributes><parts><hasparts /><ispartof /></parts><date>01-06-21 10:48:28:115</date><id>7</id><type>bounding_box</type><polygon><username>anonymous</username><pt><x>5</x><y>524</y><time>01-06-21 10:48:16:968</time></pt><pt><x>169</x><y>524</y><time>01-06-21 10:48:20:449</time></pt><pt><x>169</x><y>873</y><time>undefined</time></pt><pt><x>5</x><y>873</y><time>undefined</time></pt><closed_date>01-06-21 10:48:20:449</closed_date></polygon></object><imagesize><nrows /><ncols /></imagesize></annotation>