<?xml version='1.0' encoding='UTF-8'?>
<annotation><filename>imagem-106.jpg</filename><folder>segmentation_xray</folder><source><sourceImage>The MIT-CSAIL database of objects and scenes</sourceImage><sourceAnnotation>LabelMe Webtool</sourceAnnotation></source><object><name>tooth</name><deleted>0</deleted><verified>0</verified><occluded>no</occluded><attributes>28</attributes><parts><hasparts /><ispartof /></parts><date>15-05-21 14:18:30:609</date><id>0</id><type>bounding_box</type><polygon><username>anonymous</username><pt><x>1332</x><y>461</y><time>15-05-21 14:18:20:475</time></pt><pt><x>1602</x><y>461</y><time>15-05-21 14:18:26:789</time></pt><pt><x>1602</x><y>18</y><time>undefined</time></pt><pt><x>1332</x><y>18</y><time>undefined</time></pt><closed_date>15-05-21 14:18:26:789</closed_date></polygon></object><object><name>tooth</name><deleted>0</deleted><verified>0</verified><occluded>no</occluded><attributes>27</attributes><parts><hasparts>2</hasparts><ispartof /></parts><date>15-05-21 14:18:44:743</date><id>1</id><type>bounding_box</type><polygon><username>anonymous</username><pt><x>903</x><y>525</y><time>15-05-21 14:18:35:347</time></pt><pt><x>1341</x><y>525</y><time>15-05-21 14:18:39:699</time></pt><pt><x>1341</x><y>7</y><time>undefined</time></pt><pt><x>903</x><y>7</y><time>undefined</time></pt><closed_date>15-05-21 14:18:39:700</closed_date></polygon></object><object><name>restoration</name><deleted>0</deleted><verified>0</verified><occluded>no</occluded><attributes /><parts><hasparts /><ispartof>1</ispartof></parts><date>15-05-21 14:19:37:408</date><id>2</id><polygon><username>anonymous</username><pt><x>1047</x><y>387</y><time>15-05-21 14:19:00:089</time></pt><pt><x>1063</x><y>353</y><time>15-05-21 14:19:01:503</time></pt><pt><x>1068</x><y>337</y><time>15-05-21 14:19:02:065</time></pt><pt><x>1068</x><y>325</y><time>15-05-21 14:19:02:512</time></pt><pt><x>1073</x><y>296</y><time>15-05-21 14:19:07:416</time></pt><pt><x>1093</x><y>284</y><time>15-05-21 14:19:08:320</time></pt><pt><x>1100</x><y>284</y><time>15-05-21 14:19:08:802</time></pt><pt><x>1111</x><y>291</y><time>15-05-21 14:19:09:286</time></pt><pt><x>1123</x><y>298</y><time>15-05-21 14:19:09:655</time></pt><pt><x>1132</x><y>307</y><time>15-05-21 14:19:09:951</time></pt><pt><x>1132</x><y>316</y><time>15-05-21 14:19:10:174</time></pt><pt><x>1132</x><y>337</y><time>15-05-21 14:19:10:408</time></pt><pt><x>1137</x><y>346</y><time>15-05-21 14:19:10:669</time></pt><pt><x>1134</x><y>367</y><time>15-05-21 14:19:10:978</time></pt><pt><x>1125</x><y>385</y><time>15-05-21 14:19:11:639</time></pt><pt><x>1132</x><y>403</y><time>15-05-21 14:19:12:119</time></pt><pt><x>1137</x><y>403</y><time>15-05-21 14:19:12:320</time></pt><pt><x>1141</x><y>392</y><time>15-05-21 14:19:15:272</time></pt><pt><x>1148</x><y>376</y><time>15-05-21 14:19:17:373</time></pt><pt><x>1164</x><y>367</y><time>15-05-21 14:19:17:937</time></pt><pt><x>1185</x><y>367</y><time>15-05-21 14:19:18:380</time></pt><pt><x>1189</x><y>376</y><time>15-05-21 14:19:18:796</time></pt><pt><x>1194</x><y>383</y><time>15-05-21 14:19:19:251</time></pt><pt><x>1196</x><y>394</y><time>15-05-21 14:19:19:585</time></pt><pt><x>1199</x><y>406</y><time>15-05-21 14:19:19:836</time></pt><pt><x>1208</x><y>394</y><time>15-05-21 14:19:21:155</time></pt><pt><x>1219</x><y>387</y><time>15-05-21 14:19:21:640</time></pt><pt><x>1244</x><y>387</y><time>15-05-21 14:19:23:204</time></pt><pt><x>1265</x><y>396</y><time>15-05-21 14:19:23:868</time></pt><pt><x>1277</x><y>403</y><time>15-05-21 14:19:24:378</time></pt><pt><x>1277</x><y>413</y><time>15-05-21 14:19:24:735</time></pt><pt><x>1281</x><y>422</y><time>15-05-21 14:19:25:318</time></pt><pt><x>1263</x><y>440</y><time>15-05-21 14:19:25:937</time></pt><pt><x>1244</x><y>451</y><time>15-05-21 14:19:26:396</time></pt><pt><x>1224</x><y>465</y><time>15-05-21 14:19:26:670</time></pt><pt><x>1219</x><y>468</y><time>15-05-21 14:19:26:864</time></pt><pt><x>1210</x><y>474</y><time>15-05-21 14:19:27:096</time></pt><pt><x>1194</x><y>479</y><time>15-05-21 14:19:27:321</time></pt><pt><x>1183</x><y>484</y><time>15-05-21 14:19:27:552</time></pt><pt><x>1164</x><y>488</y><time>15-05-21 14:19:27:942</time></pt><pt><x>1155</x><y>488</y><time>15-05-21 14:19:28:380</time></pt><pt><x>1146</x><y>484</y><time>15-05-21 14:19:28:783</time></pt><pt><x>1146</x><y>484</y><time>15-05-21 14:19:29:036</time></pt><pt><x>1137</x><y>465</y><time>15-05-21 14:19:29:303</time></pt><pt><x>1134</x><y>461</y><time>15-05-21 14:19:29:490</time></pt><pt><x>1132</x><y>458</y><time>15-05-21 14:19:29:763</time></pt><pt><x>1128</x><y>435</y><time>15-05-21 14:19:30:008</time></pt><pt><x>1128</x><y>424</y><time>15-05-21 14:19:30:289</time></pt><pt><x>1128</x><y>417</y><time>15-05-21 14:19:30:480</time></pt><pt><x>1121</x><y>413</y><time>15-05-21 14:19:31:032</time></pt><pt><x>1111</x><y>413</y><time>15-05-21 14:19:31:315</time></pt><pt><x>1100</x><y>413</y><time>15-05-21 14:19:31:527</time></pt><pt><x>1084</x><y>422</y><time>15-05-21 14:19:31:747</time></pt><pt><x>1075</x><y>422</y><time>15-05-21 14:19:31:953</time></pt><pt><x>1061</x><y>424</y><time>15-05-21 14:19:32:168</time></pt><pt><x>1050</x><y>426</y><time>15-05-21 14:19:32:384</time></pt><pt><x>1040</x><y>426</y><time>15-05-21 14:19:32:592</time></pt><pt><x>1036</x><y>426</y><time>15-05-21 14:19:32:790</time></pt><pt><x>1034</x><y>426</y><time>15-05-21 14:19:33:000</time></pt><pt><x>1031</x><y>413</y><time>15-05-21 14:19:33:265</time></pt><closed_date>15-05-21 14:19:33:937</closed_date></polygon></object><object><name>tooth</name><deleted>0</deleted><verified>0</verified><occluded>no</occluded><attributes>26</attributes><parts><hasparts /><ispartof /></parts><date>15-05-21 14:19:50:097</date><id>3</id><type>bounding_box</type><polygon><username>anonymous</username><pt><x>447</x><y>568</y><time>15-05-21 14:19:41:044</time></pt><pt><x>921</x><y>568</y><time>15-05-21 14:19:44:221</time></pt><pt><x>921</x><y>1</y><time>undefined</time></pt><pt><x>447</x><y>1</y><time>undefined</time></pt><closed_date>15-05-21 14:19:44:221</closed_date></polygon></object><object><name>tooth</name><deleted>0</deleted><verified>0</verified><occluded>no</occluded><attributes>25</attributes><parts><hasparts>5,6</hasparts><ispartof /></parts><date>15-05-21 14:20:14:929</date><id>4</id><type>bounding_box</type><polygon><username>anonymous</username><pt><x>174</x><y>561</y><time>15-05-21 14:20:05:709</time></pt><pt><x>534</x><y>561</y><time>15-05-21 14:20:08:699</time></pt><pt><x>534</x><y>2</y><time>undefined</time></pt><pt><x>174</x><y>2</y><time>undefined</time></pt><closed_date>15-05-21 14:20:08:699</closed_date></polygon></object><object><name>root canal treatment</name><deleted>0</deleted><verified>0</verified><occluded>no</occluded><attributes /><parts><hasparts /><ispartof>4</ispartof></parts><date>15-05-21 14:21:11:011</date><id>5</id><polygon><username>anonymous</username><pt><x>332</x><y>328</y><time>15-05-21 14:20:34:152</time></pt><pt><x>337</x><y>268</y><time>15-05-21 14:20:34:759</time></pt><pt><x>351</x><y>218</y><time>15-05-21 14:20:35:336</time></pt><pt><x>358</x><y>202</y><time>15-05-21 14:20:35:827</time></pt><pt><x>364</x><y>174</y><time>15-05-21 14:20:36:255</time></pt><pt><x>371</x><y>142</y><time>15-05-21 14:20:36:703</time></pt><pt><x>374</x><y>128</y><time>15-05-21 14:20:37:132</time></pt><pt><x>385</x><y>71</y><time>15-05-21 14:20:37:539</time></pt><pt><x>390</x><y>34</y><time>15-05-21 14:20:37:991</time></pt><pt><x>399</x><y>5</y><time>15-05-21 14:20:41:165</time></pt><pt><x>419</x><y>5</y><time>15-05-21 14:20:42:852</time></pt><pt><x>422</x><y>18</y><time>15-05-21 14:20:43:536</time></pt><pt><x>410</x><y>46</y><time>15-05-21 14:20:44:854</time></pt><pt><x>413</x><y>76</y><time>15-05-21 14:20:45:385</time></pt><pt><x>413</x><y>96</y><time>15-05-21 14:20:45:711</time></pt><pt><x>413</x><y>110</y><time>15-05-21 14:20:45:951</time></pt><pt><x>413</x><y>117</y><time>15-05-21 14:20:46:202</time></pt><pt><x>413</x><y>121</y><time>15-05-21 14:20:46:822</time></pt><pt><x>406</x><y>135</y><time>15-05-21 14:20:47:311</time></pt><pt><x>422</x><y>96</y><time>15-05-21 14:20:48:413</time></pt><pt><x>438</x><y>57</y><time>15-05-21 14:20:48:878</time></pt><pt><x>440</x><y>41</y><time>15-05-21 14:20:49:274</time></pt><pt><x>451</x><y>7</y><time>15-05-21 14:20:50:247</time></pt><pt><x>474</x><y>0</y><time>15-05-21 14:20:51:528</time></pt><pt><x>481</x><y>14</y><time>15-05-21 14:20:52:152</time></pt><pt><x>470</x><y>39</y><time>15-05-21 14:20:53:754</time></pt><pt><x>458</x><y>78</y><time>15-05-21 14:20:54:528</time></pt><pt><x>454</x><y>112</y><time>15-05-21 14:20:55:046</time></pt><pt><x>442</x><y>149</y><time>15-05-21 14:20:55:440</time></pt><pt><x>440</x><y>160</y><time>15-05-21 14:20:55:735</time></pt><pt><x>438</x><y>190</y><time>15-05-21 14:20:56:009</time></pt><pt><x>438</x><y>204</y><time>15-05-21 14:20:56:192</time></pt><pt><x>438</x><y>215</y><time>15-05-21 14:20:56:399</time></pt><pt><x>438</x><y>238</y><time>15-05-21 14:20:56:600</time></pt><pt><x>431</x><y>254</y><time>15-05-21 14:20:56:799</time></pt><pt><x>429</x><y>268</y><time>15-05-21 14:20:57:000</time></pt><pt><x>426</x><y>282</y><time>15-05-21 14:20:57:192</time></pt><pt><x>424</x><y>291</y><time>15-05-21 14:20:57:403</time></pt><pt><x>422</x><y>300</y><time>15-05-21 14:20:57:608</time></pt><pt><x>417</x><y>314</y><time>15-05-21 14:20:57:823</time></pt><pt><x>413</x><y>321</y><time>15-05-21 14:20:58:048</time></pt><pt><x>413</x><y>321</y><time>15-05-21 14:20:58:244</time></pt><pt><x>408</x><y>321</y><time>15-05-21 14:20:58:512</time></pt><pt><x>399</x><y>319</y><time>15-05-21 14:20:58:682</time></pt><pt><x>392</x><y>314</y><time>15-05-21 14:20:58:902</time></pt><pt><x>383</x><y>309</y><time>15-05-21 14:20:59:135</time></pt><pt><x>371</x><y>303</y><time>15-05-21 14:20:59:351</time></pt><pt><x>367</x><y>303</y><time>15-05-21 14:20:59:535</time></pt><pt><x>358</x><y>300</y><time>15-05-21 14:20:59:750</time></pt><pt><x>341</x><y>305</y><time>15-05-21 14:20:59:951</time></pt><closed_date>15-05-21 14:21:00:167</closed_date></polygon></object><object><name>restoration</name><deleted>0</deleted><verified>0</verified><occluded>no</occluded><attributes /><parts><hasparts /><ispartof>4</ispartof></parts><date>15-05-21 14:21:42:178</date><id>6</id><polygon><username>anonymous</username><pt><x>268</x><y>364</y><time>15-05-21 14:21:19:829</time></pt><pt><x>300</x><y>330</y><time>15-05-21 14:21:20:519</time></pt><pt><x>330</x><y>316</y><time>15-05-21 14:21:21:031</time></pt><pt><x>346</x><y>312</y><time>15-05-21 14:21:21:481</time></pt><pt><x>383</x><y>303</y><time>15-05-21 14:21:22:064</time></pt><pt><x>419</x><y>298</y><time>15-05-21 14:21:22:688</time></pt><pt><x>447</x><y>325</y><time>15-05-21 14:21:23:232</time></pt><pt><x>470</x><y>348</y><time>15-05-21 14:21:24:065</time></pt><pt><x>479</x><y>362</y><time>15-05-21 14:21:24:496</time></pt><pt><x>481</x><y>387</y><time>15-05-21 14:21:24:903</time></pt><pt><x>490</x><y>406</y><time>15-05-21 14:21:26:561</time></pt><pt><x>490</x><y>431</y><time>15-05-21 14:21:26:975</time></pt><pt><x>479</x><y>447</y><time>15-05-21 14:21:27:271</time></pt><pt><x>472</x><y>461</y><time>15-05-21 14:21:27:527</time></pt><pt><x>465</x><y>472</y><time>15-05-21 14:21:27:784</time></pt><pt><x>449</x><y>493</y><time>15-05-21 14:21:28:260</time></pt><pt><x>445</x><y>495</y><time>15-05-21 14:21:28:552</time></pt><pt><x>429</x><y>504</y><time>15-05-21 14:21:28:845</time></pt><pt><x>403</x><y>518</y><time>15-05-21 14:21:29:174</time></pt><pt><x>394</x><y>525</y><time>15-05-21 14:21:29:455</time></pt><pt><x>371</x><y>539</y><time>15-05-21 14:21:29:770</time></pt><pt><x>353</x><y>543</y><time>15-05-21 14:21:30:055</time></pt><pt><x>316</x><y>543</y><time>15-05-21 14:21:30:518</time></pt><pt><x>298</x><y>543</y><time>15-05-21 14:21:30:815</time></pt><pt><x>275</x><y>539</y><time>15-05-21 14:21:31:103</time></pt><pt><x>264</x><y>534</y><time>15-05-21 14:21:31:368</time></pt><pt><x>257</x><y>525</y><time>15-05-21 14:21:31:603</time></pt><pt><x>250</x><y>502</y><time>15-05-21 14:21:31:862</time></pt><pt><x>236</x><y>490</y><time>15-05-21 14:21:32:103</time></pt><pt><x>218</x><y>481</y><time>15-05-21 14:21:32:376</time></pt><pt><x>209</x><y>477</y><time>15-05-21 14:21:32:599</time></pt><pt><x>202</x><y>477</y><time>15-05-21 14:21:32:854</time></pt><pt><x>199</x><y>477</y><time>15-05-21 14:21:33:007</time></pt><pt><x>188</x><y>470</y><time>15-05-21 14:21:33:471</time></pt><pt><x>183</x><y>454</y><time>15-05-21 14:21:33:727</time></pt><pt><x>181</x><y>447</y><time>15-05-21 14:21:33:951</time></pt><pt><x>181</x><y>438</y><time>15-05-21 14:21:34:199</time></pt><pt><x>181</x><y>417</y><time>15-05-21 14:21:34:455</time></pt><pt><x>181</x><y>406</y><time>15-05-21 14:21:34:712</time></pt><pt><x>181</x><y>394</y><time>15-05-21 14:21:34:975</time></pt><pt><x>188</x><y>378</y><time>15-05-21 14:21:35:232</time></pt><pt><x>202</x><y>364</y><time>15-05-21 14:21:35:452</time></pt><pt><x>204</x><y>364</y><time>15-05-21 14:21:35:681</time></pt><pt><x>222</x><y>364</y><time>15-05-21 14:21:35:910</time></pt><pt><x>231</x><y>364</y><time>15-05-21 14:21:36:136</time></pt><pt><x>245</x><y>364</y><time>15-05-21 14:21:36:392</time></pt><closed_date>15-05-21 14:21:36:657</closed_date></polygon></object><object><name>tooth</name><deleted>0</deleted><verified>0</verified><occluded>no</occluded><attributes>24</attributes><parts><hasparts /><ispartof /></parts><date>15-05-21 14:22:08:048</date><id>7</id><type>bounding_box</type><polygon><username>anonymous</username><pt><x>2</x><y>568</y><time>15-05-21 14:21:56:553</time></pt><pt><x>266</x><y>568</y><time>15-05-21 14:22:00:018</time></pt><pt><x>266</x><y>9</y><time>undefined</time></pt><pt><x>2</x><y>9</y><time>undefined</time></pt><closed_date>15-05-21 14:22:00:018</closed_date></polygon></object><object><name>tooth</name><deleted>0</deleted><verified>0</verified><occluded>no</occluded><attributes>38</attributes><parts><hasparts /><ispartof /></parts><date>15-05-21 14:22:46:733</date><id>8</id><type>bounding_box</type><polygon><username>anonymous</username><pt><x>1364</x><y>1063</y><time>15-05-21 14:22:19:685</time></pt><pt><x>1617</x><y>1063</y><time>15-05-21 14:22:41:192</time></pt><pt><x>1617</x><y>401</y><time>undefined</time></pt><pt><x>1364</x><y>401</y><time>undefined</time></pt><closed_date>15-05-21 14:22:41:192</closed_date></polygon></object><object><name>tooth</name><deleted>0</deleted><verified>0</verified><occluded>no</occluded><attributes>37</attributes><parts><hasparts>10</hasparts><ispartof /></parts><date>15-05-21 14:23:17:846</date><id>9</id><type>bounding_box</type><polygon><username>anonymous</username><pt><x>903</x><y>1247</y><time>15-05-21 14:23:08:005</time></pt><pt><x>1497</x><y>1247</y><time>15-05-21 14:23:11:188</time></pt><pt><x>1497</x><y>534</y><time>undefined</time></pt><pt><x>903</x><y>534</y><time>undefined</time></pt><closed_date>15-05-21 14:23:11:188</closed_date></polygon></object><object><name>restoration</name><deleted>0</deleted><verified>0</verified><occluded>no</occluded><attributes /><parts><hasparts /><ispartof>9</ispartof></parts><date>15-05-21 14:23:59:794</date><id>10</id><polygon><username>anonymous</username><pt><x>1050</x><y>633</y><time>15-05-21 14:23:47:112</time></pt><pt><x>1061</x><y>681</y><time>15-05-21 14:23:47:582</time></pt><pt><x>1075</x><y>701</y><time>15-05-21 14:23:48:015</time></pt><pt><x>1089</x><y>701</y><time>15-05-21 14:23:48:339</time></pt><pt><x>1109</x><y>697</y><time>15-05-21 14:23:48:831</time></pt><pt><x>1118</x><y>697</y><time>15-05-21 14:23:49:191</time></pt><pt><x>1118</x><y>694</y><time>15-05-21 14:23:49:511</time></pt><pt><x>1125</x><y>674</y><time>15-05-21 14:23:49:823</time></pt><pt><x>1125</x><y>660</y><time>15-05-21 14:23:50:123</time></pt><pt><x>1125</x><y>633</y><time>15-05-21 14:23:50:783</time></pt><pt><x>1116</x><y>616</y><time>15-05-21 14:23:51:158</time></pt><pt><x>1114</x><y>607</y><time>15-05-21 14:23:51:559</time></pt><pt><x>1107</x><y>587</y><time>15-05-21 14:23:52:342</time></pt><pt><x>1086</x><y>587</y><time>15-05-21 14:23:53:169</time></pt><pt><x>1063</x><y>596</y><time>15-05-21 14:23:53:934</time></pt><pt><x>1056</x><y>596</y><time>15-05-21 14:23:54:552</time></pt><closed_date>15-05-21 14:23:55:703</closed_date></polygon></object><object><name>tooth</name><deleted>0</deleted><verified>0</verified><occluded>no</occluded><attributes>36</attributes><parts><hasparts>12,13,14</hasparts><ispartof /></parts><date>15-05-21 14:24:14:552</date><id>11</id><type>bounding_box</type><polygon><username>anonymous</username><pt><x>438</x><y>626</y><time>15-05-21 14:24:04:866</time></pt><pt><x>921</x><y>626</y><time>15-05-21 14:24:09:767</time></pt><pt><x>921</x><y>1244</y><time>undefined</time></pt><pt><x>438</x><y>1244</y><time>undefined</time></pt><closed_date>15-05-21 14:24:09:767</closed_date></polygon></object><object><name>restoration</name><deleted>0</deleted><verified>0</verified><occluded>no</occluded><attributes /><parts><hasparts /><ispartof>11</ispartof></parts><date>15-05-21 14:24:47:158</date><id>12</id><polygon><username>anonymous</username><pt><x>578</x><y>676</y><time>15-05-21 14:24:38:281</time></pt><pt><x>564</x><y>708</y><time>15-05-21 14:24:39:062</time></pt><pt><x>566</x><y>729</y><time>15-05-21 14:24:39:656</time></pt><pt><x>571</x><y>740</y><time>15-05-21 14:24:39:967</time></pt><pt><x>573</x><y>743</y><time>15-05-21 14:24:40:232</time></pt><pt><x>582</x><y>745</y><time>15-05-21 14:24:40:479</time></pt><pt><x>600</x><y>738</y><time>15-05-21 14:24:40:915</time></pt><pt><x>616</x><y>733</y><time>15-05-21 14:24:41:191</time></pt><pt><x>619</x><y>733</y><time>15-05-21 14:24:41:407</time></pt><pt><x>621</x><y>733</y><time>15-05-21 14:24:41:632</time></pt><pt><x>630</x><y>733</y><time>15-05-21 14:24:41:895</time></pt><pt><x>628</x><y>715</y><time>15-05-21 14:24:42:431</time></pt><pt><x>626</x><y>710</y><time>15-05-21 14:24:42:672</time></pt><pt><x>621</x><y>701</y><time>15-05-21 14:24:42:888</time></pt><pt><x>621</x><y>690</y><time>15-05-21 14:24:43:110</time></pt><pt><x>621</x><y>685</y><time>15-05-21 14:24:43:327</time></pt><pt><x>623</x><y>683</y><time>15-05-21 14:24:43:587</time></pt><pt><x>621</x><y>678</y><time>15-05-21 14:24:43:896</time></pt><pt><x>607</x><y>671</y><time>15-05-21 14:24:44:150</time></pt><pt><x>603</x><y>669</y><time>15-05-21 14:24:44:342</time></pt><closed_date>15-05-21 14:24:44:559</closed_date></polygon></object><object><name>restoration</name><deleted>1</deleted><verified>0</verified><occluded>no</occluded><attributes /><parts><hasparts /><ispartof>11</ispartof></parts><date>15-05-21 14:25:22:335</date><id>13</id><polygon><username>anonymous</username><pt><x>653</x><y>729</y><time>15-05-21 14:24:53:881</time></pt><pt><x>671</x><y>756</y><time>15-05-21 14:24:55:247</time></pt><pt><x>704</x><y>761</y><time>15-05-21 14:24:55:695</time></pt><pt><x>710</x><y>761</y><time>15-05-21 14:24:56:063</time></pt><pt><x>717</x><y>761</y><time>15-05-21 14:24:56:543</time></pt><pt><x>717</x><y>754</y><time>15-05-21 14:24:56:871</time></pt><pt><x>720</x><y>752</y><time>15-05-21 14:24:57:149</time></pt><pt><x>724</x><y>743</y><time>15-05-21 14:24:57:392</time></pt><pt><x>724</x><y>738</y><time>15-05-21 14:24:57:623</time></pt><pt><x>724</x><y>731</y><time>15-05-21 14:24:57:872</time></pt><pt><x>724</x><y>729</y><time>15-05-21 14:24:58:071</time></pt><pt><x>724</x><y>729</y><time>15-05-21 14:24:58:564</time></pt><pt><x>731</x><y>729</y><time>15-05-21 14:24:58:759</time></pt><pt><x>733</x><y>736</y><time>15-05-21 14:24:58:995</time></pt><pt><x>738</x><y>745</y><time>15-05-21 14:24:59:232</time></pt><pt><x>743</x><y>747</y><time>15-05-21 14:24:59:635</time></pt><pt><x>747</x><y>747</y><time>15-05-21 14:24:59:848</time></pt><pt><x>749</x><y>752</y><time>15-05-21 14:25:00:087</time></pt><pt><x>754</x><y>752</y><time>15-05-21 14:25:00:295</time></pt><pt><x>763</x><y>752</y><time>15-05-21 14:25:00:511</time></pt><pt><x>770</x><y>752</y><time>15-05-21 14:25:00:719</time></pt><pt><x>779</x><y>747</y><time>15-05-21 14:25:00:951</time></pt><pt><x>781</x><y>747</y><time>15-05-21 14:25:01:183</time></pt><pt><x>781</x><y>747</y><time>15-05-21 14:25:01:395</time></pt><pt><x>781</x><y>747</y><time>15-05-21 14:25:01:643</time></pt><pt><x>800</x><y>740</y><time>15-05-21 14:25:01:878</time></pt><pt><x>800</x><y>740</y><time>15-05-21 14:25:02:483</time></pt><pt><x>802</x><y>740</y><time>15-05-21 14:25:02:723</time></pt><pt><x>804</x><y>747</y><time>15-05-21 14:25:02:961</time></pt><pt><x>814</x><y>749</y><time>15-05-21 14:25:09:122</time></pt><pt><x>836</x><y>749</y><time>15-05-21 14:25:09:760</time></pt><pt><x>843</x><y>736</y><time>15-05-21 14:25:10:247</time></pt><pt><x>846</x><y>717</y><time>15-05-21 14:25:10:650</time></pt><pt><x>846</x><y>706</y><time>15-05-21 14:25:11:038</time></pt><pt><x>855</x><y>688</y><time>15-05-21 14:25:11:358</time></pt><pt><x>853</x><y>676</y><time>15-05-21 14:25:11:951</time></pt><pt><x>818</x><y>676</y><time>15-05-21 14:25:12:368</time></pt><pt><x>809</x><y>685</y><time>15-05-21 14:25:12:766</time></pt><pt><x>802</x><y>688</y><time>15-05-21 14:25:13:055</time></pt><pt><x>791</x><y>688</y><time>15-05-21 14:25:13:335</time></pt><pt><x>800</x><y>662</y><time>15-05-21 14:25:13:950</time></pt><pt><x>800</x><y>649</y><time>15-05-21 14:25:14:375</time></pt><pt><x>768</x><y>644</y><time>15-05-21 14:25:14:760</time></pt><pt><x>761</x><y>662</y><time>15-05-21 14:25:15:125</time></pt><pt><x>729</x><y>671</y><time>15-05-21 14:25:15:423</time></pt><pt><x>726</x><y>676</y><time>15-05-21 14:25:15:664</time></pt><pt><x>720</x><y>681</y><time>15-05-21 14:25:15:958</time></pt><pt><x>706</x><y>688</y><time>15-05-21 14:25:16:218</time></pt><pt><x>701</x><y>694</y><time>15-05-21 14:25:16:489</time></pt><pt><x>701</x><y>708</y><time>15-05-21 14:25:17:375</time></pt><pt><x>681</x><y>724</y><time>15-05-21 14:25:17:672</time></pt><closed_date>15-05-21 14:25:18:317</closed_date></polygon></object><object><name>restoration</name><deleted>0</deleted><verified>0</verified><occluded>no</occluded><attributes /><parts><hasparts /><ispartof>11</ispartof></parts><date>15-05-21 14:26:08:391</date><id>14</id><polygon><username>anonymous</username><pt><x>662</x><y>722</y><time>15-05-21 14:25:45:795</time></pt><pt><x>676</x><y>749</y><time>15-05-21 14:25:46:295</time></pt><pt><x>701</x><y>763</y><time>15-05-21 14:25:46:743</time></pt><pt><x>722</x><y>761</y><time>15-05-21 14:25:47:039</time></pt><pt><x>731</x><y>747</y><time>15-05-21 14:25:47:528</time></pt><pt><x>720</x><y>720</y><time>15-05-21 14:25:48:080</time></pt><pt><x>731</x><y>736</y><time>15-05-21 14:25:52:705</time></pt><pt><x>747</x><y>754</y><time>15-05-21 14:25:53:238</time></pt><pt><x>754</x><y>754</y><time>15-05-21 14:25:53:507</time></pt><pt><x>775</x><y>752</y><time>15-05-21 14:25:54:119</time></pt><pt><x>784</x><y>740</y><time>15-05-21 14:25:54:400</time></pt><pt><x>786</x><y>736</y><time>15-05-21 14:25:54:639</time></pt><pt><x>788</x><y>738</y><time>15-05-21 14:25:55:065</time></pt><pt><x>795</x><y>745</y><time>15-05-21 14:25:55:488</time></pt><pt><x>798</x><y>749</y><time>15-05-21 14:25:55:712</time></pt><pt><x>807</x><y>749</y><time>15-05-21 14:25:55:944</time></pt><pt><x>818</x><y>749</y><time>15-05-21 14:25:56:150</time></pt><pt><x>825</x><y>749</y><time>15-05-21 14:25:56:384</time></pt><pt><x>834</x><y>745</y><time>15-05-21 14:25:56:623</time></pt><pt><x>841</x><y>726</y><time>15-05-21 14:25:56:871</time></pt><pt><x>841</x><y>722</y><time>15-05-21 14:25:57:095</time></pt><pt><x>841</x><y>706</y><time>15-05-21 14:25:57:576</time></pt><pt><x>843</x><y>690</y><time>15-05-21 14:25:57:998</time></pt><pt><x>843</x><y>688</y><time>15-05-21 14:25:58:264</time></pt><pt><x>834</x><y>681</y><time>15-05-21 14:25:58:520</time></pt><pt><x>814</x><y>681</y><time>15-05-21 14:25:58:752</time></pt><pt><x>804</x><y>683</y><time>15-05-21 14:25:59:002</time></pt><pt><x>791</x><y>688</y><time>15-05-21 14:25:59:199</time></pt><pt><x>788</x><y>692</y><time>15-05-21 14:25:59:432</time></pt><pt><x>786</x><y>681</y><time>15-05-21 14:25:59:721</time></pt><pt><x>784</x><y>667</y><time>15-05-21 14:25:59:992</time></pt><pt><x>784</x><y>658</y><time>15-05-21 14:26:00:448</time></pt><pt><x>786</x><y>646</y><time>15-05-21 14:26:00:821</time></pt><pt><x>722</x><y>690</y><time>15-05-21 14:26:02:143</time></pt><pt><x>720</x><y>715</y><time>15-05-21 14:26:03:938</time></pt><pt><x>701</x><y>717</y><time>15-05-21 14:26:04:543</time></pt><pt><x>692</x><y>724</y><time>15-05-21 14:26:04:873</time></pt><closed_date>15-05-21 14:26:05:167</closed_date></polygon></object><object><name>tooth</name><deleted>0</deleted><verified>0</verified><occluded>no</occluded><attributes>35</attributes><parts><hasparts /><ispartof /></parts><date>15-05-21 14:26:19:281</date><id>15</id><type>bounding_box</type><polygon><username>anonymous</username><pt><x>144</x><y>626</y><time>15-05-21 14:26:11:956</time></pt><pt><x>479</x><y>626</y><time>15-05-21 14:26:14:868</time></pt><pt><x>479</x><y>1247</y><time>undefined</time></pt><pt><x>144</x><y>1247</y><time>undefined</time></pt><closed_date>15-05-21 14:26:14:868</closed_date></polygon></object><object><name>tooth</name><deleted>0</deleted><verified>0</verified><occluded>no</occluded><attributes>34</attributes><parts><hasparts /><ispartof /></parts><date>15-05-21 14:26:45:056</date><id>16</id><type>bounding_box</type><polygon><username>anonymous</username><pt><x>167</x><y>635</y><time>15-05-21 14:26:34:204</time></pt><pt><x>2</x><y>635</y><time>15-05-21 14:26:40:433</time></pt><pt><x>2</x><y>1189</y><time>undefined</time></pt><pt><x>167</x><y>1189</y><time>undefined</time></pt><closed_date>15-05-21 14:26:40:433</closed_date></polygon></object><imagesize><nrows /><ncols /></imagesize></annotation>