<?xml version='1.0' encoding='UTF-8'?>
<annotation><filename>imagem-006.jpg</filename><folder>segmentation_xray</folder><source><sourceImage>The MIT-CSAIL database of objects and scenes</sourceImage><sourceAnnotation>LabelMe Webtool</sourceAnnotation></source><object><name>tooth</name><deleted>0</deleted><verified>0</verified><occluded>no</occluded><attributes>16</attributes><parts><hasparts /><ispartof /></parts><date>19-05-21 08:50:20:220</date><id>0</id><type>bounding_box</type><polygon><username>anonymous</username><pt><x>1422</x><y>36</y><time>19-05-21 08:50:10:945</time></pt><pt><x>243</x><y>36</y><time>19-05-21 08:50:14:845</time></pt><pt><x>243</x><y>1546</y><time>undefined</time></pt><pt><x>1422</x><y>1546</y><time>undefined</time></pt><closed_date>19-05-21 08:50:14:845</closed_date></polygon></object><object><name>tooth</name><deleted>0</deleted><verified>0</verified><occluded>no</occluded><attributes>15</attributes><parts><hasparts /><ispartof /></parts><date>19-05-21 08:50:31:360</date><id>1</id><type>bounding_box</type><polygon><username>anonymous</username><pt><x>2074</x><y>41</y><time>19-05-21 08:50:22:560</time></pt><pt><x>1324</x><y>41</y><time>19-05-21 08:50:25:541</time></pt><pt><x>1324</x><y>1634</y><time>undefined</time></pt><pt><x>2074</x><y>1634</y><time>undefined</time></pt><closed_date>19-05-21 08:50:25:541</closed_date></polygon></object><object><name>tooth</name><deleted>0</deleted><verified>0</verified><occluded>no</occluded><attributes>14</attributes><parts><hasparts /><ispartof /></parts><date>19-05-21 08:50:41:189</date><id>2</id><type>bounding_box</type><polygon><username>anonymous</username><pt><x>2922</x><y>1717</y><time>19-05-21 08:50:34:019</time></pt><pt><x>2074</x><y>1717</y><time>19-05-21 08:50:36:220</time></pt><pt><x>2074</x><y>52</y><time>undefined</time></pt><pt><x>2922</x><y>52</y><time>undefined</time></pt><closed_date>19-05-21 08:50:36:221</closed_date></polygon></object><object><name>tooth</name><deleted>0</deleted><verified>0</verified><occluded>no</occluded><attributes>13</attributes><parts><hasparts /><ispartof /></parts><date>19-05-21 08:50:54:101</date><id>3</id><type>bounding_box</type><polygon><username>anonymous</username><pt><x>3957</x><y>1769</y><time>19-05-21 08:50:44:641</time></pt><pt><x>2695</x><y>1769</y><time>19-05-21 08:50:48:207</time></pt><pt><x>2695</x><y>26</y><time>undefined</time></pt><pt><x>3957</x><y>26</y><time>undefined</time></pt><closed_date>19-05-21 08:50:48:207</closed_date></polygon></object><object><name>tooth</name><deleted>0</deleted><verified>0</verified><occluded>no</occluded><attributes>12</attributes><parts><hasparts /><ispartof /></parts><date>19-05-21 08:51:05:322</date><id>4</id><type>bounding_box</type><polygon><username>anonymous</username><pt><x>4076</x><y>1469</y><time>19-05-21 08:50:58:579</time></pt><pt><x>3626</x><y>1469</y><time>19-05-21 08:51:00:797</time></pt><pt><x>3626</x><y>114</y><time>undefined</time></pt><pt><x>4076</x><y>114</y><time>undefined</time></pt><closed_date>19-05-21 08:51:00:797</closed_date></polygon></object><object><name>tooth</name><deleted>0</deleted><verified>0</verified><occluded>no</occluded><attributes>47</attributes><parts><hasparts /><ispartof /></parts><date>19-05-21 08:51:16:810</date><id>5</id><type>bounding_box</type><polygon><username>anonymous</username><pt><x>57</x><y>1614</y><time>19-05-21 08:51:07:829</time></pt><pt><x>791</x><y>1614</y><time>19-05-21 08:51:11:135</time></pt><pt><x>791</x><y>3088</y><time>undefined</time></pt><pt><x>57</x><y>3088</y><time>undefined</time></pt><closed_date>19-05-21 08:51:11:136</closed_date></polygon></object><object><name>tooth</name><deleted>0</deleted><verified>0</verified><occluded>no</occluded><attributes>46</attributes><parts><hasparts /><ispartof /></parts><date>19-05-21 08:51:26:782</date><id>6</id><type>bounding_box</type><polygon><username>anonymous</username><pt><x>1909</x><y>3129</y><time>19-05-21 08:51:18:987</time></pt><pt><x>641</x><y>3129</y><time>19-05-21 08:51:21:539</time></pt><pt><x>641</x><y>1650</y><time>undefined</time></pt><pt><x>1909</x><y>1650</y><time>undefined</time></pt><closed_date>19-05-21 08:51:21:539</closed_date></polygon></object><object><name>tooth</name><deleted>0</deleted><verified>0</verified><occluded>no</occluded><attributes>45</attributes><parts><hasparts /><ispartof /></parts><date>19-05-21 08:51:44:330</date><id>7</id><type>bounding_box</type><polygon><username>anonymous</username><pt><x>2684</x><y>3103</y><time>19-05-21 08:51:34:176</time></pt><pt><x>1852</x><y>3103</y><time>19-05-21 08:51:39:248</time></pt><pt><x>1852</x><y>1909</y><time>undefined</time></pt><pt><x>2684</x><y>1909</y><time>undefined</time></pt><closed_date>19-05-21 08:51:39:249</closed_date></polygon></object><object><name>tooth</name><deleted>0</deleted><verified>0</verified><occluded>no</occluded><attributes>44</attributes><parts><hasparts /><ispartof /></parts><date>19-05-21 08:52:12:364</date><id>8</id><type>bounding_box</type><polygon><username>anonymous</username><pt><x>3439</x><y>3098</y><time>19-05-21 08:51:45:914</time></pt><pt><x>2684</x><y>3098</y><time>19-05-21 08:51:48:229</time></pt><pt><x>2684</x><y>1888</y><time>undefined</time></pt><pt><x>3439</x><y>1888</y><time>undefined</time></pt><closed_date>19-05-21 08:51:48:229</closed_date></polygon></object><object><name>tooth</name><deleted>0</deleted><verified>0</verified><occluded>no</occluded><attributes>43</attributes><parts><hasparts /><ispartof /></parts><date>19-05-21 08:52:22:467</date><id>9</id><type>bounding_box</type><polygon><username>anonymous</username><pt><x>4081</x><y>1831</y><time>19-05-21 08:52:14:840</time></pt><pt><x>3424</x><y>1831</y><time>19-05-21 08:52:16:968</time></pt><pt><x>3424</x><y>3108</y><time>undefined</time></pt><pt><x>4081</x><y>3108</y><time>undefined</time></pt><closed_date>19-05-21 08:52:16:968</closed_date></polygon></object><imagesize><nrows /><ncols /></imagesize></annotation>