<?xml version='1.0' encoding='UTF-8'?>
<annotation><filename>imagem-057.jpg</filename><folder>segmentation_xray</folder><source><sourceImage>The MIT-CSAIL database of objects and scenes</sourceImage><sourceAnnotation>LabelMe Webtool</sourceAnnotation></source><object><name>tooth</name><deleted>0</deleted><verified>0</verified><occluded>no</occluded><attributes>27</attributes><parts><hasparts /><ispartof>8</ispartof></parts><date>19-05-21 09:43:14:237</date><id>0</id><type>bounding_box</type><polygon><username>anonymous</username><pt><x>1129</x><y>8</y><time>19-05-21 09:43:03:955</time></pt><pt><x>765</x><y>8</y><time>19-05-21 09:43:06:831</time></pt><pt><x>765</x><y>396</y><time>undefined</time></pt><pt><x>1129</x><y>396</y><time>undefined</time></pt><closed_date>19-05-21 09:43:06:831</closed_date></polygon></object><object><name>tooth</name><deleted>0</deleted><verified>0</verified><occluded>no</occluded><attributes>26</attributes><parts><hasparts>9</hasparts><ispartof /></parts><date>19-05-21 09:43:33:243</date><id>1</id><type>bounding_box</type><polygon><username>anonymous</username><pt><x>406</x><y>5</y><time>19-05-21 09:43:24:843</time></pt><pt><x>785</x><y>5</y><time>19-05-21 09:43:28:043</time></pt><pt><x>785</x><y>441</y><time>undefined</time></pt><pt><x>406</x><y>441</y><time>undefined</time></pt><closed_date>19-05-21 09:43:28:044</closed_date></polygon></object><object><name>tooth</name><deleted>0</deleted><verified>0</verified><occluded>no</occluded><attributes>24</attributes><parts><hasparts>10</hasparts><ispartof /></parts><date>19-05-21 09:43:45:870</date><id>2</id><type>bounding_box</type><polygon><username>anonymous</username><pt><x>150</x><y>11</y><time>19-05-21 09:43:36:612</time></pt><pt><x>424</x><y>11</y><time>19-05-21 09:43:41:655</time></pt><pt><x>424</x><y>435</y><time>undefined</time></pt><pt><x>150</x><y>435</y><time>undefined</time></pt><closed_date>19-05-21 09:43:41:655</closed_date></polygon></object><object><name>tooth</name><deleted>0</deleted><verified>0</verified><occluded>no</occluded><attributes>23</attributes><parts><hasparts /><ispartof /></parts><date>19-05-21 09:48:01:799</date><id>3</id><type>bounding_box</type><polygon><username>anonymous</username><pt><x>22</x><y>441</y><time>19-05-21 09:47:41:957</time></pt><pt><x>179</x><y>441</y><time>19-05-21 09:47:57:090</time></pt><pt><x>179</x><y>17</y><time>undefined</time></pt><pt><x>22</x><y>17</y><time>undefined</time></pt><closed_date>19-05-21 09:47:57:090</closed_date></polygon></object><object><name>tooth</name><deleted>0</deleted><verified>0</verified><occluded>no</occluded><attributes>37</attributes><parts><hasparts>7</hasparts><ispartof /></parts><date>19-05-21 09:48:30:986</date><id>4</id><type>bounding_box</type><polygon><username>anonymous</username><pt><x>1093</x><y>950</y><time>19-05-21 09:48:20:828</time></pt><pt><x>625</x><y>950</y><time>19-05-21 09:48:24:158</time></pt><pt><x>625</x><y>402</y><time>undefined</time></pt><pt><x>1093</x><y>402</y><time>undefined</time></pt><closed_date>19-05-21 09:48:24:158</closed_date></polygon></object><object><name>tooth</name><deleted>0</deleted><verified>0</verified><occluded>no</occluded><attributes>36</attributes><parts><hasparts>8</hasparts><ispartof /></parts><date>19-05-21 09:48:52:383</date><id>5</id><type>bounding_box</type><polygon><username>anonymous</username><pt><x>259</x><y>445</y><time>19-05-21 09:48:40:094</time></pt><pt><x>707</x><y>445</y><time>19-05-21 09:48:44:480</time></pt><pt><x>707</x><y>945</y><time>undefined</time></pt><pt><x>259</x><y>945</y><time>undefined</time></pt><closed_date>19-05-21 09:48:44:481</closed_date></polygon></object><object><name>tooth</name><deleted>0</deleted><verified>0</verified><occluded>no</occluded><attributes>34</attributes><parts><hasparts /><ispartof /></parts><date>19-05-21 09:49:06:557</date><id>6</id><type>bounding_box</type><polygon><username>anonymous</username><pt><x>8</x><y>469</y><time>19-05-21 09:48:56:191</time></pt><pt><x>301</x><y>469</y><time>19-05-21 09:48:58:865</time></pt><pt><x>301</x><y>945</y><time>undefined</time></pt><pt><x>8</x><y>945</y><time>undefined</time></pt><closed_date>19-05-21 09:48:58:866</closed_date></polygon></object><object><name>restoration</name><deleted>0</deleted><verified>0</verified><occluded>no</occluded><attributes /><parts><hasparts /><ispartof>4</ispartof></parts><date>19-05-21 09:49:47:324</date><id>7</id><polygon><username>anonymous</username><pt><x>992</x><y>424</y><time>19-05-21 09:49:32:984</time></pt><pt><x>959</x><y>450</y><time>19-05-21 09:49:33:624</time></pt><pt><x>938</x><y>501</y><time>19-05-21 09:49:34:487</time></pt><pt><x>910</x><y>561</y><time>19-05-21 09:49:35:227</time></pt><pt><x>864</x><y>593</y><time>19-05-21 09:49:35:848</time></pt><pt><x>800</x><y>618</y><time>19-05-21 09:49:36:502</time></pt><pt><x>754</x><y>618</y><time>19-05-21 09:49:37:168</time></pt><pt><x>716</x><y>606</y><time>19-05-21 09:49:37:762</time></pt><pt><x>693</x><y>596</y><time>19-05-21 09:49:38:339</time></pt><pt><x>667</x><y>589</y><time>19-05-21 09:49:38:932</time></pt><pt><x>642</x><y>558</y><time>19-05-21 09:49:39:623</time></pt><pt><x>640</x><y>511</y><time>19-05-21 09:49:40:215</time></pt><pt><x>640</x><y>503</y><time>19-05-21 09:49:40:737</time></pt><pt><x>684</x><y>501</y><time>19-05-21 09:49:41:265</time></pt><pt><x>754</x><y>494</y><time>19-05-21 09:49:41:769</time></pt><pt><x>822</x><y>481</y><time>19-05-21 09:49:42:256</time></pt><pt><x>888</x><y>456</y><time>19-05-21 09:49:42:744</time></pt><pt><x>942</x><y>438</y><time>19-05-21 09:49:43:215</time></pt><closed_date>19-05-21 09:49:43:686</closed_date></polygon></object><object><name>restoration</name><deleted>0</deleted><verified>0</verified><occluded>no</occluded><attributes /><parts><hasparts /><ispartof>5</ispartof></parts><date>19-05-21 09:50:20:734</date><id>8</id><polygon><username>anonymous</username><pt><x>593</x><y>545</y><time>19-05-21 09:49:55:432</time></pt><pt><x>553</x><y>548</y><time>19-05-21 09:49:56:493</time></pt><pt><x>523</x><y>553</y><time>19-05-21 09:49:57:275</time></pt><pt><x>509</x><y>561</y><time>19-05-21 09:49:58:584</time></pt><pt><x>509</x><y>584</y><time>19-05-21 09:49:59:169</time></pt><pt><x>536</x><y>584</y><time>19-05-21 09:49:59:779</time></pt><pt><x>553</x><y>615</y><time>19-05-21 09:50:00:786</time></pt><pt><x>550</x><y>639</y><time>19-05-21 09:50:01:347</time></pt><pt><x>539</x><y>671</y><time>19-05-21 09:50:01:908</time></pt><pt><x>486</x><y>688</y><time>19-05-21 09:50:03:035</time></pt><pt><x>444</x><y>688</y><time>19-05-21 09:50:03:533</time></pt><pt><x>397</x><y>690</y><time>19-05-21 09:50:04:143</time></pt><pt><x>364</x><y>667</y><time>19-05-21 09:50:04:903</time></pt><pt><x>378</x><y>631</y><time>19-05-21 09:50:05:392</time></pt><pt><x>396</x><y>595</y><time>19-05-21 09:50:05:930</time></pt><pt><x>386</x><y>572</y><time>19-05-21 09:50:06:409</time></pt><pt><x>372</x><y>561</y><time>19-05-21 09:50:06:882</time></pt><pt><x>340</x><y>540</y><time>19-05-21 09:50:07:450</time></pt><pt><x>338</x><y>520</y><time>19-05-21 09:50:07:991</time></pt><pt><x>338</x><y>517</y><time>19-05-21 09:50:08:524</time></pt><pt><x>368</x><y>517</y><time>19-05-21 09:50:08:987</time></pt><pt><x>433</x><y>520</y><time>19-05-21 09:50:09:564</time></pt><pt><x>517</x><y>503</y><time>19-05-21 09:50:13:002</time></pt><pt><x>573</x><y>477</y><time>19-05-21 09:50:14:115</time></pt><pt><x>606</x><y>492</y><time>19-05-21 09:50:14:790</time></pt><pt><x>623</x><y>520</y><time>19-05-21 09:50:15:566</time></pt><pt><x>610</x><y>539</y><time>19-05-21 09:50:16:326</time></pt><closed_date>19-05-21 09:50:17:249</closed_date></polygon></object><object><name>restoration</name><deleted>0</deleted><verified>0</verified><occluded>no</occluded><attributes /><parts><hasparts /><ispartof>1</ispartof></parts><date>19-05-21 09:50:43:152</date><id>9</id><polygon><username>anonymous</username><pt><x>723</x><y>301</y><time>19-05-21 09:50:26:300</time></pt><pt><x>677</x><y>266</y><time>19-05-21 09:50:26:996</time></pt><pt><x>642</x><y>282</y><time>19-05-21 09:50:27:639</time></pt><pt><x>610</x><y>271</y><time>19-05-21 09:50:28:200</time></pt><pt><x>578</x><y>252</y><time>19-05-21 09:50:28:777</time></pt><pt><x>544</x><y>252</y><time>19-05-21 09:50:29:305</time></pt><pt><x>512</x><y>263</y><time>19-05-21 09:50:29:834</time></pt><pt><x>495</x><y>277</y><time>19-05-21 09:50:30:468</time></pt><pt><x>464</x><y>262</y><time>19-05-21 09:50:30:971</time></pt><pt><x>435</x><y>260</y><time>19-05-21 09:50:31:533</time></pt><pt><x>414</x><y>260</y><time>19-05-21 09:50:32:159</time></pt><pt><x>403</x><y>318</y><time>19-05-21 09:50:32:751</time></pt><pt><x>406</x><y>347</y><time>19-05-21 09:50:33:432</time></pt><pt><x>441</x><y>374</y><time>19-05-21 09:50:34:069</time></pt><pt><x>491</x><y>374</y><time>19-05-21 09:50:34:556</time></pt><pt><x>545</x><y>374</y><time>19-05-21 09:50:35:068</time></pt><pt><x>567</x><y>360</y><time>19-05-21 09:50:35:563</time></pt><pt><x>612</x><y>361</y><time>19-05-21 09:50:36:068</time></pt><pt><x>653</x><y>377</y><time>19-05-21 09:50:36:555</time></pt><pt><x>707</x><y>368</y><time>19-05-21 09:50:37:075</time></pt><pt><x>748</x><y>347</y><time>19-05-21 09:50:37:592</time></pt><pt><x>752</x><y>324</y><time>19-05-21 09:50:38:115</time></pt><pt><x>738</x><y>301</y><time>19-05-21 09:50:38:758</time></pt><closed_date>19-05-21 09:50:39:676</closed_date></polygon></object><object><name>restoration</name><deleted>0</deleted><verified>0</verified><occluded>no</occluded><attributes /><parts><hasparts /><ispartof>2</ispartof></parts><date>19-05-21 09:50:57:829</date><id>10</id><polygon><username>anonymous</username><pt><x>396</x><y>252</y><time>19-05-21 09:50:49:121</time></pt><pt><x>358</x><y>274</y><time>19-05-21 09:50:49:793</time></pt><pt><x>350</x><y>318</y><time>19-05-21 09:50:50:501</time></pt><pt><x>361</x><y>347</y><time>19-05-21 09:50:51:004</time></pt><pt><x>388</x><y>366</y><time>19-05-21 09:50:51:574</time></pt><pt><x>397</x><y>361</y><time>19-05-21 09:50:52:208</time></pt><pt><x>400</x><y>343</y><time>19-05-21 09:50:52:785</time></pt><pt><x>400</x><y>305</y><time>19-05-21 09:50:53:346</time></pt><pt><x>400</x><y>283</y><time>19-05-21 09:50:53:859</time></pt><pt><x>399</x><y>268</y><time>19-05-21 09:50:54:355</time></pt><closed_date>19-05-21 09:50:55:078</closed_date></polygon></object><imagesize><nrows /><ncols /></imagesize></annotation>