<?xml version='1.0' encoding='UTF-8'?>
<annotation><filename>imagem-055.jpg</filename><folder>segmentation_xray</folder><source><sourceImage>The MIT-CSAIL database of objects and scenes</sourceImage><sourceAnnotation>LabelMe Webtool</sourceAnnotation></source><object><name>tooth</name><deleted>0</deleted><verified>0</verified><occluded>no</occluded><attributes>14</attributes><parts><hasparts /><ispartof /></parts><date>18-05-21 20:39:48:173</date><id>0</id><type>bounding_box</type><polygon><username>anonymous</username><pt><x>992</x><y>2</y><time>18-05-21 20:39:14:938</time></pt><pt><x>1218</x><y>2</y><time>18-05-21 20:39:21:196</time></pt><pt><x>1218</x><y>493</y><time>undefined</time></pt><pt><x>992</x><y>493</y><time>undefined</time></pt><closed_date>18-05-21 20:39:21:197</closed_date></polygon></object><object><name>tooth</name><deleted>0</deleted><verified>0</verified><occluded>no</occluded><attributes>15</attributes><parts><hasparts /><ispartof /></parts><date>18-05-21 20:40:19:771</date><id>1</id><type>bounding_box</type><polygon><username>anonymous</username><pt><x>807</x><y>2</y><time>18-05-21 20:40:04:376</time></pt><pt><x>1042</x><y>2</y><time>18-05-21 20:40:14:670</time></pt><pt><x>1042</x><y>497</y><time>undefined</time></pt><pt><x>807</x><y>497</y><time>undefined</time></pt><closed_date>18-05-21 20:40:14:670</closed_date></polygon></object><object><name>tooth</name><deleted>0</deleted><verified>0</verified><occluded>no</occluded><attributes>16</attributes><parts><hasparts>3,4</hasparts><ispartof /></parts><date>18-05-21 20:40:42:163</date><id>2</id><type>bounding_box</type><polygon><username>anonymous</username><pt><x>457</x><y>1</y><time>18-05-21 20:40:26:565</time></pt><pt><x>826</x><y>1</y><time>18-05-21 20:40:36:340</time></pt><pt><x>826</x><y>490</y><time>undefined</time></pt><pt><x>457</x><y>490</y><time>undefined</time></pt><closed_date>18-05-21 20:40:36:341</closed_date></polygon></object><object><name>root canal treatment</name><deleted>0</deleted><verified>0</verified><occluded>no</occluded><attributes>16</attributes><parts><hasparts /><ispartof>2</ispartof></parts><date>18-05-21 20:42:46:280</date><id>3</id><polygon><username>anonymous</username><pt><x>472</x><y>19</y><time>18-05-21 20:41:06:121</time></pt><pt><x>500</x><y>78</y><time>18-05-21 20:41:07:435</time></pt><pt><x>523</x><y>110</y><time>18-05-21 20:41:08:513</time></pt><pt><x>533</x><y>146</y><time>18-05-21 20:41:09:453</time></pt><pt><x>547</x><y>192</y><time>18-05-21 20:41:10:308</time></pt><pt><x>554</x><y>225</y><time>18-05-21 20:41:28:071</time></pt><pt><x>561</x><y>248</y><time>18-05-21 20:41:28:955</time></pt><pt><x>577</x><y>251</y><time>18-05-21 20:41:29:727</time></pt><pt><x>601</x><y>249</y><time>18-05-21 20:41:30:541</time></pt><pt><x>643</x><y>248</y><time>18-05-21 20:41:32:058</time></pt><pt><x>669</x><y>239</y><time>18-05-21 20:41:32:797</time></pt><pt><x>685</x><y>221</y><time>18-05-21 20:41:33:469</time></pt><pt><x>680</x><y>181</y><time>18-05-21 20:41:34:177</time></pt><pt><x>685</x><y>146</y><time>18-05-21 20:41:35:988</time></pt><pt><x>685</x><y>110</y><time>18-05-21 20:41:36:633</time></pt><pt><x>683</x><y>70</y><time>18-05-21 20:41:37:325</time></pt><pt><x>682</x><y>51</y><time>18-05-21 20:41:38:139</time></pt><pt><x>675</x><y>19</y><time>18-05-21 20:41:38:792</time></pt><pt><x>668</x><y>5</y><time>18-05-21 20:41:39:460</time></pt><pt><x>647</x><y>5</y><time>18-05-21 20:41:41:040</time></pt><pt><x>650</x><y>40</y><time>18-05-21 20:41:41:635</time></pt><pt><x>652</x><y>73</y><time>18-05-21 20:41:42:334</time></pt><pt><x>652</x><y>92</y><time>18-05-21 20:41:42:882</time></pt><pt><x>652</x><y>120</y><time>18-05-21 20:41:43:403</time></pt><pt><x>641</x><y>152</y><time>18-05-21 20:41:43:946</time></pt><pt><x>633</x><y>160</y><time>18-05-21 20:41:44:665</time></pt><pt><x>626</x><y>150</y><time>18-05-21 20:41:45:233</time></pt><pt><x>615</x><y>127</y><time>18-05-21 20:41:45:745</time></pt><pt><x>607</x><y>96</y><time>18-05-21 20:41:46:321</time></pt><pt><x>600</x><y>68</y><time>18-05-21 20:41:46:878</time></pt><pt><x>593</x><y>42</y><time>18-05-21 20:41:47:486</time></pt><pt><x>587</x><y>19</y><time>18-05-21 20:41:48:268</time></pt><pt><x>579</x><y>7</y><time>18-05-21 20:41:48:967</time></pt><pt><x>525</x><y>7</y><time>18-05-21 20:41:50:340</time></pt><pt><x>535</x><y>37</y><time>18-05-21 20:41:50:957</time></pt><pt><x>540</x><y>59</y><time>18-05-21 20:41:51:556</time></pt><pt><x>549</x><y>91</y><time>18-05-21 20:41:52:095</time></pt><pt><x>554</x><y>112</y><time>18-05-21 20:41:52:678</time></pt><pt><x>561</x><y>129</y><time>18-05-21 20:41:53:219</time></pt><pt><x>486</x><y>7</y><time>18-05-21 20:41:54:502</time></pt><pt><x>485</x><y>5</y><time>18-05-21 20:41:56:916</time></pt><pt><x>485</x><y>14</y><time>18-05-21 20:42:03:346</time></pt><pt><x>485</x><y>14</y><time>18-05-21 20:42:03:901</time></pt><closed_date>18-05-21 20:42:05:275</closed_date></polygon></object><object><name>restoration</name><deleted>0</deleted><verified>0</verified><occluded>no</occluded><attributes>16</attributes><parts><hasparts /><ispartof>2</ispartof></parts><date>18-05-21 20:44:36:371</date><id>4</id><polygon><username>anonymous</username><pt><x>535</x><y>408</y><time>18-05-21 20:43:40:165</time></pt><pt><x>551</x><y>370</y><time>18-05-21 20:44:09:571</time></pt><pt><x>558</x><y>352</y><time>18-05-21 20:44:10:377</time></pt><pt><x>572</x><y>326</y><time>18-05-21 20:44:10:990</time></pt><pt><x>572</x><y>300</y><time>18-05-21 20:44:11:577</time></pt><pt><x>572</x><y>261</y><time>18-05-21 20:44:12:123</time></pt><pt><x>568</x><y>248</y><time>18-05-21 20:44:13:234</time></pt><pt><x>682</x><y>235</y><time>18-05-21 20:44:14:070</time></pt><pt><x>689</x><y>249</y><time>18-05-21 20:44:14:881</time></pt><pt><x>709</x><y>291</y><time>18-05-21 20:44:15:400</time></pt><pt><x>716</x><y>317</y><time>18-05-21 20:44:16:011</time></pt><pt><x>730</x><y>347</y><time>18-05-21 20:44:16:542</time></pt><pt><x>734</x><y>375</y><time>18-05-21 20:44:17:049</time></pt><pt><x>734</x><y>406</y><time>18-05-21 20:44:17:558</time></pt><pt><x>734</x><y>424</y><time>18-05-21 20:44:18:066</time></pt><pt><x>729</x><y>441</y><time>18-05-21 20:44:18:572</time></pt><pt><x>713</x><y>443</y><time>18-05-21 20:44:19:085</time></pt><pt><x>699</x><y>443</y><time>18-05-21 20:44:19:648</time></pt><pt><x>676</x><y>436</y><time>18-05-21 20:44:20:123</time></pt><pt><x>659</x><y>431</y><time>18-05-21 20:44:20:655</time></pt><pt><x>645</x><y>439</y><time>18-05-21 20:44:21:062</time></pt><pt><x>629</x><y>443</y><time>18-05-21 20:44:21:462</time></pt><pt><x>615</x><y>443</y><time>18-05-21 20:44:21:798</time></pt><pt><x>594</x><y>443</y><time>18-05-21 20:44:22:321</time></pt><pt><x>577</x><y>434</y><time>18-05-21 20:44:23:355</time></pt><pt><x>565</x><y>424</y><time>18-05-21 20:44:23:938</time></pt><closed_date>18-05-21 20:44:25:886</closed_date></polygon></object><object><name>tooth</name><deleted>0</deleted><verified>0</verified><occluded>no</occluded><attributes>17</attributes><parts><hasparts>6</hasparts><ispartof /></parts><date>18-05-21 20:45:47:376</date><id>5</id><type>bounding_box</type><polygon><username>anonymous</username><pt><x>155</x><y>1</y><time>18-05-21 20:45:28:975</time></pt><pt><x>483</x><y>1</y><time>18-05-21 20:45:37:068</time></pt><pt><x>483</x><y>493</y><time>undefined</time></pt><pt><x>155</x><y>493</y><time>undefined</time></pt><closed_date>18-05-21 20:45:37:068</closed_date></polygon></object><object><name>restoration</name><deleted>0</deleted><verified>0</verified><occluded>no</occluded><attributes>17</attributes><parts><hasparts /><ispartof>5</ispartof></parts><date>18-05-21 20:46:25:583</date><id>6</id><polygon><username>anonymous</username><pt><x>272</x><y>408</y><time>18-05-21 20:46:09:795</time></pt><pt><x>281</x><y>383</y><time>18-05-21 20:46:10:939</time></pt><pt><x>305</x><y>377</y><time>18-05-21 20:46:11:520</time></pt><pt><x>329</x><y>377</y><time>18-05-21 20:46:12:052</time></pt><pt><x>354</x><y>389</y><time>18-05-21 20:46:12:584</time></pt><pt><x>371</x><y>411</y><time>18-05-21 20:46:14:006</time></pt><pt><x>382</x><y>425</y><time>18-05-21 20:46:14:967</time></pt><pt><x>361</x><y>448</y><time>18-05-21 20:46:15:488</time></pt><pt><x>345</x><y>457</y><time>18-05-21 20:46:16:062</time></pt><pt><x>331</x><y>458</y><time>18-05-21 20:46:16:505</time></pt><pt><x>307</x><y>458</y><time>18-05-21 20:46:17:032</time></pt><pt><x>295</x><y>446</y><time>18-05-21 20:46:17:531</time></pt><pt><x>282</x><y>439</y><time>18-05-21 20:46:17:956</time></pt><pt><x>275</x><y>429</y><time>18-05-21 20:46:18:326</time></pt><closed_date>18-05-21 20:46:18:772</closed_date></polygon></object><object><name>tooth</name><deleted>0</deleted><verified>0</verified><occluded>no</occluded><attributes>18</attributes><parts><hasparts /><ispartof /></parts><date>18-05-21 20:46:47:993</date><id>7</id><type>bounding_box</type><polygon><username>anonymous</username><pt><x>167</x><y>21</y><time>18-05-21 20:46:32:244</time></pt><pt><x>3</x><y>21</y><time>18-05-21 20:46:39:711</time></pt><pt><x>3</x><y>488</y><time>undefined</time></pt><pt><x>167</x><y>488</y><time>undefined</time></pt><closed_date>18-05-21 20:46:39:712</closed_date></polygon></object><object><name>tooth</name><deleted>0</deleted><verified>0</verified><occluded>no</occluded><attributes>47</attributes><parts><hasparts>14,15</hasparts><ispartof /></parts><date>18-05-21 20:47:20:223</date><id>8</id><type>bounding_box</type><polygon><username>anonymous</username><pt><x>30</x><y>561</y><time>18-05-21 20:47:03:687</time></pt><pt><x>383</x><y>561</y><time>18-05-21 20:47:09:419</time></pt><pt><x>383</x><y>947</y><time>undefined</time></pt><pt><x>30</x><y>947</y><time>undefined</time></pt><closed_date>18-05-21 20:47:09:420</closed_date></polygon></object><object><name>tooth</name><deleted>0</deleted><verified>0</verified><occluded>no</occluded><attributes>46</attributes><parts><hasparts /><ispartof /></parts><date>18-05-21 20:48:03:275</date><id>9</id><type>bounding_box</type><polygon><username>anonymous</username><pt><x>682</x><y>572</y><time>18-05-21 20:47:48:997</time></pt><pt><x>373</x><y>572</y><time>18-05-21 20:47:57:219</time></pt><pt><x>373</x><y>948</y><time>undefined</time></pt><pt><x>682</x><y>948</y><time>undefined</time></pt><closed_date>18-05-21 20:47:57:219</closed_date></polygon></object><object><name>tooth</name><deleted>0</deleted><verified>0</verified><occluded>no</occluded><attributes>45</attributes><parts><hasparts /><ispartof /></parts><date>18-05-21 20:48:29:169</date><id>10</id><type>bounding_box</type><polygon><username>anonymous</username><pt><x>894</x><y>582</y><time>18-05-21 20:48:07:705</time></pt><pt><x>683</x><y>582</y><time>18-05-21 20:48:20:463</time></pt><pt><x>683</x><y>940</y><time>undefined</time></pt><pt><x>894</x><y>940</y><time>undefined</time></pt><closed_date>18-05-21 20:48:20:464</closed_date></polygon></object><object><name>crown</name><deleted>0</deleted><verified>0</verified><occluded>no</occluded><attributes>44</attributes><parts><hasparts>12</hasparts><ispartof /></parts><date>18-05-21 20:50:51:059</date><id>11</id><polygon><username>anonymous</username><pt><x>990</x><y>605</y><time>18-05-21 20:50:20:959</time></pt><pt><x>1041</x><y>591</y><time>18-05-21 20:50:21:655</time></pt><pt><x>1067</x><y>584</y><time>18-05-21 20:50:22:530</time></pt><pt><x>1089</x><y>591</y><time>18-05-21 20:50:23:092</time></pt><pt><x>1105</x><y>605</y><time>18-05-21 20:50:23:621</time></pt><pt><x>1105</x><y>657</y><time>18-05-21 20:50:24:597</time></pt><pt><x>1098</x><y>696</y><time>18-05-21 20:50:25:110</time></pt><pt><x>1088</x><y>729</y><time>18-05-21 20:50:25:608</time></pt><pt><x>1067</x><y>762</y><time>18-05-21 20:50:26:231</time></pt><pt><x>1055</x><y>795</y><time>18-05-21 20:50:30:754</time></pt><pt><x>1046</x><y>807</y><time>18-05-21 20:50:31:323</time></pt><pt><x>1025</x><y>823</y><time>18-05-21 20:50:31:858</time></pt><pt><x>1013</x><y>823</y><time>18-05-21 20:50:32:556</time></pt><pt><x>971</x><y>823</y><time>18-05-21 20:50:34:651</time></pt><pt><x>927</x><y>821</y><time>18-05-21 20:50:35:163</time></pt><pt><x>898</x><y>809</y><time>18-05-21 20:50:35:725</time></pt><pt><x>886</x><y>798</y><time>18-05-21 20:50:36:418</time></pt><pt><x>882</x><y>758</y><time>18-05-21 20:50:37:099</time></pt><pt><x>880</x><y>730</y><time>18-05-21 20:50:37:822</time></pt><pt><x>882</x><y>696</y><time>18-05-21 20:50:38:595</time></pt><pt><x>887</x><y>664</y><time>18-05-21 20:50:39:478</time></pt><pt><x>901</x><y>634</y><time>18-05-21 20:50:40:120</time></pt><pt><x>926</x><y>617</y><time>18-05-21 20:50:40:673</time></pt><pt><x>969</x><y>615</y><time>18-05-21 20:50:41:374</time></pt><closed_date>18-05-21 20:50:42:061</closed_date></polygon></object><object><name>dental implant</name><deleted>0</deleted><verified>0</verified><occluded>no</occluded><attributes>44</attributes><parts><hasparts /><ispartof>11</ispartof></parts><date>18-05-21 20:54:07:241</date><id>12</id><polygon><username>anonymous</username><pt><x>906</x><y>824</y><time>18-05-21 20:52:12:826</time></pt><pt><x>912</x><y>844</y><time>18-05-21 20:52:13:663</time></pt><pt><x>919</x><y>854</y><time>18-05-21 20:52:14:272</time></pt><pt><x>919</x><y>866</y><time>18-05-21 20:52:14:794</time></pt><pt><x>919</x><y>884</y><time>18-05-21 20:52:15:292</time></pt><pt><x>906</x><y>887</y><time>18-05-21 20:52:15:996</time></pt><pt><x>903</x><y>891</y><time>18-05-21 20:52:16:898</time></pt><pt><x>903</x><y>906</y><time>18-05-21 20:52:17:417</time></pt><pt><x>899</x><y>933</y><time>18-05-21 20:52:17:926</time></pt><pt><x>899</x><y>948</y><time>18-05-21 20:52:18:397</time></pt><pt><x>1001</x><y>945</y><time>18-05-21 20:52:22:289</time></pt><pt><x>1009</x><y>934</y><time>18-05-21 20:52:23:075</time></pt><pt><x>1009</x><y>922</y><time>18-05-21 20:52:23:548</time></pt><pt><x>1009</x><y>910</y><time>18-05-21 20:52:23:992</time></pt><pt><x>1009</x><y>896</y><time>18-05-21 20:52:24:548</time></pt><pt><x>1009</x><y>886</y><time>18-05-21 20:52:24:999</time></pt><pt><x>1002</x><y>884</y><time>18-05-21 20:52:29:894</time></pt><pt><x>999</x><y>875</y><time>18-05-21 20:52:30:432</time></pt><pt><x>1001</x><y>863</y><time>18-05-21 20:52:30:902</time></pt><pt><x>1008</x><y>842</y><time>18-05-21 20:52:31:367</time></pt><pt><x>1009</x><y>819</y><time>18-05-21 20:52:32:390</time></pt><pt><x>995</x><y>823</y><time>18-05-21 20:52:32:935</time></pt><pt><x>978</x><y>823</y><time>18-05-21 20:52:33:433</time></pt><pt><x>962</x><y>821</y><time>18-05-21 20:52:33:814</time></pt><pt><x>947</x><y>821</y><time>18-05-21 20:52:34:278</time></pt><pt><x>934</x><y>819</y><time>18-05-21 20:52:34:700</time></pt><pt><x>929</x><y>818</y><time>18-05-21 20:52:34:993</time></pt><pt><x>927</x><y>818</y><time>18-05-21 20:52:35:290</time></pt><closed_date>18-05-21 20:52:35:907</closed_date></polygon></object><object><name>tooth</name><deleted>0</deleted><verified>0</verified><occluded>no</occluded><attributes>43</attributes><parts><hasparts /><ispartof /></parts><date>18-05-21 20:54:38:321</date><id>13</id><type>bounding_box</type><polygon><username>anonymous</username><pt><x>1069</x><y>572</y><time>18-05-21 20:54:19:930</time></pt><pt><x>1213</x><y>572</y><time>18-05-21 20:54:25:040</time></pt><pt><x>1213</x><y>943</y><time>undefined</time></pt><pt><x>1069</x><y>943</y><time>undefined</time></pt><closed_date>18-05-21 20:54:25:040</closed_date></polygon></object><imagesize><nrows /><ncols /></imagesize><object><name>restoration</name><deleted>0</deleted><verified>0</verified><occluded>no</occluded><attributes /><parts><hasparts /><ispartof>8</ispartof></parts><date>11-02-22 16:29:43:029</date><id>14</id><polygon><username>anonymous</username><pt><x>289</x><y>643</y><time>11-02-22 16:29:37:412</time></pt><pt><x>304</x><y>668</y><time>11-02-22 16:29:37:995</time></pt><pt><x>331</x><y>678</y><time>11-02-22 16:29:38:683</time></pt><pt><x>349</x><y>663</y><time>11-02-22 16:29:39:219</time></pt><pt><x>336</x><y>651</y><time>11-02-22 16:29:39:675</time></pt><pt><x>304</x><y>643</y><time>11-02-22 16:29:40:371</time></pt><closed_date>11-02-22 16:29:40:665</closed_date></polygon></object><object><name>restoration</name><deleted>0</deleted><verified>0</verified><occluded>no</occluded><attributes /><parts><hasparts /><ispartof>8</ispartof></parts><date>11-02-22 16:29:56:433</date><id>15</id><polygon><username>anonymous</username><pt><x>180</x><y>641</y><time>11-02-22 16:29:52:128</time></pt><pt><x>202</x><y>656</y><time>11-02-22 16:29:52:547</time></pt><pt><x>225</x><y>661</y><time>11-02-22 16:29:52:939</time></pt><pt><x>247</x><y>659</y><time>11-02-22 16:29:53:243</time></pt><pt><x>250</x><y>643</y><time>11-02-22 16:29:53:635</time></pt><pt><x>242</x><y>629</y><time>11-02-22 16:29:54:019</time></pt><pt><x>210</x><y>631</y><time>11-02-22 16:29:54:291</time></pt><pt><x>192</x><y>633</y><time>11-02-22 16:29:54:652</time></pt><closed_date>11-02-22 16:29:54:947</closed_date></polygon></object></annotation>