<?xml version="1.0" encoding="UTF-8"?><annotation><filename>imagem-082.jpg</filename><folder>segmentation_xray</folder><source><sourceImage>The MIT-CSAIL database of objects and scenes</sourceImage><sourceAnnotation>LabelMe Webtool</sourceAnnotation></source><object><name>tooth</name><deleted>0</deleted><verified>0</verified><occluded>no</occluded><attributes>17</attributes><parts><hasparts/><ispartof/></parts><date>31-05-21 10:23:03:645</date><id>0</id><type>bounding_box</type><polygon><username>anonymous</username><pt><x>127</x><y>0</y><time>31-05-21 10:22:40:565</time></pt><pt><x>561</x><y>0</y><time>31-05-21 10:22:47:498</time></pt><pt><x>561</x><y>527</y><time>undefined</time></pt><pt><x>127</x><y>527</y><time>undefined</time></pt><closed_date>31-05-21 10:22:47:499</closed_date></polygon></object><object><name>tooth</name><deleted>0</deleted><verified>0</verified><occluded>no</occluded><attributes>16</attributes><parts><hasparts/><ispartof/></parts><date>31-05-21 10:23:42:555</date><id>1</id><type>bounding_box</type><polygon><username>anonymous</username><pt><x>1019</x><y>6</y><time>31-05-21 10:23:18:011</time></pt><pt><x>529</x><y>6</y><time>31-05-21 10:23:34:998</time></pt><pt><x>529</x><y>548</y><time>undefined</time></pt><pt><x>1019</x><y>548</y><time>undefined</time></pt><closed_date>31-05-21 10:23:34:998</closed_date></polygon></object><object><name>tooth</name><deleted>0</deleted><verified>0</verified><occluded>no</occluded><attributes>15</attributes><parts><hasparts/><ispartof/></parts><date>31-05-21 10:24:19:364</date><id>2</id><type>bounding_box</type><polygon><username>anonymous</username><pt><x>974</x><y>559</y><time>31-05-21 10:23:59:148</time></pt><pt><x>1300</x><y>559</y><time>31-05-21 10:24:13:694</time></pt><pt><x>1300</x><y>6</y><time>undefined</time></pt><pt><x>974</x><y>6</y><time>undefined</time></pt><closed_date>31-05-21 10:24:13:694</closed_date></polygon></object><object><name>tooth</name><deleted>1</deleted><verified>0</verified><occluded>no</occluded><attributes>14</attributes><parts><hasparts/><ispartof/></parts><date>31-05-21 10:24:49:870</date><id>3</id><type>bounding_box</type><polygon><username>anonymous</username><pt><x>1581</x><y>561</y><time>31-05-21 10:24:26:219</time></pt><pt><x>1261</x><y>561</y><time>31-05-21 10:24:43:174</time></pt><pt><x>1261</x><y>6</y><time>undefined</time></pt><pt><x>1581</x><y>6</y><time>undefined</time></pt><closed_date>31-05-21 10:24:43:174</closed_date></polygon></object><object><name>tooth</name><deleted>0</deleted><verified>0</verified><occluded>no</occluded><attributes>47</attributes><parts><hasparts>8</hasparts><ispartof/></parts><date>31-05-21 10:25:26:403</date><id>4</id><type>bounding_box</type><polygon><username>anonymous</username><pt><x>123</x><y>557</y><time>31-05-21 10:25:08:396</time></pt><pt><x>656</x><y>557</y><time>31-05-21 10:25:17:628</time></pt><pt><x>656</x><y>1237</y><time>undefined</time></pt><pt><x>123</x><y>1237</y><time>undefined</time></pt><closed_date>31-05-21 10:25:17:628</closed_date></polygon></object><object><name>tooth</name><deleted>0</deleted><verified>0</verified><occluded>no</occluded><attributes>46</attributes><parts><hasparts/><ispartof/></parts><date>31-05-21 10:26:10:771</date><id>5</id><type>bounding_box</type><polygon><username>anonymous</username><pt><x>1138</x><y>600</y><time>31-05-21 10:25:53:651</time></pt><pt><x>559</x><y>600</y><time>31-05-21 10:26:00:564</time></pt><pt><x>559</x><y>1242</y><time>undefined</time></pt><pt><x>1138</x><y>1242</y><time>undefined</time></pt><closed_date>31-05-21 10:26:00:564</closed_date></polygon></object><object><name>tooth</name><deleted>0</deleted><verified>0</verified><occluded>no</occluded><attributes>45</attributes><parts><hasparts/><ispartof/></parts><date>31-05-21 10:26:46:374</date><id>6</id><type>bounding_box</type><polygon><username>anonymous</username><pt><x>1434</x><y>602</y><time>31-05-21 10:26:29:163</time></pt><pt><x>1099</x><y>602</y><time>31-05-21 10:26:39:052</time></pt><pt><x>1099</x><y>1237</y><time>undefined</time></pt><pt><x>1434</x><y>1237</y><time>undefined</time></pt><closed_date>31-05-21 10:26:39:052</closed_date></polygon></object><object><name>tooth</name><deleted>1</deleted><verified>0</verified><occluded>no</occluded><attributes>44</attributes><parts><hasparts/><ispartof/></parts><date>31-05-21 10:27:19:278</date><id>7</id><type>bounding_box</type><polygon><username>anonymous</username><pt><x>1408</x><y>602</y><time>31-05-21 10:27:05:330</time></pt><pt><x>1410</x><y>602</y><time>31-05-21 10:27:11:628</time></pt><pt><x>1410</x><y>1116</y><time>undefined</time></pt><pt><x>1408</x><y>1116</y><time>undefined</time></pt><closed_date>31-05-21 10:27:11:628</closed_date></polygon></object><object><name>restoration</name><deleted>0</deleted><verified>0</verified><occluded>no</occluded><attributes/><parts><hasparts/><ispartof>4</ispartof></parts><date>31-05-21 10:28:25:039</date><id>8</id><polygon><username>anonymous</username><pt><x>477</x><y>605</y><time>31-05-21 10:28:01:131</time></pt><pt><x>475</x><y>633</y><time>31-05-21 10:28:02:492</time></pt><pt><x>475</x><y>654</y><time>31-05-21 10:28:03:236</time></pt><pt><x>471</x><y>669</y><time>31-05-21 10:28:05:044</time></pt><pt><x>460</x><y>672</y><time>31-05-21 10:28:05:532</time></pt><pt><x>456</x><y>685</y><time>31-05-21 10:28:06:068</time></pt><pt><x>453</x><y>691</y><time>31-05-21 10:28:06:396</time></pt><pt><x>441</x><y>698</y><time>31-05-21 10:28:06:860</time></pt><pt><x>434</x><y>708</y><time>31-05-21 10:28:07:340</time></pt><pt><x>425</x><y>710</y><time>31-05-21 10:28:07:700</time></pt><pt><x>419</x><y>710</y><time>31-05-21 10:28:07:996</time></pt><pt><x>419</x><y>710</y><time>31-05-21 10:28:08:300</time></pt><pt><x>410</x><y>708</y><time>31-05-21 10:28:08:916</time></pt><pt><x>404</x><y>700</y><time>31-05-21 10:28:09:252</time></pt><pt><x>397</x><y>687</y><time>31-05-21 10:28:09:780</time></pt><pt><x>397</x><y>665</y><time>31-05-21 10:28:10:332</time></pt><pt><x>397</x><y>654</y><time>31-05-21 10:28:11:044</time></pt><pt><x>393</x><y>650</y><time>31-05-21 10:28:11:597</time></pt><pt><x>380</x><y>644</y><time>31-05-21 10:28:12:124</time></pt><pt><x>380</x><y>641</y><time>31-05-21 10:28:12:492</time></pt><pt><x>367</x><y>626</y><time>31-05-21 10:28:13:068</time></pt><pt><x>378</x><y>618</y><time>31-05-21 10:28:13:692</time></pt><pt><x>397</x><y>611</y><time>31-05-21 10:28:14:260</time></pt><pt><x>412</x><y>605</y><time>31-05-21 10:28:14:740</time></pt><pt><x>415</x><y>598</y><time>31-05-21 10:28:15:244</time></pt><pt><x>434</x><y>598</y><time>31-05-21 10:28:15:757</time></pt><pt><x>441</x><y>602</y><time>31-05-21 10:28:16:052</time></pt><pt><x>443</x><y>609</y><time>31-05-21 10:28:16:348</time></pt><pt><x>449</x><y>613</y><time>31-05-21 10:28:16:644</time></pt><pt><x>458</x><y>615</y><time>31-05-21 10:28:16:964</time></pt><pt><x>464</x><y>618</y><time>31-05-21 10:28:17:228</time></pt><closed_date>31-05-21 10:28:17:724</closed_date></polygon></object><imagesize><nrows></nrows><ncols></ncols></imagesize><object><name>tooth</name><deleted>0</deleted><verified>0</verified><occluded>no</occluded><attributes>14</attributes><parts><hasparts></hasparts><ispartof></ispartof></parts><date>30-03-22 18:15:34:378</date><id>9</id><type>bounding_box</type><polygon><username>admin</username><pt><x>1559</x><y>578</y><time>30-03-22 18:15:26:750</time></pt><pt><x>1255</x><y>578</y><time>30-03-22 18:15:28:416</time></pt><pt><x>1255</x><y>4</y><time>undefined</time></pt><pt><x>1559</x><y>4</y><time>undefined</time></pt><closed_date>30-03-22 18:15:28:417</closed_date></polygon></object><object><name>tooth</name><deleted>0</deleted><verified>0</verified><occluded>no</occluded><attributes>44</attributes><parts><hasparts></hasparts><ispartof></ispartof></parts><date>30-03-22 18:15:53:670</date><id>10</id><type>bounding_box</type><polygon><username>admin</username><pt><x>1612</x><y>604</y><time>30-03-22 18:15:36:266</time></pt><pt><x>1406</x><y>604</y><time>30-03-22 18:15:37:505</time></pt><pt><x>1406</x><y>1226</y><time>undefined</time></pt><pt><x>1612</x><y>1226</y><time>undefined</time></pt><closed_date>30-03-22 18:15:37:505</closed_date></polygon></object></annotation>