<?xml version='1.0' encoding='UTF-8'?>
<annotation><filename>imagem-011.jpg</filename><folder>segmentation_xray</folder><source><sourceImage>The MIT-CSAIL database of objects and scenes</sourceImage><sourceAnnotation>LabelMe Webtool</sourceAnnotation></source><object><name>tooth</name><deleted>0</deleted><verified>0</verified><occluded>no</occluded><attributes>23</attributes><parts><hasparts /><ispartof /></parts><date>19-05-21 09:10:18:930</date><id>0</id><type>bounding_box</type><polygon><username>anonymous</username><pt><x>782</x><y>57</y><time>19-05-21 09:10:09:755</time></pt><pt><x>41</x><y>57</y><time>19-05-21 09:10:13:456</time></pt><pt><x>41</x><y>1467</y><time>undefined</time></pt><pt><x>782</x><y>1467</y><time>undefined</time></pt><closed_date>19-05-21 09:10:13:457</closed_date></polygon></object><object><name>tooth</name><deleted>0</deleted><verified>0</verified><occluded>no</occluded><attributes>24</attributes><parts><hasparts>10</hasparts><ispartof /></parts><date>19-05-21 09:10:29:516</date><id>1</id><type>bounding_box</type><polygon><username>anonymous</username><pt><x>1359</x><y>46</y><time>19-05-21 09:10:20:982</time></pt><pt><x>540</x><y>46</y><time>19-05-21 09:10:24:158</time></pt><pt><x>540</x><y>1508</y><time>undefined</time></pt><pt><x>1359</x><y>1508</y><time>undefined</time></pt><closed_date>19-05-21 09:10:24:158</closed_date></polygon></object><object><name>tooth</name><deleted>0</deleted><verified>0</verified><occluded>no</occluded><attributes>25</attributes><parts><hasparts>11</hasparts><ispartof /></parts><date>19-05-21 09:10:39:616</date><id>2</id><type>bounding_box</type><polygon><username>anonymous</username><pt><x>1971</x><y>1436</y><time>19-05-21 09:10:30:871</time></pt><pt><x>1266</x><y>1436</y><time>19-05-21 09:10:34:414</time></pt><pt><x>1266</x><y>41</y><time>undefined</time></pt><pt><x>1971</x><y>41</y><time>undefined</time></pt><closed_date>19-05-21 09:10:34:415</closed_date></polygon></object><object><name>tooth</name><deleted>0</deleted><verified>0</verified><occluded>no</occluded><attributes>26</attributes><parts><hasparts>12</hasparts><ispartof /></parts><date>19-05-21 09:10:48:842</date><id>3</id><type>bounding_box</type><polygon><username>anonymous</username><pt><x>3010</x><y>1400</y><time>19-05-21 09:10:40:965</time></pt><pt><x>1925</x><y>1400</y><time>19-05-21 09:10:43:792</time></pt><pt><x>1925</x><y>46</y><time>undefined</time></pt><pt><x>3010</x><y>46</y><time>undefined</time></pt><closed_date>19-05-21 09:10:43:792</closed_date></polygon></object><object><name>tooth</name><deleted>0</deleted><verified>0</verified><occluded>no</occluded><attributes>27</attributes><parts><hasparts>13</hasparts><ispartof /></parts><date>19-05-21 09:10:57:766</date><id>4</id><type>bounding_box</type><polygon><username>anonymous</username><pt><x>4029</x><y>1400</y><time>19-05-21 09:10:50:205</time></pt><pt><x>2928</x><y>1400</y><time>19-05-21 09:10:52:658</time></pt><pt><x>2928</x><y>51</y><time>undefined</time></pt><pt><x>4029</x><y>51</y><time>undefined</time></pt><closed_date>19-05-21 09:10:52:659</closed_date></polygon></object><object><name>tooth</name><deleted>0</deleted><verified>0</verified><occluded>no</occluded><attributes>37</attributes><parts><hasparts>14,15</hasparts><ispartof /></parts><date>19-05-21 09:11:18:862</date><id>5</id><type>bounding_box</type><polygon><username>anonymous</username><pt><x>4086</x><y>1400</y><time>19-05-21 09:11:07:957</time></pt><pt><x>3005</x><y>1400</y><time>19-05-21 09:11:12:667</time></pt><pt><x>3005</x><y>3021</y><time>undefined</time></pt><pt><x>4086</x><y>3021</y><time>undefined</time></pt><closed_date>19-05-21 09:11:12:667</closed_date></polygon></object><object><name>tooth</name><deleted>0</deleted><verified>0</verified><occluded>no</occluded><attributes>36</attributes><parts><hasparts>16</hasparts><ispartof /></parts><date>19-05-21 09:11:28:203</date><id>6</id><type>bounding_box</type><polygon><username>anonymous</username><pt><x>1837</x><y>1575</y><time>19-05-21 09:11:20:414</time></pt><pt><x>3448</x><y>1575</y><time>19-05-21 09:11:23:008</time></pt><pt><x>3448</x><y>3082</y><time>undefined</time></pt><pt><x>1837</x><y>3082</y><time>undefined</time></pt><closed_date>19-05-21 09:11:23:008</closed_date></polygon></object><object><name>tooth</name><deleted>0</deleted><verified>0</verified><occluded>no</occluded><attributes>35</attributes><parts><hasparts>17</hasparts><ispartof /></parts><date>19-05-21 09:11:55:742</date><id>7</id><type>bounding_box</type><polygon><username>anonymous</username><pt><x>1096</x><y>1678</y><time>19-05-21 09:11:43:998</time></pt><pt><x>2105</x><y>1678</y><time>19-05-21 09:11:48:532</time></pt><pt><x>2105</x><y>3088</y><time>undefined</time></pt><pt><x>1096</x><y>3088</y><time>undefined</time></pt><closed_date>19-05-21 09:11:48:533</closed_date></polygon></object><object><name>tooth</name><deleted>0</deleted><verified>0</verified><occluded>no</occluded><attributes>34</attributes><parts><hasparts /><ispartof /></parts><date>19-05-21 09:12:07:341</date><id>8</id><type>bounding_box</type><polygon><username>anonymous</username><pt><x>304</x><y>1683</y><time>19-05-21 09:11:58:521</time></pt><pt><x>1225</x><y>1683</y><time>19-05-21 09:12:02:022</time></pt><pt><x>1225</x><y>3129</y><time>undefined</time></pt><pt><x>304</x><y>3129</y><time>undefined</time></pt><closed_date>19-05-21 09:12:02:023</closed_date></polygon></object><object><name>tooth</name><deleted>0</deleted><verified>0</verified><occluded>no</occluded><attributes>33</attributes><parts><hasparts /><ispartof /></parts><date>19-05-21 09:12:27:161</date><id>9</id><type>bounding_box</type><polygon><username>anonymous</username><pt><x>72</x><y>1750</y><time>19-05-21 09:12:19:390</time></pt><pt><x>906</x><y>1750</y><time>19-05-21 09:12:22:112</time></pt><pt><x>906</x><y>3118</y><time>undefined</time></pt><pt><x>72</x><y>3118</y><time>undefined</time></pt><closed_date>19-05-21 09:12:22:112</closed_date></polygon></object><object><name>restoration</name><deleted>0</deleted><verified>0</verified><occluded>no</occluded><attributes /><parts><hasparts /><ispartof>1</ispartof></parts><date>19-05-21 09:12:55:490</date><id>10</id><polygon><username>anonymous</username><pt><x>1225</x><y>818</y><time>19-05-21 09:12:33:255</time></pt><pt><x>1127</x><y>823</y><time>19-05-21 09:12:34:147</time></pt><pt><x>1050</x><y>947</y><time>19-05-21 09:12:34:862</time></pt><pt><x>1009</x><y>1019</y><time>19-05-21 09:12:35:626</time></pt><pt><x>921</x><y>1050</y><time>19-05-21 09:12:36:219</time></pt><pt><x>854</x><y>1055</y><time>19-05-21 09:12:36:861</time></pt><pt><x>792</x><y>1050</y><time>19-05-21 09:12:37:454</time></pt><pt><x>746</x><y>931</y><time>19-05-21 09:12:38:389</time></pt><pt><x>695</x><y>895</y><time>19-05-21 09:12:39:080</time></pt><pt><x>638</x><y>942</y><time>19-05-21 09:12:39:722</time></pt><pt><x>607</x><y>1034</y><time>19-05-21 09:12:40:420</time></pt><pt><x>592</x><y>1132</y><time>19-05-21 09:12:41:059</time></pt><pt><x>633</x><y>1225</y><time>19-05-21 09:12:43:939</time></pt><pt><x>669</x><y>1307</y><time>19-05-21 09:12:44:516</time></pt><pt><x>690</x><y>1328</y><time>19-05-21 09:12:45:028</time></pt><pt><x>777</x><y>1374</y><time>19-05-21 09:12:45:670</time></pt><pt><x>890</x><y>1328</y><time>19-05-21 09:12:46:174</time></pt><pt><x>993</x><y>1312</y><time>19-05-21 09:12:46:693</time></pt><pt><x>1070</x><y>1292</y><time>19-05-21 09:12:47:180</time></pt><pt><x>1127</x><y>1256</y><time>19-05-21 09:12:47:678</time></pt><pt><x>1178</x><y>1220</y><time>19-05-21 09:12:48:198</time></pt><pt><x>1245</x><y>1189</y><time>19-05-21 09:12:48:799</time></pt><pt><x>1245</x><y>1075</y><time>19-05-21 09:12:49:359</time></pt><pt><x>1245</x><y>921</y><time>19-05-21 09:12:49:864</time></pt><closed_date>19-05-21 09:12:50:457</closed_date></polygon></object><object><name>restoration</name><deleted>0</deleted><verified>0</verified><occluded>no</occluded><attributes /><parts><hasparts /><ispartof>2</ispartof></parts><date>19-05-21 09:13:24:486</date><id>11</id><polygon><username>anonymous</username><pt><x>1806</x><y>839</y><time>19-05-21 09:13:02:608</time></pt><pt><x>1708</x><y>880</y><time>19-05-21 09:13:03:231</time></pt><pt><x>1698</x><y>962</y><time>19-05-21 09:13:03:858</time></pt><pt><x>1698</x><y>1039</y><time>19-05-21 09:13:04:410</time></pt><pt><x>1698</x><y>1086</y><time>19-05-21 09:13:05:076</time></pt><pt><x>1636</x><y>1086</y><time>19-05-21 09:13:05:593</time></pt><pt><x>1549</x><y>1086</y><time>19-05-21 09:13:06:107</time></pt><pt><x>1461</x><y>1039</y><time>19-05-21 09:13:06:906</time></pt><pt><x>1487</x><y>911</y><time>19-05-21 09:13:07:726</time></pt><pt><x>1461</x><y>854</y><time>19-05-21 09:13:08:327</time></pt><pt><x>1374</x><y>854</y><time>19-05-21 09:13:08:872</time></pt><pt><x>1322</x><y>901</y><time>19-05-21 09:13:09:465</time></pt><pt><x>1307</x><y>973</y><time>19-05-21 09:13:09:959</time></pt><pt><x>1271</x><y>1081</y><time>19-05-21 09:13:10:635</time></pt><pt><x>1271</x><y>1153</y><time>19-05-21 09:13:11:172</time></pt><pt><x>1286</x><y>1214</y><time>19-05-21 09:13:11:741</time></pt><pt><x>1338</x><y>1276</y><time>19-05-21 09:13:12:289</time></pt><pt><x>1400</x><y>1338</y><time>19-05-21 09:13:12:797</time></pt><pt><x>1451</x><y>1369</y><time>19-05-21 09:13:13:293</time></pt><pt><x>1513</x><y>1384</y><time>19-05-21 09:13:13:813</time></pt><pt><x>1647</x><y>1343</y><time>19-05-21 09:13:14:325</time></pt><pt><x>1760</x><y>1292</y><time>19-05-21 09:13:14:862</time></pt><pt><x>1801</x><y>1266</y><time>19-05-21 09:13:15:293</time></pt><pt><x>1817</x><y>1250</y><time>19-05-21 09:13:15:869</time></pt><pt><x>1873</x><y>1184</y><time>19-05-21 09:13:16:560</time></pt><pt><x>1935</x><y>1199</y><time>19-05-21 09:13:17:121</time></pt><pt><x>1935</x><y>1137</y><time>19-05-21 09:13:17:552</time></pt><pt><x>1919</x><y>1009</y><time>19-05-21 09:13:18:128</time></pt><pt><x>1914</x><y>901</y><time>19-05-21 09:13:18:682</time></pt><pt><x>1894</x><y>890</y><time>19-05-21 09:13:19:118</time></pt><pt><x>1853</x><y>859</y><time>19-05-21 09:13:19:641</time></pt><closed_date>19-05-21 09:13:20:306</closed_date></polygon></object><object><name>restoration</name><deleted>0</deleted><verified>0</verified><occluded>no</occluded><attributes /><parts><hasparts /><ispartof>3</ispartof></parts><date>19-05-21 09:13:52:159</date><id>12</id><polygon><username>anonymous</username><pt><x>2877</x><y>741</y><time>19-05-21 09:13:29:808</time></pt><pt><x>2758</x><y>731</y><time>19-05-21 09:13:30:523</time></pt><pt><x>2702</x><y>834</y><time>19-05-21 09:13:31:083</time></pt><pt><x>2630</x><y>859</y><time>19-05-21 09:13:31:620</time></pt><pt><x>2547</x><y>880</y><time>19-05-21 09:13:32:230</time></pt><pt><x>2537</x><y>937</y><time>19-05-21 09:13:32:733</time></pt><pt><x>2501</x><y>962</y><time>19-05-21 09:13:33:277</time></pt><pt><x>2429</x><y>1003</y><time>19-05-21 09:13:33:896</time></pt><pt><x>2290</x><y>1039</y><time>19-05-21 09:13:34:440</time></pt><pt><x>2182</x><y>1039</y><time>19-05-21 09:13:34:884</time></pt><pt><x>2182</x><y>942</y><time>19-05-21 09:13:35:374</time></pt><pt><x>2172</x><y>849</y><time>19-05-21 09:13:35:842</time></pt><pt><x>2105</x><y>849</y><time>19-05-21 09:13:36:300</time></pt><pt><x>1966</x><y>911</y><time>19-05-21 09:13:36:796</time></pt><pt><x>1909</x><y>1009</y><time>19-05-21 09:13:37:318</time></pt><pt><x>1950</x><y>1163</y><time>19-05-21 09:13:38:158</time></pt><pt><x>2022</x><y>1230</y><time>19-05-21 09:13:38:642</time></pt><pt><x>2254</x><y>1302</y><time>19-05-21 09:13:39:194</time></pt><pt><x>2424</x><y>1292</y><time>19-05-21 09:13:39:706</time></pt><pt><x>2521</x><y>1250</y><time>19-05-21 09:13:40:178</time></pt><pt><x>2558</x><y>1235</y><time>19-05-21 09:13:40:689</time></pt><pt><x>2650</x><y>1292</y><time>19-05-21 09:13:44:257</time></pt><pt><x>2789</x><y>1312</y><time>19-05-21 09:13:45:046</time></pt><pt><x>2882</x><y>1235</y><time>19-05-21 09:13:45:599</time></pt><pt><x>2928</x><y>1148</y><time>19-05-21 09:13:46:225</time></pt><pt><x>2969</x><y>1024</y><time>19-05-21 09:13:46:997</time></pt><pt><x>2938</x><y>859</y><time>19-05-21 09:13:47:501</time></pt><closed_date>19-05-21 09:13:48:175</closed_date></polygon></object><object><name>restoration</name><deleted>0</deleted><verified>0</verified><occluded>no</occluded><attributes /><parts><hasparts /><ispartof>4</ispartof></parts><date>19-05-21 09:14:22:877</date><id>13</id><polygon><username>anonymous</username><pt><x>3777</x><y>798</y><time>19-05-21 09:14:01:676</time></pt><pt><x>3715</x><y>859</y><time>19-05-21 09:14:02:292</time></pt><pt><x>3684</x><y>880</y><time>19-05-21 09:14:02:755</time></pt><pt><x>3607</x><y>880</y><time>19-05-21 09:14:03:291</time></pt><pt><x>3566</x><y>859</y><time>19-05-21 09:14:03:803</time></pt><pt><x>3556</x><y>787</y><time>19-05-21 09:14:04:341</time></pt><pt><x>3504</x><y>762</y><time>19-05-21 09:14:04:955</time></pt><pt><x>3453</x><y>762</y><time>19-05-21 09:14:05:479</time></pt><pt><x>3412</x><y>798</y><time>19-05-21 09:14:06:064</time></pt><pt><x>3396</x><y>839</y><time>19-05-21 09:14:06:511</time></pt><pt><x>3365</x><y>880</y><time>19-05-21 09:14:07:023</time></pt><pt><x>3273</x><y>921</y><time>19-05-21 09:14:07:543</time></pt><pt><x>3201</x><y>926</y><time>19-05-21 09:14:07:985</time></pt><pt><x>3165</x><y>926</y><time>19-05-21 09:14:08:427</time></pt><pt><x>3057</x><y>926</y><time>19-05-21 09:14:08:900</time></pt><pt><x>3000</x><y>926</y><time>19-05-21 09:14:09:355</time></pt><pt><x>2964</x><y>937</y><time>19-05-21 09:14:10:050</time></pt><pt><x>2969</x><y>1081</y><time>19-05-21 09:14:10:566</time></pt><pt><x>3010</x><y>1122</y><time>19-05-21 09:14:11:076</time></pt><pt><x>3139</x><y>1127</y><time>19-05-21 09:14:11:558</time></pt><pt><x>3288</x><y>1235</y><time>19-05-21 09:14:12:305</time></pt><pt><x>3422</x><y>1220</y><time>19-05-21 09:14:12:808</time></pt><pt><x>3479</x><y>1173</y><time>19-05-21 09:14:13:270</time></pt><pt><x>3546</x><y>1153</y><time>19-05-21 09:14:13:817</time></pt><pt><x>3566</x><y>1137</y><time>19-05-21 09:14:14:315</time></pt><pt><x>3607</x><y>1096</y><time>19-05-21 09:14:14:955</time></pt><pt><x>3664</x><y>1106</y><time>19-05-21 09:14:15:499</time></pt><pt><x>3715</x><y>1122</y><time>19-05-21 09:14:16:082</time></pt><pt><x>3731</x><y>1158</y><time>19-05-21 09:14:16:657</time></pt><pt><x>3777</x><y>1122</y><time>19-05-21 09:14:17:182</time></pt><pt><x>3777</x><y>1081</y><time>19-05-21 09:14:17:612</time></pt><pt><x>3865</x><y>916</y><time>19-05-21 09:14:18:294</time></pt><pt><x>3865</x><y>839</y><time>19-05-21 09:14:18:831</time></pt><closed_date>19-05-21 09:14:19:398</closed_date></polygon></object><object><name>restoration</name><deleted>0</deleted><verified>0</verified><occluded>no</occluded><attributes /><parts><hasparts /><ispartof>5</ispartof></parts><date>19-05-21 09:14:54:937</date><id>14</id><polygon><username>anonymous</username><pt><x>3628</x><y>2007</y><time>19-05-21 09:14:31:429</time></pt><pt><x>3669</x><y>1904</y><time>19-05-21 09:14:32:159</time></pt><pt><x>3669</x><y>1842</y><time>19-05-21 09:14:32:680</time></pt><pt><x>3674</x><y>1765</y><time>19-05-21 09:14:33:257</time></pt><pt><x>3695</x><y>1719</y><time>19-05-21 09:14:34:288</time></pt><pt><x>3643</x><y>1719</y><time>19-05-21 09:14:34:944</time></pt><pt><x>3597</x><y>1734</y><time>19-05-21 09:14:35:558</time></pt><pt><x>3546</x><y>1739</y><time>19-05-21 09:14:36:133</time></pt><pt><x>3540</x><y>1739</y><time>19-05-21 09:14:36:695</time></pt><pt><x>3484</x><y>1739</y><time>19-05-21 09:14:37:256</time></pt><pt><x>3417</x><y>1729</y><time>19-05-21 09:14:37:927</time></pt><pt><x>3391</x><y>1750</y><time>19-05-21 09:14:38:492</time></pt><pt><x>3324</x><y>1770</y><time>19-05-21 09:14:39:093</time></pt><pt><x>3247</x><y>1760</y><time>19-05-21 09:14:39:555</time></pt><pt><x>3206</x><y>1760</y><time>19-05-21 09:14:40:044</time></pt><pt><x>3170</x><y>1765</y><time>19-05-21 09:14:40:604</time></pt><pt><x>3139</x><y>1770</y><time>19-05-21 09:14:41:369</time></pt><pt><x>3165</x><y>1837</y><time>19-05-21 09:14:41:920</time></pt><pt><x>3206</x><y>1904</y><time>19-05-21 09:14:42:425</time></pt><pt><x>3216</x><y>1950</y><time>19-05-21 09:14:42:945</time></pt><pt><x>3288</x><y>1991</y><time>19-05-21 09:14:43:555</time></pt><pt><x>3360</x><y>1997</y><time>19-05-21 09:14:44:213</time></pt><pt><x>3360</x><y>1971</y><time>19-05-21 09:14:44:669</time></pt><pt><x>3360</x><y>1914</y><time>19-05-21 09:14:45:156</time></pt><pt><x>3360</x><y>1873</y><time>19-05-21 09:14:45:587</time></pt><pt><x>3365</x><y>1827</y><time>19-05-21 09:14:46:115</time></pt><pt><x>3381</x><y>1770</y><time>19-05-21 09:14:46:741</time></pt><pt><x>3407</x><y>1837</y><time>19-05-21 09:14:47:258</time></pt><pt><x>3458</x><y>1873</y><time>19-05-21 09:14:47:822</time></pt><pt><x>3463</x><y>1930</y><time>19-05-21 09:14:48:334</time></pt><pt><x>3473</x><y>2007</y><time>19-05-21 09:14:48:821</time></pt><pt><x>3515</x><y>2033</y><time>19-05-21 09:14:49:310</time></pt><pt><x>3561</x><y>2033</y><time>19-05-21 09:14:49:796</time></pt><pt><x>3571</x><y>2033</y><time>19-05-21 09:14:50:170</time></pt><closed_date>19-05-21 09:14:50:861</closed_date></polygon></object><object><name>restoration</name><deleted>0</deleted><verified>0</verified><occluded>no</occluded><attributes /><parts><hasparts /><ispartof>5</ispartof></parts><date>19-05-21 09:15:08:430</date><id>15</id><polygon><username>anonymous</username><pt><x>3782</x><y>1642</y><time>19-05-21 09:14:57:885</time></pt><pt><x>3787</x><y>1719</y><time>19-05-21 09:14:58:395</time></pt><pt><x>3803</x><y>1796</y><time>19-05-21 09:14:58:924</time></pt><pt><x>3818</x><y>1878</y><time>19-05-21 09:14:59:477</time></pt><pt><x>3895</x><y>1899</y><time>19-05-21 09:15:00:026</time></pt><pt><x>3952</x><y>1837</y><time>19-05-21 09:15:00:507</time></pt><pt><x>3952</x><y>1806</y><time>19-05-21 09:15:01:012</time></pt><pt><x>3952</x><y>1765</y><time>19-05-21 09:15:01:541</time></pt><pt><x>3962</x><y>1719</y><time>19-05-21 09:15:02:101</time></pt><pt><x>3962</x><y>1708</y><time>19-05-21 09:15:02:548</time></pt><pt><x>4004</x><y>1642</y><time>19-05-21 09:15:03:215</time></pt><pt><x>3973</x><y>1642</y><time>19-05-21 09:15:03:776</time></pt><pt><x>3901</x><y>1642</y><time>19-05-21 09:15:04:166</time></pt><closed_date>19-05-21 09:15:04:831</closed_date></polygon></object><object><name>restoration</name><deleted>0</deleted><verified>0</verified><occluded>no</occluded><attributes /><parts><hasparts /><ispartof>6</ispartof></parts><date>19-05-21 09:15:41:814</date><id>16</id><polygon><username>anonymous</username><pt><x>2789</x><y>1837</y><time>19-05-21 09:15:15:657</time></pt><pt><x>2768</x><y>1925</y><time>19-05-21 09:15:16:305</time></pt><pt><x>2732</x><y>1955</y><time>19-05-21 09:15:16:868</time></pt><pt><x>2624</x><y>1966</y><time>19-05-21 09:15:17:510</time></pt><pt><x>2583</x><y>1935</y><time>19-05-21 09:15:17:990</time></pt><pt><x>2516</x><y>1935</y><time>19-05-21 09:15:18:640</time></pt><pt><x>2527</x><y>1997</y><time>19-05-21 09:15:19:176</time></pt><pt><x>2527</x><y>2058</y><time>19-05-21 09:15:19:704</time></pt><pt><x>2501</x><y>2079</y><time>19-05-21 09:15:20:217</time></pt><pt><x>2408</x><y>2084</y><time>19-05-21 09:15:20:842</time></pt><pt><x>2331</x><y>2084</y><time>19-05-21 09:15:21:395</time></pt><pt><x>2300</x><y>2012</y><time>19-05-21 09:15:21:971</time></pt><pt><x>2244</x><y>2012</y><time>19-05-21 09:15:22:549</time></pt><pt><x>2197</x><y>2027</y><time>19-05-21 09:15:23:036</time></pt><pt><x>2120</x><y>2053</y><time>19-05-21 09:15:23:631</time></pt><pt><x>2017</x><y>2002</y><time>19-05-21 09:15:24:402</time></pt><pt><x>2012</x><y>1955</y><time>19-05-21 09:15:25:117</time></pt><pt><x>2007</x><y>1940</y><time>19-05-21 09:15:25:831</time></pt><pt><x>1976</x><y>1919</y><time>19-05-21 09:15:27:806</time></pt><pt><x>1909</x><y>1894</y><time>19-05-21 09:15:28:506</time></pt><pt><x>1909</x><y>1811</y><time>19-05-21 09:15:29:147</time></pt><pt><x>1981</x><y>1760</y><time>19-05-21 09:15:29:905</time></pt><pt><x>2069</x><y>1739</y><time>19-05-21 09:15:30:539</time></pt><pt><x>2228</x><y>1703</y><time>19-05-21 09:15:31:181</time></pt><pt><x>2311</x><y>1698</y><time>19-05-21 09:15:31:726</time></pt><pt><x>2336</x><y>1698</y><time>19-05-21 09:15:32:294</time></pt><pt><x>2408</x><y>1688</y><time>19-05-21 09:15:32:854</time></pt><pt><x>2485</x><y>1631</y><time>19-05-21 09:15:33:390</time></pt><pt><x>2521</x><y>1631</y><time>19-05-21 09:15:33:806</time></pt><pt><x>2660</x><y>1600</y><time>19-05-21 09:15:34:440</time></pt><pt><x>2748</x><y>1611</y><time>19-05-21 09:15:35:106</time></pt><pt><x>2820</x><y>1672</y><time>19-05-21 09:15:35:684</time></pt><pt><x>2861</x><y>1714</y><time>19-05-21 09:15:36:315</time></pt><pt><x>2861</x><y>1734</y><time>19-05-21 09:15:36:870</time></pt><pt><x>2846</x><y>1806</y><time>19-05-21 09:15:37:389</time></pt><closed_date>19-05-21 09:15:37:963</closed_date></polygon></object><object><name>restoration</name><deleted>0</deleted><verified>0</verified><occluded>no</occluded><attributes /><parts><hasparts /><ispartof>7</ispartof></parts><date>19-05-21 09:15:56:972</date><id>17</id><polygon><username>anonymous</username><pt><x>1714</x><y>1904</y><time>19-05-21 09:15:48:478</time></pt><pt><x>1714</x><y>1955</y><time>19-05-21 09:15:49:052</time></pt><pt><x>1662</x><y>2007</y><time>19-05-21 09:15:49:817</time></pt><pt><x>1595</x><y>1991</y><time>19-05-21 09:15:50:451</time></pt><pt><x>1590</x><y>1930</y><time>19-05-21 09:15:51:069</time></pt><pt><x>1600</x><y>1894</y><time>19-05-21 09:15:51:727</time></pt><closed_date>19-05-21 09:15:52:345</closed_date></polygon></object><imagesize><nrows /><ncols /></imagesize></annotation>