<?xml version='1.0' encoding='UTF-8'?>
<annotation><filename>imagem-004.jpg</filename><folder>segmentation_xray</folder><source><sourceImage>The MIT-CSAIL database of objects and scenes</sourceImage><sourceAnnotation>LabelMe Webtool</sourceAnnotation></source><object><name>tooth</name><deleted>0</deleted><verified>0</verified><occluded>no</occluded><attributes>18</attributes><parts><hasparts /><ispartof /></parts><date>19-05-21 10:09:12:370</date><id>0</id><type>bounding_box</type><polygon><username>anonymous</username><pt><x>1032</x><y>36</y><time>19-05-21 10:09:05:269</time></pt><pt><x>185</x><y>36</y><time>19-05-21 10:09:08:014</time></pt><pt><x>185</x><y>699</y><time>undefined</time></pt><pt><x>1032</x><y>699</y><time>undefined</time></pt><closed_date>19-05-21 10:09:08:014</closed_date></polygon></object><object><name>tooth</name><deleted>0</deleted><verified>0</verified><occluded>no</occluded><attributes>17</attributes><parts><hasparts>10</hasparts><ispartof /></parts><date>19-05-21 10:09:33:527</date><id>1</id><type>bounding_box</type><polygon><username>anonymous</username><pt><x>1880</x><y>26</y><time>19-05-21 10:09:25:127</time></pt><pt><x>817</x><y>26</y><time>19-05-21 10:09:28:182</time></pt><pt><x>817</x><y>1351</y><time>undefined</time></pt><pt><x>1880</x><y>1351</y><time>undefined</time></pt><closed_date>19-05-21 10:09:28:183</closed_date></polygon></object><object><name>tooth</name><deleted>0</deleted><verified>0</verified><occluded>no</occluded><attributes>16</attributes><parts><hasparts /><ispartof /></parts><date>19-05-21 10:09:45:808</date><id>2</id><type>bounding_box</type><polygon><username>anonymous</username><pt><x>2989</x><y>36</y><time>19-05-21 10:09:35:907</time></pt><pt><x>1715</x><y>36</y><time>19-05-21 10:09:40:027</time></pt><pt><x>1715</x><y>1433</y><time>undefined</time></pt><pt><x>2989</x><y>1433</y><time>undefined</time></pt><closed_date>19-05-21 10:09:40:027</closed_date></polygon></object><object><name>tooth</name><deleted>0</deleted><verified>0</verified><occluded>no</occluded><attributes>15</attributes><parts><hasparts /><ispartof /></parts><date>19-05-21 10:10:02:284</date><id>3</id><type>bounding_box</type><polygon><username>anonymous</username><pt><x>3703</x><y>67</y><time>19-05-21 10:09:53:318</time></pt><pt><x>2892</x><y>67</y><time>19-05-21 10:09:56:210</time></pt><pt><x>2892</x><y>1371</y><time>undefined</time></pt><pt><x>3703</x><y>1371</y><time>undefined</time></pt><closed_date>19-05-21 10:09:56:211</closed_date></polygon></object><object><name>tooth</name><deleted>0</deleted><verified>0</verified><occluded>no</occluded><attributes>14</attributes><parts><hasparts /><ispartof /></parts><date>19-05-21 10:10:20:002</date><id>4</id><type>bounding_box</type><polygon><username>anonymous</username><pt><x>4047</x><y>1361</y><time>19-05-21 10:10:11:241</time></pt><pt><x>3611</x><y>1361</y><time>19-05-21 10:10:15:449</time></pt><pt><x>3611</x><y>87</y><time>undefined</time></pt><pt><x>4047</x><y>87</y><time>undefined</time></pt><closed_date>19-05-21 10:10:15:449</closed_date></polygon></object><object><name>tooth</name><deleted>0</deleted><verified>0</verified><occluded>no</occluded><attributes>48</attributes><parts><hasparts /><ispartof /></parts><date>19-05-21 10:10:41:520</date><id>5</id><type>bounding_box</type><polygon><username>anonymous</username><pt><x>82</x><y>1433</y><time>19-05-21 10:10:30:579</time></pt><pt><x>935</x><y>1433</y><time>19-05-21 10:10:35:558</time></pt><pt><x>935</x><y>2943</y><time>undefined</time></pt><pt><x>82</x><y>2943</y><time>undefined</time></pt><closed_date>19-05-21 10:10:35:559</closed_date></polygon></object><object><name>tooth</name><deleted>0</deleted><verified>0</verified><occluded>no</occluded><attributes>47</attributes><parts><hasparts>11</hasparts><ispartof /></parts><date>19-05-21 10:10:51:062</date><id>6</id><type>bounding_box</type><polygon><username>anonymous</username><pt><x>2054</x><y>1577</y><time>19-05-21 10:10:43:307</time></pt><pt><x>883</x><y>1577</y><time>19-05-21 10:10:45:923</time></pt><pt><x>883</x><y>3097</y><time>undefined</time></pt><pt><x>2054</x><y>3097</y><time>undefined</time></pt><closed_date>19-05-21 10:10:45:924</closed_date></polygon></object><object><name>tooth</name><deleted>0</deleted><verified>0</verified><occluded>no</occluded><attributes>46</attributes><parts><hasparts /><ispartof /></parts><date>19-05-21 10:11:05:768</date><id>7</id><type>bounding_box</type><polygon><username>anonymous</username><pt><x>3159</x><y>3041</y><time>19-05-21 10:10:58:549</time></pt><pt><x>1967</x><y>3041</y><time>19-05-21 10:11:01:198</time></pt><pt><x>1967</x><y>1623</y><time>undefined</time></pt><pt><x>3159</x><y>1623</y><time>undefined</time></pt><closed_date>19-05-21 10:11:01:198</closed_date></polygon></object><object><name>tooth</name><deleted>0</deleted><verified>0</verified><occluded>no</occluded><attributes>45</attributes><parts><hasparts /><ispartof /></parts><date>19-05-21 10:11:25:555</date><id>8</id><type>bounding_box</type><polygon><username>anonymous</username><pt><x>3878</x><y>1644</y><time>19-05-21 10:11:15:260</time></pt><pt><x>3092</x><y>1644</y><time>19-05-21 10:11:19:730</time></pt><pt><x>3092</x><y>3118</y><time>undefined</time></pt><pt><x>3878</x><y>3118</y><time>undefined</time></pt><closed_date>19-05-21 10:11:19:731</closed_date></polygon></object><object><name>tooth</name><deleted>0</deleted><verified>0</verified><occluded>no</occluded><attributes>44</attributes><parts><hasparts /><ispartof /></parts><date>19-05-21 10:11:54:588</date><id>9</id><type>bounding_box</type><polygon><username>anonymous</username><pt><x>4078</x><y>1757</y><time>19-05-21 10:11:33:102</time></pt><pt><x>3801</x><y>1757</y><time>19-05-21 10:11:34:959</time></pt><pt><x>3801</x><y>2948</y><time>undefined</time></pt><pt><x>4078</x><y>2948</y><time>undefined</time></pt><closed_date>19-05-21 10:11:34:959</closed_date></polygon></object><object><name>restoration</name><deleted>0</deleted><verified>0</verified><occluded>no</occluded><attributes /><parts><hasparts /><ispartof>1</ispartof></parts><date>19-05-21 10:12:30:359</date><id>10</id><polygon><username>anonymous</username><pt><x>950</x><y>1053</y><time>19-05-21 10:12:15:199</time></pt><pt><x>1037</x><y>914</y><time>19-05-21 10:12:17:766</time></pt><pt><x>1181</x><y>935</y><time>19-05-21 10:12:18:391</time></pt><pt><x>1197</x><y>950</y><time>19-05-21 10:12:18:864</time></pt><pt><x>1284</x><y>940</y><time>19-05-21 10:12:19:311</time></pt><pt><x>1361</x><y>904</y><time>19-05-21 10:12:19:831</time></pt><pt><x>1423</x><y>909</y><time>19-05-21 10:12:20:351</time></pt><pt><x>1479</x><y>986</y><time>19-05-21 10:12:20:822</time></pt><pt><x>1572</x><y>1079</y><time>19-05-21 10:12:21:350</time></pt><pt><x>1669</x><y>1079</y><time>19-05-21 10:12:21:822</time></pt><pt><x>1721</x><y>1109</y><time>19-05-21 10:12:22:334</time></pt><pt><x>1746</x><y>1186</y><time>19-05-21 10:12:22:895</time></pt><pt><x>1746</x><y>1233</y><time>19-05-21 10:12:23:456</time></pt><pt><x>1690</x><y>1233</y><time>19-05-21 10:12:23:895</time></pt><pt><x>1531</x><y>1233</y><time>19-05-21 10:12:24:399</time></pt><pt><x>1356</x><y>1207</y><time>19-05-21 10:12:25:041</time></pt><pt><x>1228</x><y>1202</y><time>19-05-21 10:12:25:569</time></pt><pt><x>1140</x><y>1161</y><time>19-05-21 10:12:26:065</time></pt><pt><x>1037</x><y>1125</y><time>19-05-21 10:12:26:529</time></pt><closed_date>19-05-21 10:12:27:130</closed_date></polygon></object><object><name>restoration</name><deleted>0</deleted><verified>0</verified><occluded>no</occluded><attributes /><parts><hasparts /><ispartof>6</ispartof></parts><date>19-05-21 10:12:51:111</date><id>11</id><polygon><username>anonymous</username><pt><x>1726</x><y>1905</y><time>19-05-21 10:12:36:974</time></pt><pt><x>1849</x><y>1880</y><time>19-05-21 10:12:37:632</time></pt><pt><x>1880</x><y>1813</y><time>19-05-21 10:12:38:348</time></pt><pt><x>1798</x><y>1772</y><time>19-05-21 10:12:38:924</time></pt><pt><x>1649</x><y>1767</y><time>19-05-21 10:12:39:444</time></pt><pt><x>1489</x><y>1762</y><time>19-05-21 10:12:39:916</time></pt><pt><x>1387</x><y>1731</y><time>19-05-21 10:12:40:404</time></pt><pt><x>1207</x><y>1721</y><time>19-05-21 10:12:40:875</time></pt><pt><x>1130</x><y>1690</y><time>19-05-21 10:12:41:475</time></pt><pt><x>1171</x><y>1798</y><time>19-05-21 10:12:41:980</time></pt><pt><x>1361</x><y>1859</y><time>19-05-21 10:12:42:468</time></pt><pt><x>1376</x><y>1957</y><time>19-05-21 10:12:42:986</time></pt><pt><x>1423</x><y>1988</y><time>19-05-21 10:12:43:460</time></pt><pt><x>1464</x><y>1988</y><time>19-05-21 10:12:43:899</time></pt><pt><x>1577</x><y>1993</y><time>19-05-21 10:12:44:459</time></pt><pt><x>1577</x><y>1962</y><time>19-05-21 10:12:44:963</time></pt><pt><x>1582</x><y>1916</y><time>19-05-21 10:12:45:516</time></pt><pt><x>1638</x><y>1916</y><time>19-05-21 10:12:45:857</time></pt><closed_date>19-05-21 10:12:46:240</closed_date></polygon></object><imagesize><nrows /><ncols /></imagesize></annotation>