<?xml version='1.0' encoding='UTF-8'?>
<annotation><filename>imagem-098.jpg</filename><folder>segmentation_xray</folder><source><sourceImage>The MIT-CSAIL database of objects and scenes</sourceImage><sourceAnnotation>LabelMe Webtool</sourceAnnotation></source><object><name>tooth</name><deleted>0</deleted><verified>0</verified><occluded>no</occluded><attributes>27</attributes><parts><hasparts /><ispartof /></parts><date>15-05-21 13:56:26:096</date><id>0</id><type>bounding_box</type><polygon><username>anonymous</username><pt><x>945</x><y>504</y><time>15-05-21 13:56:11:166</time></pt><pt><x>1415</x><y>504</y><time>15-05-21 13:56:19:069</time></pt><pt><x>1415</x><y>9</y><time>undefined</time></pt><pt><x>945</x><y>9</y><time>undefined</time></pt><closed_date>15-05-21 13:56:19:071</closed_date></polygon></object><object><name>tooth</name><deleted>0</deleted><verified>0</verified><occluded>no</occluded><attributes>25</attributes><parts><hasparts /><ispartof /></parts><date>15-05-21 13:57:11:395</date><id>1</id><type>bounding_box</type><polygon><username>anonymous</username><pt><x>258</x><y>491</y><time>15-05-21 13:56:53:469</time></pt><pt><x>546</x><y>491</y><time>15-05-21 13:57:06:869</time></pt><pt><x>546</x><y>5</y><time>undefined</time></pt><pt><x>258</x><y>5</y><time>undefined</time></pt><closed_date>15-05-21 13:57:06:870</closed_date></polygon></object><object><name>tooth</name><deleted>0</deleted><verified>0</verified><occluded>no</occluded><attributes>24</attributes><parts><hasparts /><ispartof /></parts><date>15-05-21 13:57:43:980</date><id>2</id><type>bounding_box</type><polygon><username>anonymous</username><pt><x>7</x><y>477</y><time>15-05-21 13:57:30:760</time></pt><pt><x>288</x><y>477</y><time>15-05-21 13:57:37:281</time></pt><pt><x>288</x><y>2</y><time>undefined</time></pt><pt><x>7</x><y>2</y><time>undefined</time></pt><closed_date>15-05-21 13:57:37:281</closed_date></polygon></object><object><name>tooth</name><deleted>0</deleted><verified>0</verified><occluded>no</occluded><attributes>37</attributes><parts><hasparts /><ispartof /></parts><date>15-05-21 13:58:17:099</date><id>3</id><type>bounding_box</type><polygon><username>anonymous</username><pt><x>954</x><y>507</y><time>15-05-21 13:58:02:819</time></pt><pt><x>1520</x><y>507</y><time>15-05-21 13:58:10:333</time></pt><pt><x>1520</x><y>1230</y><time>undefined</time></pt><pt><x>954</x><y>1230</y><time>undefined</time></pt><closed_date>15-05-21 13:58:10:333</closed_date></polygon></object><object><name>tooth</name><deleted>0</deleted><verified>0</verified><occluded>no</occluded><attributes>36</attributes><parts><hasparts /><ispartof /></parts><date>15-05-21 13:58:41:635</date><id>4</id><type>bounding_box</type><polygon><username>anonymous</username><pt><x>498</x><y>548</y><time>15-05-21 13:58:30:847</time></pt><pt><x>988</x><y>548</y><time>15-05-21 13:58:35:143</time></pt><pt><x>988</x><y>1237</y><time>undefined</time></pt><pt><x>498</x><y>1237</y><time>undefined</time></pt><closed_date>15-05-21 13:58:35:143</closed_date></polygon></object><object><name>tooth</name><deleted>0</deleted><verified>0</verified><occluded>no</occluded><attributes>35</attributes><parts><hasparts /><ispartof /></parts><date>15-05-21 13:59:04:724</date><id>5</id><type>bounding_box</type><polygon><username>anonymous</username><pt><x>187</x><y>562</y><time>15-05-21 13:58:52:406</time></pt><pt><x>523</x><y>562</y><time>15-05-21 13:58:58:460</time></pt><pt><x>523</x><y>1239</y><time>undefined</time></pt><pt><x>187</x><y>1239</y><time>undefined</time></pt><closed_date>15-05-21 13:58:58:460</closed_date></polygon></object><object><name>tooth</name><deleted>0</deleted><verified>0</verified><occluded>no</occluded><attributes>34</attributes><parts><hasparts /><ispartof /></parts><date>15-05-21 13:59:29:739</date><id>6</id><type>bounding_box</type><polygon><username>anonymous</username><pt><x>7</x><y>539</y><time>15-05-21 13:59:16:718</time></pt><pt><x>226</x><y>539</y><time>15-05-21 13:59:24:251</time></pt><pt><x>226</x><y>1219</y><time>undefined</time></pt><pt><x>7</x><y>1219</y><time>undefined</time></pt><closed_date>15-05-21 13:59:24:252</closed_date></polygon></object><imagesize><nrows /><ncols /></imagesize></annotation>