<?xml version="1.0" encoding="UTF-8"?><annotation><filename>imagem-077.jpg</filename><folder>segmentation_xray</folder><source><sourceImage>The MIT-CSAIL database of objects and scenes</sourceImage><sourceAnnotation>LabelMe Webtool</sourceAnnotation></source><object><name>tooth</name><deleted>0</deleted><verified>0</verified><occluded>no</occluded><attributes>26</attributes><parts><hasparts/><ispartof>4</ispartof></parts><date>17-05-21 09:28:29:475</date><id>0</id><type>bounding_box</type><polygon><username>anonymous</username><pt><x>980</x><y>298</y><time>17-05-21 09:28:20:785</time></pt><pt><x>654</x><y>298</y><time>17-05-21 09:28:23:114</time></pt><pt><x>654</x><y>1</y><time>undefined</time></pt><pt><x>980</x><y>1</y><time>undefined</time></pt><closed_date>17-05-21 09:28:23:115</closed_date></polygon></object><object><name>tooth</name><deleted>0</deleted><verified>0</verified><occluded>no</occluded><attributes>65</attributes><parts><hasparts>8,9</hasparts><ispartof>4</ispartof></parts><date>17-05-21 09:28:43:641</date><id>1</id><type>bounding_box</type><polygon><username>anonymous</username><pt><x>401</x><y>309</y><time>17-05-21 09:28:32:788</time></pt><pt><x>655</x><y>309</y><time>17-05-21 09:28:35:141</time></pt><pt><x>655</x><y>1</y><time>undefined</time></pt><pt><x>401</x><y>1</y><time>undefined</time></pt><closed_date>17-05-21 09:28:35:142</closed_date></polygon></object><object><name>tooth</name><deleted>0</deleted><verified>0</verified><occluded>no</occluded><attributes>64</attributes><parts><hasparts/><ispartof>4</ispartof></parts><date>17-05-21 09:29:01:520</date><id>2</id><type>bounding_box</type><polygon><username>anonymous</username><pt><x>196</x><y>294</y><time>17-05-21 09:28:52:837</time></pt><pt><x>412</x><y>294</y><time>17-05-21 09:28:55:293</time></pt><pt><x>412</x><y>1</y><time>undefined</time></pt><pt><x>196</x><y>1</y><time>undefined</time></pt><closed_date>17-05-21 09:28:55:294</closed_date></polygon></object><object><name>tooth</name><deleted>0</deleted><verified>0</verified><occluded>no</occluded><attributes>63</attributes><parts><hasparts/><ispartof>4</ispartof></parts><date>17-05-21 09:29:11:806</date><id>3</id><type>bounding_box</type><polygon><username>anonymous</username><pt><x>1</x><y>295</y><time>17-05-21 09:29:03:871</time></pt><pt><x>205</x><y>295</y><time>17-05-21 09:29:05:290</time></pt><pt><x>205</x><y>2</y><time>undefined</time></pt><pt><x>1</x><y>2</y><time>undefined</time></pt><closed_date>17-05-21 09:29:05:290</closed_date></polygon></object><object><name>tooth</name><deleted>1</deleted><verified>0</verified><occluded>no</occluded><attributes>36</attributes><parts><hasparts>4,5,6,7</hasparts><ispartof>4</ispartof></parts><date>17-05-21 09:29:27:187</date><id>4</id><type>bounding_box</type><polygon><username>anonymous</username><pt><x>963</x><y>349</y><time>17-05-21 09:29:14:182</time></pt><pt><x>622</x><y>349</y><time>17-05-21 09:29:23:049</time></pt><pt><x>622</x><y>658</y><time>undefined</time></pt><pt><x>963</x><y>658</y><time>undefined</time></pt><closed_date>17-05-21 09:29:23:050</closed_date></polygon></object><object><name>tooth</name><deleted>1</deleted><verified>0</verified><occluded>no</occluded><attributes>75</attributes><parts><hasparts/><ispartof>4</ispartof></parts><date>17-05-21 09:29:35:670</date><id>5</id><type>bounding_box</type><polygon><username>anonymous</username><pt><x>326</x><y>371</y><time>17-05-21 09:29:29:484</time></pt><pt><x>647</x><y>371</y><time>17-05-21 09:29:31:719</time></pt><pt><x>647</x><y>659</y><time>undefined</time></pt><pt><x>326</x><y>659</y><time>undefined</time></pt><closed_date>17-05-21 09:29:31:720</closed_date></polygon></object><object><name>tooth</name><deleted>1</deleted><verified>0</verified><occluded>no</occluded><attributes>74</attributes><parts><hasparts/><ispartof>4</ispartof></parts><date>17-05-21 09:29:45:868</date><id>6</id><type>bounding_box</type><polygon><username>anonymous</username><pt><x>78</x><y>375</y><time>17-05-21 09:29:37:859</time></pt><pt><x>338</x><y>375</y><time>17-05-21 09:29:42:116</time></pt><pt><x>338</x><y>655</y><time>undefined</time></pt><pt><x>78</x><y>655</y><time>undefined</time></pt><closed_date>17-05-21 09:29:42:116</closed_date></polygon></object><object><name>tooth</name><deleted>1</deleted><verified>0</verified><occluded>no</occluded><attributes>73</attributes><parts><hasparts/><ispartof>4</ispartof></parts><date>17-05-21 09:29:55:430</date><id>7</id><type>bounding_box</type><polygon><username>anonymous</username><pt><x>84</x><y>357</y><time>17-05-21 09:29:48:588</time></pt><pt><x>1</x><y>357</y><time>17-05-21 09:29:51:352</time></pt><pt><x>1</x><y>602</y><time>undefined</time></pt><pt><x>84</x><y>602</y><time>undefined</time></pt><closed_date>17-05-21 09:29:51:352</closed_date></polygon></object><object><name>restoration</name><deleted>0</deleted><verified>0</verified><occluded>no</occluded><attributes/><parts><hasparts/><ispartof>1</ispartof></parts><date>17-05-21 09:30:41:036</date><id>8</id><polygon><username>anonymous</username><pt><x>463</x><y>256</y><time>17-05-21 09:30:26:537</time></pt><pt><x>463</x><y>228</y><time>17-05-21 09:30:27:542</time></pt><pt><x>459</x><y>211</y><time>17-05-21 09:30:28:258</time></pt><pt><x>458</x><y>191</y><time>17-05-21 09:30:28:807</time></pt><pt><x>472</x><y>183</y><time>17-05-21 09:30:29:478</time></pt><pt><x>494</x><y>178</y><time>17-05-21 09:30:30:117</time></pt><pt><x>512</x><y>178</y><time>17-05-21 09:30:30:606</time></pt><pt><x>535</x><y>179</y><time>17-05-21 09:30:30:978</time></pt><pt><x>539</x><y>195</y><time>17-05-21 09:30:31:358</time></pt><pt><x>543</x><y>208</y><time>17-05-21 09:30:31:812</time></pt><pt><x>543</x><y>217</y><time>17-05-21 09:30:31:981</time></pt><pt><x>543</x><y>228</y><time>17-05-21 09:30:32:210</time></pt><pt><x>543</x><y>234</y><time>17-05-21 09:30:32:422</time></pt><pt><x>540</x><y>237</y><time>17-05-21 09:30:32:616</time></pt><pt><x>534</x><y>245</y><time>17-05-21 09:30:32:868</time></pt><pt><x>533</x><y>251</y><time>17-05-21 09:30:35:180</time></pt><pt><x>517</x><y>251</y><time>17-05-21 09:30:35:566</time></pt><pt><x>503</x><y>249</y><time>17-05-21 09:30:36:053</time></pt><pt><x>486</x><y>248</y><time>17-05-21 09:30:36:554</time></pt><closed_date>17-05-21 09:30:37:615</closed_date></polygon></object><object><name>restoration</name><deleted>0</deleted><verified>0</verified><occluded>no</occluded><attributes/><parts><hasparts/><ispartof>1</ispartof></parts><date>17-05-21 09:30:53:040</date><id>9</id><polygon><username>anonymous</username><pt><x>544</x><y>242</y><time>17-05-21 09:30:45:158</time></pt><pt><x>555</x><y>219</y><time>17-05-21 09:30:45:914</time></pt><pt><x>579</x><y>210</y><time>17-05-21 09:30:46:551</time></pt><pt><x>596</x><y>211</y><time>17-05-21 09:30:47:042</time></pt><pt><x>607</x><y>212</y><time>17-05-21 09:30:47:342</time></pt><pt><x>610</x><y>214</y><time>17-05-21 09:30:47:534</time></pt><pt><x>614</x><y>218</y><time>17-05-21 09:30:47:800</time></pt><pt><x>615</x><y>225</y><time>17-05-21 09:30:48:022</time></pt><pt><x>615</x><y>231</y><time>17-05-21 09:30:48:214</time></pt><pt><x>615</x><y>241</y><time>17-05-21 09:30:48:450</time></pt><pt><x>612</x><y>245</y><time>17-05-21 09:30:48:647</time></pt><pt><x>608</x><y>246</y><time>17-05-21 09:30:48:846</time></pt><pt><x>602</x><y>246</y><time>17-05-21 09:30:49:042</time></pt><pt><x>595</x><y>246</y><time>17-05-21 09:30:49:245</time></pt><pt><x>579</x><y>249</y><time>17-05-21 09:30:49:434</time></pt><pt><x>568</x><y>252</y><time>17-05-21 09:30:49:633</time></pt><pt><x>561</x><y>252</y><time>17-05-21 09:30:49:834</time></pt><closed_date>17-05-21 09:30:50:337</closed_date></polygon></object><imagesize><nrows></nrows><ncols></ncols></imagesize><object><name>tooth</name><deleted>0</deleted><verified>0</verified><occluded>no</occluded><attributes>73</attributes><parts><hasparts></hasparts><ispartof></ispartof></parts><date>30-03-22 17:02:05:319</date><id>10</id><type>bounding_box</type><polygon><username>admin</username><pt><x>5</x><y>365</y><time>30-03-22 17:01:54:367</time></pt><pt><x>82</x><y>365</y><time>30-03-22 17:01:56:529</time></pt><pt><x>82</x><y>597</y><time>undefined</time></pt><pt><x>5</x><y>597</y><time>undefined</time></pt><closed_date>30-03-22 17:01:56:529</closed_date></polygon></object><object><name>tooth</name><deleted>0</deleted><verified>0</verified><occluded>no</occluded><attributes>36</attributes><parts><hasparts></hasparts><ispartof></ispartof></parts><date>30-03-22 17:02:17:627</date><id>11</id><type>bounding_box</type><polygon><username>admin</username><pt><x>625</x><y>349</y><time>30-03-22 17:02:10:553</time></pt><pt><x>947</x><y>349</y><time>30-03-22 17:02:12:473</time></pt><pt><x>947</x><y>644</y><time>undefined</time></pt><pt><x>625</x><y>644</y><time>undefined</time></pt><closed_date>30-03-22 17:02:12:473</closed_date></polygon></object><object><name>tooth</name><deleted>0</deleted><verified>0</verified><occluded>no</occluded><attributes>75</attributes><parts><hasparts></hasparts><ispartof></ispartof></parts><date>30-03-22 17:02:29:149</date><id>12</id><type>bounding_box</type><polygon><username>admin</username><pt><x>319</x><y>368</y><time>30-03-22 17:02:19:022</time></pt><pt><x>660</x><y>368</y><time>30-03-22 17:02:21:583</time></pt><pt><x>660</x><y>655</y><time>undefined</time></pt><pt><x>319</x><y>655</y><time>undefined</time></pt><closed_date>30-03-22 17:02:21:583</closed_date></polygon></object><object><name>tooth</name><deleted>0</deleted><verified>0</verified><occluded>no</occluded><attributes>74</attributes><parts><hasparts></hasparts><ispartof></ispartof></parts><date>30-03-22 17:02:44:662</date><id>13</id><type>bounding_box</type><polygon><username>admin</username><pt><x>88</x><y>383</y><time>30-03-22 17:02:36:735</time></pt><pt><x>317</x><y>383</y><time>30-03-22 17:02:39:008</time></pt><pt><x>317</x><y>659</y><time>undefined</time></pt><pt><x>88</x><y>659</y><time>undefined</time></pt><closed_date>30-03-22 17:02:39:008</closed_date></polygon></object></annotation>