<?xml version='1.0' encoding='UTF-8'?>
<annotation><filename>imagem-085.jpg</filename><folder>segmentation_xray</folder><source><sourceImage>The MIT-CSAIL database of objects and scenes</sourceImage><sourceAnnotation>LabelMe Webtool</sourceAnnotation></source><object><name>tooth</name><deleted>0</deleted><verified>0</verified><occluded>no</occluded><attributes>27</attributes><parts><hasparts /><ispartof /></parts><date>19-05-21 08:06:18:329</date><id>0</id><type>bounding_box</type><polygon><username>anonymous</username><pt><x>1600</x><y>598</y><time>19-05-21 08:06:07:217</time></pt><pt><x>1203</x><y>598</y><time>19-05-21 08:06:11:606</time></pt><pt><x>1203</x><y>24</y><time>undefined</time></pt><pt><x>1600</x><y>24</y><time>undefined</time></pt><closed_date>19-05-21 08:06:11:607</closed_date></polygon></object><object><name>tooth</name><deleted>0</deleted><verified>0</verified><occluded>no</occluded><attributes>26</attributes><parts><hasparts /><ispartof /></parts><date>19-05-21 08:06:31:697</date><id>1</id><type>bounding_box</type><polygon><username>anonymous</username><pt><x>791</x><y>608</y><time>19-05-21 08:06:21:311</time></pt><pt><x>1226</x><y>608</y><time>19-05-21 08:06:25:081</time></pt><pt><x>1226</x><y>20</y><time>undefined</time></pt><pt><x>791</x><y>20</y><time>undefined</time></pt><closed_date>19-05-21 08:06:25:081</closed_date></polygon></object><object><name>tooth</name><deleted>0</deleted><verified>0</verified><occluded>no</occluded><attributes>25</attributes><parts><hasparts /><ispartof /></parts><date>19-05-21 08:06:44:199</date><id>2</id><type>bounding_box</type><polygon><username>anonymous</username><pt><x>508</x><y>630</y><time>19-05-21 08:06:34:580</time></pt><pt><x>809</x><y>630</y><time>19-05-21 08:06:38:868</time></pt><pt><x>809</x><y>14</y><time>undefined</time></pt><pt><x>508</x><y>14</y><time>undefined</time></pt><closed_date>19-05-21 08:06:38:868</closed_date></polygon></object><object><name>tooth</name><deleted>0</deleted><verified>0</verified><occluded>no</occluded><attributes>24</attributes><parts><hasparts /><ispartof /></parts><date>19-05-21 08:07:05:103</date><id>3</id><type>bounding_box</type><polygon><username>anonymous</username><pt><x>185</x><y>624</y><time>19-05-21 08:06:55:408</time></pt><pt><x>533</x><y>624</y><time>19-05-21 08:06:59:629</time></pt><pt><x>533</x><y>28</y><time>undefined</time></pt><pt><x>185</x><y>28</y><time>undefined</time></pt><closed_date>19-05-21 08:06:59:629</closed_date></polygon></object><object><name>tooth</name><deleted>0</deleted><verified>0</verified><occluded>no</occluded><attributes>23</attributes><parts><hasparts /><ispartof /></parts><date>19-05-21 08:07:26:291</date><id>4</id><type>bounding_box</type><polygon><username>anonymous</username><pt><x>16</x><y>671</y><time>19-05-21 08:07:16:316</time></pt><pt><x>323</x><y>671</y><time>19-05-21 08:07:18:847</time></pt><pt><x>323</x><y>6</y><time>undefined</time></pt><pt><x>16</x><y>6</y><time>undefined</time></pt><closed_date>19-05-21 08:07:18:847</closed_date></polygon></object><object><name>tooth</name><deleted>0</deleted><verified>0</verified><occluded>no</occluded><attributes>37</attributes><parts><hasparts /><ispartof /></parts><date>19-05-21 08:07:45:349</date><id>5</id><type>bounding_box</type><polygon><username>anonymous</username><pt><x>1128</x><y>1216</y><time>19-05-21 08:07:33:682</time></pt><pt><x>1600</x><y>1216</y><time>19-05-21 08:07:37:014</time></pt><pt><x>1600</x><y>620</y><time>undefined</time></pt><pt><x>1128</x><y>620</y><time>undefined</time></pt><closed_date>19-05-21 08:07:37:014</closed_date></polygon></object><object><name>tooth</name><deleted>0</deleted><verified>0</verified><occluded>no</occluded><attributes>36</attributes><parts><hasparts /><ispartof /></parts><date>19-05-21 08:08:06:986</date><id>6</id><type>bounding_box</type><polygon><username>anonymous</username><pt><x>689</x><y>671</y><time>19-05-21 08:07:56:753</time></pt><pt><x>1248</x><y>671</y><time>19-05-21 08:08:00:287</time></pt><pt><x>1248</x><y>1228</y><time>undefined</time></pt><pt><x>689</x><y>1228</y><time>undefined</time></pt><closed_date>19-05-21 08:08:00:288</closed_date></polygon></object><object><name>tooth</name><deleted>0</deleted><verified>0</verified><occluded>no</occluded><attributes>35</attributes><parts><hasparts /><ispartof /></parts><date>19-05-21 08:08:31:264</date><id>7</id><type>bounding_box</type><polygon><username>anonymous</username><pt><x>388</x><y>687</y><time>19-05-21 08:08:16:305</time></pt><pt><x>705</x><y>687</y><time>19-05-21 08:08:19:742</time></pt><pt><x>705</x><y>1224</y><time>undefined</time></pt><pt><x>388</x><y>1224</y><time>undefined</time></pt><closed_date>19-05-21 08:08:19:742</closed_date></polygon></object><object><name>tooth</name><deleted>0</deleted><verified>0</verified><occluded>no</occluded><attributes>34</attributes><parts><hasparts /><ispartof /></parts><date>19-05-21 08:09:01:856</date><id>8</id><type>bounding_box</type><polygon><username>anonymous</username><pt><x>75</x><y>695</y><time>19-05-21 08:08:43:771</time></pt><pt><x>390</x><y>695</y><time>19-05-21 08:08:48:135</time></pt><pt><x>390</x><y>1228</y><time>undefined</time></pt><pt><x>75</x><y>1228</y><time>undefined</time></pt><closed_date>19-05-21 08:08:48:135</closed_date></polygon></object><object><name>tooth</name><deleted>0</deleted><verified>0</verified><occluded>no</occluded><attributes>33</attributes><parts><hasparts /><ispartof /></parts><date>19-05-21 08:09:22:465</date><id>9</id><type>bounding_box</type><polygon><username>anonymous</username><pt><x>2</x><y>705</y><time>19-05-21 08:09:12:483</time></pt><pt><x>222</x><y>705</y><time>19-05-21 08:09:15:279</time></pt><pt><x>222</x><y>1234</y><time>undefined</time></pt><pt><x>2</x><y>1234</y><time>undefined</time></pt><closed_date>19-05-21 08:09:15:279</closed_date></polygon></object><imagesize><nrows /><ncols /></imagesize></annotation>