<?xml version='1.0' encoding='UTF-8'?>
<annotation><filename>imagem-040.jpg</filename><folder>segmentation_xray</folder><source><sourceImage>The MIT-CSAIL database of objects and scenes</sourceImage><sourceAnnotation>LabelMe Webtool</sourceAnnotation></source><object><name>tooth</name><deleted>0</deleted><verified>0</verified><occluded>no</occluded><attributes>48</attributes><parts><hasparts /><ispartof /></parts><date>11-02-22 16:26:56:566</date><id>0</id><type>bounding_box</type><polygon><username>anonymous</username><pt><x>139</x><y>1421</y><time>11-02-22 16:26:41:297</time></pt><pt><x>1371</x><y>1421</y><time>11-02-22 16:26:44:374</time></pt><pt><x>1371</x><y>3154</y><time>undefined</time></pt><pt><x>139</x><y>3154</y><time>undefined</time></pt><closed_date>11-02-22 16:26:44:375</closed_date></polygon></object><object><name>tooth</name><deleted>0</deleted><verified>0</verified><occluded>no</occluded><attributes>47</attributes><parts><hasparts>10</hasparts><ispartof /></parts><date>11-02-22 16:27:11:652</date><id>1</id><type>bounding_box</type><polygon><username>anonymous</username><pt><x>2486</x><y>1549</y><time>11-02-22 16:27:05:222</time></pt><pt><x>1282</x><y>1549</y><time>11-02-22 16:27:06:822</time></pt><pt><x>1282</x><y>3154</y><time>undefined</time></pt><pt><x>2486</x><y>3154</y><time>undefined</time></pt><closed_date>11-02-22 16:27:06:822</closed_date></polygon></object><object><name>tooth</name><deleted>0</deleted><verified>0</verified><occluded>no</occluded><attributes>46</attributes><parts><hasparts>11</hasparts><ispartof /></parts><date>11-02-22 16:27:18:694</date><id>2</id><type>bounding_box</type><polygon><username>anonymous</username><pt><x>3628</x><y>1767</y><time>11-02-22 16:27:13:152</time></pt><pt><x>2396</x><y>1767</y><time>11-02-22 16:27:15:374</time></pt><pt><x>2396</x><y>3154</y><time>undefined</time></pt><pt><x>3628</x><y>3154</y><time>undefined</time></pt><closed_date>11-02-22 16:27:15:374</closed_date></polygon></object><object><name>tooth</name><deleted>0</deleted><verified>0</verified><occluded>no</occluded><attributes>45</attributes><parts><hasparts /><ispartof /></parts><date>11-02-22 16:27:23:995</date><id>3</id><type>bounding_box</type><polygon><username>anonymous</username><pt><x>4085</x><y>1650</y><time>11-02-22 16:27:19:350</time></pt><pt><x>3617</x><y>1650</y><time>11-02-22 16:27:20:638</time></pt><pt><x>3617</x><y>3043</y><time>undefined</time></pt><pt><x>4085</x><y>3043</y><time>undefined</time></pt><closed_date>11-02-22 16:27:20:638</closed_date></polygon></object><object><name>tooth</name><deleted>0</deleted><verified>0</verified><occluded>no</occluded><attributes>15</attributes><parts><hasparts /><ispartof /></parts><date>11-02-22 16:27:35:285</date><id>4</id><type>bounding_box</type><polygon><username>anonymous</username><pt><x>4079</x><y>1310</y><time>11-02-22 16:27:25:015</time></pt><pt><x>3366</x><y>1310</y><time>11-02-22 16:27:27:503</time></pt><pt><x>3366</x><y>17</y><time>undefined</time></pt><pt><x>4079</x><y>17</y><time>undefined</time></pt><closed_date>11-02-22 16:27:27:504</closed_date></polygon></object><object><name>tooth</name><deleted>0</deleted><verified>0</verified><occluded>no</occluded><attributes>16</attributes><parts><hasparts>8,9</hasparts><ispartof /></parts><date>11-02-22 16:27:43:981</date><id>5</id><type>bounding_box</type><polygon><username>anonymous</username><pt><x>2268</x><y>1343</y><time>11-02-22 16:27:36:938</time></pt><pt><x>3483</x><y>1343</y><time>11-02-22 16:27:40:336</time></pt><pt><x>3483</x><y>11</y><time>undefined</time></pt><pt><x>2268</x><y>11</y><time>undefined</time></pt><closed_date>11-02-22 16:27:40:336</closed_date></polygon></object><object><name>tooth</name><deleted>0</deleted><verified>0</verified><occluded>no</occluded><attributes>17</attributes><parts><hasparts /><ispartof /></parts><date>11-02-22 16:27:51:512</date><id>6</id><type>bounding_box</type><polygon><username>anonymous</username><pt><x>1243</x><y>1349</y><time>11-02-22 16:27:45:314</time></pt><pt><x>2385</x><y>1349</y><time>11-02-22 16:27:47:408</time></pt><pt><x>2385</x><y>17</y><time>undefined</time></pt><pt><x>1243</x><y>17</y><time>undefined</time></pt><closed_date>11-02-22 16:27:47:408</closed_date></polygon></object><object><name>tooth</name><deleted>0</deleted><verified>0</verified><occluded>no</occluded><attributes>18</attributes><parts><hasparts /><ispartof /></parts><date>11-02-22 16:28:15:309</date><id>7</id><type>bounding_box</type><polygon><username>anonymous</username><pt><x>1460</x><y>791</y><time>11-02-22 16:27:54:369</time></pt><pt><x>463</x><y>791</y><time>11-02-22 16:28:10:441</time></pt><pt><x>463</x><y>11</y><time>undefined</time></pt><pt><x>1460</x><y>11</y><time>undefined</time></pt><closed_date>11-02-22 16:28:10:441</closed_date></polygon></object><object><name>restoration</name><deleted>0</deleted><verified>0</verified><occluded>no</occluded><attributes /><parts><hasparts /><ispartof>5</ispartof></parts><date>11-02-22 16:28:24:135</date><id>8</id><polygon><username>anonymous</username><pt><x>2770</x><y>1159</y><time>11-02-22 16:28:17:226</time></pt><pt><x>2781</x><y>998</y><time>11-02-22 16:28:17:729</time></pt><pt><x>2725</x><y>931</y><time>11-02-22 16:28:18:113</time></pt><pt><x>2625</x><y>886</y><time>11-02-22 16:28:18:553</time></pt><pt><x>2497</x><y>947</y><time>11-02-22 16:28:18:881</time></pt><pt><x>2413</x><y>1064</y><time>11-02-22 16:28:19:186</time></pt><pt><x>2441</x><y>1220</y><time>11-02-22 16:28:19:576</time></pt><pt><x>2564</x><y>1310</y><time>11-02-22 16:28:19:970</time></pt><pt><x>2630</x><y>1310</y><time>11-02-22 16:28:20:337</time></pt><pt><x>2731</x><y>1265</y><time>11-02-22 16:28:20:777</time></pt><pt><x>2809</x><y>1310</y><time>11-02-22 16:28:21:129</time></pt><closed_date>11-02-22 16:28:21:809</closed_date></polygon></object><object><name>restoration</name><deleted>0</deleted><verified>0</verified><occluded>no</occluded><attributes /><parts><hasparts /><ispartof>5</ispartof></parts><date>11-02-22 16:28:29:785</date><id>9</id><polygon><username>anonymous</username><pt><x>2915</x><y>1209</y><time>11-02-22 16:28:24:954</time></pt><pt><x>2898</x><y>1087</y><time>11-02-22 16:28:25:385</time></pt><pt><x>2903</x><y>986</y><time>11-02-22 16:28:25:747</time></pt><pt><x>2998</x><y>959</y><time>11-02-22 16:28:26:073</time></pt><pt><x>3154</x><y>1025</y><time>11-02-22 16:28:26:601</time></pt><pt><x>3210</x><y>1092</y><time>11-02-22 16:28:26:888</time></pt><pt><x>3138</x><y>1137</y><time>11-02-22 16:28:27:401</time></pt><pt><x>3060</x><y>1131</y><time>11-02-22 16:28:27:697</time></pt><pt><x>2993</x><y>1154</y><time>11-02-22 16:28:27:953</time></pt><pt><x>2965</x><y>1204</y><time>11-02-22 16:28:28:168</time></pt><closed_date>11-02-22 16:28:28:362</closed_date></polygon></object><object><name>restoration</name><deleted>0</deleted><verified>0</verified><occluded>no</occluded><attributes /><parts><hasparts /><ispartof>1</ispartof></parts><date>11-02-22 16:28:38:122</date><id>10</id><polygon><username>anonymous</username><pt><x>1549</x><y>1873</y><time>11-02-22 16:28:30:820</time></pt><pt><x>1599</x><y>1984</y><time>11-02-22 16:28:31:173</time></pt><pt><x>1677</x><y>2056</y><time>11-02-22 16:28:31:506</time></pt><pt><x>1716</x><y>2056</y><time>11-02-22 16:28:31:714</time></pt><pt><x>1755</x><y>2051</y><time>11-02-22 16:28:31:938</time></pt><pt><x>1806</x><y>2006</y><time>11-02-22 16:28:32:138</time></pt><pt><x>1884</x><y>2068</y><time>11-02-22 16:28:32:461</time></pt><pt><x>1928</x><y>2068</y><time>11-02-22 16:28:32:698</time></pt><pt><x>1978</x><y>1984</y><time>11-02-22 16:28:32:938</time></pt><pt><x>1984</x><y>1923</y><time>11-02-22 16:28:33:322</time></pt><pt><x>1928</x><y>1889</y><time>11-02-22 16:28:33:571</time></pt><pt><x>1867</x><y>1889</y><time>11-02-22 16:28:33:810</time></pt><pt><x>1833</x><y>1822</y><time>11-02-22 16:28:34:074</time></pt><pt><x>1744</x><y>1767</y><time>11-02-22 16:28:34:322</time></pt><pt><x>1666</x><y>1778</y><time>11-02-22 16:28:34:546</time></pt><pt><x>1583</x><y>1783</y><time>11-02-22 16:28:34:820</time></pt><closed_date>11-02-22 16:28:35:098</closed_date></polygon></object><object><name>restoration</name><deleted>0</deleted><verified>0</verified><occluded>no</occluded><attributes /><parts><hasparts /><ispartof>2</ispartof></parts><date>11-02-22 16:28:51:994</date><id>11</id><polygon><username>anonymous</username><pt><x>2536</x><y>2190</y><time>11-02-22 16:28:44:108</time></pt><pt><x>2747</x><y>2185</y><time>11-02-22 16:28:44:858</time></pt><pt><x>2786</x><y>2040</y><time>11-02-22 16:28:45:242</time></pt><pt><x>2820</x><y>1945</y><time>11-02-22 16:28:46:210</time></pt><pt><x>2837</x><y>1873</y><time>11-02-22 16:28:46:530</time></pt><pt><x>2781</x><y>1822</y><time>11-02-22 16:28:46:914</time></pt><pt><x>2731</x><y>1861</y><time>11-02-22 16:28:47:187</time></pt><pt><x>2591</x><y>1856</y><time>11-02-22 16:28:47:554</time></pt><pt><x>2519</x><y>1895</y><time>11-02-22 16:28:48:450</time></pt><closed_date>11-02-22 16:28:49:554</closed_date></polygon></object><imagesize><nrows /><ncols /></imagesize></annotation>