<?xml version='1.0' encoding='UTF-8'?>
<annotation><filename>imagem-021.jpg</filename><folder>segmentation_xray</folder><source><sourceImage>The MIT-CSAIL database of objects and scenes</sourceImage><sourceAnnotation>LabelMe Webtool</sourceAnnotation></source><object><name>tooth</name><deleted>0</deleted><verified>0</verified><occluded>no</occluded><attributes>27</attributes><parts><hasparts /><ispartof /></parts><date>19-05-21 11:54:15:165</date><id>0</id><type>bounding_box</type><polygon><username>anonymous</username><pt><x>3772</x><y>1298</y><time>19-05-21 11:54:07:528</time></pt><pt><x>4089</x><y>1298</y><time>19-05-21 11:54:11:700</time></pt><pt><x>4089</x><y>248</y><time>undefined</time></pt><pt><x>3772</x><y>248</y><time>undefined</time></pt><closed_date>19-05-21 11:54:11:701</closed_date></polygon></object><object><name>tooth</name><deleted>0</deleted><verified>0</verified><occluded>no</occluded><attributes>26</attributes><parts><hasparts>11,12</hasparts><ispartof /></parts><date>19-05-21 11:54:23:833</date><id>1</id><type>bounding_box</type><polygon><username>anonymous</username><pt><x>2722</x><y>1292</y><time>19-05-21 11:54:17:161</time></pt><pt><x>3818</x><y>1292</y><time>19-05-21 11:54:20:925</time></pt><pt><x>3818</x><y>1</y><time>undefined</time></pt><pt><x>2722</x><y>1</y><time>undefined</time></pt><closed_date>19-05-21 11:54:20:925</closed_date></polygon></object><object><name>tooth</name><deleted>0</deleted><verified>0</verified><occluded>no</occluded><attributes>25</attributes><parts><hasparts>13,14</hasparts><ispartof /></parts><date>19-05-21 11:54:31:322</date><id>2</id><type>bounding_box</type><polygon><username>anonymous</username><pt><x>2042</x><y>1298</y><time>19-05-21 11:54:26:076</time></pt><pt><x>2803</x><y>1298</y><time>19-05-21 11:54:28:268</time></pt><pt><x>2803</x><y>6</y><time>undefined</time></pt><pt><x>2042</x><y>6</y><time>undefined</time></pt><closed_date>19-05-21 11:54:28:268</closed_date></polygon></object><object><name>tooth</name><deleted>0</deleted><verified>0</verified><occluded>no</occluded><attributes>24</attributes><parts><hasparts /><ispartof /></parts><date>19-05-21 11:54:39:412</date><id>3</id><type>bounding_box</type><polygon><username>anonymous</username><pt><x>1384</x><y>1332</y><time>19-05-21 11:54:34:951</time></pt><pt><x>2116</x><y>1332</y><time>19-05-21 11:54:36:242</time></pt><pt><x>2116</x><y>1</y><time>undefined</time></pt><pt><x>1384</x><y>1</y><time>undefined</time></pt><closed_date>19-05-21 11:54:36:242</closed_date></polygon></object><object><name>tooth</name><deleted>0</deleted><verified>0</verified><occluded>no</occluded><attributes>23</attributes><parts><hasparts /><ispartof /></parts><date>19-05-21 11:54:49:212</date><id>4</id><type>bounding_box</type><polygon><username>anonymous</username><pt><x>646</x><y>1390</y><time>19-05-21 11:54:41:606</time></pt><pt><x>1471</x><y>1390</y><time>19-05-21 11:54:45:157</time></pt><pt><x>1471</x><y>6</y><time>undefined</time></pt><pt><x>646</x><y>6</y><time>undefined</time></pt><closed_date>19-05-21 11:54:45:157</closed_date></polygon></object><object><name>tooth</name><deleted>0</deleted><verified>0</verified><occluded>no</occluded><attributes>22</attributes><parts><hasparts /><ispartof /></parts><date>19-05-21 11:55:01:223</date><id>5</id><type>bounding_box</type><polygon><username>anonymous</username><pt><x>830</x><y>1251</y><time>19-05-21 11:54:52:783</time></pt><pt><x>1</x><y>1251</y><time>19-05-21 11:54:57:635</time></pt><pt><x>1</x><y>6</y><time>undefined</time></pt><pt><x>830</x><y>6</y><time>undefined</time></pt><closed_date>19-05-21 11:54:57:635</closed_date></polygon></object><object><name>tooth</name><deleted>0</deleted><verified>0</verified><occluded>no</occluded><attributes>37</attributes><parts><hasparts /><ispartof /></parts><date>19-05-21 11:55:12:037</date><id>6</id><type>bounding_box</type><polygon><username>anonymous</username><pt><x>3356</x><y>1534</y><time>19-05-21 11:55:04:026</time></pt><pt><x>4089</x><y>1534</y><time>19-05-21 11:55:08:271</time></pt><pt><x>4089</x><y>3033</y><time>undefined</time></pt><pt><x>3356</x><y>3033</y><time>undefined</time></pt><closed_date>19-05-21 11:55:08:271</closed_date></polygon></object><object><name>tooth</name><deleted>0</deleted><verified>0</verified><occluded>no</occluded><attributes>36</attributes><parts><hasparts /><ispartof /></parts><date>19-05-21 11:55:21:430</date><id>7</id><type>bounding_box</type><polygon><username>anonymous</username><pt><x>2215</x><y>1592</y><time>19-05-21 11:55:13:564</time></pt><pt><x>3622</x><y>1592</y><time>19-05-21 11:55:18:230</time></pt><pt><x>3622</x><y>3137</y><time>undefined</time></pt><pt><x>2215</x><y>3137</y><time>undefined</time></pt><closed_date>19-05-21 11:55:18:230</closed_date></polygon></object><object><name>tooth</name><deleted>0</deleted><verified>0</verified><occluded>no</occluded><attributes>35</attributes><parts><hasparts>15</hasparts><ispartof /></parts><date>19-05-21 11:55:32:029</date><id>8</id><type>bounding_box</type><polygon><username>anonymous</username><pt><x>1499</x><y>1586</y><time>19-05-21 11:55:23:390</time></pt><pt><x>2295</x><y>1586</y><time>19-05-21 11:55:28:259</time></pt><pt><x>2295</x><y>3137</y><time>undefined</time></pt><pt><x>1499</x><y>3137</y><time>undefined</time></pt><closed_date>19-05-21 11:55:28:259</closed_date></polygon></object><object><name>tooth</name><deleted>0</deleted><verified>0</verified><occluded>no</occluded><attributes>34</attributes><parts><hasparts /><ispartof /></parts><date>19-05-21 11:55:43:502</date><id>9</id><type>bounding_box</type><polygon><username>anonymous</username><pt><x>854</x><y>1649</y><time>19-05-21 11:55:33:909</time></pt><pt><x>1609</x><y>1649</y><time>19-05-21 11:55:40:310</time></pt><pt><x>1609</x><y>3126</y><time>undefined</time></pt><pt><x>854</x><y>3126</y><time>undefined</time></pt><closed_date>19-05-21 11:55:40:311</closed_date></polygon></object><object><name>tooth</name><deleted>0</deleted><verified>0</verified><occluded>no</occluded><attributes>33</attributes><parts><hasparts /><ispartof /></parts><date>19-05-21 11:55:52:538</date><id>10</id><type>bounding_box</type><polygon><username>anonymous</username><pt><x>179</x><y>1695</y><time>19-05-21 11:55:45:514</time></pt><pt><x>963</x><y>1695</y><time>19-05-21 11:55:48:194</time></pt><pt><x>963</x><y>3120</y><time>undefined</time></pt><pt><x>179</x><y>3120</y><time>undefined</time></pt><closed_date>19-05-21 11:55:48:194</closed_date></polygon></object><object><name>restoration</name><deleted>0</deleted><verified>0</verified><occluded>no</occluded><attributes /><parts><hasparts /><ispartof>1</ispartof></parts><date>19-05-21 11:56:27:545</date><id>11</id><polygon><username>anonymous</username><pt><x>3645</x><y>842</y><time>19-05-21 11:56:16:764</time></pt><pt><x>3576</x><y>807</y><time>19-05-21 11:56:17:585</time></pt><pt><x>3564</x><y>721</y><time>19-05-21 11:56:18:762</time></pt><pt><x>3581</x><y>646</y><time>19-05-21 11:56:19:354</time></pt><pt><x>3708</x><y>629</y><time>19-05-21 11:56:20:417</time></pt><pt><x>3766</x><y>767</y><time>19-05-21 11:56:21:582</time></pt><pt><x>3789</x><y>825</y><time>19-05-21 11:56:22:461</time></pt><pt><x>3789</x><y>905</y><time>19-05-21 11:56:22:939</time></pt><pt><x>3777</x><y>940</y><time>19-05-21 11:56:23:410</time></pt><pt><x>3749</x><y>928</y><time>19-05-21 11:56:23:927</time></pt><closed_date>19-05-21 11:56:24:617</closed_date></polygon></object><object><name>restoration</name><deleted>0</deleted><verified>0</verified><occluded>no</occluded><attributes /><parts><hasparts /><ispartof>1</ispartof></parts><date>19-05-21 11:56:41:921</date><id>12</id><polygon><username>anonymous</username><pt><x>2855</x><y>819</y><time>19-05-21 11:56:32:615</time></pt><pt><x>2918</x><y>900</y><time>19-05-21 11:56:33:310</time></pt><pt><x>2907</x><y>980</y><time>19-05-21 11:56:33:883</time></pt><pt><x>2843</x><y>1038</y><time>19-05-21 11:56:34:346</time></pt><pt><x>2768</x><y>1107</y><time>19-05-21 11:56:35:136</time></pt><pt><x>2745</x><y>1142</y><time>19-05-21 11:56:35:768</time></pt><pt><x>2722</x><y>963</y><time>19-05-21 11:56:37:451</time></pt><pt><x>2734</x><y>871</y><time>19-05-21 11:56:38:132</time></pt><pt><x>2774</x><y>807</y><time>19-05-21 11:56:38:706</time></pt><closed_date>19-05-21 11:56:39:443</closed_date></polygon></object><object><name>root canal treatment</name><deleted>0</deleted><verified>0</verified><occluded>no</occluded><attributes /><parts><hasparts /><ispartof>2</ispartof></parts><date>19-05-21 11:57:03:448</date><id>13</id><polygon><username>anonymous</username><pt><x>2341</x><y>490</y><time>19-05-21 11:56:51:015</time></pt><pt><x>2347</x><y>300</y><time>19-05-21 11:56:51:862</time></pt><pt><x>2382</x><y>156</y><time>19-05-21 11:56:52:497</time></pt><pt><x>2382</x><y>0</y><time>19-05-21 11:56:54:059</time></pt><pt><x>2474</x><y>6</y><time>19-05-21 11:56:54:826</time></pt><pt><x>2491</x><y>81</y><time>19-05-21 11:56:55:946</time></pt><pt><x>2509</x><y>271</y><time>19-05-21 11:56:56:550</time></pt><pt><x>2520</x><y>421</y><time>19-05-21 11:56:57:224</time></pt><pt><x>2532</x><y>525</y><time>19-05-21 11:56:57:849</time></pt><pt><x>2445</x><y>536</y><time>19-05-21 11:56:58:787</time></pt><pt><x>2359</x><y>536</y><time>19-05-21 11:56:59:284</time></pt><closed_date>19-05-21 11:56:59:883</closed_date></polygon></object><object><name>restoration</name><deleted>0</deleted><verified>0</verified><occluded>no</occluded><attributes /><parts><hasparts /><ispartof>2</ispartof></parts><date>19-05-21 11:57:39:691</date><id>14</id><polygon><username>anonymous</username><pt><x>2220</x><y>1148</y><time>19-05-21 11:57:08:510</time></pt><pt><x>2232</x><y>1061</y><time>19-05-21 11:57:09:350</time></pt><pt><x>2272</x><y>1027</y><time>19-05-21 11:57:09:826</time></pt><pt><x>2266</x><y>894</y><time>19-05-21 11:57:10:288</time></pt><pt><x>2301</x><y>825</y><time>19-05-21 11:57:19:482</time></pt><pt><x>2301</x><y>727</y><time>19-05-21 11:57:20:213</time></pt><pt><x>2324</x><y>600</y><time>19-05-21 11:57:21:558</time></pt><pt><x>2364</x><y>536</y><time>19-05-21 11:57:22:667</time></pt><pt><x>2457</x><y>542</y><time>19-05-21 11:57:23:503</time></pt><pt><x>2578</x><y>519</y><time>19-05-21 11:57:24:578</time></pt><pt><x>2636</x><y>484</y><time>19-05-21 11:57:25:845</time></pt><pt><x>2676</x><y>467</y><time>19-05-21 11:57:26:698</time></pt><pt><x>2699</x><y>606</y><time>19-05-21 11:57:27:242</time></pt><pt><x>2705</x><y>686</y><time>19-05-21 11:57:27:934</time></pt><pt><x>2751</x><y>732</y><time>19-05-21 11:57:28:569</time></pt><pt><x>2757</x><y>807</y><time>19-05-21 11:57:29:082</time></pt><pt><x>2757</x><y>865</y><time>19-05-21 11:57:29:490</time></pt><pt><x>2745</x><y>1113</y><time>19-05-21 11:57:30:973</time></pt><pt><x>2537</x><y>1182</y><time>19-05-21 11:57:32:169</time></pt><pt><x>2411</x><y>1228</y><time>19-05-21 11:57:33:074</time></pt><pt><x>2336</x><y>1240</y><time>19-05-21 11:57:33:690</time></pt><pt><x>2307</x><y>1246</y><time>19-05-21 11:57:35:609</time></pt><pt><x>2261</x><y>1182</y><time>19-05-21 11:57:36:353</time></pt><closed_date>19-05-21 11:57:37:003</closed_date></polygon></object><object><name>restoration</name><deleted>0</deleted><verified>0</verified><occluded>no</occluded><attributes /><parts><hasparts /><ispartof>8</ispartof></parts><date>19-05-21 11:59:17:466</date><id>15</id><polygon><username>anonymous</username><pt><x>1897</x><y>1822</y><time>19-05-21 11:59:05:388</time></pt><pt><x>1967</x><y>1949</y><time>19-05-21 11:59:06:316</time></pt><pt><x>1995</x><y>1967</y><time>19-05-21 11:59:06:878</time></pt><pt><x>2036</x><y>1972</y><time>19-05-21 11:59:07:344</time></pt><pt><x>2059</x><y>2065</y><time>19-05-21 11:59:07:874</time></pt><pt><x>2140</x><y>2076</y><time>19-05-21 11:59:08:368</time></pt><pt><x>2209</x><y>2093</y><time>19-05-21 11:59:08:706</time></pt><pt><x>2249</x><y>2140</y><time>19-05-21 11:59:09:428</time></pt><pt><x>2278</x><y>2065</y><time>19-05-21 11:59:10:195</time></pt><pt><x>2278</x><y>1961</y><time>19-05-21 11:59:10:697</time></pt><pt><x>2255</x><y>1817</y><time>19-05-21 11:59:11:962</time></pt><pt><x>2168</x><y>1776</y><time>19-05-21 11:59:12:586</time></pt><pt><x>1990</x><y>1765</y><time>19-05-21 11:59:13:219</time></pt><closed_date>19-05-21 11:59:13:894</closed_date></polygon></object><imagesize><nrows /><ncols /></imagesize></annotation>