<?xml version="1.0" encoding="UTF-8"?><annotation><filename>imagem-047.jpg</filename><folder>segmentation_xray</folder><source><sourceImage>The MIT-CSAIL database of objects and scenes</sourceImage><sourceAnnotation>LabelMe Webtool</sourceAnnotation></source><object><name>tooth</name><deleted>1</deleted><verified>0</verified><occluded>no</occluded><attributes>27</attributes><parts><hasparts>0</hasparts><ispartof>0</ispartof></parts><date>19-05-21 10:05:39:679</date><id>0</id><type>bounding_box</type><polygon><username>anonymous</username><pt><x>816</x><y>9</y><time>19-05-21 10:05:29:192</time></pt><pt><x>442</x><y>9</y><time>19-05-21 10:05:34:149</time></pt><pt><x>442</x><y>416</y><time>undefined</time></pt><pt><x>816</x><y>416</y><time>undefined</time></pt><closed_date>19-05-21 10:05:34:149</closed_date></polygon></object><object><name>tooth</name><deleted>1</deleted><verified>0</verified><occluded>no</occluded><attributes>26</attributes><parts><hasparts/><ispartof/></parts><date>19-05-21 10:06:15:092</date><id>1</id><type>bounding_box</type><polygon><username>anonymous</username><pt><x>139</x><y>2</y><time>19-05-21 10:06:07:623</time></pt><pt><x>503</x><y>2</y><time>19-05-21 10:06:09:682</time></pt><pt><x>503</x><y>414</y><time>undefined</time></pt><pt><x>139</x><y>414</y><time>undefined</time></pt><closed_date>19-05-21 10:06:09:682</closed_date></polygon></object><imagesize><nrows></nrows><ncols></ncols></imagesize><object><name>tooth</name><deleted>0</deleted><verified>0</verified><occluded>no</occluded><attributes>27</attributes><parts><hasparts/><ispartof/></parts><date>09-06-21 17:28:28:791</date><id>2</id><type>bounding_box</type><polygon><username>anonymous</username><pt><x>802</x><y>380</y><time>09-06-21 17:28:19:249</time></pt><pt><x>444</x><y>380</y><time>09-06-21 17:28:22:583</time></pt><pt><x>444</x><y>3</y><time>undefined</time></pt><pt><x>802</x><y>3</y><time>undefined</time></pt><closed_date>09-06-21 17:28:22:584</closed_date></polygon></object><object><name>tooth</name><deleted>0</deleted><verified>0</verified><occluded>no</occluded><attributes>26</attributes><parts><hasparts/><ispartof/></parts><date>09-06-21 17:28:36:457</date><id>3</id><type>bounding_box</type><polygon><username>anonymous</username><pt><x>103</x><y>425</y><time>09-06-21 17:28:30:344</time></pt><pt><x>488</x><y>425</y><time>09-06-21 17:28:32:270</time></pt><pt><x>488</x><y>5</y><time>undefined</time></pt><pt><x>103</x><y>5</y><time>undefined</time></pt><closed_date>09-06-21 17:28:32:270</closed_date></polygon></object><object><name>tooth</name><deleted>0</deleted><verified>0</verified><occluded>no</occluded><attributes>25</attributes><parts><hasparts/><ispartof/></parts><date>09-06-21 17:28:46:749</date><id>4</id><type>bounding_box</type><polygon><username>anonymous</username><pt><x>2</x><y>404</y><time>09-06-21 17:28:40:711</time></pt><pt><x>138</x><y>404</y><time>09-06-21 17:28:42:966</time></pt><pt><x>138</x><y>2</y><time>undefined</time></pt><pt><x>2</x><y>2</y><time>undefined</time></pt><closed_date>09-06-21 17:28:42:967</closed_date></polygon></object><object><name>tooth</name><deleted>0</deleted><verified>0</verified><occluded>no</occluded><attributes>37</attributes><parts><hasparts/><ispartof/></parts><date>09-06-21 17:28:56:770</date><id>5</id><type>bounding_box</type><polygon><username>anonymous</username><pt><x>1049</x><y>383</y><time>09-06-21 17:28:48:647</time></pt><pt><x>694</x><y>383</y><time>09-06-21 17:28:51:742</time></pt><pt><x>694</x><y>945</y><time>undefined</time></pt><pt><x>1049</x><y>945</y><time>undefined</time></pt><closed_date>09-06-21 17:28:51:742</closed_date></polygon></object><object><name>tooth</name><deleted>0</deleted><verified>0</verified><occluded>no</occluded><attributes>36</attributes><parts><hasparts>9</hasparts><ispartof/></parts><date>11-02-22 16:05:28:814</date><id>6</id><type>bounding_box</type><polygon><username>anonymous</username><pt><x>284</x><y>493</y><time>11-02-22 16:05:20:312</time></pt><pt><x>741</x><y>493</y><time>11-02-22 16:05:22:799</time></pt><pt><x>741</x><y>940</y><time>undefined</time></pt><pt><x>284</x><y>940</y><time>undefined</time></pt><closed_date>11-02-22 16:05:22:800</closed_date></polygon></object><object><name>tooth</name><deleted>0</deleted><verified>0</verified><occluded>no</occluded><attributes>35</attributes><parts><hasparts/><ispartof/></parts><date>11-02-22 16:05:34:820</date><id>7</id><type>bounding_box</type><polygon><username>anonymous</username><pt><x>42</x><y>481</y><time>11-02-22 16:05:29:848</time></pt><pt><x>289</x><y>481</y><time>11-02-22 16:05:31:486</time></pt><pt><x>289</x><y>940</y><time>undefined</time></pt><pt><x>42</x><y>940</y><time>undefined</time></pt><closed_date>11-02-22 16:05:31:486</closed_date></polygon></object><object><name>tooth</name><deleted>0</deleted><verified>0</verified><occluded>no</occluded><attributes>34</attributes><parts><hasparts/><ispartof/></parts><date>11-02-22 16:05:40:541</date><id>8</id><type>bounding_box</type><polygon><username>anonymous</username><pt><x>0</x><y>474</y><time>11-02-22 16:05:35:656</time></pt><pt><x>50</x><y>474</y><time>11-02-22 16:05:36:758</time></pt><pt><x>50</x><y>840</y><time>undefined</time></pt><pt><x>0</x><y>840</y><time>undefined</time></pt><closed_date>11-02-22 16:05:36:759</closed_date></polygon></object><object><name>restoration</name><deleted>0</deleted><verified>0</verified><occluded>no</occluded><attributes/><parts><hasparts/><ispartof>6</ispartof></parts><date>11-02-22 16:05:49:618</date><id>9</id><polygon><username>anonymous</username><pt><x>506</x><y>541</y><time>11-02-22 16:05:42:696</time></pt><pt><x>536</x><y>566</y><time>11-02-22 16:05:43:502</time></pt><pt><x>564</x><y>556</y><time>11-02-22 16:05:43:966</time></pt><pt><x>573</x><y>553</y><time>11-02-22 16:05:44:358</time></pt><pt><x>589</x><y>551</y><time>11-02-22 16:05:44:750</time></pt><pt><x>611</x><y>541</y><time>11-02-22 16:05:45:110</time></pt><pt><x>618</x><y>524</y><time>11-02-22 16:05:45:486</time></pt><pt><x>609</x><y>514</y><time>11-02-22 16:05:45:857</time></pt><pt><x>586</x><y>518</y><time>11-02-22 16:05:46:120</time></pt><pt><x>576</x><y>519</y><time>11-02-22 16:05:46:392</time></pt><pt><x>536</x><y>521</y><time>11-02-22 16:05:46:937</time></pt><pt><x>518</x><y>521</y><time>11-02-22 16:05:47:209</time></pt><closed_date>11-02-22 16:05:47:449</closed_date></polygon></object></annotation>