<?xml version="1.0" encoding="UTF-8"?><annotation><filename>imagem-119.jpg</filename><folder>segmentation_xray</folder><source><sourceImage>The MIT-CSAIL database of objects and scenes</sourceImage><sourceAnnotation>LabelMe Webtool</sourceAnnotation></source><object><name>tooth</name><deleted>0</deleted><verified>0</verified><occluded>no</occluded><attributes>46</attributes><parts><hasparts>1,17,18</hasparts><ispartof/></parts><date>26-05-21 09:36:30:991</date><id>0</id><type>bounding_box</type><polygon><username>anonymous</username><pt><x>173</x><y>599</y><time>25-05-21 20:28:57:316</time></pt><pt><x>670</x><y>599</y><time>25-05-21 20:29:08:389</time></pt><pt><x>670</x><y>1258</y><time>undefined</time></pt><pt><x>173</x><y>1258</y><time>undefined</time></pt><closed_date>25-05-21 20:29:08:391</closed_date></polygon></object><object><name>restoration</name><deleted>0</deleted><verified>0</verified><occluded>no</occluded><attributes>46</attributes><parts><hasparts/><ispartof>0</ispartof></parts><date>26-05-21 09:37:16:034</date><id>1</id><polygon><username>anonymous</username><pt><x>425</x><y>689</y><time>26-05-21 09:36:49:031</time></pt><pt><x>453</x><y>677</y><time>26-05-21 09:36:50:127</time></pt><pt><x>465</x><y>684</y><time>26-05-21 09:36:51:620</time></pt><pt><x>486</x><y>677</y><time>26-05-21 09:36:52:485</time></pt><pt><x>499</x><y>680</y><time>26-05-21 09:36:54:125</time></pt><pt><x>504</x><y>684</y><time>26-05-21 09:36:56:743</time></pt><pt><x>506</x><y>705</y><time>26-05-21 09:36:57:279</time></pt><pt><x>481</x><y>728</y><time>26-05-21 09:36:58:031</time></pt><pt><x>453</x><y>733</y><time>26-05-21 09:36:58:551</time></pt><pt><x>435</x><y>733</y><time>26-05-21 09:36:59:031</time></pt><pt><x>421</x><y>726</y><time>26-05-21 09:36:59:509</time></pt><pt><x>416</x><y>710</y><time>26-05-21 09:36:59:935</time></pt><closed_date>26-05-21 09:37:00:363</closed_date></polygon></object><object><name>tooth</name><deleted>0</deleted><verified>0</verified><occluded>no</occluded><attributes>45</attributes><parts><hasparts>3</hasparts><ispartof/></parts><date>26-05-21 09:37:35:707</date><id>2</id><type>bounding_box</type><polygon><username>anonymous</username><pt><x>675</x><y>594</y><time>26-05-21 09:37:20:569</time></pt><pt><x>980</x><y>594</y><time>26-05-21 09:37:27:544</time></pt><pt><x>980</x><y>1253</y><time>undefined</time></pt><pt><x>675</x><y>1253</y><time>undefined</time></pt><closed_date>26-05-21 09:37:27:545</closed_date></polygon></object><object><name>restoration</name><deleted>0</deleted><verified>0</verified><occluded>no</occluded><attributes/><parts><hasparts/><ispartof>2</ispartof></parts><date>26-05-21 09:38:16:081</date><id>3</id><polygon><username>anonymous</username><pt><x>770</x><y>694</y><time>26-05-21 09:38:02:637</time></pt><pt><x>786</x><y>735</y><time>26-05-21 09:38:03:248</time></pt><pt><x>772</x><y>784</y><time>26-05-21 09:38:04:390</time></pt><pt><x>758</x><y>805</y><time>26-05-21 09:38:04:975</time></pt><pt><x>747</x><y>825</y><time>26-05-21 09:38:05:564</time></pt><pt><x>714</x><y>830</y><time>26-05-21 09:38:06:095</time></pt><pt><x>684</x><y>807</y><time>26-05-21 09:38:06:596</time></pt><pt><x>680</x><y>777</y><time>26-05-21 09:38:07:112</time></pt><pt><x>677</x><y>719</y><time>26-05-21 09:38:07:880</time></pt><pt><x>677</x><y>689</y><time>26-05-21 09:38:08:406</time></pt><pt><x>680</x><y>657</y><time>26-05-21 09:38:08:972</time></pt><pt><x>703</x><y>652</y><time>26-05-21 09:38:09:523</time></pt><pt><x>731</x><y>664</y><time>26-05-21 09:38:10:005</time></pt><pt><x>747</x><y>670</y><time>26-05-21 09:38:10:432</time></pt><pt><x>761</x><y>677</y><time>26-05-21 09:38:10:964</time></pt><pt><x>761</x><y>677</y><time>26-05-21 09:38:11:344</time></pt><closed_date>26-05-21 09:38:11:961</closed_date></polygon></object><object><name>tooth</name><deleted>0</deleted><verified>0</verified><occluded>no</occluded><attributes>44</attributes><parts><hasparts/><ispartof/></parts><date>26-05-21 09:48:34:349</date><id>4</id><type>bounding_box</type><polygon><username>anonymous</username><pt><x>987</x><y>587</y><time>26-05-21 09:38:27:450</time></pt><pt><x>1292</x><y>587</y><time>26-05-21 09:38:32:859</time></pt><pt><x>1292</x><y>1258</y><time>undefined</time></pt><pt><x>987</x><y>1258</y><time>undefined</time></pt><closed_date>26-05-21 09:38:32:859</closed_date></polygon></object><object><name>tooth</name><deleted>0</deleted><verified>0</verified><occluded>no</occluded><attributes>43</attributes><parts><hasparts/><ispartof/></parts><date>26-05-21 09:49:02:732</date><id>5</id><type>bounding_box</type><polygon><username>anonymous</username><pt><x>1551</x><y>1246</y><time>26-05-21 09:48:49:230</time></pt><pt><x>1114</x><y>1246</y><time>26-05-21 09:48:54:578</time></pt><pt><x>1114</x><y>615</y><time>undefined</time></pt><pt><x>1551</x><y>615</y><time>undefined</time></pt><closed_date>26-05-21 09:48:54:578</closed_date></polygon></object><object><name>tooth</name><deleted>0</deleted><verified>0</verified><occluded>no</occluded><attributes>16</attributes><parts><hasparts>10,9</hasparts><ispartof/></parts><date>26-05-21 09:49:43:769</date><id>6</id><type>bounding_box</type><polygon><username>anonymous</username><pt><x>134</x><y>564</y><time>26-05-21 09:49:27:044</time></pt><pt><x>594</x><y>564</y><time>26-05-21 09:49:32:803</time></pt><pt><x>594</x><y>5</y><time>undefined</time></pt><pt><x>134</x><y>5</y><time>undefined</time></pt><closed_date>26-05-21 09:49:32:803</closed_date></polygon></object><object><name>tooth</name><deleted>0</deleted><verified>0</verified><occluded>no</occluded><attributes>17</attributes><parts><hasparts>12</hasparts><ispartof/></parts><date>26-05-21 09:49:56:934</date><id>7</id><type>bounding_box</type><polygon><username>anonymous</username><pt><x>136</x><y>58</y><time>26-05-21 09:49:47:333</time></pt><pt><x>5</x><y>58</y><time>26-05-21 09:49:50:007</time></pt><pt><x>5</x><y>583</y><time>undefined</time></pt><pt><x>136</x><y>583</y><time>undefined</time></pt><closed_date>26-05-21 09:49:50:008</closed_date></polygon></object><object><name>tooth</name><deleted>0</deleted><verified>0</verified><occluded>no</occluded><attributes>15</attributes><parts><hasparts>11,13</hasparts><ispartof/></parts><date>26-05-21 09:50:20:954</date><id>8</id><type>bounding_box</type><polygon><username>anonymous</username><pt><x>885</x><y>525</y><time>26-05-21 09:50:08:730</time></pt><pt><x>578</x><y>525</y><time>26-05-21 09:50:12:685</time></pt><pt><x>578</x><y>2</y><time>undefined</time></pt><pt><x>885</x><y>2</y><time>undefined</time></pt><closed_date>26-05-21 09:50:12:686</closed_date></polygon></object><object><name>restoration</name><deleted>0</deleted><verified>0</verified><occluded>no</occluded><attributes/><parts><hasparts/><ispartof>6</ispartof></parts><date>26-05-21 09:50:38:419</date><id>9</id><polygon><username>anonymous</username><pt><x>178</x><y>342</y><time>26-05-21 09:50:25:339</time></pt><pt><x>210</x><y>321</y><time>26-05-21 09:50:26:366</time></pt><pt><x>240</x><y>338</y><time>26-05-21 09:50:26:883</time></pt><pt><x>257</x><y>356</y><time>26-05-21 09:50:27:310</time></pt><pt><x>266</x><y>395</y><time>26-05-21 09:50:27:763</time></pt><pt><x>254</x><y>444</y><time>26-05-21 09:50:28:271</time></pt><pt><x>238</x><y>476</y><time>26-05-21 09:50:28:717</time></pt><pt><x>231</x><y>492</y><time>26-05-21 09:50:29:160</time></pt><pt><x>222</x><y>527</y><time>26-05-21 09:50:29:634</time></pt><pt><x>192</x><y>529</y><time>26-05-21 09:50:30:058</time></pt><pt><x>166</x><y>513</y><time>26-05-21 09:50:30:473</time></pt><pt><x>164</x><y>481</y><time>26-05-21 09:50:30:809</time></pt><pt><x>162</x><y>446</y><time>26-05-21 09:50:31:196</time></pt><pt><x>153</x><y>407</y><time>26-05-21 09:50:32:221</time></pt><pt><x>157</x><y>368</y><time>26-05-21 09:50:32:704</time></pt><closed_date>26-05-21 09:50:33:211</closed_date></polygon></object><object><name>restoration</name><deleted>0</deleted><verified>0</verified><occluded>no</occluded><attributes/><parts><hasparts/><ispartof>6</ispartof></parts><date>26-05-21 09:52:57:064</date><id>10</id><polygon><username>anonymous</username><pt><x>319</x><y>439</y><time>26-05-21 09:52:44:612</time></pt><pt><x>347</x><y>400</y><time>26-05-21 09:52:45:545</time></pt><pt><x>365</x><y>368</y><time>26-05-21 09:52:46:073</time></pt><pt><x>412</x><y>365</y><time>26-05-21 09:52:46:710</time></pt><pt><x>465</x><y>365</y><time>26-05-21 09:52:47:256</time></pt><pt><x>497</x><y>377</y><time>26-05-21 09:52:47:787</time></pt><pt><x>511</x><y>402</y><time>26-05-21 09:52:48:268</time></pt><pt><x>539</x><y>430</y><time>26-05-21 09:52:48:754</time></pt><pt><x>555</x><y>467</y><time>26-05-21 09:52:49:220</time></pt><pt><x>546</x><y>504</y><time>26-05-21 09:52:49:666</time></pt><pt><x>486</x><y>506</y><time>26-05-21 09:52:50:124</time></pt><pt><x>451</x><y>506</y><time>26-05-21 09:52:50:527</time></pt><pt><x>412</x><y>506</y><time>26-05-21 09:52:50:985</time></pt><pt><x>365</x><y>509</y><time>26-05-21 09:52:51:439</time></pt><pt><x>326</x><y>516</y><time>26-05-21 09:52:51:901</time></pt><pt><x>305</x><y>504</y><time>26-05-21 09:52:52:296</time></pt><pt><x>303</x><y>474</y><time>26-05-21 09:52:52:698</time></pt><closed_date>26-05-21 09:52:53:141</closed_date></polygon></object><object><name>restoration</name><deleted>0</deleted><verified>0</verified><occluded>no</occluded><attributes/><parts><hasparts/><ispartof>8</ispartof></parts><date>26-05-21 10:07:17:188</date><id>11</id><polygon><username>anonymous</username><pt><x>703</x><y>439</y><time>26-05-21 10:04:23:497</time></pt><pt><x>705</x><y>393</y><time>26-05-21 10:04:24:391</time></pt><pt><x>712</x><y>354</y><time>26-05-21 10:04:25:172</time></pt><pt><x>714</x><y>312</y><time>26-05-21 10:07:00:297</time></pt><pt><x>698</x><y>289</y><time>26-05-21 10:07:01:187</time></pt><pt><x>677</x><y>268</y><time>26-05-21 10:07:02:047</time></pt><pt><x>638</x><y>259</y><time>26-05-21 10:07:02:851</time></pt><pt><x>622</x><y>268</y><time>26-05-21 10:07:03:807</time></pt><pt><x>606</x><y>284</y><time>26-05-21 10:07:04:698</time></pt><pt><x>603</x><y>321</y><time>26-05-21 10:07:05:483</time></pt><pt><x>596</x><y>363</y><time>26-05-21 10:07:06:244</time></pt><pt><x>596</x><y>395</y><time>26-05-21 10:07:06:969</time></pt><pt><x>599</x><y>428</y><time>26-05-21 10:07:07:668</time></pt><pt><x>608</x><y>451</y><time>26-05-21 10:07:08:349</time></pt><pt><x>650</x><y>442</y><time>26-05-21 10:07:09:384</time></pt><pt><x>666</x><y>451</y><time>26-05-21 10:07:10:163</time></pt><pt><x>684</x><y>451</y><time>26-05-21 10:07:10:958</time></pt><closed_date>26-05-21 10:07:11:703</closed_date></polygon></object><object><name>restoration</name><deleted>0</deleted><verified>0</verified><occluded>no</occluded><attributes/><parts><hasparts/><ispartof>7</ispartof></parts><date>26-05-21 10:08:01:110</date><id>12</id><polygon><username>anonymous</username><pt><x>51</x><y>324</y><time>26-05-21 10:07:43:753</time></pt><pt><x>86</x><y>312</y><time>26-05-21 10:07:45:749</time></pt><pt><x>104</x><y>326</y><time>26-05-21 10:07:46:505</time></pt><pt><x>113</x><y>363</y><time>26-05-21 10:07:47:260</time></pt><pt><x>132</x><y>418</y><time>26-05-21 10:07:47:974</time></pt><pt><x>127</x><y>479</y><time>26-05-21 10:07:49:099</time></pt><pt><x>106</x><y>492</y><time>26-05-21 10:07:49:840</time></pt><pt><x>62</x><y>516</y><time>26-05-21 10:07:50:581</time></pt><pt><x>23</x><y>548</y><time>26-05-21 10:07:51:740</time></pt><pt><x>18</x><y>474</y><time>26-05-21 10:07:52:764</time></pt><pt><x>12</x><y>430</y><time>26-05-21 10:07:53:583</time></pt><pt><x>9</x><y>368</y><time>26-05-21 10:07:54:864</time></pt><pt><x>32</x><y>333</y><time>26-05-21 10:07:55:668</time></pt><closed_date>26-05-21 10:07:56:527</closed_date></polygon></object><object><name>restoration</name><deleted>0</deleted><verified>0</verified><occluded>no</occluded><attributes/><parts><hasparts/><ispartof>8</ispartof></parts><date>26-05-21 10:08:34:593</date><id>13</id><polygon><username>anonymous</username><pt><x>828</x><y>298</y><time>26-05-21 10:08:17:235</time></pt><pt><x>809</x><y>294</y><time>26-05-21 10:08:18:531</time></pt><pt><x>791</x><y>280</y><time>26-05-21 10:08:19:363</time></pt><pt><x>777</x><y>294</y><time>26-05-21 10:08:20:247</time></pt><pt><x>761</x><y>307</y><time>26-05-21 10:08:21:034</time></pt><pt><x>758</x><y>326</y><time>26-05-21 10:08:21:888</time></pt><pt><x>765</x><y>344</y><time>26-05-21 10:08:22:569</time></pt><pt><x>772</x><y>372</y><time>26-05-21 10:08:23:292</time></pt><pt><x>791</x><y>395</y><time>26-05-21 10:08:23:975</time></pt><pt><x>802</x><y>423</y><time>26-05-21 10:08:24:649</time></pt><pt><x>821</x><y>425</y><time>26-05-21 10:08:25:339</time></pt><pt><x>844</x><y>430</y><time>26-05-21 10:08:26:239</time></pt><pt><x>853</x><y>421</y><time>26-05-21 10:08:26:923</time></pt><pt><x>869</x><y>395</y><time>26-05-21 10:08:27:863</time></pt><pt><x>869</x><y>363</y><time>26-05-21 10:08:28:527</time></pt><pt><x>858</x><y>321</y><time>26-05-21 10:08:29:168</time></pt><closed_date>26-05-21 10:08:29:932</closed_date></polygon></object><object><name>tooth</name><deleted>0</deleted><verified>0</verified><occluded>no</occluded><attributes>14</attributes><parts><hasparts>15</hasparts><ispartof/></parts><date>26-05-21 10:09:02:941</date><id>14</id><type>bounding_box</type><polygon><username>anonymous</username><pt><x>1191</x><y>518</y><time>26-05-21 10:08:46:979</time></pt><pt><x>876</x><y>518</y><time>26-05-21 10:08:52:294</time></pt><pt><x>876</x><y>2</y><time>undefined</time></pt><pt><x>1191</x><y>2</y><time>undefined</time></pt><closed_date>26-05-21 10:08:52:295</closed_date></polygon></object><object><name>restoration</name><deleted>0</deleted><verified>0</verified><occluded>no</occluded><attributes/><parts><hasparts/><ispartof>14</ispartof></parts><date>26-05-21 10:09:23:043</date><id>15</id><polygon><username>anonymous</username><pt><x>895</x><y>317</y><time>26-05-21 10:09:06:896</time></pt><pt><x>918</x><y>312</y><time>26-05-21 10:09:07:683</time></pt><pt><x>939</x><y>317</y><time>26-05-21 10:09:08:383</time></pt><pt><x>953</x><y>340</y><time>26-05-21 10:09:09:100</time></pt><pt><x>964</x><y>363</y><time>26-05-21 10:09:09:833</time></pt><pt><x>969</x><y>384</y><time>26-05-21 10:09:10:608</time></pt><pt><x>962</x><y>425</y><time>26-05-21 10:09:11:344</time></pt><pt><x>955</x><y>444</y><time>26-05-21 10:09:12:175</time></pt><pt><x>943</x><y>449</y><time>26-05-21 10:09:13:036</time></pt><pt><x>943</x><y>449</y><time>26-05-21 10:09:13:308</time></pt><pt><x>939</x><y>455</y><time>26-05-21 10:09:13:946</time></pt><pt><x>920</x><y>432</y><time>26-05-21 10:09:14:866</time></pt><pt><x>906</x><y>400</y><time>26-05-21 10:09:15:599</time></pt><pt><x>890</x><y>386</y><time>26-05-21 10:09:16:384</time></pt><pt><x>885</x><y>361</y><time>26-05-21 10:09:17:256</time></pt><pt><x>888</x><y>338</y><time>26-05-21 10:09:18:070</time></pt><closed_date>26-05-21 10:09:18:740</closed_date></polygon></object><object><name>tooth</name><deleted>0</deleted><verified>0</verified><occluded>no</occluded><attributes>13</attributes><parts><hasparts/><ispartof/></parts><date>26-05-21 10:09:47:612</date><id>16</id><type>bounding_box</type><polygon><username>anonymous</username><pt><x>1512</x><y>504</y><time>26-05-21 10:09:36:062</time></pt><pt><x>1163</x><y>504</y><time>26-05-21 10:09:40:568</time></pt><pt><x>1163</x><y>16</y><time>undefined</time></pt><pt><x>1512</x><y>16</y><time>undefined</time></pt><closed_date>26-05-21 10:09:40:569</closed_date></polygon></object><imagesize><nrows></nrows><ncols></ncols></imagesize><object><name>restoration</name><deleted>0</deleted><verified>0</verified><occluded>no</occluded><attributes/><parts><hasparts/><ispartof>0</ispartof></parts><date>16-02-22 14:30:04:268</date><id>17</id><polygon><username>anonymous</username><pt><x>224</x><y>817</y><time>16-02-22 14:29:55:306</time></pt><pt><x>255</x><y>837</y><time>16-02-22 14:29:56:016</time></pt><pt><x>283</x><y>808</y><time>16-02-22 14:29:56:473</time></pt><pt><x>288</x><y>760</y><time>16-02-22 14:29:56:864</time></pt><pt><x>281</x><y>735</y><time>16-02-22 14:29:57:224</time></pt><pt><x>317</x><y>726</y><time>16-02-22 14:29:57:848</time></pt><pt><x>341</x><y>706</y><time>16-02-22 14:29:58:184</time></pt><pt><x>332</x><y>673</y><time>16-02-22 14:29:58:536</time></pt><pt><x>310</x><y>653</y><time>16-02-22 14:29:58:961</time></pt><pt><x>252</x><y>678</y><time>16-02-22 14:29:59:392</time></pt><pt><x>221</x><y>698</y><time>16-02-22 14:29:59:672</time></pt><pt><x>217</x><y>729</y><time>16-02-22 14:29:59:928</time></pt><pt><x>197</x><y>775</y><time>16-02-22 14:30:00:360</time></pt><pt><x>197</x><y>810</y><time>16-02-22 14:30:00:648</time></pt><closed_date>16-02-22 14:30:01:036</closed_date></polygon></object><object><name>restoration</name><deleted>0</deleted><verified>0</verified><occluded>no</occluded><attributes/><parts><hasparts/><ispartof>0</ispartof></parts><date>16-02-22 14:30:21:089</date><id>18</id><polygon><username>anonymous</username><pt><x>611</x><y>709</y><time>16-02-22 14:30:13:176</time></pt><pt><x>600</x><y>746</y><time>16-02-22 14:30:13:617</time></pt><pt><x>613</x><y>786</y><time>16-02-22 14:30:13:944</time></pt><pt><x>624</x><y>797</y><time>16-02-22 14:30:14:224</time></pt><pt><x>638</x><y>788</y><time>16-02-22 14:30:14:496</time></pt><pt><x>651</x><y>777</y><time>16-02-22 14:30:14:778</time></pt><pt><x>662</x><y>731</y><time>16-02-22 14:30:15:208</time></pt><pt><x>653</x><y>689</y><time>16-02-22 14:30:15:529</time></pt><closed_date>16-02-22 14:30:15:888</closed_date></polygon></object><object><name>tooth</name><deleted>0</deleted><verified>0</verified><occluded>no</occluded><attributes>47</attributes><parts><hasparts>20</hasparts><ispartof/></parts><date>16-02-22 14:30:51:724</date><id>19</id><type>bounding_box</type><polygon><username>anonymous</username><pt><x>20</x><y>600</y><time>16-02-22 14:30:44:827</time></pt><pt><x>204</x><y>600</y><time>16-02-22 14:30:46:720</time></pt><pt><x>204</x><y>1185</y><time>undefined</time></pt><pt><x>20</x><y>1185</y><time>undefined</time></pt><closed_date>16-02-22 14:30:46:721</closed_date></polygon></object><object><name>restoration</name><deleted>0</deleted><verified>0</verified><occluded>no</occluded><attributes/><parts><hasparts/><ispartof>19</ispartof></parts><date>16-02-22 14:31:04:383</date><id>20</id><polygon><username>anonymous</username><pt><x>146</x><y>691</y><time>16-02-22 14:30:57:085</time></pt><pt><x>102</x><y>751</y><time>16-02-22 14:30:57:704</time></pt><pt><x>124</x><y>795</y><time>16-02-22 14:30:58:080</time></pt><pt><x>164</x><y>784</y><time>16-02-22 14:30:58:424</time></pt><pt><x>186</x><y>782</y><time>16-02-22 14:30:58:784</time></pt><pt><x>190</x><y>695</y><time>16-02-22 14:30:59:216</time></pt><pt><x>171</x><y>684</y><time>16-02-22 14:30:59:560</time></pt><closed_date>16-02-22 14:30:59:848</closed_date></polygon></object><object><name>teste</name><deleted>1</deleted><verified>0</verified><occluded>no</occluded><attributes/><parts><hasparts/><ispartof/></parts><date>23-03-22 09:36:50:017</date><id>21</id><type>bounding_box</type><polygon><username>anonymous</username><pt><x>1547</x><y>570</y><time>23-03-22 09:36:38:879</time></pt><pt><x>1340</x><y>570</y><time>23-03-22 09:36:40:684</time></pt><pt><x>1340</x><y>425</y><time>undefined</time></pt><pt><x>1547</x><y>425</y><time>undefined</time></pt><closed_date>23-03-22 09:36:40:686</closed_date></polygon></object></annotation>