<?xml version='1.0' encoding='UTF-8'?>
<annotation><filename>imagem-043.jpg</filename><folder>segmentation_xray</folder><source><sourceImage>The MIT-CSAIL database of objects and scenes</sourceImage><sourceAnnotation>LabelMe Webtool</sourceAnnotation></source><object><name>tooth</name><deleted>0</deleted><verified>0</verified><occluded>no</occluded><attributes>17</attributes><parts><hasparts /><ispartof /></parts><date>11-05-21 10:48:35:175</date><id>0</id><type>bounding_box</type><polygon><username>anonymous</username><pt><x>321</x><y>0</y><time>11-05-21 10:48:15:768</time></pt><pt><x>622</x><y>0</y><time>11-05-21 10:48:24:334</time></pt><pt><x>622</x><y>394</y><time>undefined</time></pt><pt><x>321</x><y>394</y><time>undefined</time></pt><closed_date>11-05-21 10:48:24:334</closed_date></polygon></object><object><name>tooth</name><deleted>0</deleted><verified>0</verified><occluded>no</occluded><attributes>16</attributes><parts><hasparts>6</hasparts><ispartof /></parts><date>11-05-21 10:48:55:182</date><id>1</id><type>bounding_box</type><polygon><username>anonymous</username><pt><x>937</x><y>1</y><time>11-05-21 10:48:42:138</time></pt><pt><x>629</x><y>1</y><time>11-05-21 10:48:49:350</time></pt><pt><x>629</x><y>386</y><time>undefined</time></pt><pt><x>937</x><y>386</y><time>undefined</time></pt><closed_date>11-05-21 10:48:49:350</closed_date></polygon></object><object><name>tooth</name><deleted>0</deleted><verified>0</verified><occluded>no</occluded><attributes>15</attributes><parts><hasparts /><ispartof /></parts><date>11-05-21 10:49:09:717</date><id>2</id><type>bounding_box</type><polygon><username>anonymous</username><pt><x>940</x><y>0</y><time>11-05-21 10:48:58:589</time></pt><pt><x>1174</x><y>0</y><time>11-05-21 10:49:02:966</time></pt><pt><x>1174</x><y>403</y><time>undefined</time></pt><pt><x>940</x><y>403</y><time>undefined</time></pt><closed_date>11-05-21 10:49:02:966</closed_date></polygon></object><object><name>tooth</name><deleted>0</deleted><verified>0</verified><occluded>no</occluded><attributes>45</attributes><parts><hasparts /><ispartof /></parts><date>11-05-21 10:49:28:756</date><id>3</id><type>bounding_box</type><polygon><username>anonymous</username><pt><x>1030</x><y>524</y><time>11-05-21 10:49:14:308</time></pt><pt><x>1215</x><y>524</y><time>11-05-21 10:49:23:325</time></pt><pt><x>1215</x><y>949</y><time>undefined</time></pt><pt><x>1030</x><y>949</y><time>undefined</time></pt><closed_date>11-05-21 10:49:23:325</closed_date></polygon></object><object><name>tooth</name><deleted>0</deleted><verified>0</verified><occluded>no</occluded><attributes>46</attributes><parts><hasparts>7</hasparts><ispartof /></parts><date>11-05-21 10:49:48:507</date><id>4</id><type>bounding_box</type><polygon><username>anonymous</username><pt><x>690</x><y>521</y><time>11-05-21 10:49:31:702</time></pt><pt><x>1035</x><y>521</y><time>11-05-21 10:49:40:963</time></pt><pt><x>1035</x><y>948</y><time>undefined</time></pt><pt><x>690</x><y>948</y><time>undefined</time></pt><closed_date>11-05-21 10:49:40:963</closed_date></polygon></object><object><name>tooth</name><deleted>0</deleted><verified>0</verified><occluded>no</occluded><attributes>47</attributes><parts><hasparts>8</hasparts><ispartof /></parts><date>11-05-21 10:50:35:421</date><id>5</id><type>bounding_box</type><polygon><username>anonymous</username><pt><x>321</x><y>467</y><time>11-05-21 10:49:52:183</time></pt><pt><x>686</x><y>467</y><time>11-05-21 10:50:04:036</time></pt><pt><x>686</x><y>948</y><time>undefined</time></pt><pt><x>321</x><y>948</y><time>undefined</time></pt><closed_date>11-05-21 10:50:04:036</closed_date></polygon></object><object><name>restoration</name><deleted>0</deleted><verified>0</verified><occluded>no</occluded><attributes /><parts><hasparts /><ispartof>1</ispartof></parts><date>11-05-21 10:51:43:677</date><id>6</id><polygon><username>anonymous</username><pt><x>676</x><y>338</y><time>11-05-21 10:51:19:158</time></pt><pt><x>684</x><y>309</y><time>11-05-21 10:51:21:173</time></pt><pt><x>697</x><y>307</y><time>11-05-21 10:51:21:950</time></pt><pt><x>725</x><y>306</y><time>11-05-21 10:51:22:534</time></pt><pt><x>735</x><y>311</y><time>11-05-21 10:51:23:381</time></pt><pt><x>737</x><y>326</y><time>11-05-21 10:51:23:950</time></pt><pt><x>744</x><y>345</y><time>11-05-21 10:51:24:542</time></pt><pt><x>749</x><y>349</y><time>11-05-21 10:51:25:102</time></pt><pt><x>750</x><y>344</y><time>11-05-21 10:51:25:653</time></pt><pt><x>749</x><y>318</y><time>11-05-21 10:51:26:726</time></pt><pt><x>754</x><y>305</y><time>11-05-21 10:51:27:302</time></pt><pt><x>765</x><y>293</y><time>11-05-21 10:51:27:750</time></pt><pt><x>775</x><y>292</y><time>11-05-21 10:51:28:429</time></pt><pt><x>795</x><y>297</y><time>11-05-21 10:51:28:950</time></pt><pt><x>806</x><y>297</y><time>11-05-21 10:51:29:366</time></pt><pt><x>816</x><y>295</y><time>11-05-21 10:51:29:725</time></pt><pt><x>825</x><y>290</y><time>11-05-21 10:51:30:158</time></pt><pt><x>830</x><y>292</y><time>11-05-21 10:51:30:582</time></pt><pt><x>829</x><y>300</y><time>11-05-21 10:51:30:951</time></pt><pt><x>827</x><y>315</y><time>11-05-21 10:51:31:502</time></pt><pt><x>827</x><y>321</y><time>11-05-21 10:51:31:958</time></pt><pt><x>832</x><y>337</y><time>11-05-21 10:51:32:486</time></pt><pt><x>832</x><y>341</y><time>11-05-21 10:51:33:061</time></pt><pt><x>812</x><y>346</y><time>11-05-21 10:51:33:687</time></pt><pt><x>785</x><y>348</y><time>11-05-21 10:51:34:285</time></pt><pt><x>754</x><y>356</y><time>11-05-21 10:51:35:029</time></pt><pt><x>727</x><y>354</y><time>11-05-21 10:51:35:894</time></pt><pt><x>694</x><y>344</y><time>11-05-21 10:51:36:542</time></pt><closed_date>11-05-21 10:51:37:117</closed_date></polygon></object><imagesize><nrows /><ncols /></imagesize><object><name>restoration</name><deleted>0</deleted><verified>0</verified><occluded>no</occluded><attributes /><parts><hasparts /><ispartof>4</ispartof></parts><date>11-05-21 11:11:11:967</date><id>7</id><polygon><username>anonymous</username><pt><x>782</x><y>567</y><time>11-05-21 11:11:00:342</time></pt><pt><x>796</x><y>590</y><time>11-05-21 11:11:00:957</time></pt><pt><x>820</x><y>589</y><time>11-05-21 11:11:01:310</time></pt><pt><x>838</x><y>592</y><time>11-05-21 11:11:01:684</time></pt><pt><x>848</x><y>609</y><time>11-05-21 11:11:02:093</time></pt><pt><x>861</x><y>623</y><time>11-05-21 11:11:02:485</time></pt><pt><x>871</x><y>626</y><time>11-05-21 11:11:02:869</time></pt><pt><x>876</x><y>626</y><time>11-05-21 11:11:03:229</time></pt><pt><x>881</x><y>609</y><time>11-05-21 11:11:03:709</time></pt><pt><x>887</x><y>592</y><time>11-05-21 11:11:04:070</time></pt><pt><x>893</x><y>572</y><time>11-05-21 11:11:05:285</time></pt><pt><x>872</x><y>575</y><time>11-05-21 11:11:06:117</time></pt><pt><x>845</x><y>577</y><time>11-05-21 11:11:06:477</time></pt><pt><x>814</x><y>569</y><time>11-05-21 11:11:06:813</time></pt><pt><x>801</x><y>563</y><time>11-05-21 11:11:07:117</time></pt><closed_date>11-05-21 11:11:07:538</closed_date></polygon></object><object><name>restoration</name><deleted>0</deleted><verified>0</verified><occluded>no</occluded><attributes /><parts><hasparts /><ispartof>5</ispartof></parts><date>11-05-21 11:11:32:403</date><id>8</id><polygon><username>anonymous</username><pt><x>430</x><y>531</y><time>11-05-21 11:11:21:246</time></pt><pt><x>439</x><y>551</y><time>11-05-21 11:11:21:717</time></pt><pt><x>443</x><y>565</y><time>11-05-21 11:11:22:021</time></pt><pt><x>452</x><y>569</y><time>11-05-21 11:11:22:341</time></pt><pt><x>481</x><y>559</y><time>11-05-21 11:11:22:676</time></pt><pt><x>493</x><y>561</y><time>11-05-21 11:11:22:973</time></pt><pt><x>505</x><y>578</y><time>11-05-21 11:11:23:228</time></pt><pt><x>524</x><y>599</y><time>11-05-21 11:11:23:573</time></pt><pt><x>536</x><y>608</y><time>11-05-21 11:11:23:933</time></pt><pt><x>554</x><y>603</y><time>11-05-21 11:11:24:245</time></pt><pt><x>557</x><y>594</y><time>11-05-21 11:11:24:540</time></pt><pt><x>555</x><y>578</y><time>11-05-21 11:11:24:821</time></pt><pt><x>555</x><y>565</y><time>11-05-21 11:11:25:100</time></pt><pt><x>560</x><y>546</y><time>11-05-21 11:11:25:532</time></pt><pt><x>567</x><y>521</y><time>11-05-21 11:11:25:885</time></pt><pt><x>567</x><y>520</y><time>11-05-21 11:11:26:357</time></pt><pt><x>534</x><y>534</y><time>11-05-21 11:11:26:669</time></pt><pt><x>515</x><y>535</y><time>11-05-21 11:11:26:940</time></pt><pt><x>483</x><y>524</y><time>11-05-21 11:11:27:237</time></pt><pt><x>466</x><y>520</y><time>11-05-21 11:11:27:541</time></pt><pt><x>456</x><y>517</y><time>11-05-21 11:11:27:829</time></pt><closed_date>11-05-21 11:11:28:301</closed_date></polygon></object></annotation>