<?xml version='1.0' encoding='UTF-8'?>
<annotation><filename>imagem-086.jpg</filename><folder>segmentation_xray</folder><source><sourceImage>The MIT-CSAIL database of objects and scenes</sourceImage><sourceAnnotation>LabelMe Webtool</sourceAnnotation></source><object><name>tooth</name><deleted>0</deleted><verified>0</verified><occluded>no</occluded><attributes>13</attributes><parts><hasparts /><ispartof /></parts><date>31-05-21 10:40:05:939</date><id>0</id><type>bounding_box</type><polygon><username>anonymous</username><pt><x>1286</x><y>2</y><time>31-05-21 10:39:48:596</time></pt><pt><x>1613</x><y>2</y><time>31-05-21 10:39:54:965</time></pt><pt><x>1613</x><y>634</y><time>undefined</time></pt><pt><x>1286</x><y>634</y><time>undefined</time></pt><closed_date>31-05-21 10:39:54:965</closed_date></polygon></object><object><name>tooth</name><deleted>0</deleted><verified>0</verified><occluded>no</occluded><attributes>14</attributes><parts><hasparts /><ispartof /></parts><date>31-05-21 10:40:24:678</date><id>1</id><type>bounding_box</type><polygon><username>anonymous</username><pt><x>1032</x><y>607</y><time>31-05-21 10:40:12:419</time></pt><pt><x>1355</x><y>607</y><time>31-05-21 10:40:19:084</time></pt><pt><x>1355</x><y>2</y><time>undefined</time></pt><pt><x>1032</x><y>2</y><time>undefined</time></pt><closed_date>31-05-21 10:40:19:084</closed_date></polygon></object><object><name>tooth</name><deleted>0</deleted><verified>0</verified><occluded>no</occluded><attributes>15</attributes><parts><hasparts /><ispartof /></parts><date>31-05-21 10:40:52:915</date><id>2</id><type>bounding_box</type><polygon><username>anonymous</username><pt><x>723</x><y>611</y><time>31-05-21 10:40:38:082</time></pt><pt><x>1052</x><y>611</y><time>31-05-21 10:40:45:917</time></pt><pt><x>1052</x><y>2</y><time>undefined</time></pt><pt><x>723</x><y>2</y><time>undefined</time></pt><closed_date>31-05-21 10:40:45:918</closed_date></polygon></object><object><name>tooth</name><deleted>0</deleted><verified>0</verified><occluded>no</occluded><attributes>16</attributes><parts><hasparts /><ispartof /></parts><date>31-05-21 10:41:24:078</date><id>3</id><type>bounding_box</type><polygon><username>anonymous</username><pt><x>331</x><y>598</y><time>31-05-21 10:41:06:939</time></pt><pt><x>764</x><y>598</y><time>31-05-21 10:41:17:069</time></pt><pt><x>764</x><y>2</y><time>undefined</time></pt><pt><x>331</x><y>2</y><time>undefined</time></pt><closed_date>31-05-21 10:41:17:069</closed_date></polygon></object><object><name>tooth</name><deleted>0</deleted><verified>0</verified><occluded>no</occluded><attributes>17</attributes><parts><hasparts /><ispartof /></parts><date>31-05-21 10:42:03:004</date><id>4</id><type>bounding_box</type><polygon><username>anonymous</username><pt><x>2</x><y>566</y><time>31-05-21 10:41:47:651</time></pt><pt><x>342</x><y>566</y><time>31-05-21 10:41:52:797</time></pt><pt><x>342</x><y>2</y><time>undefined</time></pt><pt><x>2</x><y>2</y><time>undefined</time></pt><closed_date>31-05-21 10:41:52:797</closed_date></polygon></object><object><name>tooth</name><deleted>0</deleted><verified>0</verified><occluded>no</occluded><attributes>43</attributes><parts><hasparts /><ispartof /></parts><date>31-05-21 10:42:25:622</date><id>5</id><type>bounding_box</type><polygon><username>anonymous</username><pt><x>1217</x><y>1237</y><time>31-05-21 10:42:13:964</time></pt><pt><x>1609</x><y>1237</y><time>31-05-21 10:42:18:772</time></pt><pt><x>1609</x><y>716</y><time>undefined</time></pt><pt><x>1217</x><y>716</y><time>undefined</time></pt><closed_date>31-05-21 10:42:18:772</closed_date></polygon></object><object><name>tooth</name><deleted>0</deleted><verified>0</verified><occluded>no</occluded><attributes>44</attributes><parts><hasparts /><ispartof /></parts><date>31-05-21 10:42:50:851</date><id>6</id><type>bounding_box</type><polygon><username>anonymous</username><pt><x>1118</x><y>705</y><time>31-05-21 10:42:28:658</time></pt><pt><x>1452</x><y>705</y><time>31-05-21 10:42:33:876</time></pt><pt><x>1452</x><y>1230</y><time>undefined</time></pt><pt><x>1118</x><y>1230</y><time>undefined</time></pt><closed_date>31-05-21 10:42:33:876</closed_date></polygon></object><object><name>tooth</name><deleted>0</deleted><verified>0</verified><occluded>no</occluded><attributes>45</attributes><parts><hasparts /><ispartof /></parts><date>31-05-21 10:43:23:694</date><id>7</id><type>bounding_box</type><polygon><username>anonymous</username><pt><x>813</x><y>667</y><time>31-05-21 10:43:09:299</time></pt><pt><x>1123</x><y>667</y><time>31-05-21 10:43:15:676</time></pt><pt><x>1123</x><y>1237</y><time>undefined</time></pt><pt><x>813</x><y>1237</y><time>undefined</time></pt><closed_date>31-05-21 10:43:15:676</closed_date></polygon></object><object><name>tooth</name><deleted>0</deleted><verified>0</verified><occluded>no</occluded><attributes>46</attributes><parts><hasparts /><ispartof /></parts><date>31-05-21 10:44:45:732</date><id>8</id><type>bounding_box</type><polygon><username>anonymous</username><pt><x>295</x><y>656</y><time>31-05-21 10:44:29:603</time></pt><pt><x>835</x><y>656</y><time>31-05-21 10:44:35:390</time></pt><pt><x>835</x><y>1239</y><time>undefined</time></pt><pt><x>295</x><y>1239</y><time>undefined</time></pt><closed_date>31-05-21 10:44:35:390</closed_date></polygon></object><object><name>tooth</name><deleted>0</deleted><verified>0</verified><occluded>no</occluded><attributes>47</attributes><parts><hasparts /><ispartof /></parts><date>31-05-21 10:45:49:676</date><id>9</id><type>bounding_box</type><polygon><username>anonymous</username><pt><x>6</x><y>589</y><time>31-05-21 10:45:26:355</time></pt><pt><x>389</x><y>589</y><time>31-05-21 10:45:36:270</time></pt><pt><x>389</x><y>1239</y><time>undefined</time></pt><pt><x>6</x><y>1239</y><time>undefined</time></pt><closed_date>31-05-21 10:45:36:270</closed_date></polygon></object><imagesize><nrows /><ncols /></imagesize></annotation>