<?xml version='1.0' encoding='UTF-8'?>
<annotation><filename>imagem-079.jpg</filename><folder>segmentation_xray</folder><source><sourceImage>The MIT-CSAIL database of objects and scenes</sourceImage><sourceAnnotation>LabelMe Webtool</sourceAnnotation></source><object><name>tooth</name><deleted>0</deleted><verified>0</verified><occluded>no</occluded><attributes>24</attributes><parts><hasparts /><ispartof>6</ispartof></parts><date>31-05-21 12:17:01:898</date><id>0</id><type>bounding_box</type><polygon><username>anonymous</username><pt><x>147</x><y>2</y><time>31-05-21 12:16:50:597</time></pt><pt><x>2</x><y>2</y><time>31-05-21 12:16:55:120</time></pt><pt><x>2</x><y>402</y><time>undefined</time></pt><pt><x>147</x><y>402</y><time>undefined</time></pt><closed_date>31-05-21 12:16:55:120</closed_date></polygon></object><object><name>tooth</name><deleted>0</deleted><verified>0</verified><occluded>no</occluded><attributes>25</attributes><parts><hasparts /><ispartof>6</ispartof></parts><date>31-05-21 12:17:17:977</date><id>1</id><type>bounding_box</type><polygon><username>anonymous</username><pt><x>369</x><y>405</y><time>31-05-21 12:17:07:798</time></pt><pt><x>140</x><y>405</y><time>31-05-21 12:17:12:559</time></pt><pt><x>140</x><y>3</y><time>undefined</time></pt><pt><x>369</x><y>3</y><time>undefined</time></pt><closed_date>31-05-21 12:17:12:559</closed_date></polygon></object><object><name>tooth</name><deleted>0</deleted><verified>0</verified><occluded>no</occluded><attributes>26</attributes><parts><hasparts /><ispartof /></parts><date>31-05-21 12:17:39:506</date><id>2</id><type>bounding_box</type><polygon><username>anonymous</username><pt><x>688</x><y>384</y><time>31-05-21 12:17:26:265</time></pt><pt><x>369</x><y>384</y><time>31-05-21 12:17:33:679</time></pt><pt><x>369</x><y>2</y><time>undefined</time></pt><pt><x>688</x><y>2</y><time>undefined</time></pt><closed_date>31-05-21 12:17:33:679</closed_date></polygon></object><object><name>tooth</name><deleted>0</deleted><verified>0</verified><occluded>no</occluded><attributes>27</attributes><parts><hasparts /><ispartof /></parts><date>31-05-21 12:18:21:215</date><id>3</id><type>bounding_box</type><polygon><username>anonymous</username><pt><x>1004</x><y>0</y><time>31-05-21 12:17:53:413</time></pt><pt><x>688</x><y>0</y><time>31-05-21 12:18:06:624</time></pt><pt><x>688</x><y>356</y><time>undefined</time></pt><pt><x>1004</x><y>356</y><time>undefined</time></pt><closed_date>31-05-21 12:18:06:624</closed_date></polygon></object><object><name>tooth</name><deleted>0</deleted><verified>0</verified><occluded>no</occluded><attributes>34</attributes><parts><hasparts /><ispartof /></parts><date>31-05-21 12:18:38:713</date><id>4</id><type>bounding_box</type><polygon><username>anonymous</username><pt><x>2</x><y>491</y><time>31-05-21 12:18:24:560</time></pt><pt><x>142</x><y>491</y><time>31-05-21 12:18:31:602</time></pt><pt><x>142</x><y>927</y><time>undefined</time></pt><pt><x>2</x><y>927</y><time>undefined</time></pt><closed_date>31-05-21 12:18:31:602</closed_date></polygon></object><object><name>tooth</name><deleted>0</deleted><verified>0</verified><occluded>no</occluded><attributes>35</attributes><parts><hasparts /><ispartof /></parts><date>31-05-21 12:18:53:234</date><id>5</id><type>bounding_box</type><polygon><username>anonymous</username><pt><x>398</x><y>501</y><time>31-05-21 12:18:43:223</time></pt><pt><x>142</x><y>501</y><time>31-05-21 12:18:47:919</time></pt><pt><x>142</x><y>943</y><time>undefined</time></pt><pt><x>398</x><y>943</y><time>undefined</time></pt><closed_date>31-05-21 12:18:47:920</closed_date></polygon></object><object><name>tooth</name><deleted>0</deleted><verified>0</verified><occluded>no</occluded><attributes>36</attributes><parts><hasparts /><ispartof /></parts><date>31-05-21 12:19:10:794</date><id>6</id><type>bounding_box</type><polygon><username>anonymous</username><pt><x>825</x><y>945</y><time>31-05-21 12:18:57:791</time></pt><pt><x>395</x><y>945</y><time>31-05-21 12:19:05:079</time></pt><pt><x>395</x><y>458</y><time>undefined</time></pt><pt><x>825</x><y>458</y><time>undefined</time></pt><closed_date>31-05-21 12:19:05:080</closed_date></polygon></object><object><name>tooth</name><deleted>0</deleted><verified>0</verified><occluded>no</occluded><attributes>37</attributes><parts><hasparts /><ispartof /></parts><date>31-05-21 12:19:22:530</date><id>7</id><type>bounding_box</type><polygon><username>anonymous</username><pt><x>1190</x><y>938</y><time>31-05-21 12:19:12:633</time></pt><pt><x>731</x><y>938</y><time>31-05-21 12:19:16:752</time></pt><pt><x>731</x><y>380</y><time>undefined</time></pt><pt><x>1190</x><y>380</y><time>undefined</time></pt><closed_date>31-05-21 12:19:16:752</closed_date></polygon></object><imagesize><nrows /><ncols /></imagesize></annotation>