<?xml version='1.0' encoding='UTF-8'?>
<annotation><filename>imagem-108.jpg</filename><folder>segmentation_xray</folder><source><sourceImage>The MIT-CSAIL database of objects and scenes</sourceImage><sourceAnnotation>LabelMe Webtool</sourceAnnotation></source><object><name>tooth</name><deleted>0</deleted><verified>0</verified><occluded>no</occluded><attributes>18</attributes><parts><hasparts /><ispartof /></parts><date>19-05-21 09:30:32:106</date><id>0</id><type>bounding_box</type><polygon><username>anonymous</username><pt><x>425</x><y>18</y><time>19-05-21 09:30:17:500</time></pt><pt><x>76</x><y>18</y><time>19-05-21 09:30:20:782</time></pt><pt><x>76</x><y>505</y><time>undefined</time></pt><pt><x>425</x><y>505</y><time>undefined</time></pt><closed_date>19-05-21 09:30:20:782</closed_date></polygon></object><object><name>tooth</name><deleted>0</deleted><verified>0</verified><occluded>no</occluded><attributes>17</attributes><parts><hasparts /><ispartof /></parts><date>19-05-21 09:30:41:065</date><id>1</id><type>bounding_box</type><polygon><username>anonymous</username><pt><x>813</x><y>29</y><time>19-05-21 09:30:33:942</time></pt><pt><x>409</x><y>29</y><time>19-05-21 09:30:36:656</time></pt><pt><x>409</x><y>531</y><time>undefined</time></pt><pt><x>813</x><y>531</y><time>undefined</time></pt><closed_date>19-05-21 09:30:36:656</closed_date></polygon></object><object><name>tooth</name><deleted>0</deleted><verified>0</verified><occluded>no</occluded><attributes>16</attributes><parts><hasparts /><ispartof /></parts><date>19-05-21 09:30:53:986</date><id>2</id><type>bounding_box</type><polygon><username>anonymous</username><pt><x>1217</x><y>547</y><time>19-05-21 09:30:46:824</time></pt><pt><x>758</x><y>547</y><time>19-05-21 09:30:49:424</time></pt><pt><x>758</x><y>20</y><time>undefined</time></pt><pt><x>1217</x><y>20</y><time>undefined</time></pt><closed_date>19-05-21 09:30:49:424</closed_date></polygon></object><object><name>tooth</name><deleted>0</deleted><verified>0</verified><occluded>no</occluded><attributes>15</attributes><parts><hasparts /><ispartof /></parts><date>19-05-21 09:31:10:340</date><id>3</id><type>bounding_box</type><polygon><username>anonymous</username><pt><x>1452</x><y>20</y><time>19-05-21 09:31:02:138</time></pt><pt><x>1160</x><y>20</y><time>19-05-21 09:31:05:264</time></pt><pt><x>1160</x><y>460</y><time>undefined</time></pt><pt><x>1452</x><y>460</y><time>undefined</time></pt><closed_date>19-05-21 09:31:05:265</closed_date></polygon></object><object><name>tooth</name><deleted>0</deleted><verified>0</verified><occluded>no</occluded><attributes>14</attributes><parts><hasparts /><ispartof /></parts><date>19-05-21 09:32:46:604</date><id>4</id><type>bounding_box</type><polygon><username>anonymous</username><pt><x>1614</x><y>451</y><time>19-05-21 09:32:37:548</time></pt><pt><x>1426</x><y>451</y><time>19-05-21 09:32:39:765</time></pt><pt><x>1426</x><y>25</y><time>undefined</time></pt><pt><x>1614</x><y>25</y><time>undefined</time></pt><closed_date>19-05-21 09:32:39:766</closed_date></polygon></object><object><name>tooth</name><deleted>0</deleted><verified>0</verified><occluded>no</occluded><attributes>48</attributes><parts><hasparts /><ispartof /></parts><date>19-05-21 09:33:07:379</date><id>5</id><type>bounding_box</type><polygon><username>anonymous</username><pt><x>43</x><y>543</y><time>19-05-21 09:32:49:716</time></pt><pt><x>500</x><y>543</y><time>19-05-21 09:32:51:899</time></pt><pt><x>500</x><y>1219</y><time>undefined</time></pt><pt><x>43</x><y>1219</y><time>undefined</time></pt><closed_date>19-05-21 09:32:51:899</closed_date></polygon></object><object><name>tooth</name><deleted>0</deleted><verified>0</verified><occluded>no</occluded><attributes>47</attributes><parts><hasparts /><ispartof /></parts><date>19-05-21 09:33:20:607</date><id>6</id><type>bounding_box</type><polygon><username>anonymous</username><pt><x>950</x><y>609</y><time>19-05-21 09:33:10:683</time></pt><pt><x>498</x><y>609</y><time>19-05-21 09:33:13:874</time></pt><pt><x>498</x><y>1205</y><time>undefined</time></pt><pt><x>950</x><y>1205</y><time>undefined</time></pt><closed_date>19-05-21 09:33:13:875</closed_date></polygon></object><object><name>tooth</name><deleted>0</deleted><verified>0</verified><occluded>no</occluded><attributes>45</attributes><parts><hasparts /><ispartof /></parts><date>19-05-21 09:33:36:004</date><id>7</id><type>bounding_box</type><polygon><username>anonymous</username><pt><x>1264</x><y>564</y><time>19-05-21 09:33:28:831</time></pt><pt><x>1583</x><y>564</y><time>19-05-21 09:33:31:146</time></pt><pt><x>1583</x><y>1221</y><time>undefined</time></pt><pt><x>1264</x><y>1221</y><time>undefined</time></pt><closed_date>19-05-21 09:33:31:146</closed_date></polygon></object><imagesize><nrows /><ncols /></imagesize></annotation>