<?xml version='1.0' encoding='UTF-8'?>
<annotation><filename>imagem-020.jpg</filename><folder>segmentation_xray</folder><source><sourceImage>The MIT-CSAIL database of objects and scenes</sourceImage><sourceAnnotation>LabelMe Webtool</sourceAnnotation></source><object><name>tooth</name><deleted>0</deleted><verified>0</verified><occluded>no</occluded><attributes>17</attributes><parts><hasparts>1</hasparts><ispartof /></parts><date>15-05-21 14:28:06:946</date><id>0</id><type>bounding_box</type><polygon><username>anonymous</username><pt><x>987</x><y>1429</y><time>15-05-21 14:27:59:721</time></pt><pt><x>2100</x><y>1429</y><time>15-05-21 14:28:02:255</time></pt><pt><x>2100</x><y>1</y><time>undefined</time></pt><pt><x>987</x><y>1</y><time>undefined</time></pt><closed_date>15-05-21 14:28:02:256</closed_date></polygon></object><object><name>restoration</name><deleted>0</deleted><verified>0</verified><occluded>no</occluded><attributes /><parts><hasparts /><ispartof>0</ispartof></parts><date>15-05-21 14:28:44:838</date><id>1</id><polygon><username>anonymous</username><pt><x>1165</x><y>998</y><time>15-05-21 14:28:23:794</time></pt><pt><x>1188</x><y>901</y><time>15-05-21 14:28:24:599</time></pt><pt><x>1268</x><y>843</y><time>15-05-21 14:28:29:501</time></pt><pt><x>1371</x><y>832</y><time>15-05-21 14:28:30:302</time></pt><pt><x>1429</x><y>872</y><time>15-05-21 14:28:31:470</time></pt><pt><x>1475</x><y>929</y><time>15-05-21 14:28:32:374</time></pt><pt><x>1463</x><y>1016</y><time>15-05-21 14:28:33:389</time></pt><pt><x>1463</x><y>1067</y><time>15-05-21 14:28:33:838</time></pt><pt><x>1503</x><y>1170</y><time>15-05-21 14:28:35:987</time></pt><pt><x>1486</x><y>1216</y><time>15-05-21 14:28:36:622</time></pt><pt><x>1429</x><y>1262</y><time>15-05-21 14:28:37:014</time></pt><pt><x>1371</x><y>1291</y><time>15-05-21 14:28:37:406</time></pt><pt><x>1314</x><y>1297</y><time>15-05-21 14:28:37:959</time></pt><pt><x>1274</x><y>1297</y><time>15-05-21 14:28:38:272</time></pt><pt><x>1234</x><y>1291</y><time>15-05-21 14:28:38:603</time></pt><pt><x>1170</x><y>1257</y><time>15-05-21 14:28:38:895</time></pt><pt><x>1165</x><y>1257</y><time>15-05-21 14:28:39:087</time></pt><pt><x>1153</x><y>1239</y><time>15-05-21 14:28:39:409</time></pt><pt><x>1136</x><y>1193</y><time>15-05-21 14:28:39:928</time></pt><pt><x>1130</x><y>1142</y><time>15-05-21 14:28:40:432</time></pt><pt><x>1148</x><y>1107</y><time>15-05-21 14:28:40:903</time></pt><closed_date>15-05-21 14:28:41:574</closed_date></polygon></object><object><name>tooth</name><deleted>0</deleted><verified>0</verified><occluded>no</occluded><attributes>16</attributes><parts><hasparts>3</hasparts><ispartof /></parts><date>15-05-21 14:28:59:953</date><id>2</id><type>bounding_box</type><polygon><username>anonymous</username><pt><x>3161</x><y>1503</y><time>15-05-21 14:28:48:945</time></pt><pt><x>1962</x><y>1503</y><time>15-05-21 14:28:52:437</time></pt><pt><x>1962</x><y>1</y><time>undefined</time></pt><pt><x>3161</x><y>1</y><time>undefined</time></pt><closed_date>15-05-21 14:28:52:438</closed_date></polygon></object><object><name>restoration</name><deleted>0</deleted><verified>0</verified><occluded>no</occluded><attributes /><parts><hasparts /><ispartof>2</ispartof></parts><date>15-05-21 14:29:37:279</date><id>3</id><polygon><username>anonymous</username><pt><x>2146</x><y>1096</y><time>15-05-21 14:29:14:567</time></pt><pt><x>2215</x><y>1079</y><time>15-05-21 14:29:15:398</time></pt><pt><x>2243</x><y>1044</y><time>15-05-21 14:29:15:840</time></pt><pt><x>2272</x><y>987</y><time>15-05-21 14:29:16:184</time></pt><pt><x>2272</x><y>970</y><time>15-05-21 14:29:16:727</time></pt><pt><x>2272</x><y>924</y><time>15-05-21 14:29:17:155</time></pt><pt><x>2261</x><y>895</y><time>15-05-21 14:29:17:509</time></pt><pt><x>2238</x><y>872</y><time>15-05-21 14:29:17:839</time></pt><pt><x>2198</x><y>855</y><time>15-05-21 14:29:18:127</time></pt><pt><x>2180</x><y>849</y><time>15-05-21 14:29:18:307</time></pt><pt><x>2175</x><y>849</y><time>15-05-21 14:29:18:503</time></pt><pt><x>2169</x><y>815</y><time>15-05-21 14:29:18:852</time></pt><pt><x>2163</x><y>792</y><time>15-05-21 14:29:19:128</time></pt><pt><x>2117</x><y>746</y><time>15-05-21 14:29:19:382</time></pt><pt><x>2106</x><y>740</y><time>15-05-21 14:29:19:624</time></pt><pt><x>2077</x><y>740</y><time>15-05-21 14:29:20:140</time></pt><pt><x>2025</x><y>769</y><time>15-05-21 14:29:20:447</time></pt><pt><x>2020</x><y>798</y><time>15-05-21 14:29:20:708</time></pt><pt><x>2014</x><y>826</y><time>15-05-21 14:29:20:911</time></pt><pt><x>2002</x><y>866</y><time>15-05-21 14:29:21:151</time></pt><pt><x>1991</x><y>901</y><time>15-05-21 14:29:21:373</time></pt><pt><x>1979</x><y>964</y><time>15-05-21 14:29:21:807</time></pt><pt><x>1957</x><y>1016</y><time>15-05-21 14:29:22:056</time></pt><pt><x>1957</x><y>1056</y><time>15-05-21 14:29:22:470</time></pt><pt><x>1997</x><y>1079</y><time>15-05-21 14:29:28:502</time></pt><pt><x>1991</x><y>1165</y><time>15-05-21 14:29:29:082</time></pt><pt><x>2014</x><y>1211</y><time>15-05-21 14:29:29:504</time></pt><pt><x>2037</x><y>1268</y><time>15-05-21 14:29:29:794</time></pt><pt><x>2048</x><y>1302</y><time>15-05-21 14:29:30:087</time></pt><pt><x>2123</x><y>1274</y><time>15-05-21 14:29:32:575</time></pt><pt><x>2129</x><y>1216</y><time>15-05-21 14:29:33:195</time></pt><pt><x>2140</x><y>1188</y><time>15-05-21 14:29:33:576</time></pt><closed_date>15-05-21 14:29:34:002</closed_date></polygon></object><object><name>tooth</name><deleted>0</deleted><verified>0</verified><occluded>no</occluded><attributes>15</attributes><parts><hasparts /><ispartof /></parts><date>15-05-21 14:29:50:203</date><id>4</id><type>bounding_box</type><polygon><username>anonymous</username><pt><x>3861</x><y>1429</y><time>15-05-21 14:29:41:080</time></pt><pt><x>3047</x><y>1429</y><time>15-05-21 14:29:44:983</time></pt><pt><x>3047</x><y>23</y><time>undefined</time></pt><pt><x>3861</x><y>23</y><time>undefined</time></pt><closed_date>15-05-21 14:29:44:984</closed_date></polygon></object><object><name>tooth</name><deleted>0</deleted><verified>0</verified><occluded>no</occluded><attributes>14</attributes><parts><hasparts /><ispartof /></parts><date>15-05-21 14:30:23:185</date><id>5</id><type>bounding_box</type><polygon><username>anonymous</username><pt><x>3770</x><y>1383</y><time>15-05-21 14:30:10:812</time></pt><pt><x>4079</x><y>1383</y><time>15-05-21 14:30:19:096</time></pt><pt><x>4079</x><y>143</y><time>undefined</time></pt><pt><x>3770</x><y>143</y><time>undefined</time></pt><closed_date>15-05-21 14:30:19:096</closed_date></polygon></object><object><name>tooth</name><deleted>0</deleted><verified>0</verified><occluded>no</occluded><attributes>47</attributes><parts><hasparts>7</hasparts><ispartof /></parts><date>15-05-21 14:30:41:390</date><id>6</id><type>bounding_box</type><polygon><username>anonymous</username><pt><x>929</x><y>1601</y><time>15-05-21 14:30:31:675</time></pt><pt><x>2266</x><y>1601</y><time>15-05-21 14:30:36:774</time></pt><pt><x>2266</x><y>3104</y><time>undefined</time></pt><pt><x>929</x><y>3104</y><time>undefined</time></pt><closed_date>15-05-21 14:30:36:774</closed_date></polygon></object><object><name>restoration</name><deleted>0</deleted><verified>0</verified><occluded>no</occluded><attributes /><parts><hasparts /><ispartof>6</ispartof></parts><date>15-05-21 14:32:53:095</date><id>7</id><polygon><username>anonymous</username><pt><x>1337</x><y>1951</y><time>15-05-21 14:31:16:031</time></pt><pt><x>1549</x><y>2008</y><time>15-05-21 14:31:17:014</time></pt><pt><x>1589</x><y>2037</y><time>15-05-21 14:31:31:540</time></pt><pt><x>1647</x><y>1997</y><time>15-05-21 14:31:46:185</time></pt><pt><x>1727</x><y>2002</y><time>15-05-21 14:31:47:343</time></pt><pt><x>1767</x><y>2048</y><time>15-05-21 14:31:47:784</time></pt><pt><x>1796</x><y>2054</y><time>15-05-21 14:31:48:129</time></pt><pt><x>1911</x><y>2066</y><time>15-05-21 14:31:48:751</time></pt><pt><x>2002</x><y>2071</y><time>15-05-21 14:31:49:334</time></pt><pt><x>2060</x><y>2077</y><time>15-05-21 14:31:49:910</time></pt><pt><x>2100</x><y>2066</y><time>15-05-21 14:31:50:329</time></pt><pt><x>2129</x><y>2054</y><time>15-05-21 14:31:50:598</time></pt><pt><x>2140</x><y>2043</y><time>15-05-21 14:31:50:870</time></pt><pt><x>2146</x><y>2037</y><time>15-05-21 14:31:52:163</time></pt><pt><x>2163</x><y>1979</y><time>15-05-21 14:31:56:240</time></pt><pt><x>2175</x><y>1945</y><time>15-05-21 14:31:56:855</time></pt><pt><x>2186</x><y>1939</y><time>15-05-21 14:31:57:464</time></pt><pt><x>2175</x><y>1905</y><time>15-05-21 14:31:58:783</time></pt><pt><x>2094</x><y>1865</y><time>15-05-21 14:32:12:887</time></pt><pt><x>2025</x><y>1853</y><time>15-05-21 14:32:13:438</time></pt><pt><x>1939</x><y>1836</y><time>15-05-21 14:32:13:825</time></pt><pt><x>1911</x><y>1825</y><time>15-05-21 14:32:14:288</time></pt><pt><x>1888</x><y>1813</y><time>15-05-21 14:32:14:653</time></pt><pt><x>1802</x><y>1830</y><time>15-05-21 14:32:14:963</time></pt><pt><x>1761</x><y>1865</y><time>15-05-21 14:32:15:240</time></pt><pt><x>1750</x><y>1876</y><time>15-05-21 14:32:15:741</time></pt><pt><x>1738</x><y>1876</y><time>15-05-21 14:32:16:215</time></pt><pt><x>1675</x><y>1876</y><time>15-05-21 14:32:16:743</time></pt><pt><x>1526</x><y>1807</y><time>15-05-21 14:32:36:788</time></pt><pt><x>1503</x><y>1773</y><time>15-05-21 14:32:37:412</time></pt><pt><x>1440</x><y>1738</y><time>15-05-21 14:32:37:830</time></pt><pt><x>1423</x><y>1733</y><time>15-05-21 14:32:38:758</time></pt><pt><x>1394</x><y>1716</y><time>15-05-21 14:32:39:239</time></pt><pt><x>1366</x><y>1733</y><time>15-05-21 14:32:39:886</time></pt><pt><x>1348</x><y>1767</y><time>15-05-21 14:32:40:462</time></pt><pt><x>1343</x><y>1773</y><time>15-05-21 14:32:40:703</time></pt><pt><x>1320</x><y>1807</y><time>15-05-21 14:32:40:950</time></pt><pt><x>1302</x><y>1819</y><time>15-05-21 14:32:41:206</time></pt><pt><x>1302</x><y>1836</y><time>15-05-21 14:32:41:725</time></pt><pt><x>1325</x><y>1865</y><time>15-05-21 14:32:41:990</time></pt><closed_date>15-05-21 14:32:42:431</closed_date></polygon></object><object><name>tooth</name><deleted>0</deleted><verified>0</verified><occluded>no</occluded><attributes>46</attributes><parts><hasparts>9</hasparts><ispartof /></parts><date>15-05-21 14:33:16:863</date><id>8</id><type>bounding_box</type><polygon><username>anonymous</username><pt><x>3511</x><y>1687</y><time>15-05-21 14:33:05:376</time></pt><pt><x>2220</x><y>1687</y><time>15-05-21 14:33:09:662</time></pt><pt><x>2220</x><y>3104</y><time>undefined</time></pt><pt><x>3511</x><y>3104</y><time>undefined</time></pt><closed_date>15-05-21 14:33:09:662</closed_date></polygon></object><object><name>restoration</name><deleted>0</deleted><verified>0</verified><occluded>no</occluded><attributes /><parts><hasparts /><ispartof>8</ispartof></parts><date>15-05-21 14:34:02:167</date><id>9</id><polygon><username>anonymous</username><pt><x>2352</x><y>2054</y><time>15-05-21 14:33:38:681</time></pt><pt><x>2438</x><y>2037</y><time>15-05-21 14:33:39:374</time></pt><pt><x>2536</x><y>1985</y><time>15-05-21 14:33:39:822</time></pt><pt><x>2553</x><y>1945</y><time>15-05-21 14:33:40:263</time></pt><pt><x>2559</x><y>1899</y><time>15-05-21 14:33:40:741</time></pt><pt><x>2484</x><y>1802</y><time>15-05-21 14:33:43:043</time></pt><pt><x>2444</x><y>1784</y><time>15-05-21 14:33:45:936</time></pt><pt><x>2387</x><y>1813</y><time>15-05-21 14:33:46:576</time></pt><pt><x>2387</x><y>1813</y><time>15-05-21 14:33:47:179</time></pt><pt><x>2370</x><y>1825</y><time>15-05-21 14:33:47:712</time></pt><pt><x>2341</x><y>1842</y><time>15-05-21 14:33:48:114</time></pt><pt><x>2324</x><y>1865</y><time>15-05-21 14:33:48:439</time></pt><pt><x>2312</x><y>1876</y><time>15-05-21 14:33:48:693</time></pt><pt><x>2301</x><y>1905</y><time>15-05-21 14:33:48:903</time></pt><pt><x>2295</x><y>1922</y><time>15-05-21 14:33:49:166</time></pt><pt><x>2295</x><y>1928</y><time>15-05-21 14:33:49:406</time></pt><closed_date>15-05-21 14:33:55:280</closed_date></polygon></object><object><name>tooth</name><deleted>0</deleted><verified>0</verified><occluded>no</occluded><attributes>45</attributes><parts><hasparts /><ispartof /></parts><date>15-05-21 14:34:13:970</date><id>10</id><type>bounding_box</type><polygon><username>anonymous</username><pt><x>3425</x><y>1716</y><time>15-05-21 14:34:06:639</time></pt><pt><x>4085</x><y>1716</y><time>15-05-21 14:34:09:858</time></pt><pt><x>4085</x><y>3098</y><time>undefined</time></pt><pt><x>3425</x><y>3098</y><time>undefined</time></pt><closed_date>15-05-21 14:34:09:859</closed_date></polygon></object><imagesize><nrows /><ncols /></imagesize></annotation>