<?xml version='1.0' encoding='UTF-8'?>
<annotation><filename>imagem-063.jpg</filename><folder>segmentation_xray</folder><source><sourceImage>The MIT-CSAIL database of objects and scenes</sourceImage><sourceAnnotation>LabelMe Webtool</sourceAnnotation></source><object><name>tooth</name><deleted>0</deleted><verified>0</verified><occluded>no</occluded><attributes>23</attributes><parts><hasparts /><ispartof>12</ispartof></parts><date>24-05-21 11:53:12:106</date><id>0</id><type>bounding_box</type><polygon><username>anonymous</username><pt><x>53</x><y>430</y><time>24-05-21 11:52:57:099</time></pt><pt><x>313</x><y>430</y><time>24-05-21 11:53:04:459</time></pt><pt><x>313</x><y>5</y><time>undefined</time></pt><pt><x>53</x><y>5</y><time>undefined</time></pt><closed_date>24-05-21 11:53:04:459</closed_date></polygon></object><object><name>tooth</name><deleted>0</deleted><verified>0</verified><occluded>no</occluded><attributes>24</attributes><parts><hasparts /><ispartof>12</ispartof></parts><date>24-05-21 11:53:32:669</date><id>1</id><type>bounding_box</type><polygon><username>anonymous</username><pt><x>542</x><y>449</y><time>24-05-21 11:53:21:305</time></pt><pt><x>298</x><y>449</y><time>24-05-21 11:53:26:379</time></pt><pt><x>298</x><y>2</y><time>undefined</time></pt><pt><x>542</x><y>2</y><time>undefined</time></pt><closed_date>24-05-21 11:53:26:379</closed_date></polygon></object><object><name>tooth</name><deleted>0</deleted><verified>0</verified><occluded>no</occluded><attributes>25</attributes><parts><hasparts>11</hasparts><ispartof>12</ispartof></parts><date>24-05-21 11:53:56:854</date><id>2</id><type>bounding_box</type><polygon><username>anonymous</username><pt><x>520</x><y>466</y><time>24-05-21 11:53:40:952</time></pt><pt><x>761</x><y>466</y><time>24-05-21 11:53:49:227</time></pt><pt><x>761</x><y>2</y><time>undefined</time></pt><pt><x>520</x><y>2</y><time>undefined</time></pt><closed_date>24-05-21 11:53:49:227</closed_date></polygon></object><object><name>tooth</name><deleted>0</deleted><verified>0</verified><occluded>no</occluded><attributes>26</attributes><parts><hasparts>8</hasparts><ispartof /></parts><date>24-05-21 11:54:24:412</date><id>3</id><type>bounding_box</type><polygon><username>anonymous</username><pt><x>718</x><y>543</y><time>24-05-21 11:54:13:145</time></pt><pt><x>1083</x><y>543</y><time>24-05-21 11:54:17:859</time></pt><pt><x>1083</x><y>3</y><time>undefined</time></pt><pt><x>718</x><y>3</y><time>undefined</time></pt><closed_date>24-05-21 11:54:17:859</closed_date></polygon></object><object><name>tooth</name><deleted>0</deleted><verified>0</verified><occluded>no</occluded><attributes>27</attributes><parts><hasparts /><ispartof /></parts><date>24-05-21 11:55:32:779</date><id>4</id><type>bounding_box</type><polygon><username>anonymous</username><pt><x>1213</x><y>517</y><time>24-05-21 11:55:16:530</time></pt><pt><x>1018</x><y>517</y><time>24-05-21 11:55:24:738</time></pt><pt><x>1018</x><y>2</y><time>undefined</time></pt><pt><x>1213</x><y>2</y><time>undefined</time></pt><closed_date>24-05-21 11:55:24:738</closed_date></polygon></object><object><name>tooth</name><deleted>0</deleted><verified>0</verified><occluded>no</occluded><attributes>33</attributes><parts><hasparts /><ispartof /></parts><date>24-05-21 11:55:56:406</date><id>5</id><type>bounding_box</type><polygon><username>anonymous</username><pt><x>95</x><y>497</y><time>24-05-21 11:55:45:346</time></pt><pt><x>331</x><y>497</y><time>24-05-21 11:55:51:091</time></pt><pt><x>331</x><y>948</y><time>undefined</time></pt><pt><x>95</x><y>948</y><time>undefined</time></pt><closed_date>24-05-21 11:55:51:091</closed_date></polygon></object><object><name>tooth</name><deleted>0</deleted><verified>0</verified><occluded>no</occluded><attributes>34</attributes><parts><hasparts /><ispartof /></parts><date>24-05-21 11:56:19:190</date><id>6</id><type>bounding_box</type><polygon><username>anonymous</username><pt><x>338</x><y>545</y><time>24-05-21 11:56:07:277</time></pt><pt><x>570</x><y>545</y><time>24-05-21 11:56:12:476</time></pt><pt><x>570</x><y>948</y><time>undefined</time></pt><pt><x>338</x><y>948</y><time>undefined</time></pt><closed_date>24-05-21 11:56:12:476</closed_date></polygon></object><object><name>tooth</name><deleted>0</deleted><verified>0</verified><occluded>no</occluded><attributes>35</attributes><parts><hasparts>10,9</hasparts><ispartof /></parts><date>24-05-21 11:57:08:549</date><id>7</id><type>bounding_box</type><polygon><username>anonymous</username><pt><x>779</x><y>571</y><time>24-05-21 11:56:48:539</time></pt><pt><x>553</x><y>571</y><time>24-05-21 11:57:00:956</time></pt><pt><x>553</x><y>945</y><time>undefined</time></pt><pt><x>779</x><y>945</y><time>undefined</time></pt><closed_date>24-05-21 11:57:00:956</closed_date></polygon></object><object><name>restoration</name><deleted>0</deleted><verified>0</verified><occluded>no</occluded><attributes /><parts><hasparts /><ispartof>3</ispartof></parts><date>24-05-21 11:58:56:597</date><id>8</id><polygon><username>anonymous</username><pt><x>989</x><y>488</y><time>24-05-21 11:58:03:298</time></pt><pt><x>985</x><y>475</y><time>24-05-21 11:58:04:594</time></pt><pt><x>984</x><y>467</y><time>24-05-21 11:58:06:442</time></pt><pt><x>989</x><y>456</y><time>24-05-21 11:58:07:251</time></pt><pt><x>993</x><y>449</y><time>24-05-21 11:58:07:803</time></pt><pt><x>993</x><y>443</y><time>24-05-21 11:58:08:611</time></pt><pt><x>992</x><y>436</y><time>24-05-21 11:58:09:283</time></pt><pt><x>991</x><y>429</y><time>24-05-21 11:58:11:034</time></pt><pt><x>987</x><y>424</y><time>24-05-21 11:58:11:571</time></pt><pt><x>981</x><y>421</y><time>24-05-21 11:58:12:372</time></pt><pt><x>976</x><y>418</y><time>24-05-21 11:58:12:804</time></pt><pt><x>968</x><y>417</y><time>24-05-21 11:58:13:211</time></pt><pt><x>961</x><y>414</y><time>24-05-21 11:58:13:636</time></pt><pt><x>956</x><y>414</y><time>24-05-21 11:58:14:100</time></pt><pt><x>948</x><y>411</y><time>24-05-21 11:58:14:635</time></pt><pt><x>946</x><y>411</y><time>24-05-21 11:58:15:066</time></pt><pt><x>936</x><y>412</y><time>24-05-21 11:58:15:531</time></pt><pt><x>932</x><y>416</y><time>24-05-21 11:58:15:995</time></pt><pt><x>926</x><y>418</y><time>24-05-21 11:58:16:627</time></pt><pt><x>920</x><y>421</y><time>24-05-21 11:58:17:139</time></pt><pt><x>907</x><y>423</y><time>24-05-21 11:58:19:595</time></pt><pt><x>896</x><y>422</y><time>24-05-21 11:58:20:075</time></pt><pt><x>884</x><y>421</y><time>24-05-21 11:58:20:747</time></pt><pt><x>877</x><y>422</y><time>24-05-21 11:58:21:211</time></pt><pt><x>866</x><y>420</y><time>24-05-21 11:58:22:499</time></pt><pt><x>852</x><y>419</y><time>24-05-21 11:58:23:724</time></pt><pt><x>848</x><y>414</y><time>24-05-21 11:58:24:163</time></pt><pt><x>828</x><y>410</y><time>24-05-21 11:58:25:722</time></pt><pt><x>817</x><y>406</y><time>24-05-21 11:58:26:243</time></pt><pt><x>812</x><y>405</y><time>24-05-21 11:58:26:651</time></pt><pt><x>811</x><y>401</y><time>24-05-21 11:58:27:178</time></pt><pt><x>809</x><y>393</y><time>24-05-21 11:58:28:050</time></pt><pt><x>809</x><y>388</y><time>24-05-21 11:58:28:995</time></pt><pt><x>809</x><y>381</y><time>24-05-21 11:58:29:411</time></pt><pt><x>804</x><y>377</y><time>24-05-21 11:58:29:787</time></pt><pt><x>802</x><y>375</y><time>24-05-21 11:58:30:122</time></pt><pt><x>796</x><y>372</y><time>24-05-21 11:58:30:659</time></pt><pt><x>779</x><y>372</y><time>24-05-21 11:58:31:268</time></pt><pt><x>773</x><y>368</y><time>24-05-21 11:58:31:907</time></pt><pt><x>766</x><y>368</y><time>24-05-21 11:58:32:347</time></pt><pt><x>760</x><y>365</y><time>24-05-21 11:58:32:683</time></pt><pt><x>755</x><y>365</y><time>24-05-21 11:58:33:034</time></pt><pt><x>745</x><y>364</y><time>24-05-21 11:58:33:506</time></pt><pt><x>737</x><y>364</y><time>24-05-21 11:58:33:908</time></pt><pt><x>726</x><y>364</y><time>24-05-21 11:58:34:275</time></pt><pt><x>721</x><y>366</y><time>24-05-21 11:58:34:579</time></pt><pt><x>719</x><y>370</y><time>24-05-21 11:58:35:131</time></pt><pt><x>720</x><y>410</y><time>24-05-21 11:58:36:746</time></pt><pt><x>719</x><y>423</y><time>24-05-21 11:58:37:227</time></pt><pt><x>729</x><y>433</y><time>24-05-21 11:58:37:708</time></pt><pt><x>733</x><y>440</y><time>24-05-21 11:58:38:091</time></pt><pt><x>742</x><y>450</y><time>24-05-21 11:58:38:587</time></pt><pt><x>749</x><y>455</y><time>24-05-21 11:58:38:875</time></pt><pt><x>758</x><y>460</y><time>24-05-21 11:58:39:203</time></pt><pt><x>773</x><y>466</y><time>24-05-21 11:58:39:883</time></pt><pt><x>789</x><y>469</y><time>24-05-21 11:58:40:331</time></pt><pt><x>812</x><y>475</y><time>24-05-21 11:58:40:907</time></pt><pt><x>820</x><y>475</y><time>24-05-21 11:58:41:506</time></pt><pt><x>823</x><y>473</y><time>24-05-21 11:58:42:019</time></pt><pt><x>837</x><y>480</y><time>24-05-21 11:58:42:523</time></pt><pt><x>848</x><y>484</y><time>24-05-21 11:58:42:827</time></pt><pt><x>852</x><y>486</y><time>24-05-21 11:58:43:331</time></pt><pt><x>871</x><y>485</y><time>24-05-21 11:58:44:084</time></pt><pt><x>873</x><y>485</y><time>24-05-21 11:58:44:507</time></pt><pt><x>883</x><y>491</y><time>24-05-21 11:58:45:195</time></pt><pt><x>894</x><y>486</y><time>24-05-21 11:58:45:891</time></pt><pt><x>903</x><y>485</y><time>24-05-21 11:58:46:499</time></pt><pt><x>909</x><y>485</y><time>24-05-21 11:58:47:082</time></pt><pt><x>920</x><y>486</y><time>24-05-21 11:58:47:571</time></pt><pt><x>922</x><y>488</y><time>24-05-21 11:58:47:882</time></pt><pt><x>933</x><y>493</y><time>24-05-21 11:58:48:516</time></pt><pt><x>940</x><y>499</y><time>24-05-21 11:58:49:299</time></pt><pt><x>948</x><y>499</y><time>24-05-21 11:58:49:707</time></pt><pt><x>958</x><y>497</y><time>24-05-21 11:58:50:187</time></pt><pt><x>970</x><y>499</y><time>24-05-21 11:58:50:874</time></pt><pt><x>982</x><y>497</y><time>24-05-21 11:58:51:419</time></pt><closed_date>24-05-21 11:58:51:699</closed_date></polygon></object><object><name>restoration</name><deleted>0</deleted><verified>0</verified><occluded>no</occluded><attributes /><parts><hasparts /><ispartof>7</ispartof></parts><date>24-05-21 11:59:29:847</date><id>9</id><polygon><username>anonymous</username><pt><x>586</x><y>633</y><time>24-05-21 11:59:03:905</time></pt><pt><x>581</x><y>618</y><time>24-05-21 11:59:05:004</time></pt><pt><x>584</x><y>611</y><time>24-05-21 11:59:05:498</time></pt><pt><x>589</x><y>609</y><time>24-05-21 11:59:06:091</time></pt><pt><x>595</x><y>607</y><time>24-05-21 11:59:06:395</time></pt><pt><x>604</x><y>605</y><time>24-05-21 11:59:06:684</time></pt><pt><x>614</x><y>605</y><time>24-05-21 11:59:06:979</time></pt><pt><x>619</x><y>606</y><time>24-05-21 11:59:07:242</time></pt><pt><x>622</x><y>606</y><time>24-05-21 11:59:07:499</time></pt><pt><x>628</x><y>608</y><time>24-05-21 11:59:07:827</time></pt><pt><x>633</x><y>608</y><time>24-05-21 11:59:08:100</time></pt><pt><x>642</x><y>607</y><time>24-05-21 11:59:08:370</time></pt><pt><x>644</x><y>605</y><time>24-05-21 11:59:08:628</time></pt><pt><x>653</x><y>604</y><time>24-05-21 11:59:08:914</time></pt><pt><x>655</x><y>601</y><time>24-05-21 11:59:09:170</time></pt><pt><x>658</x><y>599</y><time>24-05-21 11:59:09:443</time></pt><pt><x>660</x><y>596</y><time>24-05-21 11:59:09:691</time></pt><pt><x>665</x><y>594</y><time>24-05-21 11:59:09:939</time></pt><pt><x>671</x><y>592</y><time>24-05-21 11:59:10:218</time></pt><pt><x>679</x><y>590</y><time>24-05-21 11:59:10:459</time></pt><pt><x>686</x><y>589</y><time>24-05-21 11:59:10:730</time></pt><pt><x>695</x><y>587</y><time>24-05-21 11:59:10:979</time></pt><pt><x>705</x><y>586</y><time>24-05-21 11:59:11:236</time></pt><pt><x>714</x><y>586</y><time>24-05-21 11:59:11:466</time></pt><pt><x>719</x><y>589</y><time>24-05-21 11:59:11:714</time></pt><pt><x>726</x><y>594</y><time>24-05-21 11:59:12:131</time></pt><pt><x>733</x><y>600</y><time>24-05-21 11:59:12:723</time></pt><pt><x>733</x><y>606</y><time>24-05-21 11:59:13:067</time></pt><pt><x>732</x><y>614</y><time>24-05-21 11:59:13:331</time></pt><pt><x>730</x><y>617</y><time>24-05-21 11:59:13:627</time></pt><pt><x>726</x><y>625</y><time>24-05-21 11:59:14:307</time></pt><pt><x>724</x><y>629</y><time>24-05-21 11:59:14:643</time></pt><pt><x>720</x><y>632</y><time>24-05-21 11:59:15:044</time></pt><pt><x>713</x><y>635</y><time>24-05-21 11:59:15:379</time></pt><pt><x>710</x><y>635</y><time>24-05-21 11:59:15:690</time></pt><pt><x>697</x><y>639</y><time>24-05-21 11:59:16:243</time></pt><pt><x>684</x><y>639</y><time>24-05-21 11:59:17:195</time></pt><pt><x>679</x><y>639</y><time>24-05-21 11:59:17:538</time></pt><pt><x>676</x><y>637</y><time>24-05-21 11:59:17:859</time></pt><pt><x>672</x><y>634</y><time>24-05-21 11:59:18:186</time></pt><pt><x>669</x><y>633</y><time>24-05-21 11:59:18:523</time></pt><pt><x>666</x><y>632</y><time>24-05-21 11:59:18:987</time></pt><pt><x>663</x><y>630</y><time>24-05-21 11:59:19:299</time></pt><pt><x>659</x><y>627</y><time>24-05-21 11:59:19:555</time></pt><pt><x>658</x><y>624</y><time>24-05-21 11:59:19:915</time></pt><pt><x>658</x><y>624</y><time>24-05-21 11:59:20:219</time></pt><pt><x>655</x><y>624</y><time>24-05-21 11:59:20:730</time></pt><pt><x>650</x><y>629</y><time>24-05-21 11:59:21:378</time></pt><pt><x>648</x><y>633</y><time>24-05-21 11:59:21:667</time></pt><pt><x>641</x><y>639</y><time>24-05-21 11:59:21:954</time></pt><pt><x>635</x><y>641</y><time>24-05-21 11:59:22:259</time></pt><pt><x>628</x><y>645</y><time>24-05-21 11:59:22:691</time></pt><pt><x>616</x><y>645</y><time>24-05-21 11:59:23:171</time></pt><pt><x>616</x><y>645</y><time>24-05-21 11:59:23:474</time></pt><pt><x>605</x><y>645</y><time>24-05-21 11:59:23:866</time></pt><pt><x>599</x><y>645</y><time>24-05-21 11:59:24:204</time></pt><pt><x>593</x><y>645</y><time>24-05-21 11:59:24:579</time></pt><pt><x>592</x><y>644</y><time>24-05-21 11:59:24:915</time></pt><closed_date>24-05-21 11:59:25:204</closed_date></polygon></object><object><name>restoration</name><deleted>0</deleted><verified>0</verified><occluded>no</occluded><attributes /><parts><hasparts /><ispartof>7</ispartof></parts><date>24-05-21 12:00:12:678</date><id>10</id><polygon><username>anonymous</username><pt><x>746</x><y>663</y><time>24-05-21 11:59:52:459</time></pt><pt><x>727</x><y>631</y><time>24-05-21 11:59:54:427</time></pt><pt><x>727</x><y>628</y><time>24-05-21 11:59:55:075</time></pt><pt><x>727</x><y>625</y><time>24-05-21 11:59:55:411</time></pt><pt><x>730</x><y>618</y><time>24-05-21 11:59:55:683</time></pt><pt><x>731</x><y>615</y><time>24-05-21 11:59:55:939</time></pt><pt><x>737</x><y>612</y><time>24-05-21 11:59:56:572</time></pt><pt><x>739</x><y>611</y><time>24-05-21 11:59:57:362</time></pt><pt><x>742</x><y>609</y><time>24-05-21 11:59:57:643</time></pt><pt><x>749</x><y>608</y><time>24-05-21 11:59:58:187</time></pt><pt><x>755</x><y>611</y><time>24-05-21 11:59:58:507</time></pt><pt><x>760</x><y>615</y><time>24-05-21 11:59:58:884</time></pt><pt><x>769</x><y>622</y><time>24-05-21 11:59:59:611</time></pt><pt><x>772</x><y>627</y><time>24-05-21 12:00:00:050</time></pt><pt><x>773</x><y>633</y><time>24-05-21 12:00:00:506</time></pt><pt><x>772</x><y>641</y><time>24-05-21 12:00:00:923</time></pt><pt><x>775</x><y>650</y><time>24-05-21 12:00:01:618</time></pt><pt><x>775</x><y>656</y><time>24-05-21 12:00:02:002</time></pt><pt><x>774</x><y>661</y><time>24-05-21 12:00:02:339</time></pt><pt><x>771</x><y>670</y><time>24-05-21 12:00:03:579</time></pt><pt><x>770</x><y>670</y><time>24-05-21 12:00:03:907</time></pt><pt><x>764</x><y>670</y><time>24-05-21 12:00:04:212</time></pt><pt><x>762</x><y>670</y><time>24-05-21 12:00:04:499</time></pt><pt><x>761</x><y>670</y><time>24-05-21 12:00:04:883</time></pt><pt><x>757</x><y>668</y><time>24-05-21 12:00:05:435</time></pt><pt><x>756</x><y>666</y><time>24-05-21 12:00:05:763</time></pt><closed_date>24-05-21 12:00:06:386</closed_date></polygon></object><imagesize><nrows /><ncols /></imagesize><object><name>restoration</name><deleted>0</deleted><verified>0</verified><occluded>no</occluded><attributes /><parts><hasparts /><ispartof>2</ispartof></parts><date>16-02-22 14:44:05:218</date><id>11</id><polygon><username>anonymous</username><pt><x>561</x><y>302</y><time>16-02-22 14:43:54:992</time></pt><pt><x>586</x><y>312</y><time>16-02-22 14:43:55:407</time></pt><pt><x>591</x><y>364</y><time>16-02-22 14:43:55:863</time></pt><pt><x>594</x><y>382</y><time>16-02-22 14:43:56:167</time></pt><pt><x>614</x><y>387</y><time>16-02-22 14:43:56:415</time></pt><pt><x>641</x><y>371</y><time>16-02-22 14:43:56:711</time></pt><pt><x>658</x><y>376</y><time>16-02-22 14:43:56:951</time></pt><pt><x>693</x><y>386</y><time>16-02-22 14:43:57:210</time></pt><pt><x>710</x><y>397</y><time>16-02-22 14:43:57:592</time></pt><pt><x>666</x><y>421</y><time>16-02-22 14:43:58:007</time></pt><pt><x>633</x><y>439</y><time>16-02-22 14:43:58:311</time></pt><pt><x>593</x><y>444</y><time>16-02-22 14:43:58:551</time></pt><pt><x>588</x><y>427</y><time>16-02-22 14:43:58:847</time></pt><pt><x>576</x><y>411</y><time>16-02-22 14:43:59:047</time></pt><pt><x>544</x><y>396</y><time>16-02-22 14:43:59:407</time></pt><pt><x>534</x><y>376</y><time>16-02-22 14:43:59:919</time></pt><pt><x>523</x><y>386</y><time>16-02-22 14:44:02:271</time></pt><pt><x>524</x><y>344</y><time>16-02-22 14:44:02:607</time></pt><pt><x>536</x><y>314</y><time>16-02-22 14:44:02:912</time></pt><pt><x>548</x><y>304</y><time>16-02-22 14:44:03:152</time></pt><closed_date>16-02-22 14:44:03:424</closed_date></polygon></object></annotation>