<?xml version='1.0' encoding='UTF-8'?>
<annotation><filename>imagem-117.jpg</filename><folder>segmentation_xray</folder><source><sourceImage>The MIT-CSAIL database of objects and scenes</sourceImage><sourceAnnotation>LabelMe Webtool</sourceAnnotation></source><object><name>tooth</name><deleted>0</deleted><verified>0</verified><occluded>no</occluded><attributes>27</attributes><parts><hasparts /><ispartof /></parts><date>10-02-22 11:43:30:451</date><id>0</id><type>bounding_box</type><polygon><username>anonymous</username><pt><x>1514</x><y>531</y><time>10-02-22 11:43:18:236</time></pt><pt><x>1136</x><y>531</y><time>10-02-22 11:43:20:933</time></pt><pt><x>1136</x><y>9</y><time>undefined</time></pt><pt><x>1514</x><y>9</y><time>undefined</time></pt><closed_date>10-02-22 11:43:20:934</closed_date></polygon></object><object><name>tooth</name><deleted>0</deleted><verified>0</verified><occluded>no</occluded><attributes>26</attributes><parts><hasparts>10</hasparts><ispartof /></parts><date>10-02-22 11:43:37:508</date><id>1</id><type>bounding_box</type><polygon><username>anonymous</username><pt><x>685</x><y>579</y><time>10-02-22 11:43:32:247</time></pt><pt><x>1168</x><y>579</y><time>10-02-22 11:43:34:134</time></pt><pt><x>1168</x><y>15</y><time>undefined</time></pt><pt><x>685</x><y>15</y><time>undefined</time></pt><closed_date>10-02-22 11:43:34:134</closed_date></polygon></object><object><name>tooth</name><deleted>0</deleted><verified>0</verified><occluded>no</occluded><attributes>25</attributes><parts><hasparts /><ispartof /></parts><date>10-02-22 11:43:44:362</date><id>2</id><type>bounding_box</type><polygon><username>anonymous</username><pt><x>672</x><y>570</y><time>10-02-22 11:43:38:983</time></pt><pt><x>394</x><y>570</y><time>10-02-22 11:43:41:382</time></pt><pt><x>394</x><y>4</y><time>undefined</time></pt><pt><x>672</x><y>4</y><time>undefined</time></pt><closed_date>10-02-22 11:43:41:382</closed_date></polygon></object><object><name>tooth</name><deleted>0</deleted><verified>0</verified><occluded>no</occluded><attributes>24</attributes><parts><hasparts>14</hasparts><ispartof /></parts><date>10-02-22 11:46:47:181</date><id>3</id><type>bounding_box</type><polygon><username>anonymous</username><pt><x>126</x><y>590</y><time>10-02-22 11:46:38:483</time></pt><pt><x>450</x><y>590</y><time>10-02-22 11:46:40:293</time></pt><pt><x>450</x><y>4</y><time>undefined</time></pt><pt><x>126</x><y>4</y><time>undefined</time></pt><closed_date>10-02-22 11:46:40:293</closed_date></polygon></object><object><name>tooth</name><deleted>0</deleted><verified>0</verified><occluded>no</occluded><attributes>23</attributes><parts><hasparts /><ispartof /></parts><date>10-02-22 11:46:54:764</date><id>4</id><type>bounding_box</type><polygon><username>anonymous</username><pt><x>4</x><y>555</y><time>10-02-22 11:46:48:016</time></pt><pt><x>185</x><y>555</y><time>10-02-22 11:46:50:725</time></pt><pt><x>185</x><y>30</y><time>undefined</time></pt><pt><x>4</x><y>30</y><time>undefined</time></pt><closed_date>10-02-22 11:46:50:726</closed_date></polygon></object><object><name>tooth</name><deleted>0</deleted><verified>0</verified><occluded>no</occluded><attributes>37</attributes><parts><hasparts>13</hasparts><ispartof /></parts><date>10-02-22 11:47:06:381</date><id>5</id><type>bounding_box</type><polygon><username>anonymous</username><pt><x>1503</x><y>1231</y><time>10-02-22 11:46:58:927</time></pt><pt><x>1012</x><y>1231</y><time>10-02-22 11:47:00:661</time></pt><pt><x>1012</x><y>592</y><time>undefined</time></pt><pt><x>1503</x><y>592</y><time>undefined</time></pt><closed_date>10-02-22 11:47:00:661</closed_date></polygon></object><object><name>tooth</name><deleted>0</deleted><verified>0</verified><occluded>no</occluded><attributes>36</attributes><parts><hasparts>11</hasparts><ispartof /></parts><date>10-02-22 11:47:12:850</date><id>6</id><type>bounding_box</type><polygon><username>anonymous</username><pt><x>592</x><y>637</y><time>10-02-22 11:47:07:399</time></pt><pt><x>1073</x><y>637</y><time>10-02-22 11:47:08:998</time></pt><pt><x>1073</x><y>1236</y><time>undefined</time></pt><pt><x>592</x><y>1236</y><time>undefined</time></pt><closed_date>10-02-22 11:47:08:998</closed_date></polygon></object><object><name>tooth</name><deleted>0</deleted><verified>0</verified><occluded>no</occluded><attributes>35</attributes><parts><hasparts>12</hasparts><ispartof /></parts><date>10-02-22 11:47:19:218</date><id>7</id><type>bounding_box</type><polygon><username>anonymous</username><pt><x>294</x><y>642</y><time>10-02-22 11:47:13:575</time></pt><pt><x>596</x><y>642</y><time>10-02-22 11:47:15:038</time></pt><pt><x>596</x><y>1234</y><time>undefined</time></pt><pt><x>294</x><y>1234</y><time>undefined</time></pt><closed_date>10-02-22 11:47:15:038</closed_date></polygon></object><object><name>tooth</name><deleted>0</deleted><verified>0</verified><occluded>no</occluded><attributes>34</attributes><parts><hasparts /><ispartof /></parts><date>10-02-22 11:47:28:084</date><id>8</id><type>bounding_box</type><polygon><username>anonymous</username><pt><x>9</x><y>635</y><time>10-02-22 11:47:19:918</time></pt><pt><x>305</x><y>635</y><time>10-02-22 11:47:22:509</time></pt><pt><x>305</x><y>1234</y><time>undefined</time></pt><pt><x>9</x><y>1234</y><time>undefined</time></pt><closed_date>10-02-22 11:47:22:509</closed_date></polygon></object><object><name>tooth</name><deleted>0</deleted><verified>0</verified><occluded>no</occluded><attributes>33</attributes><parts><hasparts /><ispartof /></parts><date>10-02-22 11:47:38:669</date><id>9</id><type>bounding_box</type><polygon><username>anonymous</username><pt><x>20</x><y>670</y><time>10-02-22 11:47:32:519</time></pt><pt><x>246</x><y>670</y><time>10-02-22 11:47:35:190</time></pt><pt><x>246</x><y>1225</y><time>undefined</time></pt><pt><x>20</x><y>1225</y><time>undefined</time></pt><closed_date>10-02-22 11:47:35:190</closed_date></polygon></object><object><name>restoration</name><deleted>0</deleted><verified>0</verified><occluded>no</occluded><attributes /><parts><hasparts /><ispartof>1</ispartof></parts><date>10-02-22 11:47:50:327</date><id>10</id><polygon><username>anonymous</username><pt><x>833</x><y>455</y><time>10-02-22 11:47:41:030</time></pt><pt><x>851</x><y>413</y><time>10-02-22 11:47:41:436</time></pt><pt><x>877</x><y>400</y><time>10-02-22 11:47:41:828</time></pt><pt><x>907</x><y>398</y><time>10-02-22 11:47:42:180</time></pt><pt><x>940</x><y>403</y><time>10-02-22 11:47:42:492</time></pt><pt><x>951</x><y>422</y><time>10-02-22 11:47:42:741</time></pt><pt><x>953</x><y>450</y><time>10-02-22 11:47:43:036</time></pt><pt><x>953</x><y>470</y><time>10-02-22 11:47:43:292</time></pt><pt><x>966</x><y>483</y><time>10-02-22 11:47:44:156</time></pt><pt><x>990</x><y>479</y><time>10-02-22 11:47:44:492</time></pt><pt><x>1018</x><y>461</y><time>10-02-22 11:47:44:844</time></pt><pt><x>1049</x><y>453</y><time>10-02-22 11:47:45:172</time></pt><pt><x>1081</x><y>455</y><time>10-02-22 11:47:45:444</time></pt><pt><x>1094</x><y>492</y><time>10-02-22 11:47:45:823</time></pt><pt><x>1081</x><y>511</y><time>10-02-22 11:47:46:131</time></pt><pt><x>1023</x><y>518</y><time>10-02-22 11:47:46:444</time></pt><pt><x>986</x><y>522</y><time>10-02-22 11:47:46:692</time></pt><pt><x>962</x><y>524</y><time>10-02-22 11:47:47:005</time></pt><pt><x>931</x><y>500</y><time>10-02-22 11:47:47:340</time></pt><pt><x>909</x><y>479</y><time>10-02-22 11:47:47:596</time></pt><pt><x>866</x><y>459</y><time>10-02-22 11:47:47:812</time></pt><closed_date>10-02-22 11:47:48:012</closed_date></polygon></object><object><name>restoration</name><deleted>0</deleted><verified>0</verified><occluded>no</occluded><attributes /><parts><hasparts /><ispartof>6</ispartof></parts><date>10-02-22 11:48:10:170</date><id>11</id><polygon><username>anonymous</username><pt><x>731</x><y>718</y><time>10-02-22 11:47:57:199</time></pt><pt><x>722</x><y>748</y><time>10-02-22 11:47:57:555</time></pt><pt><x>744</x><y>785</y><time>10-02-22 11:48:00:292</time></pt><pt><x>766</x><y>798</y><time>10-02-22 11:48:00:700</time></pt><pt><x>822</x><y>805</y><time>10-02-22 11:48:01:069</time></pt><pt><x>864</x><y>803</y><time>10-02-22 11:48:01:444</time></pt><pt><x>870</x><y>770</y><time>10-02-22 11:48:01:892</time></pt><pt><x>870</x><y>762</y><time>10-02-22 11:48:02:284</time></pt><pt><x>896</x><y>755</y><time>10-02-22 11:48:02:572</time></pt><pt><x>933</x><y>751</y><time>10-02-22 11:48:02:789</time></pt><pt><x>940</x><y>785</y><time>10-02-22 11:48:03:108</time></pt><pt><x>940</x><y>809</y><time>10-02-22 11:48:03:356</time></pt><pt><x>949</x><y>822</y><time>10-02-22 11:48:03:564</time></pt><pt><x>964</x><y>831</y><time>10-02-22 11:48:03:837</time></pt><pt><x>990</x><y>840</y><time>10-02-22 11:48:04:140</time></pt><pt><x>1012</x><y>840</y><time>10-02-22 11:48:04:677</time></pt><pt><x>1036</x><y>801</y><time>10-02-22 11:48:05:060</time></pt><pt><x>1029</x><y>746</y><time>10-02-22 11:48:05:404</time></pt><pt><x>1023</x><y>722</y><time>10-02-22 11:48:05:652</time></pt><pt><x>992</x><y>688</y><time>10-02-22 11:48:05:935</time></pt><pt><x>973</x><y>664</y><time>10-02-22 11:48:06:199</time></pt><pt><x>916</x><y>659</y><time>10-02-22 11:48:06:439</time></pt><pt><x>875</x><y>679</y><time>10-02-22 11:48:06:685</time></pt><pt><x>862</x><y>696</y><time>10-02-22 11:48:06:924</time></pt><pt><x>827</x><y>703</y><time>10-02-22 11:48:07:156</time></pt><pt><x>777</x><y>703</y><time>10-02-22 11:48:07:382</time></pt><closed_date>10-02-22 11:48:07:631</closed_date></polygon></object><object><name>restoration</name><deleted>0</deleted><verified>0</verified><occluded>no</occluded><attributes /><parts><hasparts /><ispartof>7</ispartof></parts><date>10-02-22 11:48:19:017</date><id>12</id><polygon><username>anonymous</username><pt><x>315</x><y>751</y><time>10-02-22 11:48:11:333</time></pt><pt><x>361</x><y>775</y><time>10-02-22 11:48:11:867</time></pt><pt><x>389</x><y>775</y><time>10-02-22 11:48:12:235</time></pt><pt><x>396</x><y>744</y><time>10-02-22 11:48:12:572</time></pt><pt><x>426</x><y>738</y><time>10-02-22 11:48:12:948</time></pt><pt><x>455</x><y>742</y><time>10-02-22 11:48:13:236</time></pt><pt><x>470</x><y>751</y><time>10-02-22 11:48:13:447</time></pt><pt><x>537</x><y>729</y><time>10-02-22 11:48:13:949</time></pt><pt><x>542</x><y>694</y><time>10-02-22 11:48:14:468</time></pt><pt><x>511</x><y>694</y><time>10-02-22 11:48:14:845</time></pt><pt><x>481</x><y>703</y><time>10-02-22 11:48:15:068</time></pt><pt><x>453</x><y>703</y><time>10-02-22 11:48:15:396</time></pt><pt><x>422</x><y>692</y><time>10-02-22 11:48:15:765</time></pt><pt><x>383</x><y>685</y><time>10-02-22 11:48:16:061</time></pt><pt><x>352</x><y>692</y><time>10-02-22 11:48:16:356</time></pt><pt><x>335</x><y>709</y><time>10-02-22 11:48:16:621</time></pt><pt><x>329</x><y>733</y><time>10-02-22 11:48:16:845</time></pt><closed_date>10-02-22 11:48:17:245</closed_date></polygon></object><object><name>restoration</name><deleted>0</deleted><verified>0</verified><occluded>no</occluded><attributes /><parts><hasparts /><ispartof>5</ispartof></parts><date>10-02-22 11:48:36:953</date><id>13</id><polygon><username>anonymous</username><pt><x>1051</x><y>812</y><time>10-02-22 11:48:23:047</time></pt><pt><x>1077</x><y>814</y><time>10-02-22 11:48:23:486</time></pt><pt><x>1107</x><y>801</y><time>10-02-22 11:48:23:853</time></pt><pt><x>1125</x><y>785</y><time>10-02-22 11:48:24:316</time></pt><pt><x>1144</x><y>770</y><time>10-02-22 11:48:24:693</time></pt><pt><x>1184</x><y>785</y><time>10-02-22 11:48:25:525</time></pt><pt><x>1236</x><y>777</y><time>10-02-22 11:48:25:924</time></pt><pt><x>1266</x><y>762</y><time>10-02-22 11:48:26:357</time></pt><pt><x>1277</x><y>757</y><time>10-02-22 11:48:26:621</time></pt><pt><x>1288</x><y>746</y><time>10-02-22 11:48:26:837</time></pt><pt><x>1295</x><y>740</y><time>10-02-22 11:48:27:061</time></pt><pt><x>1312</x><y>735</y><time>10-02-22 11:48:27:269</time></pt><pt><x>1332</x><y>735</y><time>10-02-22 11:48:27:508</time></pt><pt><x>1351</x><y>729</y><time>10-02-22 11:48:27:797</time></pt><pt><x>1366</x><y>727</y><time>10-02-22 11:48:28:045</time></pt><pt><x>1390</x><y>716</y><time>10-02-22 11:48:28:309</time></pt><pt><x>1408</x><y>659</y><time>10-02-22 11:48:28:708</time></pt><pt><x>1412</x><y>640</y><time>10-02-22 11:48:29:237</time></pt><pt><x>1364</x><y>605</y><time>10-02-22 11:48:29:781</time></pt><pt><x>1319</x><y>596</y><time>10-02-22 11:48:30:357</time></pt><pt><x>1284</x><y>605</y><time>10-02-22 11:48:30:662</time></pt><pt><x>1264</x><y>618</y><time>10-02-22 11:48:31:045</time></pt><pt><x>1238</x><y>637</y><time>10-02-22 11:48:31:445</time></pt><pt><x>1225</x><y>642</y><time>10-02-22 11:48:31:717</time></pt><pt><x>1192</x><y>631</y><time>10-02-22 11:48:32:045</time></pt><pt><x>1157</x><y>616</y><time>10-02-22 11:48:32:438</time></pt><pt><x>1131</x><y>616</y><time>10-02-22 11:48:32:798</time></pt><pt><x>1094</x><y>624</y><time>10-02-22 11:48:33:030</time></pt><pt><x>1055</x><y>644</y><time>10-02-22 11:48:33:380</time></pt><pt><x>1033</x><y>664</y><time>10-02-22 11:48:33:700</time></pt><pt><x>1036</x><y>692</y><time>10-02-22 11:48:34:070</time></pt><pt><x>1036</x><y>744</y><time>10-02-22 11:48:34:493</time></pt><pt><x>1044</x><y>790</y><time>10-02-22 11:48:34:878</time></pt><closed_date>10-02-22 11:48:35:199</closed_date></polygon></object><object><name>restoration</name><deleted>0</deleted><verified>0</verified><occluded>no</occluded><attributes /><parts><hasparts /><ispartof>3</ispartof></parts><date>10-02-22 11:48:48:217</date><id>14</id><polygon><username>anonymous</username><pt><x>339</x><y>503</y><time>10-02-22 11:48:41:134</time></pt><pt><x>331</x><y>472</y><time>10-02-22 11:48:41:740</time></pt><pt><x>305</x><y>472</y><time>10-02-22 11:48:42:037</time></pt><pt><x>289</x><y>485</y><time>10-02-22 11:48:42:253</time></pt><pt><x>283</x><y>490</y><time>10-02-22 11:48:42:461</time></pt><pt><x>268</x><y>490</y><time>10-02-22 11:48:42:717</time></pt><pt><x>244</x><y>472</y><time>10-02-22 11:48:42:996</time></pt><pt><x>224</x><y>463</y><time>10-02-22 11:48:43:388</time></pt><pt><x>205</x><y>446</y><time>10-02-22 11:48:43:684</time></pt><pt><x>174</x><y>444</y><time>10-02-22 11:48:43:925</time></pt><pt><x>152</x><y>448</y><time>10-02-22 11:48:44:148</time></pt><pt><x>146</x><y>459</y><time>10-02-22 11:48:44:389</time></pt><pt><x>144</x><y>481</y><time>10-02-22 11:48:44:662</time></pt><pt><x>194</x><y>496</y><time>10-02-22 11:48:44:980</time></pt><pt><x>215</x><y>505</y><time>10-02-22 11:48:45:286</time></pt><pt><x>250</x><y>516</y><time>10-02-22 11:48:45:614</time></pt><pt><x>305</x><y>516</y><time>10-02-22 11:48:46:004</time></pt><closed_date>10-02-22 11:48:46:278</closed_date></polygon></object><imagesize><nrows /><ncols /></imagesize></annotation>