<?xml version='1.0' encoding='UTF-8'?>
<annotation><filename>imagem-012.jpg</filename><folder>segmentation_xray</folder><source><sourceImage>The MIT-CSAIL database of objects and scenes</sourceImage><sourceAnnotation>LabelMe Webtool</sourceAnnotation></source><object><name>tooth</name><deleted>0</deleted><verified>0</verified><occluded>no</occluded><attributes>25</attributes><parts><hasparts /><ispartof /></parts><date>14-05-21 15:38:26:194</date><id>0</id><type>bounding_box</type><polygon><username>anonymous</username><pt><x>47</x><y>1417</y><time>14-05-21 15:37:56:016</time></pt><pt><x>843</x><y>1417</y><time>14-05-21 15:38:00:061</time></pt><pt><x>843</x><y>26</y><time>undefined</time></pt><pt><x>47</x><y>26</y><time>undefined</time></pt><closed_date>14-05-21 15:38:00:062</closed_date></polygon></object><object><name>tooth</name><deleted>0</deleted><verified>0</verified><occluded>no</occluded><attributes>26</attributes><parts><hasparts>2</hasparts><ispartof /></parts><date>14-05-21 15:39:08:129</date><id>1</id><type>bounding_box</type><polygon><username>anonymous</username><pt><x>1882</x><y>1463</y><time>14-05-21 15:38:54:163</time></pt><pt><x>651</x><y>1463</y><time>14-05-21 15:39:00:356</time></pt><pt><x>651</x><y>16</y><time>undefined</time></pt><pt><x>1882</x><y>16</y><time>undefined</time></pt><closed_date>14-05-21 15:39:00:356</closed_date></polygon></object><object><name>restoration</name><deleted>0</deleted><verified>0</verified><occluded>no</occluded><attributes /><parts><hasparts /><ispartof>1</ispartof></parts><date>14-05-21 15:39:46:022</date><id>2</id><polygon><username>anonymous</username><pt><x>1587</x><y>1391</y><time>14-05-21 15:39:15:312</time></pt><pt><x>1598</x><y>1293</y><time>14-05-21 15:39:16:067</time></pt><pt><x>1608</x><y>1236</y><time>14-05-21 15:39:16:692</time></pt><pt><x>1618</x><y>1194</y><time>14-05-21 15:39:17:293</time></pt><pt><x>1618</x><y>1132</y><time>14-05-21 15:39:18:006</time></pt><pt><x>1587</x><y>1086</y><time>14-05-21 15:39:18:626</time></pt><pt><x>1515</x><y>1086</y><time>14-05-21 15:39:19:236</time></pt><pt><x>1427</x><y>1091</y><time>14-05-21 15:39:19:708</time></pt><pt><x>1375</x><y>1122</y><time>14-05-21 15:39:20:212</time></pt><pt><x>1334</x><y>1132</y><time>14-05-21 15:39:20:682</time></pt><pt><x>1293</x><y>1106</y><time>14-05-21 15:39:21:155</time></pt><pt><x>1272</x><y>1086</y><time>14-05-21 15:39:21:699</time></pt><pt><x>1215</x><y>1044</y><time>14-05-21 15:39:22:269</time></pt><pt><x>1132</x><y>1044</y><time>14-05-21 15:39:22:756</time></pt><pt><x>1091</x><y>1086</y><time>14-05-21 15:39:23:251</time></pt><pt><x>1055</x><y>1070</y><time>14-05-21 15:39:23:715</time></pt><pt><x>1034</x><y>967</y><time>14-05-21 15:39:24:227</time></pt><pt><x>1013</x><y>884</y><time>14-05-21 15:39:24:666</time></pt><pt><x>946</x><y>874</y><time>14-05-21 15:39:25:081</time></pt><pt><x>858</x><y>853</y><time>14-05-21 15:39:25:560</time></pt><pt><x>776</x><y>879</y><time>14-05-21 15:39:33:421</time></pt><pt><x>734</x><y>977</y><time>14-05-21 15:39:34:152</time></pt><pt><x>703</x><y>1117</y><time>14-05-21 15:39:34:835</time></pt><pt><x>688</x><y>1246</y><time>14-05-21 15:39:35:404</time></pt><pt><x>683</x><y>1308</y><time>14-05-21 15:39:36:087</time></pt><pt><x>708</x><y>1370</y><time>14-05-21 15:39:36:753</time></pt><pt><x>796</x><y>1370</y><time>14-05-21 15:39:37:305</time></pt><pt><x>879</x><y>1370</y><time>14-05-21 15:39:37:817</time></pt><pt><x>951</x><y>1375</y><time>14-05-21 15:39:38:362</time></pt><pt><x>1070</x><y>1375</y><time>14-05-21 15:39:38:825</time></pt><pt><x>1158</x><y>1375</y><time>14-05-21 15:39:39:289</time></pt><pt><x>1236</x><y>1391</y><time>14-05-21 15:39:39:768</time></pt><pt><x>1293</x><y>1432</y><time>14-05-21 15:39:40:247</time></pt><pt><x>1396</x><y>1432</y><time>14-05-21 15:39:40:703</time></pt><pt><x>1453</x><y>1432</y><time>14-05-21 15:39:41:207</time></pt><pt><x>1561</x><y>1427</y><time>14-05-21 15:39:41:682</time></pt><pt><x>1561</x><y>1427</y><time>14-05-21 15:39:42:126</time></pt><closed_date>14-05-21 15:39:42:776</closed_date></polygon></object><object><name>tooth</name><deleted>0</deleted><verified>0</verified><occluded>no</occluded><attributes>27</attributes><parts><hasparts>4</hasparts><ispartof /></parts><date>14-05-21 15:40:33:924</date><id>3</id><type>bounding_box</type><polygon><username>anonymous</username><pt><x>2864</x><y>16</y><time>14-05-21 15:40:26:501</time></pt><pt><x>1701</x><y>16</y><time>14-05-21 15:40:28:573</time></pt><pt><x>1701</x><y>1458</y><time>undefined</time></pt><pt><x>2864</x><y>1458</y><time>undefined</time></pt><closed_date>14-05-21 15:40:28:573</closed_date></polygon></object><object><name>restoration</name><deleted>0</deleted><verified>0</verified><occluded>no</occluded><attributes /><parts><hasparts /><ispartof>3</ispartof></parts><date>14-05-21 15:41:25:494</date><id>4</id><polygon><username>anonymous</username><pt><x>1939</x><y>951</y><time>14-05-21 15:41:00:198</time></pt><pt><x>2022</x><y>972</y><time>14-05-21 15:41:00:781</time></pt><pt><x>2053</x><y>1024</y><time>14-05-21 15:41:01:260</time></pt><pt><x>2058</x><y>1055</y><time>14-05-21 15:41:01:764</time></pt><pt><x>2073</x><y>1075</y><time>14-05-21 15:41:02:308</time></pt><pt><x>2172</x><y>1075</y><time>14-05-21 15:41:02:938</time></pt><pt><x>2218</x><y>1050</y><time>14-05-21 15:41:03:430</time></pt><pt><x>2285</x><y>1044</y><time>14-05-21 15:41:03:934</time></pt><pt><x>2347</x><y>1065</y><time>14-05-21 15:41:04:364</time></pt><pt><x>2409</x><y>1075</y><time>14-05-21 15:41:04:877</time></pt><pt><x>2451</x><y>1039</y><time>14-05-21 15:41:05:356</time></pt><pt><x>2477</x><y>957</y><time>14-05-21 15:41:05:836</time></pt><pt><x>2497</x><y>894</y><time>14-05-21 15:41:06:275</time></pt><pt><x>2570</x><y>817</y><time>14-05-21 15:41:06:754</time></pt><pt><x>2616</x><y>791</y><time>14-05-21 15:41:07:194</time></pt><pt><x>2715</x><y>745</y><time>14-05-21 15:41:07:900</time></pt><pt><x>2735</x><y>807</y><time>14-05-21 15:41:08:535</time></pt><pt><x>2777</x><y>910</y><time>14-05-21 15:41:09:072</time></pt><pt><x>2808</x><y>972</y><time>14-05-21 15:41:09:534</time></pt><pt><x>2839</x><y>1086</y><time>14-05-21 15:41:10:087</time></pt><pt><x>2849</x><y>1163</y><time>14-05-21 15:41:10:818</time></pt><pt><x>2813</x><y>1189</y><time>14-05-21 15:41:11:347</time></pt><pt><x>2761</x><y>1225</y><time>14-05-21 15:41:11:907</time></pt><pt><x>2668</x><y>1287</y><time>14-05-21 15:41:12:550</time></pt><pt><x>2554</x><y>1308</y><time>14-05-21 15:41:13:110</time></pt><pt><x>2461</x><y>1308</y><time>14-05-21 15:41:13:590</time></pt><pt><x>2368</x><y>1308</y><time>14-05-21 15:41:14:153</time></pt><pt><x>2306</x><y>1303</y><time>14-05-21 15:41:14:720</time></pt><pt><x>2275</x><y>1303</y><time>14-05-21 15:41:15:280</time></pt><pt><x>2223</x><y>1308</y><time>14-05-21 15:41:16:036</time></pt><pt><x>2141</x><y>1339</y><time>14-05-21 15:41:16:548</time></pt><pt><x>2027</x><y>1344</y><time>14-05-21 15:41:17:060</time></pt><pt><x>1949</x><y>1344</y><time>14-05-21 15:41:17:531</time></pt><pt><x>1903</x><y>1334</y><time>14-05-21 15:41:17:982</time></pt><pt><x>1820</x><y>1282</y><time>14-05-21 15:41:18:491</time></pt><pt><x>1758</x><y>1225</y><time>14-05-21 15:41:19:043</time></pt><pt><x>1717</x><y>1132</y><time>14-05-21 15:41:19:685</time></pt><pt><x>1717</x><y>1101</y><time>14-05-21 15:41:20:181</time></pt><pt><x>1742</x><y>1044</y><time>14-05-21 15:41:20:694</time></pt><pt><x>1820</x><y>1003</y><time>14-05-21 15:41:21:149</time></pt><pt><x>1898</x><y>962</y><time>14-05-21 15:41:21:571</time></pt><closed_date>14-05-21 15:41:22:230</closed_date></polygon></object><object><name>tooth</name><deleted>0</deleted><verified>0</verified><occluded>no</occluded><attributes>28</attributes><parts><hasparts>6,7</hasparts><ispartof /></parts><date>14-05-21 15:41:43:087</date><id>5</id><type>bounding_box</type><polygon><username>anonymous</username><pt><x>3868</x><y>1448</y><time>14-05-21 15:41:34:529</time></pt><pt><x>2808</x><y>1448</y><time>14-05-21 15:41:37:900</time></pt><pt><x>2808</x><y>31</y><time>undefined</time></pt><pt><x>3868</x><y>31</y><time>undefined</time></pt><closed_date>14-05-21 15:41:37:900</closed_date></polygon></object><object><name>restoration</name><deleted>0</deleted><verified>0</verified><occluded>no</occluded><attributes /><parts><hasparts /><ispartof>5</ispartof></parts><date>14-05-21 15:42:12:787</date><id>6</id><polygon><username>anonymous</username><pt><x>2999</x><y>1220</y><time>14-05-21 15:41:53:116</time></pt><pt><x>3092</x><y>1225</y><time>14-05-21 15:41:53:798</time></pt><pt><x>3170</x><y>1225</y><time>14-05-21 15:41:54:314</time></pt><pt><x>3221</x><y>1215</y><time>14-05-21 15:41:54:861</time></pt><pt><x>3242</x><y>1215</y><time>14-05-21 15:41:55:406</time></pt><pt><x>3294</x><y>1241</y><time>14-05-21 15:41:55:935</time></pt><pt><x>3319</x><y>1241</y><time>14-05-21 15:41:56:529</time></pt><pt><x>3382</x><y>1205</y><time>14-05-21 15:41:57:072</time></pt><pt><x>3418</x><y>1205</y><time>14-05-21 15:41:57:535</time></pt><pt><x>3438</x><y>1200</y><time>14-05-21 15:41:58:031</time></pt><pt><x>3531</x><y>1200</y><time>14-05-21 15:41:58:723</time></pt><pt><x>3578</x><y>1163</y><time>14-05-21 15:41:59:267</time></pt><pt><x>3604</x><y>1143</y><time>14-05-21 15:41:59:763</time></pt><pt><x>3645</x><y>1081</y><time>14-05-21 15:42:00:453</time></pt><pt><x>3645</x><y>1013</y><time>14-05-21 15:42:01:014</time></pt><pt><x>3609</x><y>988</y><time>14-05-21 15:42:01:641</time></pt><pt><x>3583</x><y>982</y><time>14-05-21 15:42:02:185</time></pt><pt><x>3521</x><y>982</y><time>14-05-21 15:42:02:673</time></pt><pt><x>3495</x><y>977</y><time>14-05-21 15:42:03:144</time></pt><pt><x>3371</x><y>941</y><time>14-05-21 15:42:03:656</time></pt><pt><x>3335</x><y>941</y><time>14-05-21 15:42:04:160</time></pt><pt><x>3273</x><y>951</y><time>14-05-21 15:42:04:700</time></pt><pt><x>3232</x><y>977</y><time>14-05-21 15:42:05:192</time></pt><pt><x>3185</x><y>993</y><time>14-05-21 15:42:05:721</time></pt><pt><x>3113</x><y>988</y><time>14-05-21 15:42:06:192</time></pt><pt><x>3025</x><y>998</y><time>14-05-21 15:42:06:655</time></pt><pt><x>3004</x><y>1034</y><time>14-05-21 15:42:07:192</time></pt><pt><x>2994</x><y>1106</y><time>14-05-21 15:42:07:741</time></pt><pt><x>2999</x><y>1169</y><time>14-05-21 15:42:08:232</time></pt><pt><x>2999</x><y>1169</y><time>14-05-21 15:42:08:655</time></pt><closed_date>14-05-21 15:42:09:322</closed_date></polygon></object><object><name>restoration</name><deleted>0</deleted><verified>0</verified><occluded>no</occluded><attributes /><parts><hasparts /><ispartof>5</ispartof></parts><date>14-05-21 15:42:34:519</date><id>7</id><polygon><username>anonymous</username><pt><x>3092</x><y>951</y><time>14-05-21 15:42:21:386</time></pt><pt><x>3056</x><y>869</y><time>14-05-21 15:42:22:252</time></pt><pt><x>2983</x><y>869</y><time>14-05-21 15:42:22:773</time></pt><pt><x>2932</x><y>858</y><time>14-05-21 15:42:23:302</time></pt><pt><x>2906</x><y>822</y><time>14-05-21 15:42:23:788</time></pt><pt><x>2895</x><y>807</y><time>14-05-21 15:42:24:291</time></pt><pt><x>2875</x><y>812</y><time>14-05-21 15:42:25:122</time></pt><pt><x>2864</x><y>910</y><time>14-05-21 15:42:25:690</time></pt><pt><x>2864</x><y>988</y><time>14-05-21 15:42:26:217</time></pt><pt><x>2859</x><y>1086</y><time>14-05-21 15:42:26:755</time></pt><pt><x>2859</x><y>1138</y><time>14-05-21 15:42:27:283</time></pt><pt><x>2906</x><y>1200</y><time>14-05-21 15:42:27:820</time></pt><pt><x>2963</x><y>1210</y><time>14-05-21 15:42:28:307</time></pt><pt><x>2978</x><y>1210</y><time>14-05-21 15:42:28:827</time></pt><pt><x>3076</x><y>1008</y><time>14-05-21 15:42:29:648</time></pt><pt><x>3082</x><y>988</y><time>14-05-21 15:42:30:218</time></pt><closed_date>14-05-21 15:42:30:746</closed_date></polygon></object><object><name>tooth</name><deleted>0</deleted><verified>0</verified><occluded>no</occluded><attributes>37</attributes><parts><hasparts>9</hasparts><ispartof /></parts><date>14-05-21 15:44:03:451</date><id>8</id><type>bounding_box</type><polygon><username>anonymous</username><pt><x>3562</x><y>3113</y><time>14-05-21 15:43:51:084</time></pt><pt><x>1918</x><y>3113</y><time>14-05-21 15:43:54:218</time></pt><pt><x>1918</x><y>1437</y><time>undefined</time></pt><pt><x>3562</x><y>1437</y><time>undefined</time></pt><closed_date>14-05-21 15:43:54:218</closed_date></polygon></object><object><name>restoration</name><deleted>0</deleted><verified>0</verified><occluded>no</occluded><attributes /><parts><hasparts /><ispartof>8</ispartof></parts><date>14-05-21 15:45:53:886</date><id>9</id><polygon><username>anonymous</username><pt><x>2492</x><y>1923</y><time>14-05-21 15:45:33:069</time></pt><pt><x>2580</x><y>1923</y><time>14-05-21 15:45:33:646</time></pt><pt><x>2673</x><y>1898</y><time>14-05-21 15:45:34:173</time></pt><pt><x>2782</x><y>1825</y><time>14-05-21 15:45:34:718</time></pt><pt><x>2782</x><y>1748</y><time>14-05-21 15:45:35:311</time></pt><pt><x>2797</x><y>1701</y><time>14-05-21 15:45:35:896</time></pt><pt><x>2823</x><y>1655</y><time>14-05-21 15:45:36:685</time></pt><pt><x>2823</x><y>1598</y><time>14-05-21 15:45:37:189</time></pt><pt><x>2823</x><y>1536</y><time>14-05-21 15:45:37:871</time></pt><pt><x>2766</x><y>1510</y><time>14-05-21 15:45:38:538</time></pt><pt><x>2709</x><y>1515</y><time>14-05-21 15:45:39:066</time></pt><pt><x>2606</x><y>1556</y><time>14-05-21 15:45:39:692</time></pt><pt><x>2570</x><y>1577</y><time>14-05-21 15:45:40:188</time></pt><pt><x>2513</x><y>1624</y><time>14-05-21 15:45:40:818</time></pt><pt><x>2420</x><y>1624</y><time>14-05-21 15:45:41:317</time></pt><pt><x>2311</x><y>1624</y><time>14-05-21 15:45:41:780</time></pt><pt><x>2166</x><y>1634</y><time>14-05-21 15:45:42:252</time></pt><pt><x>2073</x><y>1660</y><time>14-05-21 15:45:42:732</time></pt><pt><x>2011</x><y>1706</y><time>14-05-21 15:45:43:429</time></pt><pt><x>2037</x><y>1748</y><time>14-05-21 15:45:43:918</time></pt><pt><x>2125</x><y>1748</y><time>14-05-21 15:45:44:381</time></pt><pt><x>2161</x><y>1784</y><time>14-05-21 15:45:44:885</time></pt><pt><x>2197</x><y>1851</y><time>14-05-21 15:45:45:413</time></pt><pt><x>2228</x><y>1913</y><time>14-05-21 15:45:45:877</time></pt><pt><x>2311</x><y>1939</y><time>14-05-21 15:45:46:348</time></pt><pt><x>2440</x><y>1939</y><time>14-05-21 15:45:46:836</time></pt><closed_date>14-05-21 15:45:47:389</closed_date></polygon></object><object><name>tooth</name><deleted>0</deleted><verified>0</verified><occluded>no</occluded><attributes>36</attributes><parts><hasparts>11</hasparts><ispartof /></parts><date>14-05-21 15:46:26:459</date><id>10</id><type>bounding_box</type><polygon><username>anonymous</username><pt><x>848</x><y>1670</y><time>14-05-21 15:46:12:637</time></pt><pt><x>2208</x><y>1670</y><time>14-05-21 15:46:15:886</time></pt><pt><x>2208</x><y>3138</y><time>undefined</time></pt><pt><x>848</x><y>3138</y><time>undefined</time></pt><closed_date>14-05-21 15:46:15:886</closed_date></polygon></object><object><name>root canal treatment</name><deleted>0</deleted><verified>0</verified><occluded>no</occluded><attributes /><parts><hasparts /><ispartof>10</ispartof></parts><date>14-05-21 15:47:22:032</date><id>11</id><polygon><username>anonymous</username><pt><x>1251</x><y>2337</y><time>14-05-21 15:46:44:700</time></pt><pt><x>1236</x><y>2497</y><time>14-05-21 15:46:45:935</time></pt><pt><x>1225</x><y>2637</y><time>14-05-21 15:46:46:585</time></pt><pt><x>1231</x><y>2751</y><time>14-05-21 15:46:47:161</time></pt><pt><x>1236</x><y>2885</y><time>14-05-21 15:46:47:755</time></pt><pt><x>1251</x><y>2994</y><time>14-05-21 15:46:48:325</time></pt><pt><x>1251</x><y>3071</y><time>14-05-21 15:46:48:877</time></pt><pt><x>1251</x><y>3113</y><time>14-05-21 15:46:49:788</time></pt><pt><x>1318</x><y>3123</y><time>14-05-21 15:46:50:628</time></pt><pt><x>1386</x><y>3113</y><time>14-05-21 15:46:51:462</time></pt><pt><x>1365</x><y>3020</y><time>14-05-21 15:46:52:071</time></pt><pt><x>1365</x><y>2952</y><time>14-05-21 15:46:52:534</time></pt><pt><x>1360</x><y>2844</y><time>14-05-21 15:46:53:094</time></pt><pt><x>1355</x><y>2740</y><time>14-05-21 15:46:53:558</time></pt><pt><x>1360</x><y>2580</y><time>14-05-21 15:46:54:054</time></pt><pt><x>1360</x><y>2513</y><time>14-05-21 15:46:54:533</time></pt><pt><x>1370</x><y>2430</y><time>14-05-21 15:46:55:013</time></pt><pt><x>1370</x><y>2342</y><time>14-05-21 15:46:55:517</time></pt><pt><x>1417</x><y>2311</y><time>14-05-21 15:46:56:224</time></pt><pt><x>1417</x><y>2311</y><time>14-05-21 15:46:58:020</time></pt><pt><x>1484</x><y>2316</y><time>14-05-21 15:46:58:704</time></pt><pt><x>1541</x><y>2327</y><time>14-05-21 15:46:59:328</time></pt><pt><x>1587</x><y>2327</y><time>14-05-21 15:46:59:832</time></pt><pt><x>1624</x><y>2389</y><time>14-05-21 15:47:00:401</time></pt><pt><x>1660</x><y>2466</y><time>14-05-21 15:47:00:971</time></pt><pt><x>1711</x><y>2549</y><time>14-05-21 15:47:01:507</time></pt><pt><x>1779</x><y>2683</y><time>14-05-21 15:47:02:043</time></pt><pt><x>1872</x><y>2854</y><time>14-05-21 15:47:02:571</time></pt><pt><x>1908</x><y>2947</y><time>14-05-21 15:47:03:309</time></pt><pt><x>1944</x><y>3004</y><time>14-05-21 15:47:03:993</time></pt><pt><x>1985</x><y>3087</y><time>14-05-21 15:47:04:750</time></pt><pt><x>2001</x><y>3092</y><time>14-05-21 15:47:05:643</time></pt><pt><x>2058</x><y>3082</y><time>14-05-21 15:47:06:587</time></pt><pt><x>2084</x><y>3076</y><time>14-05-21 15:47:07:416</time></pt><pt><x>2001</x><y>2947</y><time>14-05-21 15:47:08:358</time></pt><pt><x>1949</x><y>2808</y><time>14-05-21 15:47:08:979</time></pt><pt><x>1856</x><y>2652</y><time>14-05-21 15:47:09:707</time></pt><pt><x>1768</x><y>2461</y><time>14-05-21 15:47:10:415</time></pt><pt><x>1737</x><y>2327</y><time>14-05-21 15:47:11:147</time></pt><pt><x>1706</x><y>2228</y><time>14-05-21 15:47:11:731</time></pt><pt><x>1680</x><y>2218</y><time>14-05-21 15:47:12:210</time></pt><pt><x>1572</x><y>2213</y><time>14-05-21 15:47:12:763</time></pt><pt><x>1443</x><y>2228</y><time>14-05-21 15:47:13:297</time></pt><pt><x>1313</x><y>2228</y><time>14-05-21 15:47:13:828</time></pt><pt><x>1241</x><y>2239</y><time>14-05-21 15:47:14:511</time></pt><pt><x>1220</x><y>2244</y><time>14-05-21 15:47:15:203</time></pt><pt><x>1215</x><y>2270</y><time>14-05-21 15:47:15:836</time></pt><pt><x>1231</x><y>2301</y><time>14-05-21 15:47:16:502</time></pt><closed_date>14-05-21 15:47:17:242</closed_date></polygon></object><object><name>tooth</name><deleted>0</deleted><verified>0</verified><occluded>no</occluded><attributes>35</attributes><parts><hasparts>13,15,16</hasparts><ispartof /></parts><date>14-05-21 15:48:19:123</date><id>12</id><type>bounding_box</type><polygon><username>anonymous</username><pt><x>160</x><y>1675</y><time>14-05-21 15:48:03:328</time></pt><pt><x>931</x><y>1675</y><time>14-05-21 15:48:07:993</time></pt><pt><x>931</x><y>3133</y><time>undefined</time></pt><pt><x>160</x><y>3133</y><time>undefined</time></pt><closed_date>14-05-21 15:48:07:994</closed_date></polygon></object><object><name>root canal treatment</name><deleted>0</deleted><verified>0</verified><occluded>no</occluded><attributes /><parts><hasparts /><ispartof>12</ispartof></parts><date>14-05-21 15:48:48:799</date><id>13</id><polygon><username>anonymous</username><pt><x>564</x><y>2415</y><time>14-05-21 15:48:33:625</time></pt><pt><x>600</x><y>2565</y><time>14-05-21 15:48:34:290</time></pt><pt><x>626</x><y>2689</y><time>14-05-21 15:48:34:859</time></pt><pt><x>657</x><y>2844</y><time>14-05-21 15:48:35:403</time></pt><pt><x>672</x><y>2978</y><time>14-05-21 15:48:35:978</time></pt><pt><x>703</x><y>3087</y><time>14-05-21 15:48:36:583</time></pt><pt><x>714</x><y>3118</y><time>14-05-21 15:48:37:163</time></pt><pt><x>781</x><y>3118</y><time>14-05-21 15:48:38:054</time></pt><pt><x>770</x><y>3051</y><time>14-05-21 15:48:38:622</time></pt><pt><x>755</x><y>2973</y><time>14-05-21 15:48:39:094</time></pt><pt><x>755</x><y>2880</y><time>14-05-21 15:48:39:915</time></pt><pt><x>750</x><y>2797</y><time>14-05-21 15:48:40:385</time></pt><pt><x>729</x><y>2673</y><time>14-05-21 15:48:40:836</time></pt><pt><x>698</x><y>2534</y><time>14-05-21 15:48:41:360</time></pt><pt><x>698</x><y>2435</y><time>14-05-21 15:48:41:791</time></pt><pt><x>693</x><y>2409</y><time>14-05-21 15:48:42:262</time></pt><pt><x>657</x><y>2399</y><time>14-05-21 15:48:42:833</time></pt><pt><x>620</x><y>2399</y><time>14-05-21 15:48:43:303</time></pt><closed_date>14-05-21 15:48:44:035</closed_date></polygon></object><object><name>tooth</name><deleted>0</deleted><verified>0</verified><occluded>no</occluded><attributes>34</attributes><parts><hasparts>17</hasparts><ispartof /></parts><date>14-05-21 15:49:02:235</date><id>14</id><type>bounding_box</type><polygon><username>anonymous</username><pt><x>16</x><y>1732</y><time>14-05-21 15:48:54:934</time></pt><pt><x>217</x><y>1732</y><time>14-05-21 15:48:58:070</time></pt><pt><x>217</x><y>2813</y><time>undefined</time></pt><pt><x>16</x><y>2813</y><time>undefined</time></pt><closed_date>14-05-21 15:48:58:070</closed_date></polygon></object><object><name>crown</name><deleted>0</deleted><verified>0</verified><occluded>no</occluded><attributes /><parts><hasparts /><ispartof>12</ispartof></parts><date>14-05-21 16:19:05:435</date><id>15</id><polygon><username>anonymous</username><pt><x>1210</x><y>2347</y><time>14-05-21 16:18:48:691</time></pt><pt><x>1060</x><y>2311</y><time>14-05-21 16:18:49:291</time></pt><pt><x>982</x><y>2223</y><time>14-05-21 16:18:49:867</time></pt><pt><x>931</x><y>2135</y><time>14-05-21 16:18:50:380</time></pt><pt><x>894</x><y>1996</y><time>14-05-21 16:18:50:916</time></pt><pt><x>894</x><y>1913</y><time>14-05-21 16:18:51:403</time></pt><pt><x>889</x><y>1773</y><time>14-05-21 16:18:52:029</time></pt><pt><x>889</x><y>1737</y><time>14-05-21 16:18:52:605</time></pt><pt><x>988</x><y>1732</y><time>14-05-21 16:18:53:264</time></pt><pt><x>1246</x><y>1732</y><time>14-05-21 16:18:53:791</time></pt><pt><x>1515</x><y>1727</y><time>14-05-21 16:18:54:262</time></pt><pt><x>1748</x><y>1711</y><time>14-05-21 16:18:54:700</time></pt><pt><x>1882</x><y>1711</y><time>14-05-21 16:18:55:189</time></pt><pt><x>1929</x><y>1753</y><time>14-05-21 16:18:55:656</time></pt><pt><x>1939</x><y>1861</y><time>14-05-21 16:18:56:196</time></pt><pt><x>1949</x><y>1975</y><time>14-05-21 16:18:56:702</time></pt><pt><x>1903</x><y>2063</y><time>14-05-21 16:18:57:309</time></pt><pt><x>1815</x><y>2130</y><time>14-05-21 16:18:57:861</time></pt><pt><x>1773</x><y>2192</y><time>14-05-21 16:18:58:499</time></pt><pt><x>1649</x><y>2228</y><time>14-05-21 16:18:59:055</time></pt><pt><x>1417</x><y>2280</y><time>14-05-21 16:18:59:583</time></pt><pt><x>1282</x><y>2311</y><time>14-05-21 16:19:00:127</time></pt><closed_date>14-05-21 16:19:00:858</closed_date></polygon></object><object><name>crown</name><deleted>0</deleted><verified>0</verified><occluded>no</occluded><attributes /><parts><hasparts /><ispartof>12</ispartof></parts><date>14-05-21 16:19:45:662</date><id>16</id><polygon><username>anonymous</username><pt><x>646</x><y>2342</y><time>14-05-21 16:19:27:626</time></pt><pt><x>688</x><y>2234</y><time>14-05-21 16:19:28:314</time></pt><pt><x>781</x><y>2234</y><time>14-05-21 16:19:28:835</time></pt><pt><x>853</x><y>2177</y><time>14-05-21 16:19:29:395</time></pt><pt><x>869</x><y>2110</y><time>14-05-21 16:19:29:929</time></pt><pt><x>869</x><y>1975</y><time>14-05-21 16:19:30:427</time></pt><pt><x>848</x><y>1851</y><time>14-05-21 16:19:30:977</time></pt><pt><x>827</x><y>1753</y><time>14-05-21 16:19:31:589</time></pt><pt><x>765</x><y>1727</y><time>14-05-21 16:19:32:141</time></pt><pt><x>636</x><y>1711</y><time>14-05-21 16:19:32:693</time></pt><pt><x>564</x><y>1706</y><time>14-05-21 16:19:33:271</time></pt><pt><x>481</x><y>1742</y><time>14-05-21 16:19:33:904</time></pt><pt><x>346</x><y>1696</y><time>14-05-21 16:19:35:025</time></pt><pt><x>290</x><y>1711</y><time>14-05-21 16:19:35:553</time></pt><pt><x>248</x><y>1737</y><time>14-05-21 16:19:36:049</time></pt><pt><x>202</x><y>1768</y><time>14-05-21 16:19:36:658</time></pt><pt><x>202</x><y>1923</y><time>14-05-21 16:19:37:210</time></pt><pt><x>217</x><y>2006</y><time>14-05-21 16:19:37:730</time></pt><pt><x>305</x><y>2068</y><time>14-05-21 16:19:38:298</time></pt><pt><x>450</x><y>2099</y><time>14-05-21 16:19:38:786</time></pt><pt><x>450</x><y>2110</y><time>14-05-21 16:19:39:184</time></pt><pt><x>460</x><y>2151</y><time>14-05-21 16:19:39:718</time></pt><pt><x>465</x><y>2254</y><time>14-05-21 16:19:40:232</time></pt><pt><x>512</x><y>2363</y><time>14-05-21 16:19:40:719</time></pt><pt><x>579</x><y>2378</y><time>14-05-21 16:19:41:166</time></pt><closed_date>14-05-21 16:19:41:764</closed_date></polygon></object><object><name>crown</name><deleted>0</deleted><verified>0</verified><occluded>no</occluded><attributes /><parts><hasparts /><ispartof>14</ispartof></parts><date>14-05-21 16:20:07:214</date><id>17</id><polygon><username>anonymous</username><pt><x>93</x><y>2037</y><time>14-05-21 16:19:56:885</time></pt><pt><x>155</x><y>2037</y><time>14-05-21 16:19:57:412</time></pt><pt><x>217</x><y>2022</y><time>14-05-21 16:19:58:070</time></pt><pt><x>212</x><y>1939</y><time>14-05-21 16:19:58:639</time></pt><pt><x>165</x><y>1882</y><time>14-05-21 16:19:59:127</time></pt><pt><x>119</x><y>1815</y><time>14-05-21 16:19:59:728</time></pt><pt><x>62</x><y>1810</y><time>14-05-21 16:20:00:353</time></pt><pt><x>31</x><y>1815</y><time>14-05-21 16:20:00:922</time></pt><pt><x>10</x><y>1887</y><time>14-05-21 16:20:01:500</time></pt><pt><x>10</x><y>1985</y><time>14-05-21 16:20:02:051</time></pt><pt><x>10</x><y>2032</y><time>14-05-21 16:20:02:563</time></pt><closed_date>14-05-21 16:20:03:235</closed_date></polygon></object><imagesize><nrows /><ncols /></imagesize></annotation>