<?xml version='1.0' encoding='UTF-8'?>
<annotation><filename>imagem-048.jpg</filename><folder>segmentation_xray</folder><source><sourceImage>The MIT-CSAIL database of objects and scenes</sourceImage><sourceAnnotation>LabelMe Webtool</sourceAnnotation></source><object><name>tooth</name><deleted>0</deleted><verified>0</verified><occluded>no</occluded><attributes>17</attributes><parts><hasparts /><ispartof /></parts><date>19-05-21 08:02:32:312</date><id>0</id><type>bounding_box</type><polygon><username>anonymous</username><pt><x>221</x><y>6</y><time>19-05-21 08:02:25:791</time></pt><pt><x>568</x><y>6</y><time>19-05-21 08:02:30:158</time></pt><pt><x>568</x><y>402</y><time>undefined</time></pt><pt><x>221</x><y>402</y><time>undefined</time></pt><closed_date>19-05-21 08:02:30:159</closed_date></polygon></object><object><name>tooth</name><deleted>0</deleted><verified>0</verified><occluded>no</occluded><attributes>16</attributes><parts><hasparts /><ispartof /></parts><date>19-05-21 08:03:01:272</date><id>1</id><type>bounding_box</type><polygon><username>anonymous</username><pt><x>920</x><y>431</y><time>19-05-21 08:02:47:335</time></pt><pt><x>539</x><y>431</y><time>19-05-21 08:02:54:444</time></pt><pt><x>539</x><y>2</y><time>undefined</time></pt><pt><x>920</x><y>2</y><time>undefined</time></pt><closed_date>19-05-21 08:02:54:445</closed_date></polygon></object><object><name>tooth</name><deleted>0</deleted><verified>0</verified><occluded>no</occluded><attributes>15</attributes><parts><hasparts /><ispartof /></parts><date>19-05-21 08:03:23:303</date><id>2</id><type>bounding_box</type><polygon><username>anonymous</username><pt><x>1132</x><y>422</y><time>19-05-21 08:03:11:730</time></pt><pt><x>900</x><y>422</y><time>19-05-21 08:03:15:947</time></pt><pt><x>900</x><y>12</y><time>undefined</time></pt><pt><x>1132</x><y>12</y><time>undefined</time></pt><closed_date>19-05-21 08:03:15:947</closed_date></polygon></object><object><name>tooth</name><deleted>0</deleted><verified>0</verified><occluded>no</occluded><attributes>14</attributes><parts><hasparts /><ispartof /></parts><date>19-05-21 08:03:49:746</date><id>3</id><type>bounding_box</type><polygon><username>anonymous</username><pt><x>1219</x><y>419</y><time>19-05-21 08:03:39:206</time></pt><pt><x>1112</x><y>419</y><time>19-05-21 08:03:43:756</time></pt><pt><x>1112</x><y>2</y><time>undefined</time></pt><pt><x>1219</x><y>2</y><time>undefined</time></pt><closed_date>19-05-21 08:03:43:757</closed_date></polygon></object><object><name>tooth</name><deleted>0</deleted><verified>0</verified><occluded>no</occluded><attributes>47</attributes><parts><hasparts /><ispartof /></parts><date>19-05-21 08:04:36:088</date><id>4</id><type>bounding_box</type><polygon><username>anonymous</username><pt><x>178</x><y>944</y><time>19-05-21 08:04:24:550</time></pt><pt><x>604</x><y>944</y><time>19-05-21 08:04:28:213</time></pt><pt><x>604</x><y>442</y><time>undefined</time></pt><pt><x>178</x><y>442</y><time>undefined</time></pt><closed_date>19-05-21 08:04:28:214</closed_date></polygon></object><object><name>tooth</name><deleted>0</deleted><verified>0</verified><occluded>no</occluded><attributes>46</attributes><parts><hasparts /><ispartof /></parts><date>19-05-21 08:05:05:530</date><id>5</id><type>bounding_box</type><polygon><username>anonymous</username><pt><x>998</x><y>480</y><time>19-05-21 08:04:51:600</time></pt><pt><x>568</x><y>480</y><time>19-05-21 08:04:59:425</time></pt><pt><x>568</x><y>948</y><time>undefined</time></pt><pt><x>998</x><y>948</y><time>undefined</time></pt><closed_date>19-05-21 08:04:59:426</closed_date></polygon></object><object><name>tooth</name><deleted>0</deleted><verified>0</verified><occluded>no</occluded><attributes>45</attributes><parts><hasparts /><ispartof /></parts><date>19-05-21 08:05:26:135</date><id>6</id><type>bounding_box</type><polygon><username>anonymous</username><pt><x>1215</x><y>489</y><time>19-05-21 08:05:13:348</time></pt><pt><x>972</x><y>489</y><time>19-05-21 08:05:16:830</time></pt><pt><x>972</x><y>942</y><time>undefined</time></pt><pt><x>1215</x><y>942</y><time>undefined</time></pt><closed_date>19-05-21 08:05:16:831</closed_date></polygon></object><imagesize><nrows /><ncols /></imagesize></annotation>