<?xml version='1.0' encoding='UTF-8'?>
<annotation><filename>imagem-051.jpg</filename><folder>segmentation_xray</folder><source><sourceImage>The MIT-CSAIL database of objects and scenes</sourceImage><sourceAnnotation>LabelMe Webtool</sourceAnnotation></source><object><name>tooth</name><deleted>0</deleted><verified>0</verified><occluded>no</occluded><attributes>27</attributes><parts><hasparts /><ispartof /></parts><date>16-05-21 18:38:55:435</date><id>0</id><type>bounding_box</type><polygon><username>anonymous</username><pt><x>903</x><y>317</y><time>16-05-21 18:38:43:892</time></pt><pt><x>1217</x><y>317</y><time>16-05-21 18:38:49:374</time></pt><pt><x>1217</x><y>3</y><time>undefined</time></pt><pt><x>903</x><y>3</y><time>undefined</time></pt><closed_date>16-05-21 18:38:49:374</closed_date></polygon></object><object><name>tooth</name><deleted>0</deleted><verified>0</verified><occluded>no</occluded><attributes>26</attributes><parts><hasparts>10</hasparts><ispartof /></parts><date>16-05-21 18:39:04:562</date><id>1</id><type>bounding_box</type><polygon><username>anonymous</username><pt><x>577</x><y>382</y><time>16-05-21 18:38:57:613</time></pt><pt><x>913</x><y>382</y><time>16-05-21 18:39:00:943</time></pt><pt><x>913</x><y>3</y><time>undefined</time></pt><pt><x>577</x><y>3</y><time>undefined</time></pt><closed_date>16-05-21 18:39:00:944</closed_date></polygon></object><object><name>tooth</name><deleted>0</deleted><verified>0</verified><occluded>no</occluded><attributes>25</attributes><parts><hasparts>11</hasparts><ispartof /></parts><date>16-05-21 18:39:11:759</date><id>2</id><type>bounding_box</type><polygon><username>anonymous</username><pt><x>357</x><y>406</y><time>16-05-21 18:39:06:260</time></pt><pt><x>586</x><y>406</y><time>16-05-21 18:39:08:704</time></pt><pt><x>586</x><y>3</y><time>undefined</time></pt><pt><x>357</x><y>3</y><time>undefined</time></pt><closed_date>16-05-21 18:39:08:705</closed_date></polygon></object><object><name>tooth</name><deleted>0</deleted><verified>0</verified><occluded>no</occluded><attributes>24</attributes><parts><hasparts>12</hasparts><ispartof /></parts><date>16-05-21 18:39:19:699</date><id>3</id><type>bounding_box</type><polygon><username>anonymous</username><pt><x>124</x><y>422.00000000000006</y><time>16-05-21 18:39:13:199</time></pt><pt><x>349</x><y>422.00000000000006</y><time>16-05-21 18:39:16:561</time></pt><pt><x>349</x><y>5</y><time>undefined</time></pt><pt><x>124</x><y>5</y><time>undefined</time></pt><closed_date>16-05-21 18:39:16:561</closed_date></polygon></object><object><name>tooth</name><deleted>0</deleted><verified>0</verified><occluded>no</occluded><attributes>23</attributes><parts><hasparts /><ispartof /></parts><date>16-05-21 18:39:30:609</date><id>4</id><type>bounding_box</type><polygon><username>anonymous</username><pt><x>2</x><y>438</y><time>16-05-21 18:39:23:603</time></pt><pt><x>157</x><y>438</y><time>16-05-21 18:39:27:169</time></pt><pt><x>157</x><y>5</y><time>undefined</time></pt><pt><x>2</x><y>5</y><time>undefined</time></pt><closed_date>16-05-21 18:39:27:169</closed_date></polygon></object><object><name>tooth</name><deleted>0</deleted><verified>0</verified><occluded>no</occluded><attributes>37</attributes><parts><hasparts>13</hasparts><ispartof /></parts><date>16-05-21 18:39:41:989</date><id>5</id><type>bounding_box</type><polygon><username>anonymous</username><pt><x>1218</x><y>340</y><time>16-05-21 18:39:34:868</time></pt><pt><x>898</x><y>340</y><time>16-05-21 18:39:38:264</time></pt><pt><x>898</x><y>922</y><time>undefined</time></pt><pt><x>1218</x><y>922</y><time>undefined</time></pt><closed_date>16-05-21 18:39:38:264</closed_date></polygon></object><object><name>tooth</name><deleted>0</deleted><verified>0</verified><occluded>no</occluded><attributes>36</attributes><parts><hasparts /><ispartof /></parts><date>16-05-21 18:39:50:716</date><id>6</id><type>bounding_box</type><polygon><username>anonymous</username><pt><x>560</x><y>462</y><time>16-05-21 18:39:43:460</time></pt><pt><x>964</x><y>462</y><time>16-05-21 18:39:47:005</time></pt><pt><x>964</x><y>948</y><time>undefined</time></pt><pt><x>560</x><y>948</y><time>undefined</time></pt><closed_date>16-05-21 18:39:47:005</closed_date></polygon></object><object><name>tooth</name><deleted>0</deleted><verified>0</verified><occluded>no</occluded><attributes>35</attributes><parts><hasparts /><ispartof /></parts><date>16-05-21 18:39:59:210</date><id>7</id><type>bounding_box</type><polygon><username>anonymous</username><pt><x>314</x><y>486</y><time>16-05-21 18:39:52:511</time></pt><pt><x>579</x><y>486</y><time>16-05-21 18:39:55:710</time></pt><pt><x>579</x><y>947</y><time>undefined</time></pt><pt><x>314</x><y>947</y><time>undefined</time></pt><closed_date>16-05-21 18:39:55:710</closed_date></polygon></object><object><name>tooth</name><deleted>0</deleted><verified>0</verified><occluded>no</occluded><attributes>34</attributes><parts><hasparts /><ispartof /></parts><date>16-05-21 18:40:06:910</date><id>8</id><type>bounding_box</type><polygon><username>anonymous</username><pt><x>70</x><y>514</y><time>16-05-21 18:40:00:884</time></pt><pt><x>329</x><y>514</y><time>16-05-21 18:40:03:422</time></pt><pt><x>329</x><y>945</y><time>undefined</time></pt><pt><x>70</x><y>945</y><time>undefined</time></pt><closed_date>16-05-21 18:40:03:423</closed_date></polygon></object><object><name>tooth</name><deleted>0</deleted><verified>0</verified><occluded>no</occluded><attributes>33</attributes><parts><hasparts /><ispartof /></parts><date>16-05-21 18:40:16:614</date><id>9</id><type>bounding_box</type><polygon><username>anonymous</username><pt><x>181</x><y>512</y><time>16-05-21 18:40:09:392</time></pt><pt><x>1</x><y>512</y><time>16-05-21 18:40:12:672</time></pt><pt><x>1</x><y>945</y><time>undefined</time></pt><pt><x>181</x><y>945</y><time>undefined</time></pt><closed_date>16-05-21 18:40:12:672</closed_date></polygon></object><object><name>restoration</name><deleted>0</deleted><verified>0</verified><occluded>no</occluded><attributes /><parts><hasparts /><ispartof>1</ispartof></parts><date>16-05-21 18:40:46:696</date><id>10</id><polygon><username>anonymous</username><pt><x>716</x><y>298</y><time>16-05-21 18:40:37:715</time></pt><pt><x>725</x><y>322</y><time>16-05-21 18:40:38:169</time></pt><pt><x>734</x><y>335</y><time>16-05-21 18:40:38:481</time></pt><pt><x>743</x><y>349</y><time>16-05-21 18:40:38:729</time></pt><pt><x>750</x><y>354</y><time>16-05-21 18:40:39:001</time></pt><pt><x>758</x><y>354</y><time>16-05-21 18:40:39:249</time></pt><pt><x>765</x><y>343</y><time>16-05-21 18:40:39:517</time></pt><pt><x>770</x><y>335</y><time>16-05-21 18:40:39:776</time></pt><pt><x>770</x><y>322</y><time>16-05-21 18:40:40:041</time></pt><pt><x>772</x><y>307</y><time>16-05-21 18:40:40:278</time></pt><pt><x>776</x><y>303</y><time>16-05-21 18:40:40:544</time></pt><pt><x>776</x><y>291</y><time>16-05-21 18:40:40:856</time></pt><pt><x>776</x><y>284</y><time>16-05-21 18:40:41:033</time></pt><pt><x>774</x><y>279</y><time>16-05-21 18:40:41:297</time></pt><pt><x>767</x><y>275</y><time>16-05-21 18:40:41:521</time></pt><pt><x>758</x><y>272</y><time>16-05-21 18:40:41:785</time></pt><pt><x>751</x><y>270</y><time>16-05-21 18:40:41:993</time></pt><pt><x>743</x><y>270</y><time>16-05-21 18:40:42:196</time></pt><pt><x>730</x><y>279</y><time>16-05-21 18:40:42:393</time></pt><pt><x>723</x><y>284</y><time>16-05-21 18:40:42:585</time></pt><closed_date>16-05-21 18:40:43:061</closed_date></polygon></object><object><name>restoration</name><deleted>0</deleted><verified>0</verified><occluded>no</occluded><attributes /><parts><hasparts /><ispartof>2</ispartof></parts><date>16-05-21 18:41:15:167</date><id>11</id><polygon><username>anonymous</username><pt><x>448</x><y>338</y><time>16-05-21 18:41:03:323</time></pt><pt><x>453</x><y>307</y><time>16-05-21 18:41:03:880</time></pt><pt><x>450</x><y>289</y><time>16-05-21 18:41:04:338</time></pt><pt><x>432</x><y>282</y><time>16-05-21 18:41:04:644</time></pt><pt><x>432</x><y>282</y><time>16-05-21 18:41:04:997</time></pt><pt><x>431</x><y>277</y><time>16-05-21 18:41:05:444</time></pt><pt><x>434</x><y>265</y><time>16-05-21 18:41:05:745</time></pt><pt><x>434</x><y>260</y><time>16-05-21 18:41:06:033</time></pt><pt><x>431</x><y>242</y><time>16-05-21 18:41:06:297</time></pt><pt><x>425</x><y>235</y><time>16-05-21 18:41:06:552</time></pt><pt><x>418</x><y>234</y><time>16-05-21 18:41:06:809</time></pt><pt><x>413</x><y>232</y><time>16-05-21 18:41:07:055</time></pt><pt><x>401</x><y>232</y><time>16-05-21 18:41:07:285</time></pt><pt><x>387</x><y>234</y><time>16-05-21 18:41:07:497</time></pt><pt><x>380</x><y>237</y><time>16-05-21 18:41:07:724</time></pt><pt><x>373</x><y>242</y><time>16-05-21 18:41:08:073</time></pt><pt><x>366</x><y>256</y><time>16-05-21 18:41:08:561</time></pt><pt><x>363</x><y>316</y><time>16-05-21 18:41:09:526</time></pt><pt><x>363</x><y>335</y><time>16-05-21 18:41:10:416</time></pt><pt><x>377</x><y>345</y><time>16-05-21 18:41:10:775</time></pt><pt><x>394</x><y>333</y><time>16-05-21 18:41:11:272</time></pt><pt><x>410</x><y>333</y><time>16-05-21 18:41:11:641</time></pt><pt><x>427</x><y>336</y><time>16-05-21 18:41:11:904</time></pt><pt><x>434</x><y>342</y><time>16-05-21 18:41:12:153</time></pt><closed_date>16-05-21 18:41:12:574</closed_date></polygon></object><object><name>restoration</name><deleted>0</deleted><verified>0</verified><occluded>no</occluded><attributes /><parts><hasparts /><ispartof>3</ispartof></parts><date>16-05-21 18:41:49:020</date><id>12</id><polygon><username>anonymous</username><pt><x>207</x><y>349</y><time>16-05-21 18:41:33:243</time></pt><pt><x>241</x><y>357</y><time>16-05-21 18:41:33:924</time></pt><pt><x>275</x><y>354</y><time>16-05-21 18:41:34:369</time></pt><pt><x>289</x><y>347</y><time>16-05-21 18:41:34:673</time></pt><pt><x>302</x><y>338</y><time>16-05-21 18:41:35:065</time></pt><pt><x>303</x><y>329</y><time>16-05-21 18:41:35:542</time></pt><pt><x>312</x><y>324</y><time>16-05-21 18:41:35:951</time></pt><pt><x>329</x><y>312</y><time>16-05-21 18:41:36:257</time></pt><pt><x>333</x><y>310</y><time>16-05-21 18:41:36:543</time></pt><pt><x>345</x><y>296</y><time>16-05-21 18:41:36:963</time></pt><pt><x>343</x><y>270</y><time>16-05-21 18:41:37:560</time></pt><pt><x>350</x><y>227</y><time>16-05-21 18:41:38:409</time></pt><pt><x>342</x><y>213</y><time>16-05-21 18:41:39:015</time></pt><pt><x>321</x><y>206</y><time>16-05-21 18:41:39:337</time></pt><pt><x>303</x><y>221</y><time>16-05-21 18:41:39:785</time></pt><pt><x>289</x><y>228</y><time>16-05-21 18:41:40:165</time></pt><pt><x>281</x><y>242</y><time>16-05-21 18:41:40:465</time></pt><pt><x>275</x><y>256</y><time>16-05-21 18:41:40:713</time></pt><pt><x>268</x><y>268</y><time>16-05-21 18:41:40:960</time></pt><pt><x>258</x><y>274</y><time>16-05-21 18:41:41:233</time></pt><pt><x>249</x><y>277</y><time>16-05-21 18:41:41:473</time></pt><pt><x>234</x><y>284</y><time>16-05-21 18:41:41:707</time></pt><pt><x>221</x><y>288</y><time>16-05-21 18:41:41:904</time></pt><pt><x>221</x><y>300</y><time>16-05-21 18:41:42:121</time></pt><pt><x>218</x><y>309</y><time>16-05-21 18:41:42:353</time></pt><pt><x>211</x><y>314</y><time>16-05-21 18:41:42:552</time></pt><pt><x>207</x><y>321</y><time>16-05-21 18:41:42:746</time></pt><closed_date>16-05-21 18:41:42:938</closed_date></polygon></object><object><name>restoration</name><deleted>0</deleted><verified>0</verified><occluded>no</occluded><attributes /><parts><hasparts /><ispartof>5</ispartof></parts><date>16-05-21 18:42:31:608</date><id>13</id><polygon><username>anonymous</username><pt><x>1027</x><y>511</y><time>16-05-21 18:42:08:286</time></pt><pt><x>1063</x><y>509</y><time>16-05-21 18:42:09:385</time></pt><pt><x>1072</x><y>499</y><time>16-05-21 18:42:10:033</time></pt><pt><x>1076</x><y>488</y><time>16-05-21 18:42:10:482</time></pt><pt><x>1076</x><y>474</y><time>16-05-21 18:42:10:897</time></pt><pt><x>1088</x><y>472</y><time>16-05-21 18:42:11:437</time></pt><pt><x>1100</x><y>469</y><time>16-05-21 18:42:11:794</time></pt><pt><x>1107</x><y>465</y><time>16-05-21 18:42:11:993</time></pt><pt><x>1126</x><y>453</y><time>16-05-21 18:42:12:420</time></pt><pt><x>1128</x><y>453</y><time>16-05-21 18:42:12:602</time></pt><pt><x>1154</x><y>453</y><time>16-05-21 18:42:12:826</time></pt><pt><x>1164</x><y>451</y><time>16-05-21 18:42:13:004</time></pt><pt><x>1166</x><y>451</y><time>16-05-21 18:42:13:238</time></pt><pt><x>1173</x><y>443</y><time>16-05-21 18:42:13:466</time></pt><pt><x>1178</x><y>441</y><time>16-05-21 18:42:13:721</time></pt><pt><x>1187</x><y>427</y><time>16-05-21 18:42:13:946</time></pt><pt><x>1189</x><y>404</y><time>16-05-21 18:42:14:161</time></pt><pt><x>1189</x><y>397</y><time>16-05-21 18:42:14:582</time></pt><pt><x>1185</x><y>392</y><time>16-05-21 18:42:14:868</time></pt><pt><x>1171</x><y>387</y><time>16-05-21 18:42:15:126</time></pt><pt><x>1152</x><y>387</y><time>16-05-21 18:42:15:375</time></pt><pt><x>1137</x><y>394</y><time>16-05-21 18:42:15:600</time></pt><pt><x>1135</x><y>396</y><time>16-05-21 18:42:15:809</time></pt><pt><x>1131</x><y>396</y><time>16-05-21 18:42:16:225</time></pt><pt><x>1116</x><y>389</y><time>16-05-21 18:42:16:812</time></pt><pt><x>1109</x><y>387</y><time>16-05-21 18:42:17:098</time></pt><pt><x>1093</x><y>392</y><time>16-05-21 18:42:17:405</time></pt><pt><x>1082</x><y>396</y><time>16-05-21 18:42:17:653</time></pt><pt><x>1069</x><y>401</y><time>16-05-21 18:42:17:873</time></pt><pt><x>1055</x><y>403</y><time>16-05-21 18:42:18:121</time></pt><pt><x>1044</x><y>403</y><time>16-05-21 18:42:18:331</time></pt><pt><x>1035</x><y>420</y><time>16-05-21 18:42:18:697</time></pt><pt><x>1046</x><y>432</y><time>16-05-21 18:42:19:353</time></pt><pt><x>1037</x><y>444</y><time>16-05-21 18:42:19:886</time></pt><pt><x>1023</x><y>444</y><time>16-05-21 18:42:20:159</time></pt><pt><x>1013</x><y>443</y><time>16-05-21 18:42:20:392</time></pt><pt><x>1002</x><y>439</y><time>16-05-21 18:42:20:578</time></pt><pt><x>995</x><y>438</y><time>16-05-21 18:42:20:801</time></pt><pt><x>988</x><y>436</y><time>16-05-21 18:42:21:027</time></pt><pt><x>978</x><y>432</y><time>16-05-21 18:42:21:233</time></pt><pt><x>974</x><y>429</y><time>16-05-21 18:42:21:473</time></pt><pt><x>967</x><y>425</y><time>16-05-21 18:42:21:713</time></pt><pt><x>960</x><y>422</y><time>16-05-21 18:42:21:906</time></pt><pt><x>957</x><y>418</y><time>16-05-21 18:42:22:137</time></pt><pt><x>945</x><y>422</y><time>16-05-21 18:42:22:354</time></pt><pt><x>938</x><y>439</y><time>16-05-21 18:42:22:569</time></pt><pt><x>934</x><y>446</y><time>16-05-21 18:42:22:786</time></pt><pt><x>938</x><y>453</y><time>16-05-21 18:42:23:202</time></pt><pt><x>938</x><y>455</y><time>16-05-21 18:42:23:449</time></pt><pt><x>938</x><y>462</y><time>16-05-21 18:42:23:686</time></pt><pt><x>938</x><y>472</y><time>16-05-21 18:42:23:922</time></pt><pt><x>936</x><y>476</y><time>16-05-21 18:42:24:153</time></pt><pt><x>933</x><y>479</y><time>16-05-21 18:42:24:377</time></pt><pt><x>929</x><y>488</y><time>16-05-21 18:42:24:589</time></pt><pt><x>933</x><y>497</y><time>16-05-21 18:42:24:803</time></pt><pt><x>936</x><y>502</y><time>16-05-21 18:42:25:000</time></pt><pt><x>941</x><y>507</y><time>16-05-21 18:42:25:201</time></pt><pt><x>947</x><y>511</y><time>16-05-21 18:42:25:410</time></pt><pt><x>952</x><y>512</y><time>16-05-21 18:42:25:618</time></pt><pt><x>960</x><y>514</y><time>16-05-21 18:42:25:801</time></pt><pt><x>971</x><y>514</y><time>16-05-21 18:42:26:024</time></pt><pt><x>976</x><y>504</y><time>16-05-21 18:42:26:265</time></pt><pt><x>976</x><y>493</y><time>16-05-21 18:42:26:525</time></pt><pt><x>976</x><y>493</y><time>16-05-21 18:42:26:669</time></pt><pt><x>988</x><y>500</y><time>16-05-21 18:42:27:133</time></pt><pt><x>999</x><y>506</y><time>16-05-21 18:42:27:368</time></pt><pt><x>1009</x><y>512</y><time>16-05-21 18:42:27:565</time></pt><closed_date>16-05-21 18:42:28:106</closed_date></polygon></object><imagesize><nrows /><ncols /></imagesize></annotation>