<?xml version='1.0' encoding='UTF-8'?>
<annotation><filename>imagem-076.jpg</filename><folder>segmentation_xray</folder><source><sourceImage>The MIT-CSAIL database of objects and scenes</sourceImage><sourceAnnotation>LabelMe Webtool</sourceAnnotation></source><object><name>tooth</name><deleted>0</deleted><verified>0</verified><occluded>no</occluded><attributes>16</attributes><parts><hasparts /><ispartof /></parts><date>19-05-21 11:33:36:304</date><id>0</id><type>bounding_box</type><polygon><username>anonymous</username><pt><x>229</x><y>262</y><time>19-05-21 11:33:29:035</time></pt><pt><x>1</x><y>262</y><time>19-05-21 11:33:32:702</time></pt><pt><x>1</x><y>1</y><time>undefined</time></pt><pt><x>229</x><y>1</y><time>undefined</time></pt><closed_date>19-05-21 11:33:32:703</closed_date></polygon></object><object><name>tooth</name><deleted>0</deleted><verified>0</verified><occluded>no</occluded><attributes>55</attributes><parts><hasparts /><ispartof /></parts><date>19-05-21 11:33:44:986</date><id>1</id><type>bounding_box</type><polygon><username>anonymous</username><pt><x>474</x><y>299</y><time>19-05-21 11:33:38:553</time></pt><pt><x>202</x><y>299</y><time>19-05-21 11:33:41:839</time></pt><pt><x>202</x><y>1</y><time>undefined</time></pt><pt><x>474</x><y>1</y><time>undefined</time></pt><closed_date>19-05-21 11:33:41:840</closed_date></polygon></object><object><name>tooth</name><deleted>0</deleted><verified>0</verified><occluded>no</occluded><attributes>54</attributes><parts><hasparts /><ispartof /></parts><date>19-05-21 11:33:51:417</date><id>2</id><type>bounding_box</type><polygon><username>anonymous</username><pt><x>652</x><y>314</y><time>19-05-21 11:33:46:304</time></pt><pt><x>441</x><y>314</y><time>19-05-21 11:33:48:430</time></pt><pt><x>441</x><y>1</y><time>undefined</time></pt><pt><x>652</x><y>1</y><time>undefined</time></pt><closed_date>19-05-21 11:33:48:430</closed_date></polygon></object><object><name>tooth</name><deleted>0</deleted><verified>0</verified><occluded>no</occluded><attributes>53</attributes><parts><hasparts /><ispartof /></parts><date>19-05-21 11:33:59:371</date><id>3</id><type>bounding_box</type><polygon><username>anonymous</username><pt><x>854</x><y>339</y><time>19-05-21 11:33:52:851</time></pt><pt><x>637</x><y>339</y><time>19-05-21 11:33:54:881</time></pt><pt><x>637</x><y>2</y><time>undefined</time></pt><pt><x>854</x><y>2</y><time>undefined</time></pt><closed_date>19-05-21 11:33:54:881</closed_date></polygon></object><object><name>tooth</name><deleted>0</deleted><verified>0</verified><occluded>no</occluded><attributes>12</attributes><parts><hasparts /><ispartof /></parts><date>19-05-21 11:34:10:307</date><id>4</id><type>bounding_box</type><polygon><username>anonymous</username><pt><x>857</x><y>328</y><time>19-05-21 11:34:02:633</time></pt><pt><x>1020</x><y>328</y><time>19-05-21 11:34:06:751</time></pt><pt><x>1020</x><y>4</y><time>undefined</time></pt><pt><x>857</x><y>4</y><time>undefined</time></pt><closed_date>19-05-21 11:34:06:752</closed_date></polygon></object><object><name>tooth</name><deleted>0</deleted><verified>0</verified><occluded>no</occluded><attributes>46</attributes><parts><hasparts /><ispartof /></parts><date>19-05-21 11:34:24:042</date><id>5</id><type>bounding_box</type><polygon><username>anonymous</username><pt><x>222</x><y>268</y><time>19-05-21 11:34:14:961</time></pt><pt><x>1</x><y>268</y><time>19-05-21 11:34:20:424</time></pt><pt><x>1</x><y>631</y><time>undefined</time></pt><pt><x>222</x><y>631</y><time>undefined</time></pt><closed_date>19-05-21 11:34:20:424</closed_date></polygon></object><object><name>tooth</name><deleted>0</deleted><verified>0</verified><occluded>no</occluded><attributes>85</attributes><parts><hasparts /><ispartof /></parts><date>19-05-21 11:34:32:606</date><id>6</id><type>bounding_box</type><polygon><username>anonymous</username><pt><x>484</x><y>328</y><time>19-05-21 11:34:26:719</time></pt><pt><x>131</x><y>328</y><time>19-05-21 11:34:29:356</time></pt><pt><x>131</x><y>660</y><time>undefined</time></pt><pt><x>484</x><y>660</y><time>undefined</time></pt><closed_date>19-05-21 11:34:29:357</closed_date></polygon></object><object><name>tooth</name><deleted>0</deleted><verified>0</verified><occluded>no</occluded><attributes>84</attributes><parts><hasparts /><ispartof /></parts><date>19-05-21 11:34:42:949</date><id>7</id><type>bounding_box</type><polygon><username>anonymous</username><pt><x>713</x><y>386</y><time>19-05-21 11:34:34:854</time></pt><pt><x>420</x><y>386</y><time>19-05-21 11:34:39:471</time></pt><pt><x>420</x><y>659</y><time>undefined</time></pt><pt><x>713</x><y>659</y><time>undefined</time></pt><closed_date>19-05-21 11:34:39:471</closed_date></polygon></object><object><name>tooth</name><deleted>0</deleted><verified>0</verified><occluded>no</occluded><attributes>83</attributes><parts><hasparts /><ispartof /></parts><date>19-05-21 11:34:52:849</date><id>8</id><type>bounding_box</type><polygon><username>anonymous</username><pt><x>906</x><y>384</y><time>19-05-21 11:34:44:855</time></pt><pt><x>675</x><y>384</y><time>19-05-21 11:34:47:486</time></pt><pt><x>675</x><y>660</y><time>undefined</time></pt><pt><x>906</x><y>660</y><time>undefined</time></pt><closed_date>19-05-21 11:34:47:486</closed_date></polygon></object><imagesize><nrows /><ncols /></imagesize></annotation>