<?xml version='1.0' encoding='UTF-8'?>
<annotation><filename>imagem-052.jpg</filename><folder>segmentation_xray</folder><source><sourceImage>The MIT-CSAIL database of objects and scenes</sourceImage><sourceAnnotation>LabelMe Webtool</sourceAnnotation></source><object><name>tooth</name><deleted>0</deleted><verified>0</verified><occluded>no</occluded><attributes>17</attributes><parts><hasparts /><ispartof /></parts><date>30-05-21 16:02:49:755</date><id>0</id><type>bounding_box</type><polygon><username>anonymous</username><pt><x>331</x><y>392</y><time>30-05-21 16:02:41:327</time></pt><pt><x>680</x><y>392</y><time>30-05-21 16:02:43:676</time></pt><pt><x>680</x><y>5</y><time>undefined</time></pt><pt><x>331</x><y>5</y><time>undefined</time></pt><closed_date>30-05-21 16:02:43:678</closed_date></polygon></object><object><name>tooth</name><deleted>0</deleted><verified>0</verified><occluded>no</occluded><attributes>16</attributes><parts><hasparts>7,8</hasparts><ispartof /></parts><date>30-05-21 16:02:58:465</date><id>1</id><type>bounding_box</type><polygon><username>anonymous</username><pt><x>661</x><y>413</y><time>30-05-21 16:02:51:917</time></pt><pt><x>1016</x><y>413</y><time>30-05-21 16:02:53:492</time></pt><pt><x>1016</x><y>5</y><time>undefined</time></pt><pt><x>661</x><y>5</y><time>undefined</time></pt><closed_date>30-05-21 16:02:53:492</closed_date></polygon></object><object><name>tooth</name><deleted>0</deleted><verified>0</verified><occluded>no</occluded><attributes>15</attributes><parts><hasparts>9</hasparts><ispartof /></parts><date>30-05-21 16:03:07:433</date><id>2</id><type>bounding_box</type><polygon><username>anonymous</username><pt><x>999</x><y>404</y><time>30-05-21 16:03:00:261</time></pt><pt><x>1218</x><y>404</y><time>30-05-21 16:03:04:371</time></pt><pt><x>1218</x><y>2</y><time>undefined</time></pt><pt><x>999</x><y>2</y><time>undefined</time></pt><closed_date>30-05-21 16:03:04:372</closed_date></polygon></object><object><name>tooth</name><deleted>0</deleted><verified>0</verified><occluded>no</occluded><attributes>48</attributes><parts><hasparts /><ispartof /></parts><date>30-05-21 16:03:17:740</date><id>3</id><type>bounding_box</type><polygon><username>anonymous</username><pt><x>9</x><y>415</y><time>30-05-21 16:03:10:786</time></pt><pt><x>352</x><y>415</y><time>30-05-21 16:03:13:428</time></pt><pt><x>352</x><y>947</y><time>undefined</time></pt><pt><x>9</x><y>947</y><time>undefined</time></pt><closed_date>30-05-21 16:03:13:428</closed_date></polygon></object><object><name>tooth</name><deleted>0</deleted><verified>0</verified><occluded>no</occluded><attributes>47</attributes><parts><hasparts>11</hasparts><ispartof /></parts><date>30-05-21 16:03:25:585</date><id>4</id><type>bounding_box</type><polygon><username>anonymous</username><pt><x>716</x><y>431</y><time>30-05-21 16:03:19:867</time></pt><pt><x>258</x><y>431</y><time>30-05-21 16:03:22:116</time></pt><pt><x>258</x><y>947</y><time>undefined</time></pt><pt><x>716</x><y>947</y><time>undefined</time></pt><closed_date>30-05-21 16:03:22:117</closed_date></polygon></object><object><name>tooth</name><deleted>0</deleted><verified>0</verified><occluded>no</occluded><attributes>46</attributes><parts><hasparts>10</hasparts><ispartof /></parts><date>30-05-21 16:03:33:255</date><id>5</id><type>bounding_box</type><polygon><username>anonymous</username><pt><x>1067</x><y>488</y><time>30-05-21 16:03:27:503</time></pt><pt><x>713</x><y>488</y><time>30-05-21 16:03:29:734</time></pt><pt><x>713</x><y>950</y><time>undefined</time></pt><pt><x>1067</x><y>950</y><time>undefined</time></pt><closed_date>30-05-21 16:03:29:734</closed_date></polygon></object><object><name>tooth</name><deleted>0</deleted><verified>0</verified><occluded>no</occluded><attributes>45</attributes><parts><hasparts /><ispartof /></parts><date>30-05-21 16:03:41:770</date><id>6</id><type>bounding_box</type><polygon><username>anonymous</username><pt><x>1072</x><y>493</y><time>30-05-21 16:03:35:095</time></pt><pt><x>1211</x><y>493</y><time>30-05-21 16:03:38:264</time></pt><pt><x>1211</x><y>931</y><time>undefined</time></pt><pt><x>1072</x><y>931</y><time>undefined</time></pt><closed_date>30-05-21 16:03:38:264</closed_date></polygon></object><object><name>restoration</name><deleted>0</deleted><verified>0</verified><occluded>no</occluded><attributes /><parts><hasparts /><ispartof>1</ispartof></parts><date>30-05-21 16:04:09:468</date><id>7</id><polygon><username>anonymous</username><pt><x>734</x><y>347</y><time>30-05-21 16:04:01:108</time></pt><pt><x>746</x><y>307</y><time>30-05-21 16:04:01:895</time></pt><pt><x>777</x><y>317</y><time>30-05-21 16:04:02:555</time></pt><pt><x>802</x><y>335</y><time>30-05-21 16:04:03:115</time></pt><pt><x>807</x><y>371</y><time>30-05-21 16:04:03:987</time></pt><pt><x>783</x><y>373</y><time>30-05-21 16:04:04:795</time></pt><pt><x>770</x><y>361</y><time>30-05-21 16:04:05:257</time></pt><pt><x>743</x><y>361</y><time>30-05-21 16:04:05:699</time></pt><closed_date>30-05-21 16:04:06:388</closed_date></polygon></object><object><name>restoration</name><deleted>0</deleted><verified>0</verified><occluded>no</occluded><attributes /><parts><hasparts /><ispartof>1</ispartof></parts><date>30-05-21 16:04:21:698</date><id>8</id><polygon><username>anonymous</username><pt><x>833</x><y>347</y><time>30-05-21 16:04:13:350</time></pt><pt><x>838</x><y>312</y><time>30-05-21 16:04:14:429</time></pt><pt><x>886</x><y>305</y><time>30-05-21 16:04:15:366</time></pt><pt><x>896</x><y>324</y><time>30-05-21 16:04:15:919</time></pt><pt><x>898</x><y>352</y><time>30-05-21 16:04:16:443</time></pt><pt><x>880</x><y>352</y><time>30-05-21 16:04:17:052</time></pt><pt><x>856</x><y>352</y><time>30-05-21 16:04:17:536</time></pt><pt><x>844</x><y>359</y><time>30-05-21 16:04:18:114</time></pt><closed_date>30-05-21 16:04:18:804</closed_date></polygon></object><object><name>restoration</name><deleted>0</deleted><verified>0</verified><occluded>no</occluded><attributes /><parts><hasparts /><ispartof>2</ispartof></parts><date>30-05-21 16:04:44:827</date><id>9</id><polygon><username>anonymous</username><pt><x>1213</x><y>268</y><time>30-05-21 16:04:32:268</time></pt><pt><x>1171</x><y>268</y><time>30-05-21 16:04:33:033</time></pt><pt><x>1157</x><y>293</y><time>30-05-21 16:04:33:973</time></pt><pt><x>1157</x><y>322</y><time>30-05-21 16:04:35:588</time></pt><pt><x>1112</x><y>305</y><time>30-05-21 16:04:37:115</time></pt><pt><x>1062</x><y>305</y><time>30-05-21 16:04:37:829</time></pt><pt><x>1051</x><y>317</y><time>30-05-21 16:04:38:548</time></pt><pt><x>1079</x><y>336</y><time>30-05-21 16:04:39:013</time></pt><pt><x>1107</x><y>347</y><time>30-05-21 16:04:39:315</time></pt><pt><x>1135</x><y>356</y><time>30-05-21 16:04:39:573</time></pt><pt><x>1203</x><y>359</y><time>30-05-21 16:04:40:117</time></pt><pt><x>1210</x><y>342</y><time>30-05-21 16:04:40:708</time></pt><pt><x>1218</x><y>321</y><time>30-05-21 16:04:41:479</time></pt><closed_date>30-05-21 16:04:41:960</closed_date></polygon></object><object><name>restoration</name><deleted>0</deleted><verified>0</verified><occluded>no</occluded><attributes /><parts><hasparts /><ispartof>5</ispartof></parts><date>30-05-21 16:05:33:466</date><id>10</id><polygon><username>anonymous</username><pt><x>873</x><y>593</y><time>30-05-21 16:05:21:615</time></pt><pt><x>891</x><y>607</y><time>30-05-21 16:05:22:262</time></pt><pt><x>912</x><y>600</y><time>30-05-21 16:05:22:996</time></pt><pt><x>927</x><y>610</y><time>30-05-21 16:05:23:628</time></pt><pt><x>943</x><y>610</y><time>30-05-21 16:05:24:447</time></pt><pt><x>955</x><y>586</y><time>30-05-21 16:05:24:916</time></pt><pt><x>952</x><y>567</y><time>30-05-21 16:05:25:355</time></pt><pt><x>943</x><y>549</y><time>30-05-21 16:05:25:725</time></pt><pt><x>927</x><y>546</y><time>30-05-21 16:05:26:109</time></pt><pt><x>906</x><y>546</y><time>30-05-21 16:05:26:461</time></pt><pt><x>899</x><y>547</y><time>30-05-21 16:05:26:699</time></pt><pt><x>882</x><y>554</y><time>30-05-21 16:05:26:939</time></pt><pt><x>858</x><y>556</y><time>30-05-21 16:05:27:172</time></pt><pt><x>844</x><y>556</y><time>30-05-21 16:05:27:379</time></pt><pt><x>805</x><y>549</y><time>30-05-21 16:05:27:589</time></pt><pt><x>784</x><y>546</y><time>30-05-21 16:05:27:804</time></pt><pt><x>804</x><y>561</y><time>30-05-21 16:05:28:939</time></pt><pt><x>824</x><y>570</y><time>30-05-21 16:05:29:302</time></pt><pt><x>837</x><y>572</y><time>30-05-21 16:05:29:548</time></pt><pt><x>856</x><y>573</y><time>30-05-21 16:05:29:772</time></pt><pt><x>865</x><y>575</y><time>30-05-21 16:05:29:972</time></pt><pt><x>875</x><y>575</y><time>30-05-21 16:05:30:219</time></pt><closed_date>30-05-21 16:05:30:692</closed_date></polygon></object><object><name>restoration</name><deleted>0</deleted><verified>0</verified><occluded>no</occluded><attributes /><parts><hasparts /><ispartof>4</ispartof></parts><date>30-05-21 16:06:09:522</date><id>11</id><polygon><username>anonymous</username><pt><x>417</x><y>500</y><time>30-05-21 16:05:45:436</time></pt><pt><x>417</x><y>532</y><time>30-05-21 16:05:46:076</time></pt><pt><x>431</x><y>560</y><time>30-05-21 16:05:46:572</time></pt><pt><x>450</x><y>558</y><time>30-05-21 16:05:47:036</time></pt><pt><x>478</x><y>547</y><time>30-05-21 16:05:47:469</time></pt><pt><x>511</x><y>558</y><time>30-05-21 16:05:48:308</time></pt><pt><x>530</x><y>553</y><time>30-05-21 16:05:49:017</time></pt><pt><x>537</x><y>560</y><time>30-05-21 16:05:49:595</time></pt><pt><x>537</x><y>580</y><time>30-05-21 16:05:49:924</time></pt><pt><x>553</x><y>584</y><time>30-05-21 16:05:50:434</time></pt><pt><x>554</x><y>584</y><time>30-05-21 16:05:50:707</time></pt><pt><x>560</x><y>598</y><time>30-05-21 16:05:51:005</time></pt><pt><x>560</x><y>603</y><time>30-05-21 16:05:51:220</time></pt><pt><x>573</x><y>603</y><time>30-05-21 16:05:51:645</time></pt><pt><x>605</x><y>614</y><time>30-05-21 16:05:52:709</time></pt><pt><x>617</x><y>596</y><time>30-05-21 16:05:53:212</time></pt><pt><x>638</x><y>584</y><time>30-05-21 16:05:53:659</time></pt><pt><x>652</x><y>598</y><time>30-05-21 16:05:54:237</time></pt><pt><x>692</x><y>586</y><time>30-05-21 16:05:54:819</time></pt><pt><x>711</x><y>542</y><time>30-05-21 16:05:55:477</time></pt><pt><x>696</x><y>521</y><time>30-05-21 16:05:56:059</time></pt><pt><x>655</x><y>504</y><time>30-05-21 16:05:56:580</time></pt><pt><x>640</x><y>497</y><time>30-05-21 16:05:57:127</time></pt><pt><x>638</x><y>511</y><time>30-05-21 16:05:57:652</time></pt><pt><x>626</x><y>514</y><time>30-05-21 16:05:58:235</time></pt><pt><x>600</x><y>514</y><time>30-05-21 16:05:58:716</time></pt><pt><x>568</x><y>528</y><time>30-05-21 16:05:59:236</time></pt><pt><x>573</x><y>504</y><time>30-05-21 16:06:00:436</time></pt><pt><x>567</x><y>486</y><time>30-05-21 16:06:00:908</time></pt><pt><x>553</x><y>504</y><time>30-05-21 16:06:01:469</time></pt><pt><x>535</x><y>506</y><time>30-05-21 16:06:01:889</time></pt><pt><x>523</x><y>490</y><time>30-05-21 16:06:02:353</time></pt><pt><x>506</x><y>495</y><time>30-05-21 16:06:02:749</time></pt><pt><x>497</x><y>490</y><time>30-05-21 16:06:03:046</time></pt><pt><x>481</x><y>471</y><time>30-05-21 16:06:03:347</time></pt><pt><x>462</x><y>458</y><time>30-05-21 16:06:03:820</time></pt><pt><x>443</x><y>471</y><time>30-05-21 16:06:04:283</time></pt><pt><x>406</x><y>476</y><time>30-05-21 16:06:04:916</time></pt><closed_date>30-05-21 16:06:05:532</closed_date></polygon></object><imagesize><nrows /><ncols /></imagesize></annotation>