<?xml version='1.0' encoding='UTF-8'?>
<annotation><filename>imagem-034.jpg</filename><folder>segmentation_xray</folder><source><sourceImage>The MIT-CSAIL database of objects and scenes</sourceImage><sourceAnnotation>LabelMe Webtool</sourceAnnotation></source><object><name>tooth</name><deleted>0</deleted><verified>0</verified><occluded>no</occluded><attributes>17</attributes><parts><hasparts /><ispartof /></parts><date>14-05-21 08:47:38:964</date><id>0</id><type>bounding_box</type><polygon><username>anonymous</username><pt><x>2468</x><y>1384</y><time>14-05-21 08:47:19:963</time></pt><pt><x>3611</x><y>1384</y><time>14-05-21 08:47:25:910</time></pt><pt><x>3611</x><y>1</y><time>undefined</time></pt><pt><x>2468</x><y>1</y><time>undefined</time></pt><closed_date>14-05-21 08:47:25:910</closed_date></polygon></object><object><name>tooth</name><deleted>0</deleted><verified>0</verified><occluded>no</occluded><attributes>16</attributes><parts><hasparts>8</hasparts><ispartof /></parts><date>14-05-21 08:48:56:964</date><id>1</id><type>bounding_box</type><polygon><username>anonymous</username><pt><x>1384</x><y>1488</y><time>14-05-21 08:48:41:982</time></pt><pt><x>2550</x><y>1488</y><time>14-05-21 08:48:47:326</time></pt><pt><x>2550</x><y>5</y><time>undefined</time></pt><pt><x>1384</x><y>5</y><time>undefined</time></pt><closed_date>14-05-21 08:48:47:326</closed_date></polygon></object><object><name>tooth</name><deleted>0</deleted><verified>0</verified><occluded>no</occluded><attributes>14</attributes><parts><hasparts /><ispartof /></parts><date>14-05-21 08:49:25:992</date><id>2</id><type>bounding_box</type><polygon><username>anonymous</username><pt><x>32</x><y>1521</y><time>14-05-21 08:49:10:547</time></pt><pt><x>771</x><y>1521</y><time>14-05-21 08:49:17:487</time></pt><pt><x>771</x><y>1</y><time>undefined</time></pt><pt><x>32</x><y>1</y><time>undefined</time></pt><closed_date>14-05-21 08:49:17:487</closed_date></polygon></object><object><name>tooth</name><deleted>0</deleted><verified>0</verified><occluded>no</occluded><attributes>15</attributes><parts><hasparts /><ispartof /></parts><date>14-05-21 08:50:17:064</date><id>3</id><type>bounding_box</type><polygon><username>anonymous</username><pt><x>657</x><y>1494</y><time>14-05-21 08:49:59:527</time></pt><pt><x>1472</x><y>1494</y><time>14-05-21 08:50:09:751</time></pt><pt><x>1472</x><y>11</y><time>undefined</time></pt><pt><x>657</x><y>11</y><time>undefined</time></pt><closed_date>14-05-21 08:50:09:751</closed_date></polygon></object><object><name>tooth</name><deleted>0</deleted><verified>0</verified><occluded>no</occluded><attributes>44</attributes><parts><hasparts /><ispartof /></parts><date>14-05-21 08:50:51:301</date><id>4</id><type>bounding_box</type><polygon><username>anonymous</username><pt><x>60</x><y>1707</y><time>14-05-21 08:50:36:540</time></pt><pt><x>766</x><y>1707</y><time>14-05-21 08:50:44:085</time></pt><pt><x>766</x><y>3130</y><time>undefined</time></pt><pt><x>60</x><y>3130</y><time>undefined</time></pt><closed_date>14-05-21 08:50:44:086</closed_date></polygon></object><object><name>tooth</name><deleted>0</deleted><verified>0</verified><occluded>no</occluded><attributes>45</attributes><parts><hasparts /><ispartof /></parts><date>14-05-21 08:51:11:324</date><id>5</id><type>bounding_box</type><polygon><username>anonymous</username><pt><x>1532</x><y>1723</y><time>14-05-21 08:50:55:195</time></pt><pt><x>711</x><y>1723</y><time>14-05-21 08:51:02:959</time></pt><pt><x>711</x><y>3130</y><time>undefined</time></pt><pt><x>1532</x><y>3130</y><time>undefined</time></pt><closed_date>14-05-21 08:51:02:959</closed_date></polygon></object><object><name>tooth</name><deleted>0</deleted><verified>0</verified><occluded>no</occluded><attributes>46</attributes><parts><hasparts /><ispartof /></parts><date>14-05-21 08:51:40:399</date><id>6</id><type>bounding_box</type><polygon><username>anonymous</username><pt><x>1412</x><y>1575.9999999999998</y><time>14-05-21 08:51:28:152</time></pt><pt><x>2905</x><y>1575.9999999999998</y><time>14-05-21 08:51:32:686</time></pt><pt><x>2905</x><y>3130</y><time>undefined</time></pt><pt><x>1412</x><y>3130</y><time>undefined</time></pt><closed_date>14-05-21 08:51:32:686</closed_date></polygon></object><object><name>tooth</name><deleted>0</deleted><verified>0</verified><occluded>no</occluded><attributes>47</attributes><parts><hasparts /><ispartof /></parts><date>14-05-21 08:52:10:503</date><id>7</id><type>bounding_box</type><polygon><username>anonymous</username><pt><x>2593</x><y>1324</y><time>14-05-21 08:51:56:077</time></pt><pt><x>4038</x><y>1324</y><time>14-05-21 08:52:02:653</time></pt><pt><x>4038</x><y>3146</y><time>undefined</time></pt><pt><x>2593</x><y>3146</y><time>undefined</time></pt><closed_date>14-05-21 08:52:02:653</closed_date></polygon></object><imagesize><nrows /><ncols /></imagesize><object><name>restoration</name><deleted>0</deleted><verified>0</verified><occluded>no</occluded><attributes /><parts><hasparts /><ispartof>1</ispartof></parts><date>10-03-22 23:35:51:826</date><id>8</id><polygon><username>anonymous</username><pt><x>2264</x><y>1015</y><time>10-03-22 23:35:46:791</time></pt><pt><x>2164</x><y>988</y><time>10-03-22 23:35:47:221</time></pt><pt><x>2031</x><y>1004</y><time>10-03-22 23:35:47:493</time></pt><pt><x>1981</x><y>1104</y><time>10-03-22 23:35:47:776</time></pt><pt><x>2003</x><y>1210</y><time>10-03-22 23:35:48:000</time></pt><pt><x>2042</x><y>1259</y><time>10-03-22 23:35:48:240</time></pt><pt><x>2136</x><y>1226</y><time>10-03-22 23:35:48:536</time></pt><pt><x>2264</x><y>1187</y><time>10-03-22 23:35:48:861</time></pt><pt><x>2280</x><y>1137</y><time>10-03-22 23:35:49:189</time></pt><closed_date>10-03-22 23:35:49:541</closed_date></polygon></object></annotation>