<?xml version="1.0" encoding="UTF-8"?><annotation><filename>imagem-069.jpg</filename><folder>segmentation_xray</folder><source><sourceImage>The MIT-CSAIL database of objects and scenes</sourceImage><sourceAnnotation>LabelMe Webtool</sourceAnnotation></source><object><name>caries</name><deleted>1</deleted><verified>0</verified><occluded>no</occluded><attributes/><parts><hasparts/><ispartof/></parts><date>23-04-21 00:56:35:274</date><id>0</id><polygon><username>anonymous</username><pt><x>903</x><y>236</y><time>23-04-21 00:52:41:372</time></pt><pt><x>890</x><y>259</y><time>23-04-21 00:52:43:455</time></pt><pt><x>892</x><y>274</y><time>23-04-21 00:52:44:965</time></pt><pt><x>905</x><y>267</y><time>23-04-21 00:52:47:257</time></pt><pt><x>921</x><y>251</y><time>23-04-21 00:52:49:096</time></pt><pt><x>937</x><y>238</y><time>23-04-21 00:52:50:745</time></pt><pt><x>944</x><y>231</y><time>23-04-21 00:52:52:522</time></pt><pt><x>927</x><y>225</y><time>23-04-21 00:52:54:534</time></pt><pt><x>918</x><y>225</y><time>23-04-21 00:52:56:254</time></pt><pt><x>913</x><y>223</y><time>23-04-21 00:52:58:926</time></pt><closed_date>23-04-21 00:53:00:120</closed_date></polygon></object><imagesize><nrows></nrows><ncols></ncols></imagesize><object><name>teste</name><deleted>1</deleted><verified>0</verified><occluded>no</occluded><attributes/><parts><hasparts/><ispartof/></parts><date>04-05-21 11:42:39:340</date><id>1</id><polygon><username>anonymous</username><pt><x>790</x><y>277</y><time>04-05-21 11:42:30:363</time></pt><pt><x>809</x><y>304</y><time>04-05-21 11:42:31:920</time></pt><pt><x>832</x><y>256</y><time>04-05-21 11:42:32:793</time></pt><closed_date>04-05-21 11:42:34:272</closed_date></polygon></object><object><name>tooth</name><deleted>1</deleted><verified>0</verified><occluded>no</occluded><attributes>27</attributes><parts><hasparts></hasparts><ispartof/></parts><date>14-05-21 10:25:36:220</date><id>2</id><type>bounding_box</type><polygon><username>anonymous</username><pt><x>666</x><y>2</y><time>14-05-21 10:24:27:684</time></pt><pt><x>1001</x><y>2</y><time>14-05-21 10:24:40:268</time></pt><pt><x>1001</x><y>385</y><time>undefined</time></pt><pt><x>666</x><y>385</y><time>undefined</time></pt><closed_date>14-05-21 10:24:40:269</closed_date></polygon></object><object><name>restoration</name><deleted>0</deleted><verified>0</verified><occluded>no</occluded><attributes></attributes><parts><hasparts/><ispartof>17</ispartof></parts><date>14-05-21 10:31:16:976</date><id>3</id><polygon><username>anonymous</username><pt><x>889</x><y>263</y><time>14-05-21 10:30:40:355</time></pt><pt><x>895</x><y>270</y><time>14-05-21 10:30:46:910</time></pt><pt><x>903</x><y>267</y><time>14-05-21 10:30:47:827</time></pt><pt><x>909</x><y>264</y><time>14-05-21 10:30:48:339</time></pt><pt><x>916</x><y>261</y><time>14-05-21 10:30:48:735</time></pt><pt><x>919</x><y>252</y><time>14-05-21 10:30:49:119</time></pt><pt><x>920</x><y>245</y><time>14-05-21 10:30:49:599</time></pt><pt><x>927</x><y>241</y><time>14-05-21 10:30:51:013</time></pt><pt><x>933</x><y>241</y><time>14-05-21 10:30:51:538</time></pt><pt><x>942</x><y>239</y><time>14-05-21 10:30:52:026</time></pt><pt><x>949</x><y>237</y><time>14-05-21 10:30:52:434</time></pt><pt><x>954</x><y>236</y><time>14-05-21 10:30:52:850</time></pt><pt><x>952</x><y>234</y><time>14-05-21 10:30:54:590</time></pt><pt><x>942</x><y>229</y><time>14-05-21 10:30:55:102</time></pt><pt><x>934</x><y>226</y><time>14-05-21 10:30:55:838</time></pt><pt><x>926</x><y>226</y><time>14-05-21 10:30:56:343</time></pt><pt><x>920</x><y>225</y><time>14-05-21 10:30:57:349</time></pt><pt><x>910</x><y>227</y><time>14-05-21 10:30:57:831</time></pt><pt><x>904</x><y>229</y><time>14-05-21 10:30:59:464</time></pt><pt><x>907</x><y>231</y><time>14-05-21 10:31:04:594</time></pt><pt><x>907</x><y>234</y><time>14-05-21 10:31:05:966</time></pt><pt><x>904</x><y>237</y><time>14-05-21 10:31:07:413</time></pt><pt><x>904</x><y>237</y><time>14-05-21 10:31:07:711</time></pt><pt><x>897</x><y>242</y><time>14-05-21 10:31:07:970</time></pt><pt><x>896</x><y>243</y><time>14-05-21 10:31:08:198</time></pt><pt><x>893</x><y>247</y><time>14-05-21 10:31:08:414</time></pt><pt><x>888</x><y>251</y><time>14-05-21 10:31:08:614</time></pt><pt><x>888</x><y>251</y><time>14-05-21 10:31:08:791</time></pt><pt><x>888</x><y>255</y><time>14-05-21 10:31:09:006</time></pt><closed_date>14-05-21 10:31:10:348</closed_date></polygon></object><object><name>restoration</name><deleted>1</deleted><verified>0</verified><occluded>no</occluded><attributes/><parts><hasparts/><ispartof></ispartof></parts><date>14-05-21 10:31:44:872</date><id>4</id><polygon><username>anonymous</username><pt><x>791</x><y>282</y><time>14-05-21 10:31:25:873</time></pt><pt><x>793</x><y>293</y><time>14-05-21 10:31:27:400</time></pt><pt><x>795</x><y>298</y><time>14-05-21 10:31:28:198</time></pt><pt><x>797</x><y>298</y><time>14-05-21 10:31:28:730</time></pt><pt><x>799</x><y>307</y><time>14-05-21 10:31:29:018</time></pt><pt><x>804</x><y>300</y><time>14-05-21 10:31:30:373</time></pt><pt><x>807</x><y>293</y><time>14-05-21 10:31:31:244</time></pt><pt><x>807</x><y>289</y><time>14-05-21 10:31:31:510</time></pt><pt><x>813</x><y>285</y><time>14-05-21 10:31:31:899</time></pt><pt><x>818</x><y>282</y><time>14-05-21 10:31:32:309</time></pt><pt><x>819</x><y>279</y><time>14-05-21 10:31:32:515</time></pt><pt><x>820</x><y>275</y><time>14-05-21 10:31:32:970</time></pt><pt><x>822</x><y>271</y><time>14-05-21 10:31:33:229</time></pt><pt><x>823</x><y>266</y><time>14-05-21 10:31:33:479</time></pt><pt><x>823</x><y>266</y><time>14-05-21 10:31:33:698</time></pt><pt><x>820</x><y>263</y><time>14-05-21 10:31:34:105</time></pt><pt><x>816</x><y>261</y><time>14-05-21 10:31:34:421</time></pt><pt><x>813</x><y>261</y><time>14-05-21 10:31:34:669</time></pt><pt><x>808</x><y>262</y><time>14-05-21 10:31:34:909</time></pt><pt><x>806</x><y>265</y><time>14-05-21 10:31:35:151</time></pt><pt><x>804</x><y>267</y><time>14-05-21 10:31:35:352</time></pt><pt><x>803</x><y>268</y><time>14-05-21 10:31:35:582</time></pt><pt><x>795</x><y>274</y><time>14-05-21 10:31:35:941</time></pt><pt><x>795</x><y>274</y><time>14-05-21 10:31:36:090</time></pt><closed_date>14-05-21 10:31:36:296</closed_date></polygon></object><object><name>tooth</name><deleted>0</deleted><verified>0</verified><occluded>no</occluded><attributes>26</attributes><parts><hasparts>25,6,7</hasparts><ispartof/></parts><date>14-05-21 10:32:22:861</date><id>5</id><type>bounding_box</type><polygon><username>anonymous</username><pt><x>333</x><y>1</y><time>14-05-21 10:32:09:353</time></pt><pt><x>687</x><y>1</y><time>14-05-21 10:32:18:563</time></pt><pt><x>687</x><y>397</y><time>undefined</time></pt><pt><x>333</x><y>397</y><time>undefined</time></pt><closed_date>14-05-21 10:32:18:563</closed_date></polygon></object><object><name>restoration</name><deleted>1</deleted><verified>0</verified><occluded>no</occluded><attributes/><parts><hasparts/><ispartof>5</ispartof></parts><date>14-05-21 10:34:55:040</date><id>6</id><polygon><username>anonymous</username><pt><x>450</x><y>333</y><time>14-05-21 10:33:14:509</time></pt><pt><x>450</x><y>346</y><time>14-05-21 10:33:18:935</time></pt><pt><x>464</x><y>352</y><time>14-05-21 10:33:19:485</time></pt><pt><x>464</x><y>354</y><time>14-05-21 10:33:19:727</time></pt><pt><x>481</x><y>355</y><time>14-05-21 10:33:19:991</time></pt><pt><x>488</x><y>355</y><time>14-05-21 10:33:20:206</time></pt><pt><x>496</x><y>356</y><time>14-05-21 10:33:20:399</time></pt><pt><x>501</x><y>356</y><time>14-05-21 10:33:20:567</time></pt><pt><x>512</x><y>356</y><time>14-05-21 10:33:20:783</time></pt><pt><x>511</x><y>354</y><time>14-05-21 10:33:25:696</time></pt><pt><x>516</x><y>354</y><time>14-05-21 10:33:27:906</time></pt><pt><x>520</x><y>354</y><time>14-05-21 10:33:28:190</time></pt><pt><x>525</x><y>354</y><time>14-05-21 10:33:28:401</time></pt><pt><x>528</x><y>355</y><time>14-05-21 10:33:28:590</time></pt><pt><x>532</x><y>358</y><time>14-05-21 10:33:28:791</time></pt><pt><x>535</x><y>360</y><time>14-05-21 10:33:34:071</time></pt><pt><x>542</x><y>366</y><time>14-05-21 10:33:34:542</time></pt><pt><x>544</x><y>367</y><time>14-05-21 10:33:34:718</time></pt><pt><x>547</x><y>367</y><time>14-05-21 10:33:34:926</time></pt><pt><x>556</x><y>370</y><time>14-05-21 10:33:35:119</time></pt><pt><x>560</x><y>370</y><time>14-05-21 10:33:35:375</time></pt><pt><x>563</x><y>371</y><time>14-05-21 10:33:47:486</time></pt><pt><x>568</x><y>377</y><time>14-05-21 10:33:48:147</time></pt><pt><x>578</x><y>374</y><time>14-05-21 10:33:49:460</time></pt><pt><x>585</x><y>371</y><time>14-05-21 10:33:50:119</time></pt><pt><x>590</x><y>368</y><time>14-05-21 10:33:50:563</time></pt><pt><x>591</x><y>362</y><time>14-05-21 10:33:57:573</time></pt><pt><x>598</x><y>361</y><time>14-05-21 10:33:58:374</time></pt><pt><x>617</x><y>358</y><time>14-05-21 10:33:58:789</time></pt><pt><x>626</x><y>359</y><time>14-05-21 10:33:59:099</time></pt><pt><x>629</x><y>359</y><time>14-05-21 10:33:59:950</time></pt><pt><x>628</x><y>350</y><time>14-05-21 10:34:00:839</time></pt><pt><x>630</x><y>344</y><time>14-05-21 10:34:02:229</time></pt><pt><x>627</x><y>338</y><time>14-05-21 10:34:03:085</time></pt><pt><x>623</x><y>339</y><time>14-05-21 10:34:05:680</time></pt><pt><x>628</x><y>332</y><time>14-05-21 10:34:06:516</time></pt><pt><x>628</x><y>331</y><time>14-05-21 10:34:12:616</time></pt><pt><x>630</x><y>328</y><time>14-05-21 10:34:13:449</time></pt><pt><x>629</x><y>314</y><time>14-05-21 10:34:14:077</time></pt><pt><x>614</x><y>314</y><time>14-05-21 10:34:14:791</time></pt><pt><x>589</x><y>315</y><time>14-05-21 10:34:17:355</time></pt><pt><x>571</x><y>320</y><time>14-05-21 10:34:18:634</time></pt><pt><x>554</x><y>326</y><time>14-05-21 10:34:19:884</time></pt><pt><x>546</x><y>319</y><time>14-05-21 10:34:21:453</time></pt><pt><x>534</x><y>315</y><time>14-05-21 10:34:22:909</time></pt><pt><x>526</x><y>314</y><time>14-05-21 10:34:24:200</time></pt><pt><x>518</x><y>314</y><time>14-05-21 10:34:25:511</time></pt><pt><x>521</x><y>304</y><time>14-05-21 10:34:26:984</time></pt><pt><x>521</x><y>299</y><time>14-05-21 10:34:28:404</time></pt><pt><x>520</x><y>295</y><time>14-05-21 10:34:29:504</time></pt><pt><x>515</x><y>291</y><time>14-05-21 10:34:30:348</time></pt><pt><x>507</x><y>289</y><time>14-05-21 10:34:31:441</time></pt><pt><x>500</x><y>288</y><time>14-05-21 10:34:33:052</time></pt><pt><x>496</x><y>290</y><time>14-05-21 10:34:35:176</time></pt><pt><x>493</x><y>293</y><time>14-05-21 10:34:36:231</time></pt><pt><x>489</x><y>296</y><time>14-05-21 10:34:36:974</time></pt><pt><x>487</x><y>303</y><time>14-05-21 10:34:37:902</time></pt><pt><x>486</x><y>306</y><time>14-05-21 10:34:38:979</time></pt><pt><x>485</x><y>309</y><time>14-05-21 10:34:40:610</time></pt><pt><x>484</x><y>309</y><time>14-05-21 10:34:42:436</time></pt><pt><x>483</x><y>312</y><time>14-05-21 10:34:44:319</time></pt><pt><x>472</x><y>313</y><time>14-05-21 10:34:45:453</time></pt><pt><x>463</x><y>313</y><time>14-05-21 10:34:46:230</time></pt><pt><x>454</x><y>313</y><time>14-05-21 10:34:47:017</time></pt><pt><x>450</x><y>316</y><time>14-05-21 10:34:47:700</time></pt><pt><x>449</x><y>322</y><time>14-05-21 10:34:48:600</time></pt><closed_date>14-05-21 10:34:49:607</closed_date></polygon></object><object><name>restoration</name><deleted>0</deleted><verified>0</verified><occluded>no</occluded><attributes/><parts><hasparts/><ispartof>5</ispartof></parts><date>14-05-21 10:35:23:344</date><id>7</id><polygon><username>anonymous</username><pt><x>350</x><y>267</y><time>14-05-21 10:35:03:028</time></pt><pt><x>374</x><y>267</y><time>14-05-21 10:35:03:819</time></pt><pt><x>392</x><y>267</y><time>14-05-21 10:35:04:596</time></pt><pt><x>402</x><y>281</y><time>14-05-21 10:35:05:397</time></pt><pt><x>405</x><y>288</y><time>14-05-21 10:35:06:134</time></pt><pt><x>409</x><y>307</y><time>14-05-21 10:35:06:980</time></pt><pt><x>413</x><y>323</y><time>14-05-21 10:35:07:870</time></pt><pt><x>407</x><y>336</y><time>14-05-21 10:35:09:036</time></pt><pt><x>401</x><y>356</y><time>14-05-21 10:35:10:066</time></pt><pt><x>393</x><y>353</y><time>14-05-21 10:35:11:141</time></pt><pt><x>384</x><y>347</y><time>14-05-21 10:35:11:890</time></pt><pt><x>375</x><y>339</y><time>14-05-21 10:35:12:807</time></pt><pt><x>359</x><y>337</y><time>14-05-21 10:35:13:497</time></pt><pt><x>347</x><y>336</y><time>14-05-21 10:35:14:271</time></pt><pt><x>336</x><y>332</y><time>14-05-21 10:35:15:165</time></pt><pt><x>336</x><y>321</y><time>14-05-21 10:35:16:256</time></pt><pt><x>336</x><y>301</y><time>14-05-21 10:35:17:140</time></pt><pt><x>339</x><y>282</y><time>14-05-21 10:35:17:933</time></pt><closed_date>14-05-21 10:35:19:220</closed_date></polygon></object><object><name>tooth</name><deleted>0</deleted><verified>0</verified><occluded>no</occluded><attributes>25</attributes><parts><hasparts>13,9</hasparts><ispartof/></parts><date>14-05-21 10:36:19:055</date><id>8</id><type>bounding_box</type><polygon><username>anonymous</username><pt><x>101</x><y>1</y><time>14-05-21 10:36:10:623</time></pt><pt><x>350</x><y>1</y><time>14-05-21 10:36:15:395</time></pt><pt><x>350</x><y>392</y><time>undefined</time></pt><pt><x>101</x><y>392</y><time>undefined</time></pt><closed_date>14-05-21 10:36:15:395</closed_date></polygon></object><object><name>restoration</name><deleted>1</deleted><verified>0</verified><occluded>no</occluded><attributes/><parts><hasparts/><ispartof>8</ispartof></parts><date>14-05-21 10:38:26:789</date><id>9</id><polygon><username>anonymous</username><pt><x>159</x><y>296</y><time>14-05-21 10:36:51:307</time></pt><pt><x>178</x><y>288</y><time>14-05-21 10:36:52:773</time></pt><pt><x>195</x><y>293</y><time>14-05-21 10:36:53:623</time></pt><pt><x>207</x><y>298</y><time>14-05-21 10:36:54:279</time></pt><pt><x>241</x><y>302</y><time>14-05-21 10:36:54:774</time></pt><pt><x>261</x><y>303</y><time>14-05-21 10:36:55:171</time></pt><pt><x>275</x><y>303</y><time>14-05-21 10:36:55:480</time></pt><pt><x>286</x><y>281</y><time>14-05-21 10:37:06:813</time></pt><pt><x>296</x><y>268</y><time>14-05-21 10:37:13:820</time></pt><pt><x>307</x><y>256</y><time>14-05-21 10:37:14:745</time></pt><pt><x>316</x><y>256</y><time>14-05-21 10:37:15:500</time></pt><pt><x>333</x><y>258</y><time>14-05-21 10:37:16:805</time></pt><pt><x>343</x><y>265</y><time>14-05-21 10:37:17:678</time></pt><pt><x>343</x><y>274</y><time>14-05-21 10:37:18:511</time></pt><pt><x>343</x><y>289</y><time>14-05-21 10:37:27:002</time></pt><pt><x>342</x><y>303</y><time>14-05-21 10:37:28:415</time></pt><pt><x>331</x><y>328</y><time>14-05-21 10:37:30:039</time></pt><pt><x>316</x><y>331</y><time>14-05-21 10:37:32:706</time></pt><pt><x>303</x><y>338</y><time>14-05-21 10:37:40:298</time></pt><pt><x>298</x><y>347</y><time>14-05-21 10:37:41:454</time></pt><pt><x>284</x><y>347</y><time>14-05-21 10:37:42:192</time></pt><pt><x>265</x><y>347</y><time>14-05-21 10:37:42:928</time></pt><pt><x>251</x><y>340</y><time>14-05-21 10:37:43:798</time></pt><pt><x>232</x><y>342</y><time>14-05-21 10:37:45:333</time></pt><pt><x>206</x><y>333</y><time>14-05-21 10:37:46:058</time></pt><pt><x>173</x><y>328</y><time>14-05-21 10:37:46:889</time></pt><pt><x>145</x><y>319</y><time>14-05-21 10:37:47:741</time></pt><pt><x>143</x><y>322</y><time>14-05-21 10:38:02:099</time></pt><pt><x>138</x><y>328</y><time>14-05-21 10:38:03:174</time></pt><pt><x>132</x><y>331</y><time>14-05-21 10:38:04:464</time></pt><pt><x>126</x><y>331</y><time>14-05-21 10:38:10:693</time></pt><pt><x>117</x><y>319</y><time>14-05-21 10:38:11:887</time></pt><pt><x>115</x><y>310</y><time>14-05-21 10:38:12:651</time></pt><pt><x>108</x><y>303</y><time>14-05-21 10:38:13:705</time></pt><pt><x>103</x><y>300</y><time>14-05-21 10:38:14:649</time></pt><pt><x>105</x><y>270</y><time>14-05-21 10:38:15:573</time></pt><pt><x>105</x><y>249</y><time>14-05-21 10:38:16:436</time></pt><pt><x>122</x><y>256</y><time>14-05-21 10:38:17:490</time></pt><pt><x>136</x><y>256</y><time>14-05-21 10:38:18:220</time></pt><pt><x>150</x><y>258</y><time>14-05-21 10:38:19:042</time></pt><pt><x>155</x><y>268</y><time>14-05-21 10:38:19:818</time></pt><pt><x>157</x><y>275</y><time>14-05-21 10:38:20:850</time></pt><closed_date>14-05-21 10:38:21:828</closed_date></polygon></object><object><name>tooth</name><deleted>0</deleted><verified>0</verified><occluded>no</occluded><attributes>24</attributes><parts><hasparts>11</hasparts><ispartof/></parts><date>18-05-21 21:27:47:621</date><id>10</id><type>bounding_box</type><polygon><username>anonymous</username><pt><x>122</x><y>24</y><time>18-05-21 21:27:35:247</time></pt><pt><x>3</x><y>24</y><time>18-05-21 21:27:37:673</time></pt><pt><x>3</x><y>387</y><time>undefined</time></pt><pt><x>122</x><y>387</y><time>undefined</time></pt><closed_date>18-05-21 21:27:37:673</closed_date></polygon></object><object><name>restoration</name><deleted>0</deleted><verified>0</verified><occluded>no</occluded><attributes/><parts><hasparts/><ispartof>10</ispartof></parts><date>18-05-21 21:28:34:259</date><id>11</id><polygon><username>anonymous</username><pt><x>40</x><y>309</y><time>18-05-21 21:28:19:183</time></pt><pt><x>52</x><y>282</y><time>18-05-21 21:28:20:022</time></pt><pt><x>66</x><y>270</y><time>18-05-21 21:28:20:594</time></pt><pt><x>84</x><y>256</y><time>18-05-21 21:28:21:284</time></pt><pt><x>91</x><y>249</y><time>18-05-21 21:28:21:790</time></pt><pt><x>105</x><y>260</y><time>18-05-21 21:28:22:402</time></pt><pt><x>112</x><y>274</y><time>18-05-21 21:28:22:959</time></pt><pt><x>105</x><y>298</y><time>18-05-21 21:28:23:479</time></pt><pt><x>92</x><y>310</y><time>18-05-21 21:28:24:015</time></pt><pt><x>84</x><y>326</y><time>18-05-21 21:28:24:508</time></pt><pt><x>70</x><y>333</y><time>18-05-21 21:28:25:122</time></pt><pt><x>58</x><y>347</y><time>18-05-21 21:28:26:013</time></pt><pt><x>38</x><y>347</y><time>18-05-21 21:28:27:093</time></pt><pt><x>35</x><y>331</y><time>18-05-21 21:28:27:652</time></pt><closed_date>18-05-21 21:28:28:140</closed_date></polygon></object><object><name>tooth</name><deleted>1</deleted><verified>0</verified><occluded>no</occluded><attributes>25</attributes><parts><hasparts></hasparts><ispartof/></parts><date>18-05-21 21:29:44:754</date><id>12</id><type>bounding_box</type><polygon><username>anonymous</username><pt><x>106</x><y>3</y><time>18-05-21 21:28:59:963</time></pt><pt><x>349</x><y>3</y><time>18-05-21 21:29:03:963</time></pt><pt><x>349</x><y>396</y><time>undefined</time></pt><pt><x>106</x><y>396</y><time>undefined</time></pt><closed_date>18-05-21 21:29:03:964</closed_date></polygon></object><object><name>restoration</name><deleted>0</deleted><verified>0</verified><occluded>no</occluded><attributes/><parts><hasparts/><ispartof>8</ispartof></parts><date>18-05-21 21:30:46:512</date><id>13</id><polygon><username>anonymous</username><pt><x>152</x><y>268</y><time>18-05-21 21:30:18:374</time></pt><pt><x>159</x><y>296</y><time>18-05-21 21:30:19:090</time></pt><pt><x>185</x><y>286</y><time>18-05-21 21:30:19:688</time></pt><pt><x>202</x><y>289</y><time>18-05-21 21:30:20:208</time></pt><pt><x>225</x><y>300</y><time>18-05-21 21:30:20:770</time></pt><pt><x>246</x><y>305</y><time>18-05-21 21:30:21:282</time></pt><pt><x>272</x><y>307</y><time>18-05-21 21:30:21:822</time></pt><pt><x>289</x><y>295</y><time>18-05-21 21:30:22:457</time></pt><pt><x>293</x><y>274</y><time>18-05-21 21:30:23:232</time></pt><pt><x>309</x><y>256</y><time>18-05-21 21:30:23:827</time></pt><pt><x>335</x><y>260</y><time>18-05-21 21:30:24:398</time></pt><pt><x>349</x><y>284</y><time>18-05-21 21:30:24:910</time></pt><pt><x>352</x><y>322</y><time>18-05-21 21:30:25:562</time></pt><pt><x>331</x><y>331</y><time>18-05-21 21:30:26:108</time></pt><pt><x>310</x><y>343</y><time>18-05-21 21:30:26:628</time></pt><pt><x>256</x><y>349</y><time>18-05-21 21:30:34:571</time></pt><pt><x>197</x><y>343</y><time>18-05-21 21:30:35:301</time></pt><pt><x>164</x><y>335</y><time>18-05-21 21:30:35:823</time></pt><pt><x>145</x><y>328</y><time>18-05-21 21:30:36:333</time></pt><pt><x>127</x><y>310</y><time>18-05-21 21:30:36:863</time></pt><pt><x>115</x><y>314</y><time>18-05-21 21:30:40:732</time></pt><pt><x>117</x><y>302</y><time>18-05-21 21:30:41:302</time></pt><pt><x>122</x><y>282</y><time>18-05-21 21:30:41:870</time></pt><pt><x>126</x><y>275</y><time>18-05-21 21:30:42:479</time></pt><pt><x>134</x><y>268</y><time>18-05-21 21:30:43:096</time></pt><closed_date>18-05-21 21:30:43:614</closed_date></polygon></object><object><name>tooth</name><deleted>1</deleted><verified>0</verified><occluded>no</occluded><attributes>26</attributes><parts><hasparts></hasparts><ispartof/></parts><date>18-05-21 21:31:17:283</date><id>14</id><type>bounding_box</type><polygon><username>anonymous</username><pt><x>694</x><y>389</y><time>18-05-21 21:30:58:347</time></pt><pt><x>335</x><y>389</y><time>18-05-21 21:31:06:875</time></pt><pt><x>335</x><y>2</y><time>undefined</time></pt><pt><x>694</x><y>2</y><time>undefined</time></pt><closed_date>18-05-21 21:31:06:876</closed_date></polygon></object><object><name>restoration</name><deleted>1</deleted><verified>0</verified><occluded>no</occluded><attributes/><parts><hasparts/><ispartof></ispartof></parts><date>18-05-21 21:31:39:021</date><id>15</id><polygon><username>anonymous</username><pt><x>410</x><y>342</y><time>18-05-21 21:31:21:836</time></pt><pt><x>410</x><y>309</y><time>18-05-21 21:31:22:507</time></pt><pt><x>404</x><y>286</y><time>18-05-21 21:31:23:212</time></pt><pt><x>387</x><y>274</y><time>18-05-21 21:31:24:018</time></pt><pt><x>366</x><y>270</y><time>18-05-21 21:31:24:680</time></pt><pt><x>350</x><y>270</y><time>18-05-21 21:31:25:393</time></pt><pt><x>347</x><y>295</y><time>18-05-21 21:31:25:999</time></pt><pt><x>343</x><y>317</y><time>18-05-21 21:31:26:557</time></pt><pt><x>342</x><y>331</y><time>18-05-21 21:31:27:161</time></pt><pt><x>356</x><y>338</y><time>18-05-21 21:31:31:208</time></pt><pt><x>373</x><y>336</y><time>18-05-21 21:31:31:745</time></pt><pt><x>385</x><y>347</y><time>18-05-21 21:31:32:217</time></pt><pt><x>399</x><y>352</y><time>18-05-21 21:31:32:699</time></pt><closed_date>18-05-21 21:31:33:211</closed_date></polygon></object><object><name>restoration</name><deleted>1</deleted><verified>0</verified><occluded>no</occluded><attributes></attributes><parts><hasparts/><ispartof></ispartof></parts><date>18-05-21 21:32:05:022</date><id>16</id><polygon><username>anonymous</username><pt><x>451</x><y>312</y><time>18-05-21 21:31:42:031</time></pt><pt><x>476</x><y>312</y><time>18-05-21 21:31:42:711</time></pt><pt><x>486</x><y>305</y><time>18-05-21 21:31:43:300</time></pt><pt><x>500</x><y>293</y><time>18-05-21 21:31:44:031</time></pt><pt><x>509</x><y>289</y><time>18-05-21 21:31:44:561</time></pt><pt><x>519</x><y>293</y><time>18-05-21 21:31:45:082</time></pt><pt><x>519</x><y>310</y><time>18-05-21 21:31:45:607</time></pt><pt><x>532</x><y>314</y><time>18-05-21 21:31:46:059</time></pt><pt><x>554</x><y>321</y><time>18-05-21 21:31:46:593</time></pt><pt><x>577</x><y>324</y><time>18-05-21 21:31:47:079</time></pt><pt><x>593</x><y>316</y><time>18-05-21 21:31:51:161</time></pt><pt><x>628</x><y>316</y><time>18-05-21 21:31:52:263</time></pt><pt><x>638</x><y>329</y><time>18-05-21 21:31:52:815</time></pt><pt><x>628</x><y>338</y><time>18-05-21 21:31:53:477</time></pt><pt><x>631</x><y>352</y><time>18-05-21 21:31:54:073</time></pt><pt><x>621</x><y>359</y><time>18-05-21 21:31:54:643</time></pt><pt><x>603</x><y>359</y><time>18-05-21 21:31:55:196</time></pt><pt><x>586</x><y>366</y><time>18-05-21 21:31:55:684</time></pt><pt><x>575</x><y>378</y><time>18-05-21 21:31:56:215</time></pt><pt><x>561</x><y>375</y><time>18-05-21 21:31:56:727</time></pt><pt><x>547</x><y>371</y><time>18-05-21 21:31:57:199</time></pt><pt><x>533</x><y>361</y><time>18-05-21 21:31:57:772</time></pt><pt><x>512</x><y>354</y><time>18-05-21 21:31:58:245</time></pt><pt><x>486</x><y>350</y><time>18-05-21 21:31:58:737</time></pt><pt><x>464</x><y>350</y><time>18-05-21 21:31:59:248</time></pt><pt><x>451</x><y>347</y><time>18-05-21 21:31:59:780</time></pt><pt><x>448</x><y>329</y><time>18-05-21 21:32:00:229</time></pt><closed_date>18-05-21 21:32:00:731</closed_date></polygon></object><object><name>tooth</name><deleted>0</deleted><verified>0</verified><occluded>no</occluded><attributes>27</attributes><parts><hasparts>18,19,3</hasparts><ispartof/></parts><date>18-05-21 21:32:58:998</date><id>17</id><type>bounding_box</type><polygon><username>anonymous</username><pt><x>661</x><y>9</y><time>18-05-21 21:32:47:599</time></pt><pt><x>992</x><y>9</y><time>18-05-21 21:32:52:777</time></pt><pt><x>992</x><y>385</y><time>undefined</time></pt><pt><x>661</x><y>385</y><time>undefined</time></pt><closed_date>18-05-21 21:32:52:778</closed_date></polygon></object><object><name>restoration</name><deleted>0</deleted><verified>0</verified><occluded>no</occluded><attributes></attributes><parts><hasparts/><ispartof>17</ispartof></parts><date>18-05-21 21:33:23:147</date><id>18</id><polygon><username>anonymous</username><pt><x>817</x><y>283</y><time>18-05-21 21:33:14:267</time></pt><pt><x>820</x><y>263</y><time>18-05-21 21:33:15:156</time></pt><pt><x>806</x><y>265</y><time>18-05-21 21:33:15:883</time></pt><pt><x>796</x><y>269</y><time>18-05-21 21:33:16:508</time></pt><pt><x>785</x><y>270</y><time>18-05-21 21:33:17:109</time></pt><pt><x>785</x><y>288</y><time>18-05-21 21:33:17:737</time></pt><pt><x>796</x><y>297</y><time>18-05-21 21:33:18:254</time></pt><pt><x>806</x><y>298</y><time>18-05-21 21:33:18:797</time></pt><closed_date>18-05-21 21:33:19:324</closed_date></polygon></object><object><name>restoration</name><deleted>1</deleted><verified>0</verified><occluded>no</occluded><attributes/><parts><hasparts/><ispartof>17</ispartof></parts><date>18-05-21 21:33:36:803</date><id>19</id><polygon><username>anonymous</username><pt><x>887</x><y>253</y><time>18-05-21 21:33:26:379</time></pt><pt><x>903</x><y>234</y><time>18-05-21 21:33:27:143</time></pt><pt><x>919</x><y>230</y><time>18-05-21 21:33:27:754</time></pt><pt><x>934</x><y>227</y><time>18-05-21 21:33:28:433</time></pt><pt><x>947</x><y>232</y><time>18-05-21 21:33:29:036</time></pt><pt><x>947</x><y>244</y><time>18-05-21 21:33:29:565</time></pt><pt><x>929</x><y>248</y><time>18-05-21 21:33:30:154</time></pt><pt><x>915</x><y>260</y><time>18-05-21 21:33:30:669</time></pt><pt><x>908</x><y>265</y><time>18-05-21 21:33:31:128</time></pt><pt><x>896</x><y>265</y><time>18-05-21 21:33:31:612</time></pt><closed_date>18-05-21 21:33:32:228</closed_date></polygon></object><object><name>tooth</name><deleted>0</deleted><verified>0</verified><occluded>no</occluded><attributes>35</attributes><parts><hasparts/><ispartof/></parts><date>18-05-21 21:35:24:518</date><id>20</id><type>bounding_box</type><polygon><username>anonymous</username><pt><x>265</x><y>500</y><time>18-05-21 21:35:04:094</time></pt><pt><x>10</x><y>500</y><time>18-05-21 21:35:09:060</time></pt><pt><x>10</x><y>940</y><time>undefined</time></pt><pt><x>265</x><y>940</y><time>undefined</time></pt><closed_date>18-05-21 21:35:09:060</closed_date></polygon></object><object><name>tooth</name><deleted>0</deleted><verified>0</verified><occluded>no</occluded><attributes>36</attributes><parts><hasparts>22</hasparts><ispartof/></parts><date>18-05-21 21:35:52:251</date><id>21</id><type>bounding_box</type><polygon><username>anonymous</username><pt><x>256</x><y>483</y><time>18-05-21 21:35:38:703</time></pt><pt><x>648</x><y>483</y><time>18-05-21 21:35:44:911</time></pt><pt><x>648</x><y>948</y><time>undefined</time></pt><pt><x>256</x><y>948</y><time>undefined</time></pt><closed_date>18-05-21 21:35:44:911</closed_date></polygon></object><object><name>restoration</name><deleted>0</deleted><verified>0</verified><occluded>no</occluded><attributes/><parts><hasparts/><ispartof>21</ispartof></parts><date>18-05-21 21:36:31:242</date><id>22</id><polygon><username>anonymous</username><pt><x>293</x><y>610</y><time>18-05-21 21:35:58:178</time></pt><pt><x>326</x><y>600</y><time>18-05-21 21:35:58:762</time></pt><pt><x>338</x><y>596</y><time>18-05-21 21:35:59:233</time></pt><pt><x>349</x><y>598</y><time>18-05-21 21:35:59:627</time></pt><pt><x>375</x><y>608</y><time>18-05-21 21:36:00:045</time></pt><pt><x>396</x><y>608</y><time>18-05-21 21:36:00:458</time></pt><pt><x>411</x><y>601</y><time>18-05-21 21:36:00:885</time></pt><pt><x>417</x><y>591</y><time>18-05-21 21:36:01:322</time></pt><pt><x>434</x><y>572</y><time>18-05-21 21:36:01:768</time></pt><pt><x>460</x><y>567</y><time>18-05-21 21:36:02:204</time></pt><pt><x>504</x><y>567</y><time>18-05-21 21:36:02:806</time></pt><pt><x>512</x><y>577</y><time>18-05-21 21:36:03:478</time></pt><pt><x>537</x><y>591</y><time>18-05-21 21:36:04:073</time></pt><pt><x>558</x><y>605</y><time>18-05-21 21:36:04:560</time></pt><pt><x>582</x><y>605</y><time>18-05-21 21:36:04:960</time></pt><pt><x>607</x><y>600</y><time>18-05-21 21:36:05:443</time></pt><pt><x>610</x><y>577</y><time>18-05-21 21:36:05:914</time></pt><pt><x>608</x><y>549</y><time>18-05-21 21:36:06:371</time></pt><pt><x>582</x><y>537</y><time>18-05-21 21:36:06:815</time></pt><pt><x>546</x><y>528</y><time>18-05-21 21:36:07:355</time></pt><pt><x>509</x><y>516</y><time>18-05-21 21:36:07:793</time></pt><pt><x>471</x><y>507</y><time>18-05-21 21:36:08:263</time></pt><pt><x>439</x><y>506</y><time>18-05-21 21:36:08:743</time></pt><pt><x>415</x><y>516</y><time>18-05-21 21:36:09:178</time></pt><pt><x>382</x><y>526</y><time>18-05-21 21:36:09:775</time></pt><pt><x>357</x><y>518</y><time>18-05-21 21:36:10:337</time></pt><pt><x>333</x><y>504</y><time>18-05-21 21:36:10:827</time></pt><pt><x>316</x><y>504</y><time>18-05-21 21:36:11:185</time></pt><pt><x>289</x><y>519</y><time>18-05-21 21:36:11:693</time></pt><pt><x>268</x><y>540</y><time>18-05-21 21:36:12:219</time></pt><pt><x>265</x><y>567</y><time>18-05-21 21:36:12:690</time></pt><pt><x>265</x><y>598</y><time>18-05-21 21:36:13:199</time></pt><pt><x>272</x><y>610</y><time>18-05-21 21:36:13:581</time></pt><closed_date>18-05-21 21:36:14:071</closed_date></polygon></object><object><name>tooth</name><deleted>0</deleted><verified>0</verified><occluded>no</occluded><attributes>37</attributes><parts><hasparts>24</hasparts><ispartof/></parts><date>18-05-21 21:36:48:954</date><id>23</id><type>bounding_box</type><polygon><username>anonymous</username><pt><x>605</x><y>431</y><time>18-05-21 21:36:40:644</time></pt><pt><x>1035</x><y>431</y><time>18-05-21 21:36:43:586</time></pt><pt><x>1035</x><y>941</y><time>undefined</time></pt><pt><x>605</x><y>941</y><time>undefined</time></pt><closed_date>18-05-21 21:36:43:587</closed_date></polygon></object><object><name>restoration</name><deleted>0</deleted><verified>0</verified><occluded>no</occluded><attributes/><parts><hasparts/><ispartof>23</ispartof></parts><date>18-05-21 21:37:28:494</date><id>24</id><polygon><username>anonymous</username><pt><x>652</x><y>647</y><time>18-05-21 21:37:06:116</time></pt><pt><x>664</x><y>614</y><time>18-05-21 21:37:10:439</time></pt><pt><x>676</x><y>600</y><time>18-05-21 21:37:11:005</time></pt><pt><x>701</x><y>589</y><time>18-05-21 21:37:11:463</time></pt><pt><x>729</x><y>575</y><time>18-05-21 21:37:12:093</time></pt><pt><x>734</x><y>570</y><time>18-05-21 21:37:12:753</time></pt><pt><x>741</x><y>565</y><time>18-05-21 21:37:13:551</time></pt><pt><x>763</x><y>565</y><time>18-05-21 21:37:14:123</time></pt><pt><x>805</x><y>542</y><time>18-05-21 21:37:14:609</time></pt><pt><x>838</x><y>526</y><time>18-05-21 21:37:15:102</time></pt><pt><x>870</x><y>499</y><time>18-05-21 21:37:15:752</time></pt><pt><x>882</x><y>495</y><time>18-05-21 21:37:16:505</time></pt><pt><x>905</x><y>490</y><time>18-05-21 21:37:17:057</time></pt><pt><x>898</x><y>472</y><time>18-05-21 21:37:17:572</time></pt><pt><x>865</x><y>460</y><time>18-05-21 21:37:18:081</time></pt><pt><x>838</x><y>457</y><time>18-05-21 21:37:18:578</time></pt><pt><x>805</x><y>465</y><time>18-05-21 21:37:19:121</time></pt><pt><x>786</x><y>486</y><time>18-05-21 21:37:19:620</time></pt><pt><x>770</x><y>495</y><time>18-05-21 21:37:20:113</time></pt><pt><x>741</x><y>507</y><time>18-05-21 21:37:20:628</time></pt><pt><x>708</x><y>502</y><time>18-05-21 21:37:21:087</time></pt><pt><x>680</x><y>499</y><time>18-05-21 21:37:21:531</time></pt><pt><x>640</x><y>507</y><time>18-05-21 21:37:22:152</time></pt><pt><x>624</x><y>535</y><time>18-05-21 21:37:22:717</time></pt><pt><x>615</x><y>577</y><time>18-05-21 21:37:23:250</time></pt><pt><x>615</x><y>603</y><time>18-05-21 21:37:23:657</time></pt><pt><x>631</x><y>631</y><time>18-05-21 21:37:24:145</time></pt><pt><x>636</x><y>636</y><time>18-05-21 21:37:24:793</time></pt><closed_date>18-05-21 21:37:25:432</closed_date></polygon></object><object><name>restoration</name><deleted>0</deleted><verified>0</verified><occluded>no</occluded><attributes></attributes><parts><hasparts></hasparts><ispartof>5</ispartof></parts><date>30-03-22 16:48:26:065</date><id>25</id><polygon><username>admin</username><pt><x>451</x><y>321</y><time>30-03-22 16:48:11:624</time></pt><pt><x>461</x><y>351</y><time>30-03-22 16:48:12:987</time></pt><pt><x>524</x><y>352</y><time>30-03-22 16:48:14:274</time></pt><pt><x>544</x><y>372</y><time>30-03-22 16:48:14:899</time></pt><pt><x>568</x><y>374</y><time>30-03-22 16:48:15:464</time></pt><pt><x>619</x><y>359</y><time>30-03-22 16:48:16:231</time></pt><pt><x>634</x><y>342</y><time>30-03-22 16:48:16:938</time></pt><pt><x>633</x><y>314</y><time>30-03-22 16:48:17:440</time></pt><pt><x>613</x><y>311</y><time>30-03-22 16:48:17:884</time></pt><pt><x>551</x><y>314</y><time>30-03-22 16:48:18:667</time></pt><pt><x>526</x><y>312</y><time>30-03-22 16:48:19:476</time></pt><pt><x>508</x><y>302</y><time>30-03-22 16:48:19:858</time></pt><pt><x>518</x><y>289</y><time>30-03-22 16:48:20:609</time></pt><pt><x>484</x><y>287</y><time>30-03-22 16:48:21:227</time></pt><pt><x>481</x><y>306</y><time>30-03-22 16:48:21:903</time></pt><pt><x>457</x><y>309</y><time>30-03-22 16:48:22:404</time></pt><closed_date>30-03-22 16:48:22:710</closed_date></polygon></object></annotation>