<?xml version='1.0' encoding='UTF-8'?>
<annotation><filename>imagem-070.jpg</filename><folder>segmentation_xray</folder><source><sourceImage>The MIT-CSAIL database of objects and scenes</sourceImage><sourceAnnotation>LabelMe Webtool</sourceAnnotation></source><object><name>tooth</name><deleted>0</deleted><verified>0</verified><occluded>no</occluded><attributes>13</attributes><parts><hasparts /><ispartof /></parts><date>19-05-21 11:37:35:747</date><id>0</id><type>bounding_box</type><polygon><username>anonymous</username><pt><x>992</x><y>338</y><time>19-05-21 11:37:27:266</time></pt><pt><x>1220</x><y>338</y><time>19-05-21 11:37:30:278</time></pt><pt><x>1220</x><y>3</y><time>undefined</time></pt><pt><x>992</x><y>3</y><time>undefined</time></pt><closed_date>19-05-21 11:37:30:279</closed_date></polygon></object><object><name>tooth</name><deleted>0</deleted><verified>0</verified><occluded>no</occluded><attributes>14</attributes><parts><hasparts>10</hasparts><ispartof /></parts><date>19-05-21 11:37:46:686</date><id>1</id><type>bounding_box</type><polygon><username>anonymous</username><pt><x>758</x><y>359</y><time>19-05-21 11:37:38:887</time></pt><pt><x>990</x><y>359</y><time>19-05-21 11:37:43:536</time></pt><pt><x>990</x><y>1</y><time>undefined</time></pt><pt><x>758</x><y>1</y><time>undefined</time></pt><closed_date>19-05-21 11:37:43:536</closed_date></polygon></object><object><name>tooth</name><deleted>0</deleted><verified>0</verified><occluded>no</occluded><attributes>15</attributes><parts><hasparts /><ispartof /></parts><date>19-05-21 11:37:55:396</date><id>2</id><type>bounding_box</type><polygon><username>anonymous</username><pt><x>509</x><y>345</y><time>19-05-21 11:37:48:274</time></pt><pt><x>765</x><y>345</y><time>19-05-21 11:37:51:949</time></pt><pt><x>765</x><y>3</y><time>undefined</time></pt><pt><x>509</x><y>3</y><time>undefined</time></pt><closed_date>19-05-21 11:37:51:950</closed_date></polygon></object><object><name>tooth</name><deleted>0</deleted><verified>0</verified><occluded>no</occluded><attributes>16</attributes><parts><hasparts>11</hasparts><ispartof /></parts><date>19-05-21 11:38:03:216</date><id>3</id><type>bounding_box</type><polygon><username>anonymous</username><pt><x>192</x><y>338</y><time>19-05-21 11:37:57:080</time></pt><pt><x>532</x><y>338</y><time>19-05-21 11:37:59:934</time></pt><pt><x>532</x><y>2</y><time>undefined</time></pt><pt><x>192</x><y>2</y><time>undefined</time></pt><closed_date>19-05-21 11:37:59:935</closed_date></polygon></object><object><name>tooth</name><deleted>0</deleted><verified>0</verified><occluded>no</occluded><attributes>17</attributes><parts><hasparts>12</hasparts><ispartof /></parts><date>19-05-21 11:38:13:429</date><id>4</id><type>bounding_box</type><polygon><username>anonymous</username><pt><x>3</x><y>307</y><time>19-05-21 11:38:07:135</time></pt><pt><x>237</x><y>307</y><time>19-05-21 11:38:09:752</time></pt><pt><x>237</x><y>1</y><time>undefined</time></pt><pt><x>3</x><y>1</y><time>undefined</time></pt><closed_date>19-05-21 11:38:09:752</closed_date></polygon></object><object><name>tooth</name><deleted>0</deleted><verified>0</verified><occluded>no</occluded><attributes>43</attributes><parts><hasparts /><ispartof /></parts><date>19-05-21 11:38:25:233</date><id>5</id><type>bounding_box</type><polygon><username>anonymous</username><pt><x>1100</x><y>486</y><time>19-05-21 11:38:16:889</time></pt><pt><x>1217</x><y>486</y><time>19-05-21 11:38:19:917</time></pt><pt><x>1217</x><y>929</y><time>undefined</time></pt><pt><x>1100</x><y>929</y><time>undefined</time></pt><closed_date>19-05-21 11:38:19:917</closed_date></polygon></object><object><name>tooth</name><deleted>0</deleted><verified>0</verified><occluded>no</occluded><attributes>44</attributes><parts><hasparts /><ispartof /></parts><date>19-05-21 11:38:39:205</date><id>6</id><type>bounding_box</type><polygon><username>anonymous</username><pt><x>894</x><y>467</y><time>19-05-21 11:38:27:502</time></pt><pt><x>1142</x><y>467</y><time>19-05-21 11:38:34:903</time></pt><pt><x>1142</x><y>947</y><time>undefined</time></pt><pt><x>894</x><y>947</y><time>undefined</time></pt><closed_date>19-05-21 11:38:34:904</closed_date></polygon></object><object><name>tooth</name><deleted>0</deleted><verified>0</verified><occluded>no</occluded><attributes>45</attributes><parts><hasparts>13,14,15,16</hasparts><ispartof /></parts><date>19-05-21 11:38:49:335</date><id>7</id><type>bounding_box</type><polygon><username>anonymous</username><pt><x>671</x><y>451</y><time>19-05-21 11:38:40:792</time></pt><pt><x>908</x><y>451</y><time>19-05-21 11:38:45:462</time></pt><pt><x>908</x><y>947</y><time>undefined</time></pt><pt><x>671</x><y>947</y><time>undefined</time></pt><closed_date>19-05-21 11:38:45:462</closed_date></polygon></object><object><name>tooth</name><deleted>0</deleted><verified>0</verified><occluded>no</occluded><attributes>46</attributes><parts><hasparts>17,18</hasparts><ispartof /></parts><date>19-05-21 11:38:59:993</date><id>8</id><type>bounding_box</type><polygon><username>anonymous</username><pt><x>197</x><y>457</y><time>19-05-21 11:38:52:081</time></pt><pt><x>680</x><y>457</y><time>19-05-21 11:38:56:552</time></pt><pt><x>680</x><y>947</y><time>undefined</time></pt><pt><x>197</x><y>947</y><time>undefined</time></pt><closed_date>19-05-21 11:38:56:552</closed_date></polygon></object><object><name>tooth</name><deleted>0</deleted><verified>0</verified><occluded>no</occluded><attributes>47</attributes><parts><hasparts>19</hasparts><ispartof /></parts><date>19-05-21 11:39:10:907</date><id>9</id><type>bounding_box</type><polygon><username>anonymous</username><pt><x>2</x><y>340</y><time>19-05-21 11:39:03:034</time></pt><pt><x>397</x><y>340</y><time>19-05-21 11:39:07:590</time></pt><pt><x>397</x><y>884</y><time>undefined</time></pt><pt><x>2</x><y>884</y><time>undefined</time></pt><closed_date>19-05-21 11:39:07:590</closed_date></polygon></object><object><name>restoration</name><deleted>0</deleted><verified>0</verified><occluded>no</occluded><attributes /><parts><hasparts /><ispartof>1</ispartof></parts><date>19-05-21 11:40:05:629</date><id>10</id><polygon><username>anonymous</username><pt><x>802</x><y>183</y><time>19-05-21 11:39:46:763</time></pt><pt><x>833</x><y>176</y><time>19-05-21 11:39:48:731</time></pt><pt><x>854</x><y>185</y><time>19-05-21 11:39:49:302</time></pt><pt><x>856</x><y>211</y><time>19-05-21 11:39:49:940</time></pt><pt><x>868</x><y>246</y><time>19-05-21 11:39:50:424</time></pt><pt><x>877</x><y>270</y><time>19-05-21 11:39:50:897</time></pt><pt><x>875</x><y>298</y><time>19-05-21 11:39:51:470</time></pt><pt><x>870</x><y>312</y><time>19-05-21 11:39:52:204</time></pt><pt><x>859</x><y>321</y><time>19-05-21 11:39:52:856</time></pt><pt><x>842</x><y>328</y><time>19-05-21 11:39:53:439</time></pt><pt><x>830</x><y>322</y><time>19-05-21 11:39:53:879</time></pt><pt><x>823</x><y>322</y><time>19-05-21 11:39:54:288</time></pt><pt><x>819</x><y>310</y><time>19-05-21 11:39:54:762</time></pt><pt><x>802</x><y>288</y><time>19-05-21 11:39:55:189</time></pt><pt><x>795</x><y>284</y><time>19-05-21 11:39:55:719</time></pt><pt><x>779</x><y>279</y><time>19-05-21 11:39:56:438</time></pt><pt><x>770</x><y>275</y><time>19-05-21 11:39:56:873</time></pt><pt><x>774</x><y>267</y><time>19-05-21 11:39:57:360</time></pt><pt><x>783</x><y>260</y><time>19-05-21 11:39:57:790</time></pt><pt><x>790</x><y>248</y><time>19-05-21 11:39:58:254</time></pt><pt><x>788</x><y>242</y><time>19-05-21 11:39:58:853</time></pt><pt><x>779</x><y>239</y><time>19-05-21 11:39:59:167</time></pt><pt><x>769</x><y>239</y><time>19-05-21 11:39:59:466</time></pt><pt><x>762</x><y>239</y><time>19-05-21 11:39:59:710</time></pt><pt><x>765</x><y>213</y><time>19-05-21 11:40:00:301</time></pt><pt><x>774</x><y>187</y><time>19-05-21 11:40:01:448</time></pt><pt><x>791</x><y>195</y><time>19-05-21 11:40:02:198</time></pt><closed_date>19-05-21 11:40:02:917</closed_date></polygon></object><object><name>restoration</name><deleted>0</deleted><verified>0</verified><occluded>no</occluded><attributes /><parts><hasparts /><ispartof>3</ispartof></parts><date>19-05-21 11:40:53:712</date><id>11</id><polygon><username>anonymous</username><pt><x>321</x><y>249</y><time>19-05-21 11:40:36:781</time></pt><pt><x>322</x><y>223</y><time>19-05-21 11:40:37:518</time></pt><pt><x>357</x><y>206</y><time>19-05-21 11:40:38:354</time></pt><pt><x>392</x><y>213</y><time>19-05-21 11:40:39:271</time></pt><pt><x>410</x><y>230</y><time>19-05-21 11:40:39:838</time></pt><pt><x>418</x><y>253</y><time>19-05-21 11:40:40:435</time></pt><pt><x>418</x><y>288</y><time>19-05-21 11:40:40:924</time></pt><pt><x>418</x><y>300</y><time>19-05-21 11:40:41:511</time></pt><pt><x>406</x><y>314</y><time>19-05-21 11:40:42:489</time></pt><pt><x>380</x><y>307</y><time>19-05-21 11:40:43:107</time></pt><pt><x>333</x><y>314</y><time>19-05-21 11:40:43:653</time></pt><pt><x>319</x><y>316</y><time>19-05-21 11:40:44:113</time></pt><pt><x>293</x><y>310</y><time>19-05-21 11:40:44:571</time></pt><pt><x>267</x><y>309</y><time>19-05-21 11:40:45:183</time></pt><pt><x>248</x><y>317</y><time>19-05-21 11:40:45:799</time></pt><pt><x>237</x><y>314</y><time>19-05-21 11:40:46:383</time></pt><pt><x>228</x><y>295</y><time>19-05-21 11:40:46:838</time></pt><pt><x>232</x><y>251</y><time>19-05-21 11:40:47:991</time></pt><pt><x>242</x><y>230</y><time>19-05-21 11:40:48:871</time></pt><pt><x>270</x><y>230</y><time>19-05-21 11:40:49:583</time></pt><pt><x>305</x><y>249</y><time>19-05-21 11:40:50:403</time></pt><closed_date>19-05-21 11:40:50:932</closed_date></polygon></object><object><name>restoration</name><deleted>0</deleted><verified>0</verified><occluded>no</occluded><attributes /><parts><hasparts /><ispartof>4</ispartof></parts><date>19-05-21 11:41:16:532</date><id>12</id><polygon><username>anonymous</username><pt><x>84</x><y>199</y><time>19-05-21 11:41:05:353</time></pt><pt><x>103</x><y>193</y><time>19-05-21 11:41:05:949</time></pt><pt><x>108</x><y>178</y><time>19-05-21 11:41:06:371</time></pt><pt><x>94</x><y>164</y><time>19-05-21 11:41:06:905</time></pt><pt><x>77</x><y>157</y><time>19-05-21 11:41:07:314</time></pt><pt><x>64</x><y>145</y><time>19-05-21 11:41:07:830</time></pt><pt><x>52</x><y>132</y><time>19-05-21 11:41:08:214</time></pt><pt><x>28</x><y>127</y><time>19-05-21 11:41:08:755</time></pt><pt><x>24</x><y>127</y><time>19-05-21 11:41:09:405</time></pt><pt><x>14</x><y>148</y><time>19-05-21 11:41:10:349</time></pt><pt><x>3</x><y>169</y><time>19-05-21 11:41:10:835</time></pt><pt><x>2</x><y>192</y><time>19-05-21 11:41:11:365</time></pt><pt><x>2</x><y>207</y><time>19-05-21 11:41:11:825</time></pt><pt><x>9</x><y>211</y><time>19-05-21 11:41:12:283</time></pt><pt><x>37</x><y>206</y><time>19-05-21 11:41:13:012</time></pt><closed_date>19-05-21 11:41:13:833</closed_date></polygon></object><object><name>root canal treatment</name><deleted>1</deleted><verified>0</verified><occluded>no</occluded><attributes /><parts><hasparts /><ispartof>7</ispartof></parts><date>19-05-21 11:43:54:730</date><id>13</id><polygon><username>anonymous</username><pt><x>741</x><y>889</y><time>19-05-21 11:43:40:952</time></pt><pt><x>737</x><y>920</y><time>19-05-21 11:43:42:133</time></pt><pt><x>736</x><y>938</y><time>19-05-21 11:43:43:446</time></pt><pt><x>736</x><y>947</y><time>19-05-21 11:43:45:391</time></pt><pt><x>753</x><y>948</y><time>19-05-21 11:43:46:097</time></pt><pt><x>757</x><y>948</y><time>19-05-21 11:43:46:835</time></pt><pt><x>758</x><y>938</y><time>19-05-21 11:43:47:590</time></pt><pt><x>763</x><y>908</y><time>19-05-21 11:43:48:220</time></pt><pt><x>765</x><y>894</y><time>19-05-21 11:43:48:848</time></pt><pt><x>765</x><y>887</y><time>19-05-21 11:43:49:585</time></pt><closed_date>19-05-21 11:43:50:555</closed_date></polygon></object><object><name>restoration</name><deleted>1</deleted><verified>0</verified><occluded>no</occluded><attributes /><parts><hasparts /><ispartof>7</ispartof></parts><date>19-05-21 11:44:43:617</date><id>14</id><polygon><username>anonymous</username><pt><x>739</x><y>659</y><time>19-05-21 11:44:16:930</time></pt><pt><x>709</x><y>641</y><time>19-05-21 11:44:17:958</time></pt><pt><x>697</x><y>624</y><time>19-05-21 11:44:26:862</time></pt><pt><x>685</x><y>615</y><time>19-05-21 11:44:27:354</time></pt><pt><x>696</x><y>572</y><time>19-05-21 11:44:28:252</time></pt><pt><x>706</x><y>528</y><time>19-05-21 11:44:28:799</time></pt><pt><x>730</x><y>504</y><time>19-05-21 11:44:29:301</time></pt><pt><x>784</x><y>485</y><time>19-05-21 11:44:29:925</time></pt><pt><x>812</x><y>485</y><time>19-05-21 11:44:30:466</time></pt><pt><x>837</x><y>490</y><time>19-05-21 11:44:30:708</time></pt><pt><x>842</x><y>493</y><time>19-05-21 11:44:30:890</time></pt><pt><x>851</x><y>502</y><time>19-05-21 11:44:31:065</time></pt><pt><x>854</x><y>504</y><time>19-05-21 11:44:31:268</time></pt><pt><x>861</x><y>519</y><time>19-05-21 11:44:31:454</time></pt><pt><x>870</x><y>542</y><time>19-05-21 11:44:31:670</time></pt><pt><x>873</x><y>549</y><time>19-05-21 11:44:31:850</time></pt><pt><x>879</x><y>560</y><time>19-05-21 11:44:32:069</time></pt><pt><x>884</x><y>570</y><time>19-05-21 11:44:32:275</time></pt><pt><x>884</x><y>582</y><time>19-05-21 11:44:32:490</time></pt><pt><x>884</x><y>582</y><time>19-05-21 11:44:32:691</time></pt><pt><x>880</x><y>600</y><time>19-05-21 11:44:32:919</time></pt><pt><x>872</x><y>605</y><time>19-05-21 11:44:33:165</time></pt><pt><x>858</x><y>619</y><time>19-05-21 11:44:37:311</time></pt><pt><x>837</x><y>629</y><time>19-05-21 11:44:38:038</time></pt><pt><x>805</x><y>629</y><time>19-05-21 11:44:39:030</time></pt><pt><x>802</x><y>662</y><time>19-05-21 11:44:39:503</time></pt><pt><x>797</x><y>676</y><time>19-05-21 11:44:40:217</time></pt><closed_date>19-05-21 11:44:40:979</closed_date></polygon></object><object><name>root canal treatment</name><deleted>0</deleted><verified>0</verified><occluded>no</occluded><attributes /><parts><hasparts /><ispartof>7</ispartof></parts><date>19-05-21 11:45:06:869</date><id>15</id><polygon><username>anonymous</username><pt><x>743</x><y>664</y><time>19-05-21 11:44:52:040</time></pt><pt><x>737</x><y>708</y><time>19-05-21 11:44:52:894</time></pt><pt><x>737</x><y>763</y><time>19-05-21 11:44:53:447</time></pt><pt><x>736</x><y>830</y><time>19-05-21 11:44:54:185</time></pt><pt><x>737</x><y>870</y><time>19-05-21 11:44:54:747</time></pt><pt><x>739</x><y>910</y><time>19-05-21 11:44:55:329</time></pt><pt><x>737</x><y>941</y><time>19-05-21 11:44:56:244</time></pt><pt><x>760</x><y>947</y><time>19-05-21 11:44:57:557</time></pt><pt><x>762</x><y>927</y><time>19-05-21 11:44:58:254</time></pt><pt><x>767</x><y>891</y><time>19-05-21 11:44:59:031</time></pt><pt><x>777</x><y>859</y><time>19-05-21 11:44:59:947</time></pt><pt><x>779</x><y>835</y><time>19-05-21 11:45:00:511</time></pt><pt><x>784</x><y>774</y><time>19-05-21 11:45:01:758</time></pt><pt><x>793</x><y>734</y><time>19-05-21 11:45:02:447</time></pt><pt><x>804</x><y>671</y><time>19-05-21 11:45:03:054</time></pt><closed_date>19-05-21 11:45:03:795</closed_date></polygon></object><object><name>restoration</name><deleted>0</deleted><verified>0</verified><occluded>no</occluded><attributes /><parts><hasparts /><ispartof>7</ispartof></parts><date>19-05-21 11:45:39:205</date><id>16</id><polygon><username>anonymous</username><pt><x>802</x><y>664</y><time>19-05-21 11:45:14:789</time></pt><pt><x>809</x><y>628</y><time>19-05-21 11:45:16:270</time></pt><pt><x>851</x><y>631</y><time>19-05-21 11:45:16:915</time></pt><pt><x>873</x><y>614</y><time>19-05-21 11:45:18:190</time></pt><pt><x>879</x><y>596</y><time>19-05-21 11:45:18:799</time></pt><pt><x>892</x><y>582</y><time>19-05-21 11:45:20:102</time></pt><pt><x>884</x><y>554</y><time>19-05-21 11:45:21:298</time></pt><pt><x>879</x><y>528</y><time>19-05-21 11:45:21:823</time></pt><pt><x>863</x><y>514</y><time>19-05-21 11:45:22:641</time></pt><pt><x>847</x><y>497</y><time>19-05-21 11:45:23:308</time></pt><pt><x>823</x><y>478</y><time>19-05-21 11:45:24:278</time></pt><pt><x>809</x><y>478</y><time>19-05-21 11:45:24:864</time></pt><pt><x>783</x><y>474</y><time>19-05-21 11:45:25:341</time></pt><pt><x>769</x><y>479</y><time>19-05-21 11:45:25:816</time></pt><pt><x>765</x><y>479</y><time>19-05-21 11:45:26:179</time></pt><pt><x>748</x><y>488</y><time>19-05-21 11:45:26:513</time></pt><pt><x>744</x><y>492</y><time>19-05-21 11:45:26:887</time></pt><pt><x>729</x><y>499</y><time>19-05-21 11:45:27:286</time></pt><pt><x>725</x><y>504</y><time>19-05-21 11:45:27:688</time></pt><pt><x>716</x><y>516</y><time>19-05-21 11:45:27:999</time></pt><pt><x>716</x><y>519</y><time>19-05-21 11:45:28:280</time></pt><pt><x>701</x><y>539</y><time>19-05-21 11:45:28:879</time></pt><pt><x>701</x><y>563</y><time>19-05-21 11:45:29:627</time></pt><pt><x>687</x><y>586</y><time>19-05-21 11:45:30:427</time></pt><pt><x>687</x><y>614</y><time>19-05-21 11:45:31:626</time></pt><pt><x>690</x><y>621</y><time>19-05-21 11:45:32:233</time></pt><pt><x>708</x><y>638</y><time>19-05-21 11:45:32:966</time></pt><pt><x>718</x><y>652</y><time>19-05-21 11:45:33:441</time></pt><pt><x>743</x><y>666</y><time>19-05-21 11:45:34:229</time></pt><pt><x>750</x><y>668</y><time>19-05-21 11:45:35:104</time></pt><closed_date>19-05-21 11:45:36:078</closed_date></polygon></object><object><name>root canal treatment</name><deleted>0</deleted><verified>0</verified><occluded>no</occluded><attributes /><parts><hasparts /><ispartof>8</ispartof></parts><date>19-05-21 11:46:41:021</date><id>17</id><polygon><username>anonymous</username><pt><x>528</x><y>647</y><time>19-05-21 11:45:55:447</time></pt><pt><x>526</x><y>690</y><time>19-05-21 11:45:56:203</time></pt><pt><x>528</x><y>751</y><time>19-05-21 11:45:57:931</time></pt><pt><x>528</x><y>786</y><time>19-05-21 11:45:58:726</time></pt><pt><x>528</x><y>821</y><time>19-05-21 11:45:59:229</time></pt><pt><x>516</x><y>849</y><time>19-05-21 11:46:03:922</time></pt><pt><x>512</x><y>877</y><time>19-05-21 11:46:04:774</time></pt><pt><x>495</x><y>906</y><time>19-05-21 11:46:05:366</time></pt><pt><x>481</x><y>933</y><time>19-05-21 11:46:06:115</time></pt><pt><x>471</x><y>940</y><time>19-05-21 11:46:07:209</time></pt><pt><x>467</x><y>948</y><time>19-05-21 11:46:08:591</time></pt><pt><x>499</x><y>948</y><time>19-05-21 11:46:09:746</time></pt><pt><x>516</x><y>931</y><time>19-05-21 11:46:11:170</time></pt><pt><x>537</x><y>892</y><time>19-05-21 11:46:12:766</time></pt><pt><x>553</x><y>851</y><time>19-05-21 11:46:13:847</time></pt><pt><x>567</x><y>821</y><time>19-05-21 11:46:14:520</time></pt><pt><x>579</x><y>770</y><time>19-05-21 11:46:15:254</time></pt><pt><x>577</x><y>725</y><time>19-05-21 11:46:16:154</time></pt><pt><x>577</x><y>692</y><time>19-05-21 11:46:16:953</time></pt><pt><x>579</x><y>647</y><time>19-05-21 11:46:17:838</time></pt><pt><x>560</x><y>641</y><time>19-05-21 11:46:18:937</time></pt><pt><x>558</x><y>687</y><time>19-05-21 11:46:22:236</time></pt><pt><x>554</x><y>732</y><time>19-05-21 11:46:23:266</time></pt><pt><x>554</x><y>774</y><time>19-05-21 11:46:23:931</time></pt><pt><x>547</x><y>821</y><time>19-05-21 11:46:24:810</time></pt><pt><x>532</x><y>882</y><time>19-05-21 11:46:26:534</time></pt><pt><x>532</x><y>901</y><time>19-05-21 11:46:27:446</time></pt><pt><x>546</x><y>736</y><time>19-05-21 11:46:29:460</time></pt><pt><x>547</x><y>704</y><time>19-05-21 11:46:30:301</time></pt><pt><x>553</x><y>669</y><time>19-05-21 11:46:31:088</time></pt><pt><x>553</x><y>643</y><time>19-05-21 11:46:32:708</time></pt><pt><x>540</x><y>641</y><time>19-05-21 11:46:33:385</time></pt><closed_date>19-05-21 11:46:34:377</closed_date></polygon></object><object><name>root canal treatment</name><deleted>0</deleted><verified>0</verified><occluded>no</occluded><attributes /><parts><hasparts /><ispartof>8</ispartof></parts><date>19-05-21 11:47:10:414</date><id>18</id><polygon><username>anonymous</username><pt><x>431</x><y>626</y><time>19-05-21 11:46:42:891</time></pt><pt><x>385</x><y>697</y><time>19-05-21 11:46:44:069</time></pt><pt><x>356</x><y>725</y><time>19-05-21 11:46:44:954</time></pt><pt><x>342</x><y>763</y><time>19-05-21 11:46:48:659</time></pt><pt><x>319</x><y>809</y><time>19-05-21 11:46:49:420</time></pt><pt><x>305</x><y>845</y><time>19-05-21 11:46:50:283</time></pt><pt><x>289</x><y>879</y><time>19-05-21 11:46:53:248</time></pt><pt><x>272</x><y>933</y><time>19-05-21 11:46:54:676</time></pt><pt><x>268</x><y>947</y><time>19-05-21 11:46:55:626</time></pt><pt><x>275</x><y>948</y><time>19-05-21 11:46:56:927</time></pt><pt><x>293</x><y>917</y><time>19-05-21 11:46:58:042</time></pt><pt><x>312</x><y>863</y><time>19-05-21 11:46:58:850</time></pt><pt><x>331</x><y>837</y><time>19-05-21 11:46:59:619</time></pt><pt><x>345</x><y>798</y><time>19-05-21 11:47:00:375</time></pt><pt><x>364</x><y>776</y><time>19-05-21 11:47:00:962</time></pt><pt><x>397</x><y>729</y><time>19-05-21 11:47:01:578</time></pt><pt><x>420</x><y>699</y><time>19-05-21 11:47:02:179</time></pt><pt><x>460</x><y>640</y><time>19-05-21 11:47:03:114</time></pt><closed_date>19-05-21 11:47:03:838</closed_date></polygon></object><object><name>restoration</name><deleted>0</deleted><verified>0</verified><occluded>no</occluded><attributes /><parts><hasparts /><ispartof>9</ispartof></parts><date>19-05-21 11:47:56:006</date><id>19</id><polygon><username>anonymous</username><pt><x>136</x><y>424</y><time>19-05-21 11:47:25:049</time></pt><pt><x>157</x><y>444</y><time>19-05-21 11:47:25:723</time></pt><pt><x>169</x><y>451</y><time>19-05-21 11:47:29:753</time></pt><pt><x>185</x><y>474</y><time>19-05-21 11:47:30:384</time></pt><pt><x>200</x><y>502</y><time>19-05-21 11:47:31:057</time></pt><pt><x>225</x><y>523</y><time>19-05-21 11:47:31:586</time></pt><pt><x>263</x><y>530</y><time>19-05-21 11:47:32:364</time></pt><pt><x>298</x><y>511</y><time>19-05-21 11:47:33:294</time></pt><pt><x>312</x><y>485</y><time>19-05-21 11:47:35:046</time></pt><pt><x>324</x><y>492</y><time>19-05-21 11:47:36:198</time></pt><pt><x>342</x><y>476</y><time>19-05-21 11:47:41:969</time></pt><pt><x>350</x><y>465</y><time>19-05-21 11:47:42:682</time></pt><pt><x>352</x><y>453</y><time>19-05-21 11:47:43:336</time></pt><pt><x>347</x><y>443</y><time>19-05-21 11:47:43:803</time></pt><pt><x>343</x><y>429</y><time>19-05-21 11:47:44:787</time></pt><pt><x>328</x><y>418</y><time>19-05-21 11:47:45:709</time></pt><pt><x>310</x><y>417</y><time>19-05-21 11:47:46:328</time></pt><pt><x>310</x><y>418</y><time>19-05-21 11:47:46:902</time></pt><pt><x>284</x><y>429</y><time>19-05-21 11:47:47:992</time></pt><pt><x>260</x><y>420</y><time>19-05-21 11:47:48:505</time></pt><pt><x>230</x><y>415</y><time>19-05-21 11:47:49:002</time></pt><pt><x>197</x><y>415</y><time>19-05-21 11:47:49:508</time></pt><pt><x>181</x><y>415</y><time>19-05-21 11:47:49:904</time></pt><pt><x>146</x><y>401</y><time>19-05-21 11:47:50:830</time></pt><pt><x>129</x><y>394</y><time>19-05-21 11:47:51:892</time></pt><closed_date>19-05-21 11:47:52:633</closed_date></polygon></object><imagesize><nrows /><ncols /></imagesize></annotation>