<?xml version='1.0' encoding='UTF-8'?>
<annotation><filename>imagem-101.jpg</filename><folder>segmentation_xray</folder><source><sourceImage>The MIT-CSAIL database of objects and scenes</sourceImage><sourceAnnotation>LabelMe Webtool</sourceAnnotation></source><object><name>tooth</name><deleted>0</deleted><verified>0</verified><occluded>no</occluded><attributes>26</attributes><parts><hasparts /><ispartof>9</ispartof></parts><date>19-05-21 11:50:39:401</date><id>0</id><type>bounding_box</type><polygon><username>anonymous</username><pt><x>1057</x><y>233</y><time>19-05-21 11:50:33:324</time></pt><pt><x>1347</x><y>233</y><time>19-05-21 11:50:35:729</time></pt><pt><x>1347</x><y>1</y><time>undefined</time></pt><pt><x>1057</x><y>1</y><time>undefined</time></pt><closed_date>19-05-21 11:50:35:729</closed_date></polygon></object><object><name>tooth</name><deleted>0</deleted><verified>0</verified><occluded>no</occluded><attributes>65</attributes><parts><hasparts>8</hasparts><ispartof>9</ispartof></parts><date>19-05-21 11:50:49:683</date><id>1</id><type>bounding_box</type><polygon><username>anonymous</username><pt><x>670</x><y>367</y><time>19-05-21 11:50:40:989</time></pt><pt><x>1044</x><y>367</y><time>19-05-21 11:50:45:623</time></pt><pt><x>1044</x><y>7</y><time>undefined</time></pt><pt><x>670</x><y>7</y><time>undefined</time></pt><closed_date>19-05-21 11:50:45:624</closed_date></polygon></object><object><name>tooth</name><deleted>0</deleted><verified>0</verified><occluded>no</occluded><attributes>64</attributes><parts><hasparts>9</hasparts><ispartof>9</ispartof></parts><date>19-05-21 11:50:57:750</date><id>2</id><type>bounding_box</type><polygon><username>anonymous</username><pt><x>378</x><y>360</y><time>19-05-21 11:50:51:696</time></pt><pt><x>687</x><y>360</y><time>19-05-21 11:50:54:512</time></pt><pt><x>687</x><y>2</y><time>undefined</time></pt><pt><x>378</x><y>2</y><time>undefined</time></pt><closed_date>19-05-21 11:50:54:512</closed_date></polygon></object><object><name>tooth</name><deleted>0</deleted><verified>0</verified><occluded>no</occluded><attributes>63</attributes><parts><hasparts /><ispartof>9</ispartof></parts><date>19-05-21 11:51:05:344</date><id>3</id><type>bounding_box</type><polygon><username>anonymous</username><pt><x>103</x><y>365</y><time>19-05-21 11:50:59:610</time></pt><pt><x>382</x><y>365</y><time>19-05-21 11:51:02:219</time></pt><pt><x>382</x><y>3</y><time>undefined</time></pt><pt><x>103</x><y>3</y><time>undefined</time></pt><closed_date>19-05-21 11:51:02:219</closed_date></polygon></object><object><name>tooth</name><deleted>0</deleted><verified>0</verified><occluded>no</occluded><attributes>36</attributes><parts><hasparts /><ispartof>9</ispartof></parts><date>19-05-21 11:51:22:112</date><id>4</id><type>bounding_box</type><polygon><username>anonymous</username><pt><x>899</x><y>452</y><time>19-05-21 11:51:15:692</time></pt><pt><x>1360</x><y>452</y><time>19-05-21 11:51:18:863</time></pt><pt><x>1360</x><y>886</y><time>undefined</time></pt><pt><x>899</x><y>886</y><time>undefined</time></pt><closed_date>19-05-21 11:51:18:863</closed_date></polygon></object><object><name>tooth</name><deleted>0</deleted><verified>0</verified><occluded>no</occluded><attributes>75</attributes><parts><hasparts /><ispartof>9</ispartof></parts><date>19-05-21 11:51:30:893</date><id>5</id><type>bounding_box</type><polygon><username>anonymous</username><pt><x>489</x><y>460</y><time>19-05-21 11:51:24:494</time></pt><pt><x>902</x><y>460</y><time>19-05-21 11:51:27:166</time></pt><pt><x>902</x><y>886</y><time>undefined</time></pt><pt><x>489</x><y>886</y><time>undefined</time></pt><closed_date>19-05-21 11:51:27:167</closed_date></polygon></object><object><name>tooth</name><deleted>0</deleted><verified>0</verified><occluded>no</occluded><attributes>74</attributes><parts><hasparts /><ispartof>9</ispartof></parts><date>19-05-21 11:51:39:114</date><id>6</id><type>bounding_box</type><polygon><username>anonymous</username><pt><x>129</x><y>432</y><time>19-05-21 11:51:33:210</time></pt><pt><x>489</x><y>432</y><time>19-05-21 11:51:35:705</time></pt><pt><x>489</x><y>887</y><time>undefined</time></pt><pt><x>129</x><y>887</y><time>undefined</time></pt><closed_date>19-05-21 11:51:35:705</closed_date></polygon></object><object><name>tooth</name><deleted>0</deleted><verified>0</verified><occluded>no</occluded><attributes>73</attributes><parts><hasparts /><ispartof>9</ispartof></parts><date>19-05-21 11:51:51:459</date><id>7</id><type>bounding_box</type><polygon><username>anonymous</username><pt><x>183</x><y>378</y><time>19-05-21 11:51:42:422</time></pt><pt><x>0</x><y>378</y><time>19-05-21 11:51:47:598</time></pt><pt><x>0</x><y>801</y><time>undefined</time></pt><pt><x>183</x><y>801</y><time>undefined</time></pt><closed_date>19-05-21 11:51:47:599</closed_date></polygon></object><object><name>restoration</name><deleted>0</deleted><verified>0</verified><occluded>no</occluded><attributes /><parts><hasparts /><ispartof>1</ispartof></parts><date>19-05-21 11:52:28:057</date><id>8</id><polygon><username>anonymous</username><pt><x>776</x><y>258</y><time>19-05-21 11:52:16:509</time></pt><pt><x>789</x><y>225</y><time>19-05-21 11:52:17:338</time></pt><pt><x>812</x><y>217</y><time>19-05-21 11:52:18:201</time></pt><pt><x>830</x><y>230</y><time>19-05-21 11:52:18:864</time></pt><pt><x>856</x><y>241</y><time>19-05-21 11:52:19:525</time></pt><pt><x>853</x><y>264</y><time>19-05-21 11:52:20:411</time></pt><pt><x>865</x><y>302</y><time>19-05-21 11:52:20:963</time></pt><pt><x>878</x><y>323</y><time>19-05-21 11:52:21:438</time></pt><pt><x>874</x><y>341</y><time>19-05-21 11:52:22:047</time></pt><pt><x>847</x><y>336</y><time>19-05-21 11:52:22:503</time></pt><pt><x>814</x><y>320</y><time>19-05-21 11:52:22:902</time></pt><pt><x>796</x><y>297</y><time>19-05-21 11:52:23:580</time></pt><pt><x>768</x><y>300</y><time>19-05-21 11:52:24:000</time></pt><pt><x>765</x><y>299</y><time>19-05-21 11:52:24:402</time></pt><pt><x>762</x><y>281</y><time>19-05-21 11:52:24:864</time></pt><closed_date>19-05-21 11:52:25:562</closed_date></polygon></object><object><name>restoration</name><deleted>0</deleted><verified>0</verified><occluded>no</occluded><attributes /><parts><hasparts /><ispartof>2</ispartof></parts><date>19-05-21 11:52:54:768</date><id>9</id><polygon><username>anonymous</username><pt><x>558</x><y>264</y><time>19-05-21 11:52:43:364</time></pt><pt><x>586</x><y>245</y><time>19-05-21 11:52:44:075</time></pt><pt><x>615</x><y>241</y><time>19-05-21 11:52:45:423</time></pt><pt><x>635</x><y>256</y><time>19-05-21 11:52:45:924</time></pt><pt><x>654</x><y>272</y><time>19-05-21 11:52:46:483</time></pt><pt><x>643</x><y>290</y><time>19-05-21 11:52:47:162</time></pt><pt><x>607</x><y>292</y><time>19-05-21 11:52:47:849</time></pt><pt><x>568</x><y>292</y><time>19-05-21 11:52:48:307</time></pt><pt><x>555</x><y>292</y><time>19-05-21 11:52:48:738</time></pt><pt><x>542</x><y>289</y><time>19-05-21 11:52:49:582</time></pt><pt><x>517</x><y>279</y><time>19-05-21 11:52:50:451</time></pt><pt><x>514</x><y>266</y><time>19-05-21 11:52:51:054</time></pt><closed_date>19-05-21 11:52:52:039</closed_date></polygon></object><imagesize><nrows /><ncols /></imagesize></annotation>