<?xml version='1.0' encoding='UTF-8'?>
<annotation><filename>imagem-065.jpg</filename><folder>segmentation_xray</folder><source><sourceImage>The MIT-CSAIL database of objects and scenes</sourceImage><sourceAnnotation>LabelMe Webtool</sourceAnnotation></source><object><name>tooth</name><deleted>0</deleted><verified>0</verified><occluded>no</occluded><attributes>26</attributes><parts><hasparts /><ispartof /></parts><date>19-05-21 11:22:22:843</date><id>0</id><type>bounding_box</type><polygon><username>anonymous</username><pt><x>591</x><y>264</y><time>19-05-21 11:20:33:595</time></pt><pt><x>945</x><y>264</y><time>19-05-21 11:20:38:790</time></pt><pt><x>945</x><y>1</y><time>undefined</time></pt><pt><x>591</x><y>1</y><time>undefined</time></pt><closed_date>19-05-21 11:20:38:790</closed_date></polygon></object><object><name>tooth</name><deleted>0</deleted><verified>0</verified><occluded>no</occluded><attributes>25</attributes><parts><hasparts /><ispartof /></parts><date>19-05-21 11:31:46:899</date><id>1</id><type>bounding_box</type><polygon><username>anonymous</username><pt><x>356</x><y>281</y><time>19-05-21 11:31:34:991</time></pt><pt><x>592</x><y>281</y><time>19-05-21 11:31:38:613</time></pt><pt><x>592</x><y>4</y><time>undefined</time></pt><pt><x>356</x><y>4</y><time>undefined</time></pt><closed_date>19-05-21 11:31:38:613</closed_date></polygon></object><object><name>tooth</name><deleted>0</deleted><verified>0</verified><occluded>no</occluded><attributes>24</attributes><parts><hasparts /><ispartof /></parts><date>19-05-21 11:32:12:186</date><id>2</id><type>bounding_box</type><polygon><username>anonymous</username><pt><x>351</x><y>318</y><time>19-05-21 11:32:03:101</time></pt><pt><x>88</x><y>318</y><time>19-05-21 11:32:06:722</time></pt><pt><x>88</x><y>1</y><time>undefined</time></pt><pt><x>351</x><y>1</y><time>undefined</time></pt><closed_date>19-05-21 11:32:06:722</closed_date></polygon></object><object><name>tooth</name><deleted>0</deleted><verified>0</verified><occluded>no</occluded><attributes>37</attributes><parts><hasparts /><ispartof /></parts><date>19-05-21 11:32:43:814</date><id>3</id><type>bounding_box</type><polygon><username>anonymous</username><pt><x>810</x><y>655</y><time>19-05-21 11:32:31:760</time></pt><pt><x>1021</x><y>655</y><time>19-05-21 11:32:34:947</time></pt><pt><x>1021</x><y>426</y><time>undefined</time></pt><pt><x>810</x><y>426</y><time>undefined</time></pt><closed_date>19-05-21 11:32:34:948</closed_date></polygon></object><object><name>tooth</name><deleted>0</deleted><verified>0</verified><occluded>no</occluded><attributes>36</attributes><parts><hasparts /><ispartof /></parts><date>19-05-21 11:32:57:799</date><id>4</id><type>bounding_box</type><polygon><username>anonymous</username><pt><x>425</x><y>346</y><time>19-05-21 11:32:48:080</time></pt><pt><x>802</x><y>346</y><time>19-05-21 11:32:51:938</time></pt><pt><x>802</x><y>658</y><time>undefined</time></pt><pt><x>425</x><y>658</y><time>undefined</time></pt><closed_date>19-05-21 11:32:51:938</closed_date></polygon></object><object><name>tooth</name><deleted>0</deleted><verified>0</verified><occluded>no</occluded><attributes>74</attributes><parts><hasparts /><ispartof /></parts><date>19-05-21 11:35:49:653</date><id>5</id><type>bounding_box</type><polygon><username>anonymous</username><pt><x>421</x><y>368</y><time>19-05-21 11:35:29:718</time></pt><pt><x>81</x><y>368</y><time>19-05-21 11:35:36:583</time></pt><pt><x>81</x><y>659</y><time>undefined</time></pt><pt><x>421</x><y>659</y><time>undefined</time></pt><closed_date>19-05-21 11:35:36:583</closed_date></polygon></object><imagesize><nrows /><ncols /></imagesize></annotation>