<?xml version='1.0' encoding='UTF-8'?>
<annotation><filename>imagem-066.jpg</filename><folder>segmentation_xray</folder><source><sourceImage>The MIT-CSAIL database of objects and scenes</sourceImage><sourceAnnotation>LabelMe Webtool</sourceAnnotation></source><object><name>tooth</name><deleted>0</deleted><verified>0</verified><occluded>no</occluded><attributes>16</attributes><parts><hasparts /><ispartof /></parts><date>12-05-21 11:07:26:582</date><id>0</id><type>bounding_box</type><polygon><username>anonymous</username><pt><x>67</x><y>282</y><time>12-05-21 11:07:16:469</time></pt><pt><x>431</x><y>282</y><time>12-05-21 11:07:20:320</time></pt><pt><x>431</x><y>3</y><time>undefined</time></pt><pt><x>67</x><y>3</y><time>undefined</time></pt><closed_date>12-05-21 11:07:20:320</closed_date></polygon></object><object><name>tooth</name><deleted>0</deleted><verified>0</verified><occluded>no</occluded><attributes>15</attributes><parts><hasparts /><ispartof /></parts><date>12-05-21 11:07:46:172</date><id>1</id><type>bounding_box</type><polygon><username>anonymous</username><pt><x>666</x><y>261</y><time>12-05-21 11:07:38:319</time></pt><pt><x>422</x><y>261</y><time>12-05-21 11:07:41:631</time></pt><pt><x>422</x><y>2</y><time>undefined</time></pt><pt><x>666</x><y>2</y><time>undefined</time></pt><closed_date>12-05-21 11:07:41:631</closed_date></polygon></object><object><name>tooth</name><deleted>0</deleted><verified>0</verified><occluded>no</occluded><attributes>14</attributes><parts><hasparts /><ispartof /></parts><date>12-05-21 11:08:56:269</date><id>2</id><type>bounding_box</type><polygon><username>anonymous</username><pt><x>913</x><y>269</y><time>12-05-21 11:08:44:027</time></pt><pt><x>642</x><y>269</y><time>12-05-21 11:08:47:555</time></pt><pt><x>642</x><y>2</y><time>undefined</time></pt><pt><x>913</x><y>2</y><time>undefined</time></pt><closed_date>12-05-21 11:08:47:555</closed_date></polygon></object><object><name>tooth</name><deleted>0</deleted><verified>0</verified><occluded>no</occluded><attributes>44</attributes><parts><hasparts /><ispartof /></parts><date>12-05-21 11:09:24:900</date><id>3</id><type>bounding_box</type><polygon><username>anonymous</username><pt><x>1020</x><y>295</y><time>12-05-21 11:09:06:368</time></pt><pt><x>860</x><y>295</y><time>12-05-21 11:09:09:478</time></pt><pt><x>860</x><y>658</y><time>undefined</time></pt><pt><x>1020</x><y>658</y><time>undefined</time></pt><closed_date>12-05-21 11:09:09:479</closed_date></polygon></object><object><name>tooth</name><deleted>0</deleted><verified>0</verified><occluded>no</occluded><attributes>85</attributes><parts><hasparts /><ispartof /></parts><date>12-05-21 11:09:39:334</date><id>4</id><type>bounding_box</type><polygon><username>anonymous</username><pt><x>533</x><y>309</y><time>12-05-21 11:09:28:348</time></pt><pt><x>867</x><y>309</y><time>12-05-21 11:09:33:215</time></pt><pt><x>867</x><y>659</y><time>undefined</time></pt><pt><x>533</x><y>659</y><time>undefined</time></pt><closed_date>12-05-21 11:09:33:215</closed_date></polygon></object><object><name>tooth</name><deleted>0</deleted><verified>0</verified><occluded>no</occluded><attributes>45</attributes><parts><hasparts /><ispartof /></parts><date>12-05-21 11:09:55:675</date><id>5</id><type>bounding_box</type><polygon><username>anonymous</username><pt><x>514</x><y>654</y><time>12-05-21 11:09:48:689</time></pt><pt><x>777</x><y>654</y><time>12-05-21 11:09:51:474</time></pt><pt><x>777</x><y>552</y><time>undefined</time></pt><pt><x>514</x><y>552</y><time>undefined</time></pt><closed_date>12-05-21 11:09:51:474</closed_date></polygon></object><object><name>tooth</name><deleted>0</deleted><verified>0</verified><occluded>no</occluded><attributes>46</attributes><parts><hasparts /><ispartof /></parts><date>12-05-21 11:10:06:506</date><id>6</id><type>bounding_box</type><polygon><username>anonymous</username><pt><x>163</x><y>325</y><time>12-05-21 11:09:57:235</time></pt><pt><x>544</x><y>325</y><time>12-05-21 11:10:00:836</time></pt><pt><x>544</x><y>657</y><time>undefined</time></pt><pt><x>163</x><y>657</y><time>undefined</time></pt><closed_date>12-05-21 11:10:00:836</closed_date></polygon></object><object><name>tooth</name><deleted>0</deleted><verified>0</verified><occluded>no</occluded><attributes>47</attributes><parts><hasparts /><ispartof /></parts><date>12-05-21 11:10:30:114</date><id>7</id><type>bounding_box</type><polygon><username>anonymous</username><pt><x>5</x><y>397</y><time>12-05-21 11:10:20:495</time></pt><pt><x>201</x><y>397</y><time>12-05-21 11:10:24:668</time></pt><pt><x>201</x><y>651</y><time>undefined</time></pt><pt><x>5</x><y>651</y><time>undefined</time></pt><closed_date>12-05-21 11:10:24:668</closed_date></polygon></object><imagesize><nrows /><ncols /></imagesize></annotation>