<?xml version="1.0" encoding="UTF-8"?><annotation><filename>imagem-031.jpg</filename><folder>segmentation_xray</folder><source><sourceImage>The MIT-CSAIL database of objects and scenes</sourceImage><sourceAnnotation>LabelMe Webtool</sourceAnnotation></source><object><name>tooth</name><deleted>0</deleted><verified>0</verified><occluded>no</occluded><attributes>17</attributes><parts><hasparts>5</hasparts><ispartof/></parts><date>12-05-21 13:29:51:175</date><id>0</id><type>bounding_box</type><polygon><username>anonymous</username><pt><x>483</x><y>5</y><time>12-05-21 13:29:43:421</time></pt><pt><x>1518</x><y>5</y><time>12-05-21 13:29:46:588</time></pt><pt><x>1518</x><y>1336</y><time>undefined</time></pt><pt><x>483</x><y>1336</y><time>undefined</time></pt><closed_date>12-05-21 13:29:46:589</closed_date></polygon></object><object><name>tooth</name><deleted>0</deleted><verified>0</verified><occluded>no</occluded><attributes>16</attributes><parts><hasparts>2</hasparts><ispartof/></parts><date>12-05-21 13:30:08:537</date><id>1</id><type>bounding_box</type><polygon><username>anonymous</username><pt><x>2698</x><y>1372</y><time>12-05-21 13:30:00:476</time></pt><pt><x>1518</x><y>1372</y><time>12-05-21 13:30:04:205</time></pt><pt><x>1518</x><y>1</y><time>undefined</time></pt><pt><x>2698</x><y>1</y><time>undefined</time></pt><closed_date>12-05-21 13:30:04:205</closed_date></polygon></object><object><name>restoration</name><deleted>0</deleted><verified>0</verified><occluded>no</occluded><attributes/><parts><hasparts/><ispartof>1</ispartof></parts><date>12-05-21 13:31:23:459</date><id>2</id><polygon><username>anonymous</username><pt><x>2157</x><y>665</y><time>12-05-21 13:30:19:349</time></pt><pt><x>2157</x><y>743</y><time>12-05-21 13:30:19:860</time></pt><pt><x>2142</x><y>821</y><time>12-05-21 13:30:20:502</time></pt><pt><x>2126</x><y>858</y><time>12-05-21 13:30:34:325</time></pt><pt><x>2053</x><y>894</y><time>12-05-21 13:30:35:047</time></pt><pt><x>2017</x><y>920</y><time>12-05-21 13:30:35:721</time></pt><pt><x>1981</x><y>946</y><time>12-05-21 13:30:36:842</time></pt><pt><x>1955</x><y>951</y><time>12-05-21 13:30:39:443</time></pt><pt><x>1918</x><y>925</y><time>12-05-21 13:30:40:085</time></pt><pt><x>1877</x><y>899</y><time>12-05-21 13:30:40:580</time></pt><pt><x>1825</x><y>899</y><time>12-05-21 13:30:41:059</time></pt><pt><x>1773</x><y>899</y><time>12-05-21 13:30:41:588</time></pt><pt><x>1726</x><y>905</y><time>12-05-21 13:30:42:118</time></pt><pt><x>1648</x><y>894</y><time>12-05-21 13:30:47:301</time></pt><pt><x>1658</x><y>905</y><time>12-05-21 13:30:54:824</time></pt><pt><x>1586</x><y>936</y><time>12-05-21 13:30:55:394</time></pt><pt><x>1586</x><y>956</y><time>12-05-21 13:30:55:873</time></pt><pt><x>1586</x><y>1024</y><time>12-05-21 13:30:56:482</time></pt><pt><x>1611</x><y>1055</y><time>12-05-21 13:30:57:009</time></pt><pt><x>1674</x><y>1076</y><time>12-05-21 13:31:03:453</time></pt><pt><x>1726</x><y>1128</y><time>12-05-21 13:31:04:160</time></pt><pt><x>1861</x><y>1170</y><time>12-05-21 13:31:05:143</time></pt><pt><x>1986</x><y>1154</y><time>12-05-21 13:31:05:737</time></pt><pt><x>2100</x><y>1045</y><time>12-05-21 13:31:06:378</time></pt><pt><x>2147</x><y>1003</y><time>12-05-21 13:31:07:028</time></pt><pt><x>2142</x><y>1050</y><time>12-05-21 13:31:09:206</time></pt><pt><x>2246</x><y>1107</y><time>12-05-21 13:31:09:994</time></pt><pt><x>2308</x><y>1149</y><time>12-05-21 13:31:10:660</time></pt><pt><x>2396</x><y>1149</y><time>12-05-21 13:31:11:193</time></pt><pt><x>2480</x><y>1107</y><time>12-05-21 13:31:11:822</time></pt><pt><x>2521</x><y>1034</y><time>12-05-21 13:31:12:545</time></pt><pt><x>2516</x><y>962</y><time>12-05-21 13:31:13:106</time></pt><pt><x>2464</x><y>936</y><time>12-05-21 13:31:13:781</time></pt><pt><x>2407</x><y>931</y><time>12-05-21 13:31:14:292</time></pt><pt><x>2344</x><y>931</y><time>12-05-21 13:31:14:812</time></pt><pt><x>2308</x><y>925</y><time>12-05-21 13:31:15:373</time></pt><pt><x>2246</x><y>879</y><time>12-05-21 13:31:16:120</time></pt><pt><x>2292</x><y>879</y><time>12-05-21 13:31:16:576</time></pt><pt><x>2459</x><y>879</y><time>12-05-21 13:31:17:188</time></pt><pt><x>2459</x><y>821</y><time>12-05-21 13:31:17:705</time></pt><pt><x>2454</x><y>712</y><time>12-05-21 13:31:18:330</time></pt><pt><x>2412</x><y>634</y><time>12-05-21 13:31:19:103</time></pt><pt><x>2298</x><y>634</y><time>12-05-21 13:31:19:639</time></pt><pt><x>2240</x><y>634</y><time>12-05-21 13:31:20:029</time></pt><closed_date>12-05-21 13:31:20:565</closed_date></polygon></object><object><name>tooth</name><deleted>0</deleted><verified>0</verified><occluded>no</occluded><attributes>15</attributes><parts><hasparts/><ispartof/></parts><date>12-05-21 13:31:41:588</date><id>3</id><type>bounding_box</type><polygon><username>anonymous</username><pt><x>2672</x><y>1378</y><time>12-05-21 13:31:31:479</time></pt><pt><x>3405</x><y>1378</y><time>12-05-21 13:31:36:491</time></pt><pt><x>3405</x><y>21</y><time>undefined</time></pt><pt><x>2672</x><y>21</y><time>undefined</time></pt><closed_date>12-05-21 13:31:36:492</closed_date></polygon></object><object><name>tooth</name><deleted>0</deleted><verified>0</verified><occluded>no</occluded><attributes>14</attributes><parts><hasparts/><ispartof/></parts><date>12-05-21 13:32:05:337</date><id>4</id><type>bounding_box</type><polygon><username>anonymous</username><pt><x>3389</x><y>1357</y><time>12-05-21 13:31:56:271</time></pt><pt><x>4050</x><y>1357</y><time>12-05-21 13:32:00:268</time></pt><pt><x>4050</x><y>36</y><time>undefined</time></pt><pt><x>3389</x><y>36</y><time>undefined</time></pt><closed_date>12-05-21 13:32:00:268</closed_date></polygon></object><object><name>restoration</name><deleted>0</deleted><verified>0</verified><occluded>no</occluded><attributes/><parts><hasparts/><ispartof>0</ispartof></parts><date>12-05-21 13:33:15:229</date><id>5</id><polygon><username>anonymous</username><pt><x>775</x><y>712</y><time>12-05-21 13:32:52:805</time></pt><pt><x>884</x><y>712</y><time>12-05-21 13:32:53:241</time></pt><pt><x>946</x><y>681</y><time>12-05-21 13:32:53:779</time></pt><pt><x>1040</x><y>671</y><time>12-05-21 13:32:54:340</time></pt><pt><x>1076</x><y>686</y><time>12-05-21 13:32:54:755</time></pt><pt><x>1149</x><y>733</y><time>12-05-21 13:32:55:282</time></pt><pt><x>1237</x><y>790</y><time>12-05-21 13:32:55:797</time></pt><pt><x>1294</x><y>811</y><time>12-05-21 13:32:56:314</time></pt><pt><x>1367</x><y>853</y><time>12-05-21 13:32:57:071</time></pt><pt><x>1393</x><y>863</y><time>12-05-21 13:32:59:150</time></pt><pt><x>1393</x><y>899</y><time>12-05-21 13:32:59:663</time></pt><pt><x>1393</x><y>962</y><time>12-05-21 13:33:00:142</time></pt><pt><x>1393</x><y>1029</y><time>12-05-21 13:33:00:751</time></pt><pt><x>1294</x><y>993</y><time>12-05-21 13:33:01:361</time></pt><pt><x>1196</x><y>993</y><time>12-05-21 13:33:01:775</time></pt><pt><x>1138</x><y>1029</y><time>12-05-21 13:33:02:287</time></pt><pt><x>1118</x><y>1040</y><time>12-05-21 13:33:02:686</time></pt><pt><x>1040</x><y>1086</y><time>12-05-21 13:33:03:400</time></pt><pt><x>1003</x><y>1029</y><time>12-05-21 13:33:03:937</time></pt><pt><x>993</x><y>1014</y><time>12-05-21 13:33:04:384</time></pt><pt><x>925</x><y>936</y><time>12-05-21 13:33:05:066</time></pt><pt><x>858</x><y>853</y><time>12-05-21 13:33:05:814</time></pt><pt><x>821</x><y>915</y><time>12-05-21 13:33:06:439</time></pt><pt><x>717</x><y>936</y><time>12-05-21 13:33:07:008</time></pt><pt><x>603</x><y>931</y><time>12-05-21 13:33:07:651</time></pt><pt><x>593</x><y>853</y><time>12-05-21 13:33:08:146</time></pt><pt><x>593</x><y>759</y><time>12-05-21 13:33:08:701</time></pt><pt><x>593</x><y>681</y><time>12-05-21 13:33:09:275</time></pt><pt><x>634</x><y>676</y><time>12-05-21 13:33:09:812</time></pt><pt><x>676</x><y>676</y><time>12-05-21 13:33:10:324</time></pt><pt><x>749</x><y>676</y><time>12-05-21 13:33:10:828</time></pt><closed_date>12-05-21 13:33:11:388</closed_date></polygon></object><object><name>tooth</name><deleted>0</deleted><verified>0</verified><occluded>no</occluded><attributes>47</attributes><parts><hasparts/><ispartof/></parts><date>12-05-21 13:33:39:425</date><id>6</id><type>bounding_box</type><polygon><username>anonymous</username><pt><x>239</x><y>1284</y><time>12-05-21 13:33:28:805</time></pt><pt><x>1508</x><y>1284</y><time>12-05-21 13:33:33:751</time></pt><pt><x>1508</x><y>3129</y><time>undefined</time></pt><pt><x>239</x><y>3129</y><time>undefined</time></pt><closed_date>12-05-21 13:33:33:752</closed_date></polygon></object><object><name>tooth</name><deleted>1</deleted><verified>0</verified><occluded>no</occluded><attributes>46</attributes><parts><hasparts></hasparts><ispartof/></parts><date>12-05-21 13:34:24:605</date><id>7</id><type>bounding_box</type><polygon><username>anonymous</username><pt><x>2719</x><y>3135</y><time>12-05-21 13:34:15:244</time></pt><pt><x>1445</x><y>3135</y><time>12-05-21 13:34:19:549</time></pt><pt><x>1445</x><y>1508</y><time>undefined</time></pt><pt><x>2719</x><y>1508</y><time>undefined</time></pt><closed_date>12-05-21 13:34:19:549</closed_date></polygon></object><object><name>restoration</name><deleted>0</deleted><verified>0</verified><occluded>no</occluded><attributes/><parts><hasparts/><ispartof>18</ispartof></parts><date>12-05-21 13:34:57:052</date><id>8</id><polygon><username>anonymous</username><pt><x>1705</x><y>1674</y><time>12-05-21 13:34:45:147</time></pt><pt><x>1674</x><y>1788</y><time>12-05-21 13:34:45:884</time></pt><pt><x>1689</x><y>1861</y><time>12-05-21 13:34:46:582</time></pt><pt><x>1767</x><y>1903</y><time>12-05-21 13:34:47:146</time></pt><pt><x>1851</x><y>1903</y><time>12-05-21 13:34:47:825</time></pt><pt><x>1923</x><y>1866</y><time>12-05-21 13:34:48:540</time></pt><pt><x>1965</x><y>1814</y><time>12-05-21 13:34:49:304</time></pt><pt><x>1960</x><y>1793</y><time>12-05-21 13:34:50:003</time></pt><pt><x>1903</x><y>1747</y><time>12-05-21 13:34:50:734</time></pt><pt><x>1814</x><y>1700</y><time>12-05-21 13:34:51:441</time></pt><pt><x>1762</x><y>1679</y><time>12-05-21 13:34:52:092</time></pt><closed_date>12-05-21 13:34:52:685</closed_date></polygon></object><object><name>tooth</name><deleted>0</deleted><verified>0</verified><occluded>no</occluded><attributes>45</attributes><parts><hasparts>10</hasparts><ispartof/></parts><date>12-05-21 13:36:21:519</date><id>9</id><type>bounding_box</type><polygon><username>anonymous</username><pt><x>3514</x><y>3129</y><time>12-05-21 13:36:09:768</time></pt><pt><x>2646</x><y>3129</y><time>12-05-21 13:36:16:081</time></pt><pt><x>2646</x><y>1606</y><time>undefined</time></pt><pt><x>3514</x><y>1606</y><time>undefined</time></pt><closed_date>12-05-21 13:36:16:081</closed_date></polygon></object><object><name>restoration</name><deleted>0</deleted><verified>0</verified><occluded>no</occluded><attributes/><parts><hasparts/><ispartof>9</ispartof></parts><date>12-05-21 13:37:12:425</date><id>10</id><polygon><username>anonymous</username><pt><x>3239</x><y>2147</y><time>12-05-21 13:36:54:572</time></pt><pt><x>3296</x><y>2064</y><time>12-05-21 13:36:55:358</time></pt><pt><x>3322</x><y>2033</y><time>12-05-21 13:36:56:008</time></pt><pt><x>3369</x><y>1981</y><time>12-05-21 13:36:56:845</time></pt><pt><x>3337</x><y>1923</y><time>12-05-21 13:36:57:544</time></pt><pt><x>3218</x><y>1819</y><time>12-05-21 13:36:58:291</time></pt><pt><x>3129</x><y>1757</y><time>12-05-21 13:36:59:063</time></pt><pt><x>3067</x><y>1736</y><time>12-05-21 13:37:01:088</time></pt><pt><x>2937</x><y>1773</y><time>12-05-21 13:37:01:687</time></pt><pt><x>2921</x><y>1778</y><time>12-05-21 13:37:03:174</time></pt><pt><x>2859</x><y>1866</y><time>12-05-21 13:37:03:783</time></pt><pt><x>2849</x><y>1955</y><time>12-05-21 13:37:04:490</time></pt><pt><x>2859</x><y>2038</y><time>12-05-21 13:37:05:197</time></pt><pt><x>2953</x><y>2100</y><time>12-05-21 13:37:05:872</time></pt><pt><x>3031</x><y>2111</y><time>12-05-21 13:37:06:359</time></pt><pt><x>3093</x><y>2131</y><time>12-05-21 13:37:06:863</time></pt><pt><x>3124</x><y>2131</y><time>12-05-21 13:37:07:302</time></pt><closed_date>12-05-21 13:37:07:984</closed_date></polygon></object><object><name>tooth</name><deleted>0</deleted><verified>0</verified><occluded>no</occluded><attributes>44</attributes><parts><hasparts/><ispartof/></parts><date>12-05-21 13:37:30:668</date><id>11</id><type>bounding_box</type><polygon><username>anonymous</username><pt><x>3535</x><y>1632</y><time>12-05-21 13:37:21:304</time></pt><pt><x>4076</x><y>1632</y><time>12-05-21 13:37:25:349</time></pt><pt><x>4076</x><y>3135</y><time>undefined</time></pt><pt><x>3535</x><y>3135</y><time>undefined</time></pt><closed_date>12-05-21 13:37:25:349</closed_date></polygon></object><imagesize><nrows></nrows><ncols></ncols></imagesize><object><name>tooth</name><deleted>1</deleted><verified>0</verified><occluded>no</occluded><attributes>17</attributes><parts><hasparts/><ispartof/></parts><date>14-05-21 15:24:01:078</date><id>12</id><type>bounding_box</type><polygon><username>anonymous</username><pt><x>465</x><y>1</y><time>14-05-21 15:23:35:316</time></pt><pt><x>1530</x><y>1</y><time>14-05-21 15:23:46:095</time></pt><pt><x>1530</x><y>1321</y><time>undefined</time></pt><pt><x>465</x><y>1321</y><time>undefined</time></pt><closed_date>14-05-21 15:23:46:096</closed_date></polygon></object><object><name>tooth</name><deleted>0</deleted><verified>0</verified><occluded>no</occluded><attributes>16</attributes><parts><hasparts/><ispartof/></parts><date>14-05-21 15:24:58:436</date><id>13</id><type>bounding_box</type><polygon><username>anonymous</username><pt><x>1530</x><y>6</y><time>14-05-21 15:24:45:473</time></pt><pt><x>2659</x><y>6</y><time>14-05-21 15:24:52:783</time></pt><pt><x>2659</x><y>1385</y><time>undefined</time></pt><pt><x>1530</x><y>1385</y><time>undefined</time></pt><closed_date>14-05-21 15:24:52:784</closed_date></polygon></object><object><name>tooth</name><deleted>1</deleted><verified>0</verified><occluded>no</occluded><attributes>15</attributes><parts><hasparts/><ispartof/></parts><date>14-05-21 15:25:53:831</date><id>14</id><type>bounding_box</type><polygon><username>anonymous</username><pt><x>2676</x><y>1379</y><time>14-05-21 15:25:26:134</time></pt><pt><x>3404</x><y>1379</y><time>14-05-21 15:25:33:994</time></pt><pt><x>3404</x><y>6</y><time>undefined</time></pt><pt><x>2676</x><y>6</y><time>undefined</time></pt><closed_date>14-05-21 15:25:33:994</closed_date></polygon></object><object><name>tooth</name><deleted>1</deleted><verified>0</verified><occluded>no</occluded><attributes>14</attributes><parts><hasparts/><ispartof/></parts><date>14-05-21 15:30:54:885</date><id>15</id><type>bounding_box</type><polygon><username>anonymous</username><pt><x>3380</x><y>12</y><time>14-05-21 15:30:39:017</time></pt><pt><x>4079</x><y>12</y><time>14-05-21 15:30:45:292</time></pt><pt><x>4079</x><y>1367</y><time>undefined</time></pt><pt><x>3380</x><y>1367</y><time>undefined</time></pt><closed_date>14-05-21 15:30:45:293</closed_date></polygon></object><object><name>tooth</name><deleted>1</deleted><verified>0</verified><occluded>no</occluded><attributes>44</attributes><parts><hasparts/><ispartof/></parts><date>14-05-21 15:31:55:536</date><id>16</id><type>bounding_box</type><polygon><username>anonymous</username><pt><x>3479</x><y>1647</y><time>14-05-21 15:31:27:636</time></pt><pt><x>4090</x><y>1647</y><time>14-05-21 15:31:35:554</time></pt><pt><x>4090</x><y>3136</y><time>undefined</time></pt><pt><x>3479</x><y>3136</y><time>undefined</time></pt><closed_date>14-05-21 15:31:35:554</closed_date></polygon></object><object><name>tooth</name><deleted>1</deleted><verified>0</verified><occluded>no</occluded><attributes>45</attributes><parts><hasparts/><ispartof/></parts><date>14-05-21 15:32:23:537</date><id>17</id><type>bounding_box</type><polygon><username>anonymous</username><pt><x>2659</x><y>1618</y><time>14-05-21 15:32:08:618</time></pt><pt><x>3503</x><y>1618</y><time>14-05-21 15:32:17:616</time></pt><pt><x>3503</x><y>3159</y><time>undefined</time></pt><pt><x>2659</x><y>3159</y><time>undefined</time></pt><closed_date>14-05-21 15:32:17:616</closed_date></polygon></object><object><name>tooth</name><deleted>0</deleted><verified>0</verified><occluded>no</occluded><attributes>46</attributes><parts><hasparts>19,8</hasparts><ispartof/></parts><date>14-05-21 15:33:36:219</date><id>18</id><type>bounding_box</type><polygon><username>anonymous</username><pt><x>1140</x><y>1519</y><time>14-05-21 15:32:44:168</time></pt><pt><x>2682</x><y>1519</y><time>14-05-21 15:32:55:377</time></pt><pt><x>2682</x><y>3171</y><time>undefined</time></pt><pt><x>1140</x><y>3171</y><time>undefined</time></pt><closed_date>14-05-21 15:32:55:377</closed_date></polygon></object><object><name>restoration</name><deleted>1</deleted><verified>0</verified><occluded>no</occluded><attributes/><parts><hasparts/><ispartof>18</ispartof></parts><date>14-05-21 15:35:49:463</date><id>19</id><polygon><username>anonymous</username><pt><x>1716</x><y>1658</y><time>14-05-21 15:35:26:812</time></pt><pt><x>1687</x><y>1763</y><time>14-05-21 15:35:28:083</time></pt><pt><x>1687</x><y>1833</y><time>14-05-21 15:35:28:856</time></pt><pt><x>1705</x><y>1868</y><time>14-05-21 15:35:29:989</time></pt><pt><x>1740</x><y>1885</y><time>14-05-21 15:35:31:164</time></pt><pt><x>1775</x><y>1891</y><time>14-05-21 15:35:32:054</time></pt><pt><x>1833</x><y>1885</y><time>14-05-21 15:35:33:309</time></pt><pt><x>1874</x><y>1874</y><time>14-05-21 15:35:35:038</time></pt><pt><x>1897</x><y>1844</y><time>14-05-21 15:35:35:768</time></pt><pt><x>1932</x><y>1804</y><time>14-05-21 15:35:36:692</time></pt><pt><x>1932</x><y>1780</y><time>14-05-21 15:35:40:633</time></pt><pt><x>1856</x><y>1728</y><time>14-05-21 15:35:41:623</time></pt><pt><x>1792</x><y>1705</y><time>14-05-21 15:35:42:466</time></pt><closed_date>14-05-21 15:35:43:201</closed_date></polygon></object><object><name>tooth</name><deleted>1</deleted><verified>0</verified><occluded>no</occluded><attributes>47</attributes><parts><hasparts/><ispartof/></parts><date>14-05-21 15:36:22:187</date><id>20</id><type>bounding_box</type><polygon><username>anonymous</username><pt><x>227</x><y>1245</y><time>14-05-21 15:36:00:338</time></pt><pt><x>1489</x><y>1245</y><time>14-05-21 15:36:11:645</time></pt><pt><x>1489</x><y>3142</y><time>undefined</time></pt><pt><x>227</x><y>3142</y><time>undefined</time></pt><closed_date>14-05-21 15:36:11:645</closed_date></polygon></object><object><name>tooth</name><deleted>0</deleted><verified>0</verified><occluded>no</occluded><attributes>48</attributes><parts><hasparts/><ispartof/></parts><date>14-05-21 15:36:48:243</date><id>21</id><type>bounding_box</type><polygon><username>anonymous</username><pt><x>23</x><y>1734</y><time>14-05-21 15:36:33:797</time></pt><pt><x>303</x><y>1734</y><time>14-05-21 15:36:42:812</time></pt><pt><x>303</x><y>2682</y><time>undefined</time></pt><pt><x>23</x><y>2682</y><time>undefined</time></pt><closed_date>14-05-21 15:36:42:812</closed_date></polygon></object></annotation>