<?xml version='1.0' encoding='UTF-8'?>
<annotation><filename>imagem-088.jpg</filename><folder>segmentation_xray</folder><source><sourceImage>The MIT-CSAIL database of objects and scenes</sourceImage><sourceAnnotation>LabelMe Webtool</sourceAnnotation></source><object><name>tooth 17</name><deleted>0</deleted><verified>0</verified><occluded>no</occluded><attributes /><parts><hasparts>7</hasparts><ispartof /></parts><date>14-05-21 08:02:17:426</date><id>0</id><type>bounding_box</type><polygon><username>anonymous</username><pt><x>607</x><y>0</y><time>14-05-21 08:01:28:454</time></pt><pt><x>108</x><y>0</y><time>14-05-21 08:02:01:113</time></pt><pt><x>108</x><y>469</y><time>undefined</time></pt><pt><x>607</x><y>469</y><time>undefined</time></pt><closed_date>14-05-21 08:02:01:113</closed_date></polygon></object><object><name>tooth 16</name><deleted>0</deleted><verified>0</verified><occluded>no</occluded><attributes /><parts><hasparts>8</hasparts><ispartof /></parts><date>14-05-21 08:03:18:920</date><id>1</id><type>bounding_box</type><polygon><username>anonymous</username><pt><x>1026</x><y>11</y><time>14-05-21 08:02:54:815</time></pt><pt><x>497</x><y>11</y><time>14-05-21 08:03:10:432</time></pt><pt><x>497</x><y>607</y><time>undefined</time></pt><pt><x>1026</x><y>607</y><time>undefined</time></pt><closed_date>14-05-21 08:03:10:432</closed_date></polygon></object><object><name>tooth 15</name><deleted>0</deleted><verified>0</verified><occluded>no</occluded><attributes /><parts><hasparts /><ispartof /></parts><date>14-05-21 08:03:44:806</date><id>2</id><type>bounding_box</type><polygon><username>anonymous</username><pt><x>1268</x><y>19</y><time>14-05-21 08:03:22:409</time></pt><pt><x>937</x><y>19</y><time>14-05-21 08:03:39:553</time></pt><pt><x>937</x><y>659</y><time>undefined</time></pt><pt><x>1268</x><y>659</y><time>undefined</time></pt><closed_date>14-05-21 08:03:39:553</closed_date></polygon></object><object><name>tooth14</name><deleted>0</deleted><verified>0</verified><occluded>no</occluded><attributes /><parts><hasparts /><ispartof /></parts><date>14-05-21 08:04:37:416</date><id>3</id><type>bounding_box</type><polygon><username>anonymous</username><pt><x>1555</x><y>700</y><time>14-05-21 08:04:01:200</time></pt><pt><x>1233</x><y>700</y><time>14-05-21 08:04:28:441</time></pt><pt><x>1233</x><y>11</y><time>undefined</time></pt><pt><x>1555</x><y>11</y><time>undefined</time></pt><closed_date>14-05-21 08:04:28:441</closed_date></polygon></object><object><name>tooth 47</name><deleted>0</deleted><verified>0</verified><occluded>no</occluded><attributes /><parts><hasparts>9</hasparts><ispartof /></parts><date>14-05-21 08:05:39:551</date><id>4</id><type>bounding_box</type><polygon><username>anonymous</username><pt><x>15</x><y>447</y><time>14-05-21 08:05:02:439</time></pt><pt><x>548</x><y>447</y><time>14-05-21 08:05:20:464</time></pt><pt><x>548</x><y>1175</y><time>undefined</time></pt><pt><x>15</x><y>1175</y><time>undefined</time></pt><closed_date>14-05-21 08:05:20:464</closed_date></polygon></object><object><name>tooth 45</name><deleted>0</deleted><verified>0</verified><occluded>no</occluded><attributes /><parts><hasparts /><ispartof /></parts><date>14-05-21 08:06:53:926</date><id>5</id><type>bounding_box</type><polygon><username>anonymous</username><pt><x>855</x><y>1227</y><time>14-05-21 08:06:35:367</time></pt><pt><x>1291</x><y>1227</y><time>14-05-21 08:06:41:016</time></pt><pt><x>1291</x><y>723</y><time>undefined</time></pt><pt><x>855</x><y>723</y><time>undefined</time></pt><closed_date>14-05-21 08:06:41:016</closed_date></polygon></object><object><name>tooth 44</name><deleted>0</deleted><verified>0</verified><occluded>no</occluded><attributes /><parts><hasparts /><ispartof /></parts><date>14-05-21 08:07:21:287</date><id>6</id><type>bounding_box</type><polygon><username>anonymous</username><pt><x>1196</x><y>1220</y><time>14-05-21 08:06:59:495</time></pt><pt><x>1585</x><y>1220</y><time>14-05-21 08:07:12:025</time></pt><pt><x>1585</x><y>739</y><time>undefined</time></pt><pt><x>1196</x><y>739</y><time>undefined</time></pt><closed_date>14-05-21 08:07:12:025</closed_date></polygon></object><object><name>restoration</name><deleted>0</deleted><verified>0</verified><occluded>no</occluded><attributes /><parts><hasparts /><ispartof>0</ispartof></parts><date>14-05-21 08:10:11:150</date><id>7</id><polygon><username>anonymous</username><pt><x>268</x><y>195</y><time>14-05-21 08:09:23:384</time></pt><pt><x>252</x><y>177</y><time>14-05-21 08:09:25:679</time></pt><pt><x>236</x><y>142</y><time>14-05-21 08:09:27:415</time></pt><pt><x>238</x><y>132</y><time>14-05-21 08:09:28:159</time></pt><pt><x>257</x><y>109</y><time>14-05-21 08:09:29:447</time></pt><pt><x>267</x><y>107</y><time>14-05-21 08:09:30:223</time></pt><pt><x>288</x><y>85</y><time>14-05-21 08:09:31:992</time></pt><pt><x>323</x><y>84</y><time>14-05-21 08:09:33:351</time></pt><pt><x>352</x><y>88</y><time>14-05-21 08:09:34:263</time></pt><pt><x>407</x><y>130</y><time>14-05-21 08:09:36:151</time></pt><pt><x>475</x><y>206</y><time>14-05-21 08:09:38:055</time></pt><pt><x>485</x><y>205</y><time>14-05-21 08:09:38:759</time></pt><pt><x>495</x><y>202</y><time>14-05-21 08:09:41:303</time></pt><pt><x>500</x><y>209</y><time>14-05-21 08:09:42:440</time></pt><pt><x>517</x><y>242</y><time>14-05-21 08:09:44:359</time></pt><pt><x>503</x><y>269</y><time>14-05-21 08:09:45:911</time></pt><pt><x>496</x><y>282</y><time>14-05-21 08:09:46:887</time></pt><pt><x>488</x><y>284</y><time>14-05-21 08:09:47:367</time></pt><pt><x>480</x><y>284</y><time>14-05-21 08:09:48:071</time></pt><pt><x>469</x><y>284</y><time>14-05-21 08:09:48:855</time></pt><pt><x>462</x><y>284</y><time>14-05-21 08:09:49:375</time></pt><pt><x>451</x><y>280</y><time>14-05-21 08:09:50:095</time></pt><pt><x>437</x><y>275</y><time>14-05-21 08:09:50:791</time></pt><pt><x>432</x><y>273</y><time>14-05-21 08:09:51:159</time></pt><pt><x>430</x><y>272</y><time>14-05-21 08:09:51:471</time></pt><pt><x>404</x><y>258</y><time>14-05-21 08:09:53:504</time></pt><pt><x>377</x><y>256</y><time>14-05-21 08:09:55:063</time></pt><pt><x>353</x><y>251</y><time>14-05-21 08:09:56:127</time></pt><pt><x>344</x><y>242</y><time>14-05-21 08:09:57:319</time></pt><pt><x>340</x><y>232</y><time>14-05-21 08:09:57:863</time></pt><pt><x>335</x><y>223</y><time>14-05-21 08:09:58:271</time></pt><pt><x>332</x><y>216</y><time>14-05-21 08:09:58:639</time></pt><pt><x>328</x><y>211</y><time>14-05-21 08:09:59:143</time></pt><pt><x>326</x><y>207</y><time>14-05-21 08:09:59:519</time></pt><pt><x>323</x><y>205</y><time>14-05-21 08:09:59:839</time></pt><pt><x>317</x><y>201</y><time>14-05-21 08:10:00:311</time></pt><pt><x>314</x><y>201</y><time>14-05-21 08:10:00:687</time></pt><pt><x>306</x><y>198</y><time>14-05-21 08:10:01:015</time></pt><pt><x>304</x><y>198</y><time>14-05-21 08:10:01:535</time></pt><pt><x>299</x><y>196</y><time>14-05-21 08:10:01:855</time></pt><pt><x>295</x><y>196</y><time>14-05-21 08:10:02:119</time></pt><pt><x>289</x><y>196</y><time>14-05-21 08:10:02:375</time></pt><pt><x>280</x><y>196</y><time>14-05-21 08:10:02:903</time></pt><pt><x>279</x><y>196</y><time>14-05-21 08:10:03:191</time></pt><closed_date>14-05-21 08:10:03:431</closed_date></polygon></object><object><name>restoration</name><deleted>0</deleted><verified>0</verified><occluded>no</occluded><attributes /><parts><hasparts /><ispartof>1</ispartof></parts><date>14-05-21 08:11:23:478</date><id>8</id><polygon><username>anonymous</username><pt><x>565</x><y>499</y><time>14-05-21 08:10:24:421</time></pt><pt><x>599</x><y>480</y><time>14-05-21 08:10:26:095</time></pt><pt><x>607</x><y>467</y><time>14-05-21 08:10:27:000</time></pt><pt><x>615</x><y>462</y><time>14-05-21 08:10:27:679</time></pt><pt><x>617</x><y>461</y><time>14-05-21 08:10:28:112</time></pt><pt><x>625</x><y>451</y><time>14-05-21 08:10:29:928</time></pt><pt><x>625</x><y>446</y><time>14-05-21 08:10:30:671</time></pt><pt><x>630</x><y>441</y><time>14-05-21 08:10:31:055</time></pt><pt><x>636</x><y>440</y><time>14-05-21 08:10:31:303</time></pt><pt><x>651</x><y>436</y><time>14-05-21 08:10:31:615</time></pt><pt><x>667</x><y>436</y><time>14-05-21 08:10:32:263</time></pt><pt><x>670</x><y>431</y><time>14-05-21 08:10:32:751</time></pt><pt><x>678</x><y>426</y><time>14-05-21 08:10:33:111</time></pt><pt><x>682</x><y>422</y><time>14-05-21 08:10:33:391</time></pt><pt><x>685</x><y>420</y><time>14-05-21 08:10:33:679</time></pt><pt><x>690</x><y>414</y><time>14-05-21 08:10:33:919</time></pt><pt><x>695</x><y>405</y><time>14-05-21 08:10:34:183</time></pt><pt><x>698</x><y>401</y><time>14-05-21 08:10:34:431</time></pt><pt><x>700</x><y>396</y><time>14-05-21 08:10:34:687</time></pt><pt><x>714</x><y>400</y><time>14-05-21 08:10:41:169</time></pt><pt><x>714</x><y>395</y><time>14-05-21 08:10:43:103</time></pt><pt><x>720</x><y>393</y><time>14-05-21 08:10:43:407</time></pt><pt><x>727</x><y>390</y><time>14-05-21 08:10:43:679</time></pt><pt><x>740</x><y>388</y><time>14-05-21 08:10:43:927</time></pt><pt><x>745</x><y>385</y><time>14-05-21 08:10:44:151</time></pt><pt><x>753</x><y>385</y><time>14-05-21 08:10:44:567</time></pt><pt><x>778</x><y>391</y><time>14-05-21 08:10:45:815</time></pt><pt><x>788</x><y>393</y><time>14-05-21 08:10:46:223</time></pt><pt><x>799</x><y>394</y><time>14-05-21 08:10:46:775</time></pt><pt><x>807</x><y>394</y><time>14-05-21 08:10:47:055</time></pt><pt><x>815</x><y>394</y><time>14-05-21 08:10:47:311</time></pt><pt><x>822</x><y>394</y><time>14-05-21 08:10:47:623</time></pt><pt><x>832</x><y>394</y><time>14-05-21 08:10:47:903</time></pt><pt><x>847</x><y>395</y><time>14-05-21 08:10:48:231</time></pt><pt><x>852</x><y>396</y><time>14-05-21 08:10:48:455</time></pt><pt><x>861</x><y>396</y><time>14-05-21 08:10:48:687</time></pt><pt><x>864</x><y>396</y><time>14-05-21 08:10:49:015</time></pt><pt><x>877</x><y>405</y><time>14-05-21 08:10:49:791</time></pt><pt><x>880</x><y>411</y><time>14-05-21 08:10:50:095</time></pt><pt><x>890</x><y>416</y><time>14-05-21 08:10:50:575</time></pt><pt><x>896</x><y>420</y><time>14-05-21 08:10:50:927</time></pt><pt><x>904</x><y>427</y><time>14-05-21 08:10:51:368</time></pt><pt><x>909</x><y>432</y><time>14-05-21 08:10:51:687</time></pt><pt><x>912</x><y>440</y><time>14-05-21 08:10:51:959</time></pt><pt><x>915</x><y>446</y><time>14-05-21 08:10:52:247</time></pt><pt><x>917</x><y>456</y><time>14-05-21 08:10:52:535</time></pt><pt><x>920</x><y>467</y><time>14-05-21 08:10:53:047</time></pt><pt><x>922</x><y>475</y><time>14-05-21 08:10:53:415</time></pt><pt><x>928</x><y>491</y><time>14-05-21 08:10:54:127</time></pt><pt><x>932</x><y>506</y><time>14-05-21 08:10:54:687</time></pt><pt><x>932</x><y>517</y><time>14-05-21 08:10:55:119</time></pt><pt><x>931</x><y>532</y><time>14-05-21 08:10:55:975</time></pt><pt><x>931</x><y>541</y><time>14-05-21 08:10:56:591</time></pt><pt><x>928</x><y>552</y><time>14-05-21 08:10:57:439</time></pt><pt><x>927</x><y>554</y><time>14-05-21 08:10:57:767</time></pt><pt><x>927</x><y>562</y><time>14-05-21 08:10:58:063</time></pt><pt><x>928</x><y>575</y><time>14-05-21 08:10:58:863</time></pt><pt><x>924</x><y>585</y><time>14-05-21 08:10:59:479</time></pt><pt><x>914</x><y>589</y><time>14-05-21 08:11:00:215</time></pt><pt><x>909</x><y>591</y><time>14-05-21 08:11:00:607</time></pt><pt><x>895</x><y>590</y><time>14-05-21 08:11:01:351</time></pt><pt><x>875</x><y>589</y><time>14-05-21 08:11:02:056</time></pt><pt><x>868</x><y>584</y><time>14-05-21 08:11:02:503</time></pt><pt><x>841</x><y>580</y><time>14-05-21 08:11:03:319</time></pt><pt><x>822</x><y>574</y><time>14-05-21 08:11:03:975</time></pt><pt><x>803</x><y>569</y><time>14-05-21 08:11:05:311</time></pt><pt><x>790</x><y>568</y><time>14-05-21 08:11:05:943</time></pt><pt><x>785</x><y>565</y><time>14-05-21 08:11:06:735</time></pt><pt><x>761</x><y>569</y><time>14-05-21 08:11:08:711</time></pt><pt><x>736</x><y>579</y><time>14-05-21 08:11:09:423</time></pt><pt><x>724</x><y>579</y><time>14-05-21 08:11:10:023</time></pt><pt><x>715</x><y>575</y><time>14-05-21 08:11:10:383</time></pt><pt><x>704</x><y>572</y><time>14-05-21 08:11:10:735</time></pt><pt><x>691</x><y>568</y><time>14-05-21 08:11:11:103</time></pt><pt><x>678</x><y>565</y><time>14-05-21 08:11:11:535</time></pt><pt><x>667</x><y>563</y><time>14-05-21 08:11:11:927</time></pt><pt><x>659</x><y>561</y><time>14-05-21 08:11:12:224</time></pt><pt><x>647</x><y>557</y><time>14-05-21 08:11:12:503</time></pt><pt><x>637</x><y>556</y><time>14-05-21 08:11:12:759</time></pt><pt><x>630</x><y>553</y><time>14-05-21 08:11:13:023</time></pt><pt><x>622</x><y>553</y><time>14-05-21 08:11:13:263</time></pt><pt><x>609</x><y>549</y><time>14-05-21 08:11:13:879</time></pt><pt><x>600</x><y>543</y><time>14-05-21 08:11:14:455</time></pt><pt><x>589</x><y>536</y><time>14-05-21 08:11:14:807</time></pt><pt><x>584</x><y>533</y><time>14-05-21 08:11:15:087</time></pt><pt><x>574</x><y>524</y><time>14-05-21 08:11:15:591</time></pt><pt><x>570</x><y>521</y><time>14-05-21 08:11:15:839</time></pt><pt><x>568</x><y>517</y><time>14-05-21 08:11:16:071</time></pt><pt><x>565</x><y>510</y><time>14-05-21 08:11:16:287</time></pt><closed_date>14-05-21 08:11:16:511</closed_date></polygon></object><object><name>restoration</name><deleted>0</deleted><verified>0</verified><occluded>no</occluded><attributes /><parts><hasparts /><ispartof>4</ispartof></parts><date>14-05-21 08:15:28:705</date><id>9</id><polygon><username>anonymous</username><pt><x>220</x><y>589</y><time>14-05-21 08:14:07:116</time></pt><pt><x>216</x><y>575</y><time>14-05-21 08:14:08:990</time></pt><pt><x>221</x><y>562</y><time>14-05-21 08:14:10:238</time></pt><pt><x>222</x><y>553</y><time>14-05-21 08:14:11:374</time></pt><pt><x>232</x><y>538</y><time>14-05-21 08:14:12:399</time></pt><pt><x>236</x><y>528</y><time>14-05-21 08:14:13:055</time></pt><pt><x>241</x><y>517</y><time>14-05-21 08:14:13:598</time></pt><pt><x>244</x><y>512</y><time>14-05-21 08:14:14:054</time></pt><pt><x>248</x><y>504</y><time>14-05-21 08:14:14:582</time></pt><pt><x>249</x><y>503</y><time>14-05-21 08:14:14:894</time></pt><pt><x>252</x><y>503</y><time>14-05-21 08:14:15:222</time></pt><pt><x>258</x><y>499</y><time>14-05-21 08:14:15:758</time></pt><pt><x>262</x><y>499</y><time>14-05-21 08:14:16:198</time></pt><pt><x>265</x><y>501</y><time>14-05-21 08:14:16:542</time></pt><pt><x>278</x><y>501</y><time>14-05-21 08:14:17:623</time></pt><pt><x>282</x><y>501</y><time>14-05-21 08:14:17:990</time></pt><pt><x>286</x><y>505</y><time>14-05-21 08:14:18:334</time></pt><pt><x>286</x><y>505</y><time>14-05-21 08:14:18:686</time></pt><pt><x>293</x><y>510</y><time>14-05-21 08:14:19:046</time></pt><pt><x>295</x><y>515</y><time>14-05-21 08:14:19:406</time></pt><pt><x>299</x><y>521</y><time>14-05-21 08:14:19:758</time></pt><pt><x>302</x><y>527</y><time>14-05-21 08:14:20:118</time></pt><pt><x>307</x><y>528</y><time>14-05-21 08:14:20:414</time></pt><pt><x>311</x><y>537</y><time>14-05-21 08:14:20:782</time></pt><pt><x>316</x><y>541</y><time>14-05-21 08:14:21:126</time></pt><pt><x>317</x><y>548</y><time>14-05-21 08:14:21:534</time></pt><pt><x>319</x><y>551</y><time>14-05-21 08:14:21:870</time></pt><pt><x>327</x><y>558</y><time>14-05-21 08:14:22:854</time></pt><pt><x>331</x><y>570</y><time>14-05-21 08:14:24:239</time></pt><pt><x>352</x><y>586</y><time>14-05-21 08:14:26:190</time></pt><pt><x>363</x><y>582</y><time>14-05-21 08:14:30:014</time></pt><pt><x>368</x><y>579</y><time>14-05-21 08:14:31:014</time></pt><pt><x>374</x><y>578</y><time>14-05-21 08:14:31:726</time></pt><pt><x>380</x><y>577</y><time>14-05-21 08:14:32:270</time></pt><pt><x>385</x><y>577</y><time>14-05-21 08:14:32:686</time></pt><pt><x>395</x><y>583</y><time>14-05-21 08:14:33:710</time></pt><pt><x>404</x><y>588</y><time>14-05-21 08:14:34:487</time></pt><pt><x>399</x><y>594</y><time>14-05-21 08:14:35:590</time></pt><pt><x>394</x><y>600</y><time>14-05-21 08:14:36:158</time></pt><pt><x>391</x><y>604</y><time>14-05-21 08:14:36:494</time></pt><pt><x>391</x><y>605</y><time>14-05-21 08:14:36:814</time></pt><pt><x>411</x><y>614</y><time>14-05-21 08:14:38:462</time></pt><pt><x>425</x><y>621</y><time>14-05-21 08:14:39:198</time></pt><pt><x>433</x><y>622</y><time>14-05-21 08:14:39:702</time></pt><pt><x>438</x><y>625</y><time>14-05-21 08:14:40:230</time></pt><pt><x>442</x><y>626</y><time>14-05-21 08:14:40:606</time></pt><pt><x>447</x><y>630</y><time>14-05-21 08:14:41:054</time></pt><pt><x>452</x><y>636</y><time>14-05-21 08:14:41:518</time></pt><pt><x>453</x><y>640</y><time>14-05-21 08:14:41:910</time></pt><pt><x>452</x><y>651</y><time>14-05-21 08:14:42:454</time></pt><pt><x>451</x><y>654</y><time>14-05-21 08:14:42:790</time></pt><pt><x>449</x><y>656</y><time>14-05-21 08:14:43:094</time></pt><pt><x>448</x><y>656</y><time>14-05-21 08:14:44:286</time></pt><pt><x>449</x><y>648</y><time>14-05-21 08:14:45:895</time></pt><pt><x>443</x><y>657</y><time>14-05-21 08:14:46:208</time></pt><pt><x>441</x><y>659</y><time>14-05-21 08:14:46:695</time></pt><pt><x>436</x><y>661</y><time>14-05-21 08:14:46:999</time></pt><pt><x>435</x><y>662</y><time>14-05-21 08:14:47:231</time></pt><pt><x>433</x><y>664</y><time>14-05-21 08:14:47:479</time></pt><pt><x>422</x><y>670</y><time>14-05-21 08:14:47:999</time></pt><pt><x>417</x><y>675</y><time>14-05-21 08:14:48:511</time></pt><pt><x>410</x><y>680</y><time>14-05-21 08:14:48:863</time></pt><pt><x>407</x><y>680</y><time>14-05-21 08:14:49:223</time></pt><pt><x>401</x><y>683</y><time>14-05-21 08:14:49:615</time></pt><pt><x>398</x><y>683</y><time>14-05-21 08:14:50:215</time></pt><pt><x>389</x><y>683</y><time>14-05-21 08:14:50:615</time></pt><pt><x>385</x><y>683</y><time>14-05-21 08:14:51:159</time></pt><pt><x>380</x><y>683</y><time>14-05-21 08:14:51:623</time></pt><pt><x>379</x><y>683</y><time>14-05-21 08:14:51:999</time></pt><pt><x>377</x><y>680</y><time>14-05-21 08:14:52:343</time></pt><pt><x>370</x><y>683</y><time>14-05-21 08:14:53:263</time></pt><pt><x>367</x><y>684</y><time>14-05-21 08:14:53:671</time></pt><pt><x>362</x><y>684</y><time>14-05-21 08:14:54:039</time></pt><pt><x>357</x><y>684</y><time>14-05-21 08:14:54:367</time></pt><pt><x>348</x><y>684</y><time>14-05-21 08:14:54:983</time></pt><pt><x>342</x><y>684</y><time>14-05-21 08:14:55:447</time></pt><pt><x>337</x><y>680</y><time>14-05-21 08:14:55:799</time></pt><pt><x>337</x><y>679</y><time>14-05-21 08:14:56:360</time></pt><pt><x>328</x><y>674</y><time>14-05-21 08:14:57:031</time></pt><pt><x>323</x><y>673</y><time>14-05-21 08:14:57:535</time></pt><pt><x>316</x><y>669</y><time>14-05-21 08:14:58:127</time></pt><pt><x>312</x><y>664</y><time>14-05-21 08:14:58:799</time></pt><pt><x>307</x><y>661</y><time>14-05-21 08:14:59:431</time></pt><pt><x>307</x><y>661</y><time>14-05-21 08:14:59:790</time></pt><pt><x>299</x><y>656</y><time>14-05-21 08:15:00:663</time></pt><pt><x>291</x><y>656</y><time>14-05-21 08:15:01:159</time></pt><pt><x>285</x><y>649</y><time>14-05-21 08:15:01:855</time></pt><pt><x>283</x><y>643</y><time>14-05-21 08:15:02:663</time></pt><pt><x>282</x><y>637</y><time>14-05-21 08:15:03:199</time></pt><pt><x>278</x><y>631</y><time>14-05-21 08:15:03:839</time></pt><pt><x>277</x><y>626</y><time>14-05-21 08:15:04:327</time></pt><pt><x>273</x><y>620</y><time>14-05-21 08:15:05:095</time></pt><pt><x>262</x><y>614</y><time>14-05-21 08:15:05:903</time></pt><pt><x>247</x><y>609</y><time>14-05-21 08:15:06:992</time></pt><pt><x>238</x><y>604</y><time>14-05-21 08:15:07:599</time></pt><pt><x>237</x><y>601</y><time>14-05-21 08:15:07:935</time></pt><pt><x>228</x><y>598</y><time>14-05-21 08:15:08:527</time></pt><closed_date>14-05-21 08:15:09:247</closed_date></polygon></object><imagesize><nrows /><ncols /></imagesize></annotation>