<?xml version='1.0' encoding='UTF-8'?>
<annotation><filename>imagem-089.jpg</filename><folder>segmentation_xray</folder><source><sourceImage>The MIT-CSAIL database of objects and scenes</sourceImage><sourceAnnotation>LabelMe Webtool</sourceAnnotation></source><object><name>tooth</name><deleted>0</deleted><verified>0</verified><occluded>no</occluded><attributes>26</attributes><parts><hasparts /><ispartof /></parts><date>13-02-22 23:14:28:143</date><id>0</id><type>bounding_box</type><polygon><username>anonymous</username><pt><x>907</x><y>9</y><time>13-02-22 23:13:46:753</time></pt><pt><x>1330</x><y>9</y><time>13-02-22 23:13:48:139</time></pt><pt><x>1330</x><y>255</y><time>undefined</time></pt><pt><x>907</x><y>255</y><time>undefined</time></pt><closed_date>13-02-22 23:13:48:139</closed_date></polygon></object><object><name>tooth</name><deleted>0</deleted><verified>0</verified><occluded>no</occluded><attributes>65</attributes><parts><hasparts /><ispartof /></parts><date>13-02-22 23:14:41:722</date><id>1</id><type>bounding_box</type><polygon><username>anonymous</username><pt><x>554</x><y>9</y><time>13-02-22 23:14:29:676</time></pt><pt><x>964</x><y>9</y><time>13-02-22 23:14:32:635</time></pt><pt><x>964</x><y>423</y><time>undefined</time></pt><pt><x>554</x><y>423</y><time>undefined</time></pt><closed_date>13-02-22 23:14:32:635</closed_date></polygon></object><object><name>tooth</name><deleted>0</deleted><verified>0</verified><occluded>no</occluded><attributes>64</attributes><parts><hasparts /><ispartof /></parts><date>13-02-22 23:14:48:464</date><id>2</id><type>bounding_box</type><polygon><username>anonymous</username><pt><x>241</x><y>6</y><time>13-02-22 23:14:42:796</time></pt><pt><x>602</x><y>6</y><time>13-02-22 23:14:44:746</time></pt><pt><x>602</x><y>401</y><time>undefined</time></pt><pt><x>241</x><y>401</y><time>undefined</time></pt><closed_date>13-02-22 23:14:44:746</closed_date></polygon></object><object><name>tooth</name><deleted>0</deleted><verified>0</verified><occluded>no</occluded><attributes>63</attributes><parts><hasparts /><ispartof /></parts><date>13-02-22 23:14:58:681</date><id>3</id><type>bounding_box</type><polygon><username>anonymous</username><pt><x>3</x><y>83</y><time>13-02-22 23:14:52:843</time></pt><pt><x>267</x><y>83</y><time>13-02-22 23:14:54:530</time></pt><pt><x>267</x><y>431</y><time>undefined</time></pt><pt><x>3</x><y>431</y><time>undefined</time></pt><closed_date>13-02-22 23:14:54:531</closed_date></polygon></object><object><name>tooth</name><deleted>0</deleted><verified>0</verified><occluded>no</occluded><attributes>36</attributes><parts><hasparts /><ispartof /></parts><date>13-02-22 23:15:08:746</date><id>4</id><type>bounding_box</type><polygon><username>anonymous</username><pt><x>1356</x><y>377</y><time>13-02-22 23:15:00:284</time></pt><pt><x>937</x><y>377</y><time>13-02-22 23:15:02:586</time></pt><pt><x>937</x><y>859</y><time>undefined</time></pt><pt><x>1356</x><y>859</y><time>undefined</time></pt><closed_date>13-02-22 23:15:02:586</closed_date></polygon></object><object><name>tooth</name><deleted>0</deleted><verified>0</verified><occluded>no</occluded><attributes>75</attributes><parts><hasparts /><ispartof /></parts><date>13-02-22 23:15:17:697</date><id>5</id><type>bounding_box</type><polygon><username>anonymous</username><pt><x>522</x><y>494</y><time>13-02-22 23:15:09:939</time></pt><pt><x>951</x><y>494</y><time>13-02-22 23:15:12:115</time></pt><pt><x>951</x><y>873</y><time>undefined</time></pt><pt><x>522</x><y>873</y><time>undefined</time></pt><closed_date>13-02-22 23:15:12:115</closed_date></polygon></object><object><name>tooth</name><deleted>0</deleted><verified>0</verified><occluded>no</occluded><attributes>74</attributes><parts><hasparts /><ispartof /></parts><date>13-02-22 23:15:24:529</date><id>6</id><type>bounding_box</type><polygon><username>anonymous</username><pt><x>182</x><y>523</y><time>13-02-22 23:15:19:163</time></pt><pt><x>543</x><y>523</y><time>13-02-22 23:15:21:363</time></pt><pt><x>543</x><y>872</y><time>undefined</time></pt><pt><x>182</x><y>872</y><time>undefined</time></pt><closed_date>13-02-22 23:15:21:363</closed_date></polygon></object><object><name>tooth</name><deleted>0</deleted><verified>0</verified><occluded>no</occluded><attributes>73</attributes><parts><hasparts /><ispartof /></parts><date>13-02-22 23:15:29:429</date><id>7</id><type>bounding_box</type><polygon><username>anonymous</username><pt><x>26</x><y>492</y><time>13-02-22 23:15:25:412</time></pt><pt><x>204</x><y>492</y><time>13-02-22 23:15:26:507</time></pt><pt><x>204</x><y>843</y><time>undefined</time></pt><pt><x>26</x><y>843</y><time>undefined</time></pt><closed_date>13-02-22 23:15:26:507</closed_date></polygon></object><imagesize><nrows /><ncols /></imagesize></annotation>