<?xml version='1.0' encoding='UTF-8'?>
<annotation><filename>imagem-050.jpg</filename><folder>segmentation_xray</folder><source><sourceImage>The MIT-CSAIL database of objects and scenes</sourceImage><sourceAnnotation>LabelMe Webtool</sourceAnnotation></source><object><name>tooth</name><deleted>0</deleted><verified>0</verified><occluded>no</occluded><attributes>18</attributes><parts><hasparts /><ispartof /></parts><date>30-05-21 16:11:23:400</date><id>0</id><type>bounding_box</type><polygon><username>anonymous</username><pt><x>28</x><y>350</y><time>30-05-21 16:11:14:775</time></pt><pt><x>343</x><y>350</y><time>30-05-21 16:11:17:994</time></pt><pt><x>343</x><y>2</y><time>undefined</time></pt><pt><x>28</x><y>2</y><time>undefined</time></pt><closed_date>30-05-21 16:11:17:995</closed_date></polygon></object><object><name>tooth</name><deleted>0</deleted><verified>0</verified><occluded>no</occluded><attributes>17</attributes><parts><hasparts /><ispartof /></parts><date>30-05-21 16:11:31:955</date><id>1</id><type>bounding_box</type><polygon><username>anonymous</username><pt><x>336</x><y>394</y><time>30-05-21 16:11:25:087</time></pt><pt><x>683</x><y>394</y><time>30-05-21 16:11:28:637</time></pt><pt><x>683</x><y>1</y><time>undefined</time></pt><pt><x>336</x><y>1</y><time>undefined</time></pt><closed_date>30-05-21 16:11:28:637</closed_date></polygon></object><object><name>tooth</name><deleted>0</deleted><verified>0</verified><occluded>no</occluded><attributes>16</attributes><parts><hasparts>8,9</hasparts><ispartof /></parts><date>30-05-21 16:11:38:724</date><id>2</id><type>bounding_box</type><polygon><username>anonymous</username><pt><x>648</x><y>418</y><time>30-05-21 16:11:33:300</time></pt><pt><x>1025</x><y>418</y><time>30-05-21 16:11:35:514</time></pt><pt><x>1025</x><y>2</y><time>undefined</time></pt><pt><x>648</x><y>2</y><time>undefined</time></pt><closed_date>30-05-21 16:11:35:514</closed_date></polygon></object><object><name>tooth</name><deleted>0</deleted><verified>0</verified><occluded>no</occluded><attributes>15</attributes><parts><hasparts /><ispartof /></parts><date>30-05-21 16:11:46:125</date><id>3</id><type>bounding_box</type><polygon><username>anonymous</username><pt><x>1020</x><y>396</y><time>30-05-21 16:11:40:302</time></pt><pt><x>1217</x><y>396</y><time>30-05-21 16:11:42:785</time></pt><pt><x>1217</x><y>3</y><time>undefined</time></pt><pt><x>1020</x><y>3</y><time>undefined</time></pt><closed_date>30-05-21 16:11:42:786</closed_date></polygon></object><object><name>tooth</name><deleted>0</deleted><verified>0</verified><occluded>no</occluded><attributes>45</attributes><parts><hasparts /><ispartof /></parts><date>30-05-21 16:13:21:653</date><id>4</id><type>bounding_box</type><polygon><username>anonymous</username><pt><x>1072</x><y>483</y><time>30-05-21 16:13:11:442</time></pt><pt><x>1217</x><y>483</y><time>30-05-21 16:13:16:573</time></pt><pt><x>1217</x><y>927</y><time>undefined</time></pt><pt><x>1072</x><y>927</y><time>undefined</time></pt><closed_date>30-05-21 16:13:16:573</closed_date></polygon></object><object><name>tooth</name><deleted>0</deleted><verified>0</verified><occluded>no</occluded><attributes>46</attributes><parts><hasparts>10</hasparts><ispartof /></parts><date>30-05-21 16:13:29:463</date><id>5</id><type>bounding_box</type><polygon><username>anonymous</username><pt><x>711</x><y>493</y><time>30-05-21 16:13:23:646</time></pt><pt><x>1102</x><y>493</y><time>30-05-21 16:13:26:139</time></pt><pt><x>1102</x><y>948</y><time>undefined</time></pt><pt><x>711</x><y>948</y><time>undefined</time></pt><closed_date>30-05-21 16:13:26:139</closed_date></polygon></object><object><name>tooth</name><deleted>0</deleted><verified>0</verified><occluded>no</occluded><attributes>47</attributes><parts><hasparts /><ispartof /></parts><date>30-05-21 16:13:38:001</date><id>6</id><type>bounding_box</type><polygon><username>anonymous</username><pt><x>333</x><y>451</y><time>30-05-21 16:13:31:078</time></pt><pt><x>718</x><y>451</y><time>30-05-21 16:13:33:568</time></pt><pt><x>718</x><y>947</y><time>undefined</time></pt><pt><x>333</x><y>947</y><time>undefined</time></pt><closed_date>30-05-21 16:13:33:568</closed_date></polygon></object><object><name>tooth</name><deleted>0</deleted><verified>0</verified><occluded>no</occluded><attributes>48</attributes><parts><hasparts /><ispartof /></parts><date>30-05-21 16:13:46:805</date><id>7</id><type>bounding_box</type><polygon><username>anonymous</username><pt><x>336</x><y>378</y><time>30-05-21 16:13:41:074</time></pt><pt><x>1</x><y>378</y><time>30-05-21 16:13:43:612</time></pt><pt><x>1</x><y>936</y><time>undefined</time></pt><pt><x>336</x><y>936</y><time>undefined</time></pt><closed_date>30-05-21 16:13:43:612</closed_date></polygon></object><object><name>restoration</name><deleted>0</deleted><verified>0</verified><occluded>no</occluded><attributes /><parts><hasparts /><ispartof>2</ispartof></parts><date>30-05-21 16:15:02:819</date><id>8</id><polygon><username>anonymous</username><pt><x>833</x><y>328</y><time>30-05-21 16:14:53:116</time></pt><pt><x>833</x><y>295</y><time>30-05-21 16:14:53:643</time></pt><pt><x>858</x><y>272</y><time>30-05-21 16:14:54:138</time></pt><pt><x>892</x><y>305</y><time>30-05-21 16:14:54:707</time></pt><pt><x>929</x><y>335</y><time>30-05-21 16:14:55:228</time></pt><pt><x>953</x><y>357</y><time>30-05-21 16:14:55:731</time></pt><pt><x>915</x><y>366</y><time>30-05-21 16:14:56:252</time></pt><pt><x>873</x><y>364</y><time>30-05-21 16:14:56:716</time></pt><pt><x>859</x><y>363</y><time>30-05-21 16:14:57:059</time></pt><pt><x>842</x><y>375</y><time>30-05-21 16:14:57:447</time></pt><closed_date>30-05-21 16:14:58:610</closed_date></polygon></object><object><name>restoration</name><deleted>0</deleted><verified>0</verified><occluded>no</occluded><attributes /><parts><hasparts /><ispartof>2</ispartof></parts><date>30-05-21 16:15:14:642</date><id>9</id><polygon><username>anonymous</username><pt><x>729</x><y>349</y><time>30-05-21 16:15:05:878</time></pt><pt><x>723</x><y>314</y><time>30-05-21 16:15:06:339</time></pt><pt><x>743</x><y>291</y><time>30-05-21 16:15:06:789</time></pt><pt><x>755</x><y>277</y><time>30-05-21 16:15:07:253</time></pt><pt><x>769</x><y>272</y><time>30-05-21 16:15:07:619</time></pt><pt><x>779</x><y>293</y><time>30-05-21 16:15:07:932</time></pt><pt><x>791</x><y>316</y><time>30-05-21 16:15:08:289</time></pt><pt><x>797</x><y>317</y><time>30-05-21 16:15:08:668</time></pt><pt><x>798</x><y>331</y><time>30-05-21 16:15:08:972</time></pt><pt><x>798</x><y>347</y><time>30-05-21 16:15:09:196</time></pt><pt><x>798</x><y>371</y><time>30-05-21 16:15:09:421</time></pt><pt><x>797</x><y>378</y><time>30-05-21 16:15:09:596</time></pt><pt><x>786</x><y>378</y><time>30-05-21 16:15:09:795</time></pt><pt><x>781</x><y>382</y><time>30-05-21 16:15:09:979</time></pt><pt><x>777</x><y>399</y><time>30-05-21 16:15:10:187</time></pt><pt><x>776</x><y>401</y><time>30-05-21 16:15:10:387</time></pt><pt><x>767</x><y>401</y><time>30-05-21 16:15:10:575</time></pt><pt><x>762</x><y>390</y><time>30-05-21 16:15:10:771</time></pt><pt><x>751</x><y>387</y><time>30-05-21 16:15:11:002</time></pt><pt><x>741</x><y>383</y><time>30-05-21 16:15:11:187</time></pt><pt><x>734</x><y>378</y><time>30-05-21 16:15:11:387</time></pt><closed_date>30-05-21 16:15:11:795</closed_date></polygon></object><object><name>restoration</name><deleted>0</deleted><verified>0</verified><occluded>no</occluded><attributes /><parts><hasparts /><ispartof>5</ispartof></parts><date>30-05-21 16:15:59:129</date><id>10</id><polygon><username>anonymous</username><pt><x>886</x><y>551</y><time>30-05-21 16:15:45:639</time></pt><pt><x>879</x><y>586</y><time>30-05-21 16:15:46:264</time></pt><pt><x>877</x><y>603</y><time>30-05-21 16:15:51:544</time></pt><pt><x>886</x><y>619</y><time>30-05-21 16:15:51:987</time></pt><pt><x>899</x><y>619</y><time>30-05-21 16:15:52:267</time></pt><pt><x>903</x><y>622</y><time>30-05-21 16:15:52:504</time></pt><pt><x>906</x><y>621</y><time>30-05-21 16:15:52:844</time></pt><pt><x>913</x><y>614</y><time>30-05-21 16:15:53:276</time></pt><pt><x>915</x><y>598</y><time>30-05-21 16:15:53:691</time></pt><pt><x>915</x><y>593</y><time>30-05-21 16:15:53:964</time></pt><pt><x>915</x><y>582</y><time>30-05-21 16:15:54:203</time></pt><pt><x>915</x><y>565</y><time>30-05-21 16:15:54:446</time></pt><pt><x>922</x><y>544</y><time>30-05-21 16:15:54:920</time></pt><pt><x>920</x><y>532</y><time>30-05-21 16:15:55:396</time></pt><pt><x>901</x><y>535</y><time>30-05-21 16:15:55:763</time></pt><closed_date>30-05-21 16:15:56:246</closed_date></polygon></object><imagesize><nrows /><ncols /></imagesize></annotation>