<?xml version='1.0' encoding='UTF-8'?>
<annotation><filename>imagem-084.jpg</filename><folder>segmentation_xray</folder><source><sourceImage>The MIT-CSAIL database of objects and scenes</sourceImage><sourceAnnotation>LabelMe Webtool</sourceAnnotation></source><object><name>tooth</name><deleted>0</deleted><verified>0</verified><occluded>no</occluded><attributes>37</attributes><parts><hasparts /><ispartof /></parts><date>01-06-21 11:16:02:810</date><id>0</id><type>bounding_box</type><polygon><username>anonymous</username><pt><x>1592</x><y>554</y><time>01-06-21 11:15:25:613</time></pt><pt><x>1109</x><y>554</y><time>01-06-21 11:15:28:781</time></pt><pt><x>1109</x><y>1229</y><time>undefined</time></pt><pt><x>1592</x><y>1229</y><time>undefined</time></pt><closed_date>01-06-21 11:15:28:782</closed_date></polygon></object><object><name>tooth</name><deleted>0</deleted><verified>0</verified><occluded>no</occluded><attributes>36</attributes><parts><hasparts /><ispartof /></parts><date>01-06-21 11:16:15:360</date><id>1</id><type>bounding_box</type><polygon><username>anonymous</username><pt><x>625</x><y>666</y><time>01-06-21 11:16:04:751</time></pt><pt><x>1140</x><y>666</y><time>01-06-21 11:16:09:436</time></pt><pt><x>1140</x><y>1236</y><time>undefined</time></pt><pt><x>625</x><y>1236</y><time>undefined</time></pt><closed_date>01-06-21 11:16:09:436</closed_date></polygon></object><object><name>tooth</name><deleted>0</deleted><verified>0</verified><occluded>no</occluded><attributes>35</attributes><parts><hasparts /><ispartof /></parts><date>01-06-21 11:16:37:417</date><id>2</id><type>bounding_box</type><polygon><username>anonymous</username><pt><x>309</x><y>727</y><time>01-06-21 11:16:24:889</time></pt><pt><x>627</x><y>727</y><time>01-06-21 11:16:28:851</time></pt><pt><x>627</x><y>1229</y><time>undefined</time></pt><pt><x>309</x><y>1229</y><time>undefined</time></pt><closed_date>01-06-21 11:16:28:851</closed_date></polygon></object><object><name>tooth</name><deleted>0</deleted><verified>0</verified><occluded>no</occluded><attributes>34</attributes><parts><hasparts /><ispartof /></parts><date>01-06-21 11:16:48:870</date><id>3</id><type>bounding_box</type><polygon><username>anonymous</username><pt><x>9</x><y>684</y><time>01-06-21 11:16:40:109</time></pt><pt><x>318</x><y>684</y><time>01-06-21 11:16:42:761</time></pt><pt><x>318</x><y>1231</y><time>undefined</time></pt><pt><x>9</x><y>1231</y><time>undefined</time></pt><closed_date>01-06-21 11:16:42:762</closed_date></polygon></object><object><name>tooth</name><deleted>0</deleted><verified>0</verified><occluded>no</occluded><attributes>27</attributes><parts><hasparts /><ispartof /></parts><date>01-06-21 11:17:07:541</date><id>4</id><type>bounding_box</type><polygon><username>anonymous</username><pt><x>1118</x><y>18</y><time>01-06-21 11:16:56:033</time></pt><pt><x>1529</x><y>18</y><time>01-06-21 11:17:01:180</time></pt><pt><x>1529</x><y>438</y><time>undefined</time></pt><pt><x>1118</x><y>438</y><time>undefined</time></pt><closed_date>01-06-21 11:17:01:180</closed_date></polygon></object><object><name>tooth</name><deleted>0</deleted><verified>0</verified><occluded>no</occluded><attributes>26</attributes><parts><hasparts /><ispartof /></parts><date>01-06-21 11:17:19:954</date><id>5</id><type>bounding_box</type><polygon><username>anonymous</username><pt><x>681</x><y>14</y><time>01-06-21 11:17:10:179</time></pt><pt><x>1147</x><y>14</y><time>01-06-21 11:17:14:163</time></pt><pt><x>1147</x><y>572</y><time>undefined</time></pt><pt><x>681</x><y>572</y><time>undefined</time></pt><closed_date>01-06-21 11:17:14:163</closed_date></polygon></object><object><name>tooth</name><deleted>0</deleted><verified>0</verified><occluded>no</occluded><attributes>25</attributes><parts><hasparts /><ispartof /></parts><date>01-06-21 11:17:45:666</date><id>6</id><type>bounding_box</type><polygon><username>anonymous</username><pt><x>384</x><y>409</y><time>01-06-21 11:17:32:199</time></pt><pt><x>688</x><y>409</y><time>01-06-21 11:17:35:937</time></pt><pt><x>688</x><y>11</y><time>undefined</time></pt><pt><x>384</x><y>11</y><time>undefined</time></pt><closed_date>01-06-21 11:17:35:938</closed_date></polygon></object><object><name>tooth</name><deleted>0</deleted><verified>0</verified><occluded>no</occluded><attributes>24</attributes><parts><hasparts /><ispartof /></parts><date>01-06-21 11:17:59:038</date><id>7</id><type>bounding_box</type><polygon><username>anonymous</username><pt><x>61</x><y>9</y><time>01-06-21 11:17:48:664</time></pt><pt><x>377</x><y>9</y><time>01-06-21 11:17:52:584</time></pt><pt><x>377</x><y>377</y><time>undefined</time></pt><pt><x>61</x><y>377</y><time>undefined</time></pt><closed_date>01-06-21 11:17:52:584</closed_date></polygon></object><object><name>tooth</name><deleted>0</deleted><verified>0</verified><occluded>no</occluded><attributes>64</attributes><parts><hasparts /><ispartof /></parts><date>01-06-21 11:18:13:720</date><id>8</id><type>bounding_box</type><polygon><username>anonymous</username><pt><x>16</x><y>313</y><time>01-06-21 11:18:02:384</time></pt><pt><x>345</x><y>313</y><time>01-06-21 11:18:05:597</time></pt><pt><x>345</x><y>547</y><time>undefined</time></pt><pt><x>16</x><y>547</y><time>undefined</time></pt><closed_date>01-06-21 11:18:05:598</closed_date></polygon></object><object><name>tooth</name><deleted>0</deleted><verified>0</verified><occluded>no</occluded><attributes>65</attributes><parts><hasparts /><ispartof /></parts><date>01-06-21 11:18:29:524</date><id>9</id><type>bounding_box</type><polygon><username>anonymous</username><pt><x>695</x><y>595</y><time>01-06-21 11:18:18:738</time></pt><pt><x>313</x><y>595</y><time>01-06-21 11:18:23:084</time></pt><pt><x>313</x><y>266</y><time>undefined</time></pt><pt><x>695</x><y>266</y><time>undefined</time></pt><closed_date>01-06-21 11:18:23:085</closed_date></polygon></object><imagesize><nrows /><ncols /></imagesize></annotation>