<?xml version='1.0' encoding='UTF-8'?>
<annotation><filename>imagem-010.jpg</filename><folder>segmentation_xray</folder><source><sourceImage>The MIT-CSAIL database of objects and scenes</sourceImage><sourceAnnotation>LabelMe Webtool</sourceAnnotation></source><object><name>tooth</name><deleted>0</deleted><verified>0</verified><occluded>no</occluded><attributes>17</attributes><parts><hasparts>9</hasparts><ispartof>15</ispartof></parts><date>24-05-21 11:38:49:145</date><id>0</id><type>bounding_box</type><polygon><username>anonymous</username><pt><x>384</x><y>5</y><time>24-05-21 11:38:34:940</time></pt><pt><x>1327</x><y>5</y><time>24-05-21 11:38:40:115</time></pt><pt><x>1327</x><y>1425</y><time>undefined</time></pt><pt><x>384</x><y>1425</y><time>undefined</time></pt><closed_date>24-05-21 11:38:40:115</closed_date></polygon></object><object><name>tooth</name><deleted>0</deleted><verified>0</verified><occluded>no</occluded><attributes>16</attributes><parts><hasparts>15,8</hasparts><ispartof>15</ispartof></parts><date>24-05-21 11:39:03:330</date><id>1</id><type>bounding_box</type><polygon><username>anonymous</username><pt><x>1288</x><y>1</y><time>24-05-21 11:38:51:819</time></pt><pt><x>2368</x><y>1</y><time>24-05-21 11:38:54:226</time></pt><pt><x>2368</x><y>1431</y><time>undefined</time></pt><pt><x>1288</x><y>1431</y><time>undefined</time></pt><closed_date>24-05-21 11:38:54:227</closed_date></polygon></object><object><name>tooth</name><deleted>1</deleted><verified>0</verified><occluded>no</occluded><attributes>15</attributes><parts><hasparts /><ispartof>15</ispartof></parts><date>24-05-21 11:39:16:034</date><id>2</id><type>bounding_box</type><polygon><username>anonymous</username><pt><x>2936</x><y>1463</y><time>24-05-21 11:39:04:074</time></pt><pt><x>2319</x><y>1467.8847457627123</y><time>24-05-21 11:39:06:955</time></pt><pt><x>2319</x><y>22</y><time>undefined</time></pt><pt><x>3611.9779411764703</x><y>22</y><time>undefined</time></pt><closed_date>24-05-21 11:39:06:955</closed_date></polygon></object><object><name>tooth</name><deleted>0</deleted><verified>0</verified><occluded>no</occluded><attributes>14</attributes><parts><hasparts /><ispartof>15</ispartof></parts><date>24-05-21 11:39:35:308</date><id>3</id><type>bounding_box</type><polygon><username>anonymous</username><pt><x>3008</x><y>1559</y><time>24-05-21 11:39:23:657</time></pt><pt><x>3815</x><y>1559</y><time>24-05-21 11:39:28:794</time></pt><pt><x>3815</x><y>1</y><time>undefined</time></pt><pt><x>3008</x><y>1</y><time>undefined</time></pt><closed_date>24-05-21 11:39:28:794</closed_date></polygon></object><object><name>tooth</name><deleted>0</deleted><verified>0</verified><occluded>no</occluded><attributes>47</attributes><parts><hasparts>10,11</hasparts><ispartof>15</ispartof></parts><date>24-05-21 11:39:54:843</date><id>4</id><type>bounding_box</type><polygon><username>anonymous</username><pt><x>1211</x><y>3125</y><time>24-05-21 11:39:46:601</time></pt><pt><x>27</x><y>3125</y><time>24-05-21 11:39:49:122</time></pt><pt><x>27</x><y>1342.9999999999998</y><time>undefined</time></pt><pt><x>1211</x><y>1342.9999999999998</y><time>undefined</time></pt><closed_date>24-05-21 11:39:49:122</closed_date></polygon></object><object><name>tooth</name><deleted>0</deleted><verified>0</verified><occluded>no</occluded><attributes>46</attributes><parts><hasparts /><ispartof>15</ispartof></parts><date>24-05-21 11:40:05:380</date><id>5</id><type>bounding_box</type><polygon><username>anonymous</username><pt><x>2368</x><y>3130</y><time>24-05-21 11:39:57:418</time></pt><pt><x>1157</x><y>3130</y><time>24-05-21 11:39:59:578</time></pt><pt><x>1157</x><y>1486</y><time>undefined</time></pt><pt><x>2368</x><y>1486</y><time>undefined</time></pt><closed_date>24-05-21 11:39:59:578</closed_date></polygon></object><object><name>tooth</name><deleted>0</deleted><verified>0</verified><occluded>no</occluded><attributes>45</attributes><parts><hasparts /><ispartof>15</ispartof></parts><date>24-05-21 11:40:14:571</date><id>6</id><type>bounding_box</type><polygon><username>anonymous</username><pt><x>3147</x><y>3152</y><time>24-05-21 11:40:06:627</time></pt><pt><x>2127</x><y>3152</y><time>24-05-21 11:40:09:146</time></pt><pt><x>2127</x><y>1606</y><time>undefined</time></pt><pt><x>3147</x><y>1606</y><time>undefined</time></pt><closed_date>24-05-21 11:40:09:146</closed_date></polygon></object><object><name>tooth</name><deleted>0</deleted><verified>0</verified><occluded>no</occluded><attributes>44</attributes><parts><hasparts /><ispartof>15</ispartof></parts><date>24-05-21 11:40:23:387</date><id>7</id><type>bounding_box</type><polygon><username>anonymous</username><pt><x>3969</x><y>3152</y><time>24-05-21 11:40:16:075</time></pt><pt><x>3059</x><y>3152</y><time>24-05-21 11:40:18:035</time></pt><pt><x>3059</x><y>1645</y><time>undefined</time></pt><pt><x>3969</x><y>1645</y><time>undefined</time></pt><closed_date>24-05-21 11:40:18:035</closed_date></polygon></object><object><name>restoration</name><deleted>0</deleted><verified>0</verified><occluded>no</occluded><attributes /><parts><hasparts /><ispartof>1</ispartof></parts><date>24-05-21 11:44:08:252</date><id>8</id><polygon><username>anonymous</username><pt><x>1403</x><y>1135</y><time>24-05-21 11:43:36:010</time></pt><pt><x>1447</x><y>1069</y><time>24-05-21 11:43:36:945</time></pt><pt><x>1453</x><y>1014</y><time>24-05-21 11:43:37:666</time></pt><pt><x>1453</x><y>992</y><time>24-05-21 11:43:38:307</time></pt><pt><x>1486</x><y>948</y><time>24-05-21 11:43:38:698</time></pt><pt><x>1497</x><y>921</y><time>24-05-21 11:43:39:274</time></pt><pt><x>1535</x><y>904</y><time>24-05-21 11:43:39:946</time></pt><pt><x>1546</x><y>899</y><time>24-05-21 11:43:40:515</time></pt><pt><x>1568</x><y>888</y><time>24-05-21 11:43:41:186</time></pt><pt><x>1579</x><y>888</y><time>24-05-21 11:43:41:521</time></pt><pt><x>1601</x><y>888</y><time>24-05-21 11:43:41:858</time></pt><pt><x>1628</x><y>910</y><time>24-05-21 11:43:42:210</time></pt><pt><x>1661</x><y>937</y><time>24-05-21 11:43:42:610</time></pt><pt><x>1705</x><y>970</y><time>24-05-21 11:43:43:097</time></pt><pt><x>1743</x><y>1014</y><time>24-05-21 11:43:43:626</time></pt><pt><x>1765</x><y>1031</y><time>24-05-21 11:43:44:219</time></pt><pt><x>1825</x><y>1031</y><time>24-05-21 11:43:45:034</time></pt><pt><x>1864</x><y>1042</y><time>24-05-21 11:43:45:859</time></pt><pt><x>1913</x><y>1047</y><time>24-05-21 11:43:46:194</time></pt><pt><x>1935</x><y>1058</y><time>24-05-21 11:43:46:499</time></pt><pt><x>1957</x><y>1069</y><time>24-05-21 11:43:46:770</time></pt><pt><x>1984</x><y>1107</y><time>24-05-21 11:43:47:769</time></pt><pt><x>1990</x><y>1129</y><time>24-05-21 11:43:48:337</time></pt><pt><x>1930</x><y>1173</y><time>24-05-21 11:43:49:274</time></pt><pt><x>1891</x><y>1184</y><time>24-05-21 11:43:50:714</time></pt><pt><x>1853</x><y>1190</y><time>24-05-21 11:43:51:242</time></pt><pt><x>1831</x><y>1195</y><time>24-05-21 11:43:51:554</time></pt><pt><x>1804</x><y>1206</y><time>24-05-21 11:43:52:354</time></pt><pt><x>1782</x><y>1211</y><time>24-05-21 11:43:53:082</time></pt><pt><x>1765</x><y>1228</y><time>24-05-21 11:43:54:002</time></pt><pt><x>1765</x><y>1250</y><time>24-05-21 11:43:54:667</time></pt><pt><x>1754</x><y>1272</y><time>24-05-21 11:43:55:225</time></pt><pt><x>1743</x><y>1272</y><time>24-05-21 11:43:55:554</time></pt><pt><x>1716</x><y>1272</y><time>24-05-21 11:43:55:890</time></pt><pt><x>1672</x><y>1288</y><time>24-05-21 11:43:56:347</time></pt><pt><x>1639</x><y>1266</y><time>24-05-21 11:43:57:178</time></pt><pt><x>1590</x><y>1250</y><time>24-05-21 11:43:57:739</time></pt><pt><x>1573</x><y>1244</y><time>24-05-21 11:43:58:074</time></pt><pt><x>1568</x><y>1233</y><time>24-05-21 11:43:58:627</time></pt><pt><x>1513</x><y>1233</y><time>24-05-21 11:43:59:363</time></pt><pt><x>1486</x><y>1228</y><time>24-05-21 11:44:00:010</time></pt><pt><x>1469</x><y>1217</y><time>24-05-21 11:44:00:420</time></pt><pt><x>1447</x><y>1201</y><time>24-05-21 11:44:01:163</time></pt><closed_date>24-05-21 11:44:01:642</closed_date></polygon></object><object><name>restoration</name><deleted>0</deleted><verified>0</verified><occluded>no</occluded><attributes /><parts><hasparts /><ispartof>0</ispartof></parts><date>24-05-21 11:45:45:110</date><id>9</id><polygon><username>anonymous</username><pt><x>521</x><y>998</y><time>24-05-21 11:45:17:304</time></pt><pt><x>603</x><y>1096</y><time>24-05-21 11:45:19:387</time></pt><pt><x>669</x><y>1146</y><time>24-05-21 11:45:20:531</time></pt><pt><x>702</x><y>1162</y><time>24-05-21 11:45:21:041</time></pt><pt><x>735</x><y>1151</y><time>24-05-21 11:45:21:427</time></pt><pt><x>735</x><y>1129</y><time>24-05-21 11:45:21:938</time></pt><pt><x>735</x><y>1096</y><time>24-05-21 11:45:22:386</time></pt><pt><x>778</x><y>1118</y><time>24-05-21 11:45:22:986</time></pt><pt><x>789</x><y>1118</y><time>24-05-21 11:45:23:290</time></pt><pt><x>833</x><y>1146</y><time>24-05-21 11:45:24:147</time></pt><pt><x>866</x><y>1129</y><time>24-05-21 11:45:24:506</time></pt><pt><x>899</x><y>1135</y><time>24-05-21 11:45:25:466</time></pt><pt><x>921</x><y>1107</y><time>24-05-21 11:45:25:914</time></pt><pt><x>926</x><y>1096</y><time>24-05-21 11:45:26:227</time></pt><pt><x>926</x><y>1036</y><time>24-05-21 11:45:26:570</time></pt><pt><x>921</x><y>1014</y><time>24-05-21 11:45:26:986</time></pt><pt><x>904</x><y>970</y><time>24-05-21 11:45:27:402</time></pt><pt><x>883</x><y>965</y><time>24-05-21 11:45:27:851</time></pt><pt><x>866</x><y>954</y><time>24-05-21 11:45:28:186</time></pt><pt><x>855</x><y>954</y><time>24-05-21 11:45:28:578</time></pt><pt><x>833</x><y>948</y><time>24-05-21 11:45:29:123</time></pt><pt><x>811</x><y>937</y><time>24-05-21 11:45:29:515</time></pt><pt><x>822</x><y>915</y><time>24-05-21 11:45:30:139</time></pt><pt><x>817</x><y>894</y><time>24-05-21 11:45:30:490</time></pt><pt><x>811</x><y>872</y><time>24-05-21 11:45:30:803</time></pt><pt><x>795</x><y>855</y><time>24-05-21 11:45:31:315</time></pt><pt><x>789</x><y>817</y><time>24-05-21 11:45:32:012</time></pt><pt><x>778</x><y>789</y><time>24-05-21 11:45:32:331</time></pt><pt><x>762</x><y>767</y><time>24-05-21 11:45:33:011</time></pt><pt><x>751</x><y>762</y><time>24-05-21 11:45:33:497</time></pt><pt><x>718</x><y>756</y><time>24-05-21 11:45:34:019</time></pt><pt><x>680</x><y>762</y><time>24-05-21 11:45:34:785</time></pt><pt><x>636</x><y>778</y><time>24-05-21 11:45:36:155</time></pt><pt><x>619</x><y>800</y><time>24-05-21 11:45:36:619</time></pt><pt><x>619</x><y>811</y><time>24-05-21 11:45:36:930</time></pt><pt><x>587</x><y>844</y><time>24-05-21 11:45:37:434</time></pt><pt><x>592</x><y>883</y><time>24-05-21 11:45:37:954</time></pt><pt><x>592</x><y>899</y><time>24-05-21 11:45:38:331</time></pt><pt><x>570</x><y>932</y><time>24-05-21 11:45:38:691</time></pt><pt><x>570</x><y>937</y><time>24-05-21 11:45:39:059</time></pt><closed_date>24-05-21 11:45:39:579</closed_date></polygon></object><object><name>restoration</name><deleted>0</deleted><verified>0</verified><occluded>no</occluded><attributes /><parts><hasparts /><ispartof>4</ispartof></parts><date>24-05-21 11:46:34:318</date><id>10</id><polygon><username>anonymous</username><pt><x>543</x><y>1710</y><time>24-05-21 11:46:04:306</time></pt><pt><x>488</x><y>1672</y><time>24-05-21 11:46:05:403</time></pt><pt><x>460</x><y>1694</y><time>24-05-21 11:46:06:267</time></pt><pt><x>460</x><y>1710</y><time>24-05-21 11:46:06:811</time></pt><pt><x>460</x><y>1727</y><time>24-05-21 11:46:07:155</time></pt><pt><x>460</x><y>1738</y><time>24-05-21 11:46:07:507</time></pt><pt><x>493</x><y>1754</y><time>24-05-21 11:46:07:994</time></pt><pt><x>515</x><y>1760</y><time>24-05-21 11:46:08:338</time></pt><pt><x>543</x><y>1765</y><time>24-05-21 11:46:08:906</time></pt><pt><x>570</x><y>1776</y><time>24-05-21 11:46:09:323</time></pt><pt><x>587</x><y>1776</y><time>24-05-21 11:46:09:643</time></pt><pt><x>603</x><y>1787</y><time>24-05-21 11:46:09:946</time></pt><pt><x>619</x><y>1809</y><time>24-05-21 11:46:10:275</time></pt><pt><x>619</x><y>1809</y><time>24-05-21 11:46:10:514</time></pt><pt><x>630</x><y>1809</y><time>24-05-21 11:46:11:083</time></pt><pt><x>652</x><y>1809</y><time>24-05-21 11:46:11:539</time></pt><pt><x>669</x><y>1809</y><time>24-05-21 11:46:11:794</time></pt><pt><x>691</x><y>1809</y><time>24-05-21 11:46:12:090</time></pt><pt><x>713</x><y>1804</y><time>24-05-21 11:46:12:523</time></pt><pt><x>724</x><y>1804</y><time>24-05-21 11:46:13:403</time></pt><pt><x>735</x><y>1804</y><time>24-05-21 11:46:14:138</time></pt><pt><x>724</x><y>1825</y><time>24-05-21 11:46:14:444</time></pt><pt><x>718</x><y>1842</y><time>24-05-21 11:46:14:747</time></pt><pt><x>735</x><y>1864</y><time>24-05-21 11:46:15:043</time></pt><pt><x>767</x><y>1880</y><time>24-05-21 11:46:15:299</time></pt><pt><x>795</x><y>1886</y><time>24-05-21 11:46:15:531</time></pt><pt><x>850</x><y>1869</y><time>24-05-21 11:46:15:818</time></pt><pt><x>883</x><y>1858</y><time>24-05-21 11:46:16:234</time></pt><pt><x>899</x><y>1853</y><time>24-05-21 11:46:16:514</time></pt><pt><x>910</x><y>1836</y><time>24-05-21 11:46:16:811</time></pt><pt><x>915</x><y>1831</y><time>24-05-21 11:46:17:033</time></pt><pt><x>932</x><y>1831</y><time>24-05-21 11:46:17:571</time></pt><pt><x>987</x><y>1820</y><time>24-05-21 11:46:17:978</time></pt><pt><x>1020</x><y>1804</y><time>24-05-21 11:46:18:250</time></pt><pt><x>1053</x><y>1776</y><time>24-05-21 11:46:18:530</time></pt><pt><x>1063</x><y>1771</y><time>24-05-21 11:46:18:786</time></pt><pt><x>1063</x><y>1765</y><time>24-05-21 11:46:19:043</time></pt><pt><x>1063</x><y>1743</y><time>24-05-21 11:46:19:371</time></pt><pt><x>1053</x><y>1721</y><time>24-05-21 11:46:19:682</time></pt><pt><x>1042</x><y>1705</y><time>24-05-21 11:46:20:003</time></pt><pt><x>1020</x><y>1688</y><time>24-05-21 11:46:20:555</time></pt><pt><x>992</x><y>1683</y><time>24-05-21 11:46:20:867</time></pt><pt><x>959</x><y>1672</y><time>24-05-21 11:46:21:331</time></pt><pt><x>948</x><y>1672</y><time>24-05-21 11:46:21:651</time></pt><pt><x>937</x><y>1705</y><time>24-05-21 11:46:21:986</time></pt><pt><x>910</x><y>1705</y><time>24-05-21 11:46:22:411</time></pt><pt><x>888</x><y>1721</y><time>24-05-21 11:46:22:723</time></pt><pt><x>866</x><y>1716</y><time>24-05-21 11:46:23:034</time></pt><pt><x>833</x><y>1699</y><time>24-05-21 11:46:23:379</time></pt><pt><x>817</x><y>1694</y><time>24-05-21 11:46:23:738</time></pt><pt><x>789</x><y>1677</y><time>24-05-21 11:46:24:042</time></pt><pt><x>773</x><y>1666</y><time>24-05-21 11:46:24:299</time></pt><pt><x>751</x><y>1661</y><time>24-05-21 11:46:24:540</time></pt><pt><x>735</x><y>1661</y><time>24-05-21 11:46:24:818</time></pt><pt><x>724</x><y>1661</y><time>24-05-21 11:46:25:115</time></pt><pt><x>685</x><y>1656</y><time>24-05-21 11:46:25:699</time></pt><pt><x>663</x><y>1634</y><time>24-05-21 11:46:26:011</time></pt><pt><x>619</x><y>1623</y><time>24-05-21 11:46:26:331</time></pt><pt><x>603</x><y>1617</y><time>24-05-21 11:46:26:634</time></pt><pt><x>559</x><y>1623</y><time>24-05-21 11:46:26:971</time></pt><pt><x>532</x><y>1628</y><time>24-05-21 11:46:27:259</time></pt><pt><x>521</x><y>1656</y><time>24-05-21 11:46:27:819</time></pt><closed_date>24-05-21 11:46:28:643</closed_date></polygon></object><object><name>restoration</name><deleted>0</deleted><verified>0</verified><occluded>no</occluded><attributes /><parts><hasparts /><ispartof>4</ispartof></parts><date>24-05-21 11:47:10:613</date><id>11</id><polygon><username>anonymous</username><pt><x>1365</x><y>1716</y><time>24-05-21 11:46:47:540</time></pt><pt><x>1370</x><y>1880</y><time>24-05-21 11:46:48:579</time></pt><pt><x>1392</x><y>1957</y><time>24-05-21 11:46:49:068</time></pt><pt><x>1431</x><y>1979</y><time>24-05-21 11:46:49:619</time></pt><pt><x>1475</x><y>2001</y><time>24-05-21 11:46:50:035</time></pt><pt><x>1513</x><y>2001</y><time>24-05-21 11:46:50:923</time></pt><pt><x>1562</x><y>1984</y><time>24-05-21 11:46:51:491</time></pt><pt><x>1590</x><y>1979</y><time>24-05-21 11:46:51:785</time></pt><pt><x>1623</x><y>1968</y><time>24-05-21 11:46:52:051</time></pt><pt><x>1656</x><y>1962</y><time>24-05-21 11:46:52:290</time></pt><pt><x>1677</x><y>1946</y><time>24-05-21 11:46:52:538</time></pt><pt><x>1694</x><y>1946</y><time>24-05-21 11:46:52:779</time></pt><pt><x>1705</x><y>1946</y><time>24-05-21 11:46:53:010</time></pt><pt><x>1738</x><y>1930</y><time>24-05-21 11:46:53:251</time></pt><pt><x>1754</x><y>1930</y><time>24-05-21 11:46:53:490</time></pt><pt><x>1793</x><y>1935</y><time>24-05-21 11:46:54:491</time></pt><pt><x>1804</x><y>1935</y><time>24-05-21 11:46:54:794</time></pt><pt><x>1825</x><y>1919</y><time>24-05-21 11:46:55:099</time></pt><pt><x>1853</x><y>1902</y><time>24-05-21 11:46:55:363</time></pt><pt><x>1875</x><y>1875</y><time>24-05-21 11:46:55:947</time></pt><pt><x>1902</x><y>1842</y><time>24-05-21 11:46:56:371</time></pt><pt><x>1891</x><y>1825</y><time>24-05-21 11:46:56:962</time></pt><pt><x>1842</x><y>1798</y><time>24-05-21 11:46:57:684</time></pt><pt><x>1804</x><y>1793</y><time>24-05-21 11:46:58:315</time></pt><pt><x>1793</x><y>1798</y><time>24-05-21 11:46:59:051</time></pt><pt><x>1765</x><y>1798</y><time>24-05-21 11:46:59:348</time></pt><pt><x>1760</x><y>1798</y><time>24-05-21 11:46:59:667</time></pt><pt><x>1727</x><y>1804</y><time>24-05-21 11:47:00:179</time></pt><pt><x>1705</x><y>1798</y><time>24-05-21 11:47:00:506</time></pt><pt><x>1694</x><y>1798</y><time>24-05-21 11:47:00:803</time></pt><pt><x>1677</x><y>1793</y><time>24-05-21 11:47:01:114</time></pt><pt><x>1661</x><y>1771</y><time>24-05-21 11:47:01:498</time></pt><pt><x>1650</x><y>1749</y><time>24-05-21 11:47:01:883</time></pt><pt><x>1617</x><y>1721</y><time>24-05-21 11:47:02:610</time></pt><pt><x>1579</x><y>1699</y><time>24-05-21 11:47:03:058</time></pt><pt><x>1546</x><y>1699</y><time>24-05-21 11:47:03:530</time></pt><pt><x>1524</x><y>1699</y><time>24-05-21 11:47:03:850</time></pt><pt><x>1497</x><y>1705</y><time>24-05-21 11:47:04:282</time></pt><pt><x>1475</x><y>1705</y><time>24-05-21 11:47:04:587</time></pt><pt><x>1425</x><y>1705</y><time>24-05-21 11:47:04:914</time></pt><pt><x>1403</x><y>1699</y><time>24-05-21 11:47:05:178</time></pt><closed_date>24-05-21 11:47:05:659</closed_date></polygon></object><object><name>tooth</name><deleted>0</deleted><verified>0</verified><occluded>no</occluded><attributes>15</attributes><parts><hasparts>14</hasparts><ispartof /></parts><date>24-05-21 11:49:50:685</date><id>12</id><type>bounding_box</type><polygon><username>anonymous</username><pt><x>3065</x><y>1482</y><time>24-05-21 11:49:35:245</time></pt><pt><x>2269</x><y>1482</y><time>24-05-21 11:49:41:090</time></pt><pt><x>2269</x><y>24</y><time>undefined</time></pt><pt><x>3065</x><y>24</y><time>undefined</time></pt><closed_date>24-05-21 11:49:41:091</closed_date></polygon></object><object><name>restoration</name><deleted>1</deleted><verified>0</verified><occluded>no</occluded><attributes /><parts><hasparts /><ispartof /></parts><date>24-05-21 11:50:38:589</date><id>13</id><polygon><username>anonymous</username><pt><x>2893</x><y>1211</y><time>24-05-21 11:50:22:635</time></pt><pt><x>2879</x><y>1115</y><time>24-05-21 11:50:24:138</time></pt><pt><x>2860</x><y>1087</y><time>24-05-21 11:50:24:753</time></pt><pt><x>2836</x><y>1006</y><time>24-05-21 11:50:25:507</time></pt><pt><x>2831</x><y>944</y><time>24-05-21 11:50:26:363</time></pt><pt><x>2851</x><y>920</y><time>24-05-21 11:50:26:890</time></pt><pt><x>2884</x><y>920</y><time>24-05-21 11:50:27:579</time></pt><pt><x>2917</x><y>920</y><time>24-05-21 11:50:28:130</time></pt><pt><x>2951</x><y>949</y><time>24-05-21 11:50:28:684</time></pt><pt><x>2965</x><y>1087</y><time>24-05-21 11:50:30:130</time></pt><pt><x>2984</x><y>1130</y><time>24-05-21 11:50:30:683</time></pt><pt><x>2989</x><y>1196</y><time>24-05-21 11:50:31:211</time></pt><pt><x>2974</x><y>1220</y><time>24-05-21 11:50:32:354</time></pt><pt><x>2936</x><y>1216</y><time>24-05-21 11:50:32:747</time></pt><closed_date>24-05-21 11:50:33:035</closed_date></polygon></object><object><name>restoration</name><deleted>0</deleted><verified>0</verified><occluded>no</occluded><attributes /><parts><hasparts /><ispartof>12</ispartof></parts><date>24-05-21 11:51:39:669</date><id>14</id><polygon><username>anonymous</username><pt><x>2903</x><y>1216</y><time>24-05-21 11:51:22:433</time></pt><pt><x>2827</x><y>991</y><time>24-05-21 11:51:24:475</time></pt><pt><x>2817</x><y>963</y><time>24-05-21 11:51:25:442</time></pt><pt><x>2827</x><y>944</y><time>24-05-21 11:51:26:250</time></pt><pt><x>2841</x><y>925</y><time>24-05-21 11:51:27:403</time></pt><pt><x>2855</x><y>925</y><time>24-05-21 11:51:27:794</time></pt><pt><x>2874</x><y>915</y><time>24-05-21 11:51:28:307</time></pt><pt><x>2917</x><y>915</y><time>24-05-21 11:51:28:939</time></pt><pt><x>2946</x><y>920</y><time>24-05-21 11:51:29:459</time></pt><pt><x>2960</x><y>949</y><time>24-05-21 11:51:30:051</time></pt><pt><x>2974</x><y>996</y><time>24-05-21 11:51:30:555</time></pt><pt><x>2998</x><y>1087</y><time>24-05-21 11:51:31:522</time></pt><pt><x>3008</x><y>1120</y><time>24-05-21 11:51:31:946</time></pt><pt><x>3017</x><y>1177</y><time>24-05-21 11:51:32:684</time></pt><pt><x>3013</x><y>1201</y><time>24-05-21 11:51:33:115</time></pt><pt><x>3008</x><y>1211</y><time>24-05-21 11:51:33:827</time></pt><pt><x>2960</x><y>1206</y><time>24-05-21 11:51:34:731</time></pt><closed_date>24-05-21 11:51:35:187</closed_date></polygon></object><imagesize><nrows /><ncols /></imagesize><object><name>restoration</name><deleted>0</deleted><verified>0</verified><occluded>no</occluded><attributes /><parts><hasparts /><ispartof>1</ispartof></parts><date>16-02-22 14:45:06:308</date><id>15</id><polygon><username>anonymous</username><pt><x>2118</x><y>978</y><time>16-02-22 14:45:00:240</time></pt><pt><x>2162</x><y>867</y><time>16-02-22 14:45:00:609</time></pt><pt><x>2296</x><y>867</y><time>16-02-22 14:45:00:944</time></pt><pt><x>2340</x><y>895</y><time>16-02-22 14:45:01:416</time></pt><pt><x>2324</x><y>984</y><time>16-02-22 14:45:01:712</time></pt><pt><x>2351</x><y>1090</y><time>16-02-22 14:45:02:072</time></pt><pt><x>2346</x><y>1178</y><time>16-02-22 14:45:02:400</time></pt><pt><x>2290</x><y>1217</y><time>16-02-22 14:45:02:744</time></pt><pt><x>2190</x><y>1151</y><time>16-02-22 14:45:03:072</time></pt><pt><x>2040</x><y>1140</y><time>16-02-22 14:45:03:304</time></pt><pt><x>1990</x><y>1117</y><time>16-02-22 14:45:03:536</time></pt><pt><x>2062</x><y>1045</y><time>16-02-22 14:45:03:810</time></pt><closed_date>16-02-22 14:45:04:080</closed_date></polygon></object></annotation>