<?xml version='1.0' encoding='UTF-8'?>
<annotation><filename>imagem-030.jpg</filename><folder>segmentation_xray</folder><source><sourceImage>The MIT-CSAIL database of objects and scenes</sourceImage><sourceAnnotation>LabelMe Webtool</sourceAnnotation></source><object><name>tooth</name><deleted>0</deleted><verified>0</verified><occluded>no</occluded><attributes>37</attributes><parts><hasparts /><ispartof /></parts><date>17-05-21 09:49:19:141</date><id>0</id><type>bounding_box</type><polygon><username>anonymous</username><pt><x>2450</x><y>1105</y><time>17-05-21 09:49:11:429</time></pt><pt><x>4061</x><y>1105</y><time>17-05-21 09:49:14:590</time></pt><pt><x>4061</x><y>3154</y><time>undefined</time></pt><pt><x>2450</x><y>3154</y><time>undefined</time></pt><closed_date>17-05-21 09:49:14:591</closed_date></polygon></object><object><name>tooth</name><deleted>0</deleted><verified>0</verified><occluded>no</occluded><attributes>36</attributes><parts><hasparts>8</hasparts><ispartof /></parts><date>17-05-21 09:49:28:456</date><id>1</id><type>bounding_box</type><polygon><username>anonymous</username><pt><x>1286</x><y>1484</y><time>17-05-21 09:49:21:922</time></pt><pt><x>2758</x><y>1484</y><time>17-05-21 09:49:24:251</time></pt><pt><x>2758</x><y>3165</y><time>undefined</time></pt><pt><x>1286</x><y>3165</y><time>undefined</time></pt><closed_date>17-05-21 09:49:24:252</closed_date></polygon></object><object><name>tooth</name><deleted>0</deleted><verified>0</verified><occluded>no</occluded><attributes>35</attributes><parts><hasparts>9</hasparts><ispartof /></parts><date>17-05-21 09:50:13:335</date><id>2</id><type>bounding_box</type><polygon><username>anonymous</username><pt><x>419</x><y>1588</y><time>17-05-21 09:50:06:802</time></pt><pt><x>1263</x><y>1588</y><time>17-05-21 09:50:09:210</time></pt><pt><x>1263</x><y>3159</y><time>undefined</time></pt><pt><x>419</x><y>3159</y><time>undefined</time></pt><closed_date>17-05-21 09:50:09:210</closed_date></polygon></object><object><name>tooth</name><deleted>0</deleted><verified>0</verified><occluded>no</occluded><attributes>34</attributes><parts><hasparts /><ispartof /></parts><date>17-05-21 09:50:24:327</date><id>3</id><type>bounding_box</type><polygon><username>anonymous</username><pt><x>465</x><y>1542</y><time>17-05-21 09:50:16:471</time></pt><pt><x>1</x><y>1542</y><time>17-05-21 09:50:20:435</time></pt><pt><x>1</x><y>3072</y><time>undefined</time></pt><pt><x>465</x><y>3072</y><time>undefined</time></pt><closed_date>17-05-21 09:50:20:436</closed_date></polygon></object><object><name>tooth</name><deleted>0</deleted><verified>0</verified><occluded>no</occluded><attributes>27</attributes><parts><hasparts /><ispartof /></parts><date>17-05-21 09:50:33:530</date><id>4</id><type>bounding_box</type><polygon><username>anonymous</username><pt><x>2461</x><y>1175</y><time>17-05-21 09:50:26:933</time></pt><pt><x>3549</x><y>1175</y><time>17-05-21 09:50:29:242</time></pt><pt><x>3549</x><y>17</y><time>undefined</time></pt><pt><x>2461</x><y>17</y><time>undefined</time></pt><closed_date>17-05-21 09:50:29:243</closed_date></polygon></object><object><name>tooth</name><deleted>0</deleted><verified>0</verified><occluded>no</occluded><attributes>26</attributes><parts><hasparts>10</hasparts><ispartof /></parts><date>17-05-21 09:50:42:199</date><id>5</id><type>bounding_box</type><polygon><username>anonymous</username><pt><x>1332</x><y>1292</y><time>17-05-21 09:50:35:621</time></pt><pt><x>2514</x><y>1292</y><time>17-05-21 09:50:38:265</time></pt><pt><x>2514</x><y>1</y><time>undefined</time></pt><pt><x>1332</x><y>1</y><time>undefined</time></pt><closed_date>17-05-21 09:50:38:265</closed_date></polygon></object><object><name>tooth</name><deleted>0</deleted><verified>0</verified><occluded>no</occluded><attributes>25</attributes><parts><hasparts>11</hasparts><ispartof /></parts><date>17-05-21 09:50:49:604</date><id>6</id><type>bounding_box</type><polygon><username>anonymous</username><pt><x>640</x><y>1303</y><time>17-05-21 09:50:44:103</time></pt><pt><x>1396</x><y>1303</y><time>17-05-21 09:50:45:901</time></pt><pt><x>1396</x><y>17</y><time>undefined</time></pt><pt><x>640</x><y>17</y><time>undefined</time></pt><closed_date>17-05-21 09:50:45:901</closed_date></polygon></object><object><name>tooth</name><deleted>0</deleted><verified>0</verified><occluded>no</occluded><attributes>24</attributes><parts><hasparts /><ispartof /></parts><date>17-05-21 09:51:01:651</date><id>7</id><type>bounding_box</type><polygon><username>anonymous</username><pt><x>733</x><y>1332</y><time>17-05-21 09:50:52:535</time></pt><pt><x>17</x><y>1332</y><time>17-05-21 09:50:57:854</time></pt><pt><x>17</x><y>12</y><time>undefined</time></pt><pt><x>733</x><y>12</y><time>undefined</time></pt><closed_date>17-05-21 09:50:57:854</closed_date></polygon></object><object><name>restoration</name><deleted>0</deleted><verified>0</verified><occluded>no</occluded><attributes /><parts><hasparts /><ispartof>1</ispartof></parts><date>17-05-21 09:51:54:461</date><id>8</id><polygon><username>anonymous</username><pt><x>1460</x><y>2118</y><time>17-05-21 09:51:30:223</time></pt><pt><x>1600</x><y>1996</y><time>17-05-21 09:51:30:869</time></pt><pt><x>1728</x><y>1903</y><time>17-05-21 09:51:31:413</time></pt><pt><x>1821</x><y>1926</y><time>17-05-21 09:51:31:877</time></pt><pt><x>1885</x><y>1955</y><time>17-05-21 09:51:32:292</time></pt><pt><x>1926</x><y>1961</y><time>17-05-21 09:51:32:717</time></pt><pt><x>1978</x><y>1908</y><time>17-05-21 09:51:33:191</time></pt><pt><x>2106</x><y>1868</y><time>17-05-21 09:51:33:843</time></pt><pt><x>2164</x><y>1780</y><time>17-05-21 09:51:34:285</time></pt><pt><x>2176</x><y>1682</y><time>17-05-21 09:51:34:703</time></pt><pt><x>2124</x><y>1676</y><time>17-05-21 09:51:38:245</time></pt><pt><x>2002</x><y>1682</y><time>17-05-21 09:51:40:512</time></pt><pt><x>1938</x><y>1798</y><time>17-05-21 09:51:41:515</time></pt><pt><x>1879</x><y>1763</y><time>17-05-21 09:51:42:173</time></pt><pt><x>1786</x><y>1716</y><time>17-05-21 09:51:42:616</time></pt><pt><x>1676</x><y>1728</y><time>17-05-21 09:51:43:287</time></pt><pt><x>1647</x><y>1699</y><time>17-05-21 09:51:47:093</time></pt><pt><x>1571</x><y>1722</y><time>17-05-21 09:51:47:589</time></pt><pt><x>1472</x><y>1769</y><time>17-05-21 09:51:48:214</time></pt><pt><x>1425</x><y>1833</y><time>17-05-21 09:51:48:707</time></pt><pt><x>1402</x><y>1868</y><time>17-05-21 09:51:49:132</time></pt><pt><x>1338</x><y>1897</y><time>17-05-21 09:51:49:696</time></pt><pt><x>1373</x><y>1996</y><time>17-05-21 09:51:50:292</time></pt><closed_date>17-05-21 09:51:51:229</closed_date></polygon></object><object><name>restoration</name><deleted>0</deleted><verified>0</verified><occluded>no</occluded><attributes /><parts><hasparts /><ispartof>2</ispartof></parts><date>17-05-21 09:52:19:589</date><id>9</id><polygon><username>anonymous</username><pt><x>611</x><y>1868</y><time>17-05-21 09:52:09:944</time></pt><pt><x>675</x><y>1961</y><time>17-05-21 09:52:10:598</time></pt><pt><x>733</x><y>2048</y><time>17-05-21 09:52:11:045</time></pt><pt><x>733</x><y>2194</y><time>17-05-21 09:52:11:436</time></pt><pt><x>803</x><y>2194</y><time>17-05-21 09:52:12:021</time></pt><pt><x>826</x><y>2188</y><time>17-05-21 09:52:12:425</time></pt><pt><x>849</x><y>2141</y><time>17-05-21 09:52:12:825</time></pt><pt><x>838</x><y>2054</y><time>17-05-21 09:52:13:189</time></pt><pt><x>849</x><y>1938</y><time>17-05-21 09:52:13:537</time></pt><pt><x>867</x><y>1879</y><time>17-05-21 09:52:13:829</time></pt><pt><x>867</x><y>1810</y><time>17-05-21 09:52:14:261</time></pt><pt><x>838</x><y>1798</y><time>17-05-21 09:52:14:800</time></pt><pt><x>745</x><y>1786</y><time>17-05-21 09:52:15:164</time></pt><pt><x>681</x><y>1786</y><time>17-05-21 09:52:15:535</time></pt><closed_date>17-05-21 09:52:16:293</closed_date></polygon></object><object><name>restoration</name><deleted>0</deleted><verified>0</verified><occluded>no</occluded><attributes /><parts><hasparts /><ispartof>5</ispartof></parts><date>17-05-21 09:53:38:892</date><id>10</id><polygon><username>anonymous</username><pt><x>1530</x><y>593</y><time>17-05-21 09:53:05:370</time></pt><pt><x>1588</x><y>489</y><time>17-05-21 09:53:06:069</time></pt><pt><x>1699</x><y>465</y><time>17-05-21 09:53:06:556</time></pt><pt><x>1757</x><y>413</y><time>17-05-21 09:53:08:182</time></pt><pt><x>1821</x><y>489</y><time>17-05-21 09:53:08:982</time></pt><pt><x>1856</x><y>541</y><time>17-05-21 09:53:09:478</time></pt><pt><x>1920</x><y>547</y><time>17-05-21 09:53:24:549</time></pt><pt><x>1967</x><y>582</y><time>17-05-21 09:53:25:016</time></pt><pt><x>1967</x><y>652</y><time>17-05-21 09:53:25:541</time></pt><pt><x>2002</x><y>716</y><time>17-05-21 09:53:26:214</time></pt><pt><x>2042</x><y>826</y><time>17-05-21 09:53:27:868</time></pt><pt><x>1903</x><y>751</y><time>17-05-21 09:53:31:748</time></pt><pt><x>1780</x><y>803</y><time>17-05-21 09:53:32:846</time></pt><pt><x>1623</x><y>896</y><time>17-05-21 09:53:33:312</time></pt><pt><x>1565</x><y>908</y><time>17-05-21 09:53:33:620</time></pt><pt><x>1536</x><y>931</y><time>17-05-21 09:53:33:997</time></pt><pt><x>1524</x><y>844</y><time>17-05-21 09:53:34:409</time></pt><closed_date>17-05-21 09:53:34:990</closed_date></polygon></object><object><name>restoration</name><deleted>0</deleted><verified>0</verified><occluded>no</occluded><attributes /><parts><hasparts /><ispartof>6</ispartof></parts><date>17-05-21 09:53:58:918</date><id>11</id><polygon><username>anonymous</username><pt><x>890</x><y>995</y><time>17-05-21 09:53:49:262</time></pt><pt><x>861</x><y>884</y><time>17-05-21 09:53:49:856</time></pt><pt><x>925</x><y>762</y><time>17-05-21 09:53:50:488</time></pt><pt><x>1024</x><y>570</y><time>17-05-21 09:53:51:262</time></pt><pt><x>1094</x><y>582</y><time>17-05-21 09:53:51:773</time></pt><pt><x>1117</x><y>623</y><time>17-05-21 09:53:52:137</time></pt><pt><x>1123</x><y>716</y><time>17-05-21 09:53:52:406</time></pt><pt><x>1123</x><y>815</y><time>17-05-21 09:53:52:852</time></pt><pt><x>1135</x><y>873</y><time>17-05-21 09:53:53:073</time></pt><pt><x>1152</x><y>913</y><time>17-05-21 09:53:53:253</time></pt><pt><x>1169</x><y>948</y><time>17-05-21 09:53:53:525</time></pt><pt><x>1164</x><y>1012</y><time>17-05-21 09:53:53:997</time></pt><pt><x>1140</x><y>1018</y><time>17-05-21 09:53:54:245</time></pt><pt><x>1036</x><y>1024</y><time>17-05-21 09:53:54:509</time></pt><pt><x>925</x><y>1030</y><time>17-05-21 09:53:54:962</time></pt><closed_date>17-05-21 09:53:55:859</closed_date></polygon></object><imagesize><nrows /><ncols /></imagesize></annotation>