<?xml version="1.0" encoding="UTF-8"?><annotation><filename>imagem-109.jpg</filename><folder>segmentation_xray</folder><source><sourceImage>The MIT-CSAIL database of objects and scenes</sourceImage><sourceAnnotation>LabelMe Webtool</sourceAnnotation></source><object><name>caries</name><deleted>1</deleted><verified>0</verified><occluded>no</occluded><attributes/><parts><hasparts/><ispartof/></parts><date>02-05-21 20:17:24:717</date><id>0</id><polygon><username>anonymous</username><pt><x>351</x><y>682</y><time>02-05-21 20:16:53:920</time></pt><pt><x>339</x><y>716</y><time>02-05-21 20:16:57:141</time></pt><pt><x>358</x><y>750</y><time>02-05-21 20:16:57:855</time></pt><pt><x>368</x><y>772</y><time>02-05-21 20:16:58:496</time></pt><pt><x>389</x><y>788</y><time>02-05-21 20:16:59:155</time></pt><pt><x>407</x><y>793</y><time>02-05-21 20:16:59:663</time></pt><pt><x>426</x><y>801</y><time>02-05-21 20:17:00:136</time></pt><pt><x>430</x><y>825</y><time>02-05-21 20:17:00:526</time></pt><pt><x>450</x><y>856</y><time>02-05-21 20:17:01:069</time></pt><pt><x>469</x><y>864</y><time>02-05-21 20:17:01:444</time></pt><pt><x>503</x><y>883</y><time>02-05-21 20:17:02:258</time></pt><pt><x>537</x><y>892</y><time>02-05-21 20:17:02:664</time></pt><pt><x>556</x><y>900</y><time>02-05-21 20:17:03:054</time></pt><pt><x>573</x><y>917</y><time>02-05-21 20:17:03:642</time></pt><pt><x>590</x><y>924</y><time>02-05-21 20:17:03:972</time></pt><pt><x>632</x><y>917</y><time>02-05-21 20:17:04:499</time></pt><pt><x>644</x><y>904</y><time>02-05-21 20:17:04:940</time></pt><pt><x>648</x><y>885</y><time>02-05-21 20:17:05:383</time></pt><pt><x>632</x><y>861</y><time>02-05-21 20:17:05:885</time></pt><pt><x>581</x><y>852</y><time>02-05-21 20:17:06:243</time></pt><pt><x>575</x><y>832</y><time>02-05-21 20:17:06:939</time></pt><pt><x>546</x><y>805</y><time>02-05-21 20:17:07:359</time></pt><pt><x>525</x><y>784</y><time>02-05-21 20:17:07:797</time></pt><pt><x>508</x><y>755</y><time>02-05-21 20:17:08:229</time></pt><pt><x>486</x><y>738</y><time>02-05-21 20:17:08:695</time></pt><pt><x>457</x><y>726</y><time>02-05-21 20:17:09:290</time></pt><pt><x>436</x><y>723</y><time>02-05-21 20:17:09:698</time></pt><pt><x>413</x><y>704</y><time>02-05-21 20:17:10:237</time></pt><pt><x>389</x><y>689</y><time>02-05-21 20:17:10:660</time></pt><closed_date>02-05-21 20:17:11:210</closed_date></polygon></object><imagesize><nrows></nrows><ncols></ncols></imagesize><object><name>tooth</name><deleted>0</deleted><verified>0</verified><occluded>no</occluded><attributes>17</attributes><parts><hasparts/><ispartof/></parts><date>12-05-21 10:56:34:648</date><id>1</id><type>bounding_box</type><polygon><username>anonymous</username><pt><x>35</x><y>686</y><time>12-05-21 10:56:16:081</time></pt><pt><x>411</x><y>686</y><time>12-05-21 10:56:19:540</time></pt><pt><x>411</x><y>16</y><time>undefined</time></pt><pt><x>35</x><y>16</y><time>undefined</time></pt><closed_date>12-05-21 10:56:19:540</closed_date></polygon></object><object><name>tooth</name><deleted>0</deleted><verified>0</verified><occluded>no</occluded><attributes>16</attributes><parts><hasparts/><ispartof/></parts><date>12-05-21 10:57:19:259</date><id>2</id><type>bounding_box</type><polygon><username>anonymous</username><pt><x>848</x><y>700</y><time>12-05-21 10:57:07:444</time></pt><pt><x>364</x><y>700</y><time>12-05-21 10:57:14:462</time></pt><pt><x>364</x><y>14</y><time>undefined</time></pt><pt><x>848</x><y>14</y><time>undefined</time></pt><closed_date>12-05-21 10:57:14:462</closed_date></polygon></object><object><name>tooth</name><deleted>0</deleted><verified>0</verified><occluded>no</occluded><attributes>15</attributes><parts><hasparts/><ispartof/></parts><date>12-05-21 10:57:38:012</date><id>3</id><type>bounding_box</type><polygon><username>anonymous</username><pt><x>1187</x><y>688</y><time>12-05-21 10:57:28:513</time></pt><pt><x>815</x><y>688</y><time>12-05-21 10:57:32:480</time></pt><pt><x>815</x><y>12</y><time>undefined</time></pt><pt><x>1187</x><y>12</y><time>undefined</time></pt><closed_date>12-05-21 10:57:32:482</closed_date></polygon></object><object><name>tooth</name><deleted>0</deleted><verified>0</verified><occluded>no</occluded><attributes>14</attributes><parts><hasparts>11</hasparts><ispartof/></parts><date>12-05-21 10:58:04:064</date><id>4</id><type>bounding_box</type><polygon><username>anonymous</username><pt><x>1481</x><y>694</y><time>12-05-21 10:57:49:691</time></pt><pt><x>1144</x><y>694</y><time>12-05-21 10:57:54:465</time></pt><pt><x>1144</x><y>21</y><time>undefined</time></pt><pt><x>1481</x><y>21</y><time>undefined</time></pt><closed_date>12-05-21 10:57:54:465</closed_date></polygon></object><object><name>tooth</name><deleted>0</deleted><verified>0</verified><occluded>no</occluded><attributes>13</attributes><parts><hasparts/><ispartof/></parts><date>12-05-21 10:58:24:576</date><id>5</id><type>bounding_box</type><polygon><username>anonymous</username><pt><x>1450</x><y>655</y><time>12-05-21 10:58:16:991</time></pt><pt><x>1612</x><y>655</y><time>12-05-21 10:58:20:144</time></pt><pt><x>1612</x><y>25</y><time>undefined</time></pt><pt><x>1450</x><y>25</y><time>undefined</time></pt><closed_date>12-05-21 10:58:20:144</closed_date></polygon></object><object><name>tooth</name><deleted>0</deleted><verified>0</verified><occluded>no</occluded><attributes>37</attributes><parts><hasparts>7</hasparts><ispartof/></parts><date>12-05-21 10:58:59:013</date><id>6</id><type>bounding_box</type><polygon><username>anonymous</username><pt><x>690</x><y>1214</y><time>12-05-21 10:58:39:268</time></pt><pt><x>12</x><y>1214</y><time>12-05-21 10:58:45:261</time></pt><pt><x>12</x><y>637</y><time>undefined</time></pt><pt><x>690</x><y>637</y><time>undefined</time></pt><closed_date>12-05-21 10:58:45:261</closed_date></polygon></object><object><name>restoration</name><deleted>0</deleted><verified>0</verified><occluded>no</occluded><attributes/><parts><hasparts/><ispartof>6</ispartof></parts><date>12-05-21 10:59:34:300</date><id>7</id><polygon><username>anonymous</username><pt><x>382</x><y>776</y><time>12-05-21 10:59:13:290</time></pt><pt><x>421</x><y>791</y><time>12-05-21 10:59:14:191</time></pt><pt><x>433</x><y>826</y><time>12-05-21 10:59:15:043</time></pt><pt><x>450</x><y>844</y><time>12-05-21 10:59:15:701</time></pt><pt><x>487</x><y>871</y><time>12-05-21 10:59:16:237</time></pt><pt><x>524</x><y>883</y><time>12-05-21 10:59:16:717</time></pt><pt><x>544</x><y>898</y><time>12-05-21 10:59:17:197</time></pt><pt><x>581</x><y>924</y><time>12-05-21 10:59:17:771</time></pt><pt><x>631</x><y>924</y><time>12-05-21 10:59:18:342</time></pt><pt><x>653</x><y>904</y><time>12-05-21 10:59:19:049</time></pt><pt><x>645</x><y>867</y><time>12-05-21 10:59:19:821</time></pt><pt><x>627</x><y>852</y><time>12-05-21 10:59:20:683</time></pt><pt><x>612</x><y>852</y><time>12-05-21 10:59:21:257</time></pt><pt><x>581</x><y>828</y><time>12-05-21 10:59:21:967</time></pt><pt><x>546</x><y>805</y><time>12-05-21 10:59:22:536</time></pt><pt><x>514</x><y>772</y><time>12-05-21 10:59:23:210</time></pt><pt><x>487</x><y>744</y><time>12-05-21 10:59:23:942</time></pt><pt><x>429</x><y>709</y><time>12-05-21 10:59:24:551</time></pt><pt><x>409</x><y>709</y><time>12-05-21 10:59:25:143</time></pt><pt><x>386</x><y>690</y><time>12-05-21 10:59:25:877</time></pt><pt><x>366</x><y>688</y><time>12-05-21 10:59:26:532</time></pt><pt><x>343</x><y>682</y><time>12-05-21 10:59:27:230</time></pt><pt><x>339</x><y>715</y><time>12-05-21 10:59:27:916</time></pt><pt><x>347</x><y>750</y><time>12-05-21 10:59:28:437</time></pt><pt><x>366</x><y>774</y><time>12-05-21 10:59:28:970</time></pt><closed_date>12-05-21 10:59:29:558</closed_date></polygon></object><object><name>tooth</name><deleted>0</deleted><verified>0</verified><occluded>no</occluded><attributes>35</attributes><parts><hasparts/><ispartof/></parts><date>12-05-21 10:59:49:693</date><id>8</id><type>bounding_box</type><polygon><username>anonymous</username><pt><x>737</x><y>717</y><time>12-05-21 10:59:39:408</time></pt><pt><x>1117</x><y>717</y><time>12-05-21 10:59:43:836</time></pt><pt><x>1117</x><y>1237</y><time>undefined</time></pt><pt><x>737</x><y>1237</y><time>undefined</time></pt><closed_date>12-05-21 10:59:43:836</closed_date></polygon></object><object><name>tooth</name><deleted>0</deleted><verified>0</verified><occluded>no</occluded><attributes>34</attributes><parts><hasparts/><ispartof/></parts><date>12-05-21 11:00:03:570</date><id>9</id><type>bounding_box</type><polygon><username>anonymous</username><pt><x>1409</x><y>727</y><time>12-05-21 10:59:53:142</time></pt><pt><x>1083</x><y>727</y><time>12-05-21 10:59:57:595</time></pt><pt><x>1083</x><y>1237</y><time>undefined</time></pt><pt><x>1409</x><y>1237</y><time>undefined</time></pt><closed_date>12-05-21 10:59:57:595</closed_date></polygon></object><object><name>tooth</name><deleted>0</deleted><verified>0</verified><occluded>no</occluded><attributes>33</attributes><parts><hasparts/><ispartof/></parts><date>12-05-21 11:00:22:299</date><id>10</id><type>bounding_box</type><polygon><username>anonymous</username><pt><x>1596</x><y>674</y><time>12-05-21 11:00:13:596</time></pt><pt><x>1417</x><y>674</y><time>12-05-21 11:00:17:423</time></pt><pt><x>1417</x><y>1247</y><time>undefined</time></pt><pt><x>1596</x><y>1247</y><time>undefined</time></pt><closed_date>12-05-21 11:00:17:423</closed_date></polygon></object><object><name>restoration</name><deleted>0</deleted><verified>0</verified><occluded>no</occluded><attributes/><parts><hasparts/><ispartof>4</ispartof></parts><date>16-02-22 14:32:08:406</date><id>11</id><polygon><username>anonymous</username><pt><x>1169</x><y>478</y><time>16-02-22 14:31:58:114</time></pt><pt><x>1211</x><y>460</y><time>16-02-22 14:31:58:681</time></pt><pt><x>1240</x><y>480</y><time>16-02-22 14:31:59:120</time></pt><pt><x>1246</x><y>517</y><time>16-02-22 14:31:59:505</time></pt><pt><x>1299</x><y>544</y><time>16-02-22 14:31:59:905</time></pt><pt><x>1348</x><y>540</y><time>16-02-22 14:32:00:241</time></pt><pt><x>1354</x><y>495</y><time>16-02-22 14:32:00:641</time></pt><pt><x>1374</x><y>458</y><time>16-02-22 14:32:00:993</time></pt><pt><x>1431</x><y>476</y><time>16-02-22 14:32:01:456</time></pt><pt><x>1456</x><y>529</y><time>16-02-22 14:32:02:312</time></pt><pt><x>1427</x><y>564</y><time>16-02-22 14:32:02:688</time></pt><pt><x>1374</x><y>573</y><time>16-02-22 14:32:02:976</time></pt><pt><x>1304</x><y>586</y><time>16-02-22 14:32:03:224</time></pt><pt><x>1227</x><y>608</y><time>16-02-22 14:32:03:488</time></pt><pt><x>1205</x><y>617</y><time>16-02-22 14:32:03:776</time></pt><pt><x>1156</x><y>564</y><time>16-02-22 14:32:04:136</time></pt><pt><x>1152</x><y>487</y><time>16-02-22 14:32:04:536</time></pt><closed_date>16-02-22 14:32:04:855</closed_date></polygon></object></annotation>