<?xml version='1.0' encoding='UTF-8'?>
<annotation><filename>imagem-113.jpg</filename><folder>segmentation_xray</folder><source><sourceImage>The MIT-CSAIL database of objects and scenes</sourceImage><sourceAnnotation>LabelMe Webtool</sourceAnnotation></source><object><name>tooth</name><deleted>0</deleted><verified>0</verified><occluded>no</occluded><attributes>27</attributes><parts><hasparts /><ispartof /></parts><date>01-06-21 10:19:15:348</date><id>0</id><type>bounding_box</type><polygon><username>anonymous</username><pt><x>1099</x><y>601</y><time>01-06-21 10:19:02:026</time></pt><pt><x>1485</x><y>601</y><time>01-06-21 10:19:07:755</time></pt><pt><x>1485</x><y>2</y><time>undefined</time></pt><pt><x>1099</x><y>2</y><time>undefined</time></pt><closed_date>01-06-21 10:19:07:756</closed_date></polygon></object><object><name>tooth</name><deleted>0</deleted><verified>0</verified><occluded>no</occluded><attributes>26</attributes><parts><hasparts /><ispartof /></parts><date>01-06-21 10:19:32:496</date><id>1</id><type>bounding_box</type><polygon><username>anonymous</username><pt><x>678</x><y>601</y><time>01-06-21 10:19:23:734</time></pt><pt><x>1092</x><y>601</y><time>01-06-21 10:19:26:791</time></pt><pt><x>1092</x><y>5</y><time>undefined</time></pt><pt><x>678</x><y>5</y><time>undefined</time></pt><closed_date>01-06-21 10:19:26:791</closed_date></polygon></object><object><name>tooth</name><deleted>0</deleted><verified>0</verified><occluded>no</occluded><attributes>25</attributes><parts><hasparts>9</hasparts><ispartof /></parts><date>01-06-21 10:19:46:796</date><id>2</id><type>bounding_box</type><polygon><username>anonymous</username><pt><x>388</x><y>608</y><time>01-06-21 10:19:37:872</time></pt><pt><x>674</x><y>608</y><time>01-06-21 10:19:40:875</time></pt><pt><x>674</x><y>5</y><time>undefined</time></pt><pt><x>388</x><y>5</y><time>undefined</time></pt><closed_date>01-06-21 10:19:40:875</closed_date></polygon></object><object><name>tooth</name><deleted>0</deleted><verified>0</verified><occluded>no</occluded><attributes>24</attributes><parts><hasparts /><ispartof /></parts><date>01-06-21 10:20:02:761</date><id>3</id><type>bounding_box</type><polygon><username>anonymous</username><pt><x>105</x><y>635</y><time>01-06-21 10:19:53:731</time></pt><pt><x>377</x><y>635</y><time>01-06-21 10:19:57:800</time></pt><pt><x>377</x><y>18</y><time>undefined</time></pt><pt><x>105</x><y>18</y><time>undefined</time></pt><closed_date>01-06-21 10:19:57:801</closed_date></polygon></object><object><name>tooth</name><deleted>0</deleted><verified>0</verified><occluded>no</occluded><attributes>23</attributes><parts><hasparts /><ispartof /></parts><date>01-06-21 10:20:17:317</date><id>4</id><type>bounding_box</type><polygon><username>anonymous</username><pt><x>9</x><y>608</y><time>01-06-21 10:20:04:805</time></pt><pt><x>199</x><y>608</y><time>01-06-21 10:20:10:997</time></pt><pt><x>199</x><y>14</y><time>undefined</time></pt><pt><x>9</x><y>14</y><time>undefined</time></pt><closed_date>01-06-21 10:20:10:997</closed_date></polygon></object><object><name>tooth</name><deleted>0</deleted><verified>0</verified><occluded>no</occluded><attributes>37</attributes><parts><hasparts /><ispartof /></parts><date>01-06-21 10:20:31:368</date><id>5</id><type>bounding_box</type><polygon><username>anonymous</username><pt><x>978</x><y>658</y><time>01-06-21 10:20:21:597</time></pt><pt><x>1464</x><y>658</y><time>01-06-21 10:20:23:893</time></pt><pt><x>1464</x><y>1224</y><time>undefined</time></pt><pt><x>978</x><y>1224</y><time>undefined</time></pt><closed_date>01-06-21 10:20:23:894</closed_date></polygon></object><object><name>tooth</name><deleted>0</deleted><verified>0</verified><occluded>no</occluded><attributes>36</attributes><parts><hasparts /><ispartof /></parts><date>01-06-21 10:21:05:940</date><id>6</id><type>bounding_box</type><polygon><username>anonymous</username><pt><x>546</x><y>676</y><time>01-06-21 10:20:57:644</time></pt><pt><x>985</x><y>676</y><time>01-06-21 10:21:00:443</time></pt><pt><x>985</x><y>1229</y><time>undefined</time></pt><pt><x>546</x><y>1229</y><time>undefined</time></pt><closed_date>01-06-21 10:21:00:444</closed_date></polygon></object><object><name>tooth</name><deleted>0</deleted><verified>0</verified><occluded>no</occluded><attributes>35</attributes><parts><hasparts /><ispartof /></parts><date>01-06-21 10:21:54:206</date><id>7</id><type>bounding_box</type><polygon><username>anonymous</username><pt><x>251</x><y>697</y><time>01-06-21 10:21:41:681</time></pt><pt><x>564</x><y>697</y><time>01-06-21 10:21:46:447</time></pt><pt><x>564</x><y>1243</y><time>undefined</time></pt><pt><x>251</x><y>1243</y><time>undefined</time></pt><closed_date>01-06-21 10:21:46:448</closed_date></polygon></object><object><name>tooth</name><deleted>0</deleted><verified>0</verified><occluded>no</occluded><attributes>34</attributes><parts><hasparts /><ispartof /></parts><date>01-06-21 10:22:07:186</date><id>8</id><type>bounding_box</type><polygon><username>anonymous</username><pt><x>25</x><y>694</y><time>01-06-21 10:21:57:031</time></pt><pt><x>283</x><y>694</y><time>01-06-21 10:21:59:602</time></pt><pt><x>283</x><y>1234</y><time>undefined</time></pt><pt><x>25</x><y>1234</y><time>undefined</time></pt><closed_date>01-06-21 10:21:59:602</closed_date></polygon></object><object><name>restoration</name><deleted>0</deleted><verified>0</verified><occluded>no</occluded><attributes /><parts><hasparts /><ispartof>2</ispartof></parts><date>01-06-21 10:22:42:409</date><id>9</id><polygon><username>anonymous</username><pt><x>644</x><y>281</y><time>01-06-21 10:22:15:935</time></pt><pt><x>626</x><y>308</y><time>01-06-21 10:22:17:182</time></pt><pt><x>605</x><y>320</y><time>01-06-21 10:22:17:929</time></pt><pt><x>589</x><y>320</y><time>01-06-21 10:22:18:522</time></pt><pt><x>576</x><y>320</y><time>01-06-21 10:22:19:097</time></pt><pt><x>594</x><y>334</y><time>01-06-21 10:22:19:943</time></pt><pt><x>583</x><y>352</y><time>01-06-21 10:22:25:389</time></pt><pt><x>567</x><y>372</y><time>01-06-21 10:22:25:971</time></pt><pt><x>548</x><y>395</y><time>01-06-21 10:22:26:572</time></pt><pt><x>525</x><y>411</y><time>01-06-21 10:22:27:167</time></pt><pt><x>496</x><y>427</y><time>01-06-21 10:22:27:870</time></pt><pt><x>480</x><y>436</y><time>01-06-21 10:22:28:414</time></pt><pt><x>471</x><y>439</y><time>01-06-21 10:22:29:326</time></pt><pt><x>461</x><y>448</y><time>01-06-21 10:22:29:999</time></pt><pt><x>471</x><y>487</y><time>01-06-21 10:22:30:895</time></pt><pt><x>477</x><y>516</y><time>01-06-21 10:22:31:504</time></pt><pt><x>505</x><y>537</y><time>01-06-21 10:22:32:057</time></pt><pt><x>551</x><y>567</y><time>01-06-21 10:22:33:095</time></pt><pt><x>583</x><y>567</y><time>01-06-21 10:22:33:726</time></pt><pt><x>633</x><y>553</y><time>01-06-21 10:22:34:257</time></pt><pt><x>658</x><y>541</y><time>01-06-21 10:22:34:750</time></pt><pt><x>674</x><y>523</y><time>01-06-21 10:22:35:217</time></pt><pt><x>676</x><y>491</y><time>01-06-21 10:22:35:690</time></pt><pt><x>676</x><y>452</y><time>01-06-21 10:22:36:172</time></pt><pt><x>676</x><y>411</y><time>01-06-21 10:22:36:637</time></pt><pt><x>667</x><y>377</y><time>01-06-21 10:22:37:125</time></pt><pt><x>662</x><y>347</y><time>01-06-21 10:22:37:641</time></pt><pt><x>658</x><y>327</y><time>01-06-21 10:22:38:141</time></pt><closed_date>01-06-21 10:22:38:687</closed_date></polygon></object><imagesize><nrows /><ncols /></imagesize></annotation>