<?xml version='1.0' encoding='UTF-8'?>
<annotation><filename>imagem-074.jpg</filename><folder>segmentation_xray</folder><source><sourceImage>The MIT-CSAIL database of objects and scenes</sourceImage><sourceAnnotation>LabelMe Webtool</sourceAnnotation></source><object><name>tooth</name><deleted>0</deleted><verified>0</verified><occluded>no</occluded><attributes>17</attributes><parts><hasparts>3</hasparts><ispartof>6</ispartof></parts><date>19-05-21 08:43:41:116</date><id>0</id><type>bounding_box</type><polygon><username>anonymous</username><pt><x>305</x><y>5</y><time>19-05-21 08:43:30:204</time></pt><pt><x>634</x><y>5</y><time>19-05-21 08:43:33:737</time></pt><pt><x>634</x><y>466</y><time>undefined</time></pt><pt><x>305</x><y>466</y><time>undefined</time></pt><closed_date>19-05-21 08:43:33:738</closed_date></polygon></object><object><name>tooth</name><deleted>0</deleted><verified>0</verified><occluded>no</occluded><attributes>16</attributes><parts><hasparts /><ispartof /></parts><date>19-05-21 08:43:57:774</date><id>1</id><type>bounding_box</type><polygon><username>anonymous</username><pt><x>961</x><y>6</y><time>19-05-21 08:43:49:102</time></pt><pt><x>620</x><y>6</y><time>19-05-21 08:43:51:913</time></pt><pt><x>620</x><y>467</y><time>undefined</time></pt><pt><x>961</x><y>467</y><time>undefined</time></pt><closed_date>19-05-21 08:43:51:914</closed_date></polygon></object><object><name>tooth</name><deleted>0</deleted><verified>0</verified><occluded>no</occluded><attributes>14</attributes><parts><hasparts /><ispartof /></parts><date>19-05-21 08:44:11:810</date><id>2</id><type>bounding_box</type><polygon><username>anonymous</username><pt><x>1112</x><y>37</y><time>19-05-21 08:44:04:257</time></pt><pt><x>1193</x><y>37</y><time>19-05-21 08:44:06:355</time></pt><pt><x>1193</x><y>500</y><time>undefined</time></pt><pt><x>1112</x><y>500</y><time>undefined</time></pt><closed_date>19-05-21 08:44:06:355</closed_date></polygon></object><object><name>restoration</name><deleted>0</deleted><verified>0</verified><occluded>no</occluded><attributes /><parts><hasparts /><ispartof>0</ispartof></parts><date>19-05-21 08:44:32:596</date><id>3</id><polygon><username>anonymous</username><pt><x>336</x><y>291</y><time>19-05-21 08:44:18:367</time></pt><pt><x>386</x><y>282</y><time>19-05-21 08:44:19:171</time></pt><pt><x>420</x><y>287</y><time>19-05-21 08:44:19:919</time></pt><pt><x>439</x><y>311</y><time>19-05-21 08:44:20:674</time></pt><pt><x>447</x><y>347</y><time>19-05-21 08:44:21:349</time></pt><pt><x>447</x><y>372</y><time>19-05-21 08:44:21:967</time></pt><pt><x>455</x><y>403</y><time>19-05-21 08:44:23:028</time></pt><pt><x>450</x><y>408</y><time>19-05-21 08:44:23:681</time></pt><pt><x>430</x><y>400</y><time>19-05-21 08:44:24:389</time></pt><pt><x>419</x><y>402</y><time>19-05-21 08:44:24:933</time></pt><pt><x>392</x><y>410</y><time>19-05-21 08:44:25:695</time></pt><pt><x>368</x><y>410</y><time>19-05-21 08:44:26:388</time></pt><pt><x>333</x><y>383</y><time>19-05-21 08:44:27:085</time></pt><pt><x>310</x><y>355</y><time>19-05-21 08:44:28:005</time></pt><pt><x>311</x><y>327</y><time>19-05-21 08:44:28:532</time></pt><closed_date>19-05-21 08:44:29:306</closed_date></polygon></object><object><name>tooth</name><deleted>0</deleted><verified>0</verified><occluded>no</occluded><attributes>46</attributes><parts><hasparts>5,6</hasparts><ispartof /></parts><date>19-05-21 08:44:53:760</date><id>4</id><type>bounding_box</type><polygon><username>anonymous</username><pt><x>455</x><y>945</y><time>19-05-21 08:44:40:466</time></pt><pt><x>948</x><y>945</y><time>19-05-21 08:44:44:926</time></pt><pt><x>948</x><y>542</y><time>undefined</time></pt><pt><x>455</x><y>542</y><time>undefined</time></pt><closed_date>19-05-21 08:44:44:926</closed_date></polygon></object><object><name>root canal treatment</name><deleted>0</deleted><verified>0</verified><occluded>no</occluded><attributes /><parts><hasparts /><ispartof>4</ispartof></parts><date>19-05-21 08:45:35:679</date><id>5</id><polygon><username>anonymous</username><pt><x>514</x><y>939</y><time>19-05-21 08:45:22:569</time></pt><pt><x>537</x><y>895</y><time>19-05-21 08:45:23:392</time></pt><pt><x>556</x><y>867</y><time>19-05-21 08:45:24:209</time></pt><pt><x>578</x><y>833</y><time>19-05-21 08:45:24:884</time></pt><pt><x>604</x><y>815</y><time>19-05-21 08:45:25:493</time></pt><pt><x>625</x><y>791</y><time>19-05-21 08:45:26:273</time></pt><pt><x>617</x><y>813</y><time>19-05-21 08:45:27:848</time></pt><pt><x>593</x><y>849</y><time>19-05-21 08:45:28:532</time></pt><pt><x>570</x><y>889</y><time>19-05-21 08:45:29:305</time></pt><pt><x>550</x><y>913</y><time>19-05-21 08:45:29:996</time></pt><pt><x>537</x><y>933</y><time>19-05-21 08:45:30:603</time></pt><pt><x>526</x><y>939</y><time>19-05-21 08:45:31:248</time></pt><closed_date>19-05-21 08:45:31:986</closed_date></polygon></object><object><name>root canal treatment</name><deleted>0</deleted><verified>0</verified><occluded>no</occluded><attributes /><parts><hasparts /><ispartof>4</ispartof></parts><date>19-05-21 08:45:47:199</date><id>6</id><polygon><username>anonymous</username><pt><x>768</x><y>863</y><time>19-05-21 08:45:38:514</time></pt><pt><x>758</x><y>902</y><time>19-05-21 08:45:39:390</time></pt><pt><x>754</x><y>933</y><time>19-05-21 08:45:40:154</time></pt><pt><x>752</x><y>947</y><time>19-05-21 08:45:40:869</time></pt><pt><x>771</x><y>945</y><time>19-05-21 08:45:41:527</time></pt><pt><x>771</x><y>927</y><time>19-05-21 08:45:42:063</time></pt><pt><x>772</x><y>895</y><time>19-05-21 08:45:42:657</time></pt><closed_date>19-05-21 08:45:43:256</closed_date></polygon></object><object><name>tooth</name><deleted>0</deleted><verified>0</verified><occluded>no</occluded><attributes>45</attributes><parts><hasparts /><ispartof /></parts><date>19-05-21 08:46:07:241</date><id>7</id><type>bounding_box</type><polygon><username>anonymous</username><pt><x>961</x><y>506</y><time>19-05-21 08:45:54:661</time></pt><pt><x>1190</x><y>506</y><time>19-05-21 08:45:57:367</time></pt><pt><x>1190</x><y>947</y><time>undefined</time></pt><pt><x>961</x><y>947</y><time>undefined</time></pt><closed_date>19-05-21 08:45:57:367</closed_date></polygon></object><imagesize><nrows /><ncols /></imagesize></annotation>