<?xml version="1.0" encoding="UTF-8"?><annotation><filename>imagem-033.jpg</filename><folder>segmentation_xray</folder><source><sourceImage>The MIT-CSAIL database of objects and scenes</sourceImage><sourceAnnotation>LabelMe Webtool</sourceAnnotation></source><object><name>tooth</name><deleted>0</deleted><verified>0</verified><occluded>no</occluded><attributes>23</attributes><parts><hasparts>0,1</hasparts><ispartof>0</ispartof></parts><date>19-05-21 08:30:38:257</date><id>0</id><type>bounding_box</type><polygon><username>anonymous</username><pt><x>170</x><y>1276</y><time>19-05-21 08:30:25:474</time></pt><pt><x>1410</x><y>1276</y><time>19-05-21 08:30:28:130</time></pt><pt><x>1410</x><y>46</y><time>undefined</time></pt><pt><x>170</x><y>46</y><time>undefined</time></pt><closed_date>19-05-21 08:30:28:131</closed_date></polygon></object><object><name>tooth</name><deleted>1</deleted><verified>0</verified><occluded>no</occluded><attributes>23</attributes><parts><hasparts/><ispartof>0</ispartof></parts><date>19-05-21 08:31:36:706</date><id>1</id><type>bounding_box</type><polygon><username>anonymous</username><pt><x>1425</x><y>1250</y><time>19-05-21 08:31:25:119</time></pt><closed_date>19-05-21 08:31:25:124</closed_date></polygon></object><imagesize><nrows></nrows><ncols></ncols></imagesize><object><name>tooth</name><deleted>0</deleted><verified>0</verified><occluded>no</occluded><attributes>24</attributes><parts><hasparts>6</hasparts><ispartof/></parts><date>19-05-21 09:21:37:583</date><id>2</id><type>bounding_box</type><polygon><username>anonymous</username><pt><x>1975</x><y>77</y><time>19-05-21 09:21:26:759</time></pt><pt><x>1121</x><y>77</y><time>19-05-21 09:21:30:692</time></pt><pt><x>1121</x><y>1301</y><time>undefined</time></pt><pt><x>1975</x><y>1301</y><time>undefined</time></pt><closed_date>19-05-21 09:21:30:692</closed_date></polygon></object><object><name>tooth</name><deleted>0</deleted><verified>0</verified><occluded>no</occluded><attributes>25</attributes><parts><hasparts>7</hasparts><ispartof/></parts><date>19-05-21 09:21:46:513</date><id>3</id><type>bounding_box</type><polygon><username>anonymous</username><pt><x>2768</x><y>1260</y><time>19-05-21 09:21:39:483</time></pt><pt><x>1981</x><y>1260</y><time>19-05-21 09:21:41:921</time></pt><pt><x>1981</x><y>36</y><time>undefined</time></pt><pt><x>2768</x><y>36</y><time>undefined</time></pt><closed_date>19-05-21 09:21:41:921</closed_date></polygon></object><object><name>tooth</name><deleted>0</deleted><verified>0</verified><occluded>no</occluded><attributes>26</attributes><parts><hasparts>8,9</hasparts><ispartof/></parts><date>19-05-21 09:22:03:147</date><id>4</id><type>bounding_box</type><polygon><username>anonymous</username><pt><x>3786</x><y>1142</y><time>19-05-21 09:21:53:193</time></pt><pt><x>2660</x><y>1142</y><time>19-05-21 09:21:56:305</time></pt><pt><x>2660</x><y>26</y><time>undefined</time></pt><pt><x>3786</x><y>26</y><time>undefined</time></pt><closed_date>19-05-21 09:21:56:305</closed_date></polygon></object><object><name>tooth</name><deleted>0</deleted><verified>0</verified><occluded>no</occluded><attributes>27</attributes><parts><hasparts/><ispartof/></parts><date>19-05-21 09:22:23:804</date><id>5</id><type>bounding_box</type><polygon><username>anonymous</username><pt><x>4069</x><y>1065</y><time>19-05-21 09:22:10:560</time></pt><pt><x>3704</x><y>1065</y><time>19-05-21 09:22:13:873</time></pt><pt><x>3704</x><y>67</y><time>undefined</time></pt><pt><x>4069</x><y>67</y><time>undefined</time></pt><closed_date>19-05-21 09:22:13:874</closed_date></polygon></object><object><name>restoration</name><deleted>0</deleted><verified>0</verified><occluded>no</occluded><attributes/><parts><hasparts/><ispartof>2</ispartof></parts><date>19-05-21 09:22:46:696</date><id>6</id><polygon><username>anonymous</username><pt><x>1909</x><y>833</y><time>19-05-21 09:22:30:994</time></pt><pt><x>1800</x><y>766</y><time>19-05-21 09:22:31:725</time></pt><pt><x>1713</x><y>684</y><time>19-05-21 09:22:32:326</time></pt><pt><x>1631</x><y>684</y><time>19-05-21 09:22:32:830</time></pt><pt><x>1548</x><y>730</y><time>19-05-21 09:22:33:423</time></pt><pt><x>1518</x><y>808</y><time>19-05-21 09:22:33:886</time></pt><pt><x>1461</x><y>833</y><time>19-05-21 09:22:34:390</time></pt><pt><x>1374</x><y>833</y><time>19-05-21 09:22:34:845</time></pt><pt><x>1322</x><y>839</y><time>19-05-21 09:22:35:398</time></pt><pt><x>1281</x><y>900</y><time>19-05-21 09:22:35:900</time></pt><pt><x>1260</x><y>957</y><time>19-05-21 09:22:36:382</time></pt><pt><x>1301</x><y>998</y><time>19-05-21 09:22:36:909</time></pt><pt><x>1317</x><y>1044</y><time>19-05-21 09:22:37:429</time></pt><pt><x>1384</x><y>1080</y><time>19-05-21 09:22:37:876</time></pt><pt><x>1476</x><y>1157</y><time>19-05-21 09:22:38:461</time></pt><pt><x>1605</x><y>1193</y><time>19-05-21 09:22:38:990</time></pt><pt><x>1728</x><y>1127</y><time>19-05-21 09:22:39:534</time></pt><pt><x>1754</x><y>1106</y><time>19-05-21 09:22:40:044</time></pt><pt><x>1790</x><y>1075</y><time>19-05-21 09:22:40:534</time></pt><pt><x>1888</x><y>1008</y><time>19-05-21 09:22:41:127</time></pt><pt><x>1934</x><y>1013</y><time>19-05-21 09:22:41:728</time></pt><pt><x>1934</x><y>941</y><time>19-05-21 09:22:42:167</time></pt><closed_date>19-05-21 09:22:42:760</closed_date></polygon></object><object><name>restoration</name><deleted>0</deleted><verified>0</verified><occluded>no</occluded><attributes/><parts><hasparts/><ispartof>3</ispartof></parts><date>19-05-21 09:23:03:193</date><id>7</id><polygon><username>anonymous</username><pt><x>2119</x><y>885</y><time>19-05-21 09:22:50:522</time></pt><pt><x>2279</x><y>875</y><time>19-05-21 09:22:51:130</time></pt><pt><x>2449</x><y>844</y><time>19-05-21 09:22:51:812</time></pt><pt><x>2510</x><y>885</y><time>19-05-21 09:22:52:422</time></pt><pt><x>2510</x><y>952</y><time>19-05-21 09:22:52:987</time></pt><pt><x>2510</x><y>998</y><time>19-05-21 09:22:53:712</time></pt><pt><x>2505</x><y>1080</y><time>19-05-21 09:22:54:468</time></pt><pt><x>2428</x><y>1132</y><time>19-05-21 09:22:55:091</time></pt><pt><x>2258</x><y>1168</y><time>19-05-21 09:22:55:611</time></pt><pt><x>2155</x><y>1163</y><time>19-05-21 09:22:56:117</time></pt><pt><x>2073</x><y>1075</y><time>19-05-21 09:22:56:607</time></pt><pt><x>2037</x><y>1024</y><time>19-05-21 09:22:57:030</time></pt><pt><x>2022</x><y>947</y><time>19-05-21 09:22:57:688</time></pt><pt><x>2058</x><y>931</y><time>19-05-21 09:22:58:131</time></pt><pt><x>2068</x><y>921</y><time>19-05-21 09:22:58:590</time></pt><closed_date>19-05-21 09:22:59:191</closed_date></polygon></object><object><name>restoration</name><deleted>0</deleted><verified>0</verified><occluded>no</occluded><attributes/><parts><hasparts/><ispartof>4</ispartof></parts><date>19-05-21 09:23:31:704</date><id>8</id><polygon><username>anonymous</username><pt><x>2845</x><y>864</y><time>19-05-21 09:23:08:967</time></pt><pt><x>2912</x><y>772</y><time>19-05-21 09:23:09:639</time></pt><pt><x>3025</x><y>777</y><time>19-05-21 09:23:10:140</time></pt><pt><x>3117</x><y>777</y><time>19-05-21 09:23:10:640</time></pt><pt><x>3184</x><y>766</y><time>19-05-21 09:23:11:233</time></pt><pt><x>3297</x><y>736</y><time>19-05-21 09:23:11:794</time></pt><pt><x>3375</x><y>736</y><time>19-05-21 09:23:12:280</time></pt><pt><x>3452</x><y>694</y><time>19-05-21 09:23:15:751</time></pt><pt><x>3627</x><y>669</y><time>19-05-21 09:23:16:393</time></pt><pt><x>3663</x><y>566</y><time>19-05-21 09:23:16:929</time></pt><pt><x>3730</x><y>550</y><time>19-05-21 09:23:17:660</time></pt><pt><x>3796</x><y>550</y><time>19-05-21 09:23:18:359</time></pt><pt><x>3796</x><y>700</y><time>19-05-21 09:23:18:888</time></pt><pt><x>3791</x><y>828</y><time>19-05-21 09:23:19:441</time></pt><pt><x>3745</x><y>921</y><time>19-05-21 09:23:19:918</time></pt><pt><x>3673</x><y>977</y><time>19-05-21 09:23:20:440</time></pt><pt><x>3575</x><y>1008</y><time>19-05-21 09:23:21:033</time></pt><pt><x>3421</x><y>1008</y><time>19-05-21 09:23:21:626</time></pt><pt><x>3344</x><y>1008</y><time>19-05-21 09:23:22:153</time></pt><pt><x>3220</x><y>1024</y><time>19-05-21 09:23:22:723</time></pt><pt><x>3143</x><y>998</y><time>19-05-21 09:23:23:195</time></pt><pt><x>3081</x><y>931</y><time>19-05-21 09:23:23:657</time></pt><pt><x>2973</x><y>962</y><time>19-05-21 09:23:24:141</time></pt><pt><x>2824</x><y>931</y><time>19-05-21 09:23:24:588</time></pt><closed_date>19-05-21 09:23:25:047</closed_date></polygon></object><object><name>tooth</name><deleted>0</deleted><verified>0</verified><occluded>no</occluded><attributes>33</attributes><parts><hasparts/><ispartof>4</ispartof></parts><date>19-05-21 09:23:47:966</date><id>9</id><type>bounding_box</type><polygon><username>anonymous</username><pt><x>401</x><y>3107</y><time>19-05-21 09:23:39:584</time></pt><pt><x>1183</x><y>3107</y><time>19-05-21 09:23:42:444</time></pt><pt><x>1183</x><y>1492</y><time>undefined</time></pt><pt><x>401</x><y>1492</y><time>undefined</time></pt><closed_date>19-05-21 09:23:42:444</closed_date></polygon></object><object><name>tooth</name><deleted>0</deleted><verified>0</verified><occluded>no</occluded><attributes>34</attributes><parts><hasparts>14</hasparts><ispartof/></parts><date>19-05-21 09:24:07:845</date><id>10</id><type>bounding_box</type><polygon><username>anonymous</username><pt><x>1960</x><y>3123</y><time>19-05-21 09:23:57:342</time></pt><pt><x>1178</x><y>3123</y><time>19-05-21 09:24:03:420</time></pt><pt><x>1178</x><y>1698</y><time>undefined</time></pt><pt><x>1960</x><y>1698</y><time>undefined</time></pt><closed_date>19-05-21 09:24:03:420</closed_date></polygon></object><object><name>tooth</name><deleted>0</deleted><verified>0</verified><occluded>no</occluded><attributes>35</attributes><parts><hasparts>15</hasparts><ispartof/></parts><date>19-05-21 09:24:17:865</date><id>11</id><type>bounding_box</type><polygon><username>anonymous</username><pt><x>2721</x><y>3107</y><time>19-05-21 09:24:10:362</time></pt><pt><x>1893</x><y>3107</y><time>19-05-21 09:24:12:611</time></pt><pt><x>1893</x><y>1641</y><time>undefined</time></pt><pt><x>2721</x><y>1641</y><time>undefined</time></pt><closed_date>19-05-21 09:24:12:611</closed_date></polygon></object><object><name>tooth</name><deleted>0</deleted><verified>0</verified><occluded>no</occluded><attributes>36</attributes><parts><hasparts>16</hasparts><ispartof/></parts><date>19-05-21 09:24:39:532</date><id>12</id><type>bounding_box</type><polygon><username>anonymous</username><pt><x>3817</x><y>1476</y><time>19-05-21 09:24:29:239</time></pt><pt><x>2654</x><y>1476</y><time>19-05-21 09:24:33:009</time></pt><pt><x>2654</x><y>3076</y><time>undefined</time></pt><pt><x>3817</x><y>3076</y><time>undefined</time></pt><closed_date>19-05-21 09:24:33:009</closed_date></polygon></object><object><name>tooth</name><deleted>0</deleted><verified>0</verified><occluded>no</occluded><attributes>37</attributes><parts><hasparts/><ispartof/></parts><date>19-05-21 09:24:52:729</date><id>13</id><type>bounding_box</type><polygon><username>anonymous</username><pt><x>4064</x><y>1338</y><time>19-05-21 09:24:44:473</time></pt><pt><x>3704</x><y>1338</y><time>19-05-21 09:24:47:531</time></pt><pt><x>3704</x><y>2480</y><time>undefined</time></pt><pt><x>4064</x><y>2480</y><time>undefined</time></pt><closed_date>19-05-21 09:24:47:531</closed_date></polygon></object><object><name>restoration</name><deleted>0</deleted><verified>0</verified><occluded>no</occluded><attributes/><parts><hasparts/><ispartof>10</ispartof></parts><date>19-05-21 09:25:19:109</date><id>14</id><polygon><username>anonymous</username><pt><x>1296</x><y>1903</y><time>19-05-21 09:25:03:130</time></pt><pt><x>1410</x><y>1955</y><time>19-05-21 09:25:03:134</time></pt><pt><x>1471</x><y>2011</y><time>19-05-21 09:25:04:451</time></pt><pt><x>1574</x><y>1970</y><time>19-05-21 09:25:05:074</time></pt><pt><x>1605</x><y>1960</y><time>19-05-21 09:25:05:580</time></pt><pt><x>1682</x><y>1970</y><time>19-05-21 09:25:06:034</time></pt><pt><x>1764</x><y>1991</y><time>19-05-21 09:25:06:581</time></pt><pt><x>1795</x><y>1991</y><time>19-05-21 09:25:07:068</time></pt><pt><x>1873</x><y>1965</y><time>19-05-21 09:25:07:686</time></pt><pt><x>1878</x><y>1924</y><time>19-05-21 09:25:08:287</time></pt><pt><x>1857</x><y>1893</y><time>19-05-21 09:25:08:799</time></pt><pt><x>1811</x><y>1806</y><time>19-05-21 09:25:09:367</time></pt><pt><x>1739</x><y>1795</y><time>19-05-21 09:25:09:986</time></pt><pt><x>1667</x><y>1770</y><time>19-05-21 09:25:10:702</time></pt><pt><x>1610</x><y>1806</y><time>19-05-21 09:25:11:228</time></pt><pt><x>1569</x><y>1826</y><time>19-05-21 09:25:11:782</time></pt><pt><x>1564</x><y>1826</y><time>19-05-21 09:25:12:091</time></pt><pt><x>1482</x><y>1852</y><time>19-05-21 09:25:12:871</time></pt><pt><x>1415</x><y>1888</y><time>19-05-21 09:25:13:398</time></pt><pt><x>1338</x><y>1888</y><time>19-05-21 09:25:13:853</time></pt><closed_date>19-05-21 09:25:14:594</closed_date></polygon></object><object><name>restoration</name><deleted>0</deleted><verified>0</verified><occluded>no</occluded><attributes/><parts><hasparts/><ispartof>11</ispartof></parts><date>19-05-21 09:26:04:875</date><id>15</id><polygon><username>anonymous</username><pt><x>2155</x><y>1945</y><time>19-05-21 09:25:51:832</time></pt><pt><x>2222</x><y>2047</y><time>19-05-21 09:25:52:488</time></pt><pt><x>2310</x><y>2063</y><time>19-05-21 09:25:53:105</time></pt><pt><x>2423</x><y>2063</y><time>19-05-21 09:25:53:617</time></pt><pt><x>2505</x><y>2053</y><time>19-05-21 09:25:54:227</time></pt><pt><x>2541</x><y>2006</y><time>19-05-21 09:25:54:722</time></pt><pt><x>2603</x><y>1945</y><time>19-05-21 09:25:55:283</time></pt><pt><x>2644</x><y>1893</y><time>19-05-21 09:25:55:957</time></pt><pt><x>2644</x><y>1785</y><time>19-05-21 09:25:56:469</time></pt><pt><x>2629</x><y>1713</y><time>19-05-21 09:25:56:982</time></pt><pt><x>2490</x><y>1749</y><time>19-05-21 09:25:57:607</time></pt><pt><x>2351</x><y>1749</y><time>19-05-21 09:25:58:111</time></pt><pt><x>2217</x><y>1770</y><time>19-05-21 09:25:58:574</time></pt><pt><x>2047</x><y>1816</y><time>19-05-21 09:25:59:054</time></pt><pt><x>2001</x><y>1852</y><time>19-05-21 09:25:59:688</time></pt><pt><x>2099</x><y>1873</y><time>19-05-21 09:26:00:159</time></pt><closed_date>19-05-21 09:26:00:668</closed_date></polygon></object><object><name>restoration</name><deleted>0</deleted><verified>0</verified><occluded>no</occluded><attributes/><parts><hasparts/><ispartof>12</ispartof></parts><date>19-05-21 09:27:48:236</date><id>16</id><polygon><username>anonymous</username><pt><x>2917</x><y>1749</y><time>19-05-21 09:27:29:346</time></pt><pt><x>3004</x><y>1759</y><time>19-05-21 09:27:32:771</time></pt><pt><x>3061</x><y>1759</y><time>19-05-21 09:27:33:292</time></pt><pt><x>3112</x><y>1873</y><time>19-05-21 09:27:34:064</time></pt><pt><x>3179</x><y>1929</y><time>19-05-21 09:27:34:623</time></pt><pt><x>3267</x><y>1919</y><time>19-05-21 09:27:35:242</time></pt><pt><x>3272</x><y>1857</y><time>19-05-21 09:27:35:754</time></pt><pt><x>3344</x><y>1811</y><time>19-05-21 09:27:36:299</time></pt><pt><x>3411</x><y>1811</y><time>19-05-21 09:27:36:835</time></pt><pt><x>3514</x><y>1811</y><time>19-05-21 09:27:37:290</time></pt><pt><x>3606</x><y>1811</y><time>19-05-21 09:27:37:834</time></pt><pt><x>3637</x><y>1723</y><time>19-05-21 09:27:38:412</time></pt><pt><x>3637</x><y>1656</y><time>19-05-21 09:27:38:948</time></pt><pt><x>3601</x><y>1595</y><time>19-05-21 09:27:39:461</time></pt><pt><x>3508</x><y>1569</y><time>19-05-21 09:27:39:947</time></pt><pt><x>3400</x><y>1518</y><time>19-05-21 09:27:40:427</time></pt><pt><x>3323</x><y>1512</y><time>19-05-21 09:27:41:013</time></pt><pt><x>3246</x><y>1579</y><time>19-05-21 09:27:41:464</time></pt><pt><x>3159</x><y>1656</y><time>19-05-21 09:27:41:944</time></pt><pt><x>3102</x><y>1677</y><time>19-05-21 09:27:42:424</time></pt><pt><x>3035</x><y>1698</y><time>19-05-21 09:27:42:916</time></pt><pt><x>2968</x><y>1718</y><time>19-05-21 09:27:43:480</time></pt><closed_date>19-05-21 09:27:44:000</closed_date></polygon></object></annotation>