<?xml version='1.0' encoding='UTF-8'?>
<annotation><filename>imagem-013.jpg</filename><folder>segmentation_xray</folder><source><sourceImage>The MIT-CSAIL database of objects and scenes</sourceImage><sourceAnnotation>LabelMe Webtool</sourceAnnotation></source><object><name>tooth</name><deleted>0</deleted><verified>0</verified><occluded>no</occluded><attributes>18</attributes><parts><hasparts>1</hasparts><ispartof /></parts><date>18-05-21 22:05:56:511</date><id>0</id><type>bounding_box</type><polygon><username>anonymous</username><pt><x>772</x><y>1227</y><time>18-05-21 22:05:35:606</time></pt><pt><x>52</x><y>1227</y><time>18-05-21 22:05:39:759</time></pt><pt><x>52</x><y>35</y><time>undefined</time></pt><pt><x>772</x><y>35</y><time>undefined</time></pt><closed_date>18-05-21 22:05:39:760</closed_date></polygon></object><object><name>restoration</name><deleted>0</deleted><verified>0</verified><occluded>no</occluded><attributes /><parts><hasparts /><ispartof>0</ispartof></parts><date>18-05-21 22:06:32:334</date><id>1</id><polygon><username>anonymous</username><pt><x>254</x><y>807</y><time>18-05-21 22:06:08:872</time></pt><pt><x>346</x><y>807</y><time>18-05-21 22:06:09:914</time></pt><pt><x>386</x><y>841</y><time>18-05-21 22:06:10:870</time></pt><pt><x>449</x><y>864</y><time>18-05-21 22:06:11:633</time></pt><pt><x>542</x><y>864</y><time>18-05-21 22:06:12:401</time></pt><pt><x>582</x><y>916</y><time>18-05-21 22:06:13:261</time></pt><pt><x>559</x><y>968</y><time>18-05-21 22:06:14:245</time></pt><pt><x>547</x><y>1049</y><time>18-05-21 22:06:15:091</time></pt><pt><x>513</x><y>1072</y><time>18-05-21 22:06:15:951</time></pt><pt><x>472</x><y>1060</y><time>18-05-21 22:06:16:888</time></pt><pt><x>432</x><y>1037</y><time>18-05-21 22:06:17:654</time></pt><pt><x>369</x><y>1026</y><time>18-05-21 22:06:18:408</time></pt><pt><x>294</x><y>1026</y><time>18-05-21 22:06:19:170</time></pt><pt><x>242</x><y>1026</y><time>18-05-21 22:06:19:917</time></pt><pt><x>202</x><y>997</y><time>18-05-21 22:06:21:203</time></pt><pt><x>133</x><y>1002</y><time>18-05-21 22:06:22:702</time></pt><pt><x>86</x><y>974</y><time>18-05-21 22:06:23:576</time></pt><pt><x>75</x><y>928</y><time>18-05-21 22:06:24:601</time></pt><pt><x>69</x><y>830</y><time>18-05-21 22:06:25:342</time></pt><pt><x>86</x><y>818</y><time>18-05-21 22:06:26:551</time></pt><pt><x>133</x><y>818</y><time>18-05-21 22:06:27:317</time></pt><pt><x>184</x><y>830</y><time>18-05-21 22:06:28:094</time></pt><closed_date>18-05-21 22:06:28:804</closed_date></polygon></object><object><name>tooth</name><deleted>0</deleted><verified>0</verified><occluded>no</occluded><attributes>17</attributes><parts><hasparts>3</hasparts><ispartof /></parts><date>18-05-21 22:06:56:818</date><id>2</id><type>bounding_box</type><polygon><username>anonymous</username><pt><x>1734</x><y>1348</y><time>18-05-21 22:06:39:688</time></pt><pt><x>749</x><y>1348</y><time>18-05-21 22:06:43:355</time></pt><pt><x>749</x><y>17</y><time>undefined</time></pt><pt><x>1734</x><y>17</y><time>undefined</time></pt><closed_date>18-05-21 22:06:43:355</closed_date></polygon></object><object><name>restoration</name><deleted>0</deleted><verified>0</verified><occluded>no</occluded><attributes /><parts><hasparts /><ispartof>2</ispartof></parts><date>18-05-21 22:07:27:403</date><id>3</id><polygon><username>anonymous</username><pt><x>858</x><y>1083</y><time>18-05-21 22:06:59:878</time></pt><pt><x>905</x><y>1002</y><time>18-05-21 22:07:00:858</time></pt><pt><x>956</x><y>991</y><time>18-05-21 22:07:01:651</time></pt><pt><x>1008</x><y>1031</y><time>18-05-21 22:07:02:369</time></pt><pt><x>1014</x><y>1089</y><time>18-05-21 22:07:03:088</time></pt><pt><x>1037</x><y>1123</y><time>18-05-21 22:07:03:841</time></pt><pt><x>1112</x><y>1100</y><time>18-05-21 22:07:04:557</time></pt><pt><x>1187</x><y>1089</y><time>18-05-21 22:07:05:215</time></pt><pt><x>1250</x><y>1089</y><time>18-05-21 22:07:05:820</time></pt><pt><x>1319</x><y>1095</y><time>18-05-21 22:07:06:464</time></pt><pt><x>1365</x><y>1095</y><time>18-05-21 22:07:07:059</time></pt><pt><x>1429</x><y>1089</y><time>18-05-21 22:07:07:662</time></pt><pt><x>1452</x><y>979</y><time>18-05-21 22:07:08:380</time></pt><pt><x>1486</x><y>905</y><time>18-05-21 22:07:09:071</time></pt><pt><x>1579</x><y>876</y><time>18-05-21 22:07:09:813</time></pt><pt><x>1619</x><y>835</y><time>18-05-21 22:07:10:638</time></pt><pt><x>1671</x><y>830</y><time>18-05-21 22:07:12:016</time></pt><pt><x>1688</x><y>922</y><time>18-05-21 22:07:12:880</time></pt><pt><x>1705</x><y>997</y><time>18-05-21 22:07:13:610</time></pt><pt><x>1711</x><y>1106</y><time>18-05-21 22:07:14:362</time></pt><pt><x>1659</x><y>1198</y><time>18-05-21 22:07:15:155</time></pt><pt><x>1573</x><y>1244</y><time>18-05-21 22:07:15:842</time></pt><pt><x>1492</x><y>1262</y><time>18-05-21 22:07:16:564</time></pt><pt><x>1412</x><y>1268</y><time>18-05-21 22:07:17:303</time></pt><pt><x>1354</x><y>1268</y><time>18-05-21 22:07:17:905</time></pt><pt><x>1308</x><y>1239</y><time>18-05-21 22:07:18:501</time></pt><pt><x>1221</x><y>1198</y><time>18-05-21 22:07:19:077</time></pt><pt><x>1112</x><y>1233</y><time>18-05-21 22:07:19:725</time></pt><pt><x>1049</x><y>1244</y><time>18-05-21 22:07:20:300</time></pt><pt><x>991</x><y>1204</y><time>18-05-21 22:07:20:975</time></pt><pt><x>905</x><y>1170</y><time>18-05-21 22:07:21:575</time></pt><pt><x>882</x><y>1123</y><time>18-05-21 22:07:22:235</time></pt><closed_date>18-05-21 22:07:23:003</closed_date></polygon></object><object><name>tooth</name><deleted>0</deleted><verified>0</verified><occluded>no</occluded><attributes>16</attributes><parts><hasparts>5</hasparts><ispartof /></parts><date>18-05-21 22:07:45:404</date><id>4</id><type>bounding_box</type><polygon><username>anonymous</username><pt><x>2800</x><y>1389</y><time>18-05-21 22:07:33:686</time></pt><pt><x>1521</x><y>1389</y><time>18-05-21 22:07:37:812</time></pt><pt><x>1521</x><y>17</y><time>undefined</time></pt><pt><x>2800</x><y>17</y><time>undefined</time></pt><closed_date>18-05-21 22:07:37:812</closed_date></polygon></object><object><name>restoration</name><deleted>0</deleted><verified>0</verified><occluded>no</occluded><attributes /><parts><hasparts /><ispartof>4</ispartof></parts><date>18-05-21 22:10:35:348</date><id>5</id><polygon><username>anonymous</username><pt><x>1890</x><y>1095</y><time>18-05-21 22:10:18:303</time></pt><pt><x>1959</x><y>1054</y><time>18-05-21 22:10:18:934</time></pt><pt><x>1993</x><y>1020</y><time>18-05-21 22:10:19:469</time></pt><pt><x>2074</x><y>1002</y><time>18-05-21 22:10:19:970</time></pt><pt><x>2143</x><y>1020</y><time>18-05-21 22:10:20:453</time></pt><pt><x>2161</x><y>1077</y><time>18-05-21 22:10:20:938</time></pt><pt><x>2195</x><y>1037</y><time>18-05-21 22:10:21:647</time></pt><pt><x>2247</x><y>985</y><time>18-05-21 22:10:22:155</time></pt><pt><x>2305</x><y>985</y><time>18-05-21 22:10:22:574</time></pt><pt><x>2362</x><y>1054</y><time>18-05-21 22:10:23:061</time></pt><pt><x>2431</x><y>1060</y><time>18-05-21 22:10:23:500</time></pt><pt><x>2535</x><y>1083</y><time>18-05-21 22:10:23:936</time></pt><pt><x>2587</x><y>1152</y><time>18-05-21 22:10:24:420</time></pt><pt><x>2593</x><y>1187</y><time>18-05-21 22:10:24:859</time></pt><pt><x>2524</x><y>1221</y><time>18-05-21 22:10:25:385</time></pt><pt><x>2403</x><y>1273</y><time>18-05-21 22:10:25:842</time></pt><pt><x>2322</x><y>1296</y><time>18-05-21 22:10:26:280</time></pt><pt><x>2264</x><y>1308</y><time>18-05-21 22:10:26:749</time></pt><pt><x>2189</x><y>1314</y><time>18-05-21 22:10:27:235</time></pt><pt><x>2120</x><y>1314</y><time>18-05-21 22:10:27:695</time></pt><pt><x>1982</x><y>1308</y><time>18-05-21 22:10:28:171</time></pt><pt><x>1878</x><y>1308</y><time>18-05-21 22:10:28:642</time></pt><pt><x>1821</x><y>1302</y><time>18-05-21 22:10:29:102</time></pt><pt><x>1849</x><y>1193</y><time>18-05-21 22:10:31:628</time></pt><closed_date>18-05-21 22:10:32:166</closed_date></polygon></object><object><name>tooth</name><deleted>0</deleted><verified>0</verified><occluded>no</occluded><attributes>15</attributes><parts><hasparts>7</hasparts><ispartof /></parts><date>18-05-21 22:12:46:429</date><id>6</id><type>bounding_box</type><polygon><username>anonymous</username><pt><x>3480</x><y>1337</y><time>18-05-21 22:12:35:193</time></pt><pt><x>2662</x><y>1337</y><time>18-05-21 22:12:38:712</time></pt><pt><x>2662</x><y>23</y><time>undefined</time></pt><pt><x>3480</x><y>23</y><time>undefined</time></pt><closed_date>18-05-21 22:12:38:712</closed_date></polygon></object><object><name>restoration</name><deleted>0</deleted><verified>0</verified><occluded>no</occluded><attributes /><parts><hasparts /><ispartof>6</ispartof></parts><date>18-05-21 22:12:58:385</date><id>7</id><polygon><username>anonymous</username><pt><x>2881</x><y>1095</y><time>18-05-21 22:12:48:844</time></pt><pt><x>2990</x><y>1060</y><time>18-05-21 22:12:49:500</time></pt><pt><x>3105</x><y>1054</y><time>18-05-21 22:12:49:938</time></pt><pt><x>3203</x><y>1049</y><time>18-05-21 22:12:50:402</time></pt><pt><x>3249</x><y>1066</y><time>18-05-21 22:12:50:822</time></pt><pt><x>3261</x><y>1123</y><time>18-05-21 22:12:51:333</time></pt><pt><x>3226</x><y>1175</y><time>18-05-21 22:12:51:761</time></pt><pt><x>3180</x><y>1210</y><time>18-05-21 22:12:52:205</time></pt><pt><x>3077</x><y>1227</y><time>18-05-21 22:12:52:816</time></pt><pt><x>3036</x><y>1216</y><time>18-05-21 22:12:53:282</time></pt><pt><x>2944</x><y>1193</y><time>18-05-21 22:12:53:760</time></pt><pt><x>2910</x><y>1152</y><time>18-05-21 22:12:54:244</time></pt><closed_date>18-05-21 22:12:54:620</closed_date></polygon></object><object><name>tooth</name><deleted>0</deleted><verified>0</verified><occluded>no</occluded><attributes>14</attributes><parts><hasparts /><ispartof /></parts><date>18-05-21 22:13:12:329</date><id>8</id><type>bounding_box</type><polygon><username>anonymous</username><pt><x>4073</x><y>1302</y><time>18-05-21 22:13:04:258</time></pt><pt><x>3255</x><y>1302</y><time>18-05-21 22:13:06:042</time></pt><pt><x>3255</x><y>0</y><time>undefined</time></pt><pt><x>4073</x><y>0</y><time>undefined</time></pt><closed_date>18-05-21 22:13:06:042</closed_date></polygon></object><object><name>tooth</name><deleted>0</deleted><verified>0</verified><occluded>no</occluded><attributes>47</attributes><parts><hasparts>10</hasparts><ispartof /></parts><date>18-05-21 22:13:32:216</date><id>9</id><type>bounding_box</type><polygon><username>anonymous</username><pt><x>81</x><y>1250</y><time>18-05-21 22:13:14:768</time></pt><pt><x>968</x><y>1250</y><time>18-05-21 22:13:20:988</time></pt><pt><x>968</x><y>2979</y><time>undefined</time></pt><pt><x>81</x><y>2979</y><time>undefined</time></pt><closed_date>18-05-21 22:13:20:989</closed_date></polygon></object><object><name>restoration</name><deleted>0</deleted><verified>0</verified><occluded>no</occluded><attributes /><parts><hasparts /><ispartof>9</ispartof></parts><date>18-05-21 22:13:56:818</date><id>10</id><polygon><username>anonymous</username><pt><x>588</x><y>1642</y><time>18-05-21 22:13:35:853</time></pt><pt><x>565</x><y>1763</y><time>18-05-21 22:13:36:589</time></pt><pt><x>478</x><y>1821</y><time>18-05-21 22:13:37:222</time></pt><pt><x>340</x><y>1844</y><time>18-05-21 22:13:37:811</time></pt><pt><x>225</x><y>1838</y><time>18-05-21 22:13:38:349</time></pt><pt><x>156</x><y>1728</y><time>18-05-21 22:13:38:896</time></pt><pt><x>127</x><y>1682</y><time>18-05-21 22:13:39:382</time></pt><pt><x>92</x><y>1636</y><time>18-05-21 22:13:39:896</time></pt><pt><x>58</x><y>1544</y><time>18-05-21 22:13:40:624</time></pt><pt><x>58</x><y>1394</y><time>18-05-21 22:13:41:151</time></pt><pt><x>98</x><y>1319</y><time>18-05-21 22:13:41:743</time></pt><pt><x>161</x><y>1296</y><time>18-05-21 22:13:42:309</time></pt><pt><x>305</x><y>1360</y><time>18-05-21 22:13:42:806</time></pt><pt><x>438</x><y>1435</y><time>18-05-21 22:13:43:242</time></pt><pt><x>593</x><y>1440</y><time>18-05-21 22:13:43:706</time></pt><pt><x>732</x><y>1440</y><time>18-05-21 22:13:44:194</time></pt><pt><x>893</x><y>1475</y><time>18-05-21 22:13:44:672</time></pt><pt><x>945</x><y>1533</y><time>18-05-21 22:13:45:123</time></pt><pt><x>928</x><y>1659</y><time>18-05-21 22:13:45:636</time></pt><pt><x>916</x><y>1780</y><time>18-05-21 22:13:46:115</time></pt><pt><x>864</x><y>1821</y><time>18-05-21 22:13:46:607</time></pt><pt><x>795</x><y>1809</y><time>18-05-21 22:13:47:124</time></pt><pt><x>755</x><y>1723</y><time>18-05-21 22:13:47:647</time></pt><pt><x>755</x><y>1625</y><time>18-05-21 22:13:48:080</time></pt><pt><x>697</x><y>1579</y><time>18-05-21 22:13:48:529</time></pt><pt><x>657</x><y>1584</y><time>18-05-21 22:13:48:890</time></pt><pt><x>628</x><y>1607</y><time>18-05-21 22:13:49:348</time></pt><closed_date>18-05-21 22:13:49:838</closed_date></polygon></object><object><name>tooth</name><deleted>0</deleted><verified>0</verified><occluded>no</occluded><attributes>46</attributes><parts><hasparts>13,14,15</hasparts><ispartof /></parts><date>18-05-21 22:14:11:944</date><id>11</id><type>bounding_box</type><polygon><username>anonymous</username><pt><x>484</x><y>3036</y><time>18-05-21 22:14:03:190</time></pt><pt><x>2057</x><y>3036</y><time>18-05-21 22:14:06:744</time></pt><pt><x>2057</x><y>1521</y><time>undefined</time></pt><pt><x>484</x><y>1521</y><time>undefined</time></pt><closed_date>18-05-21 22:14:06:745</closed_date></polygon></object><object><name>tooth</name><deleted>0</deleted><verified>0</verified><occluded>no</occluded><attributes>45</attributes><parts><hasparts>16,17</hasparts><ispartof /></parts><date>18-05-21 22:14:22:451</date><id>12</id><type>bounding_box</type><polygon><username>anonymous</username><pt><x>2719</x><y>1636</y><time>18-05-21 22:14:14:223</time></pt><pt><x>1890</x><y>1636</y><time>18-05-21 22:14:16:869</time></pt><pt><x>1890</x><y>3088</y><time>undefined</time></pt><pt><x>2719</x><y>3088</y><time>undefined</time></pt><closed_date>18-05-21 22:14:16:869</closed_date></polygon></object><object><name>root canal treatment</name><deleted>0</deleted><verified>0</verified><occluded>no</occluded><attributes /><parts><hasparts /><ispartof>11</ispartof></parts><date>18-05-21 22:15:34:258</date><id>13</id><polygon><username>anonymous</username><pt><x>1106</x><y>2241</y><time>18-05-21 22:15:13:981</time></pt><pt><x>1129</x><y>2310</y><time>18-05-21 22:15:14:995</time></pt><pt><x>1100</x><y>2362</y><time>18-05-21 22:15:15:864</time></pt><pt><x>1043</x><y>2437</y><time>18-05-21 22:15:16:573</time></pt><pt><x>991</x><y>2564</y><time>18-05-21 22:15:17:624</time></pt><pt><x>933</x><y>2673</y><time>18-05-21 22:15:18:386</time></pt><pt><x>853</x><y>2742</y><time>18-05-21 22:15:19:135</time></pt><pt><x>824</x><y>2852</y><time>18-05-21 22:15:20:856</time></pt><pt><x>766</x><y>2921</y><time>18-05-21 22:15:21:691</time></pt><pt><x>726</x><y>2996</y><time>18-05-21 22:15:22:274</time></pt><pt><x>703</x><y>3071</y><time>18-05-21 22:15:22:836</time></pt><pt><x>663</x><y>3059</y><time>18-05-21 22:15:23:427</time></pt><pt><x>697</x><y>2956</y><time>18-05-21 22:15:24:057</time></pt><pt><x>720</x><y>2881</y><time>18-05-21 22:15:24:608</time></pt><pt><x>789</x><y>2754</y><time>18-05-21 22:15:25:360</time></pt><pt><x>870</x><y>2610</y><time>18-05-21 22:15:26:367</time></pt><pt><x>945</x><y>2500</y><time>18-05-21 22:15:26:915</time></pt><pt><x>985</x><y>2408</y><time>18-05-21 22:15:27:493</time></pt><pt><x>1026</x><y>2333</y><time>18-05-21 22:15:28:051</time></pt><closed_date>18-05-21 22:15:28:833</closed_date></polygon></object><object><name>root canal treatment</name><deleted>0</deleted><verified>0</verified><occluded>no</occluded><attributes /><parts><hasparts /><ispartof>11</ispartof></parts><date>18-05-21 22:15:50:471</date><id>14</id><polygon><username>anonymous</username><pt><x>1481</x><y>2258</y><time>18-05-21 22:15:35:660</time></pt><pt><x>1538</x><y>2282</y><time>18-05-21 22:15:36:413</time></pt><pt><x>1567</x><y>2224</y><time>18-05-21 22:15:37:081</time></pt><pt><x>1602</x><y>2230</y><time>18-05-21 22:15:37:624</time></pt><pt><x>1602</x><y>2391</y><time>18-05-21 22:15:38:255</time></pt><pt><x>1602</x><y>2547</y><time>18-05-21 22:15:38:820</time></pt><pt><x>1579</x><y>2685</y><time>18-05-21 22:15:39:861</time></pt><pt><x>1538</x><y>2869</y><time>18-05-21 22:15:40:620</time></pt><pt><x>1504</x><y>3019</y><time>18-05-21 22:15:41:210</time></pt><pt><x>1481</x><y>3134</y><time>18-05-21 22:15:41:791</time></pt><pt><x>1452</x><y>3042</y><time>18-05-21 22:15:42:460</time></pt><pt><x>1458</x><y>2915</y><time>18-05-21 22:15:43:130</time></pt><pt><x>1469</x><y>2748</y><time>18-05-21 22:15:43:797</time></pt><pt><x>1469</x><y>2581</y><time>18-05-21 22:15:44:422</time></pt><pt><x>1469</x><y>2512</y><time>18-05-21 22:15:45:059</time></pt><pt><x>1463</x><y>2403</y><time>18-05-21 22:15:45:572</time></pt><pt><x>1463</x><y>2310</y><time>18-05-21 22:15:46:077</time></pt><closed_date>18-05-21 22:15:46:653</closed_date></polygon></object><object><name>restoration</name><deleted>0</deleted><verified>0</verified><occluded>no</occluded><attributes /><parts><hasparts /><ispartof>11</ispartof></parts><date>18-05-21 22:16:22:721</date><id>15</id><polygon><username>anonymous</username><pt><x>1083</x><y>2086</y><time>18-05-21 22:15:59:506</time></pt><pt><x>1106</x><y>2189</y><time>18-05-21 22:16:00:115</time></pt><pt><x>1175</x><y>2230</y><time>18-05-21 22:16:00:740</time></pt><pt><x>1285</x><y>2212</y><time>18-05-21 22:16:01:248</time></pt><pt><x>1400</x><y>2212</y><time>18-05-21 22:16:01:751</time></pt><pt><x>1521</x><y>2224</y><time>18-05-21 22:16:02:249</time></pt><pt><x>1596</x><y>2201</y><time>18-05-21 22:16:02:745</time></pt><pt><x>1677</x><y>2120</y><time>18-05-21 22:16:03:278</time></pt><pt><x>1757</x><y>1976</y><time>18-05-21 22:16:03:868</time></pt><pt><x>1780</x><y>1959</y><time>18-05-21 22:16:04:418</time></pt><pt><x>1855</x><y>1982</y><time>18-05-21 22:16:04:974</time></pt><pt><x>1896</x><y>1993</y><time>18-05-21 22:16:05:491</time></pt><pt><x>1947</x><y>1953</y><time>18-05-21 22:16:06:034</time></pt><pt><x>1976</x><y>1872</y><time>18-05-21 22:16:06:762</time></pt><pt><x>2022</x><y>1751</y><time>18-05-21 22:16:07:389</time></pt><pt><x>1976</x><y>1682</y><time>18-05-21 22:16:07:900</time></pt><pt><x>1832</x><y>1659</y><time>18-05-21 22:16:08:400</time></pt><pt><x>1728</x><y>1630</y><time>18-05-21 22:16:08:879</time></pt><pt><x>1613</x><y>1625</y><time>18-05-21 22:16:09:402</time></pt><pt><x>1492</x><y>1654</y><time>18-05-21 22:16:09:961</time></pt><pt><x>1446</x><y>1654</y><time>18-05-21 22:16:12:771</time></pt><pt><x>1348</x><y>1665</y><time>18-05-21 22:16:13:287</time></pt><pt><x>1302</x><y>1654</y><time>18-05-21 22:16:13:768</time></pt><pt><x>1210</x><y>1630</y><time>18-05-21 22:16:14:299</time></pt><pt><x>1106</x><y>1602</y><time>18-05-21 22:16:15:076</time></pt><pt><x>1008</x><y>1584</y><time>18-05-21 22:16:15:592</time></pt><pt><x>968</x><y>1648</y><time>18-05-21 22:16:16:087</time></pt><pt><x>916</x><y>1809</y><time>18-05-21 22:16:16:565</time></pt><pt><x>916</x><y>1942</y><time>18-05-21 22:16:17:059</time></pt><pt><x>945</x><y>2022</y><time>18-05-21 22:16:17:561</time></pt><pt><x>1043</x><y>2045</y><time>18-05-21 22:16:18:018</time></pt><closed_date>18-05-21 22:16:18:479</closed_date></polygon></object><object><name>restoration</name><deleted>0</deleted><verified>0</verified><occluded>no</occluded><attributes /><parts><hasparts /><ispartof>12</ispartof></parts><date>18-05-21 22:16:43:664</date><id>16</id><polygon><username>anonymous</username><pt><x>2138</x><y>2109</y><time>18-05-21 22:16:27:548</time></pt><pt><x>2253</x><y>2080</y><time>18-05-21 22:16:28:153</time></pt><pt><x>2362</x><y>2074</y><time>18-05-21 22:16:28:639</time></pt><pt><x>2460</x><y>2080</y><time>18-05-21 22:16:29:113</time></pt><pt><x>2535</x><y>2086</y><time>18-05-21 22:16:29:557</time></pt><pt><x>2587</x><y>2063</y><time>18-05-21 22:16:30:049</time></pt><pt><x>2645</x><y>1970</y><time>18-05-21 22:16:30:566</time></pt><pt><x>2685</x><y>1809</y><time>18-05-21 22:16:32:452</time></pt><pt><x>2679</x><y>1757</y><time>18-05-21 22:16:33:046</time></pt><pt><x>2575</x><y>1740</y><time>18-05-21 22:16:33:608</time></pt><pt><x>2466</x><y>1723</y><time>18-05-21 22:16:34:148</time></pt><pt><x>2333</x><y>1717</y><time>18-05-21 22:16:34:780</time></pt><pt><x>2247</x><y>1728</y><time>18-05-21 22:16:35:293</time></pt><pt><x>2166</x><y>1728</y><time>18-05-21 22:16:35:801</time></pt><pt><x>2086</x><y>1723</y><time>18-05-21 22:16:36:295</time></pt><pt><x>2034</x><y>1769</y><time>18-05-21 22:16:36:762</time></pt><pt><x>2040</x><y>1896</y><time>18-05-21 22:16:37:908</time></pt><pt><x>2017</x><y>1993</y><time>18-05-21 22:16:38:481</time></pt><pt><x>2011</x><y>2080</y><time>18-05-21 22:16:39:016</time></pt><pt><x>2063</x><y>2126</y><time>18-05-21 22:16:39:559</time></pt><closed_date>18-05-21 22:16:40:104</closed_date></polygon></object><object><name>root canal treatment</name><deleted>0</deleted><verified>0</verified><occluded>no</occluded><attributes /><parts><hasparts /><ispartof>12</ispartof></parts><date>18-05-21 22:17:05:070</date><id>17</id><polygon><username>anonymous</username><pt><x>2426</x><y>2091</y><time>18-05-21 22:16:47:234</time></pt><pt><x>2379</x><y>2184</y><time>18-05-21 22:16:48:004</time></pt><pt><x>2328</x><y>2293</y><time>18-05-21 22:16:48:530</time></pt><pt><x>2299</x><y>2408</y><time>18-05-21 22:16:49:026</time></pt><pt><x>2276</x><y>2558</y><time>18-05-21 22:16:49:541</time></pt><pt><x>2235</x><y>2742</y><time>18-05-21 22:16:50:628</time></pt><pt><x>2195</x><y>2823</y><time>18-05-21 22:16:51:292</time></pt><pt><x>2155</x><y>2979</y><time>18-05-21 22:16:51:871</time></pt><pt><x>2120</x><y>3071</y><time>18-05-21 22:16:52:435</time></pt><pt><x>2109</x><y>3094</y><time>18-05-21 22:16:52:877</time></pt><pt><x>2040</x><y>3094</y><time>18-05-21 22:16:53:425</time></pt><pt><x>2074</x><y>2944</y><time>18-05-21 22:16:53:968</time></pt><pt><x>2120</x><y>2817</y><time>18-05-21 22:16:54:557</time></pt><pt><x>2143</x><y>2702</y><time>18-05-21 22:16:55:076</time></pt><pt><x>2149</x><y>2621</y><time>18-05-21 22:16:57:110</time></pt><pt><x>2178</x><y>2500</y><time>18-05-21 22:16:57:698</time></pt><pt><x>2189</x><y>2385</y><time>18-05-21 22:16:58:179</time></pt><pt><x>2189</x><y>2293</y><time>18-05-21 22:16:58:669</time></pt><pt><x>2207</x><y>2218</y><time>18-05-21 22:16:59:224</time></pt><pt><x>2247</x><y>2109</y><time>18-05-21 22:16:59:936</time></pt><pt><x>2293</x><y>2114</y><time>18-05-21 22:17:00:528</time></pt><closed_date>18-05-21 22:17:01:026</closed_date></polygon></object><object><name>tooth</name><deleted>0</deleted><verified>0</verified><occluded>no</occluded><attributes>44</attributes><parts><hasparts>20</hasparts><ispartof /></parts><date>18-05-21 22:17:26:949</date><id>18</id><type>bounding_box</type><polygon><username>anonymous</username><pt><x>3526</x><y>1665</y><time>18-05-21 22:17:13:875</time></pt><pt><x>2719</x><y>1665</y><time>18-05-21 22:17:16:671</time></pt><pt><x>2719</x><y>3025</y><time>undefined</time></pt><pt><x>3526</x><y>3025</y><time>undefined</time></pt><closed_date>18-05-21 22:17:16:671</closed_date></polygon></object><object><name>tooth</name><deleted>0</deleted><verified>0</verified><occluded>no</occluded><attributes>43</attributes><parts><hasparts /><ispartof /></parts><date>18-05-21 22:17:37:955</date><id>19</id><type>bounding_box</type><polygon><username>anonymous</username><pt><x>4068</x><y>1625</y><time>18-05-21 22:17:30:668</time></pt><pt><x>3307</x><y>1625</y><time>18-05-21 22:17:33:070</time></pt><pt><x>3307</x><y>3128</y><time>undefined</time></pt><pt><x>4068</x><y>3128</y><time>undefined</time></pt><closed_date>18-05-21 22:17:33:070</closed_date></polygon></object><object><name>restoration</name><deleted>0</deleted><verified>0</verified><occluded>no</occluded><attributes /><parts><hasparts /><ispartof>18</ispartof></parts><date>18-05-21 22:17:51:898</date><id>20</id><polygon><username>anonymous</username><pt><x>3025</x><y>1821</y><time>18-05-21 22:17:43:431</time></pt><pt><x>2973</x><y>1901</y><time>18-05-21 22:17:44:173</time></pt><pt><x>2967</x><y>1970</y><time>18-05-21 22:17:44:754</time></pt><pt><x>2898</x><y>1993</y><time>18-05-21 22:17:45:321</time></pt><pt><x>2794</x><y>1965</y><time>18-05-21 22:17:45:806</time></pt><pt><x>2754</x><y>1965</y><time>18-05-21 22:17:46:267</time></pt><pt><x>2754</x><y>1878</y><time>18-05-21 22:17:46:743</time></pt><pt><x>2754</x><y>1780</y><time>18-05-21 22:17:47:289</time></pt><pt><x>2800</x><y>1728</y><time>18-05-21 22:17:47:789</time></pt><pt><x>2858</x><y>1769</y><time>18-05-21 22:17:48:344</time></pt><pt><x>2938</x><y>1803</y><time>18-05-21 22:17:48:795</time></pt><closed_date>18-05-21 22:17:49:255</closed_date></polygon></object><imagesize><nrows /><ncols /></imagesize></annotation>