<?xml version='1.0' encoding='UTF-8'?>
<annotation><filename>imagem-053.jpg</filename><folder>segmentation_xray</folder><source><sourceImage>The MIT-CSAIL database of objects and scenes</sourceImage><sourceAnnotation>LabelMe Webtool</sourceAnnotation></source><object><name>tooth</name><deleted>0</deleted><verified>0</verified><occluded>no</occluded><attributes>23</attributes><parts><hasparts>14,15,16</hasparts><ispartof /></parts><date>24-05-21 14:50:57:611</date><id>0</id><type>bounding_box</type><polygon><username>anonymous</username><pt><x>7</x><y>413</y><time>24-05-21 14:50:41:198</time></pt><pt><x>237</x><y>413</y><time>24-05-21 14:50:51:663</time></pt><pt><x>237</x><y>0</y><time>undefined</time></pt><pt><x>7</x><y>0</y><time>undefined</time></pt><closed_date>24-05-21 14:50:51:663</closed_date></polygon></object><object><name>tooth</name><deleted>0</deleted><verified>0</verified><occluded>no</occluded><attributes>24</attributes><parts><hasparts /><ispartof /></parts><date>24-05-21 14:51:38:670</date><id>1</id><type>bounding_box</type><polygon><username>anonymous</username><pt><x>196</x><y>413</y><time>24-05-21 14:51:21:766</time></pt><pt><x>423</x><y>413</y><time>24-05-21 14:51:32:808</time></pt><pt><x>423</x><y>8</y><time>undefined</time></pt><pt><x>196</x><y>8</y><time>undefined</time></pt><closed_date>24-05-21 14:51:32:808</closed_date></polygon></object><object><name>tooth</name><deleted>0</deleted><verified>0</verified><occluded>no</occluded><attributes>25</attributes><parts><hasparts /><ispartof /></parts><date>24-05-21 14:52:14:694</date><id>2</id><type>bounding_box</type><polygon><username>anonymous</username><pt><x>634</x><y>428</y><time>24-05-21 14:51:52:749</time></pt><pt><x>407</x><y>428</y><time>24-05-21 14:51:58:128</time></pt><pt><x>407</x><y>2</y><time>undefined</time></pt><pt><x>634</x><y>2</y><time>undefined</time></pt><closed_date>24-05-21 14:51:58:129</closed_date></polygon></object><object><name>tooth</name><deleted>0</deleted><verified>0</verified><occluded>no</occluded><attributes>26</attributes><parts><hasparts>12</hasparts><ispartof /></parts><date>24-05-21 14:52:37:310</date><id>3</id><type>bounding_box</type><polygon><username>anonymous</username><pt><x>930</x><y>425</y><time>24-05-21 14:52:23:157</time></pt><pt><x>622</x><y>425</y><time>24-05-21 14:52:30:967</time></pt><pt><x>622</x><y>5</y><time>undefined</time></pt><pt><x>930</x><y>5</y><time>undefined</time></pt><closed_date>24-05-21 14:52:30:967</closed_date></polygon></object><object><name>tooth</name><deleted>0</deleted><verified>0</verified><occluded>no</occluded><attributes>27</attributes><parts><hasparts>11,13</hasparts><ispartof /></parts><date>24-05-21 14:52:57:782</date><id>4</id><type>bounding_box</type><polygon><username>anonymous</username><pt><x>1218</x><y>398</y><time>24-05-21 14:52:45:342</time></pt><pt><x>920</x><y>398</y><time>24-05-21 14:52:51:567</time></pt><pt><x>920</x><y>1</y><time>undefined</time></pt><pt><x>1218</x><y>1</y><time>undefined</time></pt><closed_date>24-05-21 14:52:51:567</closed_date></polygon></object><object><name>tooth</name><deleted>0</deleted><verified>0</verified><occluded>no</occluded><attributes>34</attributes><parts><hasparts /><ispartof /></parts><date>24-05-21 14:53:34:840</date><id>5</id><type>bounding_box</type><polygon><username>anonymous</username><pt><x>77</x><y>491</y><time>24-05-21 14:53:14:253</time></pt><pt><x>310</x><y>491</y><time>24-05-21 14:53:26:456</time></pt><pt><x>310</x><y>950</y><time>undefined</time></pt><pt><x>77</x><y>950</y><time>undefined</time></pt><closed_date>24-05-21 14:53:26:456</closed_date></polygon></object><object><name>tooth</name><deleted>0</deleted><verified>0</verified><occluded>no</occluded><attributes>35</attributes><parts><hasparts /><ispartof /></parts><date>24-05-21 14:54:24:873</date><id>6</id><type>bounding_box</type><polygon><username>anonymous</username><pt><x>527</x><y>487</y><time>24-05-21 14:54:02:883</time></pt><pt><x>286</x><y>487</y><time>24-05-21 14:54:17:664</time></pt><pt><x>286</x><y>945</y><time>undefined</time></pt><pt><x>527</x><y>945</y><time>undefined</time></pt><closed_date>24-05-21 14:54:17:664</closed_date></polygon></object><object><name>tooth</name><deleted>0</deleted><verified>0</verified><occluded>no</occluded><attributes>36</attributes><parts><hasparts>10</hasparts><ispartof /></parts><date>24-05-21 14:55:10:169</date><id>7</id><type>bounding_box</type><polygon><username>anonymous</username><pt><x>499</x><y>459</y><time>24-05-21 14:54:54:942</time></pt><pt><x>881</x><y>459</y><time>24-05-21 14:55:03:031</time></pt><pt><x>881</x><y>947</y><time>undefined</time></pt><pt><x>499</x><y>947</y><time>undefined</time></pt><closed_date>24-05-21 14:55:03:031</closed_date></polygon></object><object><name>tooth</name><deleted>0</deleted><verified>0</verified><occluded>no</occluded><attributes>37</attributes><parts><hasparts>9</hasparts><ispartof /></parts><date>24-05-21 14:55:52:032</date><id>8</id><type>bounding_box</type><polygon><username>anonymous</username><pt><x>1215</x><y>402</y><time>24-05-21 14:55:31:061</time></pt><pt><x>831</x><y>402</y><time>24-05-21 14:55:42:600</time></pt><pt><x>831</x><y>943</y><time>undefined</time></pt><pt><x>1215</x><y>943</y><time>undefined</time></pt><closed_date>24-05-21 14:55:42:601</closed_date></polygon></object><object><name>restoration</name><deleted>0</deleted><verified>0</verified><occluded>no</occluded><attributes /><parts><hasparts /><ispartof>8</ispartof></parts><date>24-05-21 14:56:29:121</date><id>9</id><polygon><username>anonymous</username><pt><x>1072</x><y>449</y><time>24-05-21 14:56:07:429</time></pt><pt><x>1060</x><y>471</y><time>24-05-21 14:56:08:825</time></pt><pt><x>1064</x><y>486</y><time>24-05-21 14:56:09:703</time></pt><pt><x>1062</x><y>502</y><time>24-05-21 14:56:10:271</time></pt><pt><x>1059</x><y>504</y><time>24-05-21 14:56:10:792</time></pt><pt><x>1037</x><y>512</y><time>24-05-21 14:56:11:399</time></pt><pt><x>1018</x><y>512</y><time>24-05-21 14:56:12:110</time></pt><pt><x>996</x><y>507</y><time>24-05-21 14:56:12:784</time></pt><pt><x>983</x><y>507</y><time>24-05-21 14:56:13:407</time></pt><pt><x>963</x><y>505</y><time>24-05-21 14:56:14:006</time></pt><pt><x>953</x><y>509</y><time>24-05-21 14:56:14:663</time></pt><pt><x>945</x><y>501</y><time>24-05-21 14:56:15:327</time></pt><pt><x>937</x><y>487</y><time>24-05-21 14:56:16:791</time></pt><pt><x>934</x><y>476</y><time>24-05-21 14:56:17:992</time></pt><pt><x>955</x><y>474</y><time>24-05-21 14:56:19:040</time></pt><pt><x>971</x><y>477</y><time>24-05-21 14:56:19:583</time></pt><pt><x>986</x><y>481</y><time>24-05-21 14:56:20:055</time></pt><pt><x>993</x><y>479</y><time>24-05-21 14:56:20:639</time></pt><pt><x>990</x><y>468</y><time>24-05-21 14:56:21:574</time></pt><pt><x>1016</x><y>468</y><time>24-05-21 14:56:22:031</time></pt><pt><x>1042</x><y>458</y><time>24-05-21 14:56:22:759</time></pt><pt><x>1045</x><y>458</y><time>24-05-21 14:56:23:159</time></pt><closed_date>24-05-21 14:56:23:783</closed_date></polygon></object><object><name>restoration</name><deleted>0</deleted><verified>0</verified><occluded>no</occluded><attributes /><parts><hasparts /><ispartof>7</ispartof></parts><date>24-05-21 14:57:39:672</date><id>10</id><polygon><username>anonymous</username><pt><x>640</x><y>537</y><time>24-05-21 14:57:16:573</time></pt><pt><x>648</x><y>550</y><time>24-05-21 14:57:17:503</time></pt><pt><x>653</x><y>560</y><time>24-05-21 14:57:18:118</time></pt><pt><x>658</x><y>575</y><time>24-05-21 14:57:19:351</time></pt><pt><x>660</x><y>586</y><time>24-05-21 14:57:20:199</time></pt><pt><x>671</x><y>592</y><time>24-05-21 14:57:20:790</time></pt><pt><x>679</x><y>595</y><time>24-05-21 14:57:21:246</time></pt><pt><x>685</x><y>596</y><time>24-05-21 14:57:21:663</time></pt><pt><x>695</x><y>596</y><time>24-05-21 14:57:22:343</time></pt><pt><x>700</x><y>591</y><time>24-05-21 14:57:22:887</time></pt><pt><x>705</x><y>577</y><time>24-05-21 14:57:23:614</time></pt><pt><x>707</x><y>568</y><time>24-05-21 14:57:24:070</time></pt><pt><x>707</x><y>564</y><time>24-05-21 14:57:24:415</time></pt><pt><x>700</x><y>560</y><time>24-05-21 14:57:24:990</time></pt><pt><x>709</x><y>556</y><time>24-05-21 14:57:26:182</time></pt><pt><x>718</x><y>550</y><time>24-05-21 14:57:26:880</time></pt><pt><x>719</x><y>545</y><time>24-05-21 14:57:27:229</time></pt><pt><x>725</x><y>541</y><time>24-05-21 14:57:27:878</time></pt><pt><x>735</x><y>530</y><time>24-05-21 14:57:28:447</time></pt><pt><x>722</x><y>522</y><time>24-05-21 14:57:29:103</time></pt><pt><x>717</x><y>520</y><time>24-05-21 14:57:29:519</time></pt><pt><x>709</x><y>520</y><time>24-05-21 14:57:29:910</time></pt><pt><x>687</x><y>527</y><time>24-05-21 14:57:30:655</time></pt><pt><x>667</x><y>534</y><time>24-05-21 14:57:31:430</time></pt><pt><x>659</x><y>536</y><time>24-05-21 14:57:32:911</time></pt><closed_date>24-05-21 14:57:33:470</closed_date></polygon></object><object><name>restoration</name><deleted>0</deleted><verified>0</verified><occluded>no</occluded><attributes /><parts><hasparts /><ispartof>4</ispartof></parts><date>24-05-21 14:58:12:080</date><id>11</id><polygon><username>anonymous</username><pt><x>988</x><y>329</y><time>24-05-21 14:57:54:389</time></pt><pt><x>998</x><y>317</y><time>24-05-21 14:57:55:006</time></pt><pt><x>1011</x><y>304</y><time>24-05-21 14:57:55:599</time></pt><pt><x>1015</x><y>298</y><time>24-05-21 14:57:55:855</time></pt><pt><x>1023</x><y>292</y><time>24-05-21 14:57:56:126</time></pt><pt><x>1027</x><y>283</y><time>24-05-21 14:57:56:374</time></pt><pt><x>1028</x><y>272</y><time>24-05-21 14:57:56:646</time></pt><pt><x>1033</x><y>253</y><time>24-05-21 14:57:56:919</time></pt><pt><x>1033</x><y>240</y><time>24-05-21 14:57:57:238</time></pt><pt><x>1038</x><y>235</y><time>24-05-21 14:57:57:527</time></pt><pt><x>1050</x><y>231</y><time>24-05-21 14:57:57:783</time></pt><pt><x>1057</x><y>231</y><time>24-05-21 14:57:58:054</time></pt><pt><x>1064</x><y>234</y><time>24-05-21 14:57:58:302</time></pt><pt><x>1072</x><y>238</y><time>24-05-21 14:57:58:543</time></pt><pt><x>1086</x><y>249</y><time>24-05-21 14:57:58:799</time></pt><pt><x>1091</x><y>260</y><time>24-05-21 14:57:59:063</time></pt><pt><x>1098</x><y>278</y><time>24-05-21 14:57:59:342</time></pt><pt><x>1102</x><y>287</y><time>24-05-21 14:57:59:646</time></pt><pt><x>1109</x><y>294</y><time>24-05-21 14:57:59:950</time></pt><pt><x>1112</x><y>297</y><time>24-05-21 14:58:00:206</time></pt><pt><x>1112</x><y>307</y><time>24-05-21 14:58:00:534</time></pt><pt><x>1102</x><y>315</y><time>24-05-21 14:58:00:846</time></pt><pt><x>1093</x><y>323</y><time>24-05-21 14:58:01:118</time></pt><pt><x>1083</x><y>327</y><time>24-05-21 14:58:01:439</time></pt><pt><x>1071</x><y>332</y><time>24-05-21 14:58:01:695</time></pt><pt><x>1066</x><y>335</y><time>24-05-21 14:58:01:951</time></pt><pt><x>1058</x><y>341</y><time>24-05-21 14:58:02:415</time></pt><pt><x>1053</x><y>343</y><time>24-05-21 14:58:02:710</time></pt><pt><x>1044</x><y>348</y><time>24-05-21 14:58:03:039</time></pt><pt><x>1032</x><y>348</y><time>24-05-21 14:58:03:423</time></pt><pt><x>1024</x><y>348</y><time>24-05-21 14:58:03:694</time></pt><pt><x>1015</x><y>342</y><time>24-05-21 14:58:04:007</time></pt><pt><x>1007</x><y>339</y><time>24-05-21 14:58:04:287</time></pt><pt><x>998</x><y>337</y><time>24-05-21 14:58:04:552</time></pt><pt><x>996</x><y>336</y><time>24-05-21 14:58:05:415</time></pt><closed_date>24-05-21 14:58:06:311</closed_date></polygon></object><object><name>restoration</name><deleted>0</deleted><verified>0</verified><occluded>no</occluded><attributes /><parts><hasparts /><ispartof>3</ispartof></parts><date>24-05-21 15:01:19:818</date><id>12</id><polygon><username>anonymous</username><pt><x>713</x><y>268</y><time>24-05-21 15:00:48:766</time></pt><pt><x>698</x><y>255</y><time>24-05-21 15:00:49:615</time></pt><pt><x>674</x><y>255</y><time>24-05-21 15:00:50:702</time></pt><pt><x>659</x><y>263</y><time>24-05-21 15:00:51:559</time></pt><pt><x>646</x><y>269</y><time>24-05-21 15:00:52:375</time></pt><pt><x>639</x><y>271</y><time>24-05-21 15:00:53:007</time></pt><pt><x>630</x><y>270</y><time>24-05-21 15:00:53:887</time></pt><pt><x>625</x><y>265</y><time>24-05-21 15:00:54:863</time></pt><pt><x>627</x><y>352</y><time>24-05-21 15:00:57:295</time></pt><pt><x>645</x><y>355</y><time>24-05-21 15:00:58:343</time></pt><pt><x>656</x><y>355</y><time>24-05-21 15:00:59:696</time></pt><pt><x>678</x><y>354</y><time>24-05-21 15:01:01:383</time></pt><pt><x>698</x><y>354</y><time>24-05-21 15:01:02:063</time></pt><pt><x>728</x><y>345</y><time>24-05-21 15:01:03:119</time></pt><pt><x>749</x><y>344</y><time>24-05-21 15:01:03:462</time></pt><pt><x>783</x><y>344</y><time>24-05-21 15:01:03:863</time></pt><pt><x>799</x><y>350</y><time>24-05-21 15:01:04:487</time></pt><pt><x>805</x><y>356</y><time>24-05-21 15:01:06:350</time></pt><pt><x>822</x><y>346</y><time>24-05-21 15:01:06:759</time></pt><pt><x>788</x><y>321</y><time>24-05-21 15:01:08:127</time></pt><pt><x>786</x><y>306</y><time>24-05-21 15:01:08:431</time></pt><pt><x>757</x><y>278</y><time>24-05-21 15:01:09:295</time></pt><pt><x>741</x><y>266</y><time>24-05-21 15:01:09:824</time></pt><closed_date>24-05-21 15:01:10:495</closed_date></polygon></object><object><name>restoration</name><deleted>0</deleted><verified>0</verified><occluded>no</occluded><attributes /><parts><hasparts /><ispartof>4</ispartof></parts><date>24-05-21 15:02:07:249</date><id>13</id><polygon><username>anonymous</username><pt><x>1092</x><y>351</y><time>24-05-21 15:01:54:789</time></pt><pt><x>1113</x><y>347</y><time>24-05-21 15:01:55:935</time></pt><pt><x>1118</x><y>342</y><time>24-05-21 15:01:56:358</time></pt><pt><x>1130</x><y>335</y><time>24-05-21 15:01:56:623</time></pt><pt><x>1143</x><y>324</y><time>24-05-21 15:01:56:855</time></pt><pt><x>1160</x><y>317</y><time>24-05-21 15:01:57:190</time></pt><pt><x>1170</x><y>298</y><time>24-05-21 15:01:57:782</time></pt><pt><x>1162</x><y>285</y><time>24-05-21 15:01:58:399</time></pt><pt><x>1153</x><y>275</y><time>24-05-21 15:01:58:919</time></pt><pt><x>1145</x><y>275</y><time>24-05-21 15:01:59:238</time></pt><pt><x>1140</x><y>275</y><time>24-05-21 15:01:59:550</time></pt><pt><x>1132</x><y>280</y><time>24-05-21 15:01:59:857</time></pt><pt><x>1124</x><y>290</y><time>24-05-21 15:02:00:126</time></pt><pt><x>1114</x><y>308</y><time>24-05-21 15:02:00:640</time></pt><pt><x>1102</x><y>327</y><time>24-05-21 15:02:01:079</time></pt><pt><x>1098</x><y>335</y><time>24-05-21 15:02:01:398</time></pt><closed_date>24-05-21 15:02:01:887</closed_date></polygon></object><object><name>root canal treatment</name><deleted>1</deleted><verified>0</verified><occluded>no</occluded><attributes /><parts><hasparts /><ispartof>0</ispartof></parts><date>24-05-21 15:02:45:498</date><id>14</id><polygon><username>anonymous</username><pt><x>82</x><y>198</y><time>24-05-21 15:02:22:705</time></pt><pt><x>82</x><y>174</y><time>24-05-21 15:02:23:360</time></pt><pt><x>82</x><y>153</y><time>24-05-21 15:02:23:921</time></pt><pt><x>88</x><y>127</y><time>24-05-21 15:02:24:920</time></pt><pt><x>95</x><y>85</y><time>24-05-21 15:02:26:576</time></pt><pt><x>98</x><y>71</y><time>24-05-21 15:02:27:015</time></pt><pt><x>102</x><y>59</y><time>24-05-21 15:02:27:496</time></pt><pt><x>103</x><y>55</y><time>24-05-21 15:02:28:112</time></pt><pt><x>166</x><y>56</y><time>24-05-21 15:02:30:000</time></pt><pt><x>161</x><y>68</y><time>24-05-21 15:02:30:776</time></pt><pt><x>157</x><y>82</y><time>24-05-21 15:02:31:296</time></pt><pt><x>157</x><y>95</y><time>24-05-21 15:02:31:672</time></pt><pt><x>148</x><y>121</y><time>24-05-21 15:02:32:904</time></pt><pt><x>146</x><y>136</y><time>24-05-21 15:02:33:502</time></pt><pt><x>141</x><y>154</y><time>24-05-21 15:02:34:231</time></pt><pt><x>137</x><y>172</y><time>24-05-21 15:02:34:807</time></pt><pt><x>134</x><y>185</y><time>24-05-21 15:02:35:295</time></pt><pt><x>134</x><y>199</y><time>24-05-21 15:02:35:767</time></pt><pt><x>134</x><y>209</y><time>24-05-21 15:02:36:214</time></pt><pt><x>127</x><y>204</y><time>24-05-21 15:02:37:024</time></pt><pt><x>126</x><y>200</y><time>24-05-21 15:02:37:392</time></pt><pt><x>116</x><y>197</y><time>24-05-21 15:02:37:991</time></pt><pt><x>110</x><y>197</y><time>24-05-21 15:02:38:392</time></pt><pt><x>101</x><y>197</y><time>24-05-21 15:02:39:000</time></pt><pt><x>93</x><y>199</y><time>24-05-21 15:02:39:472</time></pt><closed_date>24-05-21 15:02:40:007</closed_date></polygon></object><object><name>restoration</name><deleted>0</deleted><verified>0</verified><occluded>no</occluded><attributes /><parts><hasparts /><ispartof>0</ispartof></parts><date>24-05-21 15:03:08:001</date><id>15</id><polygon><username>anonymous</username><pt><x>55</x><y>322</y><time>24-05-21 15:02:50:190</time></pt><pt><x>57</x><y>288</y><time>24-05-21 15:02:50:912</time></pt><pt><x>61</x><y>265</y><time>24-05-21 15:02:51:449</time></pt><pt><x>67</x><y>232</y><time>24-05-21 15:02:53:367</time></pt><pt><x>67</x><y>220</y><time>24-05-21 15:02:54:120</time></pt><pt><x>72</x><y>215</y><time>24-05-21 15:02:54:784</time></pt><pt><x>78</x><y>209</y><time>24-05-21 15:02:55:320</time></pt><pt><x>85</x><y>209</y><time>24-05-21 15:02:55:678</time></pt><pt><x>90</x><y>209</y><time>24-05-21 15:02:56:000</time></pt><pt><x>97</x><y>210</y><time>24-05-21 15:02:56:375</time></pt><pt><x>107</x><y>217</y><time>24-05-21 15:02:57:695</time></pt><pt><x>117</x><y>229</y><time>24-05-21 15:02:58:168</time></pt><pt><x>127</x><y>247</y><time>24-05-21 15:02:58:894</time></pt><pt><x>132</x><y>270</y><time>24-05-21 15:02:59:375</time></pt><pt><x>133</x><y>288</y><time>24-05-21 15:02:59:855</time></pt><pt><x>127</x><y>298</y><time>24-05-21 15:03:00:223</time></pt><pt><x>127</x><y>304</y><time>24-05-21 15:03:00:560</time></pt><pt><x>118</x><y>312</y><time>24-05-21 15:03:01:150</time></pt><pt><x>100</x><y>322</y><time>24-05-21 15:03:01:865</time></pt><pt><x>87</x><y>321</y><time>24-05-21 15:03:02:239</time></pt><pt><x>67</x><y>321</y><time>24-05-21 15:03:02:695</time></pt><closed_date>24-05-21 15:03:03:544</closed_date></polygon></object><object><name>root canal treatment</name><deleted>0</deleted><verified>0</verified><occluded>no</occluded><attributes /><parts><hasparts /><ispartof>0</ispartof></parts><date>24-05-21 15:03:49:257</date><id>16</id><polygon><username>anonymous</username><pt><x>133</x><y>206</y><time>24-05-21 15:03:23:389</time></pt><pt><x>119</x><y>196</y><time>24-05-21 15:03:24:376</time></pt><pt><x>112</x><y>196</y><time>24-05-21 15:03:24:783</time></pt><pt><x>102</x><y>196</y><time>24-05-21 15:03:25:135</time></pt><pt><x>94</x><y>198</y><time>24-05-21 15:03:25:447</time></pt><pt><x>92</x><y>198</y><time>24-05-21 15:03:25:768</time></pt><pt><x>86</x><y>199</y><time>24-05-21 15:03:26:360</time></pt><pt><x>84</x><y>196</y><time>24-05-21 15:03:27:111</time></pt><pt><x>81</x><y>186</y><time>24-05-21 15:03:27:814</time></pt><pt><x>84</x><y>170</y><time>24-05-21 15:03:28:447</time></pt><pt><x>86</x><y>140</y><time>24-05-21 15:03:29:375</time></pt><pt><x>94</x><y>105</y><time>24-05-21 15:03:30:542</time></pt><pt><x>102</x><y>72</y><time>24-05-21 15:03:31:358</time></pt><pt><x>109</x><y>43</y><time>24-05-21 15:03:32:190</time></pt><pt><x>112</x><y>31</y><time>24-05-21 15:03:32:822</time></pt><pt><x>135</x><y>18</y><time>24-05-21 15:03:34:518</time></pt><pt><x>147</x><y>16</y><time>24-05-21 15:03:35:575</time></pt><pt><x>156</x><y>13</y><time>24-05-21 15:03:36:175</time></pt><pt><x>168</x><y>8</y><time>24-05-21 15:03:36:768</time></pt><pt><x>173</x><y>7</y><time>24-05-21 15:03:37:327</time></pt><pt><x>179</x><y>8</y><time>24-05-21 15:03:38:719</time></pt><pt><x>173</x><y>35</y><time>24-05-21 15:03:39:904</time></pt><pt><x>133</x><y>193</y><time>24-05-21 15:03:42:631</time></pt><pt><x>133</x><y>193</y><time>24-05-21 15:03:43:215</time></pt><closed_date>24-05-21 15:03:43:919</closed_date></polygon></object><imagesize><nrows /><ncols /></imagesize></annotation>