<?xml version="1.0" encoding="UTF-8"?><annotation><filename>imagem-095.jpg</filename><folder>segmentation_xray</folder><source><sourceImage>The MIT-CSAIL database of objects and scenes</sourceImage><sourceAnnotation>LabelMe Webtool</sourceAnnotation></source><object><name>tooth</name><deleted>0</deleted><verified>0</verified><occluded>no</occluded><attributes>36</attributes><parts><hasparts/><ispartof/></parts><date>17-05-21 09:44:39:441</date><id>0</id><type>bounding_box</type><polygon><username>anonymous</username><pt><x>816</x><y>603</y><time>17-05-21 09:44:28:136</time></pt><pt><x>1298</x><y>603</y><time>17-05-21 09:44:30:800</time></pt><pt><x>1298</x><y>1240</y><time>undefined</time></pt><pt><x>816</x><y>1240</y><time>undefined</time></pt><closed_date>17-05-21 09:44:30:800</closed_date></polygon></object><object><name>tooth</name><deleted>0</deleted><verified>0</verified><occluded>no</occluded><attributes>75</attributes><parts><hasparts/><ispartof/></parts><date>17-05-21 09:46:19:958</date><id>1</id><type>bounding_box</type><polygon><username>anonymous</username><pt><x>375</x><y>560</y><time>17-05-21 09:46:11:486</time></pt><pt><x>827</x><y>560</y><time>17-05-21 09:46:14:911</time></pt><pt><x>827</x><y>1140</y><time>undefined</time></pt><pt><x>375</x><y>1140</y><time>undefined</time></pt><closed_date>17-05-21 09:46:14:911</closed_date></polygon></object><object><name>tooth</name><deleted>0</deleted><verified>0</verified><occluded>no</occluded><attributes>74</attributes><parts><hasparts/><ispartof/></parts><date>17-05-21 09:46:27:834</date><id>2</id><type>bounding_box</type><polygon><username>anonymous</username><pt><x>85</x><y>525</y><time>17-05-21 09:46:22:081</time></pt><pt><x>434</x><y>525</y><time>17-05-21 09:46:23:621</time></pt><pt><x>434</x><y>953</y><time>undefined</time></pt><pt><x>85</x><y>953</y><time>undefined</time></pt><closed_date>17-05-21 09:46:23:622</closed_date></polygon></object><object><name>tooth</name><deleted>0</deleted><verified>0</verified><occluded>no</occluded><attributes>33</attributes><parts><hasparts/><ispartof/></parts><date>17-05-21 09:46:40:947</date><id>3</id><type>bounding_box</type><polygon><username>anonymous</username><pt><x>126</x><y>420</y><time>17-05-21 09:46:30:190</time></pt><pt><x>1</x><y>420</y><time>17-05-21 09:46:37:260</time></pt><pt><x>1</x><y>1030</y><time>undefined</time></pt><pt><x>126</x><y>1030</y><time>undefined</time></pt><closed_date>17-05-21 09:46:37:260</closed_date></polygon></object><object><name>tooth</name><deleted>0</deleted><verified>0</verified><occluded>no</occluded><attributes>26</attributes><parts><hasparts/><ispartof/></parts><date>17-05-21 09:46:50:508</date><id>4</id><type>bounding_box</type><polygon><username>anonymous</username><pt><x>1320</x><y>507</y><time>17-05-21 09:46:44:414</time></pt><pt><x>870</x><y>507</y><time>17-05-21 09:46:46:851</time></pt><pt><x>870</x><y>5</y><time>undefined</time></pt><pt><x>1320</x><y>5</y><time>undefined</time></pt><closed_date>17-05-21 09:46:46:852</closed_date></polygon></object><object><name>tooth</name><deleted>0</deleted><verified>0</verified><occluded>no</occluded><attributes>65</attributes><parts><hasparts/><ispartof/></parts><date>17-05-21 09:46:58:880</date><id>5</id><type>bounding_box</type><polygon><username>anonymous</username><pt><x>514</x><y>464</y><time>17-05-21 09:46:52:262</time></pt><pt><x>895</x><y>464</y><time>17-05-21 09:46:53:837</time></pt><pt><x>895</x><y>2</y><time>undefined</time></pt><pt><x>514</x><y>2</y><time>undefined</time></pt><closed_date>17-05-21 09:46:53:837</closed_date></polygon></object><object><name>tooth</name><deleted>0</deleted><verified>0</verified><occluded>no</occluded><attributes>64</attributes><parts><hasparts/><ispartof/></parts><date>17-05-21 09:47:08:212</date><id>6</id><type>bounding_box</type><polygon><username>anonymous</username><pt><x>267</x><y>395</y><time>17-05-21 09:47:00:936</time></pt><pt><x>615</x><y>395</y><time>17-05-21 09:47:02:782</time></pt><pt><x>615</x><y>9</y><time>undefined</time></pt><pt><x>267</x><y>9</y><time>undefined</time></pt><closed_date>17-05-21 09:47:02:782</closed_date></polygon></object><object><name>tooth</name><deleted>0</deleted><verified>0</verified><occluded>no</occluded><attributes>63</attributes><parts><hasparts/><ispartof/></parts><date>17-05-21 09:47:16:769</date><id>7</id><type>bounding_box</type><polygon><username>anonymous</username><pt><x>16</x><y>359</y><time>17-05-21 09:47:11:152</time></pt><pt><x>311</x><y>359</y><time>17-05-21 09:47:12:521</time></pt><pt><x>311</x><y>11</y><time>undefined</time></pt><pt><x>16</x><y>11</y><time>undefined</time></pt><closed_date>17-05-21 09:47:12:522</closed_date></polygon></object><imagesize><nrows></nrows><ncols></ncols></imagesize><object><name>tooth</name><deleted>0</deleted><verified>0</verified><occluded>no</occluded><attributes>37</attributes><parts><hasparts></hasparts><ispartof></ispartof></parts><date>30-03-22 16:45:52:634</date><id>8</id><type>bounding_box</type><polygon><username>admin</username><pt><x>1602</x><y>792</y><time>30-03-22 16:45:33:602</time></pt><pt><x>1256</x><y>792</y><time>30-03-22 16:45:36:040</time></pt><pt><x>1256</x><y>1219</y><time>undefined</time></pt><pt><x>1602</x><y>1219</y><time>undefined</time></pt><closed_date>30-03-22 16:45:36:040</closed_date></polygon></object><object><name>tooth</name><deleted>0</deleted><verified>0</verified><occluded>no</occluded><attributes>34</attributes><parts><hasparts></hasparts><ispartof></ispartof></parts><date>30-03-22 16:46:21:030</date><id>9</id><type>bounding_box</type><polygon><username>admin</username><pt><x>35</x><y>794</y><time>30-03-22 16:45:57:070</time></pt><pt><x>398</x><y>794</y><time>30-03-22 16:45:59:465</time></pt><pt><x>398</x><y>1236</y><time>undefined</time></pt><pt><x>35</x><y>1236</y><time>undefined</time></pt><closed_date>30-03-22 16:45:59:466</closed_date></polygon></object><object><name>tooth</name><deleted>0</deleted><verified>0</verified><occluded>no</occluded><attributes>35</attributes><parts><hasparts></hasparts><ispartof></ispartof></parts><date>30-03-22 16:46:36:488</date><id>10</id><type>bounding_box</type><polygon><username>admin</username><pt><x>462</x><y>1057</y><time>30-03-22 16:46:22:769</time></pt><pt><x>783</x><y>1057</y><time>30-03-22 16:46:25:417</time></pt><pt><x>783</x><y>1238</y><time>undefined</time></pt><pt><x>462</x><y>1238</y><time>undefined</time></pt><closed_date>30-03-22 16:46:25:417</closed_date></polygon></object></annotation>