<?xml version='1.0' encoding='UTF-8'?>
<annotation><filename>imagem-068.jpg</filename><folder>segmentation_xray</folder><source><sourceImage>The MIT-CSAIL database of objects and scenes</sourceImage><sourceAnnotation>LabelMe Webtool</sourceAnnotation></source><object><name>tooth</name><deleted>0</deleted><verified>0</verified><occluded>no</occluded><attributes>17</attributes><parts><hasparts /><ispartof /></parts><date>10-02-22 12:04:47:436</date><id>0</id><type>bounding_box</type><polygon><username>anonymous</username><pt><x>130</x><y>7</y><time>10-02-22 12:04:40:325</time></pt><pt><x>466</x><y>7</y><time>10-02-22 12:04:41:791</time></pt><pt><x>466</x><y>260</y><time>undefined</time></pt><pt><x>130</x><y>260</y><time>undefined</time></pt><closed_date>10-02-22 12:04:41:791</closed_date></polygon></object><object><name>tooth</name><deleted>0</deleted><verified>0</verified><occluded>no</occluded><attributes>16</attributes><parts><hasparts /><ispartof /></parts><date>10-02-22 12:05:01:310</date><id>1</id><type>bounding_box</type><polygon><username>anonymous</username><pt><x>790</x><y>8</y><time>10-02-22 12:04:49:882</time></pt><pt><x>424</x><y>8</y><time>10-02-22 12:04:51:846</time></pt><pt><x>424</x><y>366</y><time>undefined</time></pt><pt><x>790</x><y>366</y><time>undefined</time></pt><closed_date>10-02-22 12:04:51:847</closed_date></polygon></object><object><name>tooth</name><deleted>0</deleted><verified>0</verified><occluded>no</occluded><attributes>55</attributes><parts><hasparts /><ispartof /></parts><date>10-02-22 12:05:07:597</date><id>2</id><type>bounding_box</type><polygon><username>anonymous</username><pt><x>1080</x><y>199</y><time>10-02-22 12:05:02:873</time></pt><pt><x>771</x><y>199</y><time>10-02-22 12:05:04:423</time></pt><pt><x>771</x><y>376</y><time>undefined</time></pt><pt><x>1080</x><y>376</y><time>undefined</time></pt><closed_date>10-02-22 12:05:04:424</closed_date></polygon></object><object><name>tooth</name><deleted>0</deleted><verified>0</verified><occluded>no</occluded><attributes>15</attributes><parts><hasparts /><ispartof /></parts><date>10-02-22 22:43:00:219</date><id>3</id><type>bounding_box</type><polygon><username>anonymous</username><pt><x>1018</x><y>192</y><time>10-02-22 22:42:50:583</time></pt><pt><x>790</x><y>192</y><time>10-02-22 22:42:53:319</time></pt><pt><x>790</x><y>3</y><time>undefined</time></pt><pt><x>1018</x><y>3</y><time>undefined</time></pt><closed_date>10-02-22 22:42:53:320</closed_date></polygon></object><object><name>tooth</name><deleted>0</deleted><verified>0</verified><occluded>no</occluded><attributes>14</attributes><parts><hasparts /><ispartof /></parts><date>10-02-22 22:43:11:277</date><id>4</id><type>bounding_box</type><polygon><username>anonymous</username><pt><x>1214</x><y>357</y><time>10-02-22 22:43:03:020</time></pt><pt><x>1057</x><y>357</y><time>10-02-22 22:43:04:955</time></pt><pt><x>1057</x><y>25</y><time>undefined</time></pt><pt><x>1214</x><y>25</y><time>undefined</time></pt><closed_date>10-02-22 22:43:04:955</closed_date></polygon></object><object><name>tooth</name><deleted>0</deleted><verified>0</verified><occluded>no</occluded><attributes>44</attributes><parts><hasparts /><ispartof /></parts><date>10-02-22 22:43:27:068</date><id>5</id><type>bounding_box</type><polygon><username>anonymous</username><pt><x>1215</x><y>521</y><time>10-02-22 22:43:19:116</time></pt><pt><x>1107</x><y>521</y><time>10-02-22 22:43:20:545</time></pt><pt><x>1107</x><y>915</y><time>undefined</time></pt><pt><x>1215</x><y>915</y><time>undefined</time></pt><closed_date>10-02-22 22:43:20:545</closed_date></polygon></object><object><name>tooth</name><deleted>0</deleted><verified>0</verified><occluded>no</occluded><attributes>45</attributes><parts><hasparts /><ispartof /></parts><date>10-02-22 22:43:35:195</date><id>6</id><type>bounding_box</type><polygon><username>anonymous</username><pt><x>808</x><y>695</y><time>10-02-22 22:43:28:639</time></pt><pt><x>1049</x><y>695</y><time>10-02-22 22:43:31:220</time></pt><pt><x>1049</x><y>943</y><time>undefined</time></pt><pt><x>808</x><y>943</y><time>undefined</time></pt><closed_date>10-02-22 22:43:31:220</closed_date></polygon></object><object><name>tooth</name><deleted>0</deleted><verified>0</verified><occluded>no</occluded><attributes>46</attributes><parts><hasparts>10,11</hasparts><ispartof /></parts><date>10-02-22 22:43:46:110</date><id>7</id><type>bounding_box</type><polygon><username>anonymous</username><pt><x>800</x><y>945</y><time>10-02-22 22:43:37:912</time></pt><pt><x>419</x><y>945</y><time>10-02-22 22:43:41:272</time></pt><pt><x>419</x><y>459</y><time>undefined</time></pt><pt><x>800</x><y>459</y><time>undefined</time></pt><closed_date>10-02-22 22:43:41:272</closed_date></polygon></object><object><name>tooth</name><deleted>0</deleted><verified>0</verified><occluded>no</occluded><attributes>47</attributes><parts><hasparts /><ispartof /></parts><date>10-02-22 22:43:57:208</date><id>8</id><type>bounding_box</type><polygon><username>anonymous</username><pt><x>67</x><y>412</y><time>10-02-22 22:43:49:376</time></pt><pt><x>462</x><y>412</y><time>10-02-22 22:43:52:751</time></pt><pt><x>462</x><y>940</y><time>undefined</time></pt><pt><x>67</x><y>940</y><time>undefined</time></pt><closed_date>10-02-22 22:43:52:751</closed_date></polygon></object><object><name>tooth</name><deleted>0</deleted><verified>0</verified><occluded>no</occluded><attributes>85</attributes><parts><hasparts /><ispartof /></parts><date>10-02-22 22:44:05:738</date><id>9</id><type>bounding_box</type><polygon><username>anonymous</username><pt><x>805</x><y>508</y><time>10-02-22 22:43:58:651</time></pt><pt><x>1119</x><y>508</y><time>10-02-22 22:44:00:843</time></pt><pt><x>1119</x><y>716</y><time>undefined</time></pt><pt><x>805</x><y>716</y><time>undefined</time></pt><closed_date>10-02-22 22:44:00:844</closed_date></polygon></object><object><name>restoration</name><deleted>0</deleted><verified>0</verified><occluded>no</occluded><attributes /><parts><hasparts /><ispartof>7</ispartof></parts><date>10-02-22 22:44:18:504</date><id>10</id><polygon><username>anonymous</username><pt><x>795</x><y>604</y><time>10-02-22 22:44:09:803</time></pt><pt><x>768</x><y>606</y><time>10-02-22 22:44:10:372</time></pt><pt><x>746</x><y>584</y><time>10-02-22 22:44:10:798</time></pt><pt><x>753</x><y>571</y><time>10-02-22 22:44:11:162</time></pt><pt><x>748</x><y>554</y><time>10-02-22 22:44:11:516</time></pt><pt><x>741</x><y>534</y><time>10-02-22 22:44:11:812</time></pt><pt><x>760</x><y>511</y><time>10-02-22 22:44:12:866</time></pt><pt><x>786</x><y>528</y><time>10-02-22 22:44:13:556</time></pt><pt><x>800</x><y>549</y><time>10-02-22 22:44:14:037</time></pt><pt><x>796</x><y>578</y><time>10-02-22 22:44:14:531</time></pt><closed_date>10-02-22 22:44:15:165</closed_date></polygon></object><object><name>restoration</name><deleted>0</deleted><verified>0</verified><occluded>no</occluded><attributes /><parts><hasparts /><ispartof>7</ispartof></parts><date>10-02-22 22:44:32:575</date><id>11</id><polygon><username>anonymous</username><pt><x>524</x><y>583</y><time>10-02-22 22:44:19:805</time></pt><pt><x>574</x><y>568</y><time>10-02-22 22:44:20:291</time></pt><pt><x>608</x><y>569</y><time>10-02-22 22:44:20:736</time></pt><pt><x>654</x><y>581</y><time>10-02-22 22:44:21:250</time></pt><pt><x>673</x><y>581</y><time>10-02-22 22:44:21:742</time></pt><pt><x>715</x><y>559</y><time>10-02-22 22:44:22:294</time></pt><pt><x>723</x><y>523</y><time>10-02-22 22:44:22:691</time></pt><pt><x>715</x><y>504</y><time>10-02-22 22:44:23:032</time></pt><pt><x>693</x><y>519</y><time>10-02-22 22:44:23:382</time></pt><pt><x>681</x><y>538</y><time>10-02-22 22:44:23:787</time></pt><pt><x>664</x><y>551</y><time>10-02-22 22:44:24:077</time></pt><pt><x>648</x><y>549</y><time>10-02-22 22:44:24:328</time></pt><pt><x>646</x><y>529</y><time>10-02-22 22:44:24:623</time></pt><pt><x>643</x><y>514</y><time>10-02-22 22:44:24:901</time></pt><pt><x>628</x><y>511</y><time>10-02-22 22:44:25:129</time></pt><pt><x>598</x><y>511</y><time>10-02-22 22:44:25:379</time></pt><pt><x>568</x><y>508</y><time>10-02-22 22:44:25:630</time></pt><pt><x>543</x><y>501</y><time>10-02-22 22:44:25:890</time></pt><pt><x>523</x><y>501</y><time>10-02-22 22:44:26:362</time></pt><pt><x>516</x><y>509</y><time>10-02-22 22:44:26:675</time></pt><pt><x>516</x><y>556</y><time>10-02-22 22:44:27:345</time></pt><pt><x>529</x><y>568</y><time>10-02-22 22:44:27:775</time></pt><pt><x>529</x><y>571</y><time>10-02-22 22:44:28:183</time></pt><closed_date>10-02-22 22:44:29:597</closed_date></polygon></object><imagesize><nrows /><ncols /></imagesize></annotation>