<?xml version='1.0' encoding='UTF-8'?>
<annotation><filename>imagem-058.jpg</filename><folder>segmentation_xray</folder><source><sourceImage>The MIT-CSAIL database of objects and scenes</sourceImage><sourceAnnotation>LabelMe Webtool</sourceAnnotation></source><object><name>tooth</name><deleted>0</deleted><verified>0</verified><occluded>no</occluded><attributes>17</attributes><parts><hasparts>3</hasparts><ispartof /></parts><date>19-05-21 09:34:20:288</date><id>0</id><type>bounding_box</type><polygon><username>anonymous</username><pt><x>262</x><y>6</y><time>19-05-21 09:34:02:665</time></pt><pt><x>642</x><y>6</y><time>19-05-21 09:34:05:063</time></pt><pt><x>642</x><y>383</y><time>undefined</time></pt><pt><x>262</x><y>383</y><time>undefined</time></pt><closed_date>19-05-21 09:34:05:063</closed_date></polygon></object><object><name>tooth</name><deleted>0</deleted><verified>0</verified><occluded>no</occluded><attributes>16</attributes><parts><hasparts>4</hasparts><ispartof /></parts><date>19-05-21 09:38:01:595</date><id>1</id><type>bounding_box</type><polygon><username>anonymous</username><pt><x>1014</x><y>399</y><time>19-05-21 09:37:52:611</time></pt><pt><x>606</x><y>399</y><time>19-05-21 09:37:56:218</time></pt><pt><x>606</x><y>-2</y><time>undefined</time></pt><pt><x>1014</x><y>-2</y><time>undefined</time></pt><closed_date>19-05-21 09:37:56:218</closed_date></polygon></object><object><name>tooth</name><deleted>0</deleted><verified>0</verified><occluded>no</occluded><attributes>15</attributes><parts><hasparts>5</hasparts><ispartof /></parts><date>19-05-21 09:39:04:353</date><id>2</id><type>bounding_box</type><polygon><username>anonymous</username><pt><x>1212</x><y>374</y><time>19-05-21 09:38:57:232</time></pt><pt><x>984</x><y>374</y><time>19-05-21 09:38:59:368</time></pt><pt><x>984</x><y>0</y><time>undefined</time></pt><pt><x>1212</x><y>0</y><time>undefined</time></pt><closed_date>19-05-21 09:38:59:368</closed_date></polygon></object><object><name>restoration</name><deleted>0</deleted><verified>0</verified><occluded>no</occluded><attributes /><parts><hasparts /><ispartof>0</ispartof></parts><date>19-05-21 09:39:26:062</date><id>3</id><polygon><username>anonymous</username><pt><x>581</x><y>209</y><time>19-05-21 09:39:08:089</time></pt><pt><x>551</x><y>210</y><time>19-05-21 09:39:08:852</time></pt><pt><x>533</x><y>232</y><time>19-05-21 09:39:09:445</time></pt><pt><x>523</x><y>245</y><time>19-05-21 09:39:09:948</time></pt><pt><x>512</x><y>245</y><time>19-05-21 09:39:10:436</time></pt><pt><x>503</x><y>227</y><time>19-05-21 09:39:10:972</time></pt><pt><x>480</x><y>210</y><time>19-05-21 09:39:11:479</time></pt><pt><x>453</x><y>210</y><time>19-05-21 09:39:11:995</time></pt><pt><x>435</x><y>212</y><time>19-05-21 09:39:12:493</time></pt><pt><x>422</x><y>223</y><time>19-05-21 09:39:12:980</time></pt><pt><x>391</x><y>223</y><time>19-05-21 09:39:13:435</time></pt><pt><x>355</x><y>224</y><time>19-05-21 09:39:13:890</time></pt><pt><x>333</x><y>226</y><time>19-05-21 09:39:14:329</time></pt><pt><x>321</x><y>248</y><time>19-05-21 09:39:14:800</time></pt><pt><x>308</x><y>285</y><time>19-05-21 09:39:16:084</time></pt><pt><x>308</x><y>310</y><time>19-05-21 09:39:16:653</time></pt><pt><x>355</x><y>324</y><time>19-05-21 09:39:17:214</time></pt><pt><x>394</x><y>315</y><time>19-05-21 09:39:17:644</time></pt><pt><x>420</x><y>299</y><time>19-05-21 09:39:18:083</time></pt><pt><x>455</x><y>299</y><time>19-05-21 09:39:18:547</time></pt><pt><x>486</x><y>307</y><time>19-05-21 09:39:19:010</time></pt><pt><x>525</x><y>307</y><time>19-05-21 09:39:19:479</time></pt><pt><x>559</x><y>299</y><time>19-05-21 09:39:19:896</time></pt><pt><x>582</x><y>285</y><time>19-05-21 09:39:20:359</time></pt><pt><x>586</x><y>259</y><time>19-05-21 09:39:20:798</time></pt><pt><x>586</x><y>240</y><time>19-05-21 09:39:21:212</time></pt><pt><x>586</x><y>224</y><time>19-05-21 09:39:21:667</time></pt><closed_date>19-05-21 09:39:22:537</closed_date></polygon></object><object><name>restoration</name><deleted>0</deleted><verified>0</verified><occluded>no</occluded><attributes /><parts><hasparts /><ispartof>1</ispartof></parts><date>19-05-21 09:40:01:270</date><id>4</id><polygon><username>anonymous</username><pt><x>944</x><y>224</y><time>19-05-21 09:39:37:021</time></pt><pt><x>914</x><y>223</y><time>19-05-21 09:39:37:735</time></pt><pt><x>900</x><y>235</y><time>19-05-21 09:39:38:325</time></pt><pt><x>885</x><y>254</y><time>19-05-21 09:39:38:863</time></pt><pt><x>880</x><y>262</y><time>19-05-21 09:39:39:376</time></pt><pt><x>864</x><y>252</y><time>19-05-21 09:39:39:887</time></pt><pt><x>839</x><y>251</y><time>19-05-21 09:39:40:432</time></pt><pt><x>800</x><y>262</y><time>19-05-21 09:39:40:921</time></pt><pt><x>794</x><y>296</y><time>19-05-21 09:39:41:401</time></pt><pt><x>771</x><y>277</y><time>19-05-21 09:39:45:536</time></pt><pt><x>748</x><y>273</y><time>19-05-21 09:39:46:163</time></pt><pt><x>730</x><y>288</y><time>19-05-21 09:39:46:680</time></pt><pt><x>707</x><y>293</y><time>19-05-21 09:39:47:147</time></pt><pt><x>688</x><y>304</y><time>19-05-21 09:39:47:593</time></pt><pt><x>676</x><y>319</y><time>19-05-21 09:39:48:187</time></pt><pt><x>679</x><y>340</y><time>19-05-21 09:39:48:682</time></pt><pt><x>704</x><y>341</y><time>19-05-21 09:39:49:185</time></pt><pt><x>740</x><y>366</y><time>19-05-21 09:39:49:679</time></pt><pt><x>763</x><y>366</y><time>19-05-21 09:39:50:170</time></pt><pt><x>794</x><y>366</y><time>19-05-21 09:39:50:666</time></pt><pt><x>825</x><y>352</y><time>19-05-21 09:39:51:192</time></pt><pt><x>850</x><y>336</y><time>19-05-21 09:39:51:682</time></pt><pt><x>881</x><y>340</y><time>19-05-21 09:39:52:120</time></pt><pt><x>906</x><y>340</y><time>19-05-21 09:39:52:551</time></pt><pt><x>939</x><y>341</y><time>19-05-21 09:39:53:010</time></pt><pt><x>964</x><y>332</y><time>19-05-21 09:39:53:476</time></pt><pt><x>978</x><y>316</y><time>19-05-21 09:39:53:948</time></pt><pt><x>986</x><y>293</y><time>19-05-21 09:39:54:559</time></pt><pt><x>983</x><y>255</y><time>19-05-21 09:39:55:038</time></pt><pt><x>980</x><y>224</y><time>19-05-21 09:39:55:452</time></pt><pt><x>975</x><y>223</y><time>19-05-21 09:39:55:923</time></pt><pt><x>959</x><y>223</y><time>19-05-21 09:39:56:558</time></pt><closed_date>19-05-21 09:39:57:336</closed_date></polygon></object><object><name>restoration</name><deleted>0</deleted><verified>0</verified><occluded>no</occluded><attributes /><parts><hasparts /><ispartof>2</ispartof></parts><date>19-05-21 09:40:27:526</date><id>5</id><polygon><username>anonymous</username><pt><x>1054</x><y>157</y><time>19-05-21 09:40:06:848</time></pt><pt><x>1065</x><y>184</y><time>19-05-21 09:40:07:765</time></pt><pt><x>1079</x><y>185</y><time>19-05-21 09:40:08:293</time></pt><pt><x>1098</x><y>209</y><time>19-05-21 09:40:09:138</time></pt><pt><x>1101</x><y>229</y><time>19-05-21 09:40:09:821</time></pt><pt><x>1101</x><y>260</y><time>19-05-21 09:40:10:374</time></pt><pt><x>1104</x><y>276</y><time>19-05-21 09:40:10:812</time></pt><pt><x>1124</x><y>290</y><time>19-05-21 09:40:11:373</time></pt><pt><x>1148</x><y>296</y><time>19-05-21 09:40:11:829</time></pt><pt><x>1170</x><y>296</y><time>19-05-21 09:40:12:275</time></pt><pt><x>1184</x><y>296</y><time>19-05-21 09:40:12:722</time></pt><pt><x>1204</x><y>296</y><time>19-05-21 09:40:13:242</time></pt><pt><x>1207</x><y>319</y><time>19-05-21 09:40:13:893</time></pt><pt><x>1204</x><y>335</y><time>19-05-21 09:40:14:510</time></pt><pt><x>1179</x><y>352</y><time>19-05-21 09:40:15:039</time></pt><pt><x>1134</x><y>354</y><time>19-05-21 09:40:15:632</time></pt><pt><x>1096</x><y>352</y><time>19-05-21 09:40:16:119</time></pt><pt><x>1054</x><y>329</y><time>19-05-21 09:40:16:713</time></pt><pt><x>1028</x><y>316</y><time>19-05-21 09:40:17:230</time></pt><pt><x>1015</x><y>299</y><time>19-05-21 09:40:17:745</time></pt><pt><x>998</x><y>254</y><time>19-05-21 09:40:18:315</time></pt><pt><x>997</x><y>213</y><time>19-05-21 09:40:18:818</time></pt><pt><x>998</x><y>188</y><time>19-05-21 09:40:19:272</time></pt><pt><x>1015</x><y>170</y><time>19-05-21 09:40:19:737</time></pt><closed_date>19-05-21 09:40:20:386</closed_date></polygon></object><object><name>tooth</name><deleted>0</deleted><verified>0</verified><occluded>no</occluded><attributes>47</attributes><parts><hasparts>9</hasparts><ispartof /></parts><date>19-05-21 09:40:49:419</date><id>6</id><type>bounding_box</type><polygon><username>anonymous</username><pt><x>156</x><y>947</y><time>19-05-21 09:40:32:677</time></pt><pt><x>575</x><y>947</y><time>19-05-21 09:40:38:350</time></pt><pt><x>575</x><y>399</y><time>undefined</time></pt><pt><x>156</x><y>399</y><time>undefined</time></pt><closed_date>19-05-21 09:40:38:350</closed_date></polygon></object><object><name>tooth</name><deleted>0</deleted><verified>0</verified><occluded>no</occluded><attributes>46</attributes><parts><hasparts>10</hasparts><ispartof /></parts><date>19-05-21 09:41:18:326</date><id>7</id><type>bounding_box</type><polygon><username>anonymous</username><pt><x>950</x><y>939</y><time>19-05-21 09:41:10:156</time></pt><pt><x>548</x><y>939</y><time>19-05-21 09:41:13:910</time></pt><pt><x>548</x><y>403</y><time>undefined</time></pt><pt><x>950</x><y>403</y><time>undefined</time></pt><closed_date>19-05-21 09:41:13:911</closed_date></polygon></object><object><name>tooth</name><deleted>0</deleted><verified>0</verified><occluded>no</occluded><attributes>45</attributes><parts><hasparts>11</hasparts><ispartof /></parts><date>19-05-21 09:41:45:902</date><id>8</id><type>bounding_box</type><polygon><username>anonymous</username><pt><x>1216</x><y>436</y><time>19-05-21 09:41:36:205</time></pt><pt><x>931</x><y>436</y><time>19-05-21 09:41:38:763</time></pt><pt><x>931</x><y>950</y><time>undefined</time></pt><pt><x>1216</x><y>950</y><time>undefined</time></pt><closed_date>19-05-21 09:41:38:764</closed_date></polygon></object><object><name>restoration</name><deleted>0</deleted><verified>0</verified><occluded>no</occluded><attributes /><parts><hasparts /><ispartof>6</ispartof></parts><date>19-05-21 09:42:06:663</date><id>9</id><polygon><username>anonymous</username><pt><x>221</x><y>442</y><time>19-05-21 09:41:52:312</time></pt><pt><x>243</x><y>514</y><time>19-05-21 09:41:53:179</time></pt><pt><x>274</x><y>550</y><time>19-05-21 09:41:53:820</time></pt><pt><x>355</x><y>542</y><time>19-05-21 09:41:54:365</time></pt><pt><x>400</x><y>533</y><time>19-05-21 09:41:54:944</time></pt><pt><x>427</x><y>550</y><time>19-05-21 09:41:55:423</time></pt><pt><x>433</x><y>584</y><time>19-05-21 09:41:55:960</time></pt><pt><x>483</x><y>579</y><time>19-05-21 09:41:56:577</time></pt><pt><x>515</x><y>553</y><time>19-05-21 09:41:57:114</time></pt><pt><x>544</x><y>506</y><time>19-05-21 09:41:57:634</time></pt><pt><x>551</x><y>475</y><time>19-05-21 09:41:58:243</time></pt><pt><x>522</x><y>461</y><time>19-05-21 09:41:58:773</time></pt><pt><x>492</x><y>436</y><time>19-05-21 09:41:59:333</time></pt><pt><x>438</x><y>424</y><time>19-05-21 09:41:59:893</time></pt><pt><x>383</x><y>438</y><time>19-05-21 09:42:00:373</time></pt><pt><x>352</x><y>447</y><time>19-05-21 09:42:00:885</time></pt><pt><x>313</x><y>431</y><time>19-05-21 09:42:01:357</time></pt><pt><x>265</x><y>419</y><time>19-05-21 09:42:01:833</time></pt><pt><x>243</x><y>424</y><time>19-05-21 09:42:02:324</time></pt><pt><x>232</x><y>435</y><time>19-05-21 09:42:02:859</time></pt><closed_date>19-05-21 09:42:03:542</closed_date></polygon></object><object><name>restoration</name><deleted>0</deleted><verified>0</verified><occluded>no</occluded><attributes /><parts><hasparts /><ispartof>7</ispartof></parts><date>19-05-21 09:42:34:715</date><id>10</id><polygon><username>anonymous</username><pt><x>878</x><y>489</y><time>19-05-21 09:42:18:278</time></pt><pt><x>846</x><y>533</y><time>19-05-21 09:42:19:138</time></pt><pt><x>824</x><y>547</y><time>19-05-21 09:42:19:716</time></pt><pt><x>805</x><y>578</y><time>19-05-21 09:42:20:325</time></pt><pt><x>774</x><y>579</y><time>19-05-21 09:42:20:845</time></pt><pt><x>724</x><y>570</y><time>19-05-21 09:42:21:430</time></pt><pt><x>707</x><y>582</y><time>19-05-21 09:42:22:666</time></pt><pt><x>674</x><y>604</y><time>19-05-21 09:42:23:267</time></pt><pt><x>635</x><y>621</y><time>19-05-21 09:42:23:796</time></pt><pt><x>614</x><y>621</y><time>19-05-21 09:42:24:275</time></pt><pt><x>598</x><y>607</y><time>19-05-21 09:42:24:763</time></pt><pt><x>579</x><y>578</y><time>19-05-21 09:42:25:251</time></pt><pt><x>570</x><y>536</y><time>19-05-21 09:42:25:746</time></pt><pt><x>570</x><y>500</y><time>19-05-21 09:42:26:226</time></pt><pt><x>573</x><y>475</y><time>19-05-21 09:42:26:704</time></pt><pt><x>626</x><y>477</y><time>19-05-21 09:42:27:183</time></pt><pt><x>645</x><y>484</y><time>19-05-21 09:42:27:655</time></pt><pt><x>699</x><y>486</y><time>19-05-21 09:42:28:111</time></pt><pt><x>746</x><y>484</y><time>19-05-21 09:42:28:566</time></pt><pt><x>766</x><y>487</y><time>19-05-21 09:42:29:111</time></pt><pt><x>800</x><y>491</y><time>19-05-21 09:42:29:591</time></pt><pt><x>861</x><y>481</y><time>19-05-21 09:42:30:020</time></pt><closed_date>19-05-21 09:42:30:420</closed_date></polygon></object><object><name>restoration</name><deleted>0</deleted><verified>0</verified><occluded>no</occluded><attributes /><parts><hasparts /><ispartof>8</ispartof></parts><date>19-05-21 09:42:53:400</date><id>11</id><polygon><username>anonymous</username><pt><x>1160</x><y>501</y><time>19-05-21 09:42:39:020</time></pt><pt><x>1154</x><y>523</y><time>19-05-21 09:42:39:596</time></pt><pt><x>1118</x><y>534</y><time>19-05-21 09:42:40:287</time></pt><pt><x>1090</x><y>530</y><time>19-05-21 09:42:40:888</time></pt><pt><x>1059</x><y>534</y><time>19-05-21 09:42:41:416</time></pt><pt><x>1037</x><y>559</y><time>19-05-21 09:42:41:896</time></pt><pt><x>1015</x><y>595</y><time>19-05-21 09:42:42:381</time></pt><pt><x>990</x><y>631</y><time>19-05-21 09:42:42:936</time></pt><pt><x>970</x><y>634</y><time>19-05-21 09:42:43:407</time></pt><pt><x>961</x><y>610</y><time>19-05-21 09:42:43:895</time></pt><pt><x>948</x><y>581</y><time>19-05-21 09:42:44:448</time></pt><pt><x>942</x><y>537</y><time>19-05-21 09:42:45:154</time></pt><pt><x>947</x><y>487</y><time>19-05-21 09:42:45:699</time></pt><pt><x>955</x><y>487</y><time>19-05-21 09:42:46:260</time></pt><pt><x>973</x><y>483</y><time>19-05-21 09:42:46:910</time></pt><pt><x>1014</x><y>487</y><time>19-05-21 09:42:47:405</time></pt><pt><x>1026</x><y>497</y><time>19-05-21 09:42:47:907</time></pt><pt><x>1070</x><y>497</y><time>19-05-21 09:42:48:357</time></pt><pt><x>1107</x><y>497</y><time>19-05-21 09:42:48:804</time></pt><pt><x>1148</x><y>497</y><time>19-05-21 09:42:49:243</time></pt><closed_date>19-05-21 09:42:49:826</closed_date></polygon></object><imagesize><nrows /><ncols /></imagesize></annotation>