<?xml version='1.0' encoding='UTF-8'?>
<annotation><filename>imagem-005.jpg</filename><folder>segmentation_xray</folder><source><sourceImage>The MIT-CSAIL database of objects and scenes</sourceImage><sourceAnnotation>LabelMe Webtool</sourceAnnotation></source><object><name>tooth</name><deleted>0</deleted><verified>0</verified><occluded>no</occluded><attributes>23</attributes><parts><hasparts /><ispartof /></parts><date>12-05-21 10:46:32:954</date><id>0</id><type>bounding_box</type><polygon><username>anonymous</username><pt><x>192</x><y>26</y><time>12-05-21 10:46:24:179</time></pt><pt><x>1093</x><y>26</y><time>12-05-21 10:46:27:228</time></pt><pt><x>1093</x><y>1218</y><time>undefined</time></pt><pt><x>192</x><y>1218</y><time>undefined</time></pt><closed_date>12-05-21 10:46:27:228</closed_date></polygon></object><object><name>tooth</name><deleted>0</deleted><verified>0</verified><occluded>no</occluded><attributes>24</attributes><parts><hasparts /><ispartof /></parts><date>12-05-21 10:46:53:954</date><id>1</id><type>bounding_box</type><polygon><username>anonymous</username><pt><x>1684</x><y>1259</y><time>12-05-21 10:46:44:233</time></pt><pt><x>917</x><y>1259</y><time>12-05-21 10:46:49:140</time></pt><pt><x>917</x><y>16</y><time>undefined</time></pt><pt><x>1684</x><y>16</y><time>undefined</time></pt><closed_date>12-05-21 10:46:49:140</closed_date></polygon></object><object><name>tooth</name><deleted>0</deleted><verified>0</verified><occluded>no</occluded><attributes>25</attributes><parts><hasparts /><ispartof /></parts><date>12-05-21 10:47:04:939</date><id>2</id><type>bounding_box</type><polygon><username>anonymous</username><pt><x>2368</x><y>1270</y><time>12-05-21 10:46:56:087</time></pt><pt><x>1565</x><y>1270</y><time>12-05-21 10:47:00:548</time></pt><pt><x>1565</x><y>36</y><time>undefined</time></pt><pt><x>2368</x><y>36</y><time>undefined</time></pt><closed_date>12-05-21 10:47:00:549</closed_date></polygon></object><object><name>tooth</name><deleted>0</deleted><verified>0</verified><occluded>no</occluded><attributes>26</attributes><parts><hasparts /><ispartof /></parts><date>12-05-21 10:47:15:506</date><id>3</id><type>bounding_box</type><polygon><username>anonymous</username><pt><x>3379</x><y>1301</y><time>12-05-21 10:47:06:440</time></pt><pt><x>2244</x><y>1301</y><time>12-05-21 10:47:10:337</time></pt><pt><x>2244</x><y>36</y><time>undefined</time></pt><pt><x>3379</x><y>36</y><time>undefined</time></pt><closed_date>12-05-21 10:47:10:337</closed_date></polygon></object><object><name>tooth</name><deleted>0</deleted><verified>0</verified><occluded>no</occluded><attributes>27</attributes><parts><hasparts>11</hasparts><ispartof /></parts><date>12-05-21 10:47:36:760</date><id>4</id><type>bounding_box</type><polygon><username>anonymous</username><pt><x>3332</x><y>1202</y><time>12-05-21 10:47:28:631</time></pt><pt><x>4068</x><y>1202</y><time>12-05-21 10:47:31:905</time></pt><pt><x>4068</x><y>21</y><time>undefined</time></pt><pt><x>3332</x><y>21</y><time>undefined</time></pt><closed_date>12-05-21 10:47:31:905</closed_date></polygon></object><object><name>tooth</name><deleted>0</deleted><verified>0</verified><occluded>no</occluded><attributes>33</attributes><parts><hasparts /><ispartof /></parts><date>12-05-21 10:48:03:160</date><id>5</id><type>bounding_box</type><polygon><username>anonymous</username><pt><x>52</x><y>1575</y><time>12-05-21 10:47:53:793</time></pt><pt><x>648</x><y>1575</y><time>12-05-21 10:47:57:201</time></pt><pt><x>648</x><y>3156</y><time>undefined</time></pt><pt><x>52</x><y>3156</y><time>undefined</time></pt><closed_date>12-05-21 10:47:57:201</closed_date></polygon></object><object><name>tooth</name><deleted>0</deleted><verified>0</verified><occluded>no</occluded><attributes>34</attributes><parts><hasparts /><ispartof /></parts><date>12-05-21 10:48:26:695</date><id>6</id><type>bounding_box</type><polygon><username>anonymous</username><pt><x>1301</x><y>1518</y><time>12-05-21 10:48:16:472</time></pt><pt><x>606</x><y>1518</y><time>12-05-21 10:48:20:827</time></pt><pt><x>606</x><y>3135</y><time>undefined</time></pt><pt><x>1301</x><y>3135</y><time>undefined</time></pt><closed_date>12-05-21 10:48:20:827</closed_date></polygon></object><object><name>tooth</name><deleted>0</deleted><verified>0</verified><occluded>no</occluded><attributes>35</attributes><parts><hasparts /><ispartof /></parts><date>12-05-21 10:48:59:155</date><id>7</id><type>bounding_box</type><polygon><username>anonymous</username><pt><x>2000</x><y>1560</y><time>12-05-21 10:48:43:078</time></pt><pt><x>1259</x><y>1560</y><time>12-05-21 10:48:52:528</time></pt><pt><x>1259</x><y>3135</y><time>undefined</time></pt><pt><x>2000</x><y>3135</y><time>undefined</time></pt><closed_date>12-05-21 10:48:52:528</closed_date></polygon></object><object><name>tooth</name><deleted>0</deleted><verified>0</verified><occluded>no</occluded><attributes>36</attributes><parts><hasparts /><ispartof /></parts><date>12-05-21 10:49:49:984</date><id>8</id><type>bounding_box</type><polygon><username>anonymous</username><pt><x>3078</x><y>1534</y><time>12-05-21 10:49:38:586</time></pt><pt><x>1928</x><y>1534</y><time>12-05-21 10:49:43:339</time></pt><pt><x>1928</x><y>3120</y><time>undefined</time></pt><pt><x>3078</x><y>3120</y><time>undefined</time></pt><closed_date>12-05-21 10:49:43:340</closed_date></polygon></object><object><name>tooth</name><deleted>0</deleted><verified>0</verified><occluded>no</occluded><attributes>37</attributes><parts><hasparts>10</hasparts><ispartof /></parts><date>12-05-21 10:50:13:385</date><id>9</id><type>bounding_box</type><polygon><username>anonymous</username><pt><x>4078</x><y>1394</y><time>12-05-21 10:50:03:520</time></pt><pt><x>2995</x><y>1394</y><time>12-05-21 10:50:07:362</time></pt><pt><x>2995</x><y>3099</y><time>undefined</time></pt><pt><x>4078</x><y>3099</y><time>undefined</time></pt><closed_date>12-05-21 10:50:07:362</closed_date></polygon></object><imagesize><nrows /><ncols /></imagesize><object><name>restoration</name><deleted>0</deleted><verified>0</verified><occluded>no</occluded><attributes /><parts><hasparts /><ispartof>9</ispartof></parts><date>16-02-22 14:42:47:354</date><id>10</id><polygon><username>anonymous</username><pt><x>3217</x><y>1705</y><time>16-02-22 14:42:31:976</time></pt><pt><x>3355</x><y>1800</y><time>16-02-22 14:42:32:431</time></pt><pt><x>3478</x><y>1800</y><time>16-02-22 14:42:32:879</time></pt><pt><x>3572</x><y>1761</y><time>16-02-22 14:42:33:367</time></pt><pt><x>3605</x><y>1717</y><time>16-02-22 14:42:34:535</time></pt><pt><x>3672</x><y>1794</y><time>16-02-22 14:42:34:911</time></pt><pt><x>3761</x><y>1672</y><time>16-02-22 14:42:35:456</time></pt><pt><x>3839</x><y>1583</y><time>16-02-22 14:42:35:847</time></pt><pt><x>3711</x><y>1572</y><time>16-02-22 14:42:42:728</time></pt><pt><x>3694</x><y>1506</y><time>16-02-22 14:42:43:119</time></pt><pt><x>3605</x><y>1539</y><time>16-02-22 14:42:43:441</time></pt><pt><x>3578</x><y>1594</y><time>16-02-22 14:42:43:687</time></pt><pt><x>3483</x><y>1605</y><time>16-02-22 14:42:43:927</time></pt><pt><x>3383</x><y>1633</y><time>16-02-22 14:42:44:160</time></pt><pt><x>3289</x><y>1639</y><time>16-02-22 14:42:44:383</time></pt><pt><x>3228</x><y>1661</y><time>16-02-22 14:42:44:616</time></pt><pt><x>3228</x><y>1661</y><time>16-02-22 14:42:44:935</time></pt><closed_date>16-02-22 14:42:45:308</closed_date></polygon></object><object><name>restoration</name><deleted>0</deleted><verified>0</verified><occluded>no</occluded><attributes /><parts><hasparts /><ispartof>4</ispartof></parts><date>16-02-22 14:42:56:471</date><id>11</id><polygon><username>anonymous</username><pt><x>3600</x><y>956</y><time>16-02-22 14:42:51:304</time></pt><pt><x>3683</x><y>872</y><time>16-02-22 14:42:51:655</time></pt><pt><x>3805</x><y>850</y><time>16-02-22 14:42:51:935</time></pt><pt><x>3989</x><y>850</y><time>16-02-22 14:42:52:199</time></pt><pt><x>4033</x><y>861</y><time>16-02-22 14:42:52:438</time></pt><pt><x>4067</x><y>967</y><time>16-02-22 14:42:52:783</time></pt><pt><x>4055</x><y>1022</y><time>16-02-22 14:42:53:110</time></pt><pt><x>3933</x><y>994</y><time>16-02-22 14:42:53:367</time></pt><pt><x>3711</x><y>1006</y><time>16-02-22 14:42:53:632</time></pt><pt><x>3572</x><y>1006</y><time>16-02-22 14:42:53:902</time></pt><pt><x>3572</x><y>989</y><time>16-02-22 14:42:54:175</time></pt><closed_date>16-02-22 14:42:54:518</closed_date></polygon></object></annotation>