<?xml version='1.0' encoding='UTF-8'?>
<annotation><filename>imagem-042.jpg</filename><folder>segmentation_xray</folder><source><sourceImage>The MIT-CSAIL database of objects and scenes</sourceImage><sourceAnnotation>LabelMe Webtool</sourceAnnotation></source><object><name>tooth</name><deleted>0</deleted><verified>0</verified><occluded>no</occluded><attributes>18</attributes><parts><hasparts /><ispartof /></parts><date>26-05-21 10:34:57:246</date><id>0</id><type>bounding_box</type><polygon><username>anonymous</username><pt><x>2</x><y>296</y><time>26-05-21 10:34:37:791</time></pt><pt><x>213</x><y>296</y><time>26-05-21 10:34:41:303</time></pt><pt><x>213</x><y>2</y><time>undefined</time></pt><pt><x>2</x><y>2</y><time>undefined</time></pt><closed_date>26-05-21 10:34:41:304</closed_date></polygon></object><object><name>tooth</name><deleted>0</deleted><verified>0</verified><occluded>no</occluded><attributes>17</attributes><parts><hasparts /><ispartof /></parts><date>26-05-21 10:35:16:425</date><id>1</id><type>bounding_box</type><polygon><username>anonymous</username><pt><x>519</x><y>397</y><time>26-05-21 10:35:07:343</time></pt><pt><x>195</x><y>397</y><time>26-05-21 10:35:10:551</time></pt><pt><x>195</x><y>5</y><time>undefined</time></pt><pt><x>519</x><y>5</y><time>undefined</time></pt><closed_date>26-05-21 10:35:10:551</closed_date></polygon></object><object><name>tooth</name><deleted>0</deleted><verified>0</verified><occluded>no</occluded><attributes>16</attributes><parts><hasparts>5</hasparts><ispartof /></parts><date>26-05-21 10:36:31:855</date><id>2</id><type>bounding_box</type><polygon><username>anonymous</username><pt><x>842</x><y>413</y><time>26-05-21 10:36:21:415</time></pt><pt><x>478</x><y>413</y><time>26-05-21 10:36:25:799</time></pt><pt><x>478</x><y>5</y><time>undefined</time></pt><pt><x>842</x><y>5</y><time>undefined</time></pt><closed_date>26-05-21 10:36:25:799</closed_date></polygon></object><object><name>tooth</name><deleted>0</deleted><verified>0</verified><occluded>no</occluded><attributes>15</attributes><parts><hasparts>6</hasparts><ispartof /></parts><date>26-05-21 10:37:01:973</date><id>3</id><type>bounding_box</type><polygon><username>anonymous</username><pt><x>1056</x><y>406</y><time>26-05-21 10:36:43:062</time></pt><pt><x>816</x><y>406</y><time>26-05-21 10:36:55:614</time></pt><pt><x>816</x><y>3</y><time>undefined</time></pt><pt><x>1056</x><y>3</y><time>undefined</time></pt><closed_date>26-05-21 10:36:55:614</closed_date></polygon></object><object><name>tooth</name><deleted>0</deleted><verified>0</verified><occluded>no</occluded><attributes>14</attributes><parts><hasparts /><ispartof /></parts><date>26-05-21 10:37:35:360</date><id>4</id><type>bounding_box</type><polygon><username>anonymous</username><pt><x>1049</x><y>399</y><time>26-05-21 10:37:25:116</time></pt><pt><x>1217</x><y>399</y><time>26-05-21 10:37:28:581</time></pt><pt><x>1217</x><y>5</y><time>undefined</time></pt><pt><x>1049</x><y>5</y><time>undefined</time></pt><closed_date>26-05-21 10:37:28:581</closed_date></polygon></object><object><name>restoration</name><deleted>0</deleted><verified>0</verified><occluded>no</occluded><attributes /><parts><hasparts /><ispartof>2</ispartof></parts><date>26-05-21 10:37:59:710</date><id>5</id><polygon><username>anonymous</username><pt><x>800</x><y>244</y><time>26-05-21 10:37:44:559</time></pt><pt><x>783</x><y>239</y><time>26-05-21 10:37:46:360</time></pt><pt><x>765</x><y>249</y><time>26-05-21 10:37:47:227</time></pt><pt><x>762</x><y>270</y><time>26-05-21 10:37:47:949</time></pt><pt><x>755</x><y>298</y><time>26-05-21 10:37:48:716</time></pt><pt><x>760</x><y>322</y><time>26-05-21 10:37:49:355</time></pt><pt><x>769</x><y>338</y><time>26-05-21 10:37:50:053</time></pt><pt><x>776</x><y>359</y><time>26-05-21 10:37:50:753</time></pt><pt><x>781</x><y>364</y><time>26-05-21 10:37:51:426</time></pt><pt><x>797</x><y>364</y><time>26-05-21 10:37:52:154</time></pt><pt><x>804</x><y>338</y><time>26-05-21 10:37:52:867</time></pt><pt><x>818</x><y>316</y><time>26-05-21 10:37:53:613</time></pt><pt><x>816</x><y>296</y><time>26-05-21 10:37:54:288</time></pt><pt><x>812</x><y>274</y><time>26-05-21 10:37:55:001</time></pt><closed_date>26-05-21 10:37:55:778</closed_date></polygon></object><object><name>restoration</name><deleted>0</deleted><verified>0</verified><occluded>no</occluded><attributes /><parts><hasparts /><ispartof>3</ispartof></parts><date>26-05-21 10:38:18:585</date><id>6</id><polygon><username>anonymous</username><pt><x>859</x><y>248</y><time>26-05-21 10:38:05:051</time></pt><pt><x>866</x><y>270</y><time>26-05-21 10:38:05:971</time></pt><pt><x>870</x><y>291</y><time>26-05-21 10:38:06:793</time></pt><pt><x>870</x><y>322</y><time>26-05-21 10:38:07:499</time></pt><pt><x>873</x><y>335</y><time>26-05-21 10:38:08:246</time></pt><pt><x>866</x><y>349</y><time>26-05-21 10:38:08:963</time></pt><pt><x>852</x><y>345</y><time>26-05-21 10:38:10:193</time></pt><pt><x>835</x><y>310</y><time>26-05-21 10:38:12:445</time></pt><pt><x>835</x><y>289</y><time>26-05-21 10:38:13:295</time></pt><pt><x>845</x><y>261</y><time>26-05-21 10:38:14:304</time></pt><closed_date>26-05-21 10:38:15:071</closed_date></polygon></object><object><name>tooth</name><deleted>0</deleted><verified>0</verified><occluded>no</occluded><attributes>47</attributes><parts><hasparts>8</hasparts><ispartof /></parts><date>26-05-21 10:38:53:687</date><id>7</id><type>bounding_box</type><polygon><username>anonymous</username><pt><x>155</x><y>424</y><time>26-05-21 10:38:31:857</time></pt><pt><x>593</x><y>424</y><time>26-05-21 10:38:36:935</time></pt><pt><x>593</x><y>948</y><time>undefined</time></pt><pt><x>155</x><y>948</y><time>undefined</time></pt><closed_date>26-05-21 10:38:36:935</closed_date></polygon></object><object><name>restoration</name><deleted>0</deleted><verified>0</verified><occluded>no</occluded><attributes /><parts><hasparts /><ispartof>7</ispartof></parts><date>26-05-21 10:40:45:565</date><id>8</id><polygon><username>anonymous</username><pt><x>401</x><y>521</y><time>26-05-21 10:40:28:545</time></pt><pt><x>401</x><y>558</y><time>26-05-21 10:40:29:353</time></pt><pt><x>420</x><y>568</y><time>26-05-21 10:40:30:056</time></pt><pt><x>450</x><y>579</y><time>26-05-21 10:40:30:880</time></pt><pt><x>472</x><y>570</y><time>26-05-21 10:40:32:356</time></pt><pt><x>481</x><y>549</y><time>26-05-21 10:40:33:075</time></pt><pt><x>495</x><y>535</y><time>26-05-21 10:40:33:734</time></pt><pt><x>509</x><y>525</y><time>26-05-21 10:40:34:861</time></pt><pt><x>530</x><y>511</y><time>26-05-21 10:40:36:223</time></pt><pt><x>521</x><y>502</y><time>26-05-21 10:40:36:889</time></pt><pt><x>497</x><y>497</y><time>26-05-21 10:40:37:647</time></pt><pt><x>471</x><y>497</y><time>26-05-21 10:40:38:445</time></pt><pt><x>443</x><y>497</y><time>26-05-21 10:40:39:326</time></pt><pt><x>439</x><y>512</y><time>26-05-21 10:40:40:187</time></pt><pt><x>425</x><y>516</y><time>26-05-21 10:40:41:011</time></pt><closed_date>26-05-21 10:40:41:725</closed_date></polygon></object><object><name>tooth</name><deleted>0</deleted><verified>0</verified><occluded>no</occluded><attributes>48</attributes><parts><hasparts /><ispartof /></parts><date>26-05-21 10:41:13:067</date><id>9</id><type>bounding_box</type><polygon><username>anonymous</username><pt><x>2</x><y>331</y><time>26-05-21 10:40:54:259</time></pt><pt><x>246</x><y>331</y><time>26-05-21 10:41:04:941</time></pt><pt><x>246</x><y>858</y><time>undefined</time></pt><pt><x>2</x><y>858</y><time>undefined</time></pt><closed_date>26-05-21 10:41:04:941</closed_date></polygon></object><object><name>tooth</name><deleted>0</deleted><verified>0</verified><occluded>no</occluded><attributes>46</attributes><parts><hasparts /><ispartof /></parts><date>26-05-21 10:41:27:690</date><id>10</id><type>bounding_box</type><polygon><username>anonymous</username><pt><x>560</x><y>479</y><time>26-05-21 10:41:16:779</time></pt><pt><x>959</x><y>479</y><time>26-05-21 10:41:21:072</time></pt><pt><x>959</x><y>947</y><time>undefined</time></pt><pt><x>560</x><y>947</y><time>undefined</time></pt><closed_date>26-05-21 10:41:21:072</closed_date></polygon></object><object><name>tooth</name><deleted>0</deleted><verified>0</verified><occluded>no</occluded><attributes>45</attributes><parts><hasparts>12</hasparts><ispartof /></parts><date>26-05-21 10:41:53:293</date><id>11</id><type>bounding_box</type><polygon><username>anonymous</username><pt><x>1191</x><y>486</y><time>26-05-21 10:41:44:331</time></pt><pt><x>929</x><y>486</y><time>26-05-21 10:41:47:327</time></pt><pt><x>929</x><y>943</y><time>undefined</time></pt><pt><x>1191</x><y>943</y><time>undefined</time></pt><closed_date>26-05-21 10:41:47:327</closed_date></polygon></object><object><name>restoration</name><deleted>0</deleted><verified>0</verified><occluded>no</occluded><attributes /><parts><hasparts /><ispartof>11</ispartof></parts><date>26-05-21 10:42:14:433</date><id>12</id><polygon><username>anonymous</username><pt><x>992</x><y>580</y><time>26-05-21 10:41:58:140</time></pt><pt><x>1018</x><y>553</y><time>26-05-21 10:41:59:463</time></pt><pt><x>1042</x><y>539</y><time>26-05-21 10:42:00:371</time></pt><pt><x>1062</x><y>528</y><time>26-05-21 10:42:01:105</time></pt><pt><x>1058</x><y>511</y><time>26-05-21 10:42:01:866</time></pt><pt><x>1035</x><y>506</y><time>26-05-21 10:42:02:646</time></pt><pt><x>1014</x><y>511</y><time>26-05-21 10:42:03:439</time></pt><pt><x>980</x><y>528</y><time>26-05-21 10:42:04:219</time></pt><pt><x>955</x><y>540</y><time>26-05-21 10:42:05:056</time></pt><pt><x>947</x><y>579</y><time>26-05-21 10:42:05:830</time></pt><pt><x>947</x><y>608</y><time>26-05-21 10:42:07:007</time></pt><pt><x>969</x><y>612</y><time>26-05-21 10:42:07:916</time></pt><pt><x>985</x><y>605</y><time>26-05-21 10:42:08:798</time></pt><pt><x>988</x><y>593</y><time>26-05-21 10:42:09:450</time></pt><closed_date>26-05-21 10:42:10:340</closed_date></polygon></object><object><name>tooth</name><deleted>0</deleted><verified>0</verified><occluded>no</occluded><attributes>44</attributes><parts><hasparts /><ispartof /></parts><date>26-05-21 10:44:08:635</date><id>13</id><type>bounding_box</type><polygon><username>anonymous</username><pt><x>1215</x><y>516</y><time>26-05-21 10:43:11:286</time></pt><pt><x>1124</x><y>516</y><time>26-05-21 10:43:15:312</time></pt><pt><x>1124</x><y>919</y><time>undefined</time></pt><pt><x>1215</x><y>919</y><time>undefined</time></pt><closed_date>26-05-21 10:43:15:313</closed_date></polygon></object><imagesize><nrows /><ncols /></imagesize></annotation>