<?xml version='1.0' encoding='UTF-8'?>
<annotation><filename>imagem-091.jpg</filename><folder>segmentation_xray</folder><source><sourceImage>The MIT-CSAIL database of objects and scenes</sourceImage><sourceAnnotation>LabelMe Webtool</sourceAnnotation></source><object><name>tooth</name><deleted>0</deleted><verified>0</verified><occluded>no</occluded><attributes>62</attributes><parts><hasparts /><ispartof>7</ispartof></parts><date>19-05-21 09:18:34:022</date><id>0</id><type>bounding_box</type><polygon><username>anonymous</username><pt><x>279</x><y>36</y><time>19-05-21 09:18:26:034</time></pt><pt><x>10</x><y>36</y><time>19-05-21 09:18:28:649</time></pt><pt><x>10</x><y>350</y><time>undefined</time></pt><pt><x>279</x><y>350</y><time>undefined</time></pt><closed_date>19-05-21 09:18:28:649</closed_date></polygon></object><object><name>tooth</name><deleted>0</deleted><verified>0</verified><occluded>no</occluded><attributes>63</attributes><parts><hasparts /><ispartof>7</ispartof></parts><date>19-05-21 09:18:43:546</date><id>1</id><type>bounding_box</type><polygon><username>anonymous</username><pt><x>600</x><y>36</y><time>19-05-21 09:18:35:223</time></pt><pt><x>252</x><y>36</y><time>19-05-21 09:18:37:940</time></pt><pt><x>252</x><y>441</y><time>undefined</time></pt><pt><x>600</x><y>441</y><time>undefined</time></pt><closed_date>19-05-21 09:18:37:941</closed_date></polygon></object><object><name>tooth</name><deleted>0</deleted><verified>0</verified><occluded>no</occluded><attributes>64</attributes><parts><hasparts /><ispartof>7</ispartof></parts><date>19-05-21 09:18:54:175</date><id>2</id><type>bounding_box</type><polygon><username>anonymous</username><pt><x>974</x><y>40</y><time>19-05-21 09:18:46:829</time></pt><pt><x>541</x><y>40</y><time>19-05-21 09:18:49:476</time></pt><pt><x>541</x><y>476</y><time>undefined</time></pt><pt><x>974</x><y>476</y><time>undefined</time></pt><closed_date>19-05-21 09:18:49:476</closed_date></polygon></object><object><name>tooth</name><deleted>0</deleted><verified>0</verified><occluded>no</occluded><attributes>65</attributes><parts><hasparts /><ispartof>7</ispartof></parts><date>19-05-21 09:19:04:021</date><id>3</id><type>bounding_box</type><polygon><username>anonymous</username><pt><x>1322</x><y>55</y><time>19-05-21 09:18:55:369</time></pt><pt><x>856</x><y>55</y><time>19-05-21 09:18:59:705</time></pt><pt><x>856</x><y>546</y><time>undefined</time></pt><pt><x>1322</x><y>546</y><time>undefined</time></pt><closed_date>19-05-21 09:18:59:705</closed_date></polygon></object><object><name>tooth</name><deleted>0</deleted><verified>0</verified><occluded>no</occluded><attributes>26</attributes><parts><hasparts /><ispartof>7</ispartof></parts><date>19-05-21 09:19:11:891</date><id>4</id><type>bounding_box</type><polygon><username>anonymous</username><pt><x>1609</x><y>434</y><time>19-05-21 09:19:05:055</time></pt><pt><x>1314</x><y>434</y><time>19-05-21 09:19:06:762</time></pt><pt><x>1314</x><y>50</y><time>undefined</time></pt><pt><x>1609</x><y>50</y><time>undefined</time></pt><closed_date>19-05-21 09:19:06:762</closed_date></polygon></object><object><name>tooth</name><deleted>0</deleted><verified>0</verified><occluded>no</occluded><attributes>24</attributes><parts><hasparts /><ispartof /></parts><date>19-05-21 09:19:42:026</date><id>5</id><type>bounding_box</type><polygon><username>anonymous</username><pt><x>1001</x><y>38</y><time>19-05-21 09:19:31:761</time></pt><pt><x>684</x><y>38</y><time>19-05-21 09:19:34:766</time></pt><pt><x>684</x><y>153</y><time>undefined</time></pt><pt><x>1001</x><y>153</y><time>undefined</time></pt><closed_date>19-05-21 09:19:34:766</closed_date></polygon></object><object><name>tooth</name><deleted>0</deleted><verified>0</verified><occluded>no</occluded><attributes>73</attributes><parts><hasparts /><ispartof /></parts><date>19-05-21 09:19:58:376</date><id>6</id><type>bounding_box</type><polygon><username>anonymous</username><pt><x>19</x><y>508</y><time>19-05-21 09:19:46:404</time></pt><pt><x>101</x><y>508</y><time>19-05-21 09:19:52:149</time></pt><pt><x>101</x><y>976</y><time>undefined</time></pt><pt><x>19</x><y>976</y><time>undefined</time></pt><closed_date>19-05-21 09:19:52:149</closed_date></polygon></object><object><name>tooth</name><deleted>0</deleted><verified>0</verified><occluded>no</occluded><attributes>74</attributes><parts><hasparts /><ispartof /></parts><date>19-05-21 09:20:09:226</date><id>7</id><type>bounding_box</type><polygon><username>anonymous</username><pt><x>103</x><y>529</y><time>19-05-21 09:20:00:502</time></pt><pt><x>506</x><y>529</y><time>19-05-21 09:20:03:892</time></pt><pt><x>506</x><y>1116</y><time>undefined</time></pt><pt><x>103</x><y>1116</y><time>undefined</time></pt><closed_date>19-05-21 09:20:03:892</closed_date></polygon></object><object><name>tooth</name><deleted>0</deleted><verified>0</verified><occluded>no</occluded><attributes>75</attributes><parts><hasparts /><ispartof /></parts><date>19-05-21 09:20:28:955</date><id>8</id><type>bounding_box</type><polygon><username>anonymous</username><pt><x>921</x><y>1190</y><time>19-05-21 09:20:21:007</time></pt><pt><x>474</x><y>1190</y><time>19-05-21 09:20:24:606</time></pt><pt><x>474</x><y>571</y><time>undefined</time></pt><pt><x>921</x><y>571</y><time>undefined</time></pt><closed_date>19-05-21 09:20:24:606</closed_date></polygon></object><object><name>tooth</name><deleted>0</deleted><verified>0</verified><occluded>no</occluded><attributes>36</attributes><parts><hasparts /><ispartof /></parts><date>19-05-21 09:20:39:493</date><id>9</id><type>bounding_box</type><polygon><username>anonymous</username><pt><x>1437</x><y>1251</y><time>19-05-21 09:20:31:938</time></pt><pt><x>930</x><y>1251</y><time>19-05-21 09:20:34:324</time></pt><pt><x>930</x><y>747</y><time>undefined</time></pt><pt><x>1437</x><y>747</y><time>undefined</time></pt><closed_date>19-05-21 09:20:34:325</closed_date></polygon></object><object><name>tooth</name><deleted>0</deleted><verified>0</verified><occluded>no</occluded><attributes>35</attributes><parts><hasparts /><ispartof /></parts><date>19-05-21 09:21:01:066</date><id>10</id><type>bounding_box</type><polygon><username>anonymous</username><pt><x>539</x><y>1236</y><time>19-05-21 09:20:50:734</time></pt><pt><x>890</x><y>1236</y><time>19-05-21 09:20:53:885</time></pt><pt><x>890</x><y>1093</y><time>undefined</time></pt><pt><x>539</x><y>1093</y><time>undefined</time></pt><closed_date>19-05-21 09:20:53:885</closed_date></polygon></object><object><name>tooth</name><deleted>0</deleted><verified>0</verified><occluded>no</occluded><attributes>34</attributes><parts><hasparts /><ispartof /></parts><date>19-05-21 09:21:10:697</date><id>11</id><type>bounding_box</type><polygon><username>anonymous</username><pt><x>468</x><y>1230</y><time>19-05-21 09:21:03:912</time></pt><pt><x>86</x><y>1230</y><time>19-05-21 09:21:06:000</time></pt><pt><x>86</x><y>1009</y><time>undefined</time></pt><pt><x>468</x><y>1009</y><time>undefined</time></pt><closed_date>19-05-21 09:21:06:000</closed_date></polygon></object><imagesize><nrows /><ncols /></imagesize></annotation>