<?xml version='1.0' encoding='UTF-8'?>
<annotation><filename>imagem-114.jpg</filename><folder>segmentation_xray</folder><source><sourceImage>The MIT-CSAIL database of objects and scenes</sourceImage><sourceAnnotation>LabelMe Webtool</sourceAnnotation></source><object><name>tooth</name><deleted>0</deleted><verified>0</verified><occluded>no</occluded><attributes>17</attributes><parts><hasparts /><ispartof /></parts><date>11-05-21 10:59:23:066</date><id>0</id><type>bounding_box</type><polygon><username>anonymous</username><pt><x>424</x><y>541</y><time>11-05-21 10:59:09:354</time></pt><pt><x>41</x><y>541</y><time>11-05-21 10:59:15:476</time></pt><pt><x>41</x><y>10</y><time>undefined</time></pt><pt><x>424</x><y>10</y><time>undefined</time></pt><closed_date>11-05-21 10:59:15:476</closed_date></polygon></object><object><name>tooth</name><deleted>0</deleted><verified>0</verified><occluded>no</occluded><attributes>16</attributes><parts><hasparts /><ispartof /></parts><date>11-05-21 10:59:33:621</date><id>1</id><type>bounding_box</type><polygon><username>anonymous</username><pt><x>831</x><y>541</y><time>11-05-21 10:59:25:258</time></pt><pt><x>428</x><y>541</y><time>11-05-21 10:59:28:533</time></pt><pt><x>428</x><y>19</y><time>undefined</time></pt><pt><x>831</x><y>19</y><time>undefined</time></pt><closed_date>11-05-21 10:59:28:533</closed_date></polygon></object><object><name>tooth</name><deleted>0</deleted><verified>0</verified><occluded>no</occluded><attributes>15</attributes><parts><hasparts /><ispartof /></parts><date>11-05-21 10:59:47:504</date><id>2</id><type>bounding_box</type><polygon><username>anonymous</username><pt><x>1092</x><y>568</y><time>11-05-21 10:59:35:171</time></pt><pt><x>806</x><y>568</y><time>11-05-21 10:59:39:161</time></pt><pt><x>806</x><y>23</y><time>undefined</time></pt><pt><x>1092</x><y>23</y><time>undefined</time></pt><closed_date>11-05-21 10:59:39:161</closed_date></polygon></object><object><name>tooth</name><deleted>0</deleted><verified>0</verified><occluded>no</occluded><attributes>14</attributes><parts><hasparts /><ispartof /></parts><date>11-05-21 11:00:03:172</date><id>3</id><type>bounding_box</type><polygon><username>anonymous</username><pt><x>1378</x><y>588</y><time>11-05-21 10:59:57:343</time></pt><pt><x>1088</x><y>588</y><time>11-05-21 11:00:00:358</time></pt><pt><x>1088</x><y>29</y><time>undefined</time></pt><pt><x>1378</x><y>29</y><time>undefined</time></pt><closed_date>11-05-21 11:00:00:358</closed_date></polygon></object><object><name>tooth</name><deleted>0</deleted><verified>0</verified><occluded>no</occluded><attributes>13</attributes><parts><hasparts /><ispartof /></parts><date>11-05-21 11:01:54:469</date><id>4</id><type>bounding_box</type><polygon><username>anonymous</username><pt><x>1387</x><y>595</y><time>11-05-21 11:01:44:970</time></pt><pt><x>1609</x><y>595</y><time>11-05-21 11:01:47:960</time></pt><pt><x>1609</x><y>216</y><time>undefined</time></pt><pt><x>1387</x><y>216</y><time>undefined</time></pt><closed_date>11-05-21 11:01:47:960</closed_date></polygon></object><object><name>tooth</name><deleted>0</deleted><verified>0</verified><occluded>no</occluded><attributes>46</attributes><parts><hasparts /><ispartof /></parts><date>11-05-21 11:11:56:979</date><id>5</id><type>bounding_box</type><polygon><username>anonymous</username><pt><x>132</x><y>562</y><time>11-05-21 11:11:42:622</time></pt><pt><x>564</x><y>562</y><time>11-05-21 11:11:49:121</time></pt><pt><x>564</x><y>1204</y><time>undefined</time></pt><pt><x>132</x><y>1204</y><time>undefined</time></pt><closed_date>11-05-21 11:11:49:121</closed_date></polygon></object><object><name>tooth</name><deleted>0</deleted><verified>0</verified><occluded>no</occluded><attributes>46</attributes><parts><hasparts>9</hasparts><ispartof /></parts><date>11-05-21 11:12:09:024</date><id>6</id><type>bounding_box</type><polygon><username>anonymous</username><pt><x>953</x><y>1218</y><time>11-05-21 11:11:59:783</time></pt><pt><x>531</x><y>1218</y><time>11-05-21 11:12:03:544</time></pt><pt><x>531</x><y>566</y><time>undefined</time></pt><pt><x>953</x><y>566</y><time>undefined</time></pt><closed_date>11-05-21 11:12:03:545</closed_date></polygon></object><object><name>tooth</name><deleted>0</deleted><verified>0</verified><occluded>no</occluded><attributes>45</attributes><parts><hasparts /><ispartof /></parts><date>11-05-21 11:12:22:680</date><id>7</id><type>bounding_box</type><polygon><username>anonymous</username><pt><x>992</x><y>595</y><time>11-05-21 11:12:12:834</time></pt><pt><x>1294</x><y>595</y><time>11-05-21 11:12:16:665</time></pt><pt><x>1294</x><y>1236</y><time>undefined</time></pt><pt><x>992</x><y>1236</y><time>undefined</time></pt><closed_date>11-05-21 11:12:16:665</closed_date></polygon></object><object><name>tooth</name><deleted>0</deleted><verified>0</verified><occluded>no</occluded><attributes>44</attributes><parts><hasparts /><ispartof /></parts><date>11-05-21 11:12:44:359</date><id>8</id><type>bounding_box</type><polygon><username>anonymous</username><pt><x>1315</x><y>1228</y><time>11-05-21 11:12:35:592</time></pt><pt><x>1539</x><y>1228</y><time>11-05-21 11:12:38:931</time></pt><pt><x>1539</x><y>605</y><time>undefined</time></pt><pt><x>1315</x><y>605</y><time>undefined</time></pt><closed_date>11-05-21 11:12:38:931</closed_date></polygon></object><object><name>restoration</name><deleted>0</deleted><verified>0</verified><occluded>no</occluded><attributes /><parts><hasparts /><ispartof>6</ispartof></parts><date>11-05-21 11:13:08:242</date><id>9</id><polygon><username>anonymous</username><pt><x>831</x><y>747</y><time>11-05-21 11:12:49:113</time></pt><pt><x>780</x><y>757</y><time>11-05-21 11:12:49:688</time></pt><pt><x>761</x><y>767</y><time>11-05-21 11:12:50:329</time></pt><pt><x>739</x><y>751</y><time>11-05-21 11:12:50:915</time></pt><pt><x>716</x><y>751</y><time>11-05-21 11:12:51:359</time></pt><pt><x>677</x><y>749</y><time>11-05-21 11:12:51:874</time></pt><pt><x>648</x><y>739</y><time>11-05-21 11:12:52:418</time></pt><pt><x>625</x><y>743</y><time>11-05-21 11:12:52:971</time></pt><pt><x>586</x><y>739</y><time>11-05-21 11:12:53:522</time></pt><pt><x>580</x><y>695</y><time>11-05-21 11:12:54:009</time></pt><pt><x>576</x><y>667</y><time>11-05-21 11:12:54:506</time></pt><pt><x>576</x><y>648</y><time>11-05-21 11:12:55:222</time></pt><pt><x>619</x><y>656</y><time>11-05-21 11:12:55:742</time></pt><pt><x>628</x><y>667</y><time>11-05-21 11:12:56:302</time></pt><pt><x>667</x><y>679</y><time>11-05-21 11:12:56:805</time></pt><pt><x>718</x><y>689</y><time>11-05-21 11:12:57:325</time></pt><pt><x>753</x><y>695</y><time>11-05-21 11:12:57:836</time></pt><pt><x>804</x><y>695</y><time>11-05-21 11:12:58:325</time></pt><pt><x>844</x><y>693</y><time>11-05-21 11:12:58:821</time></pt><pt><x>866</x><y>685</y><time>11-05-21 11:12:59:285</time></pt><pt><x>907</x><y>685</y><time>11-05-21 11:12:59:910</time></pt><pt><x>942</x><y>685</y><time>11-05-21 11:13:00:430</time></pt><pt><x>959</x><y>691</y><time>11-05-21 11:13:00:925</time></pt><pt><x>957</x><y>706</y><time>11-05-21 11:13:01:437</time></pt><pt><x>938</x><y>739</y><time>11-05-21 11:13:02:067</time></pt><pt><x>911</x><y>739</y><time>11-05-21 11:13:02:502</time></pt><pt><x>848</x><y>741</y><time>11-05-21 11:13:02:973</time></pt><pt><x>848</x><y>741</y><time>11-05-21 11:13:03:510</time></pt><closed_date>11-05-21 11:13:04:070</closed_date></polygon></object><imagesize><nrows /><ncols /></imagesize></annotation>