<?xml version='1.0' encoding='UTF-8'?>
<annotation><filename>imagem-008.jpg</filename><folder>segmentation_xray</folder><source><sourceImage>The MIT-CSAIL database of objects and scenes</sourceImage><sourceAnnotation>LabelMe Webtool</sourceAnnotation></source><object><name>dente</name><deleted>1</deleted><verified>0</verified><occluded>no</occluded><attributes /><parts><hasparts /><ispartof /></parts><date>11-05-21 10:16:59:911</date><id>0</id><polygon><username>anonymous</username><pt><x>2060</x><y>2506</y><time>11-05-21 10:15:22:388</time></pt><pt><x>1945</x><y>2272</y><time>11-05-21 10:15:25:524</time></pt><pt><x>1896</x><y>2163</y><time>11-05-21 10:15:27:140</time></pt><pt><x>1869</x><y>2087</y><time>11-05-21 10:15:28:356</time></pt><pt><x>1853</x><y>1983</y><time>11-05-21 10:15:29:683</time></pt><pt><x>1853</x><y>1891</y><time>11-05-21 10:15:30:747</time></pt><pt><x>1864</x><y>1814</y><time>11-05-21 10:15:31:555</time></pt><pt><x>1885</x><y>1744</y><time>11-05-21 10:15:32:981</time></pt><pt><x>1934</x><y>1700</y><time>11-05-21 10:15:34:107</time></pt><pt><x>1972</x><y>1640</y><time>11-05-21 10:15:35:380</time></pt><pt><x>2016</x><y>1624</y><time>11-05-21 10:15:36:700</time></pt><pt><x>2043</x><y>1629</y><time>11-05-21 10:15:37:852</time></pt><pt><x>2054</x><y>1640</y><time>11-05-21 10:15:39:539</time></pt><pt><x>2087</x><y>1629</y><time>11-05-21 10:15:40:795</time></pt><pt><x>2109</x><y>1618</y><time>11-05-21 10:15:45:069</time></pt><pt><x>2163</x><y>1629</y><time>11-05-21 10:15:46:227</time></pt><pt><x>2207</x><y>1640</y><time>11-05-21 10:15:47:755</time></pt><pt><x>2289</x><y>1662</y><time>11-05-21 10:15:49:252</time></pt><pt><x>2327</x><y>1684</y><time>11-05-21 10:15:50:036</time></pt><pt><x>2359</x><y>1689</y><time>11-05-21 10:15:52:427</time></pt><pt><x>2398</x><y>1662</y><time>11-05-21 10:15:53:468</time></pt><pt><x>2430</x><y>1635</y><time>11-05-21 10:15:54:195</time></pt><pt><x>2474</x><y>1607</y><time>11-05-21 10:15:54:844</time></pt><pt><x>2506</x><y>1591</y><time>11-05-21 10:15:55:405</time></pt><pt><x>2534</x><y>1575</y><time>11-05-21 10:15:55:899</time></pt><pt><x>2561</x><y>1569</y><time>11-05-21 10:15:56:595</time></pt><pt><x>2583</x><y>1558</y><time>11-05-21 10:15:57:195</time></pt><pt><x>2594</x><y>1558</y><time>11-05-21 10:15:57:723</time></pt><pt><x>2615</x><y>1564</y><time>11-05-21 10:15:58:124</time></pt><pt><x>2659</x><y>1569</y><time>11-05-21 10:15:58:732</time></pt><pt><x>2675</x><y>1580</y><time>11-05-21 10:15:59:363</time></pt><pt><x>2719</x><y>1602</y><time>11-05-21 10:16:00:067</time></pt><pt><x>2752</x><y>1607</y><time>11-05-21 10:16:00:708</time></pt><pt><x>2768</x><y>1629</y><time>11-05-21 10:16:02:131</time></pt><pt><x>2784</x><y>1640</y><time>11-05-21 10:16:02:940</time></pt><pt><x>2795</x><y>1640</y><time>11-05-21 10:16:03:820</time></pt><pt><x>2817</x><y>1640</y><time>11-05-21 10:16:04:499</time></pt><pt><x>2833</x><y>1640</y><time>11-05-21 10:16:04:907</time></pt><pt><x>2844</x><y>1640</y><time>11-05-21 10:16:05:403</time></pt><pt><x>2855</x><y>1640</y><time>11-05-21 10:16:10:052</time></pt><pt><x>2997</x><y>1983</y><time>11-05-21 10:16:13:283</time></pt><pt><x>2991</x><y>2071</y><time>11-05-21 10:16:18:379</time></pt><pt><x>3013</x><y>2180</y><time>11-05-21 10:16:20:676</time></pt><pt><x>3002</x><y>2267</y><time>11-05-21 10:16:22:012</time></pt><pt><x>3019</x><y>2430</y><time>11-05-21 10:16:24:556</time></pt><pt><x>3068</x><y>2588</y><time>11-05-21 10:16:32:453</time></pt><pt><x>3144</x><y>2724</y><time>11-05-21 10:16:34:204</time></pt><pt><x>3237</x><y>2882</y><time>11-05-21 10:16:35:228</time></pt><pt><x>3253</x><y>2953</y><time>11-05-21 10:16:35:964</time></pt><pt><x>3291</x><y>3013</y><time>11-05-21 10:16:37:172</time></pt><pt><x>3297</x><y>3057</y><time>11-05-21 10:16:37:764</time></pt><pt><x>3307</x><y>3062</y><time>11-05-21 10:16:38:052</time></pt><pt><x>3307</x><y>3073</y><time>11-05-21 10:16:38:356</time></pt><pt><x>3313</x><y>3095</y><time>11-05-21 10:16:38:668</time></pt><pt><x>3313</x><y>3100</y><time>11-05-21 10:16:39:100</time></pt><pt><x>3313</x><y>3122</y><time>11-05-21 10:16:39:620</time></pt><closed_date>11-05-21 10:16:48:010</closed_date></polygon></object><object><name>37</name><deleted>1</deleted><verified>0</verified><occluded>no</occluded><attributes /><parts><hasparts /><ispartof /></parts><date>11-05-21 10:20:01:404</date><id>1</id><polygon><username>anonymous</username><pt><x>3683</x><y>3002</y><time>11-05-21 10:18:24:690</time></pt><pt><x>3460</x><y>2654</y><time>11-05-21 10:18:28:277</time></pt><pt><x>3297</x><y>2299</y><time>11-05-21 10:18:30:420</time></pt><pt><x>3248</x><y>2256</y><time>11-05-21 10:18:31:371</time></pt><pt><x>3204</x><y>2223</y><time>11-05-21 10:18:36:051</time></pt><pt><x>3073</x><y>2081</y><time>11-05-21 10:18:38:732</time></pt><pt><x>3035</x><y>2005</y><time>11-05-21 10:18:39:724</time></pt><pt><x>2970</x><y>1847</y><time>11-05-21 10:18:41:796</time></pt><pt><x>3008</x><y>1586</y><time>11-05-21 10:18:44:747</time></pt><pt><x>3106</x><y>1558</y><time>11-05-21 10:18:47:339</time></pt><pt><x>3302</x><y>1471</y><time>11-05-21 10:18:48:892</time></pt><pt><x>3433</x><y>1482</y><time>11-05-21 10:18:50:523</time></pt><pt><x>3613</x><y>1368</y><time>11-05-21 10:18:55:484</time></pt><pt><x>3694</x><y>1340</y><time>11-05-21 10:18:56:835</time></pt><pt><x>3743</x><y>1335</y><time>11-05-21 10:18:58:347</time></pt><pt><x>3923</x><y>1335</y><time>11-05-21 10:18:59:781</time></pt><pt><x>3950</x><y>1340</y><time>11-05-21 10:19:01:652</time></pt><pt><x>4081</x><y>1504</y><time>11-05-21 10:19:02:883</time></pt><pt><x>4043</x><y>2550</y><time>11-05-21 10:19:08:603</time></pt><pt><x>3983</x><y>2506</y><time>11-05-21 10:19:13:492</time></pt><pt><x>3945</x><y>2474</y><time>11-05-21 10:19:14:339</time></pt><pt><x>3945</x><y>2474</y><time>11-05-21 10:19:14:627</time></pt><pt><x>3929</x><y>2441</y><time>11-05-21 10:19:15:131</time></pt><pt><x>3901</x><y>2419</y><time>11-05-21 10:19:15:699</time></pt><pt><x>3896</x><y>2414</y><time>11-05-21 10:19:15:980</time></pt><pt><x>3885</x><y>2403</y><time>11-05-21 10:19:16:235</time></pt><pt><x>3869</x><y>2398</y><time>11-05-21 10:19:16:475</time></pt><pt><x>3841</x><y>2398</y><time>11-05-21 10:19:16:923</time></pt><pt><x>3836</x><y>2398</y><time>11-05-21 10:19:17:155</time></pt><pt><x>3831</x><y>2398</y><time>11-05-21 10:19:17:380</time></pt><pt><x>3814</x><y>2398</y><time>11-05-21 10:19:17:820</time></pt><pt><x>3809</x><y>2403</y><time>11-05-21 10:19:18:083</time></pt><pt><x>3798</x><y>2408</y><time>11-05-21 10:19:18:363</time></pt><pt><x>3782</x><y>2414</y><time>11-05-21 10:19:18:603</time></pt><pt><x>3782</x><y>2419</y><time>11-05-21 10:19:19:036</time></pt><pt><x>3771</x><y>2425</y><time>11-05-21 10:19:19:347</time></pt><pt><x>3771</x><y>2436</y><time>11-05-21 10:19:19:596</time></pt><pt><x>3771</x><y>2452</y><time>11-05-21 10:19:19:827</time></pt><pt><x>3771</x><y>2474</y><time>11-05-21 10:19:20:492</time></pt><pt><x>3765</x><y>2479</y><time>11-05-21 10:19:20:803</time></pt><pt><x>3765</x><y>2512</y><time>11-05-21 10:19:21:083</time></pt><pt><x>3776</x><y>2539</y><time>11-05-21 10:19:21:515</time></pt><pt><x>3776</x><y>2577</y><time>11-05-21 10:19:21:820</time></pt><pt><x>3782</x><y>2599</y><time>11-05-21 10:19:22:052</time></pt><pt><x>3787</x><y>2615</y><time>11-05-21 10:19:22:508</time></pt><pt><x>3803</x><y>2654</y><time>11-05-21 10:19:22:948</time></pt><pt><x>3803</x><y>2654</y><time>11-05-21 10:19:23:276</time></pt><pt><x>3814</x><y>2686</y><time>11-05-21 10:19:23:605</time></pt><pt><x>3820</x><y>2708</y><time>11-05-21 10:19:23:924</time></pt><pt><x>3825</x><y>2724</y><time>11-05-21 10:19:24:172</time></pt><pt><x>3831</x><y>2730</y><time>11-05-21 10:19:24:428</time></pt><pt><x>3831</x><y>2746</y><time>11-05-21 10:19:24:700</time></pt><pt><x>3858</x><y>2757</y><time>11-05-21 10:19:25:212</time></pt><pt><x>3869</x><y>2768</y><time>11-05-21 10:19:25:468</time></pt><pt><x>3847</x><y>2746</y><time>11-05-21 10:19:27:020</time></pt><pt><x>3847</x><y>2746</y><time>11-05-21 10:19:27:347</time></pt><pt><x>3858</x><y>2763</y><time>11-05-21 10:19:27:628</time></pt><pt><x>3863</x><y>2773</y><time>11-05-21 10:19:28:068</time></pt><pt><x>3874</x><y>2784</y><time>11-05-21 10:19:28:348</time></pt><pt><x>3880</x><y>2795</y><time>11-05-21 10:19:28:596</time></pt><pt><x>3880</x><y>2801</y><time>11-05-21 10:19:28:828</time></pt><pt><x>3880</x><y>2812</y><time>11-05-21 10:19:29:228</time></pt><pt><x>3890</x><y>2823</y><time>11-05-21 10:19:29:708</time></pt><pt><x>3890</x><y>2823</y><time>11-05-21 10:19:29:924</time></pt><pt><x>3896</x><y>2833</y><time>11-05-21 10:19:30:508</time></pt><closed_date>11-05-21 10:19:31:524</closed_date></polygon></object><object><name>restauração</name><deleted>1</deleted><verified>0</verified><occluded>no</occluded><attributes /><parts><hasparts /><ispartof /></parts><date>11-05-21 10:23:02:917</date><id>2</id><polygon><username>anonymous</username><pt><x>3046</x><y>1994</y><time>11-05-21 10:21:59:739</time></pt><pt><x>3100</x><y>1918</y><time>11-05-21 10:22:01:403</time></pt><pt><x>3084</x><y>1820</y><time>11-05-21 10:22:02:419</time></pt><pt><x>3084</x><y>1798</y><time>11-05-21 10:22:03:147</time></pt><pt><x>3084</x><y>1771</y><time>11-05-21 10:22:03:707</time></pt><pt><x>3111</x><y>1760</y><time>11-05-21 10:22:04:451</time></pt><pt><x>3144</x><y>1744</y><time>11-05-21 10:22:05:235</time></pt><pt><x>3149</x><y>1733</y><time>11-05-21 10:22:05:795</time></pt><pt><x>3193</x><y>1776</y><time>11-05-21 10:22:06:619</time></pt><pt><x>3209</x><y>1820</y><time>11-05-21 10:22:07:235</time></pt><pt><x>3242</x><y>1842</y><time>11-05-21 10:22:07:595</time></pt><pt><x>3269</x><y>1842</y><time>11-05-21 10:22:07:907</time></pt><pt><x>3449</x><y>1864</y><time>11-05-21 10:22:10:332</time></pt><pt><x>3515</x><y>1864</y><time>11-05-21 10:22:11:043</time></pt><pt><x>3553</x><y>1836</y><time>11-05-21 10:22:11:827</time></pt><pt><x>3553</x><y>1814</y><time>11-05-21 10:22:12:875</time></pt><pt><x>3553</x><y>1814</y><time>11-05-21 10:22:13:291</time></pt><pt><x>3602</x><y>1831</y><time>11-05-21 10:22:13:995</time></pt><pt><x>3634</x><y>1836</y><time>11-05-21 10:22:14:291</time></pt><pt><x>3694</x><y>1836</y><time>11-05-21 10:22:15:643</time></pt><pt><x>3792</x><y>1793</y><time>11-05-21 10:22:16:883</time></pt><pt><x>3820</x><y>1760</y><time>11-05-21 10:22:17:468</time></pt><pt><x>3852</x><y>1722</y><time>11-05-21 10:22:17:947</time></pt><pt><x>3869</x><y>1705</y><time>11-05-21 10:22:18:323</time></pt><pt><x>3880</x><y>1678</y><time>11-05-21 10:22:18:635</time></pt><pt><x>3890</x><y>1646</y><time>11-05-21 10:22:19:275</time></pt><pt><x>3890</x><y>1629</y><time>11-05-21 10:22:19:603</time></pt><pt><x>3890</x><y>1613</y><time>11-05-21 10:22:19:915</time></pt><pt><x>3890</x><y>1597</y><time>11-05-21 10:22:20:187</time></pt><pt><x>3890</x><y>1586</y><time>11-05-21 10:22:20:452</time></pt><pt><x>3901</x><y>1553</y><time>11-05-21 10:22:23:083</time></pt><pt><x>3918</x><y>1526</y><time>11-05-21 10:22:23:475</time></pt><pt><x>3912</x><y>1493</y><time>11-05-21 10:22:24:499</time></pt><pt><x>3912</x><y>1482</y><time>11-05-21 10:22:24:811</time></pt><pt><x>3912</x><y>1466</y><time>11-05-21 10:22:25:091</time></pt><pt><x>3890</x><y>1444</y><time>11-05-21 10:22:25:339</time></pt><pt><x>3890</x><y>1439</y><time>11-05-21 10:22:25:819</time></pt><pt><x>3869</x><y>1428</y><time>11-05-21 10:22:30:604</time></pt><pt><x>3847</x><y>1428</y><time>11-05-21 10:22:30:891</time></pt><pt><x>3825</x><y>1433</y><time>11-05-21 10:22:31:179</time></pt><pt><x>3792</x><y>1433</y><time>11-05-21 10:22:31:675</time></pt><pt><x>3754</x><y>1455</y><time>11-05-21 10:22:32:083</time></pt><pt><x>3722</x><y>1466</y><time>11-05-21 10:22:32:475</time></pt><pt><x>3678</x><y>1488</y><time>11-05-21 10:22:32:835</time></pt><pt><x>3645</x><y>1504</y><time>11-05-21 10:22:33:147</time></pt><pt><x>3602</x><y>1526</y><time>11-05-21 10:22:33:475</time></pt><pt><x>3574</x><y>1537</y><time>11-05-21 10:22:33:771</time></pt><pt><x>3564</x><y>1542</y><time>11-05-21 10:22:34:027</time></pt><pt><x>3547</x><y>1553</y><time>11-05-21 10:22:34:291</time></pt><pt><x>3520</x><y>1575</y><time>11-05-21 10:22:34:579</time></pt><pt><x>3515</x><y>1575</y><time>11-05-21 10:22:34:811</time></pt><pt><x>3509</x><y>1602</y><time>11-05-21 10:22:35:155</time></pt><pt><x>3504</x><y>1602</y><time>11-05-21 10:22:35:435</time></pt><pt><x>3498</x><y>1618</y><time>11-05-21 10:22:36:035</time></pt><pt><x>3476</x><y>1618</y><time>11-05-21 10:22:36:795</time></pt><pt><x>3476</x><y>1613</y><time>11-05-21 10:22:37:115</time></pt><pt><x>3449</x><y>1597</y><time>11-05-21 10:22:37:771</time></pt><pt><x>3444</x><y>1597</y><time>11-05-21 10:22:38:059</time></pt><pt><x>3427</x><y>1586</y><time>11-05-21 10:22:38:315</time></pt><pt><x>3427</x><y>1586</y><time>11-05-21 10:22:38:523</time></pt><pt><x>3416</x><y>1580</y><time>11-05-21 10:22:38:811</time></pt><pt><x>3357</x><y>1564</y><time>11-05-21 10:22:39:611</time></pt><pt><x>3329</x><y>1553</y><time>11-05-21 10:22:39:907</time></pt><pt><x>3307</x><y>1547</y><time>11-05-21 10:22:40:395</time></pt><pt><x>3291</x><y>1547</y><time>11-05-21 10:22:40:668</time></pt><pt><x>3280</x><y>1547</y><time>11-05-21 10:22:40:899</time></pt><pt><x>3264</x><y>1547</y><time>11-05-21 10:22:41:155</time></pt><pt><x>3237</x><y>1542</y><time>11-05-21 10:22:41:403</time></pt><pt><x>3215</x><y>1542</y><time>11-05-21 10:22:41:691</time></pt><pt><x>3193</x><y>1542</y><time>11-05-21 10:22:41:907</time></pt><pt><x>3182</x><y>1542</y><time>11-05-21 10:22:42:195</time></pt><pt><x>3182</x><y>1542</y><time>11-05-21 10:22:42:419</time></pt><pt><x>3139</x><y>1558</y><time>11-05-21 10:22:42:987</time></pt><pt><x>3128</x><y>1569</y><time>11-05-21 10:22:43:403</time></pt><pt><x>3090</x><y>1569</y><time>11-05-21 10:22:44:083</time></pt><pt><x>3079</x><y>1569</y><time>11-05-21 10:22:44:684</time></pt><pt><x>3062</x><y>1580</y><time>11-05-21 10:22:45:044</time></pt><pt><x>2975</x><y>1798</y><time>11-05-21 10:22:46:380</time></pt><pt><x>2991</x><y>1825</y><time>11-05-21 10:22:46:972</time></pt><pt><x>3002</x><y>1858</y><time>11-05-21 10:22:47:284</time></pt><pt><x>3008</x><y>1918</y><time>11-05-21 10:22:47:612</time></pt><pt><x>3008</x><y>1940</y><time>11-05-21 10:22:47:860</time></pt><closed_date>11-05-21 10:22:50:585</closed_date></polygon></object><object><name>erro</name><deleted>1</deleted><verified>0</verified><occluded>no</occluded><attributes /><parts><hasparts /><ispartof /></parts><date>11-05-21 10:26:19:928</date><id>3</id><polygon><username>anonymous</username><pt><x>3547</x><y>1586</y><time>11-05-21 10:23:07:155</time></pt><pt><x>3634</x><y>1711</y><time>11-05-21 10:23:08:100</time></pt><pt><x>2719</x><y>1602</y><time>11-05-21 10:25:51:181</time></pt><pt><x>2861</x><y>2125</y><time>11-05-21 10:25:53:220</time></pt><pt><x>3242</x><y>1831</y><time>11-05-21 10:25:53:860</time></pt><pt><x>3596</x><y>1705</y><time>11-05-21 10:25:54:468</time></pt><closed_date>11-05-21 10:25:54:868</closed_date></polygon></object><imagesize><nrows /><ncols /></imagesize><object><name>tooth</name><deleted>0</deleted><verified>0</verified><occluded>no</occluded><attributes>27</attributes><parts><hasparts>16</hasparts><ispartof /></parts><date>14-05-21 08:34:29:529</date><id>4</id><type>bounding_box</type><polygon><username>anonymous</username><pt><x>2964</x><y>1275</y><time>14-05-21 08:34:12:605</time></pt><pt><x>4038</x><y>1275</y><time>14-05-21 08:34:19:942</time></pt><pt><x>4038</x><y>22</y><time>undefined</time></pt><pt><x>2964</x><y>22</y><time>undefined</time></pt><closed_date>14-05-21 08:34:19:942</closed_date></polygon></object><object><name>tooth</name><deleted>0</deleted><verified>0</verified><occluded>no</occluded><attributes>26</attributes><parts><hasparts>13,14,15</hasparts><ispartof /></parts><date>14-05-21 08:34:51:901</date><id>5</id><type>bounding_box</type><polygon><username>anonymous</username><pt><x>1869</x><y>1346</y><time>14-05-21 08:34:39:277</time></pt><pt><x>3062</x><y>1346</y><time>14-05-21 08:34:44:726</time></pt><pt><x>3062</x><y>16</y><time>undefined</time></pt><pt><x>1869</x><y>16</y><time>undefined</time></pt><closed_date>14-05-21 08:34:44:726</closed_date></polygon></object><object><name>tooth</name><deleted>0</deleted><verified>0</verified><occluded>no</occluded><attributes>25</attributes><parts><hasparts /><ispartof /></parts><date>14-05-21 08:35:13:789</date><id>6</id><type>bounding_box</type><polygon><username>anonymous</username><pt><x>1177</x><y>1319</y><time>14-05-21 08:34:53:687</time></pt><pt><x>1918</x><y>1319</y><time>14-05-21 08:35:00:271</time></pt><pt><x>1918</x><y>16</y><time>undefined</time></pt><pt><x>1177</x><y>16</y><time>undefined</time></pt><closed_date>14-05-21 08:35:00:271</closed_date></polygon></object><object><name>tooth</name><deleted>0</deleted><verified>0</verified><occluded>no</occluded><attributes>23</attributes><parts><hasparts /><ispartof /></parts><date>14-05-21 08:36:03:005</date><id>7</id><type>bounding_box</type><polygon><username>anonymous</username><pt><x>398</x><y>1324</y><time>14-05-21 08:35:38:183</time></pt><pt><x>1319</x><y>1324</y><time>14-05-21 08:35:44:743</time></pt><pt><x>1319</x><y>16</y><time>undefined</time></pt><pt><x>398</x><y>16</y><time>undefined</time></pt><closed_date>14-05-21 08:35:44:743</closed_date></polygon></object><object><name>tooth</name><deleted>0</deleted><verified>0</verified><occluded>no</occluded><attributes>37</attributes><parts><hasparts>12</hasparts><ispartof /></parts><date>14-05-21 08:37:29:389</date><id>8</id><type>bounding_box</type><polygon><username>anonymous</username><pt><x>4092</x><y>1319</y><time>14-05-21 08:36:50:934</time></pt><pt><x>2942</x><y>1319</y><time>14-05-21 08:37:14:440</time></pt><pt><x>2942</x><y>2997</y><time>undefined</time></pt><pt><x>4092</x><y>2997</y><time>undefined</time></pt><closed_date>14-05-21 08:37:14:440</closed_date></polygon></object><object><name>tooth</name><deleted>0</deleted><verified>0</verified><occluded>no</occluded><attributes>36</attributes><parts><hasparts>17</hasparts><ispartof /></parts><date>14-05-21 08:38:01:430</date><id>9</id><type>bounding_box</type><polygon><username>anonymous</username><pt><x>3312</x><y>3109</y><time>14-05-21 08:37:46:219</time></pt><pt><x>1841</x><y>3109</y><time>14-05-21 08:37:51:183</time></pt><pt><x>1841</x><y>1545</y><time>undefined</time></pt><pt><x>3312</x><y>1545</y><time>undefined</time></pt><closed_date>14-05-21 08:37:51:183</closed_date></polygon></object><object><name>tooth</name><deleted>0</deleted><verified>0</verified><occluded>no</occluded><attributes>35</attributes><parts><hasparts /><ispartof /></parts><date>14-05-21 08:38:42:092</date><id>10</id><type>bounding_box</type><polygon><username>anonymous</username><pt><x>1030</x><y>1613</y><time>14-05-21 08:38:24:221</time></pt><pt><x>1814</x><y>1613</y><time>14-05-21 08:38:29:133</time></pt><pt><x>1814</x><y>3068</y><time>undefined</time></pt><pt><x>1030</x><y>3068</y><time>undefined</time></pt><closed_date>14-05-21 08:38:29:133</closed_date></polygon></object><object><name>tooth</name><deleted>0</deleted><verified>0</verified><occluded>no</occluded><attributes>33</attributes><parts><hasparts /><ispartof /></parts><date>14-05-21 08:39:00:620</date><id>11</id><type>bounding_box</type><polygon><username>anonymous</username><pt><x>294</x><y>1553</y><time>14-05-21 08:38:45:496</time></pt><pt><x>1259</x><y>1553</y><time>14-05-21 08:38:51:350</time></pt><pt><x>1259</x><y>3128</y><time>undefined</time></pt><pt><x>294</x><y>3128</y><time>undefined</time></pt><closed_date>14-05-21 08:38:51:350</closed_date></polygon></object><object><name>restoration</name><deleted>0</deleted><verified>0</verified><occluded>no</occluded><attributes /><parts><hasparts /><ispartof>8</ispartof></parts><date>14-05-21 08:41:40:453</date><id>12</id><polygon><username>anonymous</username><pt><x>3037</x><y>1998</y><time>14-05-21 08:40:29:932</time></pt><pt><x>2975</x><y>1871</y><time>14-05-21 08:40:31:774</time></pt><pt><x>2983</x><y>1842</y><time>14-05-21 08:40:34:711</time></pt><pt><x>2987</x><y>1809</y><time>14-05-21 08:40:35:616</time></pt><pt><x>2987</x><y>1763</y><time>14-05-21 08:40:36:310</time></pt><pt><x>2979</x><y>1714</y><time>14-05-21 08:40:36:774</time></pt><pt><x>2979</x><y>1673</y><time>14-05-21 08:40:37:174</time></pt><pt><x>3053</x><y>1599</y><time>14-05-21 08:40:39:278</time></pt><pt><x>3107</x><y>1578</y><time>14-05-21 08:40:39:878</time></pt><pt><x>3148</x><y>1557</y><time>14-05-21 08:40:41:230</time></pt><pt><x>3193</x><y>1549</y><time>14-05-21 08:40:41:854</time></pt><pt><x>3280</x><y>1553</y><time>14-05-21 08:40:42:310</time></pt><pt><x>3329</x><y>1557</y><time>14-05-21 08:40:42:630</time></pt><pt><x>3362</x><y>1557</y><time>14-05-21 08:40:42:902</time></pt><pt><x>3383</x><y>1557</y><time>14-05-21 08:40:43:158</time></pt><pt><x>3420</x><y>1578</y><time>14-05-21 08:40:43:382</time></pt><pt><x>3465</x><y>1594</y><time>14-05-21 08:40:44:350</time></pt><pt><x>3498</x><y>1619</y><time>14-05-21 08:40:44:838</time></pt><pt><x>3502</x><y>1627</y><time>14-05-21 08:40:45:142</time></pt><pt><x>3527</x><y>1611</y><time>14-05-21 08:40:45:751</time></pt><pt><x>3527</x><y>1570</y><time>14-05-21 08:40:47:238</time></pt><pt><x>3543</x><y>1553</y><time>14-05-21 08:40:48:142</time></pt><pt><x>3547</x><y>1549</y><time>14-05-21 08:40:48:959</time></pt><pt><x>3585</x><y>1533</y><time>14-05-21 08:40:49:838</time></pt><pt><x>3634</x><y>1512</y><time>14-05-21 08:40:50:430</time></pt><pt><x>3675</x><y>1500</y><time>14-05-21 08:40:50:982</time></pt><pt><x>3712</x><y>1491</y><time>14-05-21 08:40:51:246</time></pt><pt><x>3733</x><y>1475</y><time>14-05-21 08:40:51:494</time></pt><pt><x>3753</x><y>1463</y><time>14-05-21 08:40:51:742</time></pt><pt><x>3774</x><y>1450</y><time>14-05-21 08:40:51:958</time></pt><pt><x>3819</x><y>1438</y><time>14-05-21 08:40:52:462</time></pt><pt><x>3828</x><y>1438</y><time>14-05-21 08:40:52:750</time></pt><pt><x>3844</x><y>1430</y><time>14-05-21 08:40:53:006</time></pt><pt><x>3852</x><y>1426</y><time>14-05-21 08:40:53:278</time></pt><pt><x>3861</x><y>1426</y><time>14-05-21 08:40:53:510</time></pt><pt><x>3873</x><y>1426</y><time>14-05-21 08:40:53:942</time></pt><pt><x>3877</x><y>1426</y><time>14-05-21 08:40:54:238</time></pt><pt><x>3881</x><y>1430</y><time>14-05-21 08:40:54:734</time></pt><pt><x>3898</x><y>1442</y><time>14-05-21 08:40:55:486</time></pt><pt><x>3902</x><y>1446</y><time>14-05-21 08:40:55:784</time></pt><pt><x>3906</x><y>1463</y><time>14-05-21 08:40:56:231</time></pt><pt><x>3906</x><y>1483</y><time>14-05-21 08:40:56:798</time></pt><pt><x>3906</x><y>1491</y><time>14-05-21 08:40:57:094</time></pt><pt><x>3906</x><y>1504</y><time>14-05-21 08:40:57:358</time></pt><pt><x>3906</x><y>1520</y><time>14-05-21 08:40:57:582</time></pt><pt><x>3906</x><y>1533</y><time>14-05-21 08:40:57:990</time></pt><pt><x>3906</x><y>1545</y><time>14-05-21 08:40:58:270</time></pt><pt><x>3906</x><y>1557</y><time>14-05-21 08:40:58:710</time></pt><pt><x>3902</x><y>1566</y><time>14-05-21 08:40:59:006</time></pt><pt><x>3898</x><y>1566</y><time>14-05-21 08:40:59:271</time></pt><pt><x>3894</x><y>1566</y><time>14-05-21 08:40:59:694</time></pt><pt><x>3881</x><y>1578</y><time>14-05-21 08:41:00:054</time></pt><pt><x>3881</x><y>1582</y><time>14-05-21 08:41:00:310</time></pt><pt><x>3881</x><y>1599</y><time>14-05-21 08:41:00:550</time></pt><pt><x>3881</x><y>1603</y><time>14-05-21 08:41:00:774</time></pt><pt><x>3881</x><y>1623</y><time>14-05-21 08:41:01:230</time></pt><pt><x>3881</x><y>1652</y><time>14-05-21 08:41:01:670</time></pt><pt><x>3877</x><y>1673</y><time>14-05-21 08:41:01:950</time></pt><pt><x>3873</x><y>1689</y><time>14-05-21 08:41:02:190</time></pt><pt><x>3861</x><y>1702</y><time>14-05-21 08:41:02:422</time></pt><pt><x>3861</x><y>1718</y><time>14-05-21 08:41:02:654</time></pt><pt><x>3844</x><y>1739</y><time>14-05-21 08:41:03:150</time></pt><pt><x>3823</x><y>1772</y><time>14-05-21 08:41:03:798</time></pt><pt><x>3799</x><y>1772</y><time>14-05-21 08:41:04:311</time></pt><pt><x>3774</x><y>1796</y><time>14-05-21 08:41:04:966</time></pt><pt><x>3758</x><y>1800</y><time>14-05-21 08:41:05:270</time></pt><pt><x>3745</x><y>1809</y><time>14-05-21 08:41:05:526</time></pt><pt><x>3720</x><y>1821</y><time>14-05-21 08:41:05:919</time></pt><pt><x>3720</x><y>1821</y><time>14-05-21 08:41:06:158</time></pt><pt><x>3700</x><y>1833</y><time>14-05-21 08:41:06:646</time></pt><pt><x>3683</x><y>1838</y><time>14-05-21 08:41:06:918</time></pt><pt><x>3667</x><y>1842</y><time>14-05-21 08:41:07:190</time></pt><pt><x>3646</x><y>1846</y><time>14-05-21 08:41:07:438</time></pt><pt><x>3638</x><y>1846</y><time>14-05-21 08:41:07:694</time></pt><pt><x>3626</x><y>1846</y><time>14-05-21 08:41:07:942</time></pt><pt><x>3605</x><y>1854</y><time>14-05-21 08:41:08:198</time></pt><pt><x>3597</x><y>1858</y><time>14-05-21 08:41:08:446</time></pt><pt><x>3585</x><y>1858</y><time>14-05-21 08:41:08:694</time></pt><pt><x>3580</x><y>1854</y><time>14-05-21 08:41:08:974</time></pt><pt><x>3576</x><y>1846</y><time>14-05-21 08:41:09:702</time></pt><pt><x>3556</x><y>1846</y><time>14-05-21 08:41:10:030</time></pt><pt><x>3552</x><y>1829</y><time>14-05-21 08:41:10:687</time></pt><pt><x>3543</x><y>1829</y><time>14-05-21 08:41:10:958</time></pt><pt><x>3527</x><y>1821</y><time>14-05-21 08:41:11:230</time></pt><pt><x>3498</x><y>1825</y><time>14-05-21 08:41:11:542</time></pt><pt><x>3486</x><y>1846</y><time>14-05-21 08:41:11:910</time></pt><pt><x>3457</x><y>1858</y><time>14-05-21 08:41:12:582</time></pt><pt><x>3444</x><y>1858</y><time>14-05-21 08:41:12:870</time></pt><pt><x>3428</x><y>1854</y><time>14-05-21 08:41:13:182</time></pt><pt><x>3407</x><y>1854</y><time>14-05-21 08:41:13:534</time></pt><pt><x>3379</x><y>1854</y><time>14-05-21 08:41:14:102</time></pt><pt><x>3358</x><y>1854</y><time>14-05-21 08:41:14:622</time></pt><pt><x>3354</x><y>1854</y><time>14-05-21 08:41:14:910</time></pt><pt><x>3329</x><y>1854</y><time>14-05-21 08:41:15:166</time></pt><pt><x>3325</x><y>1854</y><time>14-05-21 08:41:15:430</time></pt><pt><x>3296</x><y>1846</y><time>14-05-21 08:41:15:703</time></pt><pt><x>3296</x><y>1846</y><time>14-05-21 08:41:15:943</time></pt><pt><x>3271</x><y>1838</y><time>14-05-21 08:41:16:206</time></pt><pt><x>3259</x><y>1833</y><time>14-05-21 08:41:16:470</time></pt><pt><x>3214</x><y>1833</y><time>14-05-21 08:41:16:998</time></pt><pt><x>3201</x><y>1825</y><time>14-05-21 08:41:17:294</time></pt><pt><x>3201</x><y>1821</y><time>14-05-21 08:41:17:662</time></pt><pt><x>3177</x><y>1809</y><time>14-05-21 08:41:18:118</time></pt><pt><x>3177</x><y>1809</y><time>14-05-21 08:41:18:422</time></pt><pt><x>3173</x><y>1784</y><time>14-05-21 08:41:19:326</time></pt><pt><x>3173</x><y>1784</y><time>14-05-21 08:41:19:646</time></pt><pt><x>3173</x><y>1772</y><time>14-05-21 08:41:20:030</time></pt><pt><x>3173</x><y>1763</y><time>14-05-21 08:41:20:366</time></pt><pt><x>3164</x><y>1751</y><time>14-05-21 08:41:20:590</time></pt><pt><x>3156</x><y>1747</y><time>14-05-21 08:41:20:870</time></pt><pt><x>3144</x><y>1747</y><time>14-05-21 08:41:21:126</time></pt><pt><x>3135</x><y>1747</y><time>14-05-21 08:41:21:358</time></pt><pt><x>3115</x><y>1755</y><time>14-05-21 08:41:22:022</time></pt><pt><x>3111</x><y>1755</y><time>14-05-21 08:41:22:278</time></pt><pt><x>3086</x><y>1772</y><time>14-05-21 08:41:22:614</time></pt><pt><x>3082</x><y>1784</y><time>14-05-21 08:41:22:878</time></pt><pt><x>3082</x><y>1784</y><time>14-05-21 08:41:23:190</time></pt><pt><x>3086</x><y>1809</y><time>14-05-21 08:41:24:414</time></pt><pt><x>3086</x><y>1809</y><time>14-05-21 08:41:24:710</time></pt><pt><x>3090</x><y>1809</y><time>14-05-21 08:41:25:022</time></pt><pt><x>3094</x><y>1842</y><time>14-05-21 08:41:26:663</time></pt><pt><x>3094</x><y>1842</y><time>14-05-21 08:41:26:990</time></pt><pt><x>3102</x><y>1871</y><time>14-05-21 08:41:27:286</time></pt><pt><x>3102</x><y>1875</y><time>14-05-21 08:41:27:590</time></pt><pt><x>3102</x><y>1899</y><time>14-05-21 08:41:27:846</time></pt><pt><x>3102</x><y>1912</y><time>14-05-21 08:41:28:134</time></pt><pt><x>3090</x><y>1928</y><time>14-05-21 08:41:28:526</time></pt><pt><x>3082</x><y>1936</y><time>14-05-21 08:41:28:838</time></pt><pt><x>3082</x><y>1936</y><time>14-05-21 08:41:29:142</time></pt><pt><x>3065</x><y>1961</y><time>14-05-21 08:41:30:190</time></pt><pt><x>3057</x><y>1965</y><time>14-05-21 08:41:30:478</time></pt><pt><x>3057</x><y>1965</y><time>14-05-21 08:41:30:782</time></pt><closed_date>14-05-21 08:41:31:398</closed_date></polygon></object><object><name>restoration</name><deleted>0</deleted><verified>0</verified><occluded>no</occluded><attributes /><parts><hasparts /><ispartof>5</ispartof></parts><date>14-05-21 08:42:17:077</date><id>13</id><polygon><username>anonymous</username><pt><x>1936</x><y>1075</y><time>14-05-21 08:41:59:164</time></pt><pt><x>1974</x><y>1047</y><time>14-05-21 08:42:00:230</time></pt><pt><x>1998</x><y>1055</y><time>14-05-21 08:42:00:862</time></pt><pt><x>2015</x><y>1034</y><time>14-05-21 08:42:01:190</time></pt><pt><x>2023</x><y>1030</y><time>14-05-21 08:42:01:502</time></pt><pt><x>2044</x><y>1022</y><time>14-05-21 08:42:01:798</time></pt><pt><x>2052</x><y>985</y><time>14-05-21 08:42:02:343</time></pt><pt><x>2048</x><y>960</y><time>14-05-21 08:42:03:006</time></pt><pt><x>2027</x><y>931</y><time>14-05-21 08:42:03:734</time></pt><pt><x>2015</x><y>919</y><time>14-05-21 08:42:04:326</time></pt><pt><x>1990</x><y>919</y><time>14-05-21 08:42:04:934</time></pt><pt><x>1978</x><y>919</y><time>14-05-21 08:42:05:342</time></pt><pt><x>1953</x><y>911</y><time>14-05-21 08:42:05:678</time></pt><pt><x>1945</x><y>906</y><time>14-05-21 08:42:05:958</time></pt><pt><x>1945</x><y>906</y><time>14-05-21 08:42:06:230</time></pt><pt><x>1920</x><y>911</y><time>14-05-21 08:42:06:599</time></pt><pt><x>1916</x><y>911</y><time>14-05-21 08:42:06:878</time></pt><pt><x>1904</x><y>915</y><time>14-05-21 08:42:07:166</time></pt><pt><x>1895</x><y>919</y><time>14-05-21 08:42:07:422</time></pt><pt><x>1891</x><y>956</y><time>14-05-21 08:42:08:238</time></pt><pt><x>1887</x><y>964</y><time>14-05-21 08:42:08:574</time></pt><pt><x>1879</x><y>972</y><time>14-05-21 08:42:08:902</time></pt><pt><x>1879</x><y>993</y><time>14-05-21 08:42:09:158</time></pt><pt><x>1875</x><y>1005</y><time>14-05-21 08:42:09:438</time></pt><pt><x>1875</x><y>1042</y><time>14-05-21 08:42:09:894</time></pt><pt><x>1875</x><y>1047</y><time>14-05-21 08:42:10:166</time></pt><pt><x>1887</x><y>1055</y><time>14-05-21 08:42:10:462</time></pt><pt><x>1899</x><y>1079</y><time>14-05-21 08:42:10:718</time></pt><closed_date>14-05-21 08:42:11:006</closed_date></polygon></object><object><name>restoration</name><deleted>0</deleted><verified>0</verified><occluded>no</occluded><attributes /><parts><hasparts /><ispartof>5</ispartof></parts><date>14-05-21 08:43:17:677</date><id>14</id><polygon><username>anonymous</username><pt><x>2460</x><y>1195</y><time>14-05-21 08:42:44:263</time></pt><pt><x>2484</x><y>1220</y><time>14-05-21 08:42:47:535</time></pt><pt><x>2513</x><y>1195</y><time>14-05-21 08:42:48:110</time></pt><pt><x>2530</x><y>1178</y><time>14-05-21 08:42:48:734</time></pt><pt><x>2542</x><y>1158</y><time>14-05-21 08:42:49:085</time></pt><pt><x>2550</x><y>1133</y><time>14-05-21 08:42:49:390</time></pt><pt><x>2559</x><y>1108</y><time>14-05-21 08:42:49:702</time></pt><pt><x>2563</x><y>1084</y><time>14-05-21 08:42:49:966</time></pt><pt><x>2563</x><y>1051</y><time>14-05-21 08:42:50:270</time></pt><pt><x>2563</x><y>1030</y><time>14-05-21 08:42:50:574</time></pt><pt><x>2546</x><y>1001</y><time>14-05-21 08:42:50:878</time></pt><pt><x>2542</x><y>976</y><time>14-05-21 08:42:51:246</time></pt><pt><x>2522</x><y>960</y><time>14-05-21 08:42:51:758</time></pt><pt><x>2497</x><y>948</y><time>14-05-21 08:42:52:134</time></pt><pt><x>2468</x><y>939</y><time>14-05-21 08:42:52:461</time></pt><pt><x>2447</x><y>939</y><time>14-05-21 08:42:52:789</time></pt><pt><x>2423</x><y>939</y><time>14-05-21 08:42:53:101</time></pt><pt><x>2398</x><y>939</y><time>14-05-21 08:42:53:405</time></pt><pt><x>2369</x><y>939</y><time>14-05-21 08:42:53:766</time></pt><pt><x>2332</x><y>952</y><time>14-05-21 08:42:54:854</time></pt><pt><x>2316</x><y>964</y><time>14-05-21 08:42:55:502</time></pt><pt><x>2311</x><y>989</y><time>14-05-21 08:42:55:958</time></pt><pt><x>2299</x><y>1009</y><time>14-05-21 08:42:56:334</time></pt><pt><x>2303</x><y>1055</y><time>14-05-21 08:42:56:694</time></pt><pt><x>2295</x><y>1067</y><time>14-05-21 08:42:57:014</time></pt><pt><x>2287</x><y>1084</y><time>14-05-21 08:42:57:711</time></pt><pt><x>2270</x><y>1084</y><time>14-05-21 08:42:58:117</time></pt><pt><x>2245</x><y>1084</y><time>14-05-21 08:42:58:478</time></pt><pt><x>2229</x><y>1084</y><time>14-05-21 08:42:58:758</time></pt><pt><x>2217</x><y>1088</y><time>14-05-21 08:42:59:045</time></pt><pt><x>2200</x><y>1100</y><time>14-05-21 08:42:59:325</time></pt><pt><x>2196</x><y>1104</y><time>14-05-21 08:42:59:662</time></pt><pt><x>2204</x><y>1125</y><time>14-05-21 08:43:00:414</time></pt><pt><x>2221</x><y>1129</y><time>14-05-21 08:43:00:853</time></pt><pt><x>2233</x><y>1129</y><time>14-05-21 08:43:01:222</time></pt><pt><x>2254</x><y>1137</y><time>14-05-21 08:43:01:630</time></pt><pt><x>2270</x><y>1145</y><time>14-05-21 08:43:01:966</time></pt><pt><x>2295</x><y>1158</y><time>14-05-21 08:43:02:493</time></pt><pt><x>2307</x><y>1162</y><time>14-05-21 08:43:03:174</time></pt><pt><x>2311</x><y>1187</y><time>14-05-21 08:43:03:590</time></pt><pt><x>2332</x><y>1215</y><time>14-05-21 08:43:03:966</time></pt><pt><x>2361</x><y>1232</y><time>14-05-21 08:43:04:510</time></pt><pt><x>2340</x><y>1211</y><time>14-05-21 08:43:05:534</time></pt><pt><x>2365</x><y>1220</y><time>14-05-21 08:43:05:869</time></pt><pt><x>2377</x><y>1220</y><time>14-05-21 08:43:06:174</time></pt><pt><x>2398</x><y>1215</y><time>14-05-21 08:43:06:990</time></pt><pt><x>2410</x><y>1211</y><time>14-05-21 08:43:07:326</time></pt><pt><x>2423</x><y>1211</y><time>14-05-21 08:43:07:638</time></pt><closed_date>14-05-21 08:43:09:455</closed_date></polygon></object><object><name>restoration</name><deleted>0</deleted><verified>0</verified><occluded>no</occluded><attributes /><parts><hasparts /><ispartof>5</ispartof></parts><date>14-05-21 08:43:44:012</date><id>15</id><polygon><username>anonymous</username><pt><x>2554</x><y>1203</y><time>14-05-21 08:43:20:536</time></pt><pt><x>2608</x><y>1211</y><time>14-05-21 08:43:21:974</time></pt><pt><x>2612</x><y>1224</y><time>14-05-21 08:43:22:334</time></pt><pt><x>2641</x><y>1224</y><time>14-05-21 08:43:22:677</time></pt><pt><x>2666</x><y>1220</y><time>14-05-21 08:43:22:966</time></pt><pt><x>2670</x><y>1220</y><time>14-05-21 08:43:23:310</time></pt><pt><x>2707</x><y>1220</y><time>14-05-21 08:43:23:613</time></pt><pt><x>2732</x><y>1207</y><time>14-05-21 08:43:23:886</time></pt><pt><x>2769</x><y>1199</y><time>14-05-21 08:43:24:214</time></pt><pt><x>2798</x><y>1195</y><time>14-05-21 08:43:24:504</time></pt><pt><x>2814</x><y>1191</y><time>14-05-21 08:43:24:766</time></pt><pt><x>2831</x><y>1182</y><time>14-05-21 08:43:25:038</time></pt><pt><x>2851</x><y>1162</y><time>14-05-21 08:43:25:381</time></pt><pt><x>2868</x><y>1137</y><time>14-05-21 08:43:25:998</time></pt><pt><x>2876</x><y>1112</y><time>14-05-21 08:43:26:357</time></pt><pt><x>2876</x><y>1096</y><time>14-05-21 08:43:26:693</time></pt><pt><x>2872</x><y>1084</y><time>14-05-21 08:43:27:005</time></pt><pt><x>2859</x><y>1063</y><time>14-05-21 08:43:27:293</time></pt><pt><x>2855</x><y>1051</y><time>14-05-21 08:43:28:045</time></pt><pt><x>2843</x><y>1047</y><time>14-05-21 08:43:28:397</time></pt><pt><x>2835</x><y>1038</y><time>14-05-21 08:43:28:733</time></pt><pt><x>2831</x><y>1009</y><time>14-05-21 08:43:29:021</time></pt><pt><x>2826</x><y>1009</y><time>14-05-21 08:43:29:309</time></pt><pt><x>2814</x><y>997</y><time>14-05-21 08:43:29:733</time></pt><pt><x>2798</x><y>981</y><time>14-05-21 08:43:30:045</time></pt><pt><x>2785</x><y>981</y><time>14-05-21 08:43:30:382</time></pt><pt><x>2769</x><y>981</y><time>14-05-21 08:43:30:694</time></pt><pt><x>2752</x><y>981</y><time>14-05-21 08:43:30:989</time></pt><pt><x>2732</x><y>985</y><time>14-05-21 08:43:31:277</time></pt><pt><x>2715</x><y>993</y><time>14-05-21 08:43:31:573</time></pt><pt><x>2682</x><y>1014</y><time>14-05-21 08:43:32:485</time></pt><pt><x>2678</x><y>1009</y><time>14-05-21 08:43:32:933</time></pt><pt><x>2666</x><y>1009</y><time>14-05-21 08:43:33:301</time></pt><pt><x>2629</x><y>1030</y><time>14-05-21 08:43:34:133</time></pt><pt><x>2620</x><y>1030</y><time>14-05-21 08:43:34:725</time></pt><pt><x>2596</x><y>1038</y><time>14-05-21 08:43:35:381</time></pt><pt><x>2583</x><y>1059</y><time>14-05-21 08:43:35:813</time></pt><pt><x>2571</x><y>1084</y><time>14-05-21 08:43:36:261</time></pt><pt><x>2567</x><y>1100</y><time>14-05-21 08:43:36:661</time></pt><pt><x>2559</x><y>1133</y><time>14-05-21 08:43:36:997</time></pt><pt><x>2559</x><y>1166</y><time>14-05-21 08:43:37:349</time></pt><closed_date>14-05-21 08:43:38:037</closed_date></polygon></object><object><name>restoration</name><deleted>0</deleted><verified>0</verified><occluded>no</occluded><attributes /><parts><hasparts /><ispartof>4</ispartof></parts><date>14-05-21 08:44:26:324</date><id>16</id><polygon><username>anonymous</username><pt><x>3259</x><y>993</y><time>14-05-21 08:43:53:830</time></pt><pt><x>3271</x><y>952</y><time>14-05-21 08:43:55:229</time></pt><pt><x>3300</x><y>944</y><time>14-05-21 08:43:55:741</time></pt><pt><x>3300</x><y>931</y><time>14-05-21 08:43:56:125</time></pt><pt><x>3304</x><y>915</y><time>14-05-21 08:43:56:437</time></pt><pt><x>3313</x><y>898</y><time>14-05-21 08:43:56:710</time></pt><pt><x>3321</x><y>873</y><time>14-05-21 08:43:57:374</time></pt><pt><x>3329</x><y>865</y><time>14-05-21 08:43:57:701</time></pt><pt><x>3337</x><y>849</y><time>14-05-21 08:43:57:941</time></pt><pt><x>3350</x><y>845</y><time>14-05-21 08:43:58:205</time></pt><pt><x>3366</x><y>841</y><time>14-05-21 08:43:58:497</time></pt><pt><x>3379</x><y>836</y><time>14-05-21 08:43:58:725</time></pt><pt><x>3407</x><y>832</y><time>14-05-21 08:43:59:110</time></pt><pt><x>3416</x><y>828</y><time>14-05-21 08:43:59:365</time></pt><pt><x>3428</x><y>828</y><time>14-05-21 08:43:59:829</time></pt><pt><x>3440</x><y>824</y><time>14-05-21 08:44:00:117</time></pt><pt><x>3444</x><y>812</y><time>14-05-21 08:44:00:445</time></pt><pt><x>3436</x><y>779</y><time>14-05-21 08:44:01:005</time></pt><pt><x>3428</x><y>746</y><time>14-05-21 08:44:01:533</time></pt><pt><x>3428</x><y>733</y><time>14-05-21 08:44:01:814</time></pt><pt><x>3428</x><y>721</y><time>14-05-21 08:44:02:069</time></pt><pt><x>3428</x><y>700</y><time>14-05-21 08:44:02:317</time></pt><pt><x>3432</x><y>692</y><time>14-05-21 08:44:02:565</time></pt><pt><x>3453</x><y>684</y><time>14-05-21 08:44:02:885</time></pt><pt><x>3457</x><y>684</y><time>14-05-21 08:44:03:125</time></pt><pt><x>3482</x><y>672</y><time>14-05-21 08:44:03:597</time></pt><pt><x>3514</x><y>667</y><time>14-05-21 08:44:04:173</time></pt><pt><x>3527</x><y>667</y><time>14-05-21 08:44:04:437</time></pt><pt><x>3552</x><y>667</y><time>14-05-21 08:44:04:909</time></pt><pt><x>3572</x><y>688</y><time>14-05-21 08:44:05:269</time></pt><pt><x>3580</x><y>696</y><time>14-05-21 08:44:05:605</time></pt><pt><x>3580</x><y>725</y><time>14-05-21 08:44:06:861</time></pt><pt><x>3576</x><y>742</y><time>14-05-21 08:44:07:165</time></pt><pt><x>3576</x><y>742</y><time>14-05-21 08:44:07:421</time></pt><pt><x>3605</x><y>762</y><time>14-05-21 08:44:07:973</time></pt><pt><x>3617</x><y>766</y><time>14-05-21 08:44:08:269</time></pt><pt><x>3638</x><y>787</y><time>14-05-21 08:44:08:797</time></pt><pt><x>3655</x><y>795</y><time>14-05-21 08:44:09:197</time></pt><pt><x>3667</x><y>808</y><time>14-05-21 08:44:09:549</time></pt><pt><x>3675</x><y>824</y><time>14-05-21 08:44:09:861</time></pt><pt><x>3692</x><y>849</y><time>14-05-21 08:44:10:117</time></pt><pt><x>3700</x><y>861</y><time>14-05-21 08:44:10:421</time></pt><pt><x>3700</x><y>894</y><time>14-05-21 08:44:10:733</time></pt><pt><x>3700</x><y>911</y><time>14-05-21 08:44:11:037</time></pt><pt><x>3700</x><y>931</y><time>14-05-21 08:44:11:349</time></pt><pt><x>3700</x><y>960</y><time>14-05-21 08:44:11:637</time></pt><pt><x>3688</x><y>972</y><time>14-05-21 08:44:12:430</time></pt><pt><x>3667</x><y>972</y><time>14-05-21 08:44:12:781</time></pt><pt><x>3630</x><y>981</y><time>14-05-21 08:44:13:397</time></pt><pt><x>3580</x><y>989</y><time>14-05-21 08:44:14:093</time></pt><pt><x>3564</x><y>981</y><time>14-05-21 08:44:14:437</time></pt><pt><x>3552</x><y>976</y><time>14-05-21 08:44:14:709</time></pt><pt><x>3527</x><y>968</y><time>14-05-21 08:44:15:382</time></pt><pt><x>3519</x><y>968</y><time>14-05-21 08:44:15:701</time></pt><pt><x>3502</x><y>948</y><time>14-05-21 08:44:15:981</time></pt><pt><x>3482</x><y>968</y><time>14-05-21 08:44:16:629</time></pt><pt><x>3465</x><y>968</y><time>14-05-21 08:44:17:029</time></pt><pt><x>3449</x><y>981</y><time>14-05-21 08:44:17:333</time></pt><pt><x>3424</x><y>989</y><time>14-05-21 08:44:17:613</time></pt><pt><x>3407</x><y>993</y><time>14-05-21 08:44:17:869</time></pt><pt><x>3391</x><y>1001</y><time>14-05-21 08:44:18:325</time></pt><pt><x>3387</x><y>1001</y><time>14-05-21 08:44:18:629</time></pt><pt><x>3346</x><y>1014</y><time>14-05-21 08:44:19:101</time></pt><pt><x>3317</x><y>1009</y><time>14-05-21 08:44:19:709</time></pt><pt><x>3308</x><y>1005</y><time>14-05-21 08:44:20:053</time></pt><pt><x>3296</x><y>1001</y><time>14-05-21 08:44:20:349</time></pt><closed_date>14-05-21 08:44:20:973</closed_date></polygon></object><object><name>restoration</name><deleted>0</deleted><verified>0</verified><occluded>no</occluded><attributes /><parts><hasparts /><ispartof>9</ispartof></parts><date>13-02-22 22:59:40:919</date><id>17</id><polygon><username>anonymous</username><pt><x>2824</x><y>1763</y><time>13-02-22 22:59:25:507</time></pt><pt><x>2796</x><y>1862</y><time>13-02-22 22:59:26:211</time></pt><pt><x>2724</x><y>1873</y><time>13-02-22 22:59:26:755</time></pt><pt><x>2674</x><y>1934</y><time>13-02-22 22:59:27:419</time></pt><pt><x>2619</x><y>1923</y><time>13-02-22 22:59:27:867</time></pt><pt><x>2542</x><y>1928</y><time>13-02-22 22:59:28:483</time></pt><pt><x>2503</x><y>1995</y><time>13-02-22 22:59:28:835</time></pt><pt><x>2459</x><y>2055</y><time>13-02-22 22:59:29:250</time></pt><pt><x>2343</x><y>2044</y><time>13-02-22 22:59:29:594</time></pt><pt><x>2304</x><y>1956</y><time>13-02-22 22:59:29:915</time></pt><pt><x>2194</x><y>1939</y><time>13-02-22 22:59:30:211</time></pt><pt><x>2061</x><y>1834</y><time>13-02-22 22:59:30:731</time></pt><pt><x>2122</x><y>1785</y><time>13-02-22 22:59:31:068</time></pt><pt><x>2194</x><y>1752</y><time>13-02-22 22:59:31:362</time></pt><pt><x>2299</x><y>1807</y><time>13-02-22 22:59:31:635</time></pt><pt><x>2393</x><y>1840</y><time>13-02-22 22:59:31:946</time></pt><pt><x>2453</x><y>1829</y><time>13-02-22 22:59:32:228</time></pt><pt><x>2531</x><y>1779</y><time>13-02-22 22:59:32:578</time></pt><pt><x>2553</x><y>1757</y><time>13-02-22 22:59:33:474</time></pt><pt><x>2564</x><y>1818</y><time>13-02-22 22:59:36:260</time></pt><pt><x>2658</x><y>1801</y><time>13-02-22 22:59:36:650</time></pt><pt><x>2741</x><y>1746</y><time>13-02-22 22:59:37:003</time></pt><closed_date>13-02-22 22:59:37:268</closed_date></polygon></object></annotation>