<?xml version='1.0' encoding='UTF-8'?>
<annotation><filename>imagem-067.jpg</filename><folder>segmentation_xray</folder><source><sourceImage>The MIT-CSAIL database of objects and scenes</sourceImage><sourceAnnotation>LabelMe Webtool</sourceAnnotation></source><object><name>tooth</name><deleted>0</deleted><verified>0</verified><occluded>no</occluded><attributes>24</attributes><parts><hasparts /><ispartof /></parts><date>31-05-21 10:46:55:719</date><id>0</id><type>bounding_box</type><polygon><username>anonymous</username><pt><x>127</x><y>3</y><time>31-05-21 10:46:44:734</time></pt><pt><x>2</x><y>3</y><time>31-05-21 10:46:49:485</time></pt><pt><x>2</x><y>395</y><time>undefined</time></pt><pt><x>127</x><y>395</y><time>undefined</time></pt><closed_date>31-05-21 10:46:49:485</closed_date></polygon></object><object><name>tooth</name><deleted>0</deleted><verified>0</verified><occluded>no</occluded><attributes>65</attributes><parts><hasparts /><ispartof /></parts><date>31-05-21 10:47:24:964</date><id>1</id><type>bounding_box</type><polygon><username>anonymous</username><pt><x>99</x><y>403</y><time>31-05-21 10:47:08:492</time></pt><pt><x>407</x><y>403</y><time>31-05-21 10:47:18:061</time></pt><pt><x>407</x><y>2</y><time>undefined</time></pt><pt><x>99</x><y>2</y><time>undefined</time></pt><closed_date>31-05-21 10:47:18:061</closed_date></polygon></object><object><name>tooth</name><deleted>0</deleted><verified>0</verified><occluded>yes</occluded><attributes>25</attributes><parts><hasparts /><ispartof /></parts><date>31-05-21 10:48:36:700</date><id>2</id><type>bounding_box</type><polygon><username>anonymous</username><pt><x>142</x><y>1</y><time>31-05-21 10:48:20:007</time></pt><pt><x>370</x><y>1</y><time>31-05-21 10:48:29:813</time></pt><pt><x>370</x><y>209</y><time>undefined</time></pt><pt><x>142</x><y>209</y><time>undefined</time></pt><closed_date>31-05-21 10:48:29:813</closed_date></polygon></object><object><name>tooth</name><deleted>0</deleted><verified>0</verified><occluded>no</occluded><attributes>26</attributes><parts><hasparts /><ispartof /></parts><date>31-05-21 10:49:10:100</date><id>3</id><type>bounding_box</type><polygon><username>anonymous</username><pt><x>751</x><y>412</y><time>31-05-21 10:48:50:042</time></pt><pt><x>384</x><y>412</y><time>31-05-21 10:49:01:334</time></pt><pt><x>384</x><y>3</y><time>undefined</time></pt><pt><x>751</x><y>3</y><time>undefined</time></pt><closed_date>31-05-21 10:49:01:334</closed_date></polygon></object><object><name>tooth</name><deleted>0</deleted><verified>0</verified><occluded>no</occluded><attributes>27</attributes><parts><hasparts /><ispartof /></parts><date>31-05-21 10:49:36:351</date><id>4</id><type>bounding_box</type><polygon><username>anonymous</username><pt><x>1054</x><y>316</y><time>31-05-21 10:49:25:558</time></pt><pt><x>719</x><y>316</y><time>31-05-21 10:49:29:933</time></pt><pt><x>719</x><y>1</y><time>undefined</time></pt><pt><x>1054</x><y>1</y><time>undefined</time></pt><closed_date>31-05-21 10:49:29:933</closed_date></polygon></object><object><name>tooth</name><deleted>0</deleted><verified>0</verified><occluded>no</occluded><attributes>34</attributes><parts><hasparts /><ispartof /></parts><date>31-05-21 10:50:06:988</date><id>5</id><type>bounding_box</type><polygon><username>anonymous</username><pt><x>2</x><y>524</y><time>31-05-21 10:49:49:483</time></pt><pt><x>86</x><y>524</y><time>31-05-21 10:49:56:855</time></pt><pt><x>86</x><y>948</y><time>undefined</time></pt><pt><x>2</x><y>948</y><time>undefined</time></pt><closed_date>31-05-21 10:49:56:855</closed_date></polygon></object><object><name>tooth</name><deleted>0</deleted><verified>0</verified><occluded>no</occluded><attributes>75</attributes><parts><hasparts /><ispartof /></parts><date>31-05-21 10:50:36:580</date><id>6</id><type>bounding_box</type><polygon><username>anonymous</username><pt><x>64</x><y>491</y><time>31-05-21 10:50:10:795</time></pt><pt><x>380</x><y>491</y><time>31-05-21 10:50:22:758</time></pt><pt><x>380</x><y>825</y><time>undefined</time></pt><pt><x>64</x><y>825</y><time>undefined</time></pt><closed_date>31-05-21 10:50:22:758</closed_date></polygon></object><object><name>tooth</name><deleted>0</deleted><verified>0</verified><occluded>no</occluded><attributes>35</attributes><parts><hasparts /><ispartof /></parts><date>31-05-21 10:51:29:287</date><id>7</id><type>bounding_box</type><polygon><username>anonymous</username><pt><x>156</x><y>660</y><time>31-05-21 10:51:09:652</time></pt><pt><x>410</x><y>660</y><time>31-05-21 10:51:18:213</time></pt><pt><x>410</x><y>943</y><time>undefined</time></pt><pt><x>156</x><y>943</y><time>undefined</time></pt><closed_date>31-05-21 10:51:18:213</closed_date></polygon></object><object><name>tooth</name><deleted>0</deleted><verified>0</verified><occluded>no</occluded><attributes>36</attributes><parts><hasparts /><ispartof /></parts><date>31-05-21 10:52:04:029</date><id>8</id><type>bounding_box</type><polygon><username>anonymous</username><pt><x>766</x><y>479</y><time>31-05-21 10:51:38:532</time></pt><pt><x>367</x><y>479</y><time>31-05-21 10:51:51:341</time></pt><pt><x>367</x><y>948</y><time>undefined</time></pt><pt><x>766</x><y>948</y><time>undefined</time></pt><closed_date>31-05-21 10:51:51:341</closed_date></polygon></object><object><name>tooth</name><deleted>0</deleted><verified>0</verified><occluded>no</occluded><attributes>37</attributes><parts><hasparts /><ispartof /></parts><date>31-05-21 10:53:21:572</date><id>9</id><type>bounding_box</type><polygon><username>anonymous</username><pt><x>1139</x><y>398</y><time>31-05-21 10:53:01:324</time></pt><pt><x>729</x><y>398</y><time>31-05-21 10:53:09:037</time></pt><pt><x>729</x><y>948</y><time>undefined</time></pt><pt><x>1139</x><y>948</y><time>undefined</time></pt><closed_date>31-05-21 10:53:09:037</closed_date></polygon></object><object><name>tooth</name><deleted>0</deleted><verified>0</verified><occluded>no</occluded><attributes>38</attributes><parts><hasparts /><ispartof /></parts><date>31-05-21 10:53:51:628</date><id>10</id><type>bounding_box</type><polygon><username>anonymous</username><pt><x>1217</x><y>476</y><time>31-05-21 10:53:36:060</time></pt><pt><x>1082</x><y>476</y><time>31-05-21 10:53:41:461</time></pt><pt><x>1082</x><y>861</y><time>undefined</time></pt><pt><x>1217</x><y>861</y><time>undefined</time></pt><closed_date>31-05-21 10:53:41:461</closed_date></polygon></object><imagesize><nrows /><ncols /></imagesize></annotation>