<?xml version='1.0' encoding='UTF-8'?>
<annotation><filename>imagem-022.jpg</filename><folder>segmentation_xray</folder><source><sourceImage>The MIT-CSAIL database of objects and scenes</sourceImage><sourceAnnotation>LabelMe Webtool</sourceAnnotation></source><object><name>tooth</name><deleted>0</deleted><verified>0</verified><occluded>no</occluded><attributes>27</attributes><parts><hasparts /><ispartof /></parts><date>14-05-21 15:08:13:946</date><id>0</id><type>bounding_box</type><polygon><username>anonymous</username><pt><x>2973</x><y>10</y><time>14-05-21 15:07:44:805</time></pt><pt><x>3847</x><y>10</y><time>14-05-21 15:07:55:939</time></pt><pt><x>3847</x><y>1185</y><time>undefined</time></pt><pt><x>2973</x><y>1185</y><time>undefined</time></pt><closed_date>14-05-21 15:07:55:940</closed_date></polygon></object><object><name>tooth</name><deleted>0</deleted><verified>0</verified><occluded>no</occluded><attributes>26</attributes><parts><hasparts>2</hasparts><ispartof /></parts><date>14-05-21 15:09:02:671</date><id>1</id><type>bounding_box</type><polygon><username>anonymous</username><pt><x>2069</x><y>10</y><time>14-05-21 15:08:47:405</time></pt><pt><x>3036</x><y>10</y><time>14-05-21 15:08:52:584</time></pt><pt><x>3036</x><y>1456</y><time>undefined</time></pt><pt><x>2069</x><y>1456</y><time>undefined</time></pt><closed_date>14-05-21 15:08:52:584</closed_date></polygon></object><object><name>restoration</name><deleted>0</deleted><verified>0</verified><occluded>no</occluded><attributes /><parts><hasparts /><ispartof>1</ispartof></parts><date>14-05-21 15:10:28:752</date><id>2</id><polygon><username>anonymous</username><pt><x>2407</x><y>1258</y><time>14-05-21 15:09:55:957</time></pt><pt><x>2516</x><y>1232</y><time>14-05-21 15:09:57:200</time></pt><pt><x>2589</x><y>1227</y><time>14-05-21 15:09:58:102</time></pt><pt><x>2641</x><y>1227</y><time>14-05-21 15:09:59:076</time></pt><pt><x>2677</x><y>1216</y><time>14-05-21 15:10:00:401</time></pt><pt><x>2677</x><y>1159</y><time>14-05-21 15:10:01:164</time></pt><pt><x>2677</x><y>1086</y><time>14-05-21 15:10:01:871</time></pt><pt><x>2688</x><y>1045</y><time>14-05-21 15:10:02:408</time></pt><pt><x>2688</x><y>1003</y><time>14-05-21 15:10:02:997</time></pt><pt><x>2677</x><y>941</y><time>14-05-21 15:10:03:634</time></pt><pt><x>2651</x><y>889</y><time>14-05-21 15:10:04:277</time></pt><pt><x>2594</x><y>879</y><time>14-05-21 15:10:04:782</time></pt><pt><x>2542</x><y>879</y><time>14-05-21 15:10:05:512</time></pt><pt><x>2500</x><y>899</y><time>14-05-21 15:10:06:137</time></pt><pt><x>2469</x><y>925</y><time>14-05-21 15:10:06:804</time></pt><pt><x>2464</x><y>956</y><time>14-05-21 15:10:07:487</time></pt><pt><x>2454</x><y>982</y><time>14-05-21 15:10:08:183</time></pt><pt><x>2438</x><y>1029</y><time>14-05-21 15:10:08:820</time></pt><pt><x>2433</x><y>1055</y><time>14-05-21 15:10:09:445</time></pt><pt><x>2433</x><y>1081</y><time>14-05-21 15:10:10:161</time></pt><pt><x>2412</x><y>1092</y><time>14-05-21 15:10:10:746</time></pt><pt><x>2370</x><y>1092</y><time>14-05-21 15:10:11:412</time></pt><pt><x>2360</x><y>1133</y><time>14-05-21 15:10:12:242</time></pt><pt><x>2355</x><y>1190</y><time>14-05-21 15:10:12:866</time></pt><pt><x>2355</x><y>1216</y><time>14-05-21 15:10:13:533</time></pt><pt><x>2370</x><y>1237</y><time>14-05-21 15:10:14:662</time></pt><closed_date>14-05-21 15:10:15:833</closed_date></polygon></object><object><name>tooth</name><deleted>0</deleted><verified>0</verified><occluded>no</occluded><attributes>25</attributes><parts><hasparts>4</hasparts><ispartof /></parts><date>14-05-21 15:11:01:307</date><id>3</id><type>bounding_box</type><polygon><username>anonymous</username><pt><x>1378</x><y>5</y><time>14-05-21 15:10:49:297</time></pt><pt><x>2116</x><y>5</y><time>14-05-21 15:10:53:457</time></pt><pt><x>2116</x><y>1357</y><time>undefined</time></pt><pt><x>1378</x><y>1357</y><time>undefined</time></pt><closed_date>14-05-21 15:10:53:457</closed_date></polygon></object><object><name>restoration</name><deleted>0</deleted><verified>0</verified><occluded>no</occluded><attributes /><parts><hasparts /><ispartof>3</ispartof></parts><date>14-05-21 15:12:06:747</date><id>4</id><polygon><username>anonymous</username><pt><x>1575</x><y>1154</y><time>14-05-21 15:11:48:964</time></pt><pt><x>1637</x><y>1066</y><time>14-05-21 15:11:49:915</time></pt><pt><x>1669</x><y>1050</y><time>14-05-21 15:11:50:703</time></pt><pt><x>1658</x><y>998</y><time>14-05-21 15:11:51:377</time></pt><pt><x>1653</x><y>946</y><time>14-05-21 15:11:52:142</time></pt><pt><x>1684</x><y>894</y><time>14-05-21 15:11:52:938</time></pt><pt><x>1752</x><y>879</y><time>14-05-21 15:11:53:629</time></pt><pt><x>1840</x><y>889</y><time>14-05-21 15:11:54:385</time></pt><pt><x>1892</x><y>936</y><time>14-05-21 15:11:55:141</time></pt><pt><x>1892</x><y>998</y><time>14-05-21 15:11:55:709</time></pt><pt><x>1892</x><y>1097</y><time>14-05-21 15:11:56:319</time></pt><pt><x>1897</x><y>1138</y><time>14-05-21 15:11:56:895</time></pt><pt><x>1903</x><y>1180</y><time>14-05-21 15:11:57:594</time></pt><pt><x>1861</x><y>1154</y><time>14-05-21 15:11:58:244</time></pt><pt><x>1830</x><y>1138</y><time>14-05-21 15:11:58:740</time></pt><pt><x>1752</x><y>1138</y><time>14-05-21 15:11:59:342</time></pt><pt><x>1721</x><y>1138</y><time>14-05-21 15:11:59:943</time></pt><pt><x>1674</x><y>1159</y><time>14-05-21 15:12:00:536</time></pt><pt><x>1643</x><y>1170</y><time>14-05-21 15:12:01:154</time></pt><pt><x>1611</x><y>1170</y><time>14-05-21 15:12:01:787</time></pt><closed_date>14-05-21 15:12:02:501</closed_date></polygon></object><object><name>tooth</name><deleted>0</deleted><verified>0</verified><occluded>no</occluded><attributes>13</attributes><parts><hasparts /><ispartof /></parts><date>14-05-21 15:15:46:036</date><id>5</id><type>bounding_box</type><polygon><username>anonymous</username><pt><x>21</x><y>1284</y><time>14-05-21 15:15:32:262</time></pt><pt><x>691</x><y>1284</y><time>14-05-21 15:15:38:648</time></pt><pt><x>691</x><y>16</y><time>undefined</time></pt><pt><x>21</x><y>16</y><time>undefined</time></pt><closed_date>14-05-21 15:15:38:648</closed_date></polygon></object><object><name>tooth</name><deleted>0</deleted><verified>0</verified><occluded>no</occluded><attributes>37</attributes><parts><hasparts /><ispartof /></parts><date>14-05-21 15:17:51:677</date><id>6</id><type>bounding_box</type><polygon><username>anonymous</username><pt><x>4070</x><y>1107</y><time>14-05-21 15:17:15:938</time></pt><pt><x>3010</x><y>1107</y><time>14-05-21 15:17:20:927</time></pt><pt><x>3010</x><y>2552</y><time>undefined</time></pt><pt><x>4070</x><y>2552</y><time>undefined</time></pt><closed_date>14-05-21 15:17:20:927</closed_date></polygon></object><object><name>tooth</name><deleted>0</deleted><verified>0</verified><occluded>no</occluded><attributes>14</attributes><parts><hasparts>8</hasparts><ispartof /></parts><date>14-05-21 15:35:28:448</date><id>7</id><type>bounding_box</type><polygon><username>anonymous</username><pt><x>655</x><y>1352</y><time>14-05-21 15:35:18:744</time></pt><pt><x>1445</x><y>1352</y><time>14-05-21 15:35:22:675</time></pt><pt><x>1445</x><y>1</y><time>undefined</time></pt><pt><x>655</x><y>1</y><time>undefined</time></pt><closed_date>14-05-21 15:35:22:675</closed_date></polygon></object><object><name>restoration</name><deleted>0</deleted><verified>0</verified><occluded>no</occluded><attributes /><parts><hasparts /><ispartof>7</ispartof></parts><date>14-05-21 15:36:09:755</date><id>8</id><polygon><username>anonymous</username><pt><x>868</x><y>1128</y><time>14-05-21 15:35:55:985</time></pt><pt><x>920</x><y>1024</y><time>14-05-21 15:35:56:780</time></pt><pt><x>956</x><y>972</y><time>14-05-21 15:35:57:560</time></pt><pt><x>1008</x><y>946</y><time>14-05-21 15:35:58:333</time></pt><pt><x>1066</x><y>982</y><time>14-05-21 15:35:59:023</time></pt><pt><x>1092</x><y>1014</y><time>14-05-21 15:35:59:568</time></pt><pt><x>1123</x><y>1050</y><time>14-05-21 15:36:00:177</time></pt><pt><x>1164</x><y>1081</y><time>14-05-21 15:36:00:974</time></pt><pt><x>1175</x><y>1102</y><time>14-05-21 15:36:01:828</time></pt><pt><x>1112</x><y>1118</y><time>14-05-21 15:36:02:377</time></pt><pt><x>1029</x><y>1154</y><time>14-05-21 15:36:03:043</time></pt><pt><x>941</x><y>1159</y><time>14-05-21 15:36:03:630</time></pt><pt><x>894</x><y>1185</y><time>14-05-21 15:36:04:217</time></pt><pt><x>863</x><y>1185</y><time>14-05-21 15:36:04:752</time></pt><closed_date>14-05-21 15:36:05:307</closed_date></polygon></object><object><name>tooth</name><deleted>0</deleted><verified>0</verified><occluded>no</occluded><attributes>35</attributes><parts><hasparts /><ispartof /></parts><date>14-05-21 15:36:32:247</date><id>9</id><type>bounding_box</type><polygon><username>anonymous</username><pt><x>1419</x><y>1606</y><time>14-05-21 15:36:19:338</time></pt><pt><x>2194</x><y>1606</y><time>14-05-21 15:36:25:068</time></pt><pt><x>2194</x><y>3166</y><time>undefined</time></pt><pt><x>1419</x><y>3166</y><time>undefined</time></pt><closed_date>14-05-21 15:36:25:068</closed_date></polygon></object><object><name>tooth</name><deleted>0</deleted><verified>0</verified><occluded>no</occluded><attributes>34</attributes><parts><hasparts /><ispartof /></parts><date>14-05-21 15:36:55:952</date><id>10</id><type>bounding_box</type><polygon><username>anonymous</username><pt><x>728</x><y>1586</y><time>14-05-21 15:36:45:334</time></pt><pt><x>1450</x><y>1586</y><time>14-05-21 15:36:49:137</time></pt><pt><x>1450</x><y>3166</y><time>undefined</time></pt><pt><x>728</x><y>3166</y><time>undefined</time></pt><closed_date>14-05-21 15:36:49:138</closed_date></polygon></object><object><name>tooth</name><deleted>0</deleted><verified>0</verified><occluded>no</occluded><attributes>33</attributes><parts><hasparts /><ispartof /></parts><date>14-05-21 15:37:30:037</date><id>11</id><type>bounding_box</type><polygon><username>anonymous</username><pt><x>26</x><y>1580</y><time>14-05-21 15:37:18:728</time></pt><pt><x>759</x><y>1580</y><time>14-05-21 15:37:24:555</time></pt><pt><x>759</x><y>3166</y><time>undefined</time></pt><pt><x>26</x><y>3166</y><time>undefined</time></pt><closed_date>14-05-21 15:37:24:556</closed_date></polygon></object><imagesize><nrows /><ncols /></imagesize></annotation>