<?xml version='1.0' encoding='UTF-8'?>
<annotation><filename>imagem-110.jpg</filename><folder>segmentation_xray</folder><source><sourceImage>The MIT-CSAIL database of objects and scenes</sourceImage><sourceAnnotation>LabelMe Webtool</sourceAnnotation></source><object><name>tooth</name><deleted>0</deleted><verified>0</verified><occluded>no</occluded><attributes>38</attributes><parts><hasparts>1</hasparts><ispartof /></parts><date>26-05-21 10:11:12:251</date><id>0</id><type>bounding_box</type><polygon><username>anonymous</username><pt><x>975</x><y>266</y><time>26-05-21 10:10:08:900</time></pt><pt><x>1610</x><y>266</y><time>26-05-21 10:10:15:257</time></pt><pt><x>1610</x><y>1046</y><time>undefined</time></pt><pt><x>975</x><y>1046</y><time>undefined</time></pt><closed_date>26-05-21 10:10:15:257</closed_date></polygon></object><object><name>restoration</name><deleted>0</deleted><verified>0</verified><occluded>no</occluded><attributes /><parts><hasparts /><ispartof>0</ispartof></parts><date>26-05-21 10:27:26:143</date><id>1</id><polygon><username>anonymous</username><pt><x>1291</x><y>436</y><time>26-05-21 10:26:52:939</time></pt><pt><x>1316</x><y>402</y><time>26-05-21 10:26:54:193</time></pt><pt><x>1312</x><y>389</y><time>26-05-21 10:26:54:884</time></pt><pt><x>1296</x><y>361</y><time>26-05-21 10:26:55:752</time></pt><pt><x>1278</x><y>343</y><time>26-05-21 10:26:56:499</time></pt><pt><x>1248</x><y>343</y><time>26-05-21 10:26:57:179</time></pt><pt><x>1216</x><y>366</y><time>26-05-21 10:26:58:994</time></pt><pt><x>1200</x><y>386</y><time>26-05-21 10:26:59:818</time></pt><pt><x>1175</x><y>391</y><time>26-05-21 10:27:00:723</time></pt><pt><x>1157</x><y>407</y><time>26-05-21 10:27:01:685</time></pt><pt><x>1134</x><y>421</y><time>26-05-21 10:27:02:529</time></pt><pt><x>1116</x><y>436</y><time>26-05-21 10:27:03:541</time></pt><pt><x>1112</x><y>448</y><time>26-05-21 10:27:04:529</time></pt><pt><x>1114</x><y>455</y><time>26-05-21 10:27:05:598</time></pt><pt><x>1094</x><y>489</y><time>26-05-21 10:27:06:508</time></pt><pt><x>1053</x><y>502</y><time>26-05-21 10:27:07:491</time></pt><pt><x>1023</x><y>518</y><time>26-05-21 10:27:08:311</time></pt><pt><x>1000</x><y>543</y><time>26-05-21 10:27:09:154</time></pt><pt><x>1000</x><y>573</y><time>26-05-21 10:27:09:978</time></pt><pt><x>1000</x><y>605</y><time>26-05-21 10:27:10:861</time></pt><pt><x>1009</x><y>637</y><time>26-05-21 10:27:11:560</time></pt><pt><x>1018</x><y>659</y><time>26-05-21 10:27:12:245</time></pt><pt><x>1030</x><y>673</y><time>26-05-21 10:27:12:905</time></pt><pt><x>1050</x><y>675</y><time>26-05-21 10:27:13:648</time></pt><pt><x>1062</x><y>662</y><time>26-05-21 10:27:14:762</time></pt><pt><x>1082</x><y>630</y><time>26-05-21 10:27:15:759</time></pt><pt><x>1100</x><y>614</y><time>26-05-21 10:27:16:517</time></pt><pt><x>1116</x><y>589</y><time>26-05-21 10:27:17:223</time></pt><pt><x>1150</x><y>577</y><time>26-05-21 10:27:17:901</time></pt><pt><x>1180</x><y>562</y><time>26-05-21 10:27:18:598</time></pt><pt><x>1223</x><y>539</y><time>26-05-21 10:27:19:257</time></pt><pt><x>1244</x><y>507</y><time>26-05-21 10:27:19:904</time></pt><pt><x>1269</x><y>477</y><time>26-05-21 10:27:20:546</time></pt><pt><x>1291</x><y>464</y><time>26-05-21 10:27:21:208</time></pt><closed_date>26-05-21 10:27:22:069</closed_date></polygon></object><object><name>tooth</name><deleted>0</deleted><verified>0</verified><occluded>no</occluded><attributes>35</attributes><parts><hasparts>3</hasparts><ispartof /></parts><date>26-05-21 10:28:43:676</date><id>2</id><type>bounding_box</type><polygon><username>anonymous</username><pt><x>318</x><y>566</y><time>26-05-21 10:28:25:194</time></pt><pt><x>775</x><y>566</y><time>26-05-21 10:28:28:291</time></pt><pt><x>775</x><y>1225</y><time>undefined</time></pt><pt><x>318</x><y>1225</y><time>undefined</time></pt><closed_date>26-05-21 10:28:28:291</closed_date></polygon></object><object><name>restoration</name><deleted>0</deleted><verified>0</verified><occluded>no</occluded><attributes /><parts><hasparts /><ispartof>2</ispartof></parts><date>26-05-21 10:29:58:828</date><id>3</id><polygon><username>anonymous</username><pt><x>461</x><y>625</y><time>26-05-21 10:29:42:092</time></pt><pt><x>430</x><y>637</y><time>26-05-21 10:29:42:917</time></pt><pt><x>421</x><y>652</y><time>26-05-21 10:29:43:703</time></pt><pt><x>418</x><y>668</y><time>26-05-21 10:29:44:419</time></pt><pt><x>441</x><y>691</y><time>26-05-21 10:29:45:167</time></pt><pt><x>471</x><y>698</y><time>26-05-21 10:29:46:815</time></pt><pt><x>491</x><y>691</y><time>26-05-21 10:29:47:617</time></pt><pt><x>518</x><y>698</y><time>26-05-21 10:29:48:572</time></pt><pt><x>548</x><y>696</y><time>26-05-21 10:29:49:627</time></pt><pt><x>568</x><y>680</y><time>26-05-21 10:29:50:685</time></pt><pt><x>584</x><y>650</y><time>26-05-21 10:29:51:387</time></pt><pt><x>568</x><y>639</y><time>26-05-21 10:29:52:345</time></pt><pt><x>548</x><y>625</y><time>26-05-21 10:29:53:091</time></pt><pt><x>527</x><y>625</y><time>26-05-21 10:29:53:725</time></pt><pt><x>502</x><y>627</y><time>26-05-21 10:29:54:329</time></pt><closed_date>26-05-21 10:29:55:023</closed_date></polygon></object><object><name>tooth</name><deleted>0</deleted><verified>0</verified><occluded>no</occluded><attributes>34</attributes><parts><hasparts /><ispartof /></parts><date>26-05-21 10:30:23:341</date><id>4</id><type>bounding_box</type><polygon><username>anonymous</username><pt><x>443</x><y>643</y><time>26-05-21 10:30:07:821</time></pt><pt><x>36</x><y>643</y><time>26-05-21 10:30:13:326</time></pt><pt><x>36</x><y>1228</y><time>undefined</time></pt><pt><x>443</x><y>1228</y><time>undefined</time></pt><closed_date>26-05-21 10:30:13:326</closed_date></polygon></object><object><name>tooth</name><deleted>0</deleted><verified>0</verified><occluded>no</occluded><attributes>24</attributes><parts><hasparts /><ispartof /></parts><date>26-05-21 10:34:04:921</date><id>5</id><type>bounding_box</type><polygon><username>anonymous</username><pt><x>11</x><y>550</y><time>26-05-21 10:30:39:479</time></pt><pt><x>298</x><y>550</y><time>26-05-21 10:30:44:217</time></pt><pt><x>298</x><y>20</y><time>undefined</time></pt><pt><x>11</x><y>20</y><time>undefined</time></pt><closed_date>26-05-21 10:30:44:217</closed_date></polygon></object><imagesize><nrows /><ncols /></imagesize><object><name>tooth</name><deleted>0</deleted><verified>0</verified><occluded>no</occluded><attributes>25</attributes><parts><hasparts /><ispartof /></parts><date>01-06-21 10:38:19:293</date><id>6</id><type>bounding_box</type><polygon><username>anonymous</username><pt><x>582</x><y>493</y><time>01-06-21 10:38:05:054</time></pt><pt><x>296</x><y>493</y><time>01-06-21 10:38:08:926</time></pt><pt><x>296</x><y>11</y><time>undefined</time></pt><pt><x>582</x><y>11</y><time>undefined</time></pt><closed_date>01-06-21 10:38:08:927</closed_date></polygon></object><object><name>tooth</name><deleted>0</deleted><verified>0</verified><occluded>no</occluded><attributes>26</attributes><parts><hasparts /><ispartof /></parts><date>01-06-21 10:38:36:506</date><id>7</id><type>bounding_box</type><polygon><username>anonymous</username><pt><x>1007</x><y>14</y><time>01-06-21 10:38:26:517</time></pt><pt><x>568</x><y>14</y><time>01-06-21 10:38:30:610</time></pt><pt><x>568</x><y>480</y><time>undefined</time></pt><pt><x>1007</x><y>480</y><time>undefined</time></pt><closed_date>01-06-21 10:38:30:610</closed_date></polygon></object><object><name>tooth</name><deleted>0</deleted><verified>0</verified><occluded>no</occluded><attributes>27</attributes><parts><hasparts>9</hasparts><ispartof /></parts><date>01-06-21 10:38:46:935</date><id>8</id><type>bounding_box</type><polygon><username>anonymous</username><pt><x>1410</x><y>16</y><time>01-06-21 10:38:38:266</time></pt><pt><x>962</x><y>16</y><time>01-06-21 10:38:41:935</time></pt><pt><x>962</x><y>286</y><time>undefined</time></pt><pt><x>1410</x><y>286</y><time>undefined</time></pt><closed_date>01-06-21 10:38:41:935</closed_date></polygon></object><object><name>restoration</name><deleted>0</deleted><verified>0</verified><occluded>no</occluded><attributes /><parts><hasparts /><ispartof>8</ispartof></parts><date>01-06-21 10:39:19:282</date><id>9</id><polygon><username>anonymous</username><pt><x>1130</x><y>132</y><time>01-06-21 10:38:51:499</time></pt><pt><x>1098</x><y>150</y><time>01-06-21 10:38:52:450</time></pt><pt><x>1071</x><y>168</y><time>01-06-21 10:38:53:655</time></pt><pt><x>1071</x><y>186</y><time>01-06-21 10:38:54:293</time></pt><pt><x>1075</x><y>218</y><time>01-06-21 10:38:54:838</time></pt><pt><x>1084</x><y>227</y><time>01-06-21 10:38:55:376</time></pt><pt><x>1107</x><y>209</y><time>01-06-21 10:38:56:141</time></pt><pt><x>1144</x><y>191</y><time>01-06-21 10:38:56:715</time></pt><pt><x>1184</x><y>184</y><time>01-06-21 10:38:57:238</time></pt><pt><x>1205</x><y>184</y><time>01-06-21 10:38:57:726</time></pt><pt><x>1230</x><y>184</y><time>01-06-21 10:38:58:228</time></pt><pt><x>1250</x><y>177</y><time>01-06-21 10:38:58:687</time></pt><pt><x>1255</x><y>173</y><time>01-06-21 10:38:59:167</time></pt><pt><x>1275</x><y>175</y><time>01-06-21 10:39:05:210</time></pt><pt><x>1294</x><y>189</y><time>01-06-21 10:39:05:768</time></pt><pt><x>1328</x><y>184</y><time>01-06-21 10:39:06:364</time></pt><pt><x>1362</x><y>157</y><time>01-06-21 10:39:06:957</time></pt><pt><x>1380</x><y>141</y><time>01-06-21 10:39:07:711</time></pt><pt><x>1398</x><y>107</y><time>01-06-21 10:39:08:234</time></pt><pt><x>1384</x><y>91</y><time>01-06-21 10:39:08:787</time></pt><pt><x>1359</x><y>73</y><time>01-06-21 10:39:09:288</time></pt><pt><x>1334</x><y>75</y><time>01-06-21 10:39:09:883</time></pt><pt><x>1319</x><y>86</y><time>01-06-21 10:39:10:443</time></pt><pt><x>1294</x><y>95</y><time>01-06-21 10:39:11:001</time></pt><pt><x>1278</x><y>109</y><time>01-06-21 10:39:11:553</time></pt><pt><x>1257</x><y>107</y><time>01-06-21 10:39:12:083</time></pt><pt><x>1246</x><y>98</y><time>01-06-21 10:39:12:557</time></pt><pt><x>1223</x><y>91</y><time>01-06-21 10:39:13:050</time></pt><pt><x>1196</x><y>91</y><time>01-06-21 10:39:13:639</time></pt><pt><x>1175</x><y>93</y><time>01-06-21 10:39:14:197</time></pt><pt><x>1166</x><y>102</y><time>01-06-21 10:39:14:662</time></pt><pt><x>1157</x><y>120</y><time>01-06-21 10:39:15:151</time></pt><pt><x>1148</x><y>123</y><time>01-06-21 10:39:15:701</time></pt><closed_date>01-06-21 10:39:16:275</closed_date></polygon></object></annotation>