<?xml version='1.0' encoding='UTF-8'?>
<annotation><filename>imagem-049.jpg</filename><folder>segmentation_xray</folder><source><sourceImage>The MIT-CSAIL database of objects and scenes</sourceImage><sourceAnnotation>LabelMe Webtool</sourceAnnotation></source><object><name>tooth</name><deleted>0</deleted><verified>0</verified><occluded>no</occluded><attributes>25</attributes><parts><hasparts /><ispartof /></parts><date>12-05-21 10:51:52:434</date><id>0</id><type>bounding_box</type><polygon><username>anonymous</username><pt><x>146</x><y>2</y><time>12-05-21 10:51:37:538</time></pt><pt><x>5</x><y>2</y><time>12-05-21 10:51:43:970</time></pt><pt><x>5</x><y>417</y><time>undefined</time></pt><pt><x>146</x><y>417</y><time>undefined</time></pt><closed_date>12-05-21 10:51:43:970</closed_date></polygon></object><object><name>tooth</name><deleted>0</deleted><verified>0</verified><occluded>no</occluded><attributes>26</attributes><parts><hasparts /><ispartof /></parts><date>12-05-21 10:52:13:625</date><id>1</id><type>bounding_box</type><polygon><username>anonymous</username><pt><x>139</x><y>6</y><time>12-05-21 10:52:05:570</time></pt><pt><x>512</x><y>6</y><time>12-05-21 10:52:08:117</time></pt><pt><x>512</x><y>424</y><time>undefined</time></pt><pt><x>139</x><y>424</y><time>undefined</time></pt><closed_date>12-05-21 10:52:08:117</closed_date></polygon></object><object><name>tooth</name><deleted>0</deleted><verified>0</verified><occluded>no</occluded><attributes>27</attributes><parts><hasparts /><ispartof /></parts><date>12-05-21 10:52:50:466</date><id>2</id><type>bounding_box</type><polygon><username>anonymous</username><pt><x>453</x><y>410</y><time>12-05-21 10:52:43:010</time></pt><pt><x>813</x><y>410</y><time>12-05-21 10:52:45:065</time></pt><pt><x>813</x><y>1</y><time>undefined</time></pt><pt><x>453</x><y>1</y><time>undefined</time></pt><closed_date>12-05-21 10:52:45:066</closed_date></polygon></object><object><name>tooth</name><deleted>0</deleted><verified>0</verified><occluded>no</occluded><attributes>28</attributes><parts><hasparts /><ispartof /></parts><date>12-05-21 10:53:19:409</date><id>3</id><type>bounding_box</type><polygon><username>anonymous</username><pt><x>1110</x><y>333</y><time>12-05-21 10:53:05:236</time></pt><pt><x>800</x><y>333</y><time>12-05-21 10:53:12:746</time></pt><pt><x>800</x><y>6</y><time>undefined</time></pt><pt><x>1110</x><y>6</y><time>undefined</time></pt><closed_date>12-05-21 10:53:12:746</closed_date></polygon></object><object><name>tooth</name><deleted>0</deleted><verified>0</verified><occluded>no</occluded><attributes>36</attributes><parts><hasparts /><ispartof /></parts><date>12-05-21 10:54:09:534</date><id>4</id><type>bounding_box</type><polygon><username>anonymous</username><pt><x>76</x><y>466</y><time>12-05-21 10:54:00:314</time></pt><pt><x>484</x><y>466</y><time>12-05-21 10:54:03:200</time></pt><pt><x>484</x><y>948</y><time>undefined</time></pt><pt><x>76</x><y>948</y><time>undefined</time></pt><closed_date>12-05-21 10:54:03:200</closed_date></polygon></object><object><name>tooth</name><deleted>0</deleted><verified>0</verified><occluded>no</occluded><attributes>37</attributes><parts><hasparts /><ispartof /></parts><date>12-05-21 10:54:34:584</date><id>5</id><type>bounding_box</type><polygon><username>anonymous</username><pt><x>464</x><y>420</y><time>12-05-21 10:54:24:238</time></pt><pt><x>863</x><y>420</y><time>12-05-21 10:54:29:357</time></pt><pt><x>863</x><y>948</y><time>undefined</time></pt><pt><x>464</x><y>948</y><time>undefined</time></pt><closed_date>12-05-21 10:54:29:357</closed_date></polygon></object><object><name>tooth</name><deleted>0</deleted><verified>0</verified><occluded>no</occluded><attributes>38</attributes><parts><hasparts /><ispartof /></parts><date>12-05-21 10:54:55:845</date><id>6</id><type>bounding_box</type><polygon><username>anonymous</username><pt><x>843</x><y>347</y><time>12-05-21 10:54:45:748</time></pt><pt><x>1210</x><y>347</y><time>12-05-21 10:54:49:550</time></pt><pt><x>1210</x><y>948</y><time>undefined</time></pt><pt><x>843</x><y>948</y><time>undefined</time></pt><closed_date>12-05-21 10:54:49:550</closed_date></polygon></object><imagesize><nrows /><ncols /></imagesize></annotation>