<?xml version='1.0' encoding='UTF-8'?>
<annotation><filename>imagem-078.jpg</filename><folder>segmentation_xray</folder><source><sourceImage>The MIT-CSAIL database of objects and scenes</sourceImage><sourceAnnotation>LabelMe Webtool</sourceAnnotation></source><object><name>tooth</name><deleted>0</deleted><verified>0</verified><occluded>no</occluded><attributes>16</attributes><parts><hasparts /><ispartof /></parts><date>17-05-21 09:24:35:263</date><id>0</id><type>bounding_box</type><polygon><username>anonymous</username><pt><x>61</x><y>318</y><time>17-05-21 09:24:22:300</time></pt><pt><x>380</x><y>318</y><time>17-05-21 09:24:26:987</time></pt><pt><x>380</x><y>1</y><time>undefined</time></pt><pt><x>61</x><y>1</y><time>undefined</time></pt><closed_date>17-05-21 09:24:26:988</closed_date></polygon></object><object><name>tooth</name><deleted>0</deleted><verified>0</verified><occluded>no</occluded><attributes>55</attributes><parts><hasparts /><ispartof /></parts><date>17-05-21 09:24:47:879</date><id>1</id><type>bounding_box</type><polygon><username>anonymous</username><pt><x>381</x><y>286</y><time>17-05-21 09:24:40:768</time></pt><pt><x>647</x><y>286</y><time>17-05-21 09:24:44:443</time></pt><pt><x>647</x><y>1</y><time>undefined</time></pt><pt><x>381</x><y>1</y><time>undefined</time></pt><closed_date>17-05-21 09:24:44:443</closed_date></polygon></object><object><name>tooth</name><deleted>0</deleted><verified>0</verified><occluded>no</occluded><attributes>54</attributes><parts><hasparts /><ispartof /></parts><date>17-05-21 09:24:59:506</date><id>2</id><type>bounding_box</type><polygon><username>anonymous</username><pt><x>830</x><y>253</y><time>17-05-21 09:24:49:997</time></pt><pt><x>619</x><y>253</y><time>17-05-21 09:24:52:642</time></pt><pt><x>619</x><y>2</y><time>undefined</time></pt><pt><x>830</x><y>2</y><time>undefined</time></pt><closed_date>17-05-21 09:24:52:642</closed_date></polygon></object><object><name>tooth</name><deleted>0</deleted><verified>0</verified><occluded>no</occluded><attributes>53</attributes><parts><hasparts /><ispartof /></parts><date>17-05-21 09:25:08:721</date><id>3</id><type>bounding_box</type><polygon><username>anonymous</username><pt><x>836</x><y>207</y><time>17-05-21 09:25:01:979</time></pt><pt><x>1016</x><y>207</y><time>17-05-21 09:25:04:454</time></pt><pt><x>1016</x><y>2</y><time>undefined</time></pt><pt><x>836</x><y>2</y><time>undefined</time></pt><closed_date>17-05-21 09:25:04:454</closed_date></polygon></object><object><name>tooth</name><deleted>0</deleted><verified>0</verified><occluded>no</occluded><attributes>46</attributes><parts><hasparts>7</hasparts><ispartof /></parts><date>17-05-21 09:25:21:999</date><id>4</id><type>bounding_box</type><polygon><username>anonymous</username><pt><x>140</x><y>352</y><time>17-05-21 09:25:10:958</time></pt><pt><x>488</x><y>352</y><time>17-05-21 09:25:17:915</time></pt><pt><x>488</x><y>654</y><time>undefined</time></pt><pt><x>140</x><y>654</y><time>undefined</time></pt><closed_date>17-05-21 09:25:17:915</closed_date></polygon></object><object><name>tooth</name><deleted>0</deleted><verified>0</verified><occluded>no</occluded><attributes>85</attributes><parts><hasparts /><ispartof /></parts><date>17-05-21 09:25:37:636</date><id>5</id><type>bounding_box</type><polygon><username>anonymous</username><pt><x>786</x><y>321</y><time>17-05-21 09:25:25:052</time></pt><pt><x>476</x><y>321</y><time>17-05-21 09:25:29:179</time></pt><pt><x>476</x><y>659</y><time>undefined</time></pt><pt><x>786</x><y>659</y><time>undefined</time></pt><closed_date>17-05-21 09:25:29:179</closed_date></polygon></object><object><name>tooth</name><deleted>0</deleted><verified>0</verified><occluded>no</occluded><attributes>84</attributes><parts><hasparts /><ispartof /></parts><date>17-05-21 09:25:53:572</date><id>6</id><type>bounding_box</type><polygon><username>anonymous</username><pt><x>1021</x><y>348</y><time>17-05-21 09:25:40:128</time></pt><pt><x>784</x><y>348</y><time>17-05-21 09:25:49:326</time></pt><pt><x>784</x><y>655</y><time>undefined</time></pt><pt><x>1021</x><y>655</y><time>undefined</time></pt><closed_date>17-05-21 09:25:49:327</closed_date></polygon></object><object><name>restoration</name><deleted>0</deleted><verified>0</verified><occluded>no</occluded><attributes /><parts><hasparts /><ispartof>4</ispartof></parts><date>17-05-21 09:28:03:661</date><id>7</id><polygon><username>anonymous</username><pt><x>206</x><y>476</y><time>17-05-21 09:27:37:692</time></pt><pt><x>245</x><y>481</y><time>17-05-21 09:27:38:469</time></pt><pt><x>269</x><y>478</y><time>17-05-21 09:27:38:997</time></pt><pt><x>302</x><y>478</y><time>17-05-21 09:27:39:547</time></pt><pt><x>321</x><y>481</y><time>17-05-21 09:27:40:078</time></pt><pt><x>315</x><y>497</y><time>17-05-21 09:27:40:598</time></pt><pt><x>323</x><y>510</y><time>17-05-21 09:27:41:114</time></pt><pt><x>332</x><y>510</y><time>17-05-21 09:27:41:566</time></pt><pt><x>339</x><y>492</y><time>17-05-21 09:27:42:041</time></pt><pt><x>357</x><y>480</y><time>17-05-21 09:27:42:449</time></pt><pt><x>373</x><y>470</y><time>17-05-21 09:27:42:725</time></pt><pt><x>388</x><y>458</y><time>17-05-21 09:27:43:035</time></pt><pt><x>398</x><y>446</y><time>17-05-21 09:27:43:378</time></pt><pt><x>404</x><y>432</y><time>17-05-21 09:27:43:746</time></pt><pt><x>401</x><y>411</y><time>17-05-21 09:27:44:201</time></pt><pt><x>385</x><y>398</y><time>17-05-21 09:27:44:681</time></pt><pt><x>372</x><y>394</y><time>17-05-21 09:27:50:685</time></pt><pt><x>362</x><y>396</y><time>17-05-21 09:27:51:494</time></pt><pt><x>343</x><y>403</y><time>17-05-21 09:27:52:398</time></pt><pt><x>328</x><y>400</y><time>17-05-21 09:27:53:073</time></pt><pt><x>306</x><y>397</y><time>17-05-21 09:27:53:517</time></pt><pt><x>292</x><y>401</y><time>17-05-21 09:27:53:884</time></pt><pt><x>280</x><y>403</y><time>17-05-21 09:27:54:170</time></pt><pt><x>258</x><y>408</y><time>17-05-21 09:27:54:658</time></pt><pt><x>213</x><y>398</y><time>17-05-21 09:27:56:049</time></pt><pt><x>193</x><y>409</y><time>17-05-21 09:27:56:917</time></pt><pt><x>186</x><y>417</y><time>17-05-21 09:27:57:462</time></pt><pt><x>180</x><y>425</y><time>17-05-21 09:27:57:990</time></pt><pt><x>180</x><y>431</y><time>17-05-21 09:27:58:302</time></pt><pt><x>182</x><y>443</y><time>17-05-21 09:27:58:571</time></pt><pt><x>183</x><y>450</y><time>17-05-21 09:27:58:797</time></pt><pt><x>184</x><y>463</y><time>17-05-21 09:27:59:181</time></pt><closed_date>17-05-21 09:28:00:056</closed_date></polygon></object><imagesize><nrows /><ncols /></imagesize></annotation>