<?xml version='1.0' encoding='UTF-8'?>
<annotation><filename>imagem-046.jpg</filename><folder>segmentation_xray</folder><source><sourceImage>The MIT-CSAIL database of objects and scenes</sourceImage><sourceAnnotation>LabelMe Webtool</sourceAnnotation></source><object><name>tooth</name><deleted>0</deleted><verified>0</verified><occluded>no</occluded><attributes>25</attributes><parts><hasparts>1</hasparts><ispartof /></parts><date>24-05-21 09:54:27:448</date><id>0</id><type>bounding_box</type><polygon><username>anonymous</username><pt><x>237</x><y>2</y><time>24-05-21 09:54:05:719</time></pt><pt><x>18</x><y>2</y><time>24-05-21 09:54:10:687</time></pt><pt><x>18</x><y>400</y><time>undefined</time></pt><pt><x>237</x><y>400</y><time>undefined</time></pt><closed_date>24-05-21 09:54:10:688</closed_date></polygon></object><object><name>restoration</name><deleted>0</deleted><verified>0</verified><occluded>no</occluded><attributes /><parts><hasparts /><ispartof>0</ispartof></parts><date>24-05-21 09:55:46:225</date><id>1</id><polygon><username>anonymous</username><pt><x>46</x><y>331</y><time>24-05-21 09:54:54:031</time></pt><pt><x>49</x><y>296</y><time>24-05-21 09:54:55:614</time></pt><pt><x>51</x><y>291</y><time>24-05-21 09:54:56:374</time></pt><pt><x>71</x><y>290</y><time>24-05-21 09:54:57:463</time></pt><pt><x>77</x><y>290</y><time>24-05-21 09:54:57:950</time></pt><pt><x>84</x><y>285</y><time>24-05-21 09:54:58:479</time></pt><pt><x>89</x><y>280</y><time>24-05-21 09:54:59:247</time></pt><pt><x>94</x><y>280</y><time>24-05-21 09:54:59:815</time></pt><pt><x>107</x><y>280</y><time>24-05-21 09:55:00:214</time></pt><pt><x>119</x><y>280</y><time>24-05-21 09:55:00:519</time></pt><pt><x>125</x><y>280</y><time>24-05-21 09:55:00:782</time></pt><pt><x>132</x><y>280</y><time>24-05-21 09:55:01:063</time></pt><pt><x>140</x><y>280</y><time>24-05-21 09:55:01:318</time></pt><pt><x>143</x><y>280</y><time>24-05-21 09:55:01:566</time></pt><pt><x>150</x><y>282</y><time>24-05-21 09:55:02:046</time></pt><pt><x>156</x><y>285</y><time>24-05-21 09:55:02:351</time></pt><pt><x>160</x><y>286</y><time>24-05-21 09:55:02:583</time></pt><pt><x>163</x><y>291</y><time>24-05-21 09:55:02:831</time></pt><pt><x>163</x><y>295</y><time>24-05-21 09:55:03:046</time></pt><pt><x>166</x><y>301</y><time>24-05-21 09:55:03:295</time></pt><pt><x>168</x><y>313</y><time>24-05-21 09:55:03:567</time></pt><pt><x>168</x><y>319</y><time>24-05-21 09:55:03:999</time></pt><pt><x>165</x><y>333</y><time>24-05-21 09:55:04:303</time></pt><pt><x>165</x><y>339</y><time>24-05-21 09:55:04:743</time></pt><pt><x>165</x><y>349</y><time>24-05-21 09:55:05:062</time></pt><pt><x>165</x><y>351</y><time>24-05-21 09:55:05:302</time></pt><pt><x>163</x><y>356</y><time>24-05-21 09:55:05:607</time></pt><pt><x>161</x><y>357</y><time>24-05-21 09:55:05:910</time></pt><pt><x>155</x><y>356</y><time>24-05-21 09:55:06:407</time></pt><pt><x>147</x><y>352</y><time>24-05-21 09:55:07:006</time></pt><pt><x>142</x><y>352</y><time>24-05-21 09:55:07:319</time></pt><pt><x>138</x><y>351</y><time>24-05-21 09:55:07:582</time></pt><pt><x>133</x><y>347</y><time>24-05-21 09:55:08:158</time></pt><pt><x>128</x><y>346</y><time>24-05-21 09:55:08:486</time></pt><pt><x>127</x><y>342</y><time>24-05-21 09:55:08:726</time></pt><pt><x>123</x><y>341</y><time>24-05-21 09:55:08:967</time></pt><pt><x>122</x><y>339</y><time>24-05-21 09:55:09:190</time></pt><pt><x>119</x><y>339</y><time>24-05-21 09:55:09:438</time></pt><pt><x>114</x><y>339</y><time>24-05-21 09:55:09:678</time></pt><pt><x>109</x><y>339</y><time>24-05-21 09:55:09:975</time></pt><pt><x>107</x><y>342</y><time>24-05-21 09:55:10:231</time></pt><pt><x>105</x><y>344</y><time>24-05-21 09:55:10:527</time></pt><pt><x>104</x><y>344</y><time>24-05-21 09:55:10:974</time></pt><pt><x>99</x><y>342</y><time>24-05-21 09:55:11:272</time></pt><pt><x>95</x><y>339</y><time>24-05-21 09:55:11:519</time></pt><pt><x>94</x><y>339</y><time>24-05-21 09:55:11:758</time></pt><pt><x>92</x><y>338</y><time>24-05-21 09:55:12:022</time></pt><pt><x>89</x><y>338</y><time>24-05-21 09:55:12:303</time></pt><pt><x>89</x><y>338</y><time>24-05-21 09:55:12:526</time></pt><pt><x>86</x><y>334</y><time>24-05-21 09:55:12:767</time></pt><pt><x>86</x><y>334</y><time>24-05-21 09:55:13:014</time></pt><pt><x>86</x><y>334</y><time>24-05-21 09:55:13:302</time></pt><pt><x>81</x><y>334</y><time>24-05-21 09:55:13:567</time></pt><pt><x>76</x><y>334</y><time>24-05-21 09:55:14:030</time></pt><pt><x>69</x><y>339</y><time>24-05-21 09:55:14:607</time></pt><pt><x>64</x><y>339</y><time>24-05-21 09:55:15:183</time></pt><pt><x>61</x><y>333</y><time>24-05-21 09:55:15:495</time></pt><pt><x>61</x><y>329</y><time>24-05-21 09:55:15:759</time></pt><closed_date>24-05-21 09:55:16:055</closed_date></polygon></object><object><name>tooth</name><deleted>0</deleted><verified>0</verified><occluded>no</occluded><attributes>26</attributes><parts><hasparts>3,4</hasparts><ispartof /></parts><date>24-05-21 09:56:34:976</date><id>2</id><type>bounding_box</type><polygon><username>anonymous</username><pt><x>204</x><y>418</y><time>24-05-21 09:56:11:143</time></pt><pt><x>545</x><y>418</y><time>24-05-21 09:56:21:238</time></pt><pt><x>545</x><y>1</y><time>undefined</time></pt><pt><x>204</x><y>1</y><time>undefined</time></pt><closed_date>24-05-21 09:56:21:239</closed_date></polygon></object><object><name>restoration</name><deleted>0</deleted><verified>0</verified><occluded>no</occluded><attributes /><parts><hasparts /><ispartof>2</ispartof></parts><date>24-05-21 09:58:06:462</date><id>3</id><polygon><username>anonymous</username><pt><x>273</x><y>366</y><time>24-05-21 09:57:15:884</time></pt><pt><x>255</x><y>354</y><time>24-05-21 09:57:17:390</time></pt><pt><x>250</x><y>342</y><time>24-05-21 09:57:18:862</time></pt><pt><x>250</x><y>334</y><time>24-05-21 09:57:19:718</time></pt><pt><x>252</x><y>331</y><time>24-05-21 09:57:20:104</time></pt><pt><x>255</x><y>328</y><time>24-05-21 09:57:20:406</time></pt><pt><x>258</x><y>324</y><time>24-05-21 09:57:20:734</time></pt><pt><x>258</x><y>319</y><time>24-05-21 09:57:21:246</time></pt><pt><x>265</x><y>318</y><time>24-05-21 09:57:21:974</time></pt><pt><x>270</x><y>314</y><time>24-05-21 09:57:22:894</time></pt><pt><x>275</x><y>313</y><time>24-05-21 09:57:23:287</time></pt><pt><x>278</x><y>313</y><time>24-05-21 09:57:23:598</time></pt><pt><x>285</x><y>313</y><time>24-05-21 09:57:23:854</time></pt><pt><x>288</x><y>313</y><time>24-05-21 09:57:24:110</time></pt><pt><x>300</x><y>313</y><time>24-05-21 09:57:24:470</time></pt><pt><x>300</x><y>313</y><time>24-05-21 09:57:24:750</time></pt><pt><x>308</x><y>314</y><time>24-05-21 09:57:25:038</time></pt><pt><x>308</x><y>314</y><time>24-05-21 09:57:25:326</time></pt><pt><x>313</x><y>314</y><time>24-05-21 09:57:25:654</time></pt><pt><x>324</x><y>314</y><time>24-05-21 09:57:26:134</time></pt><pt><x>326</x><y>313</y><time>24-05-21 09:57:26:422</time></pt><pt><x>333</x><y>311</y><time>24-05-21 09:57:26:694</time></pt><pt><x>336</x><y>310</y><time>24-05-21 09:57:26:942</time></pt><pt><x>346</x><y>311</y><time>24-05-21 09:57:27:646</time></pt><pt><x>349</x><y>308</y><time>24-05-21 09:57:27:983</time></pt><pt><x>357</x><y>303</y><time>24-05-21 09:57:28:342</time></pt><pt><x>362</x><y>301</y><time>24-05-21 09:57:28:630</time></pt><pt><x>367</x><y>298</y><time>24-05-21 09:57:28:886</time></pt><pt><x>370</x><y>293</y><time>24-05-21 09:57:29:134</time></pt><pt><x>375</x><y>293</y><time>24-05-21 09:57:29:526</time></pt><pt><x>380</x><y>291</y><time>24-05-21 09:57:29:822</time></pt><pt><x>390</x><y>291</y><time>24-05-21 09:57:30:375</time></pt><pt><x>395</x><y>291</y><time>24-05-21 09:57:30:646</time></pt><pt><x>405</x><y>295</y><time>24-05-21 09:57:31:110</time></pt><pt><x>408</x><y>296</y><time>24-05-21 09:57:31:598</time></pt><pt><x>413</x><y>308</y><time>24-05-21 09:57:32:230</time></pt><pt><x>412</x><y>314</y><time>24-05-21 09:57:32:670</time></pt><pt><x>412</x><y>319</y><time>24-05-21 09:57:32:990</time></pt><pt><x>412</x><y>323</y><time>24-05-21 09:57:33:254</time></pt><pt><x>449</x><y>321</y><time>24-05-21 09:57:36:943</time></pt><pt><x>454</x><y>323</y><time>24-05-21 09:57:38:246</time></pt><pt><x>459</x><y>326</y><time>24-05-21 09:57:39:078</time></pt><pt><x>458</x><y>333</y><time>24-05-21 09:57:39:654</time></pt><pt><x>458</x><y>334</y><time>24-05-21 09:57:39:982</time></pt><pt><x>459</x><y>336</y><time>24-05-21 09:57:40:270</time></pt><pt><x>464</x><y>339</y><time>24-05-21 09:57:40:599</time></pt><pt><x>468</x><y>352</y><time>24-05-21 09:57:41:222</time></pt><pt><x>468</x><y>359</y><time>24-05-21 09:57:41:830</time></pt><pt><x>469</x><y>362</y><time>24-05-21 09:57:42:126</time></pt><pt><x>464</x><y>369</y><time>24-05-21 09:57:42:838</time></pt><pt><x>456</x><y>372</y><time>24-05-21 09:57:43:222</time></pt><pt><x>445</x><y>375</y><time>24-05-21 09:57:43:814</time></pt><pt><x>440</x><y>380</y><time>24-05-21 09:57:44:142</time></pt><pt><x>435</x><y>380</y><time>24-05-21 09:57:44:470</time></pt><pt><x>430</x><y>385</y><time>24-05-21 09:57:44:783</time></pt><pt><x>426</x><y>385</y><time>24-05-21 09:57:45:423</time></pt><pt><x>421</x><y>384</y><time>24-05-21 09:57:45:830</time></pt><pt><x>413</x><y>382</y><time>24-05-21 09:57:46:759</time></pt><pt><x>410</x><y>377</y><time>24-05-21 09:57:47:431</time></pt><pt><x>407</x><y>374</y><time>24-05-21 09:57:47:751</time></pt><pt><x>405</x><y>372</y><time>24-05-21 09:57:48:199</time></pt><pt><x>398</x><y>369</y><time>24-05-21 09:57:48:687</time></pt><pt><x>394</x><y>366</y><time>24-05-21 09:57:49:007</time></pt><pt><x>394</x><y>366</y><time>24-05-21 09:57:49:310</time></pt><pt><x>387</x><y>366</y><time>24-05-21 09:57:49:959</time></pt><pt><x>385</x><y>366</y><time>24-05-21 09:57:50:287</time></pt><pt><x>380</x><y>369</y><time>24-05-21 09:57:50:656</time></pt><pt><x>375</x><y>369</y><time>24-05-21 09:57:51:190</time></pt><pt><x>372</x><y>369</y><time>24-05-21 09:57:51:559</time></pt><pt><x>366</x><y>372</y><time>24-05-21 09:57:51:999</time></pt><pt><x>364</x><y>374</y><time>24-05-21 09:57:52:487</time></pt><pt><x>359</x><y>379</y><time>24-05-21 09:57:52:918</time></pt><pt><x>351</x><y>379</y><time>24-05-21 09:57:53:463</time></pt><pt><x>351</x><y>377</y><time>24-05-21 09:57:53:774</time></pt><pt><x>342</x><y>377</y><time>24-05-21 09:57:54:303</time></pt><pt><x>336</x><y>377</y><time>24-05-21 09:57:54:630</time></pt><pt><x>331</x><y>377</y><time>24-05-21 09:57:55:015</time></pt><pt><x>328</x><y>377</y><time>24-05-21 09:57:55:711</time></pt><pt><x>323</x><y>374</y><time>24-05-21 09:57:56:070</time></pt><pt><x>321</x><y>372</y><time>24-05-21 09:57:56:423</time></pt><pt><x>318</x><y>369</y><time>24-05-21 09:57:57:087</time></pt><pt><x>316</x><y>364</y><time>24-05-21 09:57:57:527</time></pt><pt><x>313</x><y>362</y><time>24-05-21 09:57:57:991</time></pt><pt><x>306</x><y>362</y><time>24-05-21 09:57:58:559</time></pt><pt><x>291</x><y>364</y><time>24-05-21 09:57:59:118</time></pt><closed_date>24-05-21 09:57:59:990</closed_date></polygon></object><object><name>tooth</name><deleted>1</deleted><verified>0</verified><occluded>no</occluded><attributes>27</attributes><parts><hasparts /><ispartof>2</ispartof></parts><date>24-05-21 09:58:41:366</date><id>4</id><type>bounding_box</type><polygon><username>anonymous</username><pt><x>830</x><y>419</y><time>24-05-21 09:58:21:495</time></pt><pt><x>507</x><y>419</y><time>24-05-21 09:58:28:280</time></pt><pt><x>507</x><y>5</y><time>undefined</time></pt><pt><x>830</x><y>5</y><time>undefined</time></pt><closed_date>24-05-21 09:58:28:280</closed_date></polygon></object><object><name>tooth</name><deleted>0</deleted><verified>0</verified><occluded>no</occluded><attributes>27</attributes><parts><hasparts>6,7</hasparts><ispartof /></parts><date>24-05-21 09:59:58:303</date><id>5</id><type>bounding_box</type><polygon><username>anonymous</username><pt><x>837</x><y>402</y><time>24-05-21 09:59:29:800</time></pt><pt><x>504</x><y>402</y><time>24-05-21 09:59:31:439</time></pt><pt><x>504</x><y>4</y><time>undefined</time></pt><pt><x>837</x><y>4</y><time>undefined</time></pt><closed_date>24-05-21 09:59:31:439</closed_date></polygon></object><object><name>restoration</name><deleted>0</deleted><verified>0</verified><occluded>no</occluded><attributes /><parts><hasparts /><ispartof>5</ispartof></parts><date>24-05-21 10:01:30:700</date><id>6</id><polygon><username>anonymous</username><pt><x>558</x><y>323</y><time>24-05-21 10:00:46:231</time></pt><pt><x>543</x><y>324</y><time>24-05-21 10:00:47:360</time></pt><pt><x>543</x><y>330</y><time>24-05-21 10:00:48:719</time></pt><pt><x>547</x><y>336</y><time>24-05-21 10:00:49:254</time></pt><pt><x>552</x><y>336</y><time>24-05-21 10:00:49:631</time></pt><pt><x>554</x><y>336</y><time>24-05-21 10:00:49:911</time></pt><pt><x>560</x><y>339</y><time>24-05-21 10:00:50:214</time></pt><pt><x>564</x><y>339</y><time>24-05-21 10:00:50:534</time></pt><pt><x>571</x><y>339</y><time>24-05-21 10:00:50:791</time></pt><pt><x>576</x><y>339</y><time>24-05-21 10:00:51:079</time></pt><pt><x>582</x><y>342</y><time>24-05-21 10:00:51:534</time></pt><pt><x>587</x><y>341</y><time>24-05-21 10:00:51:974</time></pt><pt><x>593</x><y>339</y><time>24-05-21 10:00:52:302</time></pt><pt><x>598</x><y>337</y><time>24-05-21 10:00:52:727</time></pt><pt><x>599</x><y>337</y><time>24-05-21 10:00:53:047</time></pt><pt><x>603</x><y>336</y><time>24-05-21 10:00:53:327</time></pt><pt><x>607</x><y>336</y><time>24-05-21 10:00:53:638</time></pt><pt><x>613</x><y>336</y><time>24-05-21 10:00:53:918</time></pt><pt><x>620</x><y>338</y><time>24-05-21 10:00:54:534</time></pt><pt><x>628</x><y>339</y><time>24-05-21 10:00:54:839</time></pt><pt><x>631</x><y>341</y><time>24-05-21 10:00:55:110</time></pt><pt><x>634</x><y>342</y><time>24-05-21 10:00:55:398</time></pt><pt><x>638</x><y>345</y><time>24-05-21 10:00:55:862</time></pt><pt><x>643</x><y>346</y><time>24-05-21 10:00:56:167</time></pt><pt><x>647</x><y>345</y><time>24-05-21 10:00:56:470</time></pt><pt><x>652</x><y>344</y><time>24-05-21 10:00:56:710</time></pt><pt><x>656</x><y>346</y><time>24-05-21 10:00:57:190</time></pt><pt><x>661</x><y>349</y><time>24-05-21 10:00:57:744</time></pt><pt><x>669</x><y>348</y><time>24-05-21 10:00:58:334</time></pt><pt><x>673</x><y>344</y><time>24-05-21 10:00:58:654</time></pt><pt><x>676</x><y>326</y><time>24-05-21 10:00:59:582</time></pt><pt><x>673</x><y>312</y><time>24-05-21 10:01:00:943</time></pt><pt><x>676</x><y>301</y><time>24-05-21 10:01:01:527</time></pt><pt><x>676</x><y>288</y><time>24-05-21 10:01:02:263</time></pt><pt><x>677</x><y>280</y><time>24-05-21 10:01:02:910</time></pt><pt><x>677</x><y>275</y><time>24-05-21 10:01:03:390</time></pt><pt><x>677</x><y>267</y><time>24-05-21 10:01:04:078</time></pt><pt><x>674</x><y>265</y><time>24-05-21 10:01:04:462</time></pt><pt><x>671</x><y>264</y><time>24-05-21 10:01:04:742</time></pt><pt><x>671</x><y>264</y><time>24-05-21 10:01:05:030</time></pt><pt><x>670</x><y>262</y><time>24-05-21 10:01:05:302</time></pt><pt><x>665</x><y>262</y><time>24-05-21 10:01:05:791</time></pt><pt><x>656</x><y>261</y><time>24-05-21 10:01:06:558</time></pt><pt><x>652</x><y>261</y><time>24-05-21 10:01:07:046</time></pt><pt><x>651</x><y>261</y><time>24-05-21 10:01:07:350</time></pt><pt><x>645</x><y>258</y><time>24-05-21 10:01:11:039</time></pt><pt><x>643</x><y>260</y><time>24-05-21 10:01:12:214</time></pt><pt><x>638</x><y>262</y><time>24-05-21 10:01:12:662</time></pt><pt><x>637</x><y>265</y><time>24-05-21 10:01:13:046</time></pt><pt><x>633</x><y>267</y><time>24-05-21 10:01:13:367</time></pt><pt><x>632</x><y>271</y><time>24-05-21 10:01:13:735</time></pt><pt><x>630</x><y>273</y><time>24-05-21 10:01:13:991</time></pt><pt><x>628</x><y>275</y><time>24-05-21 10:01:14:222</time></pt><pt><x>628</x><y>276</y><time>24-05-21 10:01:14:479</time></pt><pt><x>625</x><y>279</y><time>24-05-21 10:01:14:734</time></pt><pt><x>620</x><y>280</y><time>24-05-21 10:01:14:982</time></pt><pt><x>618</x><y>281</y><time>24-05-21 10:01:15:190</time></pt><pt><x>612</x><y>287</y><time>24-05-21 10:01:15:766</time></pt><pt><x>611</x><y>287</y><time>24-05-21 10:01:16:150</time></pt><pt><x>607</x><y>287</y><time>24-05-21 10:01:16:438</time></pt><pt><x>603</x><y>289</y><time>24-05-21 10:01:16:695</time></pt><pt><x>600</x><y>293</y><time>24-05-21 10:01:16:998</time></pt><pt><x>598</x><y>294</y><time>24-05-21 10:01:17:254</time></pt><pt><x>595</x><y>297</y><time>24-05-21 10:01:17:534</time></pt><pt><x>594</x><y>300</y><time>24-05-21 10:01:17:759</time></pt><pt><x>594</x><y>302</y><time>24-05-21 10:01:18:014</time></pt><pt><x>593</x><y>303</y><time>24-05-21 10:01:18:246</time></pt><pt><x>590</x><y>303</y><time>24-05-21 10:01:18:510</time></pt><pt><x>587</x><y>302</y><time>24-05-21 10:01:18:775</time></pt><pt><x>578</x><y>303</y><time>24-05-21 10:01:19:270</time></pt><pt><x>578</x><y>303</y><time>24-05-21 10:01:19:510</time></pt><pt><x>574</x><y>303</y><time>24-05-21 10:01:19:878</time></pt><pt><x>568</x><y>304</y><time>24-05-21 10:01:20:214</time></pt><pt><x>566</x><y>307</y><time>24-05-21 10:01:20:455</time></pt><pt><x>565</x><y>312</y><time>24-05-21 10:01:20:719</time></pt><pt><x>564</x><y>315</y><time>24-05-21 10:01:21:006</time></pt><closed_date>24-05-21 10:01:21:255</closed_date></polygon></object><object><name>restoration</name><deleted>0</deleted><verified>0</verified><occluded>no</occluded><attributes /><parts><hasparts /><ispartof>5</ispartof></parts><date>24-05-21 10:02:04:913</date><id>7</id><polygon><username>anonymous</username><pt><x>698</x><y>370</y><time>24-05-21 10:01:34:909</time></pt><pt><x>696</x><y>359</y><time>24-05-21 10:01:35:870</time></pt><pt><x>695</x><y>353</y><time>24-05-21 10:01:36:391</time></pt><pt><x>695</x><y>353</y><time>24-05-21 10:01:36:678</time></pt><pt><x>695</x><y>349</y><time>24-05-21 10:01:36:926</time></pt><pt><x>695</x><y>344</y><time>24-05-21 10:01:37:174</time></pt><pt><x>695</x><y>339</y><time>24-05-21 10:01:37:439</time></pt><pt><x>698</x><y>330</y><time>24-05-21 10:01:37:718</time></pt><pt><x>699</x><y>329</y><time>24-05-21 10:01:37:991</time></pt><pt><x>703</x><y>322</y><time>24-05-21 10:01:38:487</time></pt><pt><x>704</x><y>320</y><time>24-05-21 10:01:38:743</time></pt><pt><x>707</x><y>317</y><time>24-05-21 10:01:39:022</time></pt><pt><x>710</x><y>311</y><time>24-05-21 10:01:39:486</time></pt><pt><x>713</x><y>302</y><time>24-05-21 10:01:39:983</time></pt><pt><x>716</x><y>299</y><time>24-05-21 10:01:40:230</time></pt><pt><x>717</x><y>294</y><time>24-05-21 10:01:40:510</time></pt><pt><x>717</x><y>288</y><time>24-05-21 10:01:41:030</time></pt><pt><x>717</x><y>284</y><time>24-05-21 10:01:41:318</time></pt><pt><x>719</x><y>281</y><time>24-05-21 10:01:41:551</time></pt><pt><x>723</x><y>278</y><time>24-05-21 10:01:41:798</time></pt><pt><x>729</x><y>278</y><time>24-05-21 10:01:42:046</time></pt><pt><x>732</x><y>278</y><time>24-05-21 10:01:42:287</time></pt><pt><x>740</x><y>277</y><time>24-05-21 10:01:42:519</time></pt><pt><x>744</x><y>277</y><time>24-05-21 10:01:42:743</time></pt><pt><x>752</x><y>277</y><time>24-05-21 10:01:43:006</time></pt><pt><x>756</x><y>278</y><time>24-05-21 10:01:43:463</time></pt><pt><x>758</x><y>281</y><time>24-05-21 10:01:43:750</time></pt><pt><x>761</x><y>285</y><time>24-05-21 10:01:43:966</time></pt><pt><x>763</x><y>291</y><time>24-05-21 10:01:44:270</time></pt><pt><x>764</x><y>297</y><time>24-05-21 10:01:44:544</time></pt><pt><x>764</x><y>304</y><time>24-05-21 10:01:44:783</time></pt><pt><x>764</x><y>309</y><time>24-05-21 10:01:45:056</time></pt><pt><x>764</x><y>316</y><time>24-05-21 10:01:45:327</time></pt><pt><x>764</x><y>318</y><time>24-05-21 10:01:45:559</time></pt><pt><x>768</x><y>323</y><time>24-05-21 10:01:45:863</time></pt><pt><x>771</x><y>326</y><time>24-05-21 10:01:46:183</time></pt><pt><x>774</x><y>329</y><time>24-05-21 10:01:46:455</time></pt><pt><x>775</x><y>331</y><time>24-05-21 10:01:46:687</time></pt><pt><x>778</x><y>332</y><time>24-05-21 10:01:46:975</time></pt><pt><x>782</x><y>335</y><time>24-05-21 10:01:47:407</time></pt><pt><x>783</x><y>335</y><time>24-05-21 10:01:47:711</time></pt><pt><x>782</x><y>339</y><time>24-05-21 10:01:48:375</time></pt><pt><x>776</x><y>342</y><time>24-05-21 10:01:48:711</time></pt><pt><x>770</x><y>344</y><time>24-05-21 10:01:48:975</time></pt><pt><x>765</x><y>346</y><time>24-05-21 10:01:49:247</time></pt><pt><x>760</x><y>350</y><time>24-05-21 10:01:49:527</time></pt><pt><x>758</x><y>354</y><time>24-05-21 10:01:49:799</time></pt><pt><x>756</x><y>358</y><time>24-05-21 10:01:50:047</time></pt><pt><x>748</x><y>363</y><time>24-05-21 10:01:50:559</time></pt><pt><x>745</x><y>363</y><time>24-05-21 10:01:51:015</time></pt><pt><x>737</x><y>367</y><time>24-05-21 10:01:51:543</time></pt><pt><x>734</x><y>369</y><time>24-05-21 10:01:51:879</time></pt><pt><x>729</x><y>370</y><time>24-05-21 10:01:52:183</time></pt><pt><x>726</x><y>371</y><time>24-05-21 10:01:52:695</time></pt><pt><x>723</x><y>373</y><time>24-05-21 10:01:52:976</time></pt><pt><x>719</x><y>376</y><time>24-05-21 10:01:53:367</time></pt><pt><x>716</x><y>373</y><time>24-05-21 10:01:54:159</time></pt><pt><x>711</x><y>370</y><time>24-05-21 10:01:54:791</time></pt><pt><x>711</x><y>367</y><time>24-05-21 10:01:55:328</time></pt><pt><x>710</x><y>363</y><time>24-05-21 10:01:55:815</time></pt><pt><x>706</x><y>363</y><time>24-05-21 10:01:56:287</time></pt><pt><x>706</x><y>363</y><time>24-05-21 10:01:56:551</time></pt><pt><x>704</x><y>364</y><time>24-05-21 10:01:56:935</time></pt><closed_date>24-05-21 10:01:57:607</closed_date></polygon></object><object><name>tooth</name><deleted>1</deleted><verified>0</verified><occluded>no</occluded><attributes>28</attributes><parts><hasparts /><ispartof /></parts><date>24-05-21 10:02:42:526</date><id>8</id><type>bounding_box</type><polygon><username>anonymous</username><pt><x>786</x><y>420</y><time>24-05-21 10:02:21:630</time></pt><pt><x>1167</x><y>420</y><time>24-05-21 10:02:32:264</time></pt><pt><x>1167</x><y>135</y><time>undefined</time></pt><pt><x>786</x><y>135</y><time>undefined</time></pt><closed_date>24-05-21 10:02:32:264</closed_date></polygon></object><object><name>tooth</name><deleted>0</deleted><verified>0</verified><occluded>no</occluded><attributes>36</attributes><parts><hasparts>17</hasparts><ispartof /></parts><date>24-05-21 10:03:51:742</date><id>9</id><type>bounding_box</type><polygon><username>anonymous</username><pt><x>35</x><y>948</y><time>24-05-21 10:03:34:462</time></pt><pt><x>383</x><y>948</y><time>24-05-21 10:03:43:751</time></pt><pt><x>383</x><y>494</y><time>undefined</time></pt><pt><x>35</x><y>494</y><time>undefined</time></pt><closed_date>24-05-21 10:03:43:751</closed_date></polygon></object><object><name>tooth</name><deleted>0</deleted><verified>0</verified><occluded>no</occluded><attributes>37</attributes><parts><hasparts>12</hasparts><ispartof /></parts><date>24-05-21 10:15:41:040</date><id>10</id><type>bounding_box</type><polygon><username>anonymous</username><pt><x>362</x><y>466</y><time>24-05-21 10:15:22:983</time></pt><pt><x>787</x><y>466</y><time>24-05-21 10:15:29:703</time></pt><pt><x>787</x><y>947</y><time>undefined</time></pt><pt><x>362</x><y>947</y><time>undefined</time></pt><closed_date>24-05-21 10:15:29:703</closed_date></polygon></object><object><name>tooth</name><deleted>0</deleted><verified>0</verified><occluded>no</occluded><attributes>38</attributes><parts><hasparts>13</hasparts><ispartof /></parts><date>24-05-21 10:16:21:991</date><id>11</id><type>bounding_box</type><polygon><username>anonymous</username><pt><x>680</x><y>396</y><time>24-05-21 10:16:00:469</time></pt><pt><x>1186</x><y>396</y><time>24-05-21 10:16:13:432</time></pt><pt><x>1186</x><y>949</y><time>undefined</time></pt><pt><x>680</x><y>949</y><time>undefined</time></pt><closed_date>24-05-21 10:16:13:432</closed_date></polygon></object><object><name>restoration</name><deleted>0</deleted><verified>0</verified><occluded>no</occluded><attributes /><parts><hasparts /><ispartof>10</ispartof></parts><date>24-05-21 10:44:58:052</date><id>12</id><polygon><username>anonymous</username><pt><x>420</x><y>599</y><time>24-05-21 10:43:52:416</time></pt><pt><x>411</x><y>583</y><time>24-05-21 10:43:53:888</time></pt><pt><x>409</x><y>574</y><time>24-05-21 10:43:54:400</time></pt><pt><x>409</x><y>566</y><time>24-05-21 10:43:54:888</time></pt><pt><x>409</x><y>553</y><time>24-05-21 10:43:55:528</time></pt><pt><x>416</x><y>545</y><time>24-05-21 10:43:55:912</time></pt><pt><x>421</x><y>538</y><time>24-05-21 10:43:56:688</time></pt><pt><x>426</x><y>536</y><time>24-05-21 10:43:57:464</time></pt><pt><x>430</x><y>535</y><time>24-05-21 10:43:58:097</time></pt><pt><x>435</x><y>534</y><time>24-05-21 10:43:58:664</time></pt><pt><x>438</x><y>537</y><time>24-05-21 10:43:59:560</time></pt><pt><x>444</x><y>538</y><time>24-05-21 10:44:00:168</time></pt><pt><x>453</x><y>537</y><time>24-05-21 10:44:00:696</time></pt><pt><x>459</x><y>534</y><time>24-05-21 10:44:01:344</time></pt><pt><x>465</x><y>534</y><time>24-05-21 10:44:01:752</time></pt><pt><x>472</x><y>532</y><time>24-05-21 10:44:02:352</time></pt><pt><x>477</x><y>535</y><time>24-05-21 10:44:03:297</time></pt><pt><x>482</x><y>534</y><time>24-05-21 10:44:03:952</time></pt><pt><x>490</x><y>529</y><time>24-05-21 10:44:04:480</time></pt><pt><x>494</x><y>523</y><time>24-05-21 10:44:04:944</time></pt><pt><x>519</x><y>523</y><time>24-05-21 10:44:08:328</time></pt><pt><x>522</x><y>526</y><time>24-05-21 10:44:09:160</time></pt><pt><x>527</x><y>526</y><time>24-05-21 10:44:09:632</time></pt><pt><x>530</x><y>528</y><time>24-05-21 10:44:10:232</time></pt><pt><x>536</x><y>526</y><time>24-05-21 10:44:10:752</time></pt><pt><x>538</x><y>528</y><time>24-05-21 10:44:11:272</time></pt><pt><x>545</x><y>529</y><time>24-05-21 10:44:11:832</time></pt><pt><x>554</x><y>531</y><time>24-05-21 10:44:12:456</time></pt><pt><x>563</x><y>529</y><time>24-05-21 10:44:12:928</time></pt><pt><x>570</x><y>527</y><time>24-05-21 10:44:13:537</time></pt><pt><x>572</x><y>525</y><time>24-05-21 10:44:13:880</time></pt><pt><x>578</x><y>525</y><time>24-05-21 10:44:14:408</time></pt><pt><x>585</x><y>525</y><time>24-05-21 10:44:15:008</time></pt><pt><x>589</x><y>522</y><time>24-05-21 10:44:15:632</time></pt><pt><x>592</x><y>522</y><time>24-05-21 10:44:15:992</time></pt><pt><x>596</x><y>520</y><time>24-05-21 10:44:16:289</time></pt><pt><x>597</x><y>520</y><time>24-05-21 10:44:16:640</time></pt><pt><x>606</x><y>520</y><time>24-05-21 10:44:17:304</time></pt><pt><x>611</x><y>520</y><time>24-05-21 10:44:17:728</time></pt><pt><x>615</x><y>520</y><time>24-05-21 10:44:18:185</time></pt><pt><x>617</x><y>528</y><time>24-05-21 10:44:18:928</time></pt><pt><x>619</x><y>534</y><time>24-05-21 10:44:19:456</time></pt><pt><x>619</x><y>546</y><time>24-05-21 10:44:20:568</time></pt><pt><x>618</x><y>558</y><time>24-05-21 10:44:21:176</time></pt><pt><x>618</x><y>569</y><time>24-05-21 10:44:21:760</time></pt><pt><x>620</x><y>573</y><time>24-05-21 10:44:22:248</time></pt><pt><x>621</x><y>574</y><time>24-05-21 10:44:22:648</time></pt><pt><x>621</x><y>577</y><time>24-05-21 10:44:23:192</time></pt><pt><x>618</x><y>579</y><time>24-05-21 10:44:23:953</time></pt><pt><x>616</x><y>581</y><time>24-05-21 10:44:24:616</time></pt><pt><x>615</x><y>584</y><time>24-05-21 10:44:25:088</time></pt><pt><x>615</x><y>589</y><time>24-05-21 10:44:25:488</time></pt><pt><x>613</x><y>592</y><time>24-05-21 10:44:25:920</time></pt><pt><x>612</x><y>594</y><time>24-05-21 10:44:28:825</time></pt><pt><x>610</x><y>595</y><time>24-05-21 10:44:29:216</time></pt><pt><x>606</x><y>596</y><time>24-05-21 10:44:29:600</time></pt><pt><x>602</x><y>599</y><time>24-05-21 10:44:30:064</time></pt><pt><x>596</x><y>599</y><time>24-05-21 10:44:30:688</time></pt><pt><x>589</x><y>599</y><time>24-05-21 10:44:31:359</time></pt><pt><x>582</x><y>599</y><time>24-05-21 10:44:31:984</time></pt><pt><x>581</x><y>599</y><time>24-05-21 10:44:32:503</time></pt><pt><x>576</x><y>597</y><time>24-05-21 10:44:33:312</time></pt><pt><x>574</x><y>597</y><time>24-05-21 10:44:34:096</time></pt><pt><x>574</x><y>594</y><time>24-05-21 10:44:34:599</time></pt><pt><x>574</x><y>592</y><time>24-05-21 10:44:34:975</time></pt><pt><x>570</x><y>591</y><time>24-05-21 10:44:35:351</time></pt><pt><x>568</x><y>589</y><time>24-05-21 10:44:35:711</time></pt><pt><x>566</x><y>588</y><time>24-05-21 10:44:36:031</time></pt><pt><x>564</x><y>586</y><time>24-05-21 10:44:36:431</time></pt><pt><x>560</x><y>586</y><time>24-05-21 10:44:36:847</time></pt><pt><x>557</x><y>585</y><time>24-05-21 10:44:37:167</time></pt><pt><x>554</x><y>587</y><time>24-05-21 10:44:37:728</time></pt><pt><x>554</x><y>590</y><time>24-05-21 10:44:38:096</time></pt><pt><x>552</x><y>595</y><time>24-05-21 10:44:38:415</time></pt><pt><x>549</x><y>596</y><time>24-05-21 10:44:38:768</time></pt><pt><x>545</x><y>600</y><time>24-05-21 10:44:39:439</time></pt><pt><x>541</x><y>602</y><time>24-05-21 10:44:39:975</time></pt><pt><x>539</x><y>604</y><time>24-05-21 10:44:40:311</time></pt><pt><x>532</x><y>607</y><time>24-05-21 10:44:40:943</time></pt><pt><x>529</x><y>609</y><time>24-05-21 10:44:41:312</time></pt><pt><x>523</x><y>612</y><time>24-05-21 10:44:41:759</time></pt><pt><x>518</x><y>613</y><time>24-05-21 10:44:42:103</time></pt><pt><x>514</x><y>613</y><time>24-05-21 10:44:42:439</time></pt><pt><x>507</x><y>613</y><time>24-05-21 10:44:43:007</time></pt><pt><x>501</x><y>612</y><time>24-05-21 10:44:43:543</time></pt><pt><x>496</x><y>611</y><time>24-05-21 10:44:44:063</time></pt><pt><x>490</x><y>609</y><time>24-05-21 10:44:44:657</time></pt><pt><x>486</x><y>608</y><time>24-05-21 10:44:45:088</time></pt><pt><x>480</x><y>607</y><time>24-05-21 10:44:45:575</time></pt><pt><x>476</x><y>605</y><time>24-05-21 10:44:45:999</time></pt><pt><x>469</x><y>605</y><time>24-05-21 10:44:46:607</time></pt><pt><x>466</x><y>603</y><time>24-05-21 10:44:47:127</time></pt><pt><x>463</x><y>602</y><time>24-05-21 10:44:47:607</time></pt><pt><x>459</x><y>601</y><time>24-05-21 10:44:48:064</time></pt><pt><x>458</x><y>598</y><time>24-05-21 10:44:48:408</time></pt><pt><x>453</x><y>595</y><time>24-05-21 10:44:48:951</time></pt><pt><x>450</x><y>595</y><time>24-05-21 10:44:49:312</time></pt><pt><x>443</x><y>595</y><time>24-05-21 10:44:49:727</time></pt><pt><x>436</x><y>597</y><time>24-05-21 10:44:50:655</time></pt><pt><x>433</x><y>597</y><time>24-05-21 10:44:51:031</time></pt><pt><x>428</x><y>597</y><time>24-05-21 10:44:51:367</time></pt><closed_date>24-05-21 10:44:51:760</closed_date></polygon></object><object><name>restoration</name><deleted>0</deleted><verified>0</verified><occluded>no</occluded><attributes /><parts><hasparts /><ispartof>11</ispartof></parts><date>24-05-21 10:46:13:568</date><id>13</id><polygon><username>anonymous</username><pt><x>860</x><y>606</y><time>24-05-21 10:45:07:935</time></pt><pt><x>875</x><y>595</y><time>24-05-21 10:45:10:743</time></pt><pt><x>878</x><y>588</y><time>24-05-21 10:45:11:263</time></pt><pt><x>879</x><y>585</y><time>24-05-21 10:45:11:736</time></pt><pt><x>881</x><y>573</y><time>24-05-21 10:45:13:088</time></pt><pt><x>884</x><y>568</y><time>24-05-21 10:45:13:623</time></pt><pt><x>884</x><y>562</y><time>24-05-21 10:45:14:079</time></pt><pt><x>888</x><y>557</y><time>24-05-21 10:45:14:439</time></pt><pt><x>891</x><y>556</y><time>24-05-21 10:45:14:727</time></pt><pt><x>893</x><y>555</y><time>24-05-21 10:45:14:968</time></pt><pt><x>898</x><y>555</y><time>24-05-21 10:45:15:280</time></pt><pt><x>903</x><y>559</y><time>24-05-21 10:45:15:559</time></pt><pt><x>907</x><y>561</y><time>24-05-21 10:45:15:847</time></pt><pt><x>909</x><y>563</y><time>24-05-21 10:45:16:079</time></pt><pt><x>915</x><y>567</y><time>24-05-21 10:45:16:368</time></pt><pt><x>920</x><y>567</y><time>24-05-21 10:45:16:663</time></pt><pt><x>923</x><y>566</y><time>24-05-21 10:45:16:959</time></pt><pt><x>932</x><y>561</y><time>24-05-21 10:45:17:199</time></pt><pt><x>938</x><y>560</y><time>24-05-21 10:45:17:495</time></pt><pt><x>941</x><y>551</y><time>24-05-21 10:45:18:000</time></pt><pt><x>943</x><y>545</y><time>24-05-21 10:45:18:623</time></pt><pt><x>942</x><y>541</y><time>24-05-21 10:45:18:959</time></pt><pt><x>940</x><y>535</y><time>24-05-21 10:45:19:439</time></pt><pt><x>939</x><y>531</y><time>24-05-21 10:45:19:767</time></pt><pt><x>939</x><y>524</y><time>24-05-21 10:45:20:079</time></pt><pt><x>939</x><y>518</y><time>24-05-21 10:45:20:359</time></pt><pt><x>942</x><y>514</y><time>24-05-21 10:45:20:647</time></pt><pt><x>943</x><y>509</y><time>24-05-21 10:45:20:904</time></pt><pt><x>946</x><y>504</y><time>24-05-21 10:45:21:415</time></pt><pt><x>945</x><y>498</y><time>24-05-21 10:45:21:720</time></pt><pt><x>942</x><y>490</y><time>24-05-21 10:45:22:015</time></pt><pt><x>939</x><y>481</y><time>24-05-21 10:45:22:512</time></pt><pt><x>939</x><y>478</y><time>24-05-21 10:45:22:799</time></pt><pt><x>933</x><y>474</y><time>24-05-21 10:45:23:159</time></pt><pt><x>931</x><y>467</y><time>24-05-21 10:45:23:440</time></pt><pt><x>930</x><y>465</y><time>24-05-21 10:45:23:799</time></pt><pt><x>929</x><y>461</y><time>24-05-21 10:45:24:088</time></pt><pt><x>926</x><y>458</y><time>24-05-21 10:45:24:479</time></pt><pt><x>924</x><y>458</y><time>24-05-21 10:45:24:783</time></pt><pt><x>917</x><y>458</y><time>24-05-21 10:45:25:335</time></pt><pt><x>913</x><y>458</y><time>24-05-21 10:45:25:623</time></pt><pt><x>908</x><y>459</y><time>24-05-21 10:45:25:991</time></pt><pt><x>899</x><y>461</y><time>24-05-21 10:45:26:440</time></pt><pt><x>896</x><y>465</y><time>24-05-21 10:45:26:743</time></pt><pt><x>891</x><y>466</y><time>24-05-21 10:45:27:055</time></pt><pt><x>884</x><y>469</y><time>24-05-21 10:45:27:375</time></pt><pt><x>882</x><y>470</y><time>24-05-21 10:45:27:695</time></pt><pt><x>878</x><y>471</y><time>24-05-21 10:45:27:975</time></pt><pt><x>873</x><y>474</y><time>24-05-21 10:45:28:313</time></pt><pt><x>871</x><y>477</y><time>24-05-21 10:45:28:615</time></pt><pt><x>867</x><y>479</y><time>24-05-21 10:45:28:903</time></pt><pt><x>864</x><y>480</y><time>24-05-21 10:45:29:151</time></pt><pt><x>859</x><y>483</y><time>24-05-21 10:45:29:703</time></pt><pt><x>859</x><y>484</y><time>24-05-21 10:45:29:991</time></pt><pt><x>856</x><y>480</y><time>24-05-21 10:45:30:615</time></pt><pt><x>853</x><y>477</y><time>24-05-21 10:45:31:031</time></pt><pt><x>849</x><y>474</y><time>24-05-21 10:45:31:376</time></pt><pt><x>848</x><y>471</y><time>24-05-21 10:45:32:880</time></pt><pt><x>842</x><y>469</y><time>24-05-21 10:45:33:208</time></pt><pt><x>836</x><y>469</y><time>24-05-21 10:45:33:488</time></pt><pt><x>828</x><y>472</y><time>24-05-21 10:45:34:520</time></pt><pt><x>825</x><y>474</y><time>24-05-21 10:45:35:024</time></pt><pt><x>821</x><y>474</y><time>24-05-21 10:45:35:496</time></pt><pt><x>816</x><y>473</y><time>24-05-21 10:45:36:048</time></pt><pt><x>811</x><y>472</y><time>24-05-21 10:45:36:416</time></pt><pt><x>809</x><y>473</y><time>24-05-21 10:45:36:736</time></pt><pt><x>808</x><y>475</y><time>24-05-21 10:45:37:056</time></pt><pt><x>805</x><y>477</y><time>24-05-21 10:45:37:296</time></pt><pt><x>802</x><y>481</y><time>24-05-21 10:45:37:608</time></pt><pt><x>800</x><y>484</y><time>24-05-21 10:45:38:136</time></pt><pt><x>799</x><y>487</y><time>24-05-21 10:45:38:449</time></pt><pt><x>795</x><y>490</y><time>24-05-21 10:45:38:760</time></pt><pt><x>793</x><y>491</y><time>24-05-21 10:45:39:152</time></pt><pt><x>786</x><y>494</y><time>24-05-21 10:45:39:520</time></pt><pt><x>782</x><y>499</y><time>24-05-21 10:45:40:080</time></pt><pt><x>776</x><y>501</y><time>24-05-21 10:45:40:440</time></pt><pt><x>770</x><y>504</y><time>24-05-21 10:45:40:776</time></pt><pt><x>764</x><y>504</y><time>24-05-21 10:45:41:056</time></pt><pt><x>762</x><y>504</y><time>24-05-21 10:45:41:352</time></pt><pt><x>755</x><y>505</y><time>24-05-21 10:45:41:704</time></pt><pt><x>749</x><y>501</y><time>24-05-21 10:45:42:264</time></pt><pt><x>745</x><y>500</y><time>24-05-21 10:45:42:760</time></pt><pt><x>742</x><y>498</y><time>24-05-21 10:45:43:072</time></pt><pt><x>733</x><y>499</y><time>24-05-21 10:45:43:600</time></pt><pt><x>731</x><y>504</y><time>24-05-21 10:45:43:936</time></pt><pt><x>729</x><y>508</y><time>24-05-21 10:45:44:200</time></pt><pt><x>726</x><y>516</y><time>24-05-21 10:45:44:512</time></pt><pt><x>726</x><y>519</y><time>24-05-21 10:45:44:784</time></pt><pt><x>729</x><y>526</y><time>24-05-21 10:45:45:096</time></pt><pt><x>730</x><y>526</y><time>24-05-21 10:45:45:336</time></pt><pt><x>734</x><y>534</y><time>24-05-21 10:45:45:808</time></pt><pt><x>737</x><y>542</y><time>24-05-21 10:45:46:112</time></pt><pt><x>739</x><y>548</y><time>24-05-21 10:45:46:400</time></pt><pt><x>742</x><y>552</y><time>24-05-21 10:45:46:704</time></pt><pt><x>740</x><y>545</y><time>24-05-21 10:45:47:576</time></pt><pt><x>743</x><y>548</y><time>24-05-21 10:45:47:856</time></pt><pt><x>747</x><y>548</y><time>24-05-21 10:45:48:112</time></pt><pt><x>747</x><y>551</y><time>24-05-21 10:45:48:408</time></pt><pt><x>751</x><y>564</y><time>24-05-21 10:45:48:937</time></pt><pt><x>751</x><y>564</y><time>24-05-21 10:45:49:368</time></pt><pt><x>753</x><y>573</y><time>24-05-21 10:45:49:720</time></pt><pt><x>753</x><y>575</y><time>24-05-21 10:45:49:984</time></pt><pt><x>758</x><y>580</y><time>24-05-21 10:45:50:312</time></pt><pt><x>759</x><y>581</y><time>24-05-21 10:45:50:600</time></pt><pt><x>768</x><y>586</y><time>24-05-21 10:45:51:240</time></pt><pt><x>772</x><y>585</y><time>24-05-21 10:45:51:592</time></pt><pt><x>776</x><y>581</y><time>24-05-21 10:45:52:112</time></pt><pt><x>783</x><y>578</y><time>24-05-21 10:45:52:568</time></pt><pt><x>785</x><y>575</y><time>24-05-21 10:45:52:840</time></pt><pt><x>790</x><y>570</y><time>24-05-21 10:45:53:352</time></pt><pt><x>792</x><y>569</y><time>24-05-21 10:45:53:632</time></pt><pt><x>795</x><y>567</y><time>24-05-21 10:45:53:968</time></pt><pt><x>802</x><y>567</y><time>24-05-21 10:45:54:504</time></pt><pt><x>808</x><y>569</y><time>24-05-21 10:45:54:840</time></pt><pt><x>811</x><y>571</y><time>24-05-21 10:45:55:128</time></pt><pt><x>816</x><y>573</y><time>24-05-21 10:45:55:704</time></pt><pt><x>818</x><y>575</y><time>24-05-21 10:45:55:992</time></pt><pt><x>820</x><y>580</y><time>24-05-21 10:45:56:296</time></pt><pt><x>822</x><y>581</y><time>24-05-21 10:45:56:625</time></pt><pt><x>824</x><y>583</y><time>24-05-21 10:45:57:000</time></pt><pt><x>825</x><y>588</y><time>24-05-21 10:45:57:496</time></pt><pt><x>826</x><y>591</y><time>24-05-21 10:45:57:840</time></pt><pt><x>826</x><y>597</y><time>24-05-21 10:45:58:376</time></pt><pt><x>828</x><y>598</y><time>24-05-21 10:45:58:816</time></pt><pt><x>831</x><y>597</y><time>24-05-21 10:45:59:049</time></pt><pt><x>834</x><y>597</y><time>24-05-21 10:45:59:384</time></pt><pt><x>838</x><y>601</y><time>24-05-21 10:45:59:720</time></pt><pt><x>841</x><y>602</y><time>24-05-21 10:45:59:976</time></pt><pt><x>844</x><y>604</y><time>24-05-21 10:46:00:240</time></pt><pt><x>850</x><y>606</y><time>24-05-21 10:46:00:712</time></pt><closed_date>24-05-21 10:46:00:992</closed_date></polygon></object><object><name>tooth</name><deleted>1</deleted><verified>0</verified><occluded>no</occluded><attributes>28</attributes><parts><hasparts /><ispartof /></parts><date>24-05-21 10:47:27:456</date><id>14</id><type>bounding_box</type><polygon><username>anonymous</username><pt><x>958</x><y>436</y><time>24-05-21 10:47:07:662</time></pt><pt><x>1204</x><y>436</y><time>24-05-21 10:47:11:168</time></pt><pt><x>1204</x><y>291</y><time>undefined</time></pt><pt><x>958</x><y>291</y><time>undefined</time></pt><closed_date>24-05-21 10:47:11:168</closed_date></polygon></object><object><name>tooth</name><deleted>0</deleted><verified>0</verified><occluded>no</occluded><attributes>28</attributes><parts><hasparts>16</hasparts><ispartof /></parts><date>24-05-21 10:48:22:074</date><id>15</id><type>bounding_box</type><polygon><username>anonymous</username><pt><x>827</x><y>390</y><time>24-05-21 10:48:07:601</time></pt><pt><x>1133</x><y>390</y><time>24-05-21 10:48:14:360</time></pt><pt><x>1133</x><y>3</y><time>undefined</time></pt><pt><x>827</x><y>3</y><time>undefined</time></pt><closed_date>24-05-21 10:48:14:360</closed_date></polygon></object><object><name>restoration</name><deleted>0</deleted><verified>0</verified><occluded>no</occluded><attributes /><parts><hasparts /><ispartof>15</ispartof></parts><date>24-05-21 10:50:49:876</date><id>16</id><polygon><username>anonymous</username><pt><x>899</x><y>331</y><time>24-05-21 10:50:15:710</time></pt><pt><x>929</x><y>331</y><time>24-05-21 10:50:16:609</time></pt><pt><x>948</x><y>318</y><time>24-05-21 10:50:17:074</time></pt><pt><x>953</x><y>318</y><time>24-05-21 10:50:18:153</time></pt><pt><x>958</x><y>349</y><time>24-05-21 10:50:19:217</time></pt><pt><x>981</x><y>344</y><time>24-05-21 10:50:21:130</time></pt><pt><x>996</x><y>346</y><time>24-05-21 10:50:21:602</time></pt><pt><x>1009</x><y>341</y><time>24-05-21 10:50:22:177</time></pt><pt><x>1016</x><y>339</y><time>24-05-21 10:50:22:697</time></pt><pt><x>1027</x><y>334</y><time>24-05-21 10:50:23:217</time></pt><pt><x>1037</x><y>329</y><time>24-05-21 10:50:23:593</time></pt><pt><x>1050</x><y>319</y><time>24-05-21 10:50:24:193</time></pt><pt><x>1059</x><y>316</y><time>24-05-21 10:50:24:521</time></pt><pt><x>1064</x><y>313</y><time>24-05-21 10:50:24:841</time></pt><pt><x>1070</x><y>311</y><time>24-05-21 10:50:25:154</time></pt><pt><x>1070</x><y>300</y><time>24-05-21 10:50:25:464</time></pt><pt><x>1064</x><y>272</y><time>24-05-21 10:50:26:761</time></pt><pt><x>1064</x><y>265</y><time>24-05-21 10:50:27:144</time></pt><pt><x>1057</x><y>260</y><time>24-05-21 10:50:27:666</time></pt><pt><x>1055</x><y>240</y><time>24-05-21 10:50:29:137</time></pt><pt><x>1055</x><y>227</y><time>24-05-21 10:50:29:634</time></pt><pt><x>1049</x><y>212</y><time>24-05-21 10:50:30:505</time></pt><pt><x>1042</x><y>206</y><time>24-05-21 10:50:31:025</time></pt><pt><x>1027</x><y>204</y><time>24-05-21 10:50:31:650</time></pt><pt><x>1013</x><y>204</y><time>24-05-21 10:50:32:497</time></pt><pt><x>1003</x><y>204</y><time>24-05-21 10:50:33:049</time></pt><pt><x>998</x><y>217</y><time>24-05-21 10:50:33:936</time></pt><pt><x>994</x><y>227</y><time>24-05-21 10:50:34:417</time></pt><pt><x>993</x><y>229</y><time>24-05-21 10:50:34:722</time></pt><pt><x>988</x><y>234</y><time>24-05-21 10:50:35:041</time></pt><pt><x>980</x><y>237</y><time>24-05-21 10:50:35:400</time></pt><pt><x>975</x><y>237</y><time>24-05-21 10:50:35:697</time></pt><pt><x>960</x><y>239</y><time>24-05-21 10:50:36:336</time></pt><pt><x>955</x><y>244</y><time>24-05-21 10:50:36:672</time></pt><pt><x>948</x><y>249</y><time>24-05-21 10:50:36:946</time></pt><pt><x>943</x><y>254</y><time>24-05-21 10:50:37:249</time></pt><pt><x>938</x><y>255</y><time>24-05-21 10:50:37:498</time></pt><pt><x>935</x><y>257</y><time>24-05-21 10:50:37:793</time></pt><pt><x>932</x><y>262</y><time>24-05-21 10:50:38:032</time></pt><pt><x>920</x><y>262</y><time>24-05-21 10:50:38:505</time></pt><pt><x>915</x><y>262</y><time>24-05-21 10:50:38:904</time></pt><pt><x>899</x><y>262</y><time>24-05-21 10:50:39:425</time></pt><pt><x>897</x><y>267</y><time>24-05-21 10:50:39:977</time></pt><pt><x>897</x><y>277</y><time>24-05-21 10:50:40:345</time></pt><pt><x>896</x><y>290</y><time>24-05-21 10:50:40:832</time></pt><pt><x>897</x><y>291</y><time>24-05-21 10:50:41:177</time></pt><pt><x>899</x><y>308</y><time>24-05-21 10:50:41:858</time></pt><pt><x>899</x><y>316</y><time>24-05-21 10:50:42:385</time></pt><closed_date>24-05-21 10:50:42:625</closed_date></polygon></object><imagesize><nrows /><ncols /></imagesize><object><name>restoration</name><deleted>0</deleted><verified>0</verified><occluded>no</occluded><attributes /><parts><hasparts /><ispartof>9</ispartof></parts><date>16-02-22 14:54:38:568</date><id>17</id><polygon><username>anonymous</username><pt><x>100</x><y>556</y><time>16-02-22 14:54:29:326</time></pt><pt><x>160</x><y>589</y><time>16-02-22 14:54:29:670</time></pt><pt><x>210</x><y>596</y><time>16-02-22 14:54:29:942</time></pt><pt><x>239</x><y>611</y><time>16-02-22 14:54:30:214</time></pt><pt><x>279</x><y>603</y><time>16-02-22 14:54:30:598</time></pt><pt><x>302</x><y>574</y><time>16-02-22 14:54:30:870</time></pt><pt><x>354</x><y>564</y><time>16-02-22 14:54:31:302</time></pt><pt><x>352</x><y>534</y><time>16-02-22 14:54:31:694</time></pt><pt><x>321</x><y>526</y><time>16-02-22 14:54:32:070</time></pt><pt><x>275</x><y>536</y><time>16-02-22 14:54:32:334</time></pt><pt><x>244</x><y>529</y><time>16-02-22 14:54:32:623</time></pt><pt><x>165</x><y>514</y><time>16-02-22 14:54:33:054</time></pt><pt><x>110</x><y>503</y><time>16-02-22 14:54:33:558</time></pt><pt><x>75</x><y>531</y><time>16-02-22 14:54:34:013</time></pt><pt><x>90</x><y>544</y><time>16-02-22 14:54:34:486</time></pt><closed_date>16-02-22 14:54:34:844</closed_date></polygon></object></annotation>