<?xml version='1.0' encoding='UTF-8'?>
<annotation><filename>imagem-103.jpg</filename><folder>segmentation_xray</folder><source><sourceImage>The MIT-CSAIL database of objects and scenes</sourceImage><sourceAnnotation>LabelMe Webtool</sourceAnnotation></source><object><name>tooth</name><deleted>0</deleted><verified>0</verified><occluded>no</occluded><attributes>17</attributes><parts><hasparts /><ispartof>10</ispartof></parts><date>12-05-21 11:25:06:116</date><id>0</id><type>bounding_box</type><polygon><username>anonymous</username><pt><x>1</x><y>333</y><time>12-05-21 11:24:53:115</time></pt><pt><x>364</x><y>333</y><time>12-05-21 11:24:55:716</time></pt><pt><x>364</x><y>9</y><time>undefined</time></pt><pt><x>1</x><y>9</y><time>undefined</time></pt><closed_date>12-05-21 11:24:55:716</closed_date></polygon></object><object><name>tooth</name><deleted>0</deleted><verified>0</verified><occluded>no</occluded><attributes>55</attributes><parts><hasparts /><ispartof /></parts><date>12-05-21 11:41:08:713</date><id>1</id><type>bounding_box</type><polygon><username>anonymous</username><pt><x>687</x><y>363</y><time>12-05-21 11:40:57:044</time></pt><pt><x>360</x><y>363</y><time>12-05-21 11:41:02:321</time></pt><pt><x>360</x><y>19</y><time>undefined</time></pt><pt><x>687</x><y>19</y><time>undefined</time></pt><closed_date>12-05-21 11:41:02:322</closed_date></polygon></object><object><name>tooth</name><deleted>0</deleted><verified>0</verified><occluded>no</occluded><attributes>54</attributes><parts><hasparts /><ispartof /></parts><date>12-05-21 11:41:21:671</date><id>2</id><type>bounding_box</type><polygon><username>anonymous</username><pt><x>999</x><y>347</y><time>12-05-21 11:41:13:236</time></pt><pt><x>682</x><y>347</y><time>12-05-21 11:41:16:632</time></pt><pt><x>682</x><y>15</y><time>undefined</time></pt><pt><x>999</x><y>15</y><time>undefined</time></pt><closed_date>12-05-21 11:41:16:632</closed_date></polygon></object><object><name>tooth</name><deleted>0</deleted><verified>0</verified><occluded>no</occluded><attributes>53</attributes><parts><hasparts /><ispartof /></parts><date>12-05-21 11:41:40:466</date><id>3</id><type>bounding_box</type><polygon><username>anonymous</username><pt><x>1304</x><y>361</y><time>12-05-21 11:41:31:052</time></pt><pt><x>997</x><y>361</y><time>12-05-21 11:41:35:495</time></pt><pt><x>997</x><y>4</y><time>undefined</time></pt><pt><x>1304</x><y>4</y><time>undefined</time></pt><closed_date>12-05-21 11:41:35:496</closed_date></polygon></object><object><name>tooth</name><deleted>0</deleted><verified>0</verified><occluded>no</occluded><attributes>46</attributes><parts><hasparts /><ispartof /></parts><date>12-05-21 11:41:58:945</date><id>4</id><type>bounding_box</type><polygon><username>anonymous</username><pt><x>0</x><y>351</y><time>12-05-21 11:41:48:808</time></pt><pt><x>344</x><y>351</y><time>12-05-21 11:41:51:952</time></pt><pt><x>344</x><y>877</y><time>undefined</time></pt><pt><x>0</x><y>877</y><time>undefined</time></pt><closed_date>12-05-21 11:41:51:952</closed_date></polygon></object><object><name>tooth</name><deleted>0</deleted><verified>0</verified><occluded>no</occluded><attributes>85</attributes><parts><hasparts /><ispartof /></parts><date>12-05-21 11:42:11:653</date><id>5</id><type>bounding_box</type><polygon><username>anonymous</username><pt><x>689</x><y>870</y><time>12-05-21 11:42:03:255</time></pt><pt><x>333</x><y>870</y><time>12-05-21 11:42:05:853</time></pt><pt><x>333</x><y>417</y><time>undefined</time></pt><pt><x>689</x><y>417</y><time>undefined</time></pt><closed_date>12-05-21 11:42:05:854</closed_date></polygon></object><object><name>tooth</name><deleted>0</deleted><verified>0</verified><occluded>no</occluded><attributes>84</attributes><parts><hasparts /><ispartof /></parts><date>12-05-21 11:42:22:006</date><id>6</id><type>bounding_box</type><polygon><username>anonymous</username><pt><x>714</x><y>436</y><time>12-05-21 11:42:13:760</time></pt><pt><x>1050</x><y>436</y><time>12-05-21 11:42:16:549</time></pt><pt><x>1050</x><y>875</y><time>undefined</time></pt><pt><x>714</x><y>875</y><time>undefined</time></pt><closed_date>12-05-21 11:42:16:550</closed_date></polygon></object><object><name>tooth</name><deleted>0</deleted><verified>0</verified><occluded>no</occluded><attributes>83</attributes><parts><hasparts /><ispartof /></parts><date>12-05-21 11:42:32:511</date><id>7</id><type>bounding_box</type><polygon><username>anonymous</username><pt><x>1028</x><y>441</y><time>12-05-21 11:42:23:938</time></pt><pt><x>1309</x><y>441</y><time>12-05-21 11:42:26:423</time></pt><pt><x>1309</x><y>875</y><time>undefined</time></pt><pt><x>1028</x><y>875</y><time>undefined</time></pt><closed_date>12-05-21 11:42:26:423</closed_date></polygon></object><imagesize><nrows /><ncols /></imagesize></annotation>