<?xml version='1.0' encoding='UTF-8'?>
<annotation><filename>imagem-083.jpg</filename><folder>segmentation_xray</folder><source><sourceImage>The MIT-CSAIL database of objects and scenes</sourceImage><sourceAnnotation>LabelMe Webtool</sourceAnnotation></source><object><name>tooth</name><deleted>0</deleted><verified>0</verified><occluded>no</occluded><attributes>47</attributes><parts><hasparts /><ispartof /></parts><date>17-05-21 09:59:45:386</date><id>0</id><type>bounding_box</type><polygon><username>anonymous</username><pt><x>11</x><y>552</y><time>17-05-21 09:59:32:822</time></pt><pt><x>477</x><y>552</y><time>17-05-21 09:59:38:849</time></pt><pt><x>477</x><y>1236</y><time>undefined</time></pt><pt><x>11</x><y>1236</y><time>undefined</time></pt><closed_date>17-05-21 09:59:38:850</closed_date></polygon></object><object><name>tooth</name><deleted>0</deleted><verified>0</verified><occluded>no</occluded><attributes>46</attributes><parts><hasparts /><ispartof /></parts><date>17-05-21 09:59:53:585</date><id>1</id><type>bounding_box</type><polygon><username>anonymous</username><pt><x>947</x><y>557</y><time>17-05-21 09:59:48:250</time></pt><pt><x>382</x><y>557</y><time>17-05-21 09:59:50:144</time></pt><pt><x>382</x><y>1229</y><time>undefined</time></pt><pt><x>947</x><y>1229</y><time>undefined</time></pt><closed_date>17-05-21 09:59:50:145</closed_date></polygon></object><object><name>tooth</name><deleted>0</deleted><verified>0</verified><occluded>no</occluded><attributes>45</attributes><parts><hasparts /><ispartof /></parts><date>17-05-21 10:00:01:513</date><id>2</id><type>bounding_box</type><polygon><username>anonymous</username><pt><x>1274</x><y>636</y><time>17-05-21 09:59:55:767</time></pt><pt><x>943</x><y>636</y><time>17-05-21 09:59:57:856</time></pt><pt><x>943</x><y>1229</y><time>undefined</time></pt><pt><x>1274</x><y>1229</y><time>undefined</time></pt><closed_date>17-05-21 09:59:57:857</closed_date></polygon></object><object><name>tooth</name><deleted>0</deleted><verified>0</verified><occluded>no</occluded><attributes>44</attributes><parts><hasparts /><ispartof /></parts><date>17-05-21 10:00:38:157</date><id>3</id><type>bounding_box</type><polygon><username>anonymous</username><pt><x>1306</x><y>677</y><time>17-05-21 10:00:28:832</time></pt><pt><x>1592</x><y>677</y><time>17-05-21 10:00:32:364</time></pt><pt><x>1592</x><y>1224</y><time>undefined</time></pt><pt><x>1306</x><y>1224</y><time>undefined</time></pt><closed_date>17-05-21 10:00:32:364</closed_date></polygon></object><object><name>tooth</name><deleted>0</deleted><verified>0</verified><occluded>no</occluded><attributes>84</attributes><parts><hasparts /><ispartof /></parts><date>17-05-21 10:00:49:019</date><id>4</id><type>bounding_box</type><polygon><username>anonymous</username><pt><x>1354</x><y>525</y><time>17-05-21 10:00:41:277</time></pt><pt><x>1615</x><y>525</y><time>17-05-21 10:00:43:851</time></pt><pt><x>1615</x><y>711</y><time>undefined</time></pt><pt><x>1354</x><y>711</y><time>undefined</time></pt><closed_date>17-05-21 10:00:43:852</closed_date></polygon></object><object><name>tooth</name><deleted>0</deleted><verified>0</verified><occluded>no</occluded><attributes>17</attributes><parts><hasparts /><ispartof /></parts><date>17-05-21 10:00:58:418</date><id>5</id><type>bounding_box</type><polygon><username>anonymous</username><pt><x>123</x><y>479</y><time>17-05-21 10:00:51:879</time></pt><pt><x>545</x><y>479</y><time>17-05-21 10:00:54:517</time></pt><pt><x>545</x><y>2</y><time>undefined</time></pt><pt><x>123</x><y>2</y><time>undefined</time></pt><closed_date>17-05-21 10:00:54:517</closed_date></polygon></object><object><name>tooth</name><deleted>0</deleted><verified>0</verified><occluded>no</occluded><attributes>16</attributes><parts><hasparts /><ispartof /></parts><date>17-05-21 10:01:07:333</date><id>6</id><type>bounding_box</type><polygon><username>anonymous</username><pt><x>547</x><y>518</y><time>17-05-21 10:01:00:619</time></pt><pt><x>1024</x><y>518</y><time>17-05-21 10:01:03:400</time></pt><pt><x>1024</x><y>5</y><time>undefined</time></pt><pt><x>547</x><y>5</y><time>undefined</time></pt><closed_date>17-05-21 10:01:03:401</closed_date></polygon></object><object><name>tooth</name><deleted>0</deleted><verified>0</verified><occluded>no</occluded><attributes>55</attributes><parts><hasparts /><ispartof /></parts><date>17-05-21 10:01:19:433</date><id>7</id><type>bounding_box</type><polygon><username>anonymous</username><pt><x>1372</x><y>477</y><time>17-05-21 10:01:09:567</time></pt><pt><x>972</x><y>477</y><time>17-05-21 10:01:14:559</time></pt><pt><x>972</x><y>173</y><time>undefined</time></pt><pt><x>1372</x><y>173</y><time>undefined</time></pt><closed_date>17-05-21 10:01:14:559</closed_date></polygon></object><object><name>tooth</name><deleted>0</deleted><verified>0</verified><occluded>no</occluded><attributes>54</attributes><parts><hasparts /><ispartof /></parts><date>17-05-21 10:01:29:778</date><id>8</id><type>bounding_box</type><polygon><username>anonymous</username><pt><x>1615</x><y>398</y><time>17-05-21 10:01:22:560</time></pt><pt><x>1315</x><y>398</y><time>17-05-21 10:01:25:421</time></pt><pt><x>1315</x><y>168</y><time>undefined</time></pt><pt><x>1615</x><y>168</y><time>undefined</time></pt><closed_date>17-05-21 10:01:25:422</closed_date></polygon></object><object><name>tooth</name><deleted>0</deleted><verified>0</verified><occluded>no</occluded><attributes>15</attributes><parts><hasparts /><ispartof /></parts><date>17-05-21 10:01:40:187</date><id>9</id><type>bounding_box</type><polygon><username>anonymous</username><pt><x>1288</x><y>257</y><time>17-05-21 10:01:34:666</time></pt><pt><x>968</x><y>257</y><time>17-05-21 10:01:36:492</time></pt><pt><x>968</x><y>1</y><time>undefined</time></pt><pt><x>1288</x><y>1</y><time>undefined</time></pt><closed_date>17-05-21 10:01:36:492</closed_date></polygon></object><object><name>tooth</name><deleted>0</deleted><verified>0</verified><occluded>no</occluded><attributes>14</attributes><parts><hasparts /><ispartof /></parts><date>17-05-21 10:01:51:273</date><id>10</id><type>bounding_box</type><polygon><username>anonymous</username><pt><x>1615</x><y>2</y><time>17-05-21 10:01:42:834</time></pt><pt><x>1315</x><y>2</y><time>17-05-21 10:01:45:721</time></pt><pt><x>1315</x><y>223.00000000000003</y><time>undefined</time></pt><pt><x>1615</x><y>223.00000000000003</y><time>undefined</time></pt><closed_date>17-05-21 10:01:45:722</closed_date></polygon></object><imagesize><nrows /><ncols /></imagesize></annotation>