<?xml version='1.0' encoding='UTF-8'?>
<annotation><filename>imagem-102.jpg</filename><folder>segmentation_xray</folder><source><sourceImage>The MIT-CSAIL database of objects and scenes</sourceImage><sourceAnnotation>LabelMe Webtool</sourceAnnotation></source><object><name>tooth</name><deleted>0</deleted><verified>0</verified><occluded>no</occluded><attributes>46</attributes><parts><hasparts /><ispartof /></parts><date>16-02-22 14:52:01:431</date><id>0</id><type>bounding_box</type><polygon><username>anonymous</username><pt><x>66</x><y>342</y><time>16-02-22 14:51:53:279</time></pt><pt><x>535</x><y>342</y><time>16-02-22 14:51:55:573</time></pt><pt><x>535</x><y>887</y><time>undefined</time></pt><pt><x>66</x><y>887</y><time>undefined</time></pt><closed_date>16-02-22 14:51:55:573</closed_date></polygon></object><object><name>tooth</name><deleted>0</deleted><verified>0</verified><occluded>no</occluded><attributes>85</attributes><parts><hasparts>8</hasparts><ispartof /></parts><date>16-02-22 14:52:08:484</date><id>1</id><type>bounding_box</type><polygon><username>anonymous</username><pt><x>939</x><y>424</y><time>16-02-22 14:52:03:389</time></pt><pt><x>510</x><y>424</y><time>16-02-22 14:52:05:348</time></pt><pt><x>510</x><y>885</y><time>undefined</time></pt><pt><x>939</x><y>885</y><time>undefined</time></pt><closed_date>16-02-22 14:52:05:348</closed_date></polygon></object><object><name>tooth</name><deleted>0</deleted><verified>0</verified><occluded>no</occluded><attributes>84</attributes><parts><hasparts /><ispartof /></parts><date>16-02-22 14:52:14:999</date><id>2</id><type>bounding_box</type><polygon><username>anonymous</username><pt><x>1288</x><y>450</y><time>16-02-22 14:52:09:438</time></pt><pt><x>918</x><y>450</y><time>16-02-22 14:52:11:508</time></pt><pt><x>918</x><y>888</y><time>undefined</time></pt><pt><x>1288</x><y>888</y><time>undefined</time></pt><closed_date>16-02-22 14:52:11:508</closed_date></polygon></object><object><name>tooth</name><deleted>0</deleted><verified>0</verified><occluded>no</occluded><attributes>83</attributes><parts><hasparts /><ispartof /></parts><date>16-02-22 14:52:20:052</date><id>3</id><type>bounding_box</type><polygon><username>anonymous</username><pt><x>1368</x><y>425</y><time>16-02-22 14:52:15:645</time></pt><pt><x>1279</x><y>425</y><time>16-02-22 14:52:16:845</time></pt><pt><x>1279</x><y>781</y><time>undefined</time></pt><pt><x>1368</x><y>781</y><time>undefined</time></pt><closed_date>16-02-22 14:52:16:845</closed_date></polygon></object><object><name>tooth</name><deleted>0</deleted><verified>0</verified><occluded>no</occluded><attributes>53</attributes><parts><hasparts /><ispartof /></parts><date>16-02-22 14:52:26:535</date><id>4</id><type>bounding_box</type><polygon><username>anonymous</username><pt><x>1008</x><y>17</y><time>16-02-22 14:52:21:806</time></pt><pt><x>1305</x><y>17</y><time>16-02-22 14:52:23:332</time></pt><pt><x>1305</x><y>364</y><time>undefined</time></pt><pt><x>1008</x><y>364</y><time>undefined</time></pt><closed_date>16-02-22 14:52:23:333</closed_date></polygon></object><object><name>tooth</name><deleted>0</deleted><verified>0</verified><occluded>no</occluded><attributes>54</attributes><parts><hasparts>9</hasparts><ispartof /></parts><date>16-02-22 14:52:37:101</date><id>5</id><type>bounding_box</type><polygon><username>anonymous</username><pt><x>701</x><y>13</y><time>16-02-22 14:52:27:478</time></pt><pt><x>1019</x><y>13</y><time>16-02-22 14:52:29:029</time></pt><pt><x>1019</x><y>339</y><time>undefined</time></pt><pt><x>701</x><y>339</y><time>undefined</time></pt><closed_date>16-02-22 14:52:29:029</closed_date></polygon></object><object><name>tooth</name><deleted>0</deleted><verified>0</verified><occluded>no</occluded><attributes>55</attributes><parts><hasparts /><ispartof /></parts><date>16-02-22 14:52:47:023</date><id>6</id><type>bounding_box</type><polygon><username>anonymous</username><pt><x>353</x><y>5</y><time>16-02-22 14:52:42:415</time></pt><pt><x>710</x><y>5</y><time>16-02-22 14:52:43:694</time></pt><pt><x>710</x><y>346</y><time>undefined</time></pt><pt><x>353</x><y>346</y><time>undefined</time></pt><closed_date>16-02-22 14:52:43:694</closed_date></polygon></object><object><name>tooth</name><deleted>0</deleted><verified>0</verified><occluded>no</occluded><attributes>16</attributes><parts><hasparts /><ispartof /></parts><date>16-02-22 14:52:54:547</date><id>7</id><type>bounding_box</type><polygon><username>anonymous</username><pt><x>19</x><y>334</y><time>16-02-22 14:52:47:895</time></pt><pt><x>354</x><y>334</y><time>16-02-22 14:52:49:181</time></pt><pt><x>354</x><y>8</y><time>undefined</time></pt><pt><x>19</x><y>8</y><time>undefined</time></pt><closed_date>16-02-22 14:52:49:181</closed_date></polygon></object><object><name>restoration</name><deleted>0</deleted><verified>0</verified><occluded>no</occluded><attributes /><parts><hasparts /><ispartof>1</ispartof></parts><date>16-02-22 14:53:06:463</date><id>8</id><polygon><username>anonymous</username><pt><x>413</x><y>257</y><time>16-02-22 14:52:57:046</time></pt><pt><x>454</x><y>224</y><time>16-02-22 14:52:58:045</time></pt><pt><x>466</x><y>238</y><time>16-02-22 14:52:58:389</time></pt><pt><x>472</x><y>272</y><time>16-02-22 14:52:58:725</time></pt><pt><x>482</x><y>288</y><time>16-02-22 14:52:59:110</time></pt><pt><x>498</x><y>288</y><time>16-02-22 14:52:59:501</time></pt><pt><x>516</x><y>268</y><time>16-02-22 14:52:59:773</time></pt><pt><x>532</x><y>247</y><time>16-02-22 14:53:00:045</time></pt><pt><x>565</x><y>233</y><time>16-02-22 14:53:00:302</time></pt><pt><x>589</x><y>231</y><time>16-02-22 14:53:00:575</time></pt><pt><x>613</x><y>252</y><time>16-02-22 14:53:00:829</time></pt><pt><x>627</x><y>272</y><time>16-02-22 14:53:01:093</time></pt><pt><x>620</x><y>293</y><time>16-02-22 14:53:01:423</time></pt><pt><x>583</x><y>296</y><time>16-02-22 14:53:01:701</time></pt><pt><x>542</x><y>283</y><time>16-02-22 14:53:01:933</time></pt><pt><x>528</x><y>283</y><time>16-02-22 14:53:02:149</time></pt><pt><x>512</x><y>296</y><time>16-02-22 14:53:02:365</time></pt><pt><x>499</x><y>307</y><time>16-02-22 14:53:02:573</time></pt><pt><x>491</x><y>310</y><time>16-02-22 14:53:02:765</time></pt><pt><x>450</x><y>304</y><time>16-02-22 14:53:03:061</time></pt><pt><x>405</x><y>299</y><time>16-02-22 14:53:03:341</time></pt><pt><x>392</x><y>285</y><time>16-02-22 14:53:03:733</time></pt><pt><x>398</x><y>265</y><time>16-02-22 14:53:04:005</time></pt><closed_date>16-02-22 14:53:04:213</closed_date></polygon></object><object><name>restoration</name><deleted>0</deleted><verified>0</verified><occluded>no</occluded><attributes /><parts><hasparts /><ispartof>5</ispartof></parts><date>16-02-22 14:53:15:567</date><id>9</id><polygon><username>anonymous</username><pt><x>976</x><y>591</y><time>16-02-22 14:53:08:734</time></pt><pt><x>997</x><y>573</y><time>16-02-22 14:53:09:077</time></pt><pt><x>1008</x><y>548</y><time>16-02-22 14:53:09:341</time></pt><pt><x>1019</x><y>529</y><time>16-02-22 14:53:09:669</time></pt><pt><x>1027</x><y>528</y><time>16-02-22 14:53:09:981</time></pt><pt><x>1035</x><y>520</y><time>16-02-22 14:53:10:261</time></pt><pt><x>1041</x><y>488</y><time>16-02-22 14:53:10:509</time></pt><pt><x>1024</x><y>465</y><time>16-02-22 14:53:10:773</time></pt><pt><x>1006</x><y>483</y><time>16-02-22 14:53:11:005</time></pt><pt><x>990</x><y>490</y><time>16-02-22 14:53:11:197</time></pt><pt><x>976</x><y>490</y><time>16-02-22 14:53:11:413</time></pt><pt><x>945</x><y>515</y><time>16-02-22 14:53:11:733</time></pt><pt><x>937</x><y>534</y><time>16-02-22 14:53:11:950</time></pt><pt><x>937</x><y>543</y><time>16-02-22 14:53:12:135</time></pt><pt><x>940</x><y>556</y><time>16-02-22 14:53:12:349</time></pt><pt><x>943</x><y>561</y><time>16-02-22 14:53:12:542</time></pt><pt><x>964</x><y>573</y><time>16-02-22 14:53:12:742</time></pt><closed_date>16-02-22 14:53:13:101</closed_date></polygon></object><imagesize><nrows /><ncols /></imagesize></annotation>