<?xml version='1.0' encoding='UTF-8'?>
<annotation><filename>imagem-035.jpg</filename><folder>segmentation_xray</folder><source><sourceImage>The MIT-CSAIL database of objects and scenes</sourceImage><sourceAnnotation>LabelMe Webtool</sourceAnnotation></source><object><name>tooth</name><deleted>0</deleted><verified>0</verified><occluded>no</occluded><attributes>17</attributes><parts><hasparts /><ispartof /></parts><date>11-05-21 10:18:41:242</date><id>0</id><type>bounding_box</type><polygon><username>anonymous</username><pt><x>1497</x><y>1389</y><time>11-05-21 10:18:35:706</time></pt><pt><x>360</x><y>1389</y><time>11-05-21 10:18:38:775</time></pt><pt><x>360</x><y>21</y><time>undefined</time></pt><pt><x>1497</x><y>21</y><time>undefined</time></pt><closed_date>11-05-21 10:18:38:776</closed_date></polygon></object><object><name>tooth</name><deleted>0</deleted><verified>0</verified><occluded>no</occluded><attributes>16</attributes><parts><hasparts /><ispartof /></parts><date>11-05-21 10:18:56:444</date><id>1</id><type>bounding_box</type><polygon><username>anonymous</username><pt><x>2540</x><y>1476</y><time>11-05-21 10:18:48:110</time></pt><pt><x>1466</x><y>1476</y><time>11-05-21 10:18:54:234</time></pt><pt><x>1466</x><y>26</y><time>undefined</time></pt><pt><x>2540</x><y>26</y><time>undefined</time></pt><closed_date>11-05-21 10:18:54:234</closed_date></polygon></object><object><name>tooth</name><deleted>0</deleted><verified>0</verified><occluded>no</occluded><attributes>15</attributes><parts><hasparts /><ispartof /></parts><date>11-05-21 10:19:29:977</date><id>2</id><type>bounding_box</type><polygon><username>anonymous</username><pt><x>3312</x><y>1507</y><time>11-05-21 10:19:22:173</time></pt><pt><x>2530</x><y>1507</y><time>11-05-21 10:19:27:154</time></pt><pt><x>2530</x><y>21</y><time>undefined</time></pt><pt><x>3312</x><y>21</y><time>undefined</time></pt><closed_date>11-05-21 10:19:27:154</closed_date></polygon></object><object><name>tooth</name><deleted>0</deleted><verified>0</verified><occluded>no</occluded><attributes>14</attributes><parts><hasparts /><ispartof /></parts><date>11-05-21 10:19:44:698</date><id>3</id><type>bounding_box</type><polygon><username>anonymous</username><pt><x>4037</x><y>1512</y><time>11-05-21 10:19:36:238</time></pt><pt><x>3168</x><y>1512</y><time>11-05-21 10:19:39:585</time></pt><pt><x>3168</x><y>57</y><time>undefined</time></pt><pt><x>4037</x><y>57</y><time>undefined</time></pt><closed_date>11-05-21 10:19:39:585</closed_date></polygon></object><object><name>tooth</name><deleted>0</deleted><verified>0</verified><occluded>no</occluded><attributes>44</attributes><parts><hasparts /><ispartof /></parts><date>11-05-21 10:20:01:117</date><id>4</id><type>bounding_box</type><polygon><username>anonymous</username><pt><x>3358</x><y>1630</y><time>11-05-21 10:19:47:793</time></pt><pt><x>4063</x><y>1630</y><time>11-05-21 10:19:54:010</time></pt><pt><x>4063</x><y>3060</y><time>undefined</time></pt><pt><x>3358</x><y>3060</y><time>undefined</time></pt><closed_date>11-05-21 10:19:54:010</closed_date></polygon></object><object><name>tooth</name><deleted>0</deleted><verified>0</verified><occluded>no</occluded><attributes>45</attributes><parts><hasparts /><ispartof /></parts><date>11-05-21 10:20:13:648</date><id>5</id><type>bounding_box</type><polygon><username>anonymous</username><pt><x>2540</x><y>1574</y><time>11-05-21 10:20:02:794</time></pt><pt><x>3332</x><y>1574</y><time>11-05-21 10:20:06:609</time></pt><pt><x>3332</x><y>3116</y><time>undefined</time></pt><pt><x>2540</x><y>3116</y><time>undefined</time></pt><closed_date>11-05-21 10:20:06:609</closed_date></polygon></object><object><name>tooth</name><deleted>0</deleted><verified>0</verified><occluded>no</occluded><attributes>46</attributes><parts><hasparts /><ispartof /></parts><date>11-05-21 10:20:24:726</date><id>6</id><type>bounding_box</type><polygon><username>anonymous</username><pt><x>1399</x><y>1563</y><time>11-05-21 10:20:16:238</time></pt><pt><x>2525</x><y>1563</y><time>11-05-21 10:20:18:992</time></pt><pt><x>2525</x><y>3096</y><time>undefined</time></pt><pt><x>1399</x><y>3096</y><time>undefined</time></pt><closed_date>11-05-21 10:20:18:992</closed_date></polygon></object><object><name>tooth</name><deleted>0</deleted><verified>0</verified><occluded>no</occluded><attributes>47</attributes><parts><hasparts /><ispartof /></parts><date>11-05-21 10:20:36:349</date><id>7</id><type>bounding_box</type><polygon><username>anonymous</username><pt><x>123</x><y>1430</y><time>11-05-21 10:20:26:282</time></pt><pt><x>1425</x><y>1430</y><time>11-05-21 10:20:28:752</time></pt><pt><x>1425</x><y>3086</y><time>undefined</time></pt><pt><x>123</x><y>3086</y><time>undefined</time></pt><closed_date>11-05-21 10:20:28:752</closed_date></polygon></object><imagesize><nrows /><ncols /></imagesize></annotation>