<?xml version='1.0' encoding='UTF-8'?>
<annotation><filename>imagem-064.jpg</filename><folder>segmentation_xray</folder><source><sourceImage>The MIT-CSAIL database of objects and scenes</sourceImage><sourceAnnotation>LabelMe Webtool</sourceAnnotation></source><object><name>tooth</name><deleted>0</deleted><verified>0</verified><occluded>no</occluded><attributes>17</attributes><parts><hasparts /><ispartof /></parts><date>12-05-21 13:15:41:359</date><id>0</id><type>bounding_box</type><polygon><username>anonymous</username><pt><x>9</x><y>438</y><time>12-05-21 13:15:33:030</time></pt><pt><x>294</x><y>438</y><time>12-05-21 13:15:36:635</time></pt><pt><x>294</x><y>11</y><time>undefined</time></pt><pt><x>9</x><y>11</y><time>undefined</time></pt><closed_date>12-05-21 13:15:36:636</closed_date></polygon></object><object><name>tooth</name><deleted>0</deleted><verified>0</verified><occluded>no</occluded><attributes>16</attributes><parts><hasparts>9</hasparts><ispartof /></parts><date>12-05-21 13:15:52:255</date><id>1</id><type>bounding_box</type><polygon><username>anonymous</username><pt><x>274</x><y>452</y><time>12-05-21 13:15:43:844</time></pt><pt><x>545</x><y>452</y><time>12-05-21 13:15:47:157</time></pt><pt><x>545</x><y>8</y><time>undefined</time></pt><pt><x>274</x><y>8</y><time>undefined</time></pt><closed_date>12-05-21 13:15:47:157</closed_date></polygon></object><object><name>tooth</name><deleted>0</deleted><verified>0</verified><occluded>no</occluded><attributes>15</attributes><parts><hasparts>10</hasparts><ispartof /></parts><date>12-05-21 13:16:02:258</date><id>2</id><type>bounding_box</type><polygon><username>anonymous</username><pt><x>751</x><y>433</y><time>12-05-21 13:15:54:194</time></pt><pt><x>511</x><y>433</y><time>12-05-21 13:15:58:427</time></pt><pt><x>511</x><y>14</y><time>undefined</time></pt><pt><x>751</x><y>14</y><time>undefined</time></pt><closed_date>12-05-21 13:15:58:428</closed_date></polygon></object><object><name>tooth</name><deleted>0</deleted><verified>0</verified><occluded>no</occluded><attributes>14</attributes><parts><hasparts /><ispartof /></parts><date>12-05-21 13:16:34:118</date><id>3</id><type>bounding_box</type><polygon><username>anonymous</username><pt><x>966</x><y>6</y><time>12-05-21 13:16:24:528</time></pt><pt><x>729</x><y>6</y><time>12-05-21 13:16:28:322</time></pt><pt><x>729</x><y>411</y><time>undefined</time></pt><pt><x>966</x><y>411</y><time>undefined</time></pt><closed_date>12-05-21 13:16:28:322</closed_date></polygon></object><object><name>tooth</name><deleted>0</deleted><verified>0</verified><occluded>no</occluded><attributes>13</attributes><parts><hasparts /><ispartof /></parts><date>12-05-21 13:16:57:885</date><id>4</id><type>bounding_box</type><polygon><username>anonymous</username><pt><x>962</x><y>417</y><time>12-05-21 13:16:50:625</time></pt><pt><x>1209</x><y>417</y><time>12-05-21 13:16:54:445</time></pt><pt><x>1209</x><y>19</y><time>undefined</time></pt><pt><x>962</x><y>19</y><time>undefined</time></pt><closed_date>12-05-21 13:16:54:445</closed_date></polygon></object><object><name>tooth</name><deleted>0</deleted><verified>0</verified><occluded>no</occluded><attributes>46</attributes><parts><hasparts /><ispartof /></parts><date>12-05-21 13:23:49:648</date><id>5</id><type>bounding_box</type><polygon><username>anonymous</username><pt><x>400</x><y>941</y><time>12-05-21 13:23:31:991</time></pt><pt><x>20</x><y>941</y><time>12-05-21 13:23:36:938</time></pt><pt><x>20</x><y>509</y><time>undefined</time></pt><pt><x>400</x><y>509</y><time>undefined</time></pt><closed_date>12-05-21 13:23:36:938</closed_date></polygon></object><object><name>tooth</name><deleted>0</deleted><verified>0</verified><occluded>no</occluded><attributes>45</attributes><parts><hasparts /><ispartof /></parts><date>12-05-21 13:24:05:239</date><id>6</id><type>bounding_box</type><polygon><username>anonymous</username><pt><x>614</x><y>947</y><time>12-05-21 13:23:57:658</time></pt><pt><x>371</x><y>947</y><time>12-05-21 13:24:00:785</time></pt><pt><x>371</x><y>511</y><time>undefined</time></pt><pt><x>614</x><y>511</y><time>undefined</time></pt><closed_date>12-05-21 13:24:00:786</closed_date></polygon></object><object><name>tooth</name><deleted>0</deleted><verified>0</verified><occluded>no</occluded><attributes>44</attributes><parts><hasparts /><ispartof /></parts><date>12-05-21 13:24:18:640</date><id>7</id><type>bounding_box</type><polygon><username>anonymous</username><pt><x>827</x><y>944</y><time>12-05-21 13:24:12:746</time></pt><pt><x>589</x><y>944</y><time>12-05-21 13:24:14:788</time></pt><pt><x>589</x><y>503</y><time>undefined</time></pt><pt><x>827</x><y>503</y><time>undefined</time></pt><closed_date>12-05-21 13:24:14:788</closed_date></polygon></object><object><name>tooth</name><deleted>0</deleted><verified>0</verified><occluded>no</occluded><attributes>43</attributes><parts><hasparts /><ispartof /></parts><date>12-05-21 13:24:39:210</date><id>8</id><type>bounding_box</type><polygon><username>anonymous</username><pt><x>841</x><y>467</y><time>12-05-21 13:24:31:276</time></pt><pt><x>1065</x><y>467</y><time>12-05-21 13:24:34:139</time></pt><pt><x>1065</x><y>945</y><time>undefined</time></pt><pt><x>841</x><y>945</y><time>undefined</time></pt><closed_date>12-05-21 13:24:34:140</closed_date></polygon></object><object><name>restoration</name><deleted>0</deleted><verified>0</verified><occluded>no</occluded><attributes /><parts><hasparts /><ispartof>1</ispartof></parts><date>12-05-21 13:25:14:910</date><id>9</id><polygon><username>anonymous</username><pt><x>498</x><y>302</y><time>12-05-21 13:24:55:215</time></pt><pt><x>469</x><y>305</y><time>12-05-21 13:24:56:114</time></pt><pt><x>463</x><y>318</y><time>12-05-21 13:24:56:724</time></pt><pt><x>463</x><y>333</y><time>12-05-21 13:24:57:325</time></pt><pt><x>458</x><y>347</y><time>12-05-21 13:24:57:902</time></pt><pt><x>442</x><y>361</y><time>12-05-21 13:24:58:536</time></pt><pt><x>430</x><y>361</y><time>12-05-21 13:24:59:080</time></pt><pt><x>419</x><y>358</y><time>12-05-21 13:24:59:608</time></pt><pt><x>394</x><y>347</y><time>12-05-21 13:25:00:235</time></pt><pt><x>375</x><y>341</y><time>12-05-21 13:25:00:868</time></pt><pt><x>355</x><y>344</y><time>12-05-21 13:25:01:509</time></pt><pt><x>330</x><y>349</y><time>12-05-21 13:25:02:058</time></pt><pt><x>318</x><y>366</y><time>12-05-21 13:25:02:638</time></pt><pt><x>316</x><y>369</y><time>12-05-21 13:25:03:240</time></pt><pt><x>302</x><y>361</y><time>12-05-21 13:25:03:955</time></pt><pt><x>285</x><y>369</y><time>12-05-21 13:25:04:442</time></pt><pt><x>283</x><y>382</y><time>12-05-21 13:25:04:996</time></pt><pt><x>299</x><y>411</y><time>12-05-21 13:25:05:612</time></pt><pt><x>335</x><y>431</y><time>12-05-21 13:25:06:660</time></pt><pt><x>378</x><y>424</y><time>12-05-21 13:25:07:237</time></pt><pt><x>410</x><y>403</y><time>12-05-21 13:25:07:725</time></pt><pt><x>449</x><y>375</y><time>12-05-21 13:25:08:221</time></pt><pt><x>475</x><y>364</y><time>12-05-21 13:25:08:668</time></pt><pt><x>497</x><y>355</y><time>12-05-21 13:25:09:139</time></pt><pt><x>509</x><y>347</y><time>12-05-21 13:25:09:635</time></pt><pt><x>514</x><y>330</y><time>12-05-21 13:25:10:114</time></pt><pt><x>509</x><y>311</y><time>12-05-21 13:25:10:642</time></pt><closed_date>12-05-21 13:25:11:243</closed_date></polygon></object><object><name>restoration</name><deleted>0</deleted><verified>0</verified><occluded>no</occluded><attributes /><parts><hasparts /><ispartof>2</ispartof></parts><date>12-05-21 13:25:45:127</date><id>10</id><polygon><username>anonymous</username><pt><x>558</x><y>237</y><time>12-05-21 13:25:21:719</time></pt><pt><x>584</x><y>255</y><time>12-05-21 13:25:22:691</time></pt><pt><x>590</x><y>266</y><time>12-05-21 13:25:23:244</time></pt><pt><x>593</x><y>285</y><time>12-05-21 13:25:23:910</time></pt><pt><x>593</x><y>307</y><time>12-05-21 13:25:24:471</time></pt><pt><x>595</x><y>302</y><time>12-05-21 13:25:35:970</time></pt><pt><x>593</x><y>321</y><time>12-05-21 13:25:36:498</time></pt><pt><x>590</x><y>344</y><time>12-05-21 13:25:36:962</time></pt><pt><x>590</x><y>346</y><time>12-05-21 13:25:37:360</time></pt><pt><x>582</x><y>369</y><time>12-05-21 13:25:38:026</time></pt><pt><x>578</x><y>369</y><time>12-05-21 13:25:38:559</time></pt><pt><x>570</x><y>357</y><time>12-05-21 13:25:39:038</time></pt><pt><x>558</x><y>349</y><time>12-05-21 13:25:39:529</time></pt><pt><x>542</x><y>333</y><time>12-05-21 13:25:40:007</time></pt><pt><x>533</x><y>321</y><time>12-05-21 13:25:40:537</time></pt><pt><x>542</x><y>271</y><time>12-05-21 13:25:41:032</time></pt><pt><x>550</x><y>252</y><time>12-05-21 13:25:41:528</time></pt><closed_date>12-05-21 13:25:41:967</closed_date></polygon></object><imagesize><nrows /><ncols /></imagesize></annotation>