<?xml version='1.0' encoding='UTF-8'?>
<annotation><filename>imagem-045.jpg</filename><folder>segmentation_xray</folder><source><sourceImage>The MIT-CSAIL database of objects and scenes</sourceImage><sourceAnnotation>LabelMe Webtool</sourceAnnotation></source><object><name>caries</name><deleted>1</deleted><verified>0</verified><occluded>no</occluded><attributes /><parts><hasparts /><ispartof /></parts><date>03-05-21 07:12:42:150</date><id>0</id><polygon><username>anonymous</username><pt><x>564</x><y>322</y><time>03-05-21 07:12:09:455</time></pt><pt><x>547</x><y>323</y><time>03-05-21 07:12:10:290</time></pt><pt><x>540</x><y>333</y><time>03-05-21 07:12:11:398</time></pt><pt><x>541</x><y>344</y><time>03-05-21 07:12:11:890</time></pt><pt><x>538</x><y>358</y><time>03-05-21 07:12:12:697</time></pt><pt><x>543</x><y>363</y><time>03-05-21 07:12:13:706</time></pt><pt><x>555</x><y>364</y><time>03-05-21 07:12:14:116</time></pt><pt><x>563</x><y>366</y><time>03-05-21 07:12:14:566</time></pt><pt><x>574</x><y>369</y><time>03-05-21 07:12:14:995</time></pt><pt><x>582</x><y>371</y><time>03-05-21 07:12:15:451</time></pt><pt><x>591</x><y>372</y><time>03-05-21 07:12:16:308</time></pt><pt><x>599</x><y>369</y><time>03-05-21 07:12:16:828</time></pt><pt><x>613</x><y>367</y><time>03-05-21 07:12:17:649</time></pt><pt><x>632</x><y>375</y><time>03-05-21 07:12:18:047</time></pt><pt><x>637</x><y>381</y><time>03-05-21 07:12:18:576</time></pt><pt><x>649</x><y>379</y><time>03-05-21 07:12:19:064</time></pt><pt><x>650</x><y>361</y><time>03-05-21 07:12:19:797</time></pt><pt><x>652</x><y>337</y><time>03-05-21 07:12:20:455</time></pt><pt><x>653</x><y>326</y><time>03-05-21 07:12:21:114</time></pt><pt><x>644</x><y>310</y><time>03-05-21 07:12:21:878</time></pt><pt><x>622</x><y>304</y><time>03-05-21 07:12:22:601</time></pt><pt><x>599</x><y>305</y><time>03-05-21 07:12:23:268</time></pt><pt><x>580</x><y>306</y><time>03-05-21 07:12:23:740</time></pt><closed_date>03-05-21 07:12:24:746</closed_date></polygon></object><imagesize><nrows /><ncols /></imagesize><object><name>tooth</name><deleted>0</deleted><verified>0</verified><occluded>no</occluded><attributes>23</attributes><parts><hasparts /><ispartof /></parts><date>18-05-21 21:38:12:572</date><id>1</id><type>bounding_box</type><polygon><username>anonymous</username><pt><x>354</x><y>7</y><time>18-05-21 21:37:53:148</time></pt><pt><x>64</x><y>7</y><time>18-05-21 21:37:57:623</time></pt><pt><x>64</x><y>410</y><time>undefined</time></pt><pt><x>354</x><y>410</y><time>undefined</time></pt><closed_date>18-05-21 21:37:57:624</closed_date></polygon></object><object><name>tooth</name><deleted>0</deleted><verified>0</verified><occluded>no</occluded><attributes>24</attributes><parts><hasparts /><ispartof /></parts><date>18-05-21 21:39:02:969</date><id>2</id><type>bounding_box</type><polygon><username>anonymous</username><pt><x>519</x><y>410</y><time>18-05-21 21:38:52:700</time></pt><pt><x>291</x><y>410</y><time>18-05-21 21:38:56:733</time></pt><pt><x>291</x><y>5</y><time>undefined</time></pt><pt><x>519</x><y>5</y><time>undefined</time></pt><closed_date>18-05-21 21:38:56:733</closed_date></polygon></object><object><name>tooth</name><deleted>0</deleted><verified>0</verified><occluded>no</occluded><attributes>25</attributes><parts><hasparts>4</hasparts><ispartof /></parts><date>18-05-21 21:39:21:449</date><id>3</id><type>bounding_box</type><polygon><username>anonymous</username><pt><x>711</x><y>422</y><time>18-05-21 21:39:09:349</time></pt><pt><x>500</x><y>422</y><time>18-05-21 21:39:15:024</time></pt><pt><x>500</x><y>5</y><time>undefined</time></pt><pt><x>711</x><y>5</y><time>undefined</time></pt><closed_date>18-05-21 21:39:15:024</closed_date></polygon></object><object><name>restoration</name><deleted>0</deleted><verified>0</verified><occluded>no</occluded><attributes /><parts><hasparts /><ispartof>3</ispartof></parts><date>18-05-21 21:39:58:740</date><id>4</id><polygon><username>anonymous</username><pt><x>535</x><y>354</y><time>18-05-21 21:39:38:444</time></pt><pt><x>535</x><y>331</y><time>18-05-21 21:39:39:184</time></pt><pt><x>547</x><y>317</y><time>18-05-21 21:39:40:009</time></pt><pt><x>561</x><y>321</y><time>18-05-21 21:39:40:824</time></pt><pt><x>565</x><y>310</y><time>18-05-21 21:39:42:198</time></pt><pt><x>573</x><y>305</y><time>18-05-21 21:39:42:851</time></pt><pt><x>600</x><y>303</y><time>18-05-21 21:39:43:438</time></pt><pt><x>626</x><y>303</y><time>18-05-21 21:39:44:214</time></pt><pt><x>645</x><y>316</y><time>18-05-21 21:39:44:773</time></pt><pt><x>654</x><y>333</y><time>18-05-21 21:39:45:408</time></pt><pt><x>657</x><y>352</y><time>18-05-21 21:39:45:961</time></pt><pt><x>661</x><y>377</y><time>18-05-21 21:39:46:478</time></pt><pt><x>654</x><y>390</y><time>18-05-21 21:39:46:963</time></pt><pt><x>640</x><y>380</y><time>18-05-21 21:39:47:450</time></pt><pt><x>622</x><y>375</y><time>18-05-21 21:39:47:920</time></pt><pt><x>607</x><y>375</y><time>18-05-21 21:39:48:327</time></pt><pt><x>593</x><y>375</y><time>18-05-21 21:39:48:682</time></pt><pt><x>579</x><y>371</y><time>18-05-21 21:39:49:012</time></pt><pt><x>572</x><y>371</y><time>18-05-21 21:39:49:334</time></pt><pt><x>563</x><y>371</y><time>18-05-21 21:39:49:607</time></pt><pt><x>547</x><y>368</y><time>18-05-21 21:39:49:961</time></pt><closed_date>18-05-21 21:39:50:331</closed_date></polygon></object><object><name>tooth</name><deleted>0</deleted><verified>0</verified><occluded>no</occluded><attributes>26</attributes><parts><hasparts>6</hasparts><ispartof /></parts><date>18-05-21 21:40:11:911</date><id>5</id><type>bounding_box</type><polygon><username>anonymous</username><pt><x>734</x><y>10</y><time>18-05-21 21:40:03:440</time></pt><pt><x>1002</x><y>10</y><time>18-05-21 21:40:07:971</time></pt><pt><x>1002</x><y>438</y><time>undefined</time></pt><pt><x>734</x><y>438</y><time>undefined</time></pt><closed_date>18-05-21 21:40:07:971</closed_date></polygon></object><object><name>restoration</name><deleted>0</deleted><verified>0</verified><occluded>no</occluded><attributes /><parts><hasparts /><ispartof>5</ispartof></parts><date>18-05-21 21:41:19:548</date><id>6</id><polygon><username>anonymous</username><pt><x>737</x><y>349</y><time>18-05-21 21:41:03:224</time></pt><pt><x>760</x><y>336</y><time>18-05-21 21:41:04:435</time></pt><pt><x>776</x><y>338</y><time>18-05-21 21:41:05:088</time></pt><pt><x>788</x><y>319</y><time>18-05-21 21:41:05:636</time></pt><pt><x>802</x><y>309</y><time>18-05-21 21:41:06:219</time></pt><pt><x>826</x><y>303</y><time>18-05-21 21:41:06:769</time></pt><pt><x>847</x><y>305</y><time>18-05-21 21:41:07:303</time></pt><pt><x>854</x><y>326</y><time>18-05-21 21:41:07:811</time></pt><pt><x>868</x><y>336</y><time>18-05-21 21:41:08:316</time></pt><pt><x>896</x><y>333</y><time>18-05-21 21:41:08:784</time></pt><pt><x>927</x><y>333</y><time>18-05-21 21:41:09:263</time></pt><pt><x>943</x><y>345</y><time>18-05-21 21:41:09:748</time></pt><pt><x>950</x><y>371</y><time>18-05-21 21:41:10:281</time></pt><pt><x>941</x><y>389</y><time>18-05-21 21:41:10:787</time></pt><pt><x>912</x><y>390</y><time>18-05-21 21:41:11:306</time></pt><pt><x>889</x><y>396</y><time>18-05-21 21:41:11:782</time></pt><pt><x>865</x><y>399</y><time>18-05-21 21:41:12:275</time></pt><pt><x>851</x><y>399</y><time>18-05-21 21:41:12:856</time></pt><pt><x>828</x><y>396</y><time>18-05-21 21:41:13:421</time></pt><pt><x>807</x><y>389</y><time>18-05-21 21:41:13:872</time></pt><pt><x>791</x><y>389</y><time>18-05-21 21:41:14:272</time></pt><pt><x>763</x><y>387</y><time>18-05-21 21:41:14:772</time></pt><pt><x>734</x><y>387</y><time>18-05-21 21:41:15:253</time></pt><closed_date>18-05-21 21:41:16:343</closed_date></polygon></object><object><name>tooth</name><deleted>0</deleted><verified>0</verified><occluded>no</occluded><attributes>27</attributes><parts><hasparts>8</hasparts><ispartof /></parts><date>18-05-21 21:41:34:049</date><id>7</id><type>bounding_box</type><polygon><username>anonymous</username><pt><x>992</x><y>2</y><time>18-05-21 21:41:25:660</time></pt><pt><x>1217</x><y>2</y><time>18-05-21 21:41:28:576</time></pt><pt><x>1217</x><y>396</y><time>undefined</time></pt><pt><x>992</x><y>396</y><time>undefined</time></pt><closed_date>18-05-21 21:41:28:576</closed_date></polygon></object><object><name>restoration</name><deleted>0</deleted><verified>0</verified><occluded>no</occluded><attributes /><parts><hasparts /><ispartof>7</ispartof></parts><date>18-05-21 21:42:05:204</date><id>8</id><polygon><username>anonymous</username><pt><x>1037</x><y>314</y><time>18-05-21 21:41:42:826</time></pt><pt><x>1051</x><y>305</y><time>18-05-21 21:41:43:587</time></pt><pt><x>1065</x><y>302</y><time>18-05-21 21:41:44:136</time></pt><pt><x>1081</x><y>293</y><time>18-05-21 21:41:44:623</time></pt><pt><x>1093</x><y>279</y><time>18-05-21 21:41:45:097</time></pt><pt><x>1107</x><y>270</y><time>18-05-21 21:41:45:582</time></pt><pt><x>1128</x><y>258</y><time>18-05-21 21:41:46:132</time></pt><pt><x>1147</x><y>261</y><time>18-05-21 21:41:46:653</time></pt><pt><x>1156</x><y>281</y><time>18-05-21 21:41:47:151</time></pt><pt><x>1156</x><y>295</y><time>18-05-21 21:41:47:665</time></pt><pt><x>1150</x><y>319</y><time>18-05-21 21:41:48:384</time></pt><pt><x>1168</x><y>309</y><time>18-05-21 21:41:48:980</time></pt><pt><x>1168</x><y>291</y><time>18-05-21 21:41:49:519</time></pt><pt><x>1175</x><y>275</y><time>18-05-21 21:41:50:060</time></pt><pt><x>1194</x><y>272</y><time>18-05-21 21:41:50:450</time></pt><pt><x>1208</x><y>270</y><time>18-05-21 21:41:50:853</time></pt><pt><x>1215</x><y>270</y><time>18-05-21 21:41:51:270</time></pt><pt><x>1218</x><y>272</y><time>18-05-21 21:41:52:932</time></pt><pt><x>1218</x><y>359</y><time>18-05-21 21:41:54:536</time></pt><pt><x>1210</x><y>371</y><time>18-05-21 21:41:55:161</time></pt><pt><x>1198</x><y>371</y><time>18-05-21 21:41:55:779</time></pt><pt><x>1182</x><y>361</y><time>18-05-21 21:41:56:304</time></pt><pt><x>1175</x><y>359</y><time>18-05-21 21:41:56:731</time></pt><pt><x>1161</x><y>361</y><time>18-05-21 21:41:57:222</time></pt><pt><x>1147</x><y>359</y><time>18-05-21 21:41:57:718</time></pt><pt><x>1140</x><y>354</y><time>18-05-21 21:41:58:181</time></pt><pt><x>1124</x><y>349</y><time>18-05-21 21:41:58:638</time></pt><pt><x>1114</x><y>345</y><time>18-05-21 21:41:59:142</time></pt><pt><x>1096</x><y>342</y><time>18-05-21 21:41:59:565</time></pt><pt><x>1076</x><y>338</y><time>18-05-21 21:42:00:008</time></pt><pt><x>1058</x><y>340</y><time>18-05-21 21:42:00:422</time></pt><pt><x>1041</x><y>342</y><time>18-05-21 21:42:00:779</time></pt><pt><x>1035</x><y>335</y><time>18-05-21 21:42:01:122</time></pt><pt><x>1035</x><y>329</y><time>18-05-21 21:42:01:418</time></pt><closed_date>18-05-21 21:42:01:783</closed_date></polygon></object><object><name>tooth</name><deleted>0</deleted><verified>0</verified><occluded>no</occluded><attributes>33</attributes><parts><hasparts /><ispartof /></parts><date>18-05-21 21:42:27:138</date><id>9</id><type>bounding_box</type><polygon><username>anonymous</username><pt><x>1</x><y>478</y><time>18-05-21 21:42:13:523</time></pt><pt><x>242</x><y>478</y><time>18-05-21 21:42:17:577</time></pt><pt><x>242</x><y>941</y><time>undefined</time></pt><pt><x>1</x><y>941</y><time>undefined</time></pt><closed_date>18-05-21 21:42:17:578</closed_date></polygon></object><object><name>tooth</name><deleted>0</deleted><verified>0</verified><occluded>no</occluded><attributes>34</attributes><parts><hasparts /><ispartof /></parts><date>18-05-21 21:44:07:045</date><id>10</id><type>bounding_box</type><polygon><username>anonymous</username><pt><x>413</x><y>492</y><time>18-05-21 21:43:57:327</time></pt><pt><x>209</x><y>492</y><time>18-05-21 21:44:01:376</time></pt><pt><x>209</x><y>943</y><time>undefined</time></pt><pt><x>413</x><y>943</y><time>undefined</time></pt><closed_date>18-05-21 21:44:01:376</closed_date></polygon></object><object><name>tooth</name><deleted>0</deleted><verified>0</verified><occluded>no</occluded><attributes>35</attributes><parts><hasparts /><ispartof /></parts><date>18-05-21 21:44:38:673</date><id>11</id><type>bounding_box</type><polygon><username>anonymous</username><pt><x>641</x><y>941</y><time>18-05-21 21:44:29:367</time></pt><pt><x>411</x><y>941</y><time>18-05-21 21:44:33:896</time></pt><pt><x>411</x><y>476</y><time>undefined</time></pt><pt><x>641</x><y>476</y><time>undefined</time></pt><closed_date>18-05-21 21:44:33:897</closed_date></polygon></object><object><name>tooth</name><deleted>0</deleted><verified>0</verified><occluded>no</occluded><attributes>36</attributes><parts><hasparts>13</hasparts><ispartof /></parts><date>18-05-21 21:44:51:303</date><id>12</id><type>bounding_box</type><polygon><username>anonymous</username><pt><x>1004</x><y>948</y><time>18-05-21 21:44:41:454</time></pt><pt><x>608</x><y>948</y><time>18-05-21 21:44:45:804</time></pt><pt><x>608</x><y>481</y><time>undefined</time></pt><pt><x>1004</x><y>481</y><time>undefined</time></pt><closed_date>18-05-21 21:44:45:805</closed_date></polygon></object><object><name>restoration</name><deleted>0</deleted><verified>0</verified><occluded>no</occluded><attributes /><parts><hasparts /><ispartof>12</ispartof></parts><date>18-05-21 21:45:22:598</date><id>13</id><polygon><username>anonymous</username><pt><x>648</x><y>554</y><time>18-05-21 21:45:02:605</time></pt><pt><x>645</x><y>528</y><time>18-05-21 21:45:03:276</time></pt><pt><x>647</x><y>502</y><time>18-05-21 21:45:03:887</time></pt><pt><x>671</x><y>502</y><time>18-05-21 21:45:04:439</time></pt><pt><x>702</x><y>509</y><time>18-05-21 21:45:05:008</time></pt><pt><x>727</x><y>514</y><time>18-05-21 21:45:05:484</time></pt><pt><x>774</x><y>528</y><time>18-05-21 21:45:06:012</time></pt><pt><x>811</x><y>528</y><time>18-05-21 21:45:07:643</time></pt><pt><x>844</x><y>523</y><time>18-05-21 21:45:08:410</time></pt><pt><x>866</x><y>523</y><time>18-05-21 21:45:08:912</time></pt><pt><x>879</x><y>516</y><time>18-05-21 21:45:09:396</time></pt><pt><x>903</x><y>511</y><time>18-05-21 21:45:09:895</time></pt><pt><x>927</x><y>511</y><time>18-05-21 21:45:10:359</time></pt><pt><x>941</x><y>528</y><time>18-05-21 21:45:10:881</time></pt><pt><x>936</x><y>539</y><time>18-05-21 21:45:11:416</time></pt><pt><x>922</x><y>563</y><time>18-05-21 21:45:11:921</time></pt><pt><x>915</x><y>580</y><time>18-05-21 21:45:12:415</time></pt><pt><x>906</x><y>579</y><time>18-05-21 21:45:12:868</time></pt><pt><x>891</x><y>580</y><time>18-05-21 21:45:13:314</time></pt><pt><x>875</x><y>593</y><time>18-05-21 21:45:13:697</time></pt><pt><x>845</x><y>598</y><time>18-05-21 21:45:14:122</time></pt><pt><x>833</x><y>601</y><time>18-05-21 21:45:14:453</time></pt><pt><x>800</x><y>601</y><time>18-05-21 21:45:14:986</time></pt><pt><x>790</x><y>600</y><time>18-05-21 21:45:15:297</time></pt><pt><x>767</x><y>593</y><time>18-05-21 21:45:15:879</time></pt><pt><x>741</x><y>589</y><time>18-05-21 21:45:16:664</time></pt><pt><x>713</x><y>587</y><time>18-05-21 21:45:17:075</time></pt><pt><x>696</x><y>582</y><time>18-05-21 21:45:17:438</time></pt><pt><x>669</x><y>575</y><time>18-05-21 21:45:17:839</time></pt><pt><x>661</x><y>572</y><time>18-05-21 21:45:18:173</time></pt><closed_date>18-05-21 21:45:18:667</closed_date></polygon></object><object><name>tooth</name><deleted>0</deleted><verified>0</verified><occluded>no</occluded><attributes>37</attributes><parts><hasparts>15</hasparts><ispartof /></parts><date>18-05-21 21:45:37:784</date><id>14</id><type>bounding_box</type><polygon><username>anonymous</username><pt><x>931</x><y>436</y><time>18-05-21 21:45:27:541</time></pt><pt><x>1211</x><y>436</y><time>18-05-21 21:45:31:301</time></pt><pt><x>1211</x><y>950</y><time>undefined</time></pt><pt><x>931</x><y>950</y><time>undefined</time></pt><closed_date>18-05-21 21:45:31:301</closed_date></polygon></object><object><name>restoration</name><deleted>0</deleted><verified>0</verified><occluded>no</occluded><attributes /><parts><hasparts /><ispartof>14</ispartof></parts><date>18-05-21 21:46:13:672</date><id>15</id><polygon><username>anonymous</username><pt><x>988</x><y>586</y><time>18-05-21 21:45:51:453</time></pt><pt><x>1011</x><y>575</y><time>18-05-21 21:45:53:007</time></pt><pt><x>1023</x><y>575</y><time>18-05-21 21:45:53:599</time></pt><pt><x>1042</x><y>586</y><time>18-05-21 21:45:54:119</time></pt><pt><x>1069</x><y>586</y><time>18-05-21 21:45:54:682</time></pt><pt><x>1093</x><y>580</y><time>18-05-21 21:45:55:214</time></pt><pt><x>1105</x><y>570</y><time>18-05-21 21:45:55:746</time></pt><pt><x>1110</x><y>558</y><time>18-05-21 21:45:56:287</time></pt><pt><x>1124</x><y>551</y><time>18-05-21 21:45:56:778</time></pt><pt><x>1138</x><y>561</y><time>18-05-21 21:45:57:313</time></pt><pt><x>1152</x><y>561</y><time>18-05-21 21:45:57:810</time></pt><pt><x>1170</x><y>551</y><time>18-05-21 21:45:58:377</time></pt><pt><x>1170</x><y>532</y><time>18-05-21 21:45:58:906</time></pt><pt><x>1170</x><y>497</y><time>18-05-21 21:45:59:465</time></pt><pt><x>1170</x><y>485</y><time>18-05-21 21:46:00:230</time></pt><pt><x>1152</x><y>485</y><time>18-05-21 21:46:00:835</time></pt><pt><x>1130</x><y>488</y><time>18-05-21 21:46:01:375</time></pt><pt><x>1117</x><y>497</y><time>18-05-21 21:46:02:264</time></pt><pt><x>1096</x><y>499</y><time>18-05-21 21:46:03:052</time></pt><pt><x>1063</x><y>497</y><time>18-05-21 21:46:03:594</time></pt><pt><x>1037</x><y>502</y><time>18-05-21 21:46:04:070</time></pt><pt><x>1025</x><y>509</y><time>18-05-21 21:46:04:809</time></pt><pt><x>1001</x><y>519</y><time>18-05-21 21:46:05:369</time></pt><pt><x>983</x><y>516</y><time>18-05-21 21:46:06:296</time></pt><pt><x>978</x><y>521</y><time>18-05-21 21:46:07:590</time></pt><pt><x>966</x><y>537</y><time>18-05-21 21:46:08:225</time></pt><pt><x>964</x><y>554</y><time>18-05-21 21:46:08:866</time></pt><pt><x>973</x><y>568</y><time>18-05-21 21:46:09:390</time></pt><closed_date>18-05-21 21:46:09:971</closed_date></polygon></object></annotation>