<?xml version='1.0' encoding='UTF-8'?>
<annotation><filename>imagem-029.jpg</filename><folder>segmentation_xray</folder><source><sourceImage>The MIT-CSAIL database of objects and scenes</sourceImage><sourceAnnotation>LabelMe Webtool</sourceAnnotation></source><object><name>tooth</name><deleted>0</deleted><verified>0</verified><occluded>no</occluded><attributes>23</attributes><parts><hasparts>1</hasparts><ispartof>14</ispartof></parts><date>14-05-21 16:24:52:696</date><id>0</id><type>bounding_box</type><polygon><username>anonymous</username><pt><x>1</x><y>1346</y><time>14-05-21 16:24:41:625</time></pt><pt><x>603</x><y>1346</y><time>14-05-21 16:24:47:620</time></pt><pt><x>603</x><y>36</y><time>undefined</time></pt><pt><x>1</x><y>36</y><time>undefined</time></pt><closed_date>14-05-21 16:24:47:620</closed_date></polygon></object><object><name>restoration</name><deleted>0</deleted><verified>0</verified><occluded>no</occluded><attributes /><parts><hasparts /><ispartof>0</ispartof></parts><date>14-05-21 16:25:27:048</date><id>1</id><polygon><username>anonymous</username><pt><x>52</x><y>1144</y><time>14-05-21 16:25:14:429</time></pt><pt><x>125</x><y>1050</y><time>14-05-21 16:25:15:201</time></pt><pt><x>125</x><y>972</y><time>14-05-21 16:25:15:753</time></pt><pt><x>114</x><y>915</y><time>14-05-21 16:25:16:379</time></pt><pt><x>78</x><y>889</y><time>14-05-21 16:25:17:296</time></pt><pt><x>10</x><y>899</y><time>14-05-21 16:25:18:077</time></pt><pt><x>5</x><y>951</y><time>14-05-21 16:25:19:555</time></pt><pt><x>0</x><y>1034</y><time>14-05-21 16:25:20:100</time></pt><pt><x>5</x><y>1092</y><time>14-05-21 16:25:20:660</time></pt><closed_date>14-05-21 16:25:21:369</closed_date></polygon></object><object><name>tooth</name><deleted>0</deleted><verified>0</verified><occluded>no</occluded><attributes>25</attributes><parts><hasparts /><ispartof /></parts><date>14-05-21 16:30:39:399</date><id>2</id><type>bounding_box</type><polygon><username>anonymous</username><pt><x>1388</x><y>26</y><time>14-05-21 16:30:24:811</time></pt><pt><x>546</x><y>26</y><time>14-05-21 16:30:34:277</time></pt><pt><x>546</x><y>1300</y><time>undefined</time></pt><pt><x>1388</x><y>1300</y><time>undefined</time></pt><closed_date>14-05-21 16:30:34:277</closed_date></polygon></object><object><name>tooth</name><deleted>0</deleted><verified>0</verified><occluded>no</occluded><attributes>26</attributes><parts><hasparts>4,5</hasparts><ispartof /></parts><date>14-05-21 16:30:57:211</date><id>3</id><type>bounding_box</type><polygon><username>anonymous</username><pt><x>2542</x><y>1388</y><time>14-05-21 16:30:48:179</time></pt><pt><x>1315</x><y>1388</y><time>14-05-21 16:30:51:274</time></pt><pt><x>1315</x><y>10</y><time>undefined</time></pt><pt><x>2542</x><y>10</y><time>undefined</time></pt><closed_date>14-05-21 16:30:51:275</closed_date></polygon></object><object><name>restoration</name><deleted>0</deleted><verified>0</verified><occluded>no</occluded><attributes /><parts><hasparts /><ispartof>3</ispartof></parts><date>14-05-21 16:31:36:078</date><id>4</id><polygon><username>anonymous</username><pt><x>1767</x><y>967</y><time>14-05-21 16:31:24:310</time></pt><pt><x>1757</x><y>1060</y><time>14-05-21 16:31:24:894</time></pt><pt><x>1767</x><y>1133</y><time>14-05-21 16:31:25:479</time></pt><pt><x>1799</x><y>1154</y><time>14-05-21 16:31:26:047</time></pt><pt><x>1908</x><y>1149</y><time>14-05-21 16:31:26:576</time></pt><pt><x>1939</x><y>1144</y><time>14-05-21 16:31:27:055</time></pt><pt><x>1981</x><y>1123</y><time>14-05-21 16:31:27:575</time></pt><pt><x>1991</x><y>1081</y><time>14-05-21 16:31:28:095</time></pt><pt><x>1991</x><y>1008</y><time>14-05-21 16:31:28:591</time></pt><pt><x>1996</x><y>946</y><time>14-05-21 16:31:29:163</time></pt><pt><x>1975</x><y>868</y><time>14-05-21 16:31:29:826</time></pt><pt><x>1918</x><y>863</y><time>14-05-21 16:31:30:289</time></pt><pt><x>1840</x><y>873</y><time>14-05-21 16:31:30:834</time></pt><closed_date>14-05-21 16:31:31:337</closed_date></polygon></object><object><name>restoration</name><deleted>0</deleted><verified>0</verified><occluded>no</occluded><attributes /><parts><hasparts /><ispartof>3</ispartof></parts><date>14-05-21 16:31:50:929</date><id>5</id><polygon><username>anonymous</username><pt><x>2126</x><y>1222</y><time>14-05-21 16:31:37:416</time></pt><pt><x>2235</x><y>1185</y><time>14-05-21 16:31:38:130</time></pt><pt><x>2282</x><y>1170</y><time>14-05-21 16:31:38:618</time></pt><pt><x>2376</x><y>1149</y><time>14-05-21 16:31:39:251</time></pt><pt><x>2407</x><y>1107</y><time>14-05-21 16:31:39:771</time></pt><pt><x>2391</x><y>1014</y><time>14-05-21 16:31:40:316</time></pt><pt><x>2391</x><y>946</y><time>14-05-21 16:31:40:852</time></pt><pt><x>2376</x><y>847</y><time>14-05-21 16:31:41:323</time></pt><pt><x>2313</x><y>764</y><time>14-05-21 16:31:41:983</time></pt><pt><x>2199</x><y>775</y><time>14-05-21 16:31:42:558</time></pt><pt><x>2085</x><y>842</y><time>14-05-21 16:31:43:079</time></pt><pt><x>2048</x><y>915</y><time>14-05-21 16:31:43:590</time></pt><pt><x>2048</x><y>988</y><time>14-05-21 16:31:44:053</time></pt><pt><x>2053</x><y>1034</y><time>14-05-21 16:31:44:630</time></pt><pt><x>2053</x><y>1092</y><time>14-05-21 16:31:45:223</time></pt><pt><x>2043</x><y>1133</y><time>14-05-21 16:31:45:751</time></pt><pt><x>2043</x><y>1170</y><time>14-05-21 16:31:46:369</time></pt><pt><x>2079</x><y>1190</y><time>14-05-21 16:31:46:880</time></pt><closed_date>14-05-21 16:31:47:726</closed_date></polygon></object><object><name>tooth</name><deleted>0</deleted><verified>0</verified><occluded>no</occluded><attributes>27</attributes><parts><hasparts>7</hasparts><ispartof /></parts><date>14-05-21 16:36:05:242</date><id>6</id><type>bounding_box</type><polygon><username>anonymous</username><pt><x>3556</x><y>16</y><time>14-05-21 16:35:49:142</time></pt><pt><x>2407</x><y>16</y><time>14-05-21 16:35:53:724</time></pt><pt><x>2407</x><y>1279</y><time>undefined</time></pt><pt><x>3556</x><y>1279</y><time>undefined</time></pt><closed_date>14-05-21 16:35:53:724</closed_date></polygon></object><object><name>restoration</name><deleted>0</deleted><verified>0</verified><occluded>no</occluded><attributes /><parts><hasparts /><ispartof>6</ispartof></parts><date>14-05-21 16:38:02:945</date><id>7</id><polygon><username>anonymous</username><pt><x>2838</x><y>842</y><time>14-05-21 16:37:47:421</time></pt><pt><x>2927</x><y>775</y><time>14-05-21 16:37:48:057</time></pt><pt><x>2968</x><y>743</y><time>14-05-21 16:37:48:529</time></pt><pt><x>2989</x><y>743</y><time>14-05-21 16:37:48:955</time></pt><pt><x>3109</x><y>780</y><time>14-05-21 16:37:49:703</time></pt><pt><x>3145</x><y>816</y><time>14-05-21 16:37:50:287</time></pt><pt><x>3161</x><y>873</y><time>14-05-21 16:37:50:815</time></pt><pt><x>3181</x><y>931</y><time>14-05-21 16:37:51:335</time></pt><pt><x>3187</x><y>951</y><time>14-05-21 16:37:51:847</time></pt><pt><x>3155</x><y>982</y><time>14-05-21 16:37:52:376</time></pt><pt><x>3072</x><y>1045</y><time>14-05-21 16:37:56:382</time></pt><pt><x>3031</x><y>1045</y><time>14-05-21 16:37:57:029</time></pt><pt><x>2942</x><y>1014</y><time>14-05-21 16:37:58:120</time></pt><pt><x>2890</x><y>1014</y><time>14-05-21 16:37:58:713</time></pt><pt><x>2838</x><y>993</y><time>14-05-21 16:37:59:307</time></pt><closed_date>14-05-21 16:38:00:111</closed_date></polygon></object><object><name>tooth</name><deleted>0</deleted><verified>0</verified><occluded>no</occluded><attributes>37</attributes><parts><hasparts>11</hasparts><ispartof /></parts><date>14-05-21 16:42:08:842</date><id>8</id><type>bounding_box</type><polygon><username>anonymous</username><pt><x>4081</x><y>1118</y><time>14-05-21 16:41:57:131</time></pt><pt><x>2833</x><y>1118</y><time>14-05-21 16:42:01:738</time></pt><pt><x>2833</x><y>3171</y><time>undefined</time></pt><pt><x>4081</x><y>3171</y><time>undefined</time></pt><closed_date>14-05-21 16:42:01:738</closed_date></polygon></object><object><name>restoration</name><deleted>1</deleted><verified>0</verified><occluded>no</occluded><attributes /><parts><hasparts /><ispartof /></parts><date>14-05-21 16:43:05:489</date><id>9</id><polygon><username>anonymous</username><pt><x>3618</x><y>1362</y><time>14-05-21 16:42:34:730</time></pt><pt><x>3686</x><y>1362</y><time>14-05-21 16:42:35:436</time></pt><pt><x>3722</x><y>1482</y><time>14-05-21 16:42:36:346</time></pt><pt><x>3738</x><y>1591</y><time>14-05-21 16:42:37:215</time></pt><pt><x>3712</x><y>1658</y><time>14-05-21 16:42:38:068</time></pt><pt><x>3618</x><y>1721</y><time>14-05-21 16:42:38:864</time></pt><pt><x>3576</x><y>1721</y><time>14-05-21 16:42:39:636</time></pt><pt><x>3566</x><y>1721</y><time>14-05-21 16:42:40:270</time></pt><pt><x>3540</x><y>1762</y><time>14-05-21 16:42:40:814</time></pt><pt><x>3488</x><y>1788</y><time>14-05-21 16:42:41:729</time></pt><pt><x>3426</x><y>1788</y><time>14-05-21 16:42:42:521</time></pt><pt><x>3410</x><y>1783</y><time>14-05-21 16:42:43:252</time></pt><pt><x>3348</x><y>1814</y><time>14-05-21 16:42:43:911</time></pt><pt><x>3249</x><y>1814</y><time>14-05-21 16:42:44:714</time></pt><pt><x>3207</x><y>1804</y><time>14-05-21 16:42:45:316</time></pt><pt><x>3155</x><y>1747</y><time>14-05-21 16:42:46:014</time></pt><pt><x>3088</x><y>1731</y><time>14-05-21 16:42:46:657</time></pt><pt><x>3072</x><y>1663</y><time>14-05-21 16:42:47:258</time></pt><pt><x>3119</x><y>1560</y><time>14-05-21 16:42:48:079</time></pt><pt><x>3171</x><y>1508</y><time>14-05-21 16:42:48:859</time></pt><pt><x>3207</x><y>1502</y><time>14-05-21 16:42:49:394</time></pt><pt><x>3280</x><y>1502</y><time>14-05-21 16:42:49:964</time></pt><pt><x>3348</x><y>1502</y><time>14-05-21 16:42:50:654</time></pt><pt><x>3353</x><y>1461</y><time>14-05-21 16:42:57:155</time></pt><pt><x>3322</x><y>1424</y><time>14-05-21 16:42:58:008</time></pt><pt><x>3296</x><y>1367</y><time>14-05-21 16:42:58:960</time></pt><pt><x>3343</x><y>1367</y><time>14-05-21 16:42:59:577</time></pt><pt><x>3457</x><y>1341</y><time>14-05-21 16:43:00:293</time></pt><pt><x>3514</x><y>1341</y><time>14-05-21 16:43:00:959</time></pt><pt><x>3566</x><y>1372</y><time>14-05-21 16:43:01:584</time></pt><closed_date>14-05-21 16:43:02:052</closed_date></polygon></object><object><name>tooth</name><deleted>0</deleted><verified>0</verified><occluded>no</occluded><attributes>36</attributes><parts><hasparts>12</hasparts><ispartof /></parts><date>14-05-21 16:43:36:963</date><id>10</id><type>bounding_box</type><polygon><username>anonymous</username><pt><x>1627</x><y>1456</y><time>14-05-21 16:43:26:868</time></pt><pt><x>3187</x><y>1456</y><time>14-05-21 16:43:31:132</time></pt><pt><x>3187</x><y>3161</y><time>undefined</time></pt><pt><x>1627</x><y>3161</y><time>undefined</time></pt><closed_date>14-05-21 16:43:31:133</closed_date></polygon></object><object><name>restoration</name><deleted>0</deleted><verified>0</verified><occluded>no</occluded><attributes /><parts><hasparts /><ispartof>8</ispartof></parts><date>14-05-21 16:44:52:654</date><id>11</id><polygon><username>anonymous</username><pt><x>3306</x><y>1513</y><time>14-05-21 16:44:31:344</time></pt><pt><x>3374</x><y>1502</y><time>14-05-21 16:44:31:958</time></pt><pt><x>3327</x><y>1450</y><time>14-05-21 16:44:32:511</time></pt><pt><x>3322</x><y>1398</y><time>14-05-21 16:44:33:075</time></pt><pt><x>3343</x><y>1357</y><time>14-05-21 16:44:33:770</time></pt><pt><x>3488</x><y>1341</y><time>14-05-21 16:44:34:444</time></pt><pt><x>3561</x><y>1367</y><time>14-05-21 16:44:35:086</time></pt><pt><x>3597</x><y>1367</y><time>14-05-21 16:44:35:595</time></pt><pt><x>3706</x><y>1367</y><time>14-05-21 16:44:36:391</time></pt><pt><x>3738</x><y>1471</y><time>14-05-21 16:44:37:069</time></pt><pt><x>3743</x><y>1586</y><time>14-05-21 16:44:37:744</time></pt><pt><x>3732</x><y>1648</y><time>14-05-21 16:44:38:475</time></pt><pt><x>3649</x><y>1721</y><time>14-05-21 16:44:39:092</time></pt><pt><x>3597</x><y>1736</y><time>14-05-21 16:44:39:669</time></pt><pt><x>3576</x><y>1721</y><time>14-05-21 16:44:40:154</time></pt><pt><x>3535</x><y>1747</y><time>14-05-21 16:44:40:693</time></pt><pt><x>3498</x><y>1793</y><time>14-05-21 16:44:41:319</time></pt><pt><x>3436</x><y>1809</y><time>14-05-21 16:44:41:855</time></pt><pt><x>3395</x><y>1783</y><time>14-05-21 16:44:42:464</time></pt><pt><x>3327</x><y>1819</y><time>14-05-21 16:44:43:202</time></pt><pt><x>3244</x><y>1819</y><time>14-05-21 16:44:43:813</time></pt><pt><x>3155</x><y>1752</y><time>14-05-21 16:44:44:496</time></pt><pt><x>3093</x><y>1684</y><time>14-05-21 16:44:45:260</time></pt><pt><x>3067</x><y>1606</y><time>14-05-21 16:44:46:024</time></pt><pt><x>3088</x><y>1560</y><time>14-05-21 16:44:46:528</time></pt><pt><x>3166</x><y>1502</y><time>14-05-21 16:44:47:178</time></pt><pt><x>3244</x><y>1508</y><time>14-05-21 16:44:47:625</time></pt><pt><x>3259</x><y>1508</y><time>14-05-21 16:44:48:116</time></pt><closed_date>14-05-21 16:44:48:803</closed_date></polygon></object><object><name>restoration</name><deleted>0</deleted><verified>0</verified><occluded>no</occluded><attributes /><parts><hasparts /><ispartof>10</ispartof></parts><date>14-05-21 16:45:25:787</date><id>12</id><polygon><username>anonymous</username><pt><x>2168</x><y>1830</y><time>14-05-21 16:44:58:750</time></pt><pt><x>2256</x><y>1752</y><time>14-05-21 16:44:59:513</time></pt><pt><x>2298</x><y>1736</y><time>14-05-21 16:45:06:931</time></pt><pt><x>2360</x><y>1762</y><time>14-05-21 16:45:07:777</time></pt><pt><x>2360</x><y>1799</y><time>14-05-21 16:45:08:434</time></pt><pt><x>2459</x><y>1799</y><time>14-05-21 16:45:09:003</time></pt><pt><x>2615</x><y>1762</y><time>14-05-21 16:45:09:881</time></pt><pt><x>2677</x><y>1825</y><time>14-05-21 16:45:10:555</time></pt><pt><x>2672</x><y>1871</y><time>14-05-21 16:45:11:307</time></pt><pt><x>2568</x><y>1944</y><time>14-05-21 16:45:12:026</time></pt><pt><x>2490</x><y>1944</y><time>14-05-21 16:45:12:619</time></pt><pt><x>2407</x><y>1981</y><time>14-05-21 16:45:13:172</time></pt><pt><x>2407</x><y>2079</y><time>14-05-21 16:45:13:904</time></pt><pt><x>2339</x><y>2090</y><time>14-05-21 16:45:14:586</time></pt><pt><x>2235</x><y>2027</y><time>14-05-21 16:45:15:284</time></pt><pt><x>2163</x><y>2027</y><time>14-05-21 16:45:15:813</time></pt><pt><x>2074</x><y>1991</y><time>14-05-21 16:45:16:505</time></pt><pt><x>2038</x><y>2048</y><time>14-05-21 16:45:17:285</time></pt><pt><x>1975</x><y>2090</y><time>14-05-21 16:45:18:061</time></pt><pt><x>1882</x><y>2085</y><time>14-05-21 16:45:18:756</time></pt><pt><x>1845</x><y>2022</y><time>14-05-21 16:45:19:528</time></pt><pt><x>1934</x><y>1934</y><time>14-05-21 16:45:20:169</time></pt><pt><x>1981</x><y>1871</y><time>14-05-21 16:45:20:730</time></pt><pt><x>2012</x><y>1861</y><time>14-05-21 16:45:21:193</time></pt><closed_date>14-05-21 16:45:22:149</closed_date></polygon></object><object><name>tooth</name><deleted>0</deleted><verified>0</verified><occluded>no</occluded><attributes>35</attributes><parts><hasparts /><ispartof /></parts><date>14-05-21 16:46:09:613</date><id>13</id><type>bounding_box</type><polygon><username>anonymous</username><pt><x>806</x><y>1534</y><time>14-05-21 16:45:57:399</time></pt><pt><x>1653</x><y>1534</y><time>14-05-21 16:46:03:064</time></pt><pt><x>1653</x><y>3155</y><time>undefined</time></pt><pt><x>806</x><y>3155</y><time>undefined</time></pt><closed_date>14-05-21 16:46:03:064</closed_date></polygon></object><object><name>tooth</name><deleted>0</deleted><verified>0</verified><occluded>no</occluded><attributes>34</attributes><parts><hasparts /><ispartof /></parts><date>14-05-21 16:46:43:327</date><id>14</id><type>bounding_box</type><polygon><username>anonymous</username><pt><x>21</x><y>1611</y><time>14-05-21 16:46:34:363</time></pt><pt><x>795</x><y>1611</y><time>14-05-21 16:46:38:041</time></pt><pt><x>795</x><y>3161</y><time>undefined</time></pt><pt><x>21</x><y>3161</y><time>undefined</time></pt><closed_date>14-05-21 16:46:38:042</closed_date></polygon></object><imagesize><nrows /><ncols /></imagesize></annotation>