<?xml version='1.0' encoding='UTF-8'?>
<annotation><filename>imagem-044.jpg</filename><folder>segmentation_xray</folder><source><sourceImage>The MIT-CSAIL database of objects and scenes</sourceImage><sourceAnnotation>LabelMe Webtool</sourceAnnotation></source><object><name>tooth</name><deleted>0</deleted><verified>0</verified><occluded>no</occluded><attributes>27</attributes><parts><hasparts>5</hasparts><ispartof /></parts><date>14-05-21 10:42:39:449</date><id>0</id><type>bounding_box</type><polygon><username>anonymous</username><pt><x>884</x><y>411</y><time>14-05-21 10:42:25:724</time></pt><pt><x>1196</x><y>411</y><time>14-05-21 10:42:33:999</time></pt><pt><x>1196</x><y>3</y><time>undefined</time></pt><pt><x>884</x><y>3</y><time>undefined</time></pt><closed_date>14-05-21 10:42:34:001</closed_date></polygon></object><object><name>tooth</name><deleted>0</deleted><verified>0</verified><occluded>no</occluded><attributes>26</attributes><parts><hasparts>2,3,4</hasparts><ispartof /></parts><date>14-05-21 10:43:32:154</date><id>1</id><type>bounding_box</type><polygon><username>anonymous</username><pt><x>565</x><y>438</y><time>14-05-21 10:43:16:470</time></pt><pt><x>889</x><y>438</y><time>14-05-21 10:43:27:522</time></pt><pt><x>889</x><y>3</y><time>undefined</time></pt><pt><x>565</x><y>3</y><time>undefined</time></pt><closed_date>14-05-21 10:43:27:522</closed_date></polygon></object><object><name>restoration</name><deleted>1</deleted><verified>0</verified><occluded>no</occluded><attributes /><parts><hasparts /><ispartof>1</ispartof></parts><date>14-05-21 10:45:02:205</date><id>2</id><polygon><username>anonymous</username><pt><x>1001</x><y>441</y><time>14-05-21 10:44:24:266</time></pt><pt><x>1022</x><y>427</y><time>14-05-21 10:44:36:062</time></pt><pt><x>1035</x><y>420</y><time>14-05-21 10:44:36:750</time></pt><pt><x>1053</x><y>415</y><time>14-05-21 10:44:37:309</time></pt><pt><x>1068</x><y>412</y><time>14-05-21 10:44:37:967</time></pt><pt><x>1089</x><y>410</y><time>14-05-21 10:44:38:423</time></pt><pt><x>1095</x><y>411</y><time>14-05-21 10:44:38:689</time></pt><pt><x>1096</x><y>411</y><time>14-05-21 10:44:38:951</time></pt><pt><x>1096</x><y>420</y><time>14-05-21 10:44:39:216</time></pt><pt><x>1098</x><y>413</y><time>14-05-21 10:44:39:935</time></pt><pt><x>1091</x><y>404</y><time>14-05-21 10:44:40:261</time></pt><pt><x>1105</x><y>399</y><time>14-05-21 10:44:40:498</time></pt><pt><x>1114</x><y>398</y><time>14-05-21 10:44:40:711</time></pt><pt><x>1112</x><y>403</y><time>14-05-21 10:44:40:894</time></pt><pt><x>1124</x><y>396</y><time>14-05-21 10:44:41:094</time></pt><pt><x>1128</x><y>396</y><time>14-05-21 10:44:41:310</time></pt><pt><x>1135</x><y>394</y><time>14-05-21 10:44:41:519</time></pt><pt><x>1138</x><y>394</y><time>14-05-21 10:44:41:705</time></pt><pt><x>1150</x><y>405</y><time>14-05-21 10:44:42:246</time></pt><pt><x>1154</x><y>420</y><time>14-05-21 10:44:42:648</time></pt><pt><x>1163</x><y>439</y><time>14-05-21 10:44:43:192</time></pt><pt><x>1161</x><y>445</y><time>14-05-21 10:44:43:701</time></pt><pt><x>1161</x><y>467</y><time>14-05-21 10:44:44:365</time></pt><pt><x>1149</x><y>479</y><time>14-05-21 10:44:44:992</time></pt><pt><x>1130</x><y>492</y><time>14-05-21 10:44:45:660</time></pt><pt><x>1114</x><y>492</y><time>14-05-21 10:44:46:231</time></pt><pt><x>1100</x><y>492</y><time>14-05-21 10:44:46:635</time></pt><pt><x>1088</x><y>488</y><time>14-05-21 10:44:47:111</time></pt><pt><x>1081</x><y>479</y><time>14-05-21 10:44:47:551</time></pt><pt><x>1084</x><y>480</y><time>14-05-21 10:44:47:838</time></pt><pt><x>1067</x><y>467</y><time>14-05-21 10:44:48:078</time></pt><pt><x>1063</x><y>467</y><time>14-05-21 10:44:48:277</time></pt><pt><x>1060</x><y>467</y><time>14-05-21 10:44:48:495</time></pt><pt><x>1048</x><y>464</y><time>14-05-21 10:44:48:694</time></pt><pt><x>1034</x><y>464</y><time>14-05-21 10:44:48:919</time></pt><pt><x>1023</x><y>464</y><time>14-05-21 10:44:49:135</time></pt><pt><x>1009</x><y>453</y><time>14-05-21 10:44:49:519</time></pt><pt><x>1009</x><y>453</y><time>14-05-21 10:44:49:698</time></pt><closed_date>14-05-21 10:44:57:855</closed_date></polygon></object><object><name>restoration</name><deleted>0</deleted><verified>0</verified><occluded>no</occluded><attributes /><parts><hasparts /><ispartof>1</ispartof></parts><date>14-05-21 10:46:17:168</date><id>3</id><polygon><username>anonymous</username><pt><x>767</x><y>314</y><time>14-05-21 10:46:05:117</time></pt><pt><x>790</x><y>302</y><time>14-05-21 10:46:05:924</time></pt><pt><x>814</x><y>302</y><time>14-05-21 10:46:06:389</time></pt><pt><x>823</x><y>310</y><time>14-05-21 10:46:06:745</time></pt><pt><x>831</x><y>321</y><time>14-05-21 10:46:06:986</time></pt><pt><x>840</x><y>350</y><time>14-05-21 10:46:07:646</time></pt><pt><x>840</x><y>371</y><time>14-05-21 10:46:07:991</time></pt><pt><x>840</x><y>375</y><time>14-05-21 10:46:08:230</time></pt><pt><x>828</x><y>385</y><time>14-05-21 10:46:08:437</time></pt><pt><x>819</x><y>390</y><time>14-05-21 10:46:08:662</time></pt><pt><x>812</x><y>396</y><time>14-05-21 10:46:08:862</time></pt><pt><x>798</x><y>397</y><time>14-05-21 10:46:09:091</time></pt><pt><x>791</x><y>399</y><time>14-05-21 10:46:09:318</time></pt><pt><x>777</x><y>396</y><time>14-05-21 10:46:09:533</time></pt><pt><x>769</x><y>394</y><time>14-05-21 10:46:09:750</time></pt><pt><x>763</x><y>389</y><time>14-05-21 10:46:09:957</time></pt><pt><x>762</x><y>389</y><time>14-05-21 10:46:10:178</time></pt><pt><x>760</x><y>383</y><time>14-05-21 10:46:10:372</time></pt><pt><x>760</x><y>378</y><time>14-05-21 10:46:10:566</time></pt><pt><x>758</x><y>371</y><time>14-05-21 10:46:10:787</time></pt><pt><x>758</x><y>366</y><time>14-05-21 10:46:10:994</time></pt><pt><x>758</x><y>356</y><time>14-05-21 10:46:11:198</time></pt><pt><x>758</x><y>352</y><time>14-05-21 10:46:11:436</time></pt><pt><x>758</x><y>350</y><time>14-05-21 10:46:11:686</time></pt><pt><x>763</x><y>343</y><time>14-05-21 10:46:11:830</time></pt><pt><x>763</x><y>343</y><time>14-05-21 10:46:12:026</time></pt><pt><x>769</x><y>335</y><time>14-05-21 10:46:12:262</time></pt><pt><x>769</x><y>331</y><time>14-05-21 10:46:12:503</time></pt><closed_date>14-05-21 10:46:12:894</closed_date></polygon></object><object><name>restoration</name><deleted>0</deleted><verified>0</verified><occluded>no</occluded><attributes /><parts><hasparts /><ispartof>1</ispartof></parts><date>14-05-21 10:46:34:984</date><id>4</id><polygon><username>anonymous</username><pt><x>690</x><y>338</y><time>14-05-21 10:46:20:673</time></pt><pt><x>713</x><y>324</y><time>14-05-21 10:46:21:380</time></pt><pt><x>736</x><y>322</y><time>14-05-21 10:46:22:046</time></pt><pt><x>748</x><y>328</y><time>14-05-21 10:46:25:468</time></pt><pt><x>769</x><y>333</y><time>14-05-21 10:46:25:979</time></pt><pt><x>781</x><y>335</y><time>14-05-21 10:46:26:303</time></pt><pt><x>781</x><y>352</y><time>14-05-21 10:46:26:568</time></pt><pt><x>781</x><y>361</y><time>14-05-21 10:46:26:786</time></pt><pt><x>781</x><y>368</y><time>14-05-21 10:46:27:046</time></pt><pt><x>783</x><y>375</y><time>14-05-21 10:46:27:265</time></pt><pt><x>783</x><y>383</y><time>14-05-21 10:46:27:508</time></pt><pt><x>779</x><y>387</y><time>14-05-21 10:46:27:792</time></pt><pt><x>763</x><y>389</y><time>14-05-21 10:46:28:063</time></pt><pt><x>746</x><y>394</y><time>14-05-21 10:46:28:303</time></pt><pt><x>732</x><y>399</y><time>14-05-21 10:46:28:534</time></pt><pt><x>709</x><y>396</y><time>14-05-21 10:46:29:081</time></pt><pt><x>697</x><y>387</y><time>14-05-21 10:46:29:438</time></pt><pt><x>690</x><y>380</y><time>14-05-21 10:46:29:743</time></pt><pt><x>690</x><y>377</y><time>14-05-21 10:46:30:000</time></pt><pt><x>690</x><y>366</y><time>14-05-21 10:46:30:278</time></pt><pt><x>690</x><y>359</y><time>14-05-21 10:46:30:579</time></pt><closed_date>14-05-21 10:46:30:870</closed_date></polygon></object><object><name>restoration</name><deleted>0</deleted><verified>0</verified><occluded>no</occluded><attributes /><parts><hasparts /><ispartof>0</ispartof></parts><date>14-05-21 10:47:11:893</date><id>5</id><polygon><username>anonymous</username><pt><x>1062</x><y>295</y><time>14-05-21 10:46:48:984</time></pt><pt><x>1081</x><y>272</y><time>14-05-21 10:46:50:782</time></pt><pt><x>1098</x><y>261</y><time>14-05-21 10:46:51:319</time></pt><pt><x>1110</x><y>251</y><time>14-05-21 10:46:51:746</time></pt><pt><x>1137</x><y>251</y><time>14-05-21 10:46:52:198</time></pt><pt><x>1149</x><y>258</y><time>14-05-21 10:46:56:223</time></pt><pt><x>1150</x><y>275</y><time>14-05-21 10:46:56:726</time></pt><pt><x>1150</x><y>300</y><time>14-05-21 10:46:57:086</time></pt><pt><x>1143</x><y>302</y><time>14-05-21 10:47:02:102</time></pt><pt><x>1135</x><y>321</y><time>14-05-21 10:47:03:296</time></pt><pt><x>1126</x><y>331</y><time>14-05-21 10:47:03:944</time></pt><pt><x>1110</x><y>345</y><time>14-05-21 10:47:04:390</time></pt><pt><x>1096</x><y>347</y><time>14-05-21 10:47:05:472</time></pt><pt><x>1096</x><y>329</y><time>14-05-21 10:47:05:958</time></pt><pt><x>1082</x><y>321</y><time>14-05-21 10:47:06:589</time></pt><pt><x>1074</x><y>317</y><time>14-05-21 10:47:06:983</time></pt><pt><x>1065</x><y>314</y><time>14-05-21 10:47:07:292</time></pt><closed_date>14-05-21 10:47:07:880</closed_date></polygon></object><object><name>tooth</name><deleted>0</deleted><verified>0</verified><occluded>no</occluded><attributes>25</attributes><parts><hasparts /><ispartof /></parts><date>14-05-21 10:47:35:007</date><id>6</id><type>bounding_box</type><polygon><username>anonymous</username><pt><x>331</x><y>2</y><time>14-05-21 10:47:22:577</time></pt><pt><x>575</x><y>2</y><time>14-05-21 10:47:26:530</time></pt><pt><x>575</x><y>424</y><time>undefined</time></pt><pt><x>331</x><y>424</y><time>undefined</time></pt><closed_date>14-05-21 10:47:26:530</closed_date></polygon></object><object><name>tooth</name><deleted>0</deleted><verified>0</verified><occluded>no</occluded><attributes>24</attributes><parts><hasparts /><ispartof /></parts><date>14-05-21 10:48:06:830</date><id>7</id><type>bounding_box</type><polygon><username>anonymous</username><pt><x>94</x><y>2</y><time>14-05-21 10:47:54:241</time></pt><pt><x>336</x><y>2</y><time>14-05-21 10:48:00:879</time></pt><pt><x>336</x><y>422</y><time>undefined</time></pt><pt><x>94</x><y>422</y><time>undefined</time></pt><closed_date>14-05-21 10:48:00:879</closed_date></polygon></object><object><name>tooth</name><deleted>0</deleted><verified>0</verified><occluded>no</occluded><attributes>23</attributes><parts><hasparts /><ispartof /></parts><date>14-05-21 10:48:33:713</date><id>8</id><type>bounding_box</type><polygon><username>anonymous</username><pt><x>3</x><y>417</y><time>14-05-21 10:48:25:664</time></pt><pt><x>112</x><y>417</y><time>14-05-21 10:48:28:242</time></pt><pt><x>112</x><y>1</y><time>undefined</time></pt><pt><x>3</x><y>1</y><time>undefined</time></pt><closed_date>14-05-21 10:48:28:243</closed_date></polygon></object><object><name>tooth</name><deleted>0</deleted><verified>0</verified><occluded>no</occluded><attributes>37</attributes><parts><hasparts>10</hasparts><ispartof /></parts><date>14-05-21 10:49:33:125</date><id>9</id><type>bounding_box</type><polygon><username>anonymous</username><pt><x>704</x><y>486</y><time>14-05-21 10:49:14:553</time></pt><pt><x>1093</x><y>486</y><time>14-05-21 10:49:26:760</time></pt><pt><x>1093</x><y>948</y><time>undefined</time></pt><pt><x>704</x><y>948</y><time>undefined</time></pt><closed_date>14-05-21 10:49:26:760</closed_date></polygon></object><object><name>restoration</name><deleted>0</deleted><verified>0</verified><occluded>no</occluded><attributes /><parts><hasparts /><ispartof>9</ispartof></parts><date>14-05-21 10:50:28:397</date><id>10</id><polygon><username>anonymous</username><pt><x>774</x><y>596</y><time>14-05-21 10:49:59:744</time></pt><pt><x>786</x><y>622</y><time>14-05-21 10:50:00:960</time></pt><pt><x>797</x><y>634</y><time>14-05-21 10:50:01:494</time></pt><pt><x>816</x><y>643</y><time>14-05-21 10:50:01:880</time></pt><pt><x>823</x><y>655</y><time>14-05-21 10:50:02:449</time></pt><pt><x>826</x><y>671</y><time>14-05-21 10:50:02:953</time></pt><pt><x>838</x><y>671</y><time>14-05-21 10:50:03:584</time></pt><pt><x>861</x><y>669</y><time>14-05-21 10:50:04:023</time></pt><pt><x>872</x><y>668</y><time>14-05-21 10:50:04:423</time></pt><pt><x>892</x><y>662</y><time>14-05-21 10:50:04:936</time></pt><pt><x>912</x><y>657</y><time>14-05-21 10:50:05:402</time></pt><pt><x>913</x><y>647</y><time>14-05-21 10:50:05:951</time></pt><pt><x>913</x><y>628</y><time>14-05-21 10:50:06:415</time></pt><pt><x>910</x><y>619</y><time>14-05-21 10:50:06:773</time></pt><pt><x>901</x><y>612</y><time>14-05-21 10:50:07:224</time></pt><pt><x>905</x><y>603</y><time>14-05-21 10:50:07:654</time></pt><pt><x>913</x><y>593</y><time>14-05-21 10:50:07:903</time></pt><pt><x>913</x><y>575</y><time>14-05-21 10:50:08:567</time></pt><pt><x>908</x><y>568</y><time>14-05-21 10:50:09:070</time></pt><pt><x>898</x><y>568</y><time>14-05-21 10:50:09:422</time></pt><pt><x>892</x><y>568</y><time>14-05-21 10:50:09:777</time></pt><pt><x>872</x><y>575</y><time>14-05-21 10:50:10:079</time></pt><pt><x>866</x><y>577</y><time>14-05-21 10:50:10:772</time></pt><pt><x>856</x><y>575</y><time>14-05-21 10:50:21:288</time></pt><pt><x>831</x><y>575</y><time>14-05-21 10:50:22:038</time></pt><pt><x>809</x><y>575</y><time>14-05-21 10:50:22:682</time></pt><pt><x>788</x><y>579</y><time>14-05-21 10:50:23:400</time></pt><closed_date>14-05-21 10:50:24:485</closed_date></polygon></object><object><name>tooth</name><deleted>0</deleted><verified>0</verified><occluded>no</occluded><attributes>36</attributes><parts><hasparts>12</hasparts><ispartof /></parts><date>14-05-21 10:50:57:512</date><id>11</id><type>bounding_box</type><polygon><username>anonymous</username><pt><x>371</x><y>535</y><time>14-05-21 10:50:37:179</time></pt><pt><x>725</x><y>535</y><time>14-05-21 10:50:51:341</time></pt><pt><x>725</x><y>948</y><time>undefined</time></pt><pt><x>371</x><y>948</y><time>undefined</time></pt><closed_date>14-05-21 10:50:51:341</closed_date></polygon></object><object><name>restoration</name><deleted>0</deleted><verified>0</verified><occluded>no</occluded><attributes /><parts><hasparts /><ispartof>11</ispartof></parts><date>14-05-21 10:51:53:481</date><id>12</id><polygon><username>anonymous</username><pt><x>511</x><y>626</y><time>14-05-21 10:51:37:800</time></pt><pt><x>512</x><y>648</y><time>14-05-21 10:51:38:765</time></pt><pt><x>523</x><y>650</y><time>14-05-21 10:51:40:667</time></pt><pt><x>535</x><y>650</y><time>14-05-21 10:51:41:262</time></pt><pt><x>544</x><y>650</y><time>14-05-21 10:51:41:558</time></pt><pt><x>547</x><y>650</y><time>14-05-21 10:51:41:860</time></pt><pt><x>549</x><y>640</y><time>14-05-21 10:51:42:248</time></pt><pt><x>554</x><y>634</y><time>14-05-21 10:51:42:685</time></pt><pt><x>558</x><y>628</y><time>14-05-21 10:51:43:032</time></pt><pt><x>560</x><y>617</y><time>14-05-21 10:51:43:317</time></pt><pt><x>567</x><y>612</y><time>14-05-21 10:51:43:628</time></pt><pt><x>568</x><y>612</y><time>14-05-21 10:51:43:839</time></pt><pt><x>570</x><y>608</y><time>14-05-21 10:51:44:083</time></pt><pt><x>572</x><y>607</y><time>14-05-21 10:51:44:310</time></pt><pt><x>572</x><y>596</y><time>14-05-21 10:51:44:543</time></pt><pt><x>572</x><y>586</y><time>14-05-21 10:51:44:780</time></pt><pt><x>567</x><y>586</y><time>14-05-21 10:51:45:024</time></pt><pt><x>553</x><y>586</y><time>14-05-21 10:51:45:287</time></pt><pt><x>549</x><y>586</y><time>14-05-21 10:51:45:471</time></pt><pt><x>547</x><y>586</y><time>14-05-21 10:51:45:725</time></pt><pt><x>539</x><y>587</y><time>14-05-21 10:51:45:918</time></pt><pt><x>532</x><y>587</y><time>14-05-21 10:51:46:136</time></pt><pt><x>526</x><y>587</y><time>14-05-21 10:51:46:359</time></pt><pt><x>518</x><y>593</y><time>14-05-21 10:51:46:623</time></pt><pt><x>511</x><y>598</y><time>14-05-21 10:51:46:870</time></pt><pt><x>511</x><y>605</y><time>14-05-21 10:51:47:084</time></pt><closed_date>14-05-21 10:51:47:265</closed_date></polygon></object><object><name>tooth</name><deleted>0</deleted><verified>0</verified><occluded>no</occluded><attributes>35</attributes><parts><hasparts /><ispartof /></parts><date>14-05-21 10:52:17:509</date><id>13</id><type>bounding_box</type><polygon><username>anonymous</username><pt><x>127</x><y>528</y><time>14-05-21 10:52:03:782</time></pt><pt><x>378</x><y>528</y><time>14-05-21 10:52:11:762</time></pt><pt><x>378</x><y>948</y><time>undefined</time></pt><pt><x>127</x><y>948</y><time>undefined</time></pt><closed_date>14-05-21 10:52:11:762</closed_date></polygon></object><object><name>tooth</name><deleted>0</deleted><verified>0</verified><occluded>no</occluded><attributes>34</attributes><parts><hasparts /><ispartof /></parts><date>14-05-21 10:53:02:841</date><id>14</id><type>bounding_box</type><polygon><username>anonymous</username><pt><x>1</x><y>525</y><time>14-05-21 10:52:52:880</time></pt><pt><x>134</x><y>525</y><time>14-05-21 10:52:56:661</time></pt><pt><x>134</x><y>948</y><time>undefined</time></pt><pt><x>1</x><y>948</y><time>undefined</time></pt><closed_date>14-05-21 10:52:56:662</closed_date></polygon></object><imagesize><nrows /><ncols /></imagesize></annotation>