<?xml version='1.0' encoding='UTF-8'?>
<annotation><filename>imagem-054.jpg</filename><folder>segmentation_xray</folder><source><sourceImage>The MIT-CSAIL database of objects and scenes</sourceImage><sourceAnnotation>LabelMe Webtool</sourceAnnotation></source><object><name>tooth</name><deleted>0</deleted><verified>0</verified><occluded>no</occluded><attributes>16</attributes><parts><hasparts /><ispartof /></parts><date>11-05-21 14:24:38:743</date><id>0</id><type>bounding_box</type><polygon><username>anonymous</username><pt><x>198</x><y>1</y><time>11-05-21 14:24:23:154</time></pt><pt><x>525</x><y>1</y><time>11-05-21 14:24:28:045</time></pt><pt><x>525</x><y>422</y><time>undefined</time></pt><pt><x>198</x><y>422</y><time>undefined</time></pt><closed_date>11-05-21 14:24:28:045</closed_date></polygon></object><object><name>tooth</name><deleted>0</deleted><verified>0</verified><occluded>no</occluded><attributes>17</attributes><parts><hasparts /><ispartof /></parts><date>11-05-21 14:26:32:735</date><id>1</id><type>bounding_box</type><polygon><username>anonymous</username><pt><x>237</x><y>416</y><time>11-05-21 14:26:16:969</time></pt><pt><x>5</x><y>416</y><time>11-05-21 14:26:25:757</time></pt><pt><x>5</x><y>5</y><time>undefined</time></pt><pt><x>237</x><y>5</y><time>undefined</time></pt><closed_date>11-05-21 14:26:25:757</closed_date></polygon></object><object><name>tooth</name><deleted>0</deleted><verified>0</verified><occluded>no</occluded><attributes>46</attributes><parts><hasparts>4,5</hasparts><ispartof /></parts><date>11-05-21 14:28:42:351</date><id>2</id><type>bounding_box</type><polygon><username>anonymous</username><pt><x>305</x><y>430</y><time>11-05-21 14:28:25:826</time></pt><pt><x>663</x><y>430</y><time>11-05-21 14:28:32:735</time></pt><pt><x>663</x><y>945</y><time>undefined</time></pt><pt><x>305</x><y>945</y><time>undefined</time></pt><closed_date>11-05-21 14:28:32:736</closed_date></polygon></object><object><name>restoration</name><deleted>1</deleted><verified>0</verified><occluded>no</occluded><attributes /><parts><hasparts /><ispartof /></parts><date>11-05-21 14:31:14:637</date><id>3</id><polygon><username>anonymous</username><pt><x>385</x><y>501</y><time>11-05-21 14:29:17:617</time></pt><pt><x>388</x><y>531</y><time>11-05-21 14:29:18:486</time></pt><pt><x>406</x><y>544</y><time>11-05-21 14:29:19:104</time></pt><pt><x>420</x><y>561</y><time>11-05-21 14:29:20:022</time></pt><pt><x>438</x><y>562</y><time>11-05-21 14:29:20:567</time></pt><pt><x>461</x><y>562</y><time>11-05-21 14:29:21:177</time></pt><pt><x>470</x><y>564</y><time>11-05-21 14:29:21:949</time></pt><pt><x>470</x><y>593</y><time>11-05-21 14:29:22:624</time></pt><pt><x>475</x><y>609</y><time>11-05-21 14:29:23:461</time></pt><pt><x>492</x><y>609</y><time>11-05-21 14:29:23:997</time></pt><pt><x>526</x><y>604</y><time>11-05-21 14:29:24:631</time></pt><pt><x>539</x><y>592</y><time>11-05-21 14:29:25:249</time></pt><pt><x>547</x><y>576</y><time>11-05-21 14:29:25:793</time></pt><pt><x>556</x><y>542</y><time>11-05-21 14:29:26:330</time></pt><pt><x>556</x><y>528</y><time>11-05-21 14:29:26:846</time></pt><pt><x>551</x><y>522</y><time>11-05-21 14:29:27:695</time></pt><pt><x>551</x><y>520</y><time>11-05-21 14:29:28:395</time></pt><pt><x>547</x><y>520</y><time>11-05-21 14:29:29:020</time></pt><pt><x>547</x><y>520</y><time>11-05-21 14:29:29:370</time></pt><pt><x>547</x><y>520</y><time>11-05-21 14:29:29:768</time></pt><pt><x>542</x><y>520</y><time>11-05-21 14:29:30:247</time></pt><pt><x>523</x><y>531</y><time>11-05-21 14:29:30:987</time></pt><pt><x>523</x><y>503</y><time>11-05-21 14:29:31:597</time></pt><pt><x>495</x><y>498</y><time>11-05-21 14:29:32:060</time></pt><pt><x>486</x><y>498</y><time>11-05-21 14:29:32:524</time></pt><pt><x>477</x><y>509</y><time>11-05-21 14:29:33:222</time></pt><pt><x>469</x><y>514</y><time>11-05-21 14:29:33:735</time></pt><pt><x>449</x><y>511</y><time>11-05-21 14:29:34:173</time></pt><pt><x>422</x><y>498</y><time>11-05-21 14:29:34:897</time></pt><pt><x>405</x><y>498</y><time>11-05-21 14:29:35:547</time></pt><pt><x>405</x><y>498</y><time>11-05-21 14:29:35:735</time></pt><closed_date>11-05-21 14:29:36:451</closed_date></polygon></object><object><name>restoration</name><deleted>0</deleted><verified>0</verified><occluded>no</occluded><attributes /><parts><hasparts /><ispartof>2</ispartof></parts><date>11-05-21 14:33:19:954</date><id>4</id><polygon><username>anonymous</username><pt><x>389</x><y>497</y><time>11-05-21 14:32:59:309</time></pt><pt><x>385</x><y>531</y><time>11-05-21 14:33:00:460</time></pt><pt><x>402</x><y>550</y><time>11-05-21 14:33:01:272</time></pt><pt><x>436</x><y>564</y><time>11-05-21 14:33:01:995</time></pt><pt><x>455</x><y>564</y><time>11-05-21 14:33:02:719</time></pt><pt><x>473</x><y>570</y><time>11-05-21 14:33:03:458</time></pt><pt><x>480</x><y>607</y><time>11-05-21 14:33:04:767</time></pt><pt><x>515</x><y>609</y><time>11-05-21 14:33:05:451</time></pt><pt><x>547</x><y>581</y><time>11-05-21 14:33:06:079</time></pt><pt><x>553</x><y>537</y><time>11-05-21 14:33:06:799</time></pt><pt><x>553</x><y>517</y><time>11-05-21 14:33:07:441</time></pt><pt><x>545</x><y>515</y><time>11-05-21 14:33:08:059</time></pt><pt><x>525</x><y>526</y><time>11-05-21 14:33:08:684</time></pt><pt><x>522</x><y>509</y><time>11-05-21 14:33:09:278</time></pt><pt><x>503</x><y>501</y><time>11-05-21 14:33:09:790</time></pt><pt><x>487</x><y>492</y><time>11-05-21 14:33:10:546</time></pt><pt><x>475</x><y>492</y><time>11-05-21 14:33:11:172</time></pt><pt><x>470</x><y>509</y><time>11-05-21 14:33:11:749</time></pt><pt><x>467</x><y>517</y><time>11-05-21 14:33:12:456</time></pt><pt><x>447</x><y>503</y><time>11-05-21 14:33:13:082</time></pt><pt><x>411</x><y>498</y><time>11-05-21 14:33:13:700</time></pt><closed_date>11-05-21 14:33:14:276</closed_date></polygon></object><object><name>tooth</name><deleted>1</deleted><verified>0</verified><occluded>no</occluded><attributes>47</attributes><parts><hasparts /><ispartof>2</ispartof></parts><date>11-05-21 14:34:43:719</date><id>5</id><type>bounding_box</type><polygon><username>anonymous</username><pt><x>8</x><y>422</y><time>11-05-21 14:34:27:805</time></pt><pt><x>347</x><y>422</y><time>11-05-21 14:34:35:625</time></pt><pt><x>347</x><y>948</y><time>undefined</time></pt><pt><x>8</x><y>948</y><time>undefined</time></pt><closed_date>11-05-21 14:34:35:625</closed_date></polygon></object><object><name>tooth</name><deleted>0</deleted><verified>0</verified><occluded>no</occluded><attributes>47</attributes><parts><hasparts>12</hasparts><ispartof /></parts><date>11-05-21 14:35:32:625</date><id>6</id><type>bounding_box</type><polygon><username>anonymous</username><pt><x>3</x><y>422</y><time>11-05-21 14:35:18:785</time></pt><pt><x>347</x><y>422</y><time>11-05-21 14:35:21:224</time></pt><pt><x>347</x><y>947</y><time>undefined</time></pt><pt><x>3</x><y>947</y><time>undefined</time></pt><closed_date>11-05-21 14:35:21:224</closed_date></polygon></object><object><name>tooth</name><deleted>0</deleted><verified>0</verified><occluded>no</occluded><attributes>15</attributes><parts><hasparts /><ispartof /></parts><date>12-05-21 10:42:21:464</date><id>7</id><type>bounding_box</type><polygon><username>anonymous</username><pt><x>730</x><y>417</y><time>12-05-21 10:42:06:098</time></pt><pt><x>511</x><y>417</y><time>12-05-21 10:42:09:935</time></pt><pt><x>511</x><y>5</y><time>undefined</time></pt><pt><x>730</x><y>5</y><time>undefined</time></pt><closed_date>12-05-21 10:42:09:936</closed_date></polygon></object><object><name>tooth</name><deleted>0</deleted><verified>0</verified><occluded>no</occluded><attributes>14</attributes><parts><hasparts /><ispartof /></parts><date>12-05-21 10:42:39:795</date><id>8</id><type>bounding_box</type><polygon><username>anonymous</username><pt><x>942</x><y>416</y><time>12-05-21 10:42:26:257</time></pt><pt><x>723</x><y>416</y><time>12-05-21 10:42:34:713</time></pt><pt><x>723</x><y>3</y><time>undefined</time></pt><pt><x>942</x><y>3</y><time>undefined</time></pt><closed_date>12-05-21 10:42:34:714</closed_date></polygon></object><object><name>tooth</name><deleted>0</deleted><verified>0</verified><occluded>no</occluded><attributes>13</attributes><parts><hasparts /><ispartof /></parts><date>12-05-21 10:42:58:963</date><id>9</id><type>bounding_box</type><polygon><username>anonymous</username><pt><x>1202</x><y>425</y><time>12-05-21 10:42:49:902</time></pt><pt><x>931</x><y>425</y><time>12-05-21 10:42:54:029</time></pt><pt><x>931</x><y>1</y><time>undefined</time></pt><pt><x>1202</x><y>1</y><time>undefined</time></pt><closed_date>12-05-21 10:42:54:030</closed_date></polygon></object><object><name>tooth</name><deleted>0</deleted><verified>0</verified><occluded>no</occluded><attributes>45</attributes><parts><hasparts /><ispartof /></parts><date>12-05-21 10:43:28:234</date><id>10</id><type>bounding_box</type><polygon><username>anonymous</username><pt><x>874</x><y>467</y><time>12-05-21 10:43:09:491</time></pt><pt><x>667</x><y>467</y><time>12-05-21 10:43:19:353</time></pt><pt><x>667</x><y>950</y><time>undefined</time></pt><pt><x>874</x><y>950</y><time>undefined</time></pt><closed_date>12-05-21 10:43:19:353</closed_date></polygon></object><object><name>tooth</name><deleted>0</deleted><verified>0</verified><occluded>no</occluded><attributes>44</attributes><parts><hasparts /><ispartof /></parts><date>12-05-21 10:44:13:974</date><id>11</id><type>bounding_box</type><polygon><username>anonymous</username><pt><x>1117</x><y>489</y><time>12-05-21 10:44:05:932</time></pt><pt><x>881</x><y>489</y><time>12-05-21 10:44:08:530</time></pt><pt><x>881</x><y>950</y><time>undefined</time></pt><pt><x>1117</x><y>950</y><time>undefined</time></pt><closed_date>12-05-21 10:44:08:530</closed_date></polygon></object><object><name>restoration</name><deleted>0</deleted><verified>0</verified><occluded>no</occluded><attributes /><parts><hasparts /><ispartof>6</ispartof></parts><date>12-05-21 10:44:37:159</date><id>12</id><polygon><username>anonymous</username><pt><x>84</x><y>481</y><time>12-05-21 10:44:22:281</time></pt><pt><x>79</x><y>506</y><time>12-05-21 10:44:23:003</time></pt><pt><x>89</x><y>514</y><time>12-05-21 10:44:23:491</time></pt><pt><x>107</x><y>536</y><time>12-05-21 10:44:24:092</time></pt><pt><x>145</x><y>550</y><time>12-05-21 10:44:24:580</time></pt><pt><x>170</x><y>568</y><time>12-05-21 10:44:25:107</time></pt><pt><x>206</x><y>564</y><time>12-05-21 10:44:25:596</time></pt><pt><x>238</x><y>545</y><time>12-05-21 10:44:26:131</time></pt><pt><x>257</x><y>528</y><time>12-05-21 10:44:26:798</time></pt><pt><x>269</x><y>522</y><time>12-05-21 10:44:27:504</time></pt><pt><x>237</x><y>520</y><time>12-05-21 10:44:28:163</time></pt><pt><x>201</x><y>520</y><time>12-05-21 10:44:28:765</time></pt><pt><x>146</x><y>517</y><time>12-05-21 10:44:29:462</time></pt><pt><x>142</x><y>495</y><time>12-05-21 10:44:30:138</time></pt><pt><x>128</x><y>495</y><time>12-05-21 10:44:30:567</time></pt><closed_date>12-05-21 10:44:31:268</closed_date></polygon></object><object><name>tooth</name><deleted>0</deleted><verified>0</verified><occluded>no</occluded><attributes>43</attributes><parts><hasparts /><ispartof /></parts><date>12-05-21 10:45:01:218</date><id>13</id><type>bounding_box</type><polygon><username>anonymous</username><pt><x>1034</x><y>500</y><time>12-05-21 10:44:48:354</time></pt><pt><x>1215</x><y>500</y><time>12-05-21 10:44:54:429</time></pt><pt><x>1215</x><y>948</y><time>undefined</time></pt><pt><x>1034</x><y>948</y><time>undefined</time></pt><closed_date>12-05-21 10:44:54:429</closed_date></polygon></object><imagesize><nrows /><ncols /></imagesize></annotation>