<?xml version='1.0' encoding='UTF-8'?>
<annotation><filename>imagem-094.jpg</filename><folder>segmentation_xray</folder><source><sourceImage>The MIT-CSAIL database of objects and scenes</sourceImage><sourceAnnotation>LabelMe Webtool</sourceAnnotation></source><object><name>tooth</name><deleted>0</deleted><verified>0</verified><occluded>no</occluded><attributes>63</attributes><parts><hasparts /><ispartof>12</ispartof></parts><date>19-05-21 09:28:17:008</date><id>0</id><type>bounding_box</type><polygon><username>anonymous</username><pt><x>183</x><y>37</y><time>19-05-21 09:28:08:184</time></pt><pt><x>46</x><y>37</y><time>19-05-21 09:28:11:166</time></pt><pt><x>46</x><y>300</y><time>undefined</time></pt><pt><x>183</x><y>300</y><time>undefined</time></pt><closed_date>19-05-21 09:28:11:167</closed_date></polygon></object><object><name>tooth</name><deleted>0</deleted><verified>0</verified><occluded>no</occluded><attributes>64</attributes><parts><hasparts /><ispartof>12</ispartof></parts><date>19-05-21 09:28:33:258</date><id>1</id><type>bounding_box</type><polygon><username>anonymous</username><pt><x>496</x><y>13</y><time>19-05-21 09:28:18:797</time></pt><pt><x>135</x><y>13</y><time>19-05-21 09:28:26:443</time></pt><pt><x>135</x><y>334</y><time>undefined</time></pt><pt><x>496</x><y>334</y><time>undefined</time></pt><closed_date>19-05-21 09:28:26:443</closed_date></polygon></object><object><name>tooth</name><deleted>0</deleted><verified>0</verified><occluded>no</occluded><attributes>65</attributes><parts><hasparts /><ispartof /></parts><date>19-05-21 09:28:53:354</date><id>2</id><type>bounding_box</type><polygon><username>anonymous</username><pt><x>860</x><y>10</y><time>19-05-21 09:28:43:139</time></pt><pt><x>419</x><y>10</y><time>19-05-21 09:28:47:901</time></pt><pt><x>419</x><y>393</y><time>undefined</time></pt><pt><x>860</x><y>393</y><time>undefined</time></pt><closed_date>19-05-21 09:28:47:902</closed_date></polygon></object><object><name>tooth</name><deleted>0</deleted><verified>0</verified><occluded>no</occluded><attributes>26</attributes><parts><hasparts /><ispartof /></parts><date>19-05-21 09:29:04:461</date><id>3</id><type>bounding_box</type><polygon><username>anonymous</username><pt><x>1282</x><y>1</y><time>19-05-21 09:28:55:798</time></pt><pt><x>806</x><y>1</y><time>19-05-21 09:28:58:741</time></pt><pt><x>806</x><y>398</y><time>undefined</time></pt><pt><x>1282</x><y>398</y><time>undefined</time></pt><closed_date>19-05-21 09:28:58:742</closed_date></polygon></object><object><name>tooth</name><deleted>0</deleted><verified>0</verified><occluded>no</occluded><attributes>74</attributes><parts><hasparts /><ispartof /></parts><date>19-05-21 09:29:28:595</date><id>4</id><type>bounding_box</type><polygon><username>anonymous</username><pt><x>35</x><y>468</y><time>19-05-21 09:29:19:561</time></pt><pt><x>378</x><y>468</y><time>19-05-21 09:29:21:918</time></pt><pt><x>378</x><y>872</y><time>undefined</time></pt><pt><x>35</x><y>872</y><time>undefined</time></pt><closed_date>19-05-21 09:29:21:918</closed_date></polygon></object><object><name>tooth</name><deleted>0</deleted><verified>0</verified><occluded>no</occluded><attributes>75</attributes><parts><hasparts /><ispartof /></parts><date>19-05-21 09:29:37:090</date><id>5</id><type>bounding_box</type><polygon><username>anonymous</username><pt><x>774</x><y>878</y><time>19-05-21 09:29:30:553</time></pt><pt><x>339</x><y>878</y><time>19-05-21 09:29:32:974</time></pt><pt><x>339</x><y>476</y><time>undefined</time></pt><pt><x>774</x><y>476</y><time>undefined</time></pt><closed_date>19-05-21 09:29:32:975</closed_date></polygon></object><object><name>tooth</name><deleted>0</deleted><verified>0</verified><occluded>no</occluded><attributes>36</attributes><parts><hasparts /><ispartof /></parts><date>19-05-21 09:29:44:887</date><id>6</id><type>bounding_box</type><polygon><username>anonymous</username><pt><x>1190</x><y>875</y><time>19-05-21 09:29:38:356</time></pt><pt><x>749</x><y>875</y><time>19-05-21 09:29:40:954</time></pt><pt><x>749</x><y>467</y><time>undefined</time></pt><pt><x>1190</x><y>467</y><time>undefined</time></pt><closed_date>19-05-21 09:29:40:955</closed_date></polygon></object><imagesize><nrows /><ncols /></imagesize></annotation>