<?xml version="1.0" encoding="UTF-8"?><annotation><filename>imagem-056.jpg</filename><folder>segmentation_xray</folder><source><sourceImage>The MIT-CSAIL database of objects and scenes</sourceImage><sourceAnnotation>LabelMe Webtool</sourceAnnotation></source><object><name>tooth</name><deleted>0</deleted><verified>0</verified><occluded>no</occluded><attributes>28</attributes><parts><hasparts/><ispartof>6</ispartof></parts><date>11-05-21 11:07:52:194</date><id>0</id><type>bounding_box</type><polygon><username>anonymous</username><pt><x>1125</x><y>342</y><time>11-05-21 11:07:37:110</time></pt><pt><x>861</x><y>342</y><time>11-05-21 11:07:45:069</time></pt><pt><x>861</x><y>1</y><time>undefined</time></pt><pt><x>1125</x><y>1</y><time>undefined</time></pt><closed_date>11-05-21 11:07:45:069</closed_date></polygon></object><object><name>tooth</name><deleted>1</deleted><verified>0</verified><occluded>no</occluded><attributes>27</attributes><parts><hasparts/><ispartof/></parts><date>11-05-21 11:08:37:957</date><id>1</id><type>bounding_box</type><polygon><username>anonymous</username><pt><x>531</x><y>392</y><time>11-05-21 11:08:22:108</time></pt><pt><x>873</x><y>392</y><time>11-05-21 11:08:30:660</time></pt><pt><x>873</x><y>0</y><time>undefined</time></pt><pt><x>531</x><y>0</y><time>undefined</time></pt><closed_date>11-05-21 11:08:30:660</closed_date></polygon></object><object><name>tooth</name><deleted>1</deleted><verified>0</verified><occluded>no</occluded><attributes>26</attributes><parts><hasparts/><ispartof/></parts><date>11-05-21 11:08:57:484</date><id>2</id><type>bounding_box</type><polygon><username>anonymous</username><pt><x>192</x><y>2</y><time>11-05-21 11:08:45:077</time></pt><pt><x>539</x><y>2</y><time>11-05-21 11:08:50:414</time></pt><pt><x>539</x><y>402</y><time>undefined</time></pt><pt><x>192</x><y>402</y><time>undefined</time></pt><closed_date>11-05-21 11:08:50:414</closed_date></polygon></object><object><name>tooth</name><deleted>1</deleted><verified>0</verified><occluded>no</occluded><attributes>38</attributes><parts><hasparts/><ispartof/></parts><date>11-05-21 11:09:33:845</date><id>3</id><type>bounding_box</type><polygon><username>anonymous</username><pt><x>1217</x><y>360</y><time>11-05-21 11:09:20:420</time></pt><pt><x>839</x><y>360</y><time>11-05-21 11:09:26:214</time></pt><pt><x>839</x><y>946</y><time>undefined</time></pt><pt><x>1217</x><y>946</y><time>undefined</time></pt><closed_date>11-05-21 11:09:26:214</closed_date></polygon></object><object><name>tooth</name><deleted>1</deleted><verified>0</verified><occluded>no</occluded><attributes>37</attributes><parts><hasparts/><ispartof/></parts><date>11-05-21 11:09:58:491</date><id>4</id><type>bounding_box</type><polygon><username>anonymous</username><pt><x>523</x><y>435</y><time>11-05-21 11:09:40:844</time></pt><pt><x>939</x><y>435</y><time>11-05-21 11:09:49:188</time></pt><pt><x>939</x><y>948</y><time>undefined</time></pt><pt><x>523</x><y>948</y><time>undefined</time></pt><closed_date>11-05-21 11:09:49:188</closed_date></polygon></object><object><name>tooth</name><deleted>1</deleted><verified>0</verified><occluded>no</occluded><attributes>36</attributes><parts><hasparts/><ispartof/></parts><date>11-05-21 11:10:22:052</date><id>5</id><type>bounding_box</type><polygon><username>anonymous</username><pt><x>141</x><y>498</y><time>11-05-21 11:10:11:059</time></pt><pt><x>594</x><y>498</y><time>11-05-21 11:10:14:989</time></pt><pt><x>594</x><y>946</y><time>undefined</time></pt><pt><x>141</x><y>946</y><time>undefined</time></pt><closed_date>11-05-21 11:10:14:989</closed_date></polygon></object><imagesize><nrows></nrows><ncols></ncols></imagesize><object><name>tooth</name><deleted>1</deleted><verified>0</verified><occluded>no</occluded><attributes>28</attributes><parts><hasparts/><ispartof/></parts><date>17-05-21 09:39:08:520</date><id>6</id><type>bounding_box</type><polygon><username>anonymous</username><pt><x>858</x><y>340</y><time>17-05-21 09:38:58:945</time></pt><pt><x>1130</x><y>340</y><time>17-05-21 09:39:03:347</time></pt><pt><x>1130</x><y>3</y><time>undefined</time></pt><pt><x>858</x><y>3</y><time>undefined</time></pt><closed_date>17-05-21 09:39:03:348</closed_date></polygon></object><object><name>tooth</name><deleted>0</deleted><verified>0</verified><occluded>no</occluded><attributes>27</attributes><parts><hasparts>15</hasparts><ispartof/></parts><date>17-05-21 09:39:19:016</date><id>7</id><type>bounding_box</type><polygon><username>anonymous</username><pt><x>532</x><y>389</y><time>17-05-21 09:39:12:161</time></pt><pt><x>865</x><y>389</y><time>17-05-21 09:39:15:229</time></pt><pt><x>865</x><y>1</y><time>undefined</time></pt><pt><x>532</x><y>1</y><time>undefined</time></pt><closed_date>17-05-21 09:39:15:230</closed_date></polygon></object><object><name>tooth</name><deleted>0</deleted><verified>0</verified><occluded>no</occluded><attributes>26</attributes><parts><hasparts>14</hasparts><ispartof/></parts><date>17-05-21 09:39:30:133</date><id>8</id><type>bounding_box</type><polygon><username>anonymous</username><pt><x>192</x><y>397</y><time>17-05-21 09:39:23:514</time></pt><pt><x>537</x><y>397</y><time>17-05-21 09:39:26:663</time></pt><pt><x>537</x><y>7</y><time>undefined</time></pt><pt><x>192</x><y>7</y><time>undefined</time></pt><closed_date>17-05-21 09:39:26:663</closed_date></polygon></object><object><name>tooth</name><deleted>0</deleted><verified>0</verified><occluded>no</occluded><attributes>25</attributes><parts><hasparts/><ispartof/></parts><date>17-05-21 09:39:39:965</date><id>9</id><type>bounding_box</type><polygon><username>anonymous</username><pt><x>2</x><y>406</y><time>17-05-21 09:39:33:554</time></pt><pt><x>197</x><y>406</y><time>17-05-21 09:39:36:691</time></pt><pt><x>197</x><y>9</y><time>undefined</time></pt><pt><x>2</x><y>9</y><time>undefined</time></pt><closed_date>17-05-21 09:39:36:691</closed_date></polygon></object><object><name>tooth</name><deleted>0</deleted><verified>0</verified><occluded>no</occluded><attributes>38</attributes><parts><hasparts/><ispartof/></parts><date>17-05-21 09:39:57:028</date><id>10</id><type>bounding_box</type><polygon><username>anonymous</username><pt><x>1215</x><y>363</y><time>17-05-21 09:39:48:313</time></pt><pt><x>837</x><y>363</y><time>17-05-21 09:39:52:726</time></pt><pt><x>837</x><y>903</y><time>undefined</time></pt><pt><x>1215</x><y>903</y><time>undefined</time></pt><closed_date>17-05-21 09:39:52:726</closed_date></polygon></object><object><name>tooth</name><deleted>0</deleted><verified>0</verified><occluded>no</occluded><attributes>37</attributes><parts><hasparts>16</hasparts><ispartof/></parts><date>17-05-21 09:40:06:560</date><id>11</id><type>bounding_box</type><polygon><username>anonymous</username><pt><x>526</x><y>436</y><time>17-05-21 09:39:58:952</time></pt><pt><x>940</x><y>436</y><time>17-05-21 09:40:01:878</time></pt><pt><x>940</x><y>947</y><time>undefined</time></pt><pt><x>526</x><y>947</y><time>undefined</time></pt><closed_date>17-05-21 09:40:01:878</closed_date></polygon></object><object><name>tooth</name><deleted>0</deleted><verified>0</verified><occluded>no</occluded><attributes>36</attributes><parts><hasparts>17</hasparts><ispartof/></parts><date>17-05-21 09:40:15:485</date><id>12</id><type>bounding_box</type><polygon><username>anonymous</username><pt><x>139</x><y>500</y><time>17-05-21 09:40:09:192</time></pt><pt><x>596</x><y>500</y><time>17-05-21 09:40:11:753</time></pt><pt><x>596</x><y>948</y><time>undefined</time></pt><pt><x>139</x><y>948</y><time>undefined</time></pt><closed_date>17-05-21 09:40:11:753</closed_date></polygon></object><object><name>tooth</name><deleted>0</deleted><verified>0</verified><occluded>no</occluded><attributes>35</attributes><parts><hasparts/><ispartof/></parts><date>17-05-21 09:40:24:293</date><id>13</id><type>bounding_box</type><polygon><username>anonymous</username><pt><x>2</x><y>485</y><time>17-05-21 09:40:18:231</time></pt><pt><x>145</x><y>485</y><time>17-05-21 09:40:20:338</time></pt><pt><x>145</x><y>936</y><time>undefined</time></pt><pt><x>2</x><y>936</y><time>undefined</time></pt><closed_date>17-05-21 09:40:20:338</closed_date></polygon></object><object><name>restoration</name><deleted>0</deleted><verified>0</verified><occluded>no</occluded><attributes/><parts><hasparts/><ispartof>8</ispartof></parts><date>17-05-21 09:41:20:092</date><id>14</id><polygon><username>anonymous</username><pt><x>298</x><y>305</y><time>17-05-21 09:41:09:325</time></pt><pt><x>298</x><y>265</y><time>17-05-21 09:41:09:940</time></pt><pt><x>328</x><y>235</y><time>17-05-21 09:41:10:694</time></pt><pt><x>363</x><y>225</y><time>17-05-21 09:41:11:149</time></pt><pt><x>385</x><y>225</y><time>17-05-21 09:41:11:565</time></pt><pt><x>397</x><y>234</y><time>17-05-21 09:41:12:021</time></pt><pt><x>410</x><y>246</y><time>17-05-21 09:41:12:948</time></pt><pt><x>411</x><y>258</y><time>17-05-21 09:41:13:554</time></pt><pt><x>418</x><y>275</y><time>17-05-21 09:41:13:933</time></pt><pt><x>425</x><y>302</y><time>17-05-21 09:41:14:230</time></pt><pt><x>413</x><y>324</y><time>17-05-21 09:41:14:655</time></pt><pt><x>406</x><y>324</y><time>17-05-21 09:41:14:930</time></pt><pt><x>378</x><y>329</y><time>17-05-21 09:41:15:342</time></pt><pt><x>340</x><y>331</y><time>17-05-21 09:41:16:228</time></pt><closed_date>17-05-21 09:41:16:694</closed_date></polygon></object><object><name>restoration</name><deleted>0</deleted><verified>0</verified><occluded>no</occluded><attributes/><parts><hasparts/><ispartof>7</ispartof></parts><date>17-05-21 09:41:38:228</date><id>15</id><polygon><username>anonymous</username><pt><x>636</x><y>307</y><time>17-05-21 09:41:26:903</time></pt><pt><x>652</x><y>274</y><time>17-05-21 09:41:27:406</time></pt><pt><x>697</x><y>254</y><time>17-05-21 09:41:27:782</time></pt><pt><x>741</x><y>267</y><time>17-05-21 09:41:28:161</time></pt><pt><x>757</x><y>289</y><time>17-05-21 09:41:28:537</time></pt><pt><x>753</x><y>300</y><time>17-05-21 09:41:29:064</time></pt><pt><x>720</x><y>317</y><time>17-05-21 09:41:33:282</time></pt><pt><x>685</x><y>317</y><time>17-05-21 09:41:33:949</time></pt><pt><x>654</x><y>322</y><time>17-05-21 09:41:34:416</time></pt><closed_date>17-05-21 09:41:34:990</closed_date></polygon></object><object><name>restoration</name><deleted>0</deleted><verified>0</verified><occluded>no</occluded><attributes/><parts><hasparts/><ispartof>11</ispartof></parts><date>17-05-21 09:42:44:308</date><id>16</id><polygon><username>anonymous</username><pt><x>629</x><y>589</y><time>17-05-21 09:42:32:658</time></pt><pt><x>657</x><y>594</y><time>17-05-21 09:42:33:166</time></pt><pt><x>690</x><y>607</y><time>17-05-21 09:42:33:585</time></pt><pt><x>704</x><y>607</y><time>17-05-21 09:42:33:900</time></pt><pt><x>734</x><y>582</y><time>17-05-21 09:42:34:461</time></pt><pt><x>753</x><y>563</y><time>17-05-21 09:42:34:878</time></pt><pt><x>765</x><y>535</y><time>17-05-21 09:42:35:230</time></pt><pt><x>757</x><y>507</y><time>17-05-21 09:42:35:537</time></pt><pt><x>757</x><y>504</y><time>17-05-21 09:42:35:826</time></pt><pt><x>727</x><y>518</y><time>17-05-21 09:42:36:141</time></pt><pt><x>697</x><y>526</y><time>17-05-21 09:42:36:381</time></pt><pt><x>685</x><y>530</y><time>17-05-21 09:42:36:621</time></pt><pt><x>655</x><y>532</y><time>17-05-21 09:42:36:833</time></pt><pt><x>633</x><y>532</y><time>17-05-21 09:42:37:046</time></pt><pt><x>624</x><y>530</y><time>17-05-21 09:42:37:277</time></pt><pt><x>589</x><y>533</y><time>17-05-21 09:42:39:261</time></pt><pt><x>587</x><y>554</y><time>17-05-21 09:42:39:726</time></pt><pt><x>619</x><y>558</y><time>17-05-21 09:42:40:094</time></pt><closed_date>17-05-21 09:42:40:632</closed_date></polygon></object><object><name>restoration</name><deleted>0</deleted><verified>0</verified><occluded>no</occluded><attributes/><parts><hasparts/><ispartof>12</ispartof></parts><date>17-05-21 09:43:29:678</date><id>17</id><polygon><username>anonymous</username><pt><x>228</x><y>694</y><time>17-05-21 09:42:57:728</time></pt><pt><x>213</x><y>713</y><time>17-05-21 09:42:58:696</time></pt><pt><x>183</x><y>676</y><time>17-05-21 09:42:59:909</time></pt><pt><x>164</x><y>631</y><time>17-05-21 09:43:00:534</time></pt><pt><x>153</x><y>594</y><time>17-05-21 09:43:00:981</time></pt><pt><x>141</x><y>573</y><time>17-05-21 09:43:01:504</time></pt><pt><x>155</x><y>558</y><time>17-05-21 09:43:02:038</time></pt><pt><x>181</x><y>573</y><time>17-05-21 09:43:02:454</time></pt><pt><x>209</x><y>560</y><time>17-05-21 09:43:08:269</time></pt><pt><x>234</x><y>553</y><time>17-05-21 09:43:08:885</time></pt><pt><x>265</x><y>544</y><time>17-05-21 09:43:09:406</time></pt><pt><x>296</x><y>551</y><time>17-05-21 09:43:10:206</time></pt><pt><x>321</x><y>560</y><time>17-05-21 09:43:10:653</time></pt><pt><x>342</x><y>567</y><time>17-05-21 09:43:11:083</time></pt><pt><x>357</x><y>570</y><time>17-05-21 09:43:11:512</time></pt><pt><x>385</x><y>553</y><time>17-05-21 09:43:11:917</time></pt><pt><x>415</x><y>546</y><time>17-05-21 09:43:12:285</time></pt><pt><x>448</x><y>532</y><time>17-05-21 09:43:12:664</time></pt><pt><x>460</x><y>530</y><time>17-05-21 09:43:13:045</time></pt><pt><x>493</x><y>539</y><time>17-05-21 09:43:13:548</time></pt><pt><x>521</x><y>542</y><time>17-05-21 09:43:14:047</time></pt><pt><x>533</x><y>561</y><time>17-05-21 09:43:14:622</time></pt><pt><x>526</x><y>589</y><time>17-05-21 09:43:15:222</time></pt><pt><x>521</x><y>617</y><time>17-05-21 09:43:16:064</time></pt><pt><x>516</x><y>645</y><time>17-05-21 09:43:16:486</time></pt><pt><x>516</x><y>690</y><time>17-05-21 09:43:17:099</time></pt><pt><x>521</x><y>713</y><time>17-05-21 09:43:17:780</time></pt><pt><x>483</x><y>676</y><time>17-05-21 09:43:18:630</time></pt><pt><x>455</x><y>678</y><time>17-05-21 09:43:19:429</time></pt><pt><x>422</x><y>682</y><time>17-05-21 09:43:19:798</time></pt><pt><x>397</x><y>678</y><time>17-05-21 09:43:20:184</time></pt><pt><x>371</x><y>675</y><time>17-05-21 09:43:20:606</time></pt><pt><x>359</x><y>668</y><time>17-05-21 09:43:20:947</time></pt><pt><x>338</x><y>659</y><time>17-05-21 09:43:21:413</time></pt><pt><x>319</x><y>647</y><time>17-05-21 09:43:21:813</time></pt><pt><x>289</x><y>619</y><time>17-05-21 09:43:22:461</time></pt><pt><x>270</x><y>603</y><time>17-05-21 09:43:23:092</time></pt><pt><x>251</x><y>601</y><time>17-05-21 09:43:23:559</time></pt><pt><x>235</x><y>601</y><time>17-05-21 09:43:23:893</time></pt><pt><x>221</x><y>605</y><time>17-05-21 09:43:24:174</time></pt><pt><x>213</x><y>621</y><time>17-05-21 09:43:24:425</time></pt><closed_date>17-05-21 09:43:25:334</closed_date></polygon></object></annotation>