<?xml version='1.0' encoding='UTF-8'?>
<annotation><filename>imagem-099.jpg</filename><folder>segmentation_xray</folder><source><sourceImage>The MIT-CSAIL database of objects and scenes</sourceImage><sourceAnnotation>LabelMe Webtool</sourceAnnotation></source><object><name>tooth</name><deleted>0</deleted><verified>0</verified><occluded>no</occluded><attributes>47</attributes><parts><hasparts>1</hasparts><ispartof /></parts><date>31-05-21 12:20:48:028</date><id>0</id><type>bounding_box</type><polygon><username>anonymous</username><pt><x>11</x><y>607</y><time>31-05-21 12:20:32:888</time></pt><pt><x>391</x><y>607</y><time>31-05-21 12:20:40:736</time></pt><pt><x>391</x><y>1224</y><time>undefined</time></pt><pt><x>11</x><y>1224</y><time>undefined</time></pt><closed_date>31-05-21 12:20:40:737</closed_date></polygon></object><object><name>restoration</name><deleted>0</deleted><verified>0</verified><occluded>no</occluded><attributes /><parts><hasparts /><ispartof>0</ispartof></parts><date>31-05-21 12:21:20:585</date><id>1</id><polygon><username>anonymous</username><pt><x>187</x><y>824</y><time>31-05-21 12:20:58:527</time></pt><pt><x>211</x><y>817</y><time>31-05-21 12:21:00:120</time></pt><pt><x>222</x><y>807</y><time>31-05-21 12:21:00:552</time></pt><pt><x>228</x><y>802</y><time>31-05-21 12:21:00:944</time></pt><pt><x>228</x><y>791</y><time>31-05-21 12:21:01:271</time></pt><pt><x>237</x><y>776</y><time>31-05-21 12:21:01:872</time></pt><pt><x>254</x><y>766</y><time>31-05-21 12:21:02:582</time></pt><pt><x>277</x><y>751</y><time>31-05-21 12:21:03:361</time></pt><pt><x>277</x><y>748</y><time>31-05-21 12:21:03:631</time></pt><pt><x>286</x><y>733</y><time>31-05-21 12:21:04:224</time></pt><pt><x>273</x><y>718</y><time>31-05-21 12:21:04:568</time></pt><pt><x>254</x><y>710</y><time>31-05-21 12:21:04:879</time></pt><pt><x>222</x><y>710</y><time>31-05-21 12:21:05:215</time></pt><pt><x>187</x><y>714</y><time>31-05-21 12:21:05:910</time></pt><pt><x>170</x><y>710</y><time>31-05-21 12:21:06:536</time></pt><pt><x>153</x><y>699</y><time>31-05-21 12:21:07:255</time></pt><pt><x>131</x><y>680</y><time>31-05-21 12:21:08:079</time></pt><pt><x>80</x><y>669</y><time>31-05-21 12:21:08:983</time></pt><pt><x>60</x><y>669</y><time>31-05-21 12:21:09:535</time></pt><pt><x>43</x><y>677</y><time>31-05-21 12:21:10:126</time></pt><pt><x>47</x><y>703</y><time>31-05-21 12:21:10:719</time></pt><pt><x>56</x><y>718</y><time>31-05-21 12:21:11:023</time></pt><pt><x>69</x><y>751</y><time>31-05-21 12:21:11:936</time></pt><pt><x>75</x><y>759</y><time>31-05-21 12:21:12:207</time></pt><pt><x>103</x><y>761</y><time>31-05-21 12:21:12:840</time></pt><pt><x>125</x><y>755</y><time>31-05-21 12:21:13:553</time></pt><pt><x>129</x><y>746</y><time>31-05-21 12:21:14:064</time></pt><pt><x>146</x><y>746</y><time>31-05-21 12:21:14:399</time></pt><pt><x>153</x><y>751</y><time>31-05-21 12:21:14:647</time></pt><pt><x>161</x><y>776</y><time>31-05-21 12:21:14:944</time></pt><pt><x>176</x><y>800</y><time>31-05-21 12:21:15:472</time></pt><closed_date>31-05-21 12:21:15:758</closed_date></polygon></object><object><name>tooth</name><deleted>0</deleted><verified>0</verified><occluded>no</occluded><attributes>46</attributes><parts><hasparts>3</hasparts><ispartof /></parts><date>31-05-21 12:21:46:959</date><id>2</id><type>bounding_box</type><polygon><username>anonymous</username><pt><x>865</x><y>684</y><time>31-05-21 12:21:28:561</time></pt><pt><x>338</x><y>684</y><time>31-05-21 12:21:33:184</time></pt><pt><x>338</x><y>1239</y><time>undefined</time></pt><pt><x>865</x><y>1239</y><time>undefined</time></pt><closed_date>31-05-21 12:21:33:184</closed_date></polygon></object><object><name>restoration</name><deleted>0</deleted><verified>0</verified><occluded>no</occluded><attributes /><parts><hasparts /><ispartof>2</ispartof></parts><date>31-05-21 12:22:43:625</date><id>3</id><polygon><username>anonymous</username><pt><x>523</x><y>824</y><time>31-05-21 12:22:20:584</time></pt><pt><x>540</x><y>802</y><time>31-05-21 12:22:21:200</time></pt><pt><x>566</x><y>819</y><time>31-05-21 12:22:22:079</time></pt><pt><x>581</x><y>847</y><time>31-05-21 12:22:22:647</time></pt><pt><x>591</x><y>867</y><time>31-05-21 12:22:23:078</time></pt><pt><x>626</x><y>878</y><time>31-05-21 12:22:23:959</time></pt><pt><x>652</x><y>862</y><time>31-05-21 12:22:24:537</time></pt><pt><x>669</x><y>856</y><time>31-05-21 12:22:24:815</time></pt><pt><x>673</x><y>847</y><time>31-05-21 12:22:25:111</time></pt><pt><x>697</x><y>826</y><time>31-05-21 12:22:25:639</time></pt><pt><x>708</x><y>811</y><time>31-05-21 12:22:26:120</time></pt><pt><x>718</x><y>794</y><time>31-05-21 12:22:26:463</time></pt><pt><x>736</x><y>774</y><time>31-05-21 12:22:27:456</time></pt><pt><x>714</x><y>766</y><time>31-05-21 12:22:28:192</time></pt><pt><x>665</x><y>764</y><time>31-05-21 12:22:30:967</time></pt><pt><x>626</x><y>766</y><time>31-05-21 12:22:31:520</time></pt><pt><x>602</x><y>759</y><time>31-05-21 12:22:31:888</time></pt><pt><x>561</x><y>746</y><time>31-05-21 12:22:32:679</time></pt><pt><x>551</x><y>729</y><time>31-05-21 12:22:33:072</time></pt><pt><x>518</x><y>721</y><time>31-05-21 12:22:33:919</time></pt><pt><x>490</x><y>718</y><time>31-05-21 12:22:35:120</time></pt><pt><x>480</x><y>718</y><time>31-05-21 12:22:35:503</time></pt><pt><x>467</x><y>725</y><time>31-05-21 12:22:35:807</time></pt><pt><x>443</x><y>748</y><time>31-05-21 12:22:37:056</time></pt><pt><x>434</x><y>751</y><time>31-05-21 12:22:37:352</time></pt><pt><x>445</x><y>779</y><time>31-05-21 12:22:37:759</time></pt><pt><x>458</x><y>789</y><time>31-05-21 12:22:38:039</time></pt><pt><x>471</x><y>811</y><time>31-05-21 12:22:38:295</time></pt><pt><x>497</x><y>824</y><time>31-05-21 12:22:38:830</time></pt><closed_date>31-05-21 12:22:39:144</closed_date></polygon></object><object><name>tooth</name><deleted>0</deleted><verified>0</verified><occluded>no</occluded><attributes>45</attributes><parts><hasparts /><ispartof /></parts><date>31-05-21 12:23:08:799</date><id>4</id><type>bounding_box</type><polygon><username>anonymous</username><pt><x>1194</x><y>682</y><time>31-05-21 12:22:54:054</time></pt><pt><x>850</x><y>682</y><time>31-05-21 12:22:59:064</time></pt><pt><x>850</x><y>1230</y><time>undefined</time></pt><pt><x>1194</x><y>1230</y><time>undefined</time></pt><closed_date>31-05-21 12:22:59:065</closed_date></polygon></object><object><name>tooth</name><deleted>0</deleted><verified>0</verified><occluded>no</occluded><attributes>44</attributes><parts><hasparts /><ispartof /></parts><date>31-05-21 12:23:44:982</date><id>5</id><type>bounding_box</type><polygon><username>anonymous</username><pt><x>1493</x><y>693</y><time>31-05-21 12:23:26:182</time></pt><pt><x>1164</x><y>693</y><time>31-05-21 12:23:36:759</time></pt><pt><x>1164</x><y>1230</y><time>undefined</time></pt><pt><x>1493</x><y>1230</y><time>undefined</time></pt><closed_date>31-05-21 12:23:36:759</closed_date></polygon></object><object><name>tooth</name><deleted>0</deleted><verified>0</verified><occluded>no</occluded><attributes>43</attributes><parts><hasparts /><ispartof /></parts><date>31-05-21 12:24:06:282</date><id>6</id><type>bounding_box</type><polygon><username>anonymous</username><pt><x>1615</x><y>1239</y><time>31-05-21 12:23:56:431</time></pt><pt><x>1331</x><y>1239</y><time>31-05-21 12:24:01:080</time></pt><pt><x>1331</x><y>712</y><time>undefined</time></pt><pt><x>1615</x><y>712</y><time>undefined</time></pt><closed_date>31-05-21 12:24:01:080</closed_date></polygon></object><object><name>tooth</name><deleted>0</deleted><verified>0</verified><occluded>no</occluded><attributes>17</attributes><parts><hasparts /><ispartof /></parts><date>31-05-21 12:24:33:562</date><id>7</id><type>bounding_box</type><polygon><username>anonymous</username><pt><x>366</x><y>2</y><time>31-05-21 12:24:17:840</time></pt><pt><x>1</x><y>2</y><time>31-05-21 12:24:25:017</time></pt><pt><x>1</x><y>602</y><time>undefined</time></pt><pt><x>366</x><y>602</y><time>undefined</time></pt><closed_date>31-05-21 12:24:25:017</closed_date></polygon></object><object><name>tooth</name><deleted>0</deleted><verified>0</verified><occluded>no</occluded><attributes>15</attributes><parts><hasparts /><ispartof /></parts><date>31-05-21 12:25:07:458</date><id>8</id><type>bounding_box</type><polygon><username>anonymous</username><pt><x>800</x><y>611</y><time>31-05-21 12:24:49:253</time></pt><pt><x>1125</x><y>611</y><time>31-05-21 12:24:53:633</time></pt><pt><x>1125</x><y>4</y><time>undefined</time></pt><pt><x>800</x><y>4</y><time>undefined</time></pt><closed_date>31-05-21 12:24:53:633</closed_date></polygon></object><object><name>tooth</name><deleted>0</deleted><verified>0</verified><occluded>no</occluded><attributes>16</attributes><parts><hasparts>12,13</hasparts><ispartof /></parts><date>31-05-21 12:25:32:833</date><id>9</id><type>bounding_box</type><polygon><username>anonymous</username><pt><x>813</x><y>619</y><time>31-05-21 12:25:16:992</time></pt><pt><x>361</x><y>619</y><time>31-05-21 12:25:24:104</time></pt><pt><x>361</x><y>6</y><time>undefined</time></pt><pt><x>813</x><y>6</y><time>undefined</time></pt><closed_date>31-05-21 12:25:24:104</closed_date></polygon></object><object><name>tooth</name><deleted>0</deleted><verified>0</verified><occluded>no</occluded><attributes>14</attributes><parts><hasparts /><ispartof /></parts><date>31-05-21 12:26:15:011</date><id>10</id><type>bounding_box</type><polygon><username>anonymous</username><pt><x>1441</x><y>602</y><time>31-05-21 12:25:57:094</time></pt><pt><x>1045</x><y>602</y><time>31-05-21 12:26:08:921</time></pt><pt><x>1045</x><y>4</y><time>undefined</time></pt><pt><x>1441</x><y>4</y><time>undefined</time></pt><closed_date>31-05-21 12:26:08:921</closed_date></polygon></object><object><name>tooth</name><deleted>0</deleted><verified>0</verified><occluded>no</occluded><attributes>13</attributes><parts><hasparts /><ispartof /></parts><date>31-05-21 12:26:27:305</date><id>11</id><type>bounding_box</type><polygon><username>anonymous</username><pt><x>1613</x><y>576</y><time>31-05-21 12:26:18:766</time></pt><pt><x>1321</x><y>576</y><time>31-05-21 12:26:21:650</time></pt><pt><x>1321</x><y>2</y><time>undefined</time></pt><pt><x>1613</x><y>2</y><time>undefined</time></pt><closed_date>31-05-21 12:26:21:650</closed_date></polygon></object><object><name>restoration</name><deleted>0</deleted><verified>0</verified><occluded>no</occluded><attributes /><parts><hasparts /><ispartof>9</ispartof></parts><date>31-05-21 12:27:36:234</date><id>12</id><polygon><username>anonymous</username><pt><x>538</x><y>581</y><time>31-05-21 12:26:42:720</time></pt><pt><x>574</x><y>553</y><time>31-05-21 12:26:43:858</time></pt><pt><x>622</x><y>553</y><time>31-05-21 12:26:46:488</time></pt><pt><x>658</x><y>566</y><time>31-05-21 12:26:46:935</time></pt><pt><x>699</x><y>568</y><time>31-05-21 12:26:47:496</time></pt><pt><x>740</x><y>551</y><time>31-05-21 12:26:47:879</time></pt><pt><x>748</x><y>531</y><time>31-05-21 12:26:48:184</time></pt><pt><x>755</x><y>482</y><time>31-05-21 12:26:48:663</time></pt><pt><x>742</x><y>413</y><time>31-05-21 12:26:49:384</time></pt><pt><x>738</x><y>389</y><time>31-05-21 12:26:49:800</time></pt><pt><x>723</x><y>361</y><time>31-05-21 12:26:50:368</time></pt><pt><x>695</x><y>325</y><time>31-05-21 12:27:11:457</time></pt><pt><x>686</x><y>299</y><time>31-05-21 12:27:12:136</time></pt><pt><x>675</x><y>288</y><time>31-05-21 12:27:12:760</time></pt><pt><x>660</x><y>243</y><time>31-05-21 12:27:13:391</time></pt><pt><x>641</x><y>215</y><time>31-05-21 12:27:13:944</time></pt><pt><x>617</x><y>174</y><time>31-05-21 12:27:14:848</time></pt><pt><x>585</x><y>168</y><time>31-05-21 12:27:15:664</time></pt><pt><x>529</x><y>148</y><time>31-05-21 12:27:16:367</time></pt><pt><x>520</x><y>148</y><time>31-05-21 12:27:16:809</time></pt><pt><x>488</x><y>148</y><time>31-05-21 12:27:17:312</time></pt><pt><x>473</x><y>148</y><time>31-05-21 12:27:17:760</time></pt><pt><x>437</x><y>148</y><time>31-05-21 12:27:18:375</time></pt><pt><x>424</x><y>166</y><time>31-05-21 12:27:18:840</time></pt><pt><x>402</x><y>204</y><time>31-05-21 12:27:19:486</time></pt><pt><x>396</x><y>230</y><time>31-05-21 12:27:19:888</time></pt><pt><x>385</x><y>256</y><time>31-05-21 12:27:20:232</time></pt><pt><x>385</x><y>269</y><time>31-05-21 12:27:20:535</time></pt><pt><x>385</x><y>288</y><time>31-05-21 12:27:20:855</time></pt><pt><x>383</x><y>308</y><time>31-05-21 12:27:21:136</time></pt><pt><x>379</x><y>323</y><time>31-05-21 12:27:21:488</time></pt><pt><x>372</x><y>381</y><time>31-05-21 12:27:22:287</time></pt><pt><x>376</x><y>409</y><time>31-05-21 12:27:22:640</time></pt><pt><x>372</x><y>456</y><time>31-05-21 12:27:23:304</time></pt><pt><x>385</x><y>486</y><time>31-05-21 12:27:23:751</time></pt><pt><x>394</x><y>544</y><time>31-05-21 12:27:26:560</time></pt><pt><x>398</x><y>557</y><time>31-05-21 12:27:27:047</time></pt><pt><x>411</x><y>566</y><time>31-05-21 12:27:27:367</time></pt><pt><x>430</x><y>579</y><time>31-05-21 12:27:27:735</time></pt><pt><x>458</x><y>589</y><time>31-05-21 12:27:28:135</time></pt><pt><x>495</x><y>600</y><time>31-05-21 12:27:28:704</time></pt><pt><x>523</x><y>591</y><time>31-05-21 12:27:29:047</time></pt><closed_date>31-05-21 12:27:29:383</closed_date></polygon></object><object><name>root canal treatment</name><deleted>0</deleted><verified>0</verified><occluded>no</occluded><attributes /><parts><hasparts /><ispartof>9</ispartof></parts><date>31-05-21 12:28:37:786</date><id>13</id><polygon><username>anonymous</username><pt><x>628</x><y>389</y><time>31-05-21 12:27:55:195</time></pt><pt><x>637</x><y>320</y><time>31-05-21 12:27:56:592</time></pt><pt><x>632</x><y>265</y><time>31-05-21 12:27:57:777</time></pt><pt><x>654</x><y>11</y><time>31-05-21 12:28:01:521</time></pt><pt><x>624</x><y>9</y><time>31-05-21 12:28:02:529</time></pt><pt><x>587</x><y>275</y><time>31-05-21 12:28:05:730</time></pt><pt><x>585</x><y>277</y><time>31-05-21 12:28:06:952</time></pt><pt><x>548</x><y>215</y><time>31-05-21 12:28:08:825</time></pt><pt><x>486</x><y>11</y><time>31-05-21 12:28:13:913</time></pt><pt><x>456</x><y>13</y><time>31-05-21 12:28:15:032</time></pt><pt><x>497</x><y>191</y><time>31-05-21 12:28:17:490</time></pt><pt><x>400</x><y>15</y><time>31-05-21 12:28:24:345</time></pt><pt><x>383</x><y>15</y><time>31-05-21 12:28:26:087</time></pt><pt><x>477</x><y>256</y><time>31-05-21 12:28:27:570</time></pt><pt><x>486</x><y>297</y><time>31-05-21 12:28:28:328</time></pt><pt><x>495</x><y>323</y><time>31-05-21 12:28:29:457</time></pt><pt><x>508</x><y>344</y><time>31-05-21 12:28:29:985</time></pt><pt><x>548</x><y>359</y><time>31-05-21 12:28:31:025</time></pt><pt><x>574</x><y>381</y><time>31-05-21 12:28:31:495</time></pt><closed_date>31-05-21 12:28:32:153</closed_date></polygon></object><imagesize><nrows /><ncols /></imagesize></annotation>