<?xml version="1.0" encoding="UTF-8"?><annotation><filename>imagem-087.jpg</filename><folder>segmentation_xray</folder><source><sourceImage>The MIT-CSAIL database of objects and scenes</sourceImage><sourceAnnotation>LabelMe Webtool</sourceAnnotation></source><object><name>tooth</name><deleted>0</deleted><verified>0</verified><occluded>no</occluded><attributes>38</attributes><parts><hasparts/><ispartof>4</ispartof></parts><date>17-05-21 09:57:52:512</date><id>0</id><type>bounding_box</type><polygon><username>anonymous</username><pt><x>1603</x><y>672</y><time>17-05-21 09:57:44:577</time></pt><pt><x>1232</x><y>672</y><time>17-05-21 09:57:47:861</time></pt><pt><x>1232</x><y>1198</y><time>undefined</time></pt><pt><x>1603</x><y>1198</y><time>undefined</time></pt><closed_date>17-05-21 09:57:47:861</closed_date></polygon></object><object><name>tooth</name><deleted>0</deleted><verified>0</verified><occluded>no</occluded><attributes>37</attributes><parts><hasparts>11</hasparts><ispartof>4</ispartof></parts><date>17-05-21 09:58:01:029</date><id>1</id><type>bounding_box</type><polygon><username>anonymous</username><pt><x>742</x><y>594</y><time>17-05-21 09:57:54:895</time></pt><pt><x>1280</x><y>594</y><time>17-05-21 09:57:57:043</time></pt><pt><x>1280</x><y>1234</y><time>undefined</time></pt><pt><x>742</x><y>1234</y><time>undefined</time></pt><closed_date>17-05-21 09:57:57:044</closed_date></polygon></object><object><name>tooth</name><deleted>0</deleted><verified>0</verified><occluded>no</occluded><attributes>36</attributes><parts><hasparts>12</hasparts><ispartof>4</ispartof></parts><date>17-05-21 09:58:09:903</date><id>2</id><type>bounding_box</type><polygon><username>anonymous</username><pt><x>262</x><y>576</y><time>17-05-21 09:58:03:263</time></pt><pt><x>779</x><y>576</y><time>17-05-21 09:58:05:955</time></pt><pt><x>779</x><y>1234</y><time>undefined</time></pt><pt><x>262</x><y>1234</y><time>undefined</time></pt><closed_date>17-05-21 09:58:05:956</closed_date></polygon></object><object><name>tooth</name><deleted>0</deleted><verified>0</verified><occluded>no</occluded><attributes>35</attributes><parts><hasparts/><ispartof>4</ispartof></parts><date>17-05-21 09:58:26:586</date><id>3</id><type>bounding_box</type><polygon><username>anonymous</username><pt><x>27</x><y>585</y><time>17-05-21 09:58:19:729</time></pt><pt><x>342</x><y>585</y><time>17-05-21 09:58:22:232</time></pt><pt><x>342</x><y>1232</y><time>undefined</time></pt><pt><x>27</x><y>1232</y><time>undefined</time></pt><closed_date>17-05-21 09:58:22:232</closed_date></polygon></object><object><name>tooth</name><deleted>1</deleted><verified>0</verified><occluded>no</occluded><attributes>27</attributes><parts><hasparts>4,5,6</hasparts><ispartof>4</ispartof></parts><date>17-05-21 09:58:37:450</date><id>4</id><type>bounding_box</type><polygon><username>anonymous</username><pt><x>1291</x><y>503</y><time>17-05-21 09:58:30:010</time></pt><pt><x>811</x><y>503</y><time>17-05-21 09:58:32:390</time></pt><pt><x>811</x><y>5</y><time>undefined</time></pt><pt><x>1291</x><y>5</y><time>undefined</time></pt><closed_date>17-05-21 09:58:32:390</closed_date></polygon></object><object><name>tooth</name><deleted>1</deleted><verified>0</verified><occluded>no</occluded><attributes>26</attributes><parts><hasparts/><ispartof>4</ispartof></parts><date>17-05-21 09:58:47:949</date><id>5</id><type>bounding_box</type><polygon><username>anonymous</username><pt><x>351</x><y>549</y><time>17-05-21 09:58:41:666</time></pt><pt><x>879</x><y>549</y><time>17-05-21 09:58:43:897</time></pt><pt><x>879</x><y>11</y><time>undefined</time></pt><pt><x>351</x><y>11</y><time>undefined</time></pt><closed_date>17-05-21 09:58:43:898</closed_date></polygon></object><object><name>tooth</name><deleted>1</deleted><verified>0</verified><occluded>no</occluded><attributes>25</attributes><parts><hasparts/><ispartof>4</ispartof></parts><date>17-05-21 09:58:57:086</date><id>6</id><type>bounding_box</type><polygon><username>anonymous</username><pt><x>34</x><y>480</y><time>17-05-21 09:58:51:665</time></pt><pt><x>326</x><y>480</y><time>17-05-21 09:58:53:092</time></pt><pt><x>326</x><y>5</y><time>undefined</time></pt><pt><x>34</x><y>5</y><time>undefined</time></pt><closed_date>17-05-21 09:58:53:093</closed_date></polygon></object><imagesize><nrows></nrows><ncols></ncols></imagesize><object><name>restoration</name><deleted>0</deleted><verified>0</verified><occluded>no</occluded><attributes/><parts><hasparts/><ispartof>16</ispartof></parts><date>11-02-22 16:08:26:789</date><id>7</id><polygon><username>anonymous</username><pt><x>421</x><y>421</y><time>11-02-22 16:08:18:881</time></pt><pt><x>430</x><y>379</y><time>11-02-22 16:08:19:400</time></pt><pt><x>447</x><y>358</y><time>11-02-22 16:08:19:751</time></pt><pt><x>454</x><y>345</y><time>11-02-22 16:08:20:087</time></pt><pt><x>482</x><y>318</y><time>11-02-22 16:08:20:415</time></pt><pt><x>550</x><y>312</y><time>11-02-22 16:08:20:751</time></pt><pt><x>600</x><y>318</y><time>11-02-22 16:08:21:191</time></pt><pt><x>617</x><y>351</y><time>11-02-22 16:08:21:561</time></pt><pt><x>624</x><y>377</y><time>11-02-22 16:08:21:863</time></pt><pt><x>617</x><y>412</y><time>11-02-22 16:08:22:575</time></pt><pt><x>617</x><y>443</y><time>11-02-22 16:08:22:863</time></pt><pt><x>619</x><y>462</y><time>11-02-22 16:08:23:167</time></pt><pt><x>582</x><y>475</y><time>11-02-22 16:08:23:465</time></pt><pt><x>539</x><y>478</y><time>11-02-22 16:08:23:735</time></pt><pt><x>530</x><y>471</y><time>11-02-22 16:08:24:016</time></pt><pt><x>491</x><y>447</y><time>11-02-22 16:08:24:232</time></pt><pt><x>454</x><y>451</y><time>11-02-22 16:08:24:463</time></pt><pt><x>432</x><y>449</y><time>11-02-22 16:08:24:687</time></pt><closed_date>11-02-22 16:08:24:940</closed_date></polygon></object><object><name>restoration</name><deleted>0</deleted><verified>0</verified><occluded>no</occluded><attributes/><parts><hasparts/><ispartof>16</ispartof></parts><date>11-02-22 16:08:33:722</date><id>8</id><polygon><username>anonymous</username><pt><x>659</x><y>388</y><time>11-02-22 16:08:27:609</time></pt><pt><x>656</x><y>419</y><time>11-02-22 16:08:27:935</time></pt><pt><x>659</x><y>460</y><time>11-02-22 16:08:28:239</time></pt><pt><x>661</x><y>471</y><time>11-02-22 16:08:28:535</time></pt><pt><x>661</x><y>473</y><time>11-02-22 16:08:28:767</time></pt><pt><x>687</x><y>473</y><time>11-02-22 16:08:28:959</time></pt><pt><x>707</x><y>491</y><time>11-02-22 16:08:29:287</time></pt><pt><x>724</x><y>495</y><time>11-02-22 16:08:29:759</time></pt><pt><x>735</x><y>469</y><time>11-02-22 16:08:30:048</time></pt><pt><x>750</x><y>438</y><time>11-02-22 16:08:30:359</time></pt><pt><x>752</x><y>393</y><time>11-02-22 16:08:30:663</time></pt><pt><x>735</x><y>356</y><time>11-02-22 16:08:30:936</time></pt><pt><x>685</x><y>336</y><time>11-02-22 16:08:31:343</time></pt><pt><x>659</x><y>356</y><time>11-02-22 16:08:31:682</time></pt><closed_date>11-02-22 16:08:31:975</closed_date></polygon></object><object><name>restoration</name><deleted>0</deleted><verified>0</verified><occluded>no</occluded><attributes/><parts><hasparts/><ispartof>13</ispartof></parts><date>11-02-22 16:08:44:844</date><id>9</id><polygon><username>anonymous</username><pt><x>918</x><y>427</y><time>11-02-22 16:08:34:432</time></pt><pt><x>942</x><y>403</y><time>11-02-22 16:08:34:799</time></pt><pt><x>953</x><y>384</y><time>11-02-22 16:08:35:159</time></pt><pt><x>977</x><y>371</y><time>11-02-22 16:08:35:567</time></pt><pt><x>1008</x><y>371</y><time>11-02-22 16:08:35:935</time></pt><pt><x>1023</x><y>382</y><time>11-02-22 16:08:36:271</time></pt><pt><x>1043</x><y>390</y><time>11-02-22 16:08:36:578</time></pt><pt><x>1062</x><y>401</y><time>11-02-22 16:08:36:849</time></pt><pt><x>1082</x><y>417</y><time>11-02-22 16:08:37:183</time></pt><pt><x>1101</x><y>432</y><time>11-02-22 16:08:37:575</time></pt><pt><x>1080</x><y>449</y><time>11-02-22 16:08:41:040</time></pt><pt><x>1040</x><y>445</y><time>11-02-22 16:08:41:352</time></pt><pt><x>1014</x><y>438</y><time>11-02-22 16:08:41:639</time></pt><pt><x>995</x><y>441</y><time>11-02-22 16:08:41:895</time></pt><pt><x>964</x><y>449</y><time>11-02-22 16:08:42:119</time></pt><pt><x>947</x><y>451</y><time>11-02-22 16:08:42:360</time></pt><pt><x>925</x><y>443</y><time>11-02-22 16:08:42:592</time></pt><closed_date>11-02-22 16:08:42:943</closed_date></polygon></object><object><name>restoration</name><deleted>0</deleted><verified>0</verified><occluded>no</occluded><attributes/><parts><hasparts/><ispartof>13</ispartof></parts><date>11-02-22 16:08:51:673</date><id>10</id><polygon><username>anonymous</username><pt><x>1115</x><y>489</y><time>11-02-22 16:08:45:649</time></pt><pt><x>1112</x><y>441</y><time>11-02-22 16:08:46:142</time></pt><pt><x>1112</x><y>410</y><time>11-02-22 16:08:46:535</time></pt><pt><x>1125</x><y>373</y><time>11-02-22 16:08:46:863</time></pt><pt><x>1149</x><y>373</y><time>11-02-22 16:08:47:119</time></pt><pt><x>1160</x><y>382</y><time>11-02-22 16:08:47:343</time></pt><pt><x>1171</x><y>408</y><time>11-02-22 16:08:47:799</time></pt><pt><x>1171</x><y>465</y><time>11-02-22 16:08:48:111</time></pt><pt><x>1169</x><y>489</y><time>11-02-22 16:08:48:335</time></pt><pt><x>1162</x><y>506</y><time>11-02-22 16:08:48:679</time></pt><pt><x>1132</x><y>493</y><time>11-02-22 16:08:49:039</time></pt><closed_date>11-02-22 16:08:49:302</closed_date></polygon></object><object><name>restoration</name><deleted>0</deleted><verified>0</verified><occluded>no</occluded><attributes/><parts><hasparts/><ispartof>1</ispartof></parts><date>11-02-22 16:09:01:870</date><id>11</id><polygon><username>anonymous</username><pt><x>955</x><y>696</y><time>11-02-22 16:08:53:113</time></pt><pt><x>929</x><y>713</y><time>11-02-22 16:08:53:751</time></pt><pt><x>962</x><y>733</y><time>11-02-22 16:08:54:215</time></pt><pt><x>995</x><y>742</y><time>11-02-22 16:08:54:545</time></pt><pt><x>1001</x><y>757</y><time>11-02-22 16:08:54:793</time></pt><pt><x>1023</x><y>770</y><time>11-02-22 16:08:55:143</time></pt><pt><x>1064</x><y>748</y><time>11-02-22 16:08:55:687</time></pt><pt><x>1099</x><y>744</y><time>11-02-22 16:08:56:143</time></pt><pt><x>1121</x><y>746</y><time>11-02-22 16:08:56:464</time></pt><pt><x>1130</x><y>696</y><time>11-02-22 16:08:56:864</time></pt><pt><x>1123</x><y>663</y><time>11-02-22 16:08:57:223</time></pt><pt><x>1067</x><y>678</y><time>11-02-22 16:08:57:687</time></pt><pt><x>1045</x><y>687</y><time>11-02-22 16:08:58:031</time></pt><pt><x>1008</x><y>689</y><time>11-02-22 16:08:58:335</time></pt><pt><x>988</x><y>689</y><time>11-02-22 16:08:58:647</time></pt><closed_date>11-02-22 16:08:58:894</closed_date></polygon></object><object><name>restoration</name><deleted>0</deleted><verified>0</verified><occluded>no</occluded><attributes/><parts><hasparts/><ispartof>2</ispartof></parts><date>11-02-22 16:09:13:547</date><id>12</id><polygon><username>anonymous</username><pt><x>347</x><y>654</y><time>11-02-22 16:09:03:232</time></pt><pt><x>345</x><y>728</y><time>11-02-22 16:09:04:207</time></pt><pt><x>364</x><y>759</y><time>11-02-22 16:09:04:575</time></pt><pt><x>399</x><y>785</y><time>11-02-22 16:09:05:103</time></pt><pt><x>438</x><y>790</y><time>11-02-22 16:09:05:407</time></pt><pt><x>471</x><y>809</y><time>11-02-22 16:09:05:767</time></pt><pt><x>517</x><y>814</y><time>11-02-22 16:09:06:096</time></pt><pt><x>563</x><y>814</y><time>11-02-22 16:09:06:391</time></pt><pt><x>635</x><y>840</y><time>11-02-22 16:09:06:983</time></pt><pt><x>656</x><y>846</y><time>11-02-22 16:09:07:271</time></pt><pt><x>696</x><y>833</y><time>11-02-22 16:09:07:687</time></pt><pt><x>715</x><y>798</y><time>11-02-22 16:09:08:064</time></pt><pt><x>728</x><y>746</y><time>11-02-22 16:09:08:487</time></pt><pt><x>718</x><y>691</y><time>11-02-22 16:09:08:919</time></pt><pt><x>704</x><y>678</y><time>11-02-22 16:09:09:303</time></pt><pt><x>667</x><y>672</y><time>11-02-22 16:09:09:672</time></pt><pt><x>639</x><y>678</y><time>11-02-22 16:09:09:951</time></pt><pt><x>604</x><y>665</y><time>11-02-22 16:09:10:367</time></pt><pt><x>547</x><y>659</y><time>11-02-22 16:09:10:682</time></pt><pt><x>491</x><y>663</y><time>11-02-22 16:09:10:927</time></pt><pt><x>454</x><y>665</y><time>11-02-22 16:09:11:135</time></pt><pt><x>419</x><y>663</y><time>11-02-22 16:09:11:415</time></pt><pt><x>364</x><y>654</y><time>11-02-22 16:09:11:775</time></pt><closed_date>11-02-22 16:09:12:087</closed_date></polygon></object><object><name>tooth</name><deleted>0</deleted><verified>0</verified><occluded>no</occluded><attributes>27</attributes><parts><hasparts>10,9</hasparts><ispartof/></parts><date>16-02-22 14:58:57:667</date><id>13</id><type>bounding_box</type><polygon><username>anonymous</username><pt><x>1302</x><y>515</y><time>16-02-22 14:58:48:010</time></pt><pt><x>803</x><y>515</y><time>16-02-22 14:58:50:089</time></pt><pt><x>803</x><y>2</y><time>undefined</time></pt><pt><x>1302</x><y>2</y><time>undefined</time></pt><closed_date>16-02-22 14:58:50:089</closed_date></polygon></object><object><name>tooth</name><deleted>1</deleted><verified>0</verified><occluded>no</occluded><attributes>26</attributes><parts><hasparts></hasparts><ispartof/></parts><date>16-02-22 14:59:04:506</date><id>14</id><type>bounding_box</type><polygon><username>anonymous</username><pt><x>890</x><y>550</y><time>16-02-22 14:58:58:913</time></pt><pt><x>347</x><y>550</y><time>16-02-22 14:59:00:080</time></pt><pt><x>347</x><y>13</y><time>undefined</time></pt><pt><x>890</x><y>13</y><time>undefined</time></pt><closed_date>16-02-22 14:59:00:081</closed_date></polygon></object><object><name>tooth</name><deleted>0</deleted><verified>0</verified><occluded>no</occluded><attributes>25</attributes><parts><hasparts/><ispartof/></parts><date>16-02-22 14:59:14:312</date><id>15</id><type>bounding_box</type><polygon><username>anonymous</username><pt><x>334</x><y>486</y><time>16-02-22 14:59:07:385</time></pt><pt><x>33</x><y>486</y><time>16-02-22 14:59:08:889</time></pt><pt><x>33</x><y>7</y><time>undefined</time></pt><pt><x>334</x><y>7</y><time>undefined</time></pt><closed_date>16-02-22 14:59:08:889</closed_date></polygon></object><object><name>tooth</name><deleted>0</deleted><verified>0</verified><occluded>no</occluded><attributes>26</attributes><parts><hasparts>7,8</hasparts><ispartof></ispartof></parts><date>04-04-22 22:30:39:105</date><id>16</id><type>bounding_box</type><polygon><username>admin</username><pt><x>345</x><y>17</y><time>04-04-22 22:30:33:901</time></pt><pt><x>846</x><y>17</y><time>04-04-22 22:30:35:443</time></pt><pt><x>846</x><y>519</y><time>undefined</time></pt><pt><x>345</x><y>519</y><time>undefined</time></pt><closed_date>04-04-22 22:30:35:444</closed_date></polygon></object></annotation>