<?xml version='1.0' encoding='UTF-8'?>
<annotation><filename>imagem-112.jpg</filename><folder>segmentation_xray</folder><source><sourceImage>The MIT-CSAIL database of objects and scenes</sourceImage><sourceAnnotation>LabelMe Webtool</sourceAnnotation></source><object><name>tooth</name><deleted>0</deleted><verified>0</verified><occluded>no</occluded><attributes>28</attributes><parts><hasparts /><ispartof /></parts><date>16-05-21 18:28:32:779</date><id>0</id><type>bounding_box</type><polygon><username>anonymous</username><pt><x>1480</x><y>577</y><time>16-05-21 18:28:23:477</time></pt><pt><x>1610</x><y>577</y><time>16-05-21 18:28:27:564</time></pt><pt><x>1610</x><y>177</y><time>undefined</time></pt><pt><x>1480</x><y>177</y><time>undefined</time></pt><closed_date>16-05-21 18:28:27:565</closed_date></polygon></object><object><name>tooth</name><deleted>0</deleted><verified>0</verified><occluded>no</occluded><attributes>27</attributes><parts><hasparts>2</hasparts><ispartof /></parts><date>16-05-21 18:28:45:945</date><id>1</id><type>bounding_box</type><polygon><username>anonymous</username><pt><x>1048</x><y>573</y><time>16-05-21 18:28:35:003</time></pt><pt><x>1482</x><y>573</y><time>16-05-21 18:28:38:390</time></pt><pt><x>1482</x><y>2</y><time>undefined</time></pt><pt><x>1048</x><y>2</y><time>undefined</time></pt><closed_date>16-05-21 18:28:38:390</closed_date></polygon></object><object><name>restoration</name><deleted>0</deleted><verified>0</verified><occluded>no</occluded><attributes /><parts><hasparts /><ispartof>1</ispartof></parts><date>16-05-21 18:29:13:487</date><id>2</id><polygon><username>anonymous</username><pt><x>1212</x><y>480</y><time>16-05-21 18:29:01:880</time></pt><pt><x>1262</x><y>487</y><time>16-05-21 18:29:03:578</time></pt><pt><x>1305</x><y>475</y><time>16-05-21 18:29:04:514</time></pt><pt><x>1307</x><y>468</y><time>16-05-21 18:29:05:310</time></pt><pt><x>1303</x><y>443</y><time>16-05-21 18:29:05:897</time></pt><pt><x>1289</x><y>439</y><time>16-05-21 18:29:06:401</time></pt><pt><x>1287</x><y>416</y><time>16-05-21 18:29:06:809</time></pt><pt><x>1287</x><y>411</y><time>16-05-21 18:29:07:072</time></pt><pt><x>1273</x><y>407</y><time>16-05-21 18:29:07:273</time></pt><pt><x>1264</x><y>407</y><time>16-05-21 18:29:07:499</time></pt><pt><x>1250</x><y>407</y><time>16-05-21 18:29:07:745</time></pt><pt><x>1244</x><y>414</y><time>16-05-21 18:29:07:960</time></pt><pt><x>1237</x><y>423</y><time>16-05-21 18:29:08:164</time></pt><pt><x>1234</x><y>432</y><time>16-05-21 18:29:08:340</time></pt><pt><x>1232</x><y>443</y><time>16-05-21 18:29:08:547</time></pt><pt><x>1225</x><y>459</y><time>16-05-21 18:29:08:773</time></pt><closed_date>16-05-21 18:29:08:947</closed_date></polygon></object><object><name>tooth</name><deleted>0</deleted><verified>0</verified><occluded>no</occluded><attributes>26</attributes><parts><hasparts /><ispartof /></parts><date>16-05-21 18:29:29:726</date><id>3</id><type>bounding_box</type><polygon><username>anonymous</username><pt><x>664</x><y>516</y><time>16-05-21 18:29:18:184</time></pt><pt><x>1071</x><y>516</y><time>16-05-21 18:29:25:702</time></pt><pt><x>1071</x><y>2</y><time>undefined</time></pt><pt><x>664</x><y>2</y><time>undefined</time></pt><closed_date>16-05-21 18:29:25:702</closed_date></polygon></object><object><name>tooth</name><deleted>0</deleted><verified>0</verified><occluded>no</occluded><attributes>25</attributes><parts><hasparts /><ispartof /></parts><date>16-05-21 18:29:37:660</date><id>4</id><type>bounding_box</type><polygon><username>anonymous</username><pt><x>366</x><y>516</y><time>16-05-21 18:29:32:103</time></pt><pt><x>657</x><y>516</y><time>16-05-21 18:29:34:208</time></pt><pt><x>657</x><y>5</y><time>undefined</time></pt><pt><x>366</x><y>5</y><time>undefined</time></pt><closed_date>16-05-21 18:29:34:209</closed_date></polygon></object><object><name>tooth</name><deleted>0</deleted><verified>0</verified><occluded>no</occluded><attributes>24</attributes><parts><hasparts /><ispartof /></parts><date>16-05-21 18:29:47:636</date><id>5</id><type>bounding_box</type><polygon><username>anonymous</username><pt><x>77</x><y>502</y><time>16-05-21 18:29:39:204</time></pt><pt><x>382</x><y>502</y><time>16-05-21 18:29:41:467</time></pt><pt><x>382</x><y>7</y><time>undefined</time></pt><pt><x>77</x><y>7</y><time>undefined</time></pt><closed_date>16-05-21 18:29:41:468</closed_date></polygon></object><object><name>tooth</name><deleted>0</deleted><verified>0</verified><occluded>no</occluded><attributes>23</attributes><parts><hasparts /><ispartof /></parts><date>16-05-21 18:30:23:384</date><id>6</id><type>bounding_box</type><polygon><username>anonymous</username><pt><x>7</x><y>434</y><time>16-05-21 18:30:15:436</time></pt><pt><x>109</x><y>434</y><time>16-05-21 18:30:19:204</time></pt><pt><x>109</x><y>48</y><time>undefined</time></pt><pt><x>7</x><y>48</y><time>undefined</time></pt><closed_date>16-05-21 18:30:19:204</closed_date></polygon></object><object><name>tooth</name><deleted>0</deleted><verified>0</verified><occluded>no</occluded><attributes>38</attributes><parts><hasparts /><ispartof /></parts><date>16-05-21 18:30:39:897</date><id>7</id><type>bounding_box</type><polygon><username>anonymous</username><pt><x>1428</x><y>677</y><time>16-05-21 18:30:33:718</time></pt><pt><x>1612</x><y>677</y><time>16-05-21 18:30:35:961</time></pt><pt><x>1612</x><y>1119</y><time>undefined</time></pt><pt><x>1428</x><y>1119</y><time>undefined</time></pt><closed_date>16-05-21 18:30:35:961</closed_date></polygon></object><object><name>tooth</name><deleted>0</deleted><verified>0</verified><occluded>no</occluded><attributes>37</attributes><parts><hasparts /><ispartof /></parts><date>16-05-21 18:30:57:936</date><id>8</id><type>bounding_box</type><polygon><username>anonymous</username><pt><x>973</x><y>584</y><time>16-05-21 18:30:49:389</time></pt><pt><x>1444</x><y>584</y><time>16-05-21 18:30:53:854</time></pt><pt><x>1444</x><y>1228</y><time>undefined</time></pt><pt><x>973</x><y>1228</y><time>undefined</time></pt><closed_date>16-05-21 18:30:53:855</closed_date></polygon></object><object><name>tooth</name><deleted>0</deleted><verified>0</verified><occluded>no</occluded><attributes>36</attributes><parts><hasparts /><ispartof /></parts><date>16-05-21 18:31:10:097</date><id>9</id><type>bounding_box</type><polygon><username>anonymous</username><pt><x>539</x><y>616</y><time>16-05-21 18:30:59:906</time></pt><pt><x>1000</x><y>616</y><time>16-05-21 18:31:02:582</time></pt><pt><x>1000</x><y>1232</y><time>undefined</time></pt><pt><x>539</x><y>1232</y><time>undefined</time></pt><closed_date>16-05-21 18:31:02:582</closed_date></polygon></object><object><name>tooth</name><deleted>0</deleted><verified>0</verified><occluded>no</occluded><attributes>35</attributes><parts><hasparts>12</hasparts><ispartof /></parts><date>16-05-21 18:31:20:467</date><id>10</id><type>bounding_box</type><polygon><username>anonymous</username><pt><x>284</x><y>559</y><time>16-05-21 18:31:12:172</time></pt><pt><x>598</x><y>559</y><time>16-05-21 18:31:16:205</time></pt><pt><x>598</x><y>1234</y><time>undefined</time></pt><pt><x>284</x><y>1234</y><time>undefined</time></pt><closed_date>16-05-21 18:31:16:206</closed_date></polygon></object><object><name>tooth</name><deleted>0</deleted><verified>0</verified><occluded>no</occluded><attributes>34</attributes><parts><hasparts /><ispartof /></parts><date>16-05-21 18:31:35:223</date><id>11</id><type>bounding_box</type><polygon><username>anonymous</username><pt><x>11</x><y>514</y><time>16-05-21 18:31:24:235</time></pt><pt><x>305</x><y>514</y><time>16-05-21 18:31:30:746</time></pt><pt><x>305</x><y>1198</y><time>undefined</time></pt><pt><x>11</x><y>1198</y><time>undefined</time></pt><closed_date>16-05-21 18:31:30:746</closed_date></polygon></object><object><name>restoration</name><deleted>0</deleted><verified>0</verified><occluded>no</occluded><attributes /><parts><hasparts /><ispartof>10</ispartof></parts><date>16-05-21 18:32:20:440</date><id>12</id><polygon><username>anonymous</username><pt><x>332</x><y>716</y><time>16-05-21 18:32:07:612</time></pt><pt><x>364</x><y>734</y><time>16-05-21 18:32:08:311</time></pt><pt><x>391</x><y>730</y><time>16-05-21 18:32:08:834</time></pt><pt><x>402</x><y>723</y><time>16-05-21 18:32:09:272</time></pt><pt><x>418</x><y>714</y><time>16-05-21 18:32:09:743</time></pt><pt><x>434</x><y>696</y><time>16-05-21 18:32:10:827</time></pt><pt><x>448</x><y>666</y><time>16-05-21 18:32:11:805</time></pt><pt><x>455</x><y>646</y><time>16-05-21 18:32:12:336</time></pt><pt><x>466</x><y>632</y><time>16-05-21 18:32:12:641</time></pt><pt><x>471</x><y>625</y><time>16-05-21 18:32:12:993</time></pt><pt><x>477</x><y>616</y><time>16-05-21 18:32:13:304</time></pt><pt><x>443</x><y>600</y><time>16-05-21 18:32:13:834</time></pt><pt><x>436</x><y>596</y><time>16-05-21 18:32:14:105</time></pt><pt><x>423</x><y>587</y><time>16-05-21 18:32:14:331</time></pt><pt><x>407</x><y>591</y><time>16-05-21 18:32:14:594</time></pt><pt><x>389</x><y>600</y><time>16-05-21 18:32:14:835</time></pt><pt><x>375</x><y>607</y><time>16-05-21 18:32:15:041</time></pt><pt><x>364</x><y>612</y><time>16-05-21 18:32:15:256</time></pt><pt><x>355</x><y>621</y><time>16-05-21 18:32:15:455</time></pt><pt><x>348</x><y>630</y><time>16-05-21 18:32:15:665</time></pt><pt><x>343</x><y>646</y><time>16-05-21 18:32:15:873</time></pt><pt><x>341</x><y>655</y><time>16-05-21 18:32:16:060</time></pt><pt><x>339</x><y>675</y><time>16-05-21 18:32:16:270</time></pt><pt><x>336</x><y>680</y><time>16-05-21 18:32:16:458</time></pt><pt><x>336</x><y>696</y><time>16-05-21 18:32:16:680</time></pt><closed_date>16-05-21 18:32:17:297</closed_date></polygon></object><imagesize><nrows /><ncols /></imagesize></annotation>