<?xml version='1.0' encoding='UTF-8'?>
<annotation><filename>imagem-116.jpg</filename><folder>segmentation_xray</folder><source><sourceImage>The MIT-CSAIL database of objects and scenes</sourceImage><sourceAnnotation>LabelMe Webtool</sourceAnnotation></source><object><name>tooth</name><deleted>0</deleted><verified>0</verified><occluded>no</occluded><attributes>18</attributes><parts><hasparts /><ispartof /></parts><date>12-05-21 11:10:53:963</date><id>0</id><type>bounding_box</type><polygon><username>anonymous</username><pt><x>130</x><y>4</y><time>12-05-21 11:10:44:430</time></pt><pt><x>522</x><y>4</y><time>12-05-21 11:10:47:303</time></pt><pt><x>522</x><y>542</y><time>undefined</time></pt><pt><x>130</x><y>542</y><time>undefined</time></pt><closed_date>12-05-21 11:10:47:303</closed_date></polygon></object><object><name>tooth</name><deleted>0</deleted><verified>0</verified><occluded>no</occluded><attributes>17</attributes><parts><hasparts>2</hasparts><ispartof /></parts><date>12-05-21 11:11:20:248</date><id>1</id><type>bounding_box</type><polygon><username>anonymous</username><pt><x>915</x><y>581</y><time>12-05-21 11:11:09:419</time></pt><pt><x>497</x><y>581</y><time>12-05-21 11:11:12:676</time></pt><pt><x>497</x><y>12</y><time>undefined</time></pt><pt><x>915</x><y>12</y><time>undefined</time></pt><closed_date>12-05-21 11:11:12:676</closed_date></polygon></object><object><name>restoration</name><deleted>0</deleted><verified>0</verified><occluded>no</occluded><attributes /><parts><hasparts /><ispartof>1</ispartof></parts><date>12-05-21 11:11:52:192</date><id>2</id><polygon><username>anonymous</username><pt><x>558</x><y>432</y><time>12-05-21 11:11:33:790</time></pt><pt><x>595</x><y>452</y><time>12-05-21 11:11:34:463</time></pt><pt><x>626</x><y>465</y><time>12-05-21 11:11:34:991</time></pt><pt><x>658</x><y>465</y><time>12-05-21 11:11:35:478</time></pt><pt><x>679</x><y>465</y><time>12-05-21 11:11:35:991</time></pt><pt><x>691</x><y>448</y><time>12-05-21 11:11:36:616</time></pt><pt><x>715</x><y>448</y><time>12-05-21 11:11:37:077</time></pt><pt><x>721</x><y>458</y><time>12-05-21 11:11:37:583</time></pt><pt><x>719</x><y>465</y><time>12-05-21 11:11:38:113</time></pt><pt><x>719</x><y>469</y><time>12-05-21 11:11:38:624</time></pt><pt><x>736</x><y>479</y><time>12-05-21 11:11:39:193</time></pt><pt><x>793</x><y>473</y><time>12-05-21 11:11:39:680</time></pt><pt><x>813</x><y>458</y><time>12-05-21 11:11:40:363</time></pt><pt><x>831</x><y>509</y><time>12-05-21 11:11:40:834</time></pt><pt><x>844</x><y>536</y><time>12-05-21 11:11:41:583</time></pt><pt><x>829</x><y>542</y><time>12-05-21 11:11:42:046</time></pt><pt><x>770</x><y>558</y><time>12-05-21 11:11:42:655</time></pt><pt><x>727</x><y>571</y><time>12-05-21 11:11:43:312</time></pt><pt><x>695</x><y>558</y><time>12-05-21 11:11:43:879</time></pt><pt><x>638</x><y>554</y><time>12-05-21 11:11:44:451</time></pt><pt><x>575</x><y>542</y><time>12-05-21 11:11:45:012</time></pt><pt><x>536</x><y>520</y><time>12-05-21 11:11:45:483</time></pt><pt><x>522</x><y>487</y><time>12-05-21 11:11:46:084</time></pt><pt><x>520</x><y>473</y><time>12-05-21 11:11:46:604</time></pt><pt><x>544</x><y>454</y><time>12-05-21 11:11:47:149</time></pt><closed_date>12-05-21 11:11:47:675</closed_date></polygon></object><object><name>tooth</name><deleted>0</deleted><verified>0</verified><occluded>no</occluded><attributes>16</attributes><parts><hasparts>4</hasparts><ispartof /></parts><date>12-05-21 11:18:01:883</date><id>3</id><type>bounding_box</type><polygon><username>anonymous</username><pt><x>1316</x><y>597</y><time>12-05-21 11:17:52:651</time></pt><pt><x>833</x><y>597</y><time>12-05-21 11:17:56:087</time></pt><pt><x>833</x><y>16</y><time>undefined</time></pt><pt><x>1316</x><y>16</y><time>undefined</time></pt><closed_date>12-05-21 11:17:56:087</closed_date></polygon></object><object><name>restoration</name><deleted>0</deleted><verified>0</verified><occluded>no</occluded><attributes /><parts><hasparts /><ispartof>3</ispartof></parts><date>12-05-21 11:18:40:606</date><id>4</id><polygon><username>anonymous</username><pt><x>933</x><y>475</y><time>12-05-21 11:18:21:620</time></pt><pt><x>996</x><y>483</y><time>12-05-21 11:18:22:253</time></pt><pt><x>1056</x><y>483</y><time>12-05-21 11:18:22:862</time></pt><pt><x>1070</x><y>473</y><time>12-05-21 11:18:23:439</time></pt><pt><x>1115</x><y>473</y><time>12-05-21 11:18:23:952</time></pt><pt><x>1166</x><y>479</y><time>12-05-21 11:18:24:497</time></pt><pt><x>1214</x><y>491</y><time>12-05-21 11:18:25:040</time></pt><pt><x>1221</x><y>505</y><time>12-05-21 11:18:25:877</time></pt><pt><x>1198</x><y>505</y><time>12-05-21 11:18:26:405</time></pt><pt><x>1194</x><y>524</y><time>12-05-21 11:18:26:966</time></pt><pt><x>1155</x><y>540</y><time>12-05-21 11:18:27:771</time></pt><pt><x>1113</x><y>540</y><time>12-05-21 11:18:28:437</time></pt><pt><x>1080</x><y>542</y><time>12-05-21 11:18:29:006</time></pt><pt><x>1066</x><y>524</y><time>12-05-21 11:18:29:640</time></pt><pt><x>1051</x><y>524</y><time>12-05-21 11:18:30:192</time></pt><pt><x>1049</x><y>536</y><time>12-05-21 11:18:30:744</time></pt><pt><x>1037</x><y>540</y><time>12-05-21 11:18:31:346</time></pt><pt><x>1009</x><y>538</y><time>12-05-21 11:18:31:866</time></pt><pt><x>992</x><y>538</y><time>12-05-21 11:18:32:386</time></pt><pt><x>931</x><y>528</y><time>12-05-21 11:18:33:223</time></pt><pt><x>903</x><y>520</y><time>12-05-21 11:18:34:069</time></pt><pt><x>903</x><y>495</y><time>12-05-21 11:18:34:694</time></pt><pt><x>915</x><y>477</y><time>12-05-21 11:18:35:376</time></pt><closed_date>12-05-21 11:18:36:051</closed_date></polygon></object><object><name>tooth</name><deleted>0</deleted><verified>0</verified><occluded>no</occluded><attributes>15</attributes><parts><hasparts>6</hasparts><ispartof /></parts><date>12-05-21 11:18:58:818</date><id>5</id><type>bounding_box</type><polygon><username>anonymous</username><pt><x>1577</x><y>593</y><time>12-05-21 11:18:46:178</time></pt><pt><x>1265</x><y>593</y><time>12-05-21 11:18:50:476</time></pt><pt><x>1265</x><y>10</y><time>undefined</time></pt><pt><x>1577</x><y>10</y><time>undefined</time></pt><closed_date>12-05-21 11:18:50:476</closed_date></polygon></object><object><name>restoration</name><deleted>0</deleted><verified>0</verified><occluded>no</occluded><attributes /><parts><hasparts /><ispartof>5</ispartof></parts><date>12-05-21 11:19:50:780</date><id>6</id><polygon><username>anonymous</username><pt><x>1496</x><y>458</y><time>12-05-21 11:19:25:073</time></pt><pt><x>1441</x><y>456</y><time>12-05-21 11:19:25:925</time></pt><pt><x>1433</x><y>456</y><time>12-05-21 11:19:32:353</time></pt><pt><x>1412</x><y>456</y><time>12-05-21 11:19:33:190</time></pt><pt><x>1422</x><y>430</y><time>12-05-21 11:19:33:937</time></pt><pt><x>1412</x><y>389</y><time>12-05-21 11:19:34:563</time></pt><pt><x>1388</x><y>371</y><time>12-05-21 11:19:35:108</time></pt><pt><x>1359</x><y>371</y><time>12-05-21 11:19:35:668</time></pt><pt><x>1331</x><y>379</y><time>12-05-21 11:19:36:245</time></pt><pt><x>1306</x><y>397</y><time>12-05-21 11:19:36:728</time></pt><pt><x>1286</x><y>416</y><time>12-05-21 11:19:37:415</time></pt><pt><x>1286</x><y>430</y><time>12-05-21 11:19:38:008</time></pt><pt><x>1292</x><y>501</y><time>12-05-21 11:19:38:602</time></pt><pt><x>1298</x><y>511</y><time>12-05-21 11:19:39:114</time></pt><pt><x>1345</x><y>532</y><time>12-05-21 11:19:39:748</time></pt><pt><x>1349</x><y>546</y><time>12-05-21 11:19:40:585</time></pt><pt><x>1390</x><y>536</y><time>12-05-21 11:19:41:094</time></pt><pt><x>1441</x><y>530</y><time>12-05-21 11:19:41:747</time></pt><pt><x>1481</x><y>530</y><time>12-05-21 11:19:42:219</time></pt><pt><x>1514</x><y>522</y><time>12-05-21 11:19:42:747</time></pt><pt><x>1516</x><y>493</y><time>12-05-21 11:19:43:292</time></pt><pt><x>1518</x><y>471</y><time>12-05-21 11:19:43:882</time></pt><pt><x>1518</x><y>471</y><time>12-05-21 11:19:44:104</time></pt><pt><x>1518</x><y>471</y><time>12-05-21 11:19:44:396</time></pt><closed_date>12-05-21 11:19:45:356</closed_date></polygon></object><object><name>tooth</name><deleted>0</deleted><verified>0</verified><occluded>no</occluded><attributes>48</attributes><parts><hasparts /><ispartof /></parts><date>12-05-21 11:20:20:745</date><id>7</id><type>bounding_box</type><polygon><username>anonymous</username><pt><x>177</x><y>1235</y><time>12-05-21 11:20:02:131</time></pt><pt><x>648</x><y>1235</y><time>12-05-21 11:20:08:891</time></pt><pt><x>648</x><y>589</y><time>undefined</time></pt><pt><x>177</x><y>589</y><time>undefined</time></pt><closed_date>12-05-21 11:20:08:892</closed_date></polygon></object><object><name>tooth</name><deleted>0</deleted><verified>0</verified><occluded>no</occluded><attributes>47</attributes><parts><hasparts>11</hasparts><ispartof /></parts><date>12-05-21 11:20:47:661</date><id>8</id><type>bounding_box</type><polygon><username>anonymous</username><pt><x>1094</x><y>1241</y><time>12-05-21 11:20:33:347</time></pt><pt><x>617</x><y>1241</y><time>12-05-21 11:20:38:588</time></pt><pt><x>617</x><y>679</y><time>undefined</time></pt><pt><x>1094</x><y>679</y><time>undefined</time></pt><closed_date>12-05-21 11:20:38:588</closed_date></polygon></object><object><name>restoration</name><deleted>1</deleted><verified>0</verified><occluded>no</occluded><attributes /><parts><hasparts /><ispartof /></parts><date>12-05-21 11:21:52:046</date><id>9</id><polygon><username>anonymous</username><pt><x>752</x><y>709</y><time>12-05-21 11:21:30:438</time></pt><pt><x>819</x><y>717</y><time>12-05-21 11:21:31:234</time></pt><pt><x>846</x><y>711</y><time>12-05-21 11:21:32:045</time></pt><pt><x>868</x><y>723</y><time>12-05-21 11:21:32:771</time></pt><pt><x>901</x><y>723</y><time>12-05-21 11:21:33:330</time></pt><pt><x>943</x><y>723</y><time>12-05-21 11:21:33:875</time></pt><pt><x>990</x><y>738</y><time>12-05-21 11:21:34:639</time></pt><pt><x>1019</x><y>762</y><time>12-05-21 11:21:35:395</time></pt><pt><x>1039</x><y>778</y><time>12-05-21 11:21:36:053</time></pt><pt><x>1045</x><y>789</y><time>12-05-21 11:21:36:712</time></pt><pt><x>1049</x><y>817</y><time>12-05-21 11:21:37:427</time></pt><pt><x>1049</x><y>837</y><time>12-05-21 11:21:38:168</time></pt><pt><x>1023</x><y>858</y><time>12-05-21 11:21:38:995</time></pt><pt><x>982</x><y>868</y><time>12-05-21 11:21:39:913</time></pt><pt><x>945</x><y>866</y><time>12-05-21 11:21:40:466</time></pt><pt><x>905</x><y>866</y><time>12-05-21 11:21:41:189</time></pt><pt><x>886</x><y>868</y><time>12-05-21 11:21:41:888</time></pt><pt><x>858</x><y>852</y><time>12-05-21 11:21:42:458</time></pt><pt><x>837</x><y>829</y><time>12-05-21 11:21:43:067</time></pt><pt><x>797</x><y>829</y><time>12-05-21 11:21:43:563</time></pt><pt><x>732</x><y>811</y><time>12-05-21 11:21:44:407</time></pt><pt><x>707</x><y>785</y><time>12-05-21 11:21:45:116</time></pt><pt><x>699</x><y>766</y><time>12-05-21 11:21:45:749</time></pt><pt><x>699</x><y>738</y><time>12-05-21 11:21:46:303</time></pt><pt><x>699</x><y>719</y><time>12-05-21 11:21:46:838</time></pt><pt><x>729</x><y>711</y><time>12-05-21 11:21:47:342</time></pt><closed_date>12-05-21 11:21:47:846</closed_date></polygon></object><object><name>tooth</name><deleted>0</deleted><verified>0</verified><occluded>no</occluded><attributes>46</attributes><parts><hasparts>12</hasparts><ispartof /></parts><date>12-05-21 11:22:08:746</date><id>10</id><type>bounding_box</type><polygon><username>anonymous</username><pt><x>1565</x><y>703</y><time>12-05-21 11:22:00:232</time></pt><pt><x>1088</x><y>703</y><time>12-05-21 11:22:03:457</time></pt><pt><x>1088</x><y>1239</y><time>undefined</time></pt><pt><x>1565</x><y>1239</y><time>undefined</time></pt><closed_date>12-05-21 11:22:03:458</closed_date></polygon></object><object><name>restoration</name><deleted>0</deleted><verified>0</verified><occluded>no</occluded><attributes /><parts><hasparts /><ispartof>8</ispartof></parts><date>12-05-21 11:23:13:416</date><id>11</id><polygon><username>anonymous</username><pt><x>705</x><y>734</y><time>12-05-21 11:22:56:612</time></pt><pt><x>705</x><y>782</y><time>12-05-21 11:22:57:440</time></pt><pt><x>736</x><y>807</y><time>12-05-21 11:22:58:220</time></pt><pt><x>835</x><y>829</y><time>12-05-21 11:22:59:015</time></pt><pt><x>864</x><y>850</y><time>12-05-21 11:22:59:708</time></pt><pt><x>897</x><y>866</y><time>12-05-21 11:23:00:413</time></pt><pt><x>964</x><y>874</y><time>12-05-21 11:23:00:991</time></pt><pt><x>1037</x><y>850</y><time>12-05-21 11:23:01:666</time></pt><pt><x>1053</x><y>837</y><time>12-05-21 11:23:02:308</time></pt><pt><x>1056</x><y>807</y><time>12-05-21 11:23:02:990</time></pt><pt><x>1027</x><y>764</y><time>12-05-21 11:23:03:640</time></pt><pt><x>984</x><y>734</y><time>12-05-21 11:23:04:364</time></pt><pt><x>945</x><y>717</y><time>12-05-21 11:23:04:954</time></pt><pt><x>895</x><y>729</y><time>12-05-21 11:23:05:509</time></pt><pt><x>864</x><y>725</y><time>12-05-21 11:23:06:087</time></pt><pt><x>837</x><y>707</y><time>12-05-21 11:23:06:770</time></pt><pt><x>817</x><y>709</y><time>12-05-21 11:23:07:460</time></pt><pt><x>776</x><y>709</y><time>12-05-21 11:23:07:997</time></pt><pt><x>734</x><y>709</y><time>12-05-21 11:23:08:523</time></pt><pt><x>719</x><y>711</y><time>12-05-21 11:23:09:067</time></pt><closed_date>12-05-21 11:23:09:631</closed_date></polygon></object><object><name>restoration</name><deleted>0</deleted><verified>0</verified><occluded>no</occluded><attributes /><parts><hasparts /><ispartof>10</ispartof></parts><date>12-05-21 11:23:43:445</date><id>12</id><polygon><username>anonymous</username><pt><x>1286</x><y>776</y><time>12-05-21 11:23:22:270</time></pt><pt><x>1320</x><y>732</y><time>12-05-21 11:23:23:226</time></pt><pt><x>1369</x><y>727</y><time>12-05-21 11:23:23:854</time></pt><pt><x>1402</x><y>723</y><time>12-05-21 11:23:24:463</time></pt><pt><x>1437</x><y>719</y><time>12-05-21 11:23:25:138</time></pt><pt><x>1467</x><y>721</y><time>12-05-21 11:23:25:690</time></pt><pt><x>1485</x><y>752</y><time>12-05-21 11:23:26:324</time></pt><pt><x>1496</x><y>791</y><time>12-05-21 11:23:26:958</time></pt><pt><x>1473</x><y>801</y><time>12-05-21 11:23:27:535</time></pt><pt><x>1447</x><y>807</y><time>12-05-21 11:23:28:047</time></pt><pt><x>1424</x><y>807</y><time>12-05-21 11:23:28:591</time></pt><pt><x>1410</x><y>817</y><time>12-05-21 11:23:29:340</time></pt><pt><x>1386</x><y>840</y><time>12-05-21 11:23:30:518</time></pt><pt><x>1402</x><y>866</y><time>12-05-21 11:23:31:371</time></pt><pt><x>1398</x><y>899</y><time>12-05-21 11:23:32:184</time></pt><pt><x>1380</x><y>919</y><time>12-05-21 11:23:32:940</time></pt><pt><x>1351</x><y>919</y><time>12-05-21 11:23:33:508</time></pt><pt><x>1312</x><y>913</y><time>12-05-21 11:23:34:460</time></pt><pt><x>1310</x><y>886</y><time>12-05-21 11:23:35:077</time></pt><pt><x>1288</x><y>868</y><time>12-05-21 11:23:35:809</time></pt><pt><x>1288</x><y>854</y><time>12-05-21 11:23:36:361</time></pt><pt><x>1302</x><y>835</y><time>12-05-21 11:23:37:150</time></pt><pt><x>1302</x><y>833</y><time>12-05-21 11:23:37:654</time></pt><pt><x>1292</x><y>831</y><time>12-05-21 11:23:38:271</time></pt><pt><x>1290</x><y>803</y><time>12-05-21 11:23:38:922</time></pt><closed_date>12-05-21 11:23:39:678</closed_date></polygon></object><imagesize><nrows /><ncols /></imagesize></annotation>