<?xml version='1.0' encoding='UTF-8'?>
<annotation><filename>imagem-073.jpg</filename><folder>segmentation_xray</folder><source><sourceImage>The MIT-CSAIL database of objects and scenes</sourceImage><sourceAnnotation>LabelMe Webtool</sourceAnnotation></source><object><name>caries</name><deleted>1</deleted><verified>0</verified><occluded>no</occluded><attributes /><parts><hasparts /><ispartof /></parts><date>02-05-21 20:15:16:309</date><id>0</id><polygon><username>anonymous</username><pt><x>295</x><y>465</y><time>02-05-21 20:15:03:335</time></pt><pt><x>314</x><y>493</y><time>02-05-21 20:15:04:079</time></pt><pt><x>377</x><y>480</y><time>02-05-21 20:15:04:898</time></pt><pt><x>351</x><y>463</y><time>02-05-21 20:15:05:698</time></pt><closed_date>02-05-21 20:15:06:748</closed_date></polygon></object><imagesize><nrows /><ncols /></imagesize><object><name>tooth</name><deleted>0</deleted><verified>0</verified><occluded>no</occluded><attributes>37</attributes><parts><hasparts>2</hasparts><ispartof /></parts><date>18-05-21 20:55:46:579</date><id>1</id><type>bounding_box</type><polygon><username>anonymous</username><pt><x>774</x><y>345</y><time>18-05-21 20:55:28:627</time></pt><pt><x>1211</x><y>345</y><time>18-05-21 20:55:33:893</time></pt><pt><x>1211</x><y>943</y><time>undefined</time></pt><pt><x>774</x><y>943</y><time>undefined</time></pt><closed_date>18-05-21 20:55:33:894</closed_date></polygon></object><object><name>restoration</name><deleted>0</deleted><verified>0</verified><occluded>no</occluded><attributes /><parts><hasparts /><ispartof>1</ispartof></parts><date>18-05-21 20:57:02:826</date><id>2</id><polygon><username>anonymous</username><pt><x>912</x><y>526</y><time>18-05-21 20:56:08:467</time></pt><pt><x>898</x><y>549</y><time>18-05-21 20:56:09:263</time></pt><pt><x>891</x><y>572</y><time>18-05-21 20:56:09:847</time></pt><pt><x>880</x><y>589</y><time>18-05-21 20:56:10:486</time></pt><pt><x>868</x><y>593</y><time>18-05-21 20:56:17:593</time></pt><pt><x>856</x><y>587</y><time>18-05-21 20:56:18:217</time></pt><pt><x>847</x><y>579</y><time>18-05-21 20:56:18:932</time></pt><pt><x>833</x><y>573</y><time>18-05-21 20:56:19:432</time></pt><pt><x>816</x><y>563</y><time>18-05-21 20:56:19:978</time></pt><pt><x>804</x><y>546</y><time>18-05-21 20:56:20:514</time></pt><pt><x>790</x><y>507</y><time>18-05-21 20:56:21:059</time></pt><pt><x>783</x><y>478</y><time>18-05-21 20:56:22:031</time></pt><pt><x>791</x><y>455</y><time>18-05-21 20:56:22:746</time></pt><pt><x>816</x><y>441</y><time>18-05-21 20:56:23:278</time></pt><pt><x>837</x><y>424</y><time>18-05-21 20:56:23:799</time></pt><pt><x>868</x><y>390</y><time>18-05-21 20:56:24:616</time></pt><pt><x>898</x><y>389</y><time>18-05-21 20:56:25:252</time></pt><pt><x>929</x><y>387</y><time>18-05-21 20:56:25:828</time></pt><pt><x>950</x><y>380</y><time>18-05-21 20:56:26:667</time></pt><pt><x>999</x><y>363</y><time>18-05-21 20:56:27:464</time></pt><pt><x>1027</x><y>359</y><time>18-05-21 20:56:28:052</time></pt><pt><x>1041</x><y>371</y><time>18-05-21 20:56:34:060</time></pt><pt><x>1053</x><y>392</y><time>18-05-21 20:56:34:551</time></pt><pt><x>1070</x><y>408</y><time>18-05-21 20:56:35:139</time></pt><pt><x>1079</x><y>424</y><time>18-05-21 20:56:35:686</time></pt><pt><x>1077</x><y>443</y><time>18-05-21 20:56:36:230</time></pt><pt><x>1070</x><y>457</y><time>18-05-21 20:56:36:771</time></pt><pt><x>1063</x><y>464</y><time>18-05-21 20:56:37:369</time></pt><pt><x>1049</x><y>471</y><time>18-05-21 20:56:37:924</time></pt><pt><x>1030</x><y>472</y><time>18-05-21 20:56:38:452</time></pt><pt><x>997</x><y>492</y><time>18-05-21 20:56:39:424</time></pt><pt><x>981</x><y>502</y><time>18-05-21 20:56:39:990</time></pt><pt><x>960</x><y>502</y><time>18-05-21 20:56:40:488</time></pt><pt><x>947</x><y>500</y><time>18-05-21 20:56:40:985</time></pt><pt><x>929</x><y>500</y><time>18-05-21 20:56:41:482</time></pt><pt><x>913</x><y>509</y><time>18-05-21 20:56:41:983</time></pt><closed_date>18-05-21 20:56:42:955</closed_date></polygon></object><object><name>tooth</name><deleted>0</deleted><verified>0</verified><occluded>no</occluded><attributes>36</attributes><parts><hasparts>4,5,6</hasparts><ispartof /></parts><date>18-05-21 20:59:02:002</date><id>3</id><type>bounding_box</type><polygon><username>anonymous</username><pt><x>390</x><y>427</y><time>18-05-21 20:58:45:995</time></pt><pt><x>894</x><y>427</y><time>18-05-21 20:58:50:265</time></pt><pt><x>894</x><y>945</y><time>undefined</time></pt><pt><x>390</x><y>945</y><time>undefined</time></pt><closed_date>18-05-21 20:58:50:266</closed_date></polygon></object><object><name>restoration</name><deleted>0</deleted><verified>0</verified><occluded>no</occluded><attributes /><parts><hasparts /><ispartof>3</ispartof></parts><date>18-05-21 20:59:55:822</date><id>4</id><polygon><username>anonymous</username><pt><x>436</x><y>573</y><time>18-05-21 20:59:23:447</time></pt><pt><x>458</x><y>570</y><time>18-05-21 20:59:24:191</time></pt><pt><x>472</x><y>558</y><time>18-05-21 20:59:24:774</time></pt><pt><x>488</x><y>558</y><time>18-05-21 20:59:25:338</time></pt><pt><x>504</x><y>573</y><time>18-05-21 20:59:26:249</time></pt><pt><x>511</x><y>598</y><time>18-05-21 20:59:26:764</time></pt><pt><x>519</x><y>636</y><time>18-05-21 20:59:27:315</time></pt><pt><x>525</x><y>652</y><time>18-05-21 20:59:27:796</time></pt><pt><x>537</x><y>671</y><time>18-05-21 20:59:28:351</time></pt><pt><x>551</x><y>683</y><time>18-05-21 20:59:28:879</time></pt><pt><x>567</x><y>690</y><time>18-05-21 20:59:29:467</time></pt><pt><x>586</x><y>690</y><time>18-05-21 20:59:30:013</time></pt><pt><x>614</x><y>687</y><time>18-05-21 20:59:30:604</time></pt><pt><x>621</x><y>682</y><time>18-05-21 20:59:31:427</time></pt><pt><x>624</x><y>673</y><time>18-05-21 20:59:31:929</time></pt><pt><x>633</x><y>659</y><time>18-05-21 20:59:32:338</time></pt><pt><x>654</x><y>655</y><time>18-05-21 20:59:32:802</time></pt><pt><x>676</x><y>661</y><time>18-05-21 20:59:33:277</time></pt><pt><x>697</x><y>662</y><time>18-05-21 20:59:33:751</time></pt><pt><x>718</x><y>654</y><time>18-05-21 20:59:34:187</time></pt><pt><x>730</x><y>648</y><time>18-05-21 20:59:34:635</time></pt><pt><x>737</x><y>645</y><time>18-05-21 20:59:35:129</time></pt><pt><x>750</x><y>631</y><time>18-05-21 20:59:36:033</time></pt><pt><x>748</x><y>621</y><time>18-05-21 20:59:37:407</time></pt><pt><x>750</x><y>589</y><time>18-05-21 20:59:37:925</time></pt><pt><x>750</x><y>567</y><time>18-05-21 20:59:38:401</time></pt><pt><x>748</x><y>546</y><time>18-05-21 20:59:38:824</time></pt><pt><x>748</x><y>530</y><time>18-05-21 20:59:39:224</time></pt><pt><x>750</x><y>514</y><time>18-05-21 20:59:39:588</time></pt><pt><x>750</x><y>509</y><time>18-05-21 20:59:39:893</time></pt><pt><x>750</x><y>492</y><time>18-05-21 20:59:40:258</time></pt><pt><x>750</x><y>471</y><time>18-05-21 20:59:41:076</time></pt><pt><x>741</x><y>448</y><time>18-05-21 20:59:41:552</time></pt><pt><x>725</x><y>444</y><time>18-05-21 20:59:41:932</time></pt><pt><x>718</x><y>444</y><time>18-05-21 20:59:42:249</time></pt><pt><x>685</x><y>441</y><time>18-05-21 20:59:42:775</time></pt><pt><x>633</x><y>446</y><time>18-05-21 20:59:43:662</time></pt><pt><x>598</x><y>448</y><time>18-05-21 20:59:44:202</time></pt><pt><x>575</x><y>444</y><time>18-05-21 20:59:44:681</time></pt><pt><x>549</x><y>436</y><time>18-05-21 20:59:45:216</time></pt><pt><x>525</x><y>434</y><time>18-05-21 20:59:45:717</time></pt><pt><x>486</x><y>443</y><time>18-05-21 20:59:46:253</time></pt><pt><x>472</x><y>443</y><time>18-05-21 20:59:46:713</time></pt><pt><x>446</x><y>441</y><time>18-05-21 20:59:47:214</time></pt><pt><x>443</x><y>441</y><time>18-05-21 20:59:47:599</time></pt><pt><x>432</x><y>441</y><time>18-05-21 20:59:47:936</time></pt><pt><x>431</x><y>441</y><time>18-05-21 20:59:48:343</time></pt><pt><x>417</x><y>450</y><time>18-05-21 20:59:48:949</time></pt><pt><x>403</x><y>467</y><time>18-05-21 20:59:49:491</time></pt><pt><x>403</x><y>492</y><time>18-05-21 20:59:50:007</time></pt><pt><x>410</x><y>519</y><time>18-05-21 20:59:50:636</time></pt><pt><x>417</x><y>537</y><time>18-05-21 20:59:51:104</time></pt><pt><x>424</x><y>560</y><time>18-05-21 20:59:51:517</time></pt><closed_date>18-05-21 20:59:51:927</closed_date></polygon></object><object><name>root canal treatment</name><deleted>0</deleted><verified>0</verified><occluded>no</occluded><attributes /><parts><hasparts /><ispartof>3</ispartof></parts><date>18-05-21 21:01:20:630</date><id>5</id><polygon><username>anonymous</username><pt><x>537</x><y>689</y><time>18-05-21 21:00:02:520</time></pt><pt><x>537</x><y>725</y><time>18-05-21 21:00:03:289</time></pt><pt><x>540</x><y>757</y><time>18-05-21 21:00:03:895</time></pt><pt><x>546</x><y>795</y><time>18-05-21 21:00:04:522</time></pt><pt><x>549</x><y>831</y><time>18-05-21 21:00:05:161</time></pt><pt><x>556</x><y>852</y><time>18-05-21 21:00:06:049</time></pt><pt><x>565</x><y>884</y><time>18-05-21 21:00:06:697</time></pt><pt><x>580</x><y>912</y><time>18-05-21 21:00:07:325</time></pt><pt><x>593</x><y>943</y><time>18-05-21 21:00:07:934</time></pt><pt><x>607</x><y>948</y><time>18-05-21 21:00:08:695</time></pt><pt><x>612</x><y>943</y><time>18-05-21 21:00:24:334</time></pt><pt><x>608</x><y>929</y><time>18-05-21 21:00:24:987</time></pt><pt><x>601</x><y>915</y><time>18-05-21 21:00:25:507</time></pt><pt><x>591</x><y>892</y><time>18-05-21 21:00:25:989</time></pt><pt><x>580</x><y>865</y><time>18-05-21 21:00:26:527</time></pt><pt><x>575</x><y>838</y><time>18-05-21 21:00:27:329</time></pt><pt><x>568</x><y>812</y><time>18-05-21 21:00:28:539</time></pt><pt><x>567</x><y>776</y><time>18-05-21 21:00:29:177</time></pt><pt><x>567</x><y>741</y><time>18-05-21 21:00:29:752</time></pt><pt><x>567</x><y>718</y><time>18-05-21 21:00:30:383</time></pt><pt><x>565</x><y>706</y><time>18-05-21 21:00:31:051</time></pt><pt><x>570</x><y>713</y><time>18-05-21 21:00:33:422</time></pt><pt><x>568</x><y>750</y><time>18-05-21 21:00:34:370</time></pt><pt><x>570</x><y>783</y><time>18-05-21 21:00:34:983</time></pt><pt><x>573</x><y>819</y><time>18-05-21 21:00:35:661</time></pt><pt><x>579</x><y>856</y><time>18-05-21 21:00:36:273</time></pt><pt><x>586</x><y>889</y><time>18-05-21 21:00:36:895</time></pt><pt><x>600</x><y>919</y><time>18-05-21 21:00:37:452</time></pt><pt><x>612</x><y>934</y><time>18-05-21 21:00:38:450</time></pt><pt><x>628</x><y>945</y><time>18-05-21 21:00:38:976</time></pt><pt><x>640</x><y>943</y><time>18-05-21 21:00:39:667</time></pt><pt><x>628</x><y>919</y><time>18-05-21 21:00:40:549</time></pt><pt><x>610</x><y>898</y><time>18-05-21 21:00:41:261</time></pt><pt><x>603</x><y>875</y><time>18-05-21 21:00:41:988</time></pt><pt><x>594</x><y>849</y><time>18-05-21 21:00:42:730</time></pt><pt><x>587</x><y>824</y><time>18-05-21 21:00:43:339</time></pt><pt><x>587</x><y>791</y><time>18-05-21 21:00:43:947</time></pt><pt><x>587</x><y>765</y><time>18-05-21 21:00:44:515</time></pt><pt><x>587</x><y>743</y><time>18-05-21 21:00:45:238</time></pt><pt><x>587</x><y>718</y><time>18-05-21 21:00:45:754</time></pt><pt><x>586</x><y>701</y><time>18-05-21 21:00:46:378</time></pt><pt><x>586</x><y>701</y><time>18-05-21 21:00:47:213</time></pt><pt><x>584</x><y>696</y><time>18-05-21 21:00:47:875</time></pt><pt><x>567</x><y>701</y><time>18-05-21 21:00:48:369</time></pt><pt><x>554</x><y>694</y><time>18-05-21 21:00:48:853</time></pt><closed_date>18-05-21 21:00:49:262</closed_date></polygon></object><object><name>root canal treatment</name><deleted>0</deleted><verified>0</verified><occluded>no</occluded><attributes /><parts><hasparts /><ispartof>3</ispartof></parts><date>18-05-21 21:01:56:878</date><id>6</id><polygon><username>anonymous</username><pt><x>683</x><y>668</y><time>18-05-21 21:01:24:269</time></pt><pt><x>696</x><y>690</y><time>18-05-21 21:01:25:023</time></pt><pt><x>702</x><y>711</y><time>18-05-21 21:01:25:509</time></pt><pt><x>720</x><y>741</y><time>18-05-21 21:01:30:312</time></pt><pt><x>732</x><y>762</y><time>18-05-21 21:01:30:965</time></pt><pt><x>757</x><y>791</y><time>18-05-21 21:01:31:688</time></pt><pt><x>767</x><y>816</y><time>18-05-21 21:01:32:460</time></pt><pt><x>788</x><y>845</y><time>18-05-21 21:01:33:389</time></pt><pt><x>798</x><y>879</y><time>18-05-21 21:01:33:973</time></pt><pt><x>819</x><y>912</y><time>18-05-21 21:01:34:574</time></pt><pt><x>831</x><y>940</y><time>18-05-21 21:01:35:166</time></pt><pt><x>851</x><y>931</y><time>18-05-21 21:01:36:753</time></pt><pt><x>845</x><y>915</y><time>18-05-21 21:01:37:303</time></pt><pt><x>824</x><y>877</y><time>18-05-21 21:01:38:012</time></pt><pt><x>814</x><y>842</y><time>18-05-21 21:01:38:605</time></pt><pt><x>797</x><y>812</y><time>18-05-21 21:01:39:187</time></pt><pt><x>781</x><y>781</y><time>18-05-21 21:01:39:825</time></pt><pt><x>763</x><y>750</y><time>18-05-21 21:01:40:392</time></pt><pt><x>746</x><y>718</y><time>18-05-21 21:01:41:092</time></pt><pt><x>737</x><y>704</y><time>18-05-21 21:01:47:904</time></pt><pt><x>732</x><y>696</y><time>18-05-21 21:01:48:479</time></pt><pt><x>727</x><y>678</y><time>18-05-21 21:01:49:009</time></pt><pt><x>720</x><y>662</y><time>18-05-21 21:01:49:490</time></pt><pt><x>716</x><y>654</y><time>18-05-21 21:01:49:993</time></pt><pt><x>697</x><y>655</y><time>18-05-21 21:01:50:416</time></pt><closed_date>18-05-21 21:01:50:774</closed_date></polygon></object><object><name>tooth</name><deleted>0</deleted><verified>0</verified><occluded>no</occluded><attributes>35</attributes><parts><hasparts>8,9</hasparts><ispartof /></parts><date>18-05-21 21:02:43:716</date><id>7</id><type>bounding_box</type><polygon><username>anonymous</username><pt><x>160</x><y>420</y><time>18-05-21 21:02:14:032</time></pt><pt><x>464</x><y>420</y><time>18-05-21 21:02:18:578</time></pt><pt><x>464</x><y>941</y><time>undefined</time></pt><pt><x>160</x><y>941</y><time>undefined</time></pt><closed_date>18-05-21 21:02:18:578</closed_date></polygon></object><object><name>restoration</name><deleted>0</deleted><verified>0</verified><occluded>no</occluded><attributes /><parts><hasparts /><ispartof>7</ispartof></parts><date>18-05-21 21:03:47:661</date><id>8</id><polygon><username>anonymous</username><pt><x>225</x><y>547</y><time>18-05-21 21:03:17:817</time></pt><pt><x>230</x><y>570</y><time>18-05-21 21:03:18:688</time></pt><pt><x>232</x><y>579</y><time>18-05-21 21:03:19:262</time></pt><pt><x>221</x><y>584</y><time>18-05-21 21:03:19:830</time></pt><pt><x>199</x><y>587</y><time>18-05-21 21:03:20:380</time></pt><pt><x>185</x><y>586</y><time>18-05-21 21:03:20:957</time></pt><pt><x>174</x><y>570</y><time>18-05-21 21:03:21:546</time></pt><pt><x>171</x><y>556</y><time>18-05-21 21:03:22:064</time></pt><pt><x>166</x><y>530</y><time>18-05-21 21:03:22:629</time></pt><pt><x>164</x><y>512</y><time>18-05-21 21:03:23:283</time></pt><pt><x>164</x><y>490</y><time>18-05-21 21:03:23:831</time></pt><pt><x>164</x><y>486</y><time>18-05-21 21:03:24:502</time></pt><pt><x>178</x><y>486</y><time>18-05-21 21:03:25:166</time></pt><pt><x>180</x><y>483</y><time>18-05-21 21:03:31:435</time></pt><pt><x>195</x><y>485</y><time>18-05-21 21:03:31:969</time></pt><pt><x>209</x><y>483</y><time>18-05-21 21:03:33:811</time></pt><pt><x>213</x><y>476</y><time>18-05-21 21:03:34:636</time></pt><pt><x>230</x><y>474</y><time>18-05-21 21:03:35:220</time></pt><pt><x>242</x><y>471</y><time>18-05-21 21:03:35:748</time></pt><pt><x>249</x><y>465</y><time>18-05-21 21:03:36:174</time></pt><pt><x>261</x><y>458</y><time>18-05-21 21:03:36:701</time></pt><pt><x>265</x><y>460</y><time>18-05-21 21:03:37:148</time></pt><pt><x>270</x><y>478</y><time>18-05-21 21:03:37:688</time></pt><pt><x>275</x><y>493</y><time>18-05-21 21:03:38:136</time></pt><pt><x>279</x><y>506</y><time>18-05-21 21:03:38:593</time></pt><pt><x>279</x><y>523</y><time>18-05-21 21:03:39:055</time></pt><pt><x>279</x><y>533</y><time>18-05-21 21:03:39:572</time></pt><pt><x>267</x><y>533</y><time>18-05-21 21:03:40:026</time></pt><pt><x>260</x><y>533</y><time>18-05-21 21:03:40:501</time></pt><pt><x>246</x><y>533</y><time>18-05-21 21:03:41:016</time></pt><pt><x>244</x><y>533</y><time>18-05-21 21:03:41:347</time></pt><pt><x>244</x><y>533</y><time>18-05-21 21:03:41:629</time></pt><closed_date>18-05-21 21:03:42:248</closed_date></polygon></object><object><name>restoration</name><deleted>0</deleted><verified>0</verified><occluded>no</occluded><attributes /><parts><hasparts /><ispartof>7</ispartof></parts><date>18-05-21 21:04:07:392</date><id>9</id><polygon><username>anonymous</username><pt><x>281</x><y>450</y><time>18-05-21 21:03:51:519</time></pt><pt><x>282</x><y>486</y><time>18-05-21 21:03:52:500</time></pt><pt><x>293</x><y>512</y><time>18-05-21 21:03:53:388</time></pt><pt><x>307</x><y>525</y><time>18-05-21 21:03:53:955</time></pt><pt><x>319</x><y>537</y><time>18-05-21 21:03:54:499</time></pt><pt><x>324</x><y>554</y><time>18-05-21 21:03:55:052</time></pt><pt><x>336</x><y>573</y><time>18-05-21 21:03:55:613</time></pt><pt><x>350</x><y>584</y><time>18-05-21 21:03:56:174</time></pt><pt><x>377</x><y>584</y><time>18-05-21 21:03:56:654</time></pt><pt><x>397</x><y>579</y><time>18-05-21 21:03:57:120</time></pt><pt><x>403</x><y>567</y><time>18-05-21 21:03:57:628</time></pt><pt><x>397</x><y>539</y><time>18-05-21 21:03:58:140</time></pt><pt><x>394</x><y>507</y><time>18-05-21 21:03:58:589</time></pt><pt><x>390</x><y>476</y><time>18-05-21 21:03:59:085</time></pt><pt><x>387</x><y>460</y><time>18-05-21 21:03:59:549</time></pt><pt><x>370</x><y>451</y><time>18-05-21 21:03:59:981</time></pt><pt><x>359</x><y>448</y><time>18-05-21 21:04:00:358</time></pt><pt><x>335</x><y>443</y><time>18-05-21 21:04:00:866</time></pt><pt><x>326</x><y>441</y><time>18-05-21 21:04:01:261</time></pt><pt><x>298</x><y>439</y><time>18-05-21 21:04:01:711</time></pt><closed_date>18-05-21 21:04:02:233</closed_date></polygon></object><object><name>tooth</name><deleted>0</deleted><verified>0</verified><occluded>no</occluded><attributes>34</attributes><parts><hasparts>12</hasparts><ispartof /></parts><date>18-05-21 21:04:28:781</date><id>10</id><type>bounding_box</type><polygon><username>anonymous</username><pt><x>2</x><y>424</y><time>18-05-21 21:04:09:675</time></pt><pt><x>225</x><y>424</y><time>18-05-21 21:04:14:242</time></pt><pt><x>225</x><y>945</y><time>undefined</time></pt><pt><x>2</x><y>945</y><time>undefined</time></pt><closed_date>18-05-21 21:04:14:243</closed_date></polygon></object><object><name>tooth</name><deleted>1</deleted><verified>0</verified><occluded>no</occluded><attributes>34</attributes><parts><hasparts /><ispartof /></parts><date>18-05-21 21:04:54:486</date><id>11</id><polygon><username>anonymous</username><pt><x>84</x><y>481</y><time>18-05-21 21:04:32:505</time></pt><pt><x>63</x><y>492</y><time>18-05-21 21:04:33:220</time></pt><pt><x>64</x><y>506</y><time>18-05-21 21:04:33:735</time></pt><pt><x>70</x><y>525</y><time>18-05-21 21:04:34:221</time></pt><pt><x>75</x><y>542</y><time>18-05-21 21:04:34:674</time></pt><pt><x>85</x><y>556</y><time>18-05-21 21:04:35:159</time></pt><pt><x>105</x><y>556</y><time>18-05-21 21:04:35:650</time></pt><pt><x>122</x><y>553</y><time>18-05-21 21:04:36:980</time></pt><pt><x>138</x><y>546</y><time>18-05-21 21:04:37:453</time></pt><pt><x>153</x><y>544</y><time>18-05-21 21:04:37:899</time></pt><pt><x>157</x><y>551</y><time>18-05-21 21:04:38:406</time></pt><pt><x>167</x><y>540</y><time>18-05-21 21:04:41:309</time></pt><pt><x>166</x><y>523</y><time>18-05-21 21:04:41:829</time></pt><pt><x>160</x><y>500</y><time>18-05-21 21:04:42:312</time></pt><pt><x>146</x><y>476</y><time>18-05-21 21:04:42:814</time></pt><pt><x>127</x><y>462</y><time>18-05-21 21:04:43:354</time></pt><pt><x>113</x><y>460</y><time>18-05-21 21:04:43:842</time></pt><pt><x>106</x><y>464</y><time>18-05-21 21:04:44:411</time></pt><pt><x>103</x><y>471</y><time>18-05-21 21:04:44:901</time></pt><closed_date>18-05-21 21:04:45:266</closed_date></polygon></object><object><name>restoration</name><deleted>0</deleted><verified>0</verified><occluded>no</occluded><attributes>34</attributes><parts><hasparts /><ispartof>10</ispartof></parts><date>18-05-21 21:05:52:013</date><id>12</id><polygon><username>anonymous</username><pt><x>101</x><y>467</y><time>18-05-21 21:05:31:604</time></pt><pt><x>84</x><y>481</y><time>18-05-21 21:05:32:576</time></pt><pt><x>70</x><y>485</y><time>18-05-21 21:05:33:146</time></pt><pt><x>64</x><y>492</y><time>18-05-21 21:05:33:747</time></pt><pt><x>73</x><y>506</y><time>18-05-21 21:05:34:260</time></pt><pt><x>75</x><y>519</y><time>18-05-21 21:05:34:714</time></pt><pt><x>75</x><y>546</y><time>18-05-21 21:05:35:253</time></pt><pt><x>87</x><y>553</y><time>18-05-21 21:05:35:717</time></pt><pt><x>105</x><y>553</y><time>18-05-21 21:05:36:183</time></pt><pt><x>127</x><y>553</y><time>18-05-21 21:05:36:711</time></pt><pt><x>143</x><y>547</y><time>18-05-21 21:05:37:142</time></pt><pt><x>153</x><y>549</y><time>18-05-21 21:05:37:534</time></pt><pt><x>160</x><y>542</y><time>18-05-21 21:05:37:922</time></pt><pt><x>166</x><y>528</y><time>18-05-21 21:05:38:367</time></pt><pt><x>166</x><y>500</y><time>18-05-21 21:05:38:764</time></pt><pt><x>162</x><y>490</y><time>18-05-21 21:05:39:126</time></pt><pt><x>157</x><y>478</y><time>18-05-21 21:05:39:498</time></pt><pt><x>136</x><y>471</y><time>18-05-21 21:05:39:956</time></pt><pt><x>126</x><y>471</y><time>18-05-21 21:05:40:353</time></pt><pt><x>119</x><y>467</y><time>18-05-21 21:05:40:681</time></pt><pt><x>115</x><y>467</y><time>18-05-21 21:05:40:996</time></pt><closed_date>18-05-21 21:05:41:498</closed_date></polygon></object><object><name>tooth</name><deleted>0</deleted><verified>0</verified><occluded>no</occluded><attributes>23</attributes><parts><hasparts /><ispartof /></parts><date>18-05-21 21:06:11:740</date><id>13</id><type>bounding_box</type><polygon><username>anonymous</username><pt><x>112</x><y>28</y><time>18-05-21 21:05:57:046</time></pt><pt><x>3</x><y>28</y><time>18-05-21 21:06:00:772</time></pt><pt><x>3</x><y>342</y><time>undefined</time></pt><pt><x>112</x><y>342</y><time>undefined</time></pt><closed_date>18-05-21 21:06:00:772</closed_date></polygon></object><object><name>tooth</name><deleted>0</deleted><verified>0</verified><occluded>no</occluded><attributes>24</attributes><parts><hasparts>16</hasparts><ispartof /></parts><date>18-05-21 21:06:37:304</date><id>14</id><type>bounding_box</type><polygon><username>anonymous</username><pt><x>77</x><y>1</y><time>18-05-21 21:06:19:094</time></pt><pt><x>324</x><y>1</y><time>18-05-21 21:06:27:943</time></pt><pt><x>324</x><y>394</y><time>undefined</time></pt><pt><x>77</x><y>394</y><time>undefined</time></pt><closed_date>18-05-21 21:06:27:944</closed_date></polygon></object><object><name>tooth</name><deleted>0</deleted><verified>0</verified><occluded>no</occluded><attributes>26</attributes><parts><hasparts>19</hasparts><ispartof /></parts><date>18-05-21 21:07:08:487</date><id>15</id><type>bounding_box</type><polygon><username>anonymous</username><pt><x>518</x><y>2</y><time>18-05-21 21:06:54:139</time></pt><pt><x>879</x><y>2</y><time>18-05-21 21:06:57:603</time></pt><pt><x>879</x><y>378</y><time>undefined</time></pt><pt><x>518</x><y>378</y><time>undefined</time></pt><closed_date>18-05-21 21:06:57:603</closed_date></polygon></object><object><name>restoration</name><deleted>0</deleted><verified>0</verified><occluded>no</occluded><attributes /><parts><hasparts /><ispartof>14</ispartof></parts><date>18-05-21 21:08:05:238</date><id>16</id><polygon><username>anonymous</username><pt><x>138</x><y>258</y><time>18-05-21 21:07:44:468</time></pt><pt><x>174</x><y>270</y><time>18-05-21 21:07:45:383</time></pt><pt><x>199</x><y>270</y><time>18-05-21 21:07:45:976</time></pt><pt><x>216</x><y>275</y><time>18-05-21 21:07:46:750</time></pt><pt><x>234</x><y>274</y><time>18-05-21 21:07:47:439</time></pt><pt><x>244</x><y>263</y><time>18-05-21 21:07:48:154</time></pt><pt><x>244</x><y>251</y><time>18-05-21 21:07:48:663</time></pt><pt><x>246</x><y>230</y><time>18-05-21 21:07:49:191</time></pt><pt><x>270</x><y>227</y><time>18-05-21 21:07:49:676</time></pt><pt><x>305</x><y>225</y><time>18-05-21 21:07:50:191</time></pt><pt><x>317</x><y>235</y><time>18-05-21 21:07:50:721</time></pt><pt><x>322</x><y>253</y><time>18-05-21 21:07:51:216</time></pt><pt><x>322</x><y>281</y><time>18-05-21 21:07:51:716</time></pt><pt><x>322</x><y>316</y><time>18-05-21 21:07:52:229</time></pt><pt><x>319</x><y>333</y><time>18-05-21 21:07:52:776</time></pt><pt><x>303</x><y>340</y><time>18-05-21 21:07:53:361</time></pt><pt><x>272</x><y>336</y><time>18-05-21 21:07:53:947</time></pt><pt><x>258</x><y>335</y><time>18-05-21 21:07:54:422</time></pt><pt><x>235</x><y>329</y><time>18-05-21 21:07:54:902</time></pt><pt><x>218</x><y>329</y><time>18-05-21 21:07:55:356</time></pt><pt><x>192</x><y>329</y><time>18-05-21 21:07:56:255</time></pt><pt><x>171</x><y>336</y><time>18-05-21 21:07:56:861</time></pt><pt><x>152</x><y>336</y><time>18-05-21 21:07:57:379</time></pt><pt><x>131</x><y>322</y><time>18-05-21 21:07:57:897</time></pt><pt><x>120</x><y>309</y><time>18-05-21 21:07:58:389</time></pt><pt><x>124</x><y>282</y><time>18-05-21 21:08:00:198</time></pt><closed_date>18-05-21 21:08:00:859</closed_date></polygon></object><object><name>restoration</name><deleted>0</deleted><verified>0</verified><occluded>no</occluded><attributes>27</attributes><parts><hasparts /><ispartof>18</ispartof></parts><date>18-05-21 21:09:25:443</date><id>17</id><polygon><username>anonymous</username><pt><x>898</x><y>153</y><time>18-05-21 21:08:44:068</time></pt><pt><x>924</x><y>152</y><time>18-05-21 21:08:44:717</time></pt><pt><x>947</x><y>164</y><time>18-05-21 21:08:45:322</time></pt><pt><x>957</x><y>180</y><time>18-05-21 21:08:45:819</time></pt><pt><x>960</x><y>195</y><time>18-05-21 21:08:46:292</time></pt><pt><x>971</x><y>225</y><time>18-05-21 21:08:46:808</time></pt><pt><x>983</x><y>242</y><time>18-05-21 21:08:47:672</time></pt><pt><x>995</x><y>246</y><time>18-05-21 21:08:48:172</time></pt><pt><x>1009</x><y>244</y><time>18-05-21 21:08:48:715</time></pt><pt><x>1030</x><y>235</y><time>18-05-21 21:08:49:208</time></pt><pt><x>1051</x><y>223</y><time>18-05-21 21:08:49:839</time></pt><pt><x>1074</x><y>220</y><time>18-05-21 21:08:50:306</time></pt><pt><x>1093</x><y>214</y><time>18-05-21 21:08:50:784</time></pt><pt><x>1105</x><y>207</y><time>18-05-21 21:08:51:249</time></pt><pt><x>1126</x><y>192</y><time>18-05-21 21:08:51:778</time></pt><pt><x>1145</x><y>188</y><time>18-05-21 21:08:52:208</time></pt><pt><x>1175</x><y>193</y><time>18-05-21 21:08:52:674</time></pt><pt><x>1189</x><y>209</y><time>18-05-21 21:08:53:150</time></pt><pt><x>1192</x><y>223</y><time>18-05-21 21:08:53:613</time></pt><pt><x>1185</x><y>244</y><time>18-05-21 21:08:54:074</time></pt><pt><x>1175</x><y>261</y><time>18-05-21 21:08:54:525</time></pt><pt><x>1168</x><y>267</y><time>18-05-21 21:08:54:994</time></pt><pt><x>1157</x><y>265</y><time>18-05-21 21:08:55:573</time></pt><pt><x>1152</x><y>261</y><time>18-05-21 21:08:56:134</time></pt><pt><x>1135</x><y>282</y><time>18-05-21 21:08:56:617</time></pt><pt><x>1119</x><y>296</y><time>18-05-21 21:08:57:098</time></pt><pt><x>1103</x><y>296</y><time>18-05-21 21:08:57:510</time></pt><pt><x>1091</x><y>291</y><time>18-05-21 21:08:57:938</time></pt><pt><x>1065</x><y>288</y><time>18-05-21 21:08:58:347</time></pt><pt><x>1048</x><y>288</y><time>18-05-21 21:08:58:705</time></pt><pt><x>1023</x><y>291</y><time>18-05-21 21:08:59:117</time></pt><pt><x>1020</x><y>286</y><time>18-05-21 21:09:05:262</time></pt><pt><x>1001</x><y>282</y><time>18-05-21 21:09:05:764</time></pt><pt><x>976</x><y>282</y><time>18-05-21 21:09:06:127</time></pt><pt><x>945</x><y>284</y><time>18-05-21 21:09:06:606</time></pt><pt><x>920</x><y>288</y><time>18-05-21 21:09:07:014</time></pt><pt><x>905</x><y>286</y><time>18-05-21 21:09:07:487</time></pt><pt><x>892</x><y>286</y><time>18-05-21 21:09:08:155</time></pt><pt><x>887</x><y>260</y><time>18-05-21 21:09:08:673</time></pt><pt><x>886</x><y>232</y><time>18-05-21 21:09:09:156</time></pt><pt><x>886</x><y>209</y><time>18-05-21 21:09:09:564</time></pt><pt><x>886</x><y>192</y><time>18-05-21 21:09:09:920</time></pt><pt><x>886</x><y>171</y><time>18-05-21 21:09:10:369</time></pt><pt><x>889</x><y>164</y><time>18-05-21 21:09:10:745</time></pt><pt><x>889</x><y>164</y><time>18-05-21 21:09:11:408</time></pt><closed_date>18-05-21 21:09:12:167</closed_date></polygon></object><object><name>tooth</name><deleted>0</deleted><verified>0</verified><occluded>no</occluded><attributes>27</attributes><parts><hasparts>17</hasparts><ispartof /></parts><date>18-05-21 21:09:47:581</date><id>18</id><type>bounding_box</type><polygon><username>anonymous</username><pt><x>887</x><y>10</y><time>18-05-21 21:09:35:046</time></pt><pt><x>1203</x><y>10</y><time>18-05-21 21:09:41:022</time></pt><pt><x>1203</x><y>342</y><time>undefined</time></pt><pt><x>887</x><y>342</y><time>undefined</time></pt><closed_date>18-05-21 21:09:41:023</closed_date></polygon></object><object><name>restoration</name><deleted>0</deleted><verified>0</verified><occluded>no</occluded><attributes /><parts><hasparts /><ispartof>15</ispartof></parts><date>18-05-21 21:11:08:954</date><id>19</id><polygon><username>anonymous</username><pt><x>582</x><y>153</y><time>18-05-21 21:10:30:893</time></pt><pt><x>596</x><y>200</y><time>18-05-21 21:10:31:579</time></pt><pt><x>601</x><y>228</y><time>18-05-21 21:10:32:581</time></pt><pt><x>615</x><y>256</y><time>18-05-21 21:10:33:082</time></pt><pt><x>636</x><y>270</y><time>18-05-21 21:10:33:548</time></pt><pt><x>664</x><y>277</y><time>18-05-21 21:10:34:083</time></pt><pt><x>690</x><y>279</y><time>18-05-21 21:10:34:865</time></pt><pt><x>713</x><y>279</y><time>18-05-21 21:10:35:302</time></pt><pt><x>737</x><y>277</y><time>18-05-21 21:10:35:800</time></pt><pt><x>743</x><y>254</y><time>18-05-21 21:10:36:319</time></pt><pt><x>751</x><y>230</y><time>18-05-21 21:10:36:839</time></pt><pt><x>762</x><y>190</y><time>18-05-21 21:10:37:315</time></pt><pt><x>770</x><y>176</y><time>18-05-21 21:10:37:978</time></pt><pt><x>783</x><y>148</y><time>18-05-21 21:10:38:476</time></pt><pt><x>790</x><y>129</y><time>18-05-21 21:10:38:936</time></pt><pt><x>804</x><y>110</y><time>18-05-21 21:10:39:467</time></pt><pt><x>816</x><y>103</y><time>18-05-21 21:10:39:977</time></pt><pt><x>830</x><y>101</y><time>18-05-21 21:10:40:461</time></pt><pt><x>837</x><y>117</y><time>18-05-21 21:10:40:976</time></pt><pt><x>851</x><y>143</y><time>18-05-21 21:10:41:470</time></pt><pt><x>861</x><y>176</y><time>18-05-21 21:10:42:039</time></pt><pt><x>872</x><y>209</y><time>18-05-21 21:10:42:614</time></pt><pt><x>877</x><y>248</y><time>18-05-21 21:10:43:125</time></pt><pt><x>880</x><y>281</y><time>18-05-21 21:10:43:602</time></pt><pt><x>882</x><y>298</y><time>18-05-21 21:10:44:844</time></pt><pt><x>868</x><y>312</y><time>18-05-21 21:10:45:391</time></pt><pt><x>828</x><y>322</y><time>18-05-21 21:10:50:554</time></pt><pt><x>797</x><y>333</y><time>18-05-21 21:10:51:229</time></pt><pt><x>790</x><y>329</y><time>18-05-21 21:10:51:711</time></pt><pt><x>767</x><y>335</y><time>18-05-21 21:10:52:152</time></pt><pt><x>746</x><y>342</y><time>18-05-21 21:10:52:530</time></pt><pt><x>725</x><y>347</y><time>18-05-21 21:10:52:952</time></pt><pt><x>711</x><y>347</y><time>18-05-21 21:10:53:397</time></pt><pt><x>699</x><y>347</y><time>18-05-21 21:10:53:775</time></pt><pt><x>682</x><y>356</y><time>18-05-21 21:10:54:368</time></pt><pt><x>652</x><y>356</y><time>18-05-21 21:10:54:971</time></pt><pt><x>621</x><y>352</y><time>18-05-21 21:10:55:488</time></pt><pt><x>596</x><y>347</y><time>18-05-21 21:10:55:921</time></pt><pt><x>584</x><y>343</y><time>18-05-21 21:10:56:292</time></pt><pt><x>570</x><y>342</y><time>18-05-21 21:10:56:648</time></pt><pt><x>554</x><y>336</y><time>18-05-21 21:10:57:086</time></pt><pt><x>537</x><y>319</y><time>18-05-21 21:10:57:534</time></pt><pt><x>523</x><y>296</y><time>18-05-21 21:10:58:029</time></pt><pt><x>528</x><y>272</y><time>18-05-21 21:10:58:792</time></pt><pt><x>532</x><y>244</y><time>18-05-21 21:10:59:250</time></pt><pt><x>537</x><y>223</y><time>18-05-21 21:10:59:666</time></pt><pt><x>544</x><y>202</y><time>18-05-21 21:11:00:069</time></pt><pt><x>565</x><y>167</y><time>18-05-21 21:11:01:806</time></pt><pt><x>572</x><y>162</y><time>18-05-21 21:11:02:422</time></pt><closed_date>18-05-21 21:11:03:126</closed_date></polygon></object></annotation>