<?xml version='1.0' encoding='UTF-8'?>
<annotation><filename>imagem-060.jpg</filename><folder>segmentation_xray</folder><source><sourceImage>The MIT-CSAIL database of objects and scenes</sourceImage><sourceAnnotation>LabelMe Webtool</sourceAnnotation></source><object><name>tooth</name><deleted>0</deleted><verified>0</verified><occluded>no</occluded><attributes>27</attributes><parts><hasparts /><ispartof /></parts><date>21-05-21 10:27:09:477</date><id>0</id><type>bounding_box</type><polygon><username>anonymous</username><pt><x>828</x><y>277</y><time>21-05-21 10:27:00:137</time></pt><pt><x>1105</x><y>277</y><time>21-05-21 10:27:05:634</time></pt><pt><x>1105</x><y>3</y><time>undefined</time></pt><pt><x>828</x><y>3</y><time>undefined</time></pt><closed_date>21-05-21 10:27:05:635</closed_date></polygon></object><object><name>tooth</name><deleted>0</deleted><verified>0</verified><occluded>no</occluded><attributes>26</attributes><parts><hasparts /><ispartof /></parts><date>21-05-21 10:27:19:911</date><id>1</id><type>bounding_box</type><polygon><username>anonymous</username><pt><x>533</x><y>354</y><time>21-05-21 10:27:12:202</time></pt><pt><x>838</x><y>354</y><time>21-05-21 10:27:14:884</time></pt><pt><x>838</x><y>3</y><time>undefined</time></pt><pt><x>533</x><y>3</y><time>undefined</time></pt><closed_date>21-05-21 10:27:14:884</closed_date></polygon></object><object><name>tooth</name><deleted>0</deleted><verified>0</verified><occluded>no</occluded><attributes>25</attributes><parts><hasparts /><ispartof /></parts><date>21-05-21 10:27:28:080</date><id>2</id><type>bounding_box</type><polygon><username>anonymous</username><pt><x>319</x><y>340</y><time>21-05-21 10:27:21:407</time></pt><pt><x>530</x><y>340</y><time>21-05-21 10:27:24:572</time></pt><pt><x>530</x><y>2</y><time>undefined</time></pt><pt><x>319</x><y>2</y><time>undefined</time></pt><closed_date>21-05-21 10:27:24:572</closed_date></polygon></object><object><name>tooth</name><deleted>0</deleted><verified>0</verified><occluded>no</occluded><attributes>24</attributes><parts><hasparts /><ispartof /></parts><date>21-05-21 10:27:39:183</date><id>3</id><type>bounding_box</type><polygon><username>anonymous</username><pt><x>105</x><y>340</y><time>21-05-21 10:27:32:515</time></pt><pt><x>321</x><y>340</y><time>21-05-21 10:27:35:328</time></pt><pt><x>321</x><y>1</y><time>undefined</time></pt><pt><x>105</x><y>1</y><time>undefined</time></pt><closed_date>21-05-21 10:27:35:329</closed_date></polygon></object><object><name>tooth</name><deleted>0</deleted><verified>0</verified><occluded>no</occluded><attributes>23</attributes><parts><hasparts /><ispartof /></parts><date>21-05-21 10:27:48:491</date><id>4</id><type>bounding_box</type><polygon><username>anonymous</username><pt><x>99</x><y>326</y><time>21-05-21 10:27:41:975</time></pt><pt><x>1</x><y>326</y><time>21-05-21 10:27:44:560</time></pt><pt><x>1</x><y>31</y><time>undefined</time></pt><pt><x>99</x><y>31</y><time>undefined</time></pt><closed_date>21-05-21 10:27:44:560</closed_date></polygon></object><object><name>tooth</name><deleted>0</deleted><verified>0</verified><occluded>no</occluded><attributes>37</attributes><parts><hasparts /><ispartof /></parts><date>21-05-21 10:27:59:748</date><id>5</id><type>bounding_box</type><polygon><username>anonymous</username><pt><x>1217</x><y>302</y><time>21-05-21 10:27:51:864</time></pt><pt><x>837</x><y>302</y><time>21-05-21 10:27:55:820</time></pt><pt><x>837</x><y>908</y><time>undefined</time></pt><pt><x>1217</x><y>908</y><time>undefined</time></pt><closed_date>21-05-21 10:27:55:820</closed_date></polygon></object><object><name>tooth</name><deleted>0</deleted><verified>0</verified><occluded>no</occluded><attributes>36</attributes><parts><hasparts /><ispartof /></parts><date>21-05-21 10:28:12:128</date><id>6</id><type>bounding_box</type><polygon><username>anonymous</username><pt><x>509</x><y>406</y><time>21-05-21 10:28:01:617</time></pt><pt><x>877</x><y>406</y><time>21-05-21 10:28:08:360</time></pt><pt><x>877</x><y>936</y><time>undefined</time></pt><pt><x>509</x><y>936</y><time>undefined</time></pt><closed_date>21-05-21 10:28:08:360</closed_date></polygon></object><object><name>tooth</name><deleted>0</deleted><verified>0</verified><occluded>no</occluded><attributes>35</attributes><parts><hasparts /><ispartof /></parts><date>21-05-21 10:28:24:443</date><id>7</id><type>bounding_box</type><polygon><username>anonymous</username><pt><x>291</x><y>422</y><time>21-05-21 10:28:14:254</time></pt><pt><x>511</x><y>422</y><time>21-05-21 10:28:21:054</time></pt><pt><x>511</x><y>947</y><time>undefined</time></pt><pt><x>291</x><y>947</y><time>undefined</time></pt><closed_date>21-05-21 10:28:21:054</closed_date></polygon></object><object><name>tooth</name><deleted>0</deleted><verified>0</verified><occluded>no</occluded><attributes>34</attributes><parts><hasparts /><ispartof /></parts><date>21-05-21 10:28:32:721</date><id>8</id><type>bounding_box</type><polygon><username>anonymous</username><pt><x>75</x><y>431</y><time>21-05-21 10:28:27:022</time></pt><pt><x>295</x><y>431</y><time>21-05-21 10:28:29:404</time></pt><pt><x>295</x><y>945</y><time>undefined</time></pt><pt><x>75</x><y>945</y><time>undefined</time></pt><closed_date>21-05-21 10:28:29:404</closed_date></polygon></object><object><name>tooth</name><deleted>0</deleted><verified>0</verified><occluded>no</occluded><attributes>33</attributes><parts><hasparts /><ispartof /></parts><date>21-05-21 10:28:41:058</date><id>9</id><type>bounding_box</type><polygon><username>anonymous</username><pt><x>152</x><y>396</y><time>21-05-21 10:28:35:096</time></pt><pt><x>0</x><y>396</y><time>21-05-21 10:28:37:883</time></pt><pt><x>0</x><y>922</y><time>undefined</time></pt><pt><x>152</x><y>922</y><time>undefined</time></pt><closed_date>21-05-21 10:28:37:883</closed_date></polygon></object><imagesize><nrows /><ncols /></imagesize></annotation>