<?xml version='1.0' encoding='UTF-8'?>
<annotation><filename>imagem-061.jpg</filename><folder>segmentation_xray</folder><source><sourceImage>The MIT-CSAIL database of objects and scenes</sourceImage><sourceAnnotation>LabelMe Webtool</sourceAnnotation></source><object><name>tooth</name><deleted>1</deleted><verified>0</verified><occluded>no</occluded><attributes /><parts><hasparts /><ispartof /></parts><date>11-05-21 10:43:07:366</date><id>0</id><type>bounding_box</type><polygon><username>anonymous</username><pt><x>677</x><y>491</y><time>11-05-21 10:42:20:144</time></pt><pt><x>1032</x><y>491</y><time>11-05-21 10:42:33:665</time></pt><pt><x>1032</x><y>948</y><time>undefined</time></pt><pt><x>677</x><y>948</y><time>undefined</time></pt><closed_date>11-05-21 10:42:33:665</closed_date></polygon></object><object><name>caries</name><deleted>1</deleted><verified>0</verified><occluded>no</occluded><attributes /><parts><hasparts /><ispartof /></parts><date>11-05-21 10:43:36:635</date><id>1</id><polygon><username>anonymous</username><pt><x>869</x><y>645</y><time>11-05-21 10:43:22:268</time></pt><pt><x>914</x><y>672</y><time>11-05-21 10:43:23:361</time></pt><pt><x>924</x><y>668</y><time>11-05-21 10:43:24:005</time></pt><pt><x>945</x><y>665</y><time>11-05-21 10:43:24:620</time></pt><pt><x>929</x><y>649</y><time>11-05-21 10:43:25:265</time></pt><pt><x>912</x><y>659</y><time>11-05-21 10:43:25:862</time></pt><closed_date>11-05-21 10:43:27:064</closed_date></polygon></object><object><name>tooth</name><deleted>1</deleted><verified>0</verified><occluded>no</occluded><attributes>12</attributes><parts><hasparts /><ispartof /></parts><date>11-05-21 10:44:02:783</date><id>2</id><type>bounding_box</type><polygon><username>anonymous</username><pt><x>346</x><y>469</y><time>11-05-21 10:43:43:650</time></pt><pt><x>659</x><y>469</y><time>11-05-21 10:43:51:735</time></pt><pt><x>659</x><y>947</y><time>undefined</time></pt><pt><x>346</x><y>947</y><time>undefined</time></pt><closed_date>11-05-21 10:43:51:736</closed_date></polygon></object><imagesize><nrows /><ncols /></imagesize><object><name>tooth</name><deleted>0</deleted><verified>0</verified><occluded>no</occluded><attributes>48</attributes><parts><hasparts>10</hasparts><ispartof /></parts><date>18-05-21 21:54:19:977</date><id>3</id><type>bounding_box</type><polygon><username>anonymous</username><pt><x>16</x><y>399</y><time>18-05-21 21:52:08:189</time></pt><pt><x>359</x><y>399</y><time>18-05-21 21:52:13:824</time></pt><pt><x>359</x><y>927</y><time>undefined</time></pt><pt><x>16</x><y>927</y><time>undefined</time></pt><closed_date>18-05-21 21:52:13:824</closed_date></polygon></object><object><name>tooth</name><deleted>0</deleted><verified>0</verified><occluded>no</occluded><attributes>47</attributes><parts><hasparts>11,12</hasparts><ispartof /></parts><date>18-05-21 21:54:37:490</date><id>4</id><type>bounding_box</type><polygon><username>anonymous</username><pt><x>197</x><y>947</y><time>18-05-21 21:54:27:146</time></pt><pt><x>657</x><y>947</y><time>18-05-21 21:54:31:103</time></pt><pt><x>657</x><y>438</y><time>undefined</time></pt><pt><x>197</x><y>438</y><time>undefined</time></pt><closed_date>18-05-21 21:54:31:103</closed_date></polygon></object><object><name>tooth</name><deleted>0</deleted><verified>0</verified><occluded>no</occluded><attributes>46</attributes><parts><hasparts /><ispartof /></parts><date>18-05-21 21:55:03:598</date><id>5</id><type>bounding_box</type><polygon><username>anonymous</username><pt><x>1018</x><y>502</y><time>18-05-21 21:54:55:023</time></pt><pt><x>600</x><y>502</y><time>18-05-21 21:54:58:451</time></pt><pt><x>600</x><y>943</y><time>undefined</time></pt><pt><x>1018</x><y>943</y><time>undefined</time></pt><closed_date>18-05-21 21:54:58:451</closed_date></polygon></object><object><name>tooth</name><deleted>0</deleted><verified>0</verified><occluded>no</occluded><attributes>45</attributes><parts><hasparts>13,14</hasparts><ispartof /></parts><date>18-05-21 21:55:17:839</date><id>6</id><type>bounding_box</type><polygon><username>anonymous</username><pt><x>973</x><y>934</y><time>18-05-21 21:55:07:491</time></pt><pt><x>1217</x><y>934</y><time>18-05-21 21:55:10:280</time></pt><pt><x>1217</x><y>490</y><time>undefined</time></pt><pt><x>973</x><y>490</y><time>undefined</time></pt><closed_date>18-05-21 21:55:10:281</closed_date></polygon></object><object><name>tooth</name><deleted>0</deleted><verified>0</verified><occluded>no</occluded><attributes>17</attributes><parts><hasparts>18</hasparts><ispartof /></parts><date>18-05-21 21:55:35:771</date><id>7</id><type>bounding_box</type><polygon><username>anonymous</username><pt><x>338</x><y>392</y><time>18-05-21 21:55:24:048</time></pt><pt><x>647</x><y>392</y><time>18-05-21 21:55:28:460</time></pt><pt><x>647</x><y>2</y><time>undefined</time></pt><pt><x>338</x><y>2</y><time>undefined</time></pt><closed_date>18-05-21 21:55:28:461</closed_date></polygon></object><object><name>tooth</name><deleted>0</deleted><verified>0</verified><occluded>no</occluded><attributes>16</attributes><parts><hasparts>15,16</hasparts><ispartof /></parts><date>18-05-21 21:55:45:705</date><id>8</id><type>bounding_box</type><polygon><username>anonymous</username><pt><x>624</x><y>9</y><time>18-05-21 21:55:38:521</time></pt><pt><x>953</x><y>9</y><time>18-05-21 21:55:41:097</time></pt><pt><x>953</x><y>404</y><time>undefined</time></pt><pt><x>624</x><y>404</y><time>undefined</time></pt><closed_date>18-05-21 21:55:41:097</closed_date></polygon></object><object><name>tooth</name><deleted>0</deleted><verified>0</verified><occluded>no</occluded><attributes>15</attributes><parts><hasparts>17</hasparts><ispartof /></parts><date>18-05-21 21:56:00:092</date><id>9</id><type>bounding_box</type><polygon><username>anonymous</username><pt><x>929</x><y>14</y><time>18-05-21 21:55:48:754</time></pt><pt><x>1189</x><y>14</y><time>18-05-21 21:55:53:697</time></pt><pt><x>1189</x><y>425</y><time>undefined</time></pt><pt><x>929</x><y>425</y><time>undefined</time></pt><closed_date>18-05-21 21:55:53:697</closed_date></polygon></object><object><name>restoration</name><deleted>0</deleted><verified>0</verified><occluded>no</occluded><attributes /><parts><hasparts /><ispartof>3</ispartof></parts><date>18-05-21 21:56:23:117</date><id>10</id><polygon><username>anonymous</username><pt><x>120</x><y>443</y><time>18-05-21 21:56:04:227</time></pt><pt><x>138</x><y>464</y><time>18-05-21 21:56:05:141</time></pt><pt><x>150</x><y>472</y><time>18-05-21 21:56:05:691</time></pt><pt><x>157</x><y>485</y><time>18-05-21 21:56:06:317</time></pt><pt><x>171</x><y>492</y><time>18-05-21 21:56:06:838</time></pt><pt><x>183</x><y>485</y><time>18-05-21 21:56:07:341</time></pt><pt><x>204</x><y>485</y><time>18-05-21 21:56:07:802</time></pt><pt><x>228</x><y>488</y><time>18-05-21 21:56:08:260</time></pt><pt><x>248</x><y>495</y><time>18-05-21 21:56:09:125</time></pt><pt><x>270</x><y>492</y><time>18-05-21 21:56:09:841</time></pt><pt><x>288</x><y>486</y><time>18-05-21 21:56:10:372</time></pt><pt><x>293</x><y>476</y><time>18-05-21 21:56:10:917</time></pt><pt><x>289</x><y>458</y><time>18-05-21 21:56:11:444</time></pt><pt><x>272</x><y>455</y><time>18-05-21 21:56:11:982</time></pt><pt><x>253</x><y>450</y><time>18-05-21 21:56:12:500</time></pt><pt><x>241</x><y>446</y><time>18-05-21 21:56:12:971</time></pt><pt><x>218</x><y>446</y><time>18-05-21 21:56:13:587</time></pt><pt><x>202</x><y>446</y><time>18-05-21 21:56:14:049</time></pt><pt><x>185</x><y>436</y><time>18-05-21 21:56:14:574</time></pt><pt><x>173</x><y>434</y><time>18-05-21 21:56:15:103</time></pt><pt><x>159</x><y>439</y><time>18-05-21 21:56:15:604</time></pt><pt><x>145</x><y>438</y><time>18-05-21 21:56:16:063</time></pt><closed_date>18-05-21 21:56:16:573</closed_date></polygon></object><object><name>restoration</name><deleted>0</deleted><verified>0</verified><occluded>no</occluded><attributes /><parts><hasparts /><ispartof>4</ispartof></parts><date>18-05-21 21:56:47:425</date><id>11</id><polygon><username>anonymous</username><pt><x>472</x><y>495</y><time>18-05-21 21:56:28:027</time></pt><pt><x>444</x><y>490</y><time>18-05-21 21:56:29:012</time></pt><pt><x>439</x><y>500</y><time>18-05-21 21:56:29:624</time></pt><pt><x>451</x><y>514</y><time>18-05-21 21:56:30:247</time></pt><pt><x>462</x><y>525</y><time>18-05-21 21:56:30:763</time></pt><pt><x>476</x><y>535</y><time>18-05-21 21:56:31:200</time></pt><pt><x>486</x><y>546</y><time>18-05-21 21:56:36:151</time></pt><pt><x>493</x><y>549</y><time>18-05-21 21:56:36:663</time></pt><pt><x>509</x><y>563</y><time>18-05-21 21:56:37:192</time></pt><pt><x>516</x><y>565</y><time>18-05-21 21:56:37:745</time></pt><pt><x>532</x><y>565</y><time>18-05-21 21:56:38:261</time></pt><pt><x>542</x><y>551</y><time>18-05-21 21:56:38:745</time></pt><pt><x>549</x><y>542</y><time>18-05-21 21:56:39:236</time></pt><pt><x>556</x><y>535</y><time>18-05-21 21:56:39:707</time></pt><pt><x>560</x><y>521</y><time>18-05-21 21:56:40:235</time></pt><pt><x>560</x><y>512</y><time>18-05-21 21:56:40:731</time></pt><pt><x>547</x><y>511</y><time>18-05-21 21:56:41:230</time></pt><pt><x>539</x><y>506</y><time>18-05-21 21:56:41:700</time></pt><pt><x>526</x><y>490</y><time>18-05-21 21:56:42:180</time></pt><pt><x>518</x><y>485</y><time>18-05-21 21:56:42:777</time></pt><pt><x>500</x><y>485</y><time>18-05-21 21:56:43:249</time></pt><pt><x>483</x><y>483</y><time>18-05-21 21:56:43:707</time></pt><closed_date>18-05-21 21:56:44:136</closed_date></polygon></object><object><name>restoration</name><deleted>0</deleted><verified>0</verified><occluded>no</occluded><attributes /><parts><hasparts /><ispartof>4</ispartof></parts><date>18-05-21 21:56:59:299</date><id>12</id><polygon><username>anonymous</username><pt><x>579</x><y>533</y><time>18-05-21 21:56:50:822</time></pt><pt><x>587</x><y>549</y><time>18-05-21 21:56:51:673</time></pt><pt><x>603</x><y>551</y><time>18-05-21 21:56:52:266</time></pt><pt><x>617</x><y>551</y><time>18-05-21 21:56:52:784</time></pt><pt><x>634</x><y>540</y><time>18-05-21 21:56:53:343</time></pt><pt><x>634</x><y>530</y><time>18-05-21 21:56:53:831</time></pt><pt><x>622</x><y>526</y><time>18-05-21 21:56:54:326</time></pt><pt><x>608</x><y>523</y><time>18-05-21 21:56:54:846</time></pt><pt><x>600</x><y>514</y><time>18-05-21 21:56:55:293</time></pt><pt><x>587</x><y>516</y><time>18-05-21 21:56:55:804</time></pt><closed_date>18-05-21 21:56:56:316</closed_date></polygon></object><object><name>restoration</name><deleted>0</deleted><verified>0</verified><occluded>no</occluded><attributes /><parts><hasparts /><ispartof>6</ispartof></parts><date>18-05-21 21:57:39:884</date><id>13</id><polygon><username>anonymous</username><pt><x>1130</x><y>537</y><time>18-05-21 21:57:26:199</time></pt><pt><x>1103</x><y>537</y><time>18-05-21 21:57:27:009</time></pt><pt><x>1103</x><y>558</y><time>18-05-21 21:57:27:780</time></pt><pt><x>1110</x><y>575</y><time>18-05-21 21:57:30:673</time></pt><pt><x>1131</x><y>575</y><time>18-05-21 21:57:31:276</time></pt><pt><x>1156</x><y>575</y><time>18-05-21 21:57:31:836</time></pt><pt><x>1168</x><y>587</y><time>18-05-21 21:57:32:395</time></pt><pt><x>1184</x><y>593</y><time>18-05-21 21:57:32:904</time></pt><pt><x>1199</x><y>587</y><time>18-05-21 21:57:33:421</time></pt><pt><x>1206</x><y>573</y><time>18-05-21 21:57:33:947</time></pt><pt><x>1198</x><y>554</y><time>18-05-21 21:57:34:467</time></pt><pt><x>1189</x><y>547</y><time>18-05-21 21:57:34:950</time></pt><pt><x>1175</x><y>537</y><time>18-05-21 21:57:35:459</time></pt><pt><x>1163</x><y>537</y><time>18-05-21 21:57:35:907</time></pt><pt><x>1145</x><y>535</y><time>18-05-21 21:57:36:359</time></pt><closed_date>18-05-21 21:57:36:828</closed_date></polygon></object><object><name>restoration</name><deleted>0</deleted><verified>0</verified><occluded>no</occluded><attributes /><parts><hasparts /><ispartof>6</ispartof></parts><date>18-05-21 21:57:53:493</date><id>14</id><polygon><username>anonymous</username><pt><x>1060</x><y>593</y><time>18-05-21 21:57:41:808</time></pt><pt><x>1081</x><y>608</y><time>18-05-21 21:57:42:429</time></pt><pt><x>1088</x><y>638</y><time>18-05-21 21:57:42:981</time></pt><pt><x>1084</x><y>662</y><time>18-05-21 21:57:43:496</time></pt><pt><x>1079</x><y>676</y><time>18-05-21 21:57:43:986</time></pt><pt><x>1079</x><y>676</y><time>18-05-21 21:57:44:148</time></pt><pt><x>1069</x><y>690</y><time>18-05-21 21:57:44:906</time></pt><pt><x>1062</x><y>692</y><time>18-05-21 21:57:45:602</time></pt><pt><x>1062</x><y>692</y><time>18-05-21 21:57:46:462</time></pt><pt><x>1046</x><y>696</y><time>18-05-21 21:57:47:794</time></pt><pt><x>1046</x><y>678</y><time>18-05-21 21:57:48:438</time></pt><pt><x>1046</x><y>643</y><time>18-05-21 21:57:48:999</time></pt><pt><x>1048</x><y>619</y><time>18-05-21 21:57:49:573</time></pt><closed_date>18-05-21 21:57:50:205</closed_date></polygon></object><object><name>root canal treatment</name><deleted>0</deleted><verified>0</verified><occluded>no</occluded><attributes /><parts><hasparts /><ispartof>8</ispartof></parts><date>18-05-21 21:59:02:889</date><id>15</id><polygon><username>anonymous</username><pt><x>727</x><y>227</y><time>18-05-21 21:58:23:980</time></pt><pt><x>758</x><y>223</y><time>18-05-21 21:58:24:646</time></pt><pt><x>769</x><y>216</y><time>18-05-21 21:58:25:138</time></pt><pt><x>784</x><y>209</y><time>18-05-21 21:58:25:859</time></pt><pt><x>800</x><y>207</y><time>18-05-21 21:58:26:359</time></pt><pt><x>816</x><y>216</y><time>18-05-21 21:58:26:776</time></pt><pt><x>828</x><y>232</y><time>18-05-21 21:58:27:247</time></pt><pt><x>844</x><y>237</y><time>18-05-21 21:58:27:681</time></pt><pt><x>852</x><y>234</y><time>18-05-21 21:58:28:119</time></pt><pt><x>852</x><y>206</y><time>18-05-21 21:58:28:725</time></pt><pt><x>859</x><y>169</y><time>18-05-21 21:58:29:341</time></pt><pt><x>861</x><y>139</y><time>18-05-21 21:58:29:802</time></pt><pt><x>859</x><y>110</y><time>18-05-21 21:58:30:265</time></pt><pt><x>854</x><y>68</y><time>18-05-21 21:58:30:754</time></pt><pt><x>849</x><y>45</y><time>18-05-21 21:58:31:219</time></pt><pt><x>844</x><y>31</y><time>18-05-21 21:58:31:707</time></pt><pt><x>835</x><y>14</y><time>18-05-21 21:58:32:971</time></pt><pt><x>811</x><y>12</y><time>18-05-21 21:58:33:703</time></pt><pt><x>797</x><y>26</y><time>18-05-21 21:58:34:299</time></pt><pt><x>804</x><y>56</y><time>18-05-21 21:58:34:816</time></pt><pt><x>814</x><y>89</y><time>18-05-21 21:58:35:276</time></pt><pt><x>818</x><y>122</y><time>18-05-21 21:58:35:756</time></pt><pt><x>818</x><y>148</y><time>18-05-21 21:58:36:147</time></pt><pt><x>816</x><y>176</y><time>18-05-21 21:58:36:601</time></pt><pt><x>816</x><y>190</y><time>18-05-21 21:58:37:463</time></pt><pt><x>814</x><y>197</y><time>18-05-21 21:58:38:003</time></pt><pt><x>791</x><y>199</y><time>18-05-21 21:58:38:545</time></pt><pt><x>791</x><y>166</y><time>18-05-21 21:58:39:224</time></pt><pt><x>786</x><y>138</y><time>18-05-21 21:58:39:721</time></pt><pt><x>784</x><y>120</y><time>18-05-21 21:58:40:158</time></pt><pt><x>781</x><y>101</y><time>18-05-21 21:58:40:674</time></pt><pt><x>772</x><y>84</y><time>18-05-21 21:58:41:151</time></pt><pt><x>769</x><y>59</y><time>18-05-21 21:58:41:859</time></pt><pt><x>760</x><y>33</y><time>18-05-21 21:58:42:309</time></pt><pt><x>755</x><y>19</y><time>18-05-21 21:58:42:762</time></pt><pt><x>750</x><y>10</y><time>18-05-21 21:58:43:254</time></pt><pt><x>739</x><y>9</y><time>18-05-21 21:58:43:701</time></pt><pt><x>729</x><y>9</y><time>18-05-21 21:58:44:169</time></pt><pt><x>729</x><y>24</y><time>18-05-21 21:58:44:600</time></pt><pt><x>732</x><y>49</y><time>18-05-21 21:58:45:042</time></pt><pt><x>734</x><y>54</y><time>18-05-21 21:58:45:409</time></pt><pt><x>736</x><y>58</y><time>18-05-21 21:58:45:701</time></pt><pt><x>741</x><y>82</y><time>18-05-21 21:58:46:217</time></pt><pt><x>743</x><y>92</y><time>18-05-21 21:58:46:553</time></pt><pt><x>744</x><y>108</y><time>18-05-21 21:58:46:867</time></pt><pt><x>748</x><y>122</y><time>18-05-21 21:58:47:333</time></pt><pt><x>753</x><y>138</y><time>18-05-21 21:58:47:705</time></pt><pt><x>755</x><y>145</y><time>18-05-21 21:58:48:088</time></pt><pt><x>755</x><y>145</y><time>18-05-21 21:58:48:347</time></pt><pt><x>770</x><y>167</y><time>18-05-21 21:58:49:168</time></pt><pt><x>755</x><y>141</y><time>18-05-21 21:58:49:676</time></pt><pt><x>734</x><y>119</y><time>18-05-21 21:58:50:090</time></pt><pt><x>725</x><y>96</y><time>18-05-21 21:58:50:588</time></pt><pt><x>711</x><y>77</y><time>18-05-21 21:58:50:963</time></pt><pt><x>711</x><y>77</y><time>18-05-21 21:58:51:283</time></pt><pt><x>701</x><y>61</y><time>18-05-21 21:58:51:807</time></pt><pt><x>696</x><y>49</y><time>18-05-21 21:58:52:163</time></pt><pt><x>685</x><y>26</y><time>18-05-21 21:58:52:645</time></pt><pt><x>675</x><y>12</y><time>18-05-21 21:58:53:333</time></pt><pt><x>661</x><y>9</y><time>18-05-21 21:58:53:775</time></pt><pt><x>659</x><y>33</y><time>18-05-21 21:58:54:252</time></pt><pt><x>664</x><y>66</y><time>18-05-21 21:58:54:781</time></pt><pt><x>689</x><y>96</y><time>18-05-21 21:58:55:714</time></pt><pt><x>699</x><y>126</y><time>18-05-21 21:58:56:277</time></pt><pt><x>711</x><y>150</y><time>18-05-21 21:58:56:763</time></pt><pt><x>718</x><y>183</y><time>18-05-21 21:58:57:292</time></pt><pt><x>720</x><y>213</y><time>18-05-21 21:58:57:760</time></pt><closed_date>18-05-21 21:58:58:354</closed_date></polygon></object><object><name>restoration</name><deleted>0</deleted><verified>0</verified><occluded>no</occluded><attributes /><parts><hasparts /><ispartof>8</ispartof></parts><date>18-05-21 21:59:34:794</date><id>16</id><polygon><username>anonymous</username><pt><x>730</x><y>234</y><time>18-05-21 21:59:13:538</time></pt><pt><x>725</x><y>258</y><time>18-05-21 21:59:14:067</time></pt><pt><x>718</x><y>279</y><time>18-05-21 21:59:14:592</time></pt><pt><x>699</x><y>296</y><time>18-05-21 21:59:15:048</time></pt><pt><x>690</x><y>296</y><time>18-05-21 21:59:15:569</time></pt><pt><x>673</x><y>281</y><time>18-05-21 21:59:16:042</time></pt><pt><x>671</x><y>258</y><time>18-05-21 21:59:16:478</time></pt><pt><x>655</x><y>258</y><time>18-05-21 21:59:16:938</time></pt><pt><x>647</x><y>298</y><time>18-05-21 21:59:17:398</time></pt><pt><x>652</x><y>349</y><time>18-05-21 21:59:17:861</time></pt><pt><x>675</x><y>361</y><time>18-05-21 21:59:18:298</time></pt><pt><x>692</x><y>378</y><time>18-05-21 21:59:18:792</time></pt><pt><x>694</x><y>378</y><time>18-05-21 21:59:19:290</time></pt><pt><x>729</x><y>377</y><time>18-05-21 21:59:20:082</time></pt><pt><x>760</x><y>375</y><time>18-05-21 21:59:20:541</time></pt><pt><x>790</x><y>373</y><time>18-05-21 21:59:20:973</time></pt><pt><x>821</x><y>375</y><time>18-05-21 21:59:21:391</time></pt><pt><x>863</x><y>399</y><time>18-05-21 21:59:21:944</time></pt><pt><x>898</x><y>387</y><time>18-05-21 21:59:22:419</time></pt><pt><x>936</x><y>373</y><time>18-05-21 21:59:22:864</time></pt><pt><x>943</x><y>356</y><time>18-05-21 21:59:23:581</time></pt><pt><x>943</x><y>307</y><time>18-05-21 21:59:24:040</time></pt><pt><x>938</x><y>261</y><time>18-05-21 21:59:24:551</time></pt><pt><x>915</x><y>239</y><time>18-05-21 21:59:25:003</time></pt><pt><x>901</x><y>260</y><time>18-05-21 21:59:25:455</time></pt><pt><x>872</x><y>256</y><time>18-05-21 21:59:25:895</time></pt><pt><x>866</x><y>249</y><time>18-05-21 21:59:26:204</time></pt><pt><x>854</x><y>241</y><time>18-05-21 21:59:26:677</time></pt><pt><x>830</x><y>239</y><time>18-05-21 21:59:27:433</time></pt><pt><x>814</x><y>221</y><time>18-05-21 21:59:28:060</time></pt><pt><x>798</x><y>214</y><time>18-05-21 21:59:28:593</time></pt><pt><x>777</x><y>214</y><time>18-05-21 21:59:29:102</time></pt><pt><x>762</x><y>216</y><time>18-05-21 21:59:29:575</time></pt><pt><x>750</x><y>223</y><time>18-05-21 21:59:30:024</time></pt><closed_date>18-05-21 21:59:30:656</closed_date></polygon></object><object><name>restoration</name><deleted>0</deleted><verified>0</verified><occluded>no</occluded><attributes /><parts><hasparts /><ispartof>9</ispartof></parts><date>18-05-21 21:59:54:657</date><id>17</id><polygon><username>anonymous</username><pt><x>1089</x><y>305</y><time>18-05-21 21:59:38:154</time></pt><pt><x>1114</x><y>282</y><time>18-05-21 21:59:38:861</time></pt><pt><x>1131</x><y>279</y><time>18-05-21 21:59:39:382</time></pt><pt><x>1156</x><y>275</y><time>18-05-21 21:59:39:981</time></pt><pt><x>1166</x><y>274</y><time>18-05-21 21:59:40:562</time></pt><pt><x>1175</x><y>298</y><time>18-05-21 21:59:41:080</time></pt><pt><x>1177</x><y>322</y><time>18-05-21 21:59:41:618</time></pt><pt><x>1157</x><y>343</y><time>18-05-21 21:59:42:134</time></pt><pt><x>1142</x><y>356</y><time>18-05-21 21:59:42:737</time></pt><pt><x>1121</x><y>366</y><time>18-05-21 21:59:43:250</time></pt><pt><x>1095</x><y>387</y><time>18-05-21 21:59:43:726</time></pt><pt><x>1070</x><y>397</y><time>18-05-21 21:59:44:226</time></pt><pt><x>1039</x><y>396</y><time>18-05-21 21:59:44:693</time></pt><pt><x>1014</x><y>380</y><time>18-05-21 21:59:45:134</time></pt><pt><x>994</x><y>370</y><time>18-05-21 21:59:45:607</time></pt><pt><x>971</x><y>361</y><time>18-05-21 21:59:46:100</time></pt><pt><x>957</x><y>349</y><time>18-05-21 21:59:46:552</time></pt><pt><x>959</x><y>319</y><time>18-05-21 21:59:47:064</time></pt><pt><x>964</x><y>295</y><time>18-05-21 21:59:47:625</time></pt><pt><x>978</x><y>288</y><time>18-05-21 21:59:48:110</time></pt><pt><x>1004</x><y>288</y><time>18-05-21 21:59:48:581</time></pt><pt><x>1032</x><y>310</y><time>18-05-21 21:59:49:088</time></pt><pt><x>1046</x><y>322</y><time>18-05-21 21:59:49:530</time></pt><pt><x>1058</x><y>338</y><time>18-05-21 21:59:50:022</time></pt><pt><x>1070</x><y>338</y><time>18-05-21 21:59:50:427</time></pt><pt><x>1077</x><y>321</y><time>18-05-21 21:59:50:882</time></pt><pt><x>1079</x><y>319</y><time>18-05-21 21:59:51:227</time></pt><closed_date>18-05-21 21:59:51:836</closed_date></polygon></object><object><name>restoration</name><deleted>0</deleted><verified>0</verified><occluded>no</occluded><attributes /><parts><hasparts /><ispartof>7</ispartof></parts><date>18-05-21 22:00:23:235</date><id>18</id><polygon><username>anonymous</username><pt><x>377</x><y>242</y><time>18-05-21 22:00:09:626</time></pt><pt><x>413</x><y>241</y><time>18-05-21 22:00:10:240</time></pt><pt><x>448</x><y>251</y><time>18-05-21 22:00:10:736</time></pt><pt><x>479</x><y>270</y><time>18-05-21 22:00:11:220</time></pt><pt><x>486</x><y>296</y><time>18-05-21 22:00:11:683</time></pt><pt><x>500</x><y>303</y><time>18-05-21 22:00:12:138</time></pt><pt><x>528</x><y>300</y><time>18-05-21 22:00:12:640</time></pt><pt><x>560</x><y>295</y><time>18-05-21 22:00:13:154</time></pt><pt><x>580</x><y>319</y><time>18-05-21 22:00:13:642</time></pt><pt><x>584</x><y>333</y><time>18-05-21 22:00:14:138</time></pt><pt><x>580</x><y>350</y><time>18-05-21 22:00:14:672</time></pt><pt><x>558</x><y>361</y><time>18-05-21 22:00:15:165</time></pt><pt><x>518</x><y>342</y><time>18-05-21 22:00:15:655</time></pt><pt><x>499</x><y>335</y><time>18-05-21 22:00:16:044</time></pt><pt><x>467</x><y>331</y><time>18-05-21 22:00:16:479</time></pt><pt><x>444</x><y>331</y><time>18-05-21 22:00:16:829</time></pt><pt><x>422</x><y>336</y><time>18-05-21 22:00:17:209</time></pt><pt><x>401</x><y>336</y><time>18-05-21 22:00:17:582</time></pt><pt><x>377</x><y>331</y><time>18-05-21 22:00:17:982</time></pt><pt><x>354</x><y>316</y><time>18-05-21 22:00:18:394</time></pt><pt><x>354</x><y>291</y><time>18-05-21 22:00:18:756</time></pt><pt><x>359</x><y>267</y><time>18-05-21 22:00:19:120</time></pt><closed_date>18-05-21 22:00:19:617</closed_date></polygon></object></annotation>