<?xml version='1.0' encoding='UTF-8'?>
<annotation><filename>imagem-039.jpg</filename><folder>segmentation_xray</folder><source><sourceImage>The MIT-CSAIL database of objects and scenes</sourceImage><sourceAnnotation>LabelMe Webtool</sourceAnnotation></source><object><name>tooth</name><deleted>0</deleted><verified>0</verified><occluded>no</occluded><attributes>22</attributes><parts><hasparts /><ispartof /></parts><date>19-05-21 08:38:52:103</date><id>0</id><type>bounding_box</type><polygon><username>anonymous</username><pt><x>671</x><y>57</y><time>19-05-21 08:38:39:668</time></pt><pt><x>31</x><y>57</y><time>19-05-21 08:38:44:047</time></pt><pt><x>31</x><y>1338</y><time>undefined</time></pt><pt><x>671</x><y>1338</y><time>undefined</time></pt><closed_date>19-05-21 08:38:44:048</closed_date></polygon></object><object><name>tooth</name><deleted>0</deleted><verified>0</verified><occluded>no</occluded><attributes>23</attributes><parts><hasparts /><ispartof /></parts><date>19-05-21 08:39:02:589</date><id>1</id><type>bounding_box</type><polygon><username>anonymous</username><pt><x>1343</x><y>1452</y><time>19-05-21 08:38:55:035</time></pt><pt><x>547</x><y>1452</y><time>19-05-21 08:38:58:018</time></pt><pt><x>547</x><y>16</y><time>undefined</time></pt><pt><x>1343</x><y>16</y><time>undefined</time></pt><closed_date>19-05-21 08:38:58:018</closed_date></polygon></object><object><name>tooth</name><deleted>0</deleted><verified>0</verified><occluded>no</occluded><attributes>24</attributes><parts><hasparts /><ispartof /></parts><date>19-05-21 08:39:13:651</date><id>2</id><type>bounding_box</type><polygon><username>anonymous</username><pt><x>2098</x><y>1426</y><time>19-05-21 08:39:06:072</time></pt><pt><x>1286</x><y>1426</y><time>19-05-21 08:39:08:656</time></pt><pt><x>1286</x><y>26</y><time>undefined</time></pt><pt><x>2098</x><y>26</y><time>undefined</time></pt><closed_date>19-05-21 08:39:08:656</closed_date></polygon></object><object><name>tooth</name><deleted>0</deleted><verified>0</verified><occluded>no</occluded><attributes>25</attributes><parts><hasparts /><ispartof /></parts><date>19-05-21 08:39:35:473</date><id>3</id><type>bounding_box</type><polygon><username>anonymous</username><pt><x>2842</x><y>1468</y><time>19-05-21 08:39:20:131</time></pt><pt><x>1983</x><y>1468</y><time>19-05-21 08:39:23:121</time></pt><pt><x>1983</x><y>21</y><time>undefined</time></pt><pt><x>2842</x><y>21</y><time>undefined</time></pt><closed_date>19-05-21 08:39:23:122</closed_date></polygon></object><object><name>tooth</name><deleted>0</deleted><verified>0</verified><occluded>no</occluded><attributes>26</attributes><parts><hasparts>11</hasparts><ispartof /></parts><date>19-05-21 08:40:08:015</date><id>4</id><type>bounding_box</type><polygon><username>anonymous</username><pt><x>2686</x><y>52</y><time>19-05-21 08:39:58:169</time></pt><pt><x>3727</x><y>52</y><time>19-05-21 08:40:03:515</time></pt><pt><x>3727</x><y>1280</y><time>undefined</time></pt><pt><x>2686</x><y>1280</y><time>undefined</time></pt><closed_date>19-05-21 08:40:03:515</closed_date></polygon></object><object><name>tooth</name><deleted>0</deleted><verified>0</verified><occluded>no</occluded><attributes>27</attributes><parts><hasparts /><ispartof /></parts><date>19-05-21 08:40:17:039</date><id>5</id><type>bounding_box</type><polygon><username>anonymous</username><pt><x>4060</x><y>1025</y><time>19-05-21 08:40:10:488</time></pt><pt><x>3602</x><y>1025</y><time>19-05-21 08:40:12:225</time></pt><pt><x>3602</x><y>83</y><time>undefined</time></pt><pt><x>4060</x><y>83</y><time>undefined</time></pt><closed_date>19-05-21 08:40:12:225</closed_date></polygon></object><object><name>tooth</name><deleted>0</deleted><verified>0</verified><occluded>no</occluded><attributes>37</attributes><parts><hasparts>13</hasparts><ispartof /></parts><date>19-05-21 08:40:32:683</date><id>6</id><type>bounding_box</type><polygon><username>anonymous</username><pt><x>4065</x><y>1202</y><time>19-05-21 08:40:20:913</time></pt><pt><x>3300</x><y>1202</y><time>19-05-21 08:40:26:975</time></pt><pt><x>3300</x><y>2863</y><time>undefined</time></pt><pt><x>4065</x><y>2863</y><time>undefined</time></pt><closed_date>19-05-21 08:40:26:975</closed_date></polygon></object><object><name>tooth</name><deleted>0</deleted><verified>0</verified><occluded>no</occluded><attributes>36</attributes><parts><hasparts>12</hasparts><ispartof /></parts><date>19-05-21 08:40:49:351</date><id>7</id><type>bounding_box</type><polygon><username>anonymous</username><pt><x>2223</x><y>1556</y><time>19-05-21 08:40:39:249</time></pt><pt><x>3685</x><y>1556</y><time>19-05-21 08:40:43:904</time></pt><pt><x>3685</x><y>3159</y><time>undefined</time></pt><pt><x>2223</x><y>3159</y><time>undefined</time></pt><closed_date>19-05-21 08:40:43:905</closed_date></polygon></object><object><name>tooth</name><deleted>0</deleted><verified>0</verified><occluded>no</occluded><attributes>35</attributes><parts><hasparts /><ispartof /></parts><date>19-05-21 08:41:08:686</date><id>8</id><type>bounding_box</type><polygon><username>anonymous</username><pt><x>1499</x><y>1676</y><time>19-05-21 08:41:00:453</time></pt><pt><x>2316</x><y>1676</y><time>19-05-21 08:41:03:393</time></pt><pt><x>2316</x><y>3170</y><time>undefined</time></pt><pt><x>1499</x><y>3170</y><time>undefined</time></pt><closed_date>19-05-21 08:41:03:393</closed_date></polygon></object><object><name>tooth</name><deleted>0</deleted><verified>0</verified><occluded>no</occluded><attributes>34</attributes><parts><hasparts /><ispartof /></parts><date>19-05-21 08:41:24:859</date><id>9</id><type>bounding_box</type><polygon><username>anonymous</username><pt><x>760</x><y>1728</y><time>19-05-21 08:41:16:398</time></pt><pt><x>1588</x><y>1728</y><time>19-05-21 08:41:18:493</time></pt><pt><x>1588</x><y>3139</y><time>undefined</time></pt><pt><x>760</x><y>3139</y><time>undefined</time></pt><closed_date>19-05-21 08:41:18:494</closed_date></polygon></object><object><name>tooth</name><deleted>0</deleted><verified>0</verified><occluded>no</occluded><attributes>33</attributes><parts><hasparts /><ispartof /></parts><date>19-05-21 08:41:39:519</date><id>10</id><type>bounding_box</type><polygon><username>anonymous</username><pt><x>119.99999999999989</x><y>1692</y><time>19-05-21 08:41:31:824</time></pt><pt><x>1031</x><y>1692</y><time>19-05-21 08:41:34:932</time></pt><pt><x>1031</x><y>3139</y><time>undefined</time></pt><pt><x>119.99999999999989</x><y>3139</y><time>undefined</time></pt><closed_date>19-05-21 08:41:34:933</closed_date></polygon></object><object><name>restoration</name><deleted>0</deleted><verified>0</verified><occluded>no</occluded><attributes /><parts><hasparts /><ispartof>4</ispartof></parts><date>19-05-21 08:42:19:961</date><id>11</id><polygon><username>anonymous</username><pt><x>3076</x><y>874</y><time>19-05-21 08:42:02:186</time></pt><pt><x>2972</x><y>973</y><time>19-05-21 08:42:03:452</time></pt><pt><x>2951</x><y>1077</y><time>19-05-21 08:42:04:484</time></pt><pt><x>2951</x><y>1166</y><time>19-05-21 08:42:05:291</time></pt><pt><x>2972</x><y>1228</y><time>19-05-21 08:42:05:944</time></pt><pt><x>3102</x><y>1228</y><time>19-05-21 08:42:06:532</time></pt><pt><x>3196</x><y>1202</y><time>19-05-21 08:42:07:117</time></pt><pt><x>3284</x><y>1161</y><time>19-05-21 08:42:07:841</time></pt><pt><x>3404</x><y>1109</y><time>19-05-21 08:42:08:653</time></pt><pt><x>3498</x><y>1062</y><time>19-05-21 08:42:09:255</time></pt><pt><x>3571</x><y>1025</y><time>19-05-21 08:42:09:806</time></pt><pt><x>3690</x><y>979</y><time>19-05-21 08:42:10:360</time></pt><pt><x>3748</x><y>926</y><time>19-05-21 08:42:10:953</time></pt><pt><x>3732</x><y>869</y><time>19-05-21 08:42:11:587</time></pt><pt><x>3685</x><y>828</y><time>19-05-21 08:42:12:197</time></pt><pt><x>3586</x><y>760</y><time>19-05-21 08:42:12:887</time></pt><pt><x>3498</x><y>781</y><time>19-05-21 08:42:13:488</time></pt><pt><x>3425</x><y>796</y><time>19-05-21 08:42:13:975</time></pt><pt><x>3347</x><y>796</y><time>19-05-21 08:42:14:530</time></pt><pt><x>3274</x><y>833</y><time>19-05-21 08:42:14:999</time></pt><pt><x>3232</x><y>869</y><time>19-05-21 08:42:15:576</time></pt><pt><x>3175</x><y>880</y><time>19-05-21 08:42:16:139</time></pt><closed_date>19-05-21 08:42:16:740</closed_date></polygon></object><object><name>restoration</name><deleted>0</deleted><verified>0</verified><occluded>no</occluded><attributes /><parts><hasparts /><ispartof>7</ispartof></parts><date>19-05-21 08:42:51:300</date><id>12</id><polygon><username>anonymous</username><pt><x>3191</x><y>1921</y><time>19-05-21 08:42:31:475</time></pt><pt><x>3071</x><y>1915</y><time>19-05-21 08:42:32:181</time></pt><pt><x>2962</x><y>1941</y><time>19-05-21 08:42:32:807</time></pt><pt><x>2852</x><y>1941</y><time>19-05-21 08:42:33:400</time></pt><pt><x>2738</x><y>1921</y><time>19-05-21 08:42:34:018</time></pt><pt><x>2696</x><y>1869</y><time>19-05-21 08:42:34:790</time></pt><pt><x>2660</x><y>1806</y><time>19-05-21 08:42:35:359</time></pt><pt><x>2665</x><y>1759</y><time>19-05-21 08:42:36:018</time></pt><pt><x>2753</x><y>1754</y><time>19-05-21 08:42:36:717</time></pt><pt><x>2816</x><y>1759</y><time>19-05-21 08:42:37:188</time></pt><pt><x>2899</x><y>1759</y><time>19-05-21 08:42:37:716</time></pt><pt><x>2951</x><y>1764</y><time>19-05-21 08:42:38:326</time></pt><pt><x>3045</x><y>1764</y><time>19-05-21 08:42:38:870</time></pt><pt><x>3113</x><y>1764</y><time>19-05-21 08:42:39:349</time></pt><pt><x>3206</x><y>1764</y><time>19-05-21 08:42:39:837</time></pt><pt><x>3279</x><y>1712</y><time>19-05-21 08:42:40:512</time></pt><pt><x>3316</x><y>1764</y><time>19-05-21 08:42:41:274</time></pt><pt><x>3300</x><y>1848</y><time>19-05-21 08:42:41:958</time></pt><pt><x>3263</x><y>1921</y><time>19-05-21 08:42:42:560</time></pt><pt><x>3232</x><y>1921</y><time>19-05-21 08:42:43:120</time></pt><closed_date>19-05-21 08:42:43:917</closed_date></polygon></object><object><name>restoration</name><deleted>0</deleted><verified>0</verified><occluded>no</occluded><attributes /><parts><hasparts /><ispartof>6</ispartof></parts><date>19-05-21 08:43:12:533</date><id>13</id><polygon><username>anonymous</username><pt><x>3914</x><y>1541</y><time>19-05-21 08:42:55:979</time></pt><pt><x>3794</x><y>1666</y><time>19-05-21 08:42:56:887</time></pt><pt><x>3685</x><y>1686</y><time>19-05-21 08:42:57:587</time></pt><pt><x>3560</x><y>1634</y><time>19-05-21 08:42:58:270</time></pt><pt><x>3472</x><y>1588</y><time>19-05-21 08:42:58:992</time></pt><pt><x>3513</x><y>1525</y><time>19-05-21 08:42:59:594</time></pt><pt><x>3669</x><y>1489</y><time>19-05-21 08:43:00:660</time></pt><pt><x>3732</x><y>1473</y><time>19-05-21 08:43:01:365</time></pt><pt><x>3857</x><y>1468</y><time>19-05-21 08:43:01:967</time></pt><pt><x>3945</x><y>1457</y><time>19-05-21 08:43:02:512</time></pt><pt><x>4008</x><y>1452</y><time>19-05-21 08:43:03:102</time></pt><pt><x>4070</x><y>1447</y><time>19-05-21 08:43:04:007</time></pt><pt><x>4070</x><y>1525</y><time>19-05-21 08:43:04:673</time></pt><pt><x>4070</x><y>1551</y><time>19-05-21 08:43:05:242</time></pt><pt><x>4018</x><y>1551</y><time>19-05-21 08:43:05:754</time></pt><pt><x>3982</x><y>1551</y><time>19-05-21 08:43:06:226</time></pt><closed_date>19-05-21 08:43:06:916</closed_date></polygon></object><imagesize><nrows /><ncols /></imagesize></annotation>