<?xml version='1.0' encoding='UTF-8'?>
<annotation><filename>imagem-041.jpg</filename><folder>segmentation_xray</folder><source><sourceImage>The MIT-CSAIL database of objects and scenes</sourceImage><sourceAnnotation>LabelMe Webtool</sourceAnnotation></source><object><name>tooth</name><deleted>0</deleted><verified>0</verified><occluded>no</occluded><attributes>28</attributes><parts><hasparts /><ispartof /></parts><date>17-05-21 09:33:17:944</date><id>0</id><type>bounding_box</type><polygon><username>anonymous</username><pt><x>892</x><y>350</y><time>17-05-21 09:33:09:803</time></pt><pt><x>1178</x><y>350</y><time>17-05-21 09:33:13:328</time></pt><pt><x>1178</x><y>1</y><time>undefined</time></pt><pt><x>892</x><y>1</y><time>undefined</time></pt><closed_date>17-05-21 09:33:13:330</closed_date></polygon></object><object><name>tooth</name><deleted>0</deleted><verified>0</verified><occluded>no</occluded><attributes>27</attributes><parts><hasparts /><ispartof /></parts><date>17-05-21 09:33:28:043</date><id>1</id><type>bounding_box</type><polygon><username>anonymous</username><pt><x>553</x><y>410</y><time>17-05-21 09:33:19:913</time></pt><pt><x>908</x><y>410</y><time>17-05-21 09:33:23:450</time></pt><pt><x>908</x><y>1</y><time>undefined</time></pt><pt><x>553</x><y>1</y><time>undefined</time></pt><closed_date>17-05-21 09:33:23:450</closed_date></polygon></object><object><name>tooth</name><deleted>0</deleted><verified>0</verified><occluded>no</occluded><attributes>26</attributes><parts><hasparts>9</hasparts><ispartof /></parts><date>17-05-21 09:33:39:969</date><id>2</id><type>bounding_box</type><polygon><username>anonymous</username><pt><x>246</x><y>411</y><time>17-05-21 09:33:30:666</time></pt><pt><x>631</x><y>411</y><time>17-05-21 09:33:36:670</time></pt><pt><x>631</x><y>2</y><time>undefined</time></pt><pt><x>246</x><y>2</y><time>undefined</time></pt><closed_date>17-05-21 09:33:36:670</closed_date></polygon></object><object><name>tooth</name><deleted>0</deleted><verified>0</verified><occluded>no</occluded><attributes>25</attributes><parts><hasparts>10</hasparts><ispartof /></parts><date>17-05-21 09:33:50:429</date><id>3</id><type>bounding_box</type><polygon><username>anonymous</username><pt><x>52</x><y>383</y><time>17-05-21 09:33:41:777</time></pt><pt><x>281</x><y>383</y><time>17-05-21 09:33:44:702</time></pt><pt><x>281</x><y>2</y><time>undefined</time></pt><pt><x>52</x><y>2</y><time>undefined</time></pt><closed_date>17-05-21 09:33:44:702</closed_date></polygon></object><object><name>tooth</name><deleted>0</deleted><verified>0</verified><occluded>no</occluded><attributes>24</attributes><parts><hasparts /><ispartof /></parts><date>17-05-21 09:34:01:106</date><id>4</id><type>bounding_box</type><polygon><username>anonymous</username><pt><x>1</x><y>345</y><time>17-05-21 09:33:54:621</time></pt><pt><x>58</x><y>345</y><time>17-05-21 09:33:57:228</time></pt><pt><x>58</x><y>28</y><time>undefined</time></pt><pt><x>1</x><y>28</y><time>undefined</time></pt><closed_date>17-05-21 09:33:57:228</closed_date></polygon></object><object><name>tooth</name><deleted>0</deleted><verified>0</verified><occluded>no</occluded><attributes>38</attributes><parts><hasparts /><ispartof /></parts><date>17-05-21 09:34:16:919</date><id>5</id><type>bounding_box</type><polygon><username>anonymous</username><pt><x>1180</x><y>415</y><time>17-05-21 09:34:03:874</time></pt><pt><x>809</x><y>415</y><time>17-05-21 09:34:09:167</time></pt><pt><x>809</x><y>943</y><time>undefined</time></pt><pt><x>1180</x><y>943</y><time>undefined</time></pt><closed_date>17-05-21 09:34:09:167</closed_date></polygon></object><object><name>tooth</name><deleted>0</deleted><verified>0</verified><occluded>no</occluded><attributes>37</attributes><parts><hasparts>11</hasparts><ispartof /></parts><date>17-05-21 09:34:27:723</date><id>6</id><type>bounding_box</type><polygon><username>anonymous</username><pt><x>446</x><y>443</y><time>17-05-21 09:34:19:485</time></pt><pt><x>802</x><y>443</y><time>17-05-21 09:34:23:497</time></pt><pt><x>802</x><y>947</y><time>undefined</time></pt><pt><x>446</x><y>947</y><time>undefined</time></pt><closed_date>17-05-21 09:34:23:497</closed_date></polygon></object><object><name>tooth</name><deleted>0</deleted><verified>0</verified><occluded>no</occluded><attributes>36</attributes><parts><hasparts>12</hasparts><ispartof /></parts><date>17-05-21 09:34:36:884</date><id>7</id><type>bounding_box</type><polygon><username>anonymous</username><pt><x>64</x><y>455</y><time>17-05-21 09:34:29:957</time></pt><pt><x>444</x><y>455</y><time>17-05-21 09:34:32:679</time></pt><pt><x>444</x><y>948</y><time>undefined</time></pt><pt><x>64</x><y>948</y><time>undefined</time></pt><closed_date>17-05-21 09:34:32:679</closed_date></polygon></object><object><name>tooth</name><deleted>0</deleted><verified>0</verified><occluded>no</occluded><attributes>35</attributes><parts><hasparts>13</hasparts><ispartof /></parts><date>17-05-21 09:34:47:659</date><id>8</id><type>bounding_box</type><polygon><username>anonymous</username><pt><x>91</x><y>457</y><time>17-05-21 09:34:40:351</time></pt><pt><x>1</x><y>457</y><time>17-05-21 09:34:43:753</time></pt><pt><x>1</x><y>852</y><time>undefined</time></pt><pt><x>91</x><y>852</y><time>undefined</time></pt><closed_date>17-05-21 09:34:43:754</closed_date></polygon></object><object><name>restoration</name><deleted>0</deleted><verified>0</verified><occluded>no</occluded><attributes /><parts><hasparts /><ispartof>2</ispartof></parts><date>17-05-21 09:35:51:724</date><id>9</id><polygon><username>anonymous</username><pt><x>338</x><y>293</y><time>17-05-21 09:35:33:469</time></pt><pt><x>368</x><y>300</y><time>17-05-21 09:35:34:141</time></pt><pt><x>396</x><y>300</y><time>17-05-21 09:35:34:589</time></pt><pt><x>408</x><y>298</y><time>17-05-21 09:35:35:006</time></pt><pt><x>415</x><y>296</y><time>17-05-21 09:35:35:494</time></pt><pt><x>418</x><y>317</y><time>17-05-21 09:35:35:911</time></pt><pt><x>420</x><y>335</y><time>17-05-21 09:35:36:335</time></pt><pt><x>418</x><y>345</y><time>17-05-21 09:35:36:797</time></pt><pt><x>410</x><y>345</y><time>17-05-21 09:35:37:204</time></pt><pt><x>396</x><y>336</y><time>17-05-21 09:35:37:509</time></pt><pt><x>378</x><y>338</y><time>17-05-21 09:35:37:829</time></pt><pt><x>361</x><y>350</y><time>17-05-21 09:35:38:141</time></pt><pt><x>343</x><y>354</y><time>17-05-21 09:35:38:372</time></pt><pt><x>322</x><y>366</y><time>17-05-21 09:35:38:685</time></pt><pt><x>314</x><y>368</y><time>17-05-21 09:35:39:229</time></pt><pt><x>303</x><y>364</y><time>17-05-21 09:35:39:760</time></pt><pt><x>281</x><y>356</y><time>17-05-21 09:35:40:141</time></pt><pt><x>270</x><y>350</y><time>17-05-21 09:35:40:661</time></pt><pt><x>270</x><y>335</y><time>17-05-21 09:35:41:134</time></pt><pt><x>263</x><y>305</y><time>17-05-21 09:35:41:718</time></pt><pt><x>263</x><y>284</y><time>17-05-21 09:35:42:197</time></pt><pt><x>265</x><y>251</y><time>17-05-21 09:35:42:637</time></pt><pt><x>272</x><y>234</y><time>17-05-21 09:35:43:077</time></pt><pt><x>272</x><y>220</y><time>17-05-21 09:35:43:758</time></pt><pt><x>288</x><y>216</y><time>17-05-21 09:35:44:375</time></pt><pt><x>303</x><y>216</y><time>17-05-21 09:35:44:845</time></pt><pt><x>321</x><y>227</y><time>17-05-21 09:35:45:413</time></pt><pt><x>326</x><y>239</y><time>17-05-21 09:35:45:954</time></pt><pt><x>331</x><y>263</y><time>17-05-21 09:35:46:398</time></pt><closed_date>17-05-21 09:35:46:981</closed_date></polygon></object><object><name>restoration</name><deleted>0</deleted><verified>0</verified><occluded>no</occluded><attributes /><parts><hasparts /><ispartof>3</ispartof></parts><date>17-05-21 09:36:17:531</date><id>10</id><polygon><username>anonymous</username><pt><x>164</x><y>300</y><time>17-05-21 09:36:02:636</time></pt><pt><x>193</x><y>300</y><time>17-05-21 09:36:03:342</time></pt><pt><x>200</x><y>296</y><time>17-05-21 09:36:03:909</time></pt><pt><x>204</x><y>279</y><time>17-05-21 09:36:04:412</time></pt><pt><x>214</x><y>249</y><time>17-05-21 09:36:04:916</time></pt><pt><x>214</x><y>237</y><time>17-05-21 09:36:05:572</time></pt><pt><x>228</x><y>225</y><time>17-05-21 09:36:06:031</time></pt><pt><x>244</x><y>221</y><time>17-05-21 09:36:06:357</time></pt><pt><x>258</x><y>221</y><time>17-05-21 09:36:06:766</time></pt><pt><x>268</x><y>221</y><time>17-05-21 09:36:07:269</time></pt><pt><x>268</x><y>254</y><time>17-05-21 09:36:07:876</time></pt><pt><x>265</x><y>312</y><time>17-05-21 09:36:09:277</time></pt><pt><x>268</x><y>338</y><time>17-05-21 09:36:10:081</time></pt><pt><x>258</x><y>340</y><time>17-05-21 09:36:10:573</time></pt><pt><x>241</x><y>336</y><time>17-05-21 09:36:10:941</time></pt><pt><x>227</x><y>335</y><time>17-05-21 09:36:11:357</time></pt><pt><x>204</x><y>329</y><time>17-05-21 09:36:11:700</time></pt><pt><x>181</x><y>329</y><time>17-05-21 09:36:12:073</time></pt><pt><x>173</x><y>329</y><time>17-05-21 09:36:12:351</time></pt><pt><x>166</x><y>329</y><time>17-05-21 09:36:12:685</time></pt><pt><x>159</x><y>329</y><time>17-05-21 09:36:13:148</time></pt><closed_date>17-05-21 09:36:14:182</closed_date></polygon></object><object><name>restoration</name><deleted>0</deleted><verified>0</verified><occluded>no</occluded><attributes /><parts><hasparts /><ispartof>6</ispartof></parts><date>17-05-21 09:37:10:860</date><id>11</id><polygon><username>anonymous</username><pt><x>575</x><y>509</y><time>17-05-21 09:37:00:126</time></pt><pt><x>603</x><y>519</y><time>17-05-21 09:37:00:548</time></pt><pt><x>622</x><y>519</y><time>17-05-21 09:37:00:918</time></pt><pt><x>636</x><y>514</y><time>17-05-21 09:37:01:258</time></pt><pt><x>645</x><y>514</y><time>17-05-21 09:37:01:606</time></pt><pt><x>654</x><y>518</y><time>17-05-21 09:37:02:853</time></pt><pt><x>654</x><y>528</y><time>17-05-21 09:37:03:366</time></pt><pt><x>641</x><y>546</y><time>17-05-21 09:37:03:697</time></pt><pt><x>641</x><y>560</y><time>17-05-21 09:37:04:246</time></pt><pt><x>636</x><y>567</y><time>17-05-21 09:37:04:573</time></pt><pt><x>629</x><y>568</y><time>17-05-21 09:37:04:876</time></pt><pt><x>626</x><y>561</y><time>17-05-21 09:37:05:086</time></pt><pt><x>580</x><y>561</y><time>17-05-21 09:37:05:681</time></pt><pt><x>568</x><y>558</y><time>17-05-21 09:37:06:213</time></pt><pt><x>565</x><y>556</y><time>17-05-21 09:37:06:508</time></pt><pt><x>565</x><y>540</y><time>17-05-21 09:37:06:898</time></pt><closed_date>17-05-21 09:37:07:406</closed_date></polygon></object><object><name>restoration</name><deleted>0</deleted><verified>0</verified><occluded>no</occluded><attributes /><parts><hasparts /><ispartof>7</ispartof></parts><date>17-05-21 09:37:51:564</date><id>12</id><polygon><username>anonymous</username><pt><x>218</x><y>563</y><time>17-05-21 09:37:33:950</time></pt><pt><x>239</x><y>553</y><time>17-05-21 09:37:34:854</time></pt><pt><x>249</x><y>572</y><time>17-05-21 09:37:35:392</time></pt><pt><x>261</x><y>584</y><time>17-05-21 09:37:35:949</time></pt><pt><x>275</x><y>584</y><time>17-05-21 09:37:36:389</time></pt><pt><x>293</x><y>575</y><time>17-05-21 09:37:36:783</time></pt><pt><x>314</x><y>572</y><time>17-05-21 09:37:37:189</time></pt><pt><x>336</x><y>567</y><time>17-05-21 09:37:37:613</time></pt><pt><x>352</x><y>565</y><time>17-05-21 09:37:37:998</time></pt><pt><x>361</x><y>540</y><time>17-05-21 09:37:38:439</time></pt><pt><x>359</x><y>506</y><time>17-05-21 09:37:39:062</time></pt><pt><x>342</x><y>495</y><time>17-05-21 09:37:39:525</time></pt><pt><x>305</x><y>502</y><time>17-05-21 09:37:39:901</time></pt><pt><x>295</x><y>514</y><time>17-05-21 09:37:40:244</time></pt><pt><x>291</x><y>514</y><time>17-05-21 09:37:40:542</time></pt><pt><x>274</x><y>528</y><time>17-05-21 09:37:41:045</time></pt><pt><x>261</x><y>507</y><time>17-05-21 09:37:41:606</time></pt><pt><x>254</x><y>500</y><time>17-05-21 09:37:41:941</time></pt><pt><x>246</x><y>493</y><time>17-05-21 09:37:42:221</time></pt><pt><x>227</x><y>490</y><time>17-05-21 09:37:42:596</time></pt><pt><x>213</x><y>486</y><time>17-05-21 09:37:43:012</time></pt><pt><x>174</x><y>488</y><time>17-05-21 09:37:45:373</time></pt><pt><x>138</x><y>493</y><time>17-05-21 09:37:46:037</time></pt><pt><x>131</x><y>509</y><time>17-05-21 09:37:46:558</time></pt><pt><x>145</x><y>521</y><time>17-05-21 09:37:46:901</time></pt><pt><x>153</x><y>528</y><time>17-05-21 09:37:47:334</time></pt><pt><x>171</x><y>544</y><time>17-05-21 09:37:47:605</time></pt><pt><x>197</x><y>563</y><time>17-05-21 09:37:47:926</time></pt><closed_date>17-05-21 09:37:48:486</closed_date></polygon></object><object><name>restoration</name><deleted>0</deleted><verified>0</verified><occluded>no</occluded><attributes /><parts><hasparts /><ispartof>8</ispartof></parts><date>17-05-21 09:38:16:587</date><id>13</id><polygon><username>anonymous</username><pt><x>14</x><y>502</y><time>17-05-21 09:38:06:145</time></pt><pt><x>30</x><y>532</y><time>17-05-21 09:38:07:085</time></pt><pt><x>31</x><y>551</y><time>17-05-21 09:38:07:620</time></pt><pt><x>31</x><y>563</y><time>17-05-21 09:38:08:061</time></pt><pt><x>38</x><y>572</y><time>17-05-21 09:38:08:542</time></pt><pt><x>56</x><y>575</y><time>17-05-21 09:38:09:141</time></pt><pt><x>71</x><y>572</y><time>17-05-21 09:38:10:462</time></pt><pt><x>87</x><y>556</y><time>17-05-21 09:38:11:133</time></pt><pt><x>84</x><y>519</y><time>17-05-21 09:38:11:894</time></pt><pt><x>71</x><y>506</y><time>17-05-21 09:38:12:445</time></pt><pt><x>40</x><y>506</y><time>17-05-21 09:38:12:945</time></pt><closed_date>17-05-21 09:38:13:580</closed_date></polygon></object><imagesize><nrows /><ncols /></imagesize></annotation>