<?xml version='1.0' encoding='UTF-8'?>
<annotation><filename>imagem-096.jpg</filename><folder>segmentation_xray</folder><source><sourceImage>The MIT-CSAIL database of objects and scenes</sourceImage><sourceAnnotation>LabelMe Webtool</sourceAnnotation></source><object><name>tooth</name><deleted>0</deleted><verified>0</verified><occluded>no</occluded><attributes>16</attributes><parts><hasparts /><ispartof /></parts><date>19-05-21 08:46:50:429</date><id>0</id><type>bounding_box</type><polygon><username>anonymous</username><pt><x>536</x><y>501</y><time>19-05-21 08:46:39:944</time></pt><pt><x>1005</x><y>501</y><time>19-05-21 08:46:41:721</time></pt><pt><x>1005</x><y>10</y><time>undefined</time></pt><pt><x>536</x><y>10</y><time>undefined</time></pt><closed_date>19-05-21 08:46:41:721</closed_date></polygon></object><object><name>tooth</name><deleted>0</deleted><verified>0</verified><occluded>no</occluded><attributes>55</attributes><parts><hasparts /><ispartof /></parts><date>19-05-21 08:47:10:706</date><id>1</id><type>bounding_box</type><polygon><username>anonymous</username><pt><x>1358</x><y>6</y><time>19-05-21 08:47:01:960</time></pt><pt><x>960</x><y>6</y><time>19-05-21 08:47:04:495</time></pt><pt><x>960</x><y>491</y><time>undefined</time></pt><pt><x>1358</x><y>491</y><time>undefined</time></pt><closed_date>19-05-21 08:47:04:495</closed_date></polygon></object><object><name>tooth</name><deleted>0</deleted><verified>0</verified><occluded>no</occluded><attributes>54</attributes><parts><hasparts /><ispartof /></parts><date>19-05-21 08:47:26:248</date><id>2</id><type>bounding_box</type><polygon><username>anonymous</username><pt><x>1599</x><y>491</y><time>19-05-21 08:47:17:565</time></pt><pt><x>1270</x><y>491</y><time>19-05-21 08:47:21:317</time></pt><pt><x>1270</x><y>4</y><time>undefined</time></pt><pt><x>1599</x><y>4</y><time>undefined</time></pt><closed_date>19-05-21 08:47:21:318</closed_date></polygon></object><object><name>tooth</name><deleted>0</deleted><verified>0</verified><occluded>no</occluded><attributes>14</attributes><parts><hasparts /><ispartof /></parts><date>19-05-21 08:47:53:888</date><id>3</id><type>bounding_box</type><polygon><username>anonymous</username><pt><x>1526</x><y>10</y><time>19-05-21 08:47:46:778</time></pt><pt><x>1273</x><y>10</y><time>19-05-21 08:47:48:703</time></pt><pt><x>1273</x><y>199</y><time>undefined</time></pt><pt><x>1526</x><y>199</y><time>undefined</time></pt><closed_date>19-05-21 08:47:48:703</closed_date></polygon></object><object><name>tooth</name><deleted>0</deleted><verified>0</verified><occluded>no</occluded><attributes>15</attributes><parts><hasparts /><ispartof /></parts><date>19-05-21 08:48:04:222</date><id>4</id><type>bounding_box</type><polygon><username>anonymous</username><pt><x>1248</x><y>12</y><time>19-05-21 08:47:57:354</time></pt><pt><x>980</x><y>12</y><time>19-05-21 08:47:59:231</time></pt><pt><x>980</x><y>126</y><time>undefined</time></pt><pt><x>1248</x><y>126</y><time>undefined</time></pt><closed_date>19-05-21 08:47:59:231</closed_date></polygon></object><object><name>tooth</name><deleted>0</deleted><verified>0</verified><occluded>no</occluded><attributes>47</attributes><parts><hasparts /><ispartof /></parts><date>19-05-21 08:48:18:120</date><id>5</id><type>bounding_box</type><polygon><username>anonymous</username><pt><x>28</x><y>1220</y><time>19-05-21 08:48:07:668</time></pt><pt><x>507</x><y>1220</y><time>19-05-21 08:48:10:636</time></pt><pt><x>507</x><y>684</y><time>undefined</time></pt><pt><x>28</x><y>684</y><time>undefined</time></pt><closed_date>19-05-21 08:48:10:636</closed_date></polygon></object><object><name>tooth</name><deleted>0</deleted><verified>0</verified><occluded>no</occluded><attributes>46</attributes><parts><hasparts /><ispartof /></parts><date>19-05-21 08:48:34:324</date><id>6</id><type>bounding_box</type><polygon><username>anonymous</username><pt><x>430</x><y>538</y><time>19-05-21 08:48:25:342</time></pt><pt><x>988</x><y>538</y><time>19-05-21 08:48:28:382</time></pt><pt><x>988</x><y>1222</y><time>undefined</time></pt><pt><x>430</x><y>1222</y><time>undefined</time></pt><closed_date>19-05-21 08:48:28:382</closed_date></polygon></object><object><name>tooth</name><deleted>0</deleted><verified>0</verified><occluded>no</occluded><attributes>85</attributes><parts><hasparts /><ispartof /></parts><date>19-05-21 08:48:55:006</date><id>7</id><type>bounding_box</type><polygon><username>anonymous</username><pt><x>1325</x><y>1094</y><time>19-05-21 08:48:45:578</time></pt><pt><x>940</x><y>1094</y><time>19-05-21 08:48:50:015</time></pt><pt><x>940</x><y>595</y><time>undefined</time></pt><pt><x>1325</x><y>595</y><time>undefined</time></pt><closed_date>19-05-21 08:48:50:015</closed_date></polygon></object><object><name>tooth</name><deleted>0</deleted><verified>0</verified><occluded>no</occluded><attributes>45</attributes><parts><hasparts /><ispartof /></parts><date>19-05-21 08:49:07:858</date><id>8</id><type>bounding_box</type><polygon><username>anonymous</username><pt><x>1230</x><y>1222</y><time>19-05-21 08:49:00:508</time></pt><pt><x>887</x><y>1222</y><time>19-05-21 08:49:03:000</time></pt><pt><x>887</x><y>1102</y><time>undefined</time></pt><pt><x>1230</x><y>1102</y><time>undefined</time></pt><closed_date>19-05-21 08:49:03:001</closed_date></polygon></object><object><name>tooth</name><deleted>0</deleted><verified>0</verified><occluded>no</occluded><attributes>84</attributes><parts><hasparts /><ispartof /></parts><date>19-05-21 08:49:17:965</date><id>9</id><type>bounding_box</type><polygon><username>anonymous</username><pt><x>1601</x><y>639</y><time>19-05-21 08:49:10:463</time></pt><pt><x>1325</x><y>639</y><time>19-05-21 08:49:12:558</time></pt><pt><x>1325</x><y>1057</y><time>undefined</time></pt><pt><x>1601</x><y>1057</y><time>undefined</time></pt><closed_date>19-05-21 08:49:12:559</closed_date></polygon></object><object><name>tooth</name><deleted>0</deleted><verified>0</verified><occluded>no</occluded><attributes>44</attributes><parts><hasparts /><ispartof /></parts><date>19-05-21 08:49:28:986</date><id>10</id><type>bounding_box</type><polygon><username>anonymous</username><pt><x>1309</x><y>1214</y><time>19-05-21 08:49:19:435</time></pt><pt><x>1587</x><y>1214</y><time>19-05-21 08:49:22:310</time></pt><pt><x>1587</x><y>988</y><time>undefined</time></pt><pt><x>1309</x><y>988</y><time>undefined</time></pt><closed_date>19-05-21 08:49:22:311</closed_date></polygon></object><imagesize><nrows /><ncols /></imagesize></annotation>