<?xml version="1.0" encoding="UTF-8"?><annotation><filename>imagem-016.jpg</filename><folder>segmentation_xray</folder><source><sourceImage>The MIT-CSAIL database of objects and scenes</sourceImage><sourceAnnotation>LabelMe Webtool</sourceAnnotation></source><object><name>restorarion</name><deleted>1</deleted><verified>0</verified><occluded>no</occluded><attributes/><parts><hasparts/><ispartof/></parts><date>04-05-21 14:18:25:908</date><id>0</id><polygon><username>anonymous</username><pt><x>1270</x><y>1756</y><time>04-05-21 14:17:20:007</time></pt><pt><x>1127</x><y>1834</y><time>04-05-21 14:17:21:297</time></pt><pt><x>1055</x><y>1911</y><time>04-05-21 14:17:21:826</time></pt><pt><x>1044</x><y>1966</y><time>04-05-21 14:17:22:281</time></pt><pt><x>1055</x><y>2060</y><time>04-05-21 14:17:22:657</time></pt><pt><x>1110</x><y>2143</y><time>04-05-21 14:17:23:265</time></pt><pt><x>1182</x><y>2187</y><time>04-05-21 14:17:23:681</time></pt><pt><x>1254</x><y>2215</y><time>04-05-21 14:17:24:169</time></pt><pt><x>1353</x><y>2193</y><time>04-05-21 14:17:24:698</time></pt><pt><x>1430</x><y>2143</y><time>04-05-21 14:17:25:107</time></pt><pt><x>1441</x><y>2110</y><time>04-05-21 14:17:25:713</time></pt><pt><x>1475</x><y>2071</y><time>04-05-21 14:17:26:041</time></pt><pt><x>1524</x><y>2071</y><time>04-05-21 14:17:27:481</time></pt><pt><x>1624</x><y>2071</y><time>04-05-21 14:17:28:129</time></pt><pt><x>1679</x><y>2060</y><time>04-05-21 14:17:28:648</time></pt><pt><x>1723</x><y>2016</y><time>04-05-21 14:17:29:082</time></pt><pt><x>1729</x><y>1961</y><time>04-05-21 14:17:30:193</time></pt><pt><x>1762</x><y>1883</y><time>04-05-21 14:17:30:673</time></pt><pt><x>1784</x><y>1839</y><time>04-05-21 14:17:31:097</time></pt><pt><x>1762</x><y>1811</y><time>04-05-21 14:17:31:641</time></pt><pt><x>1729</x><y>1823</y><time>04-05-21 14:17:32:242</time></pt><pt><x>1651</x><y>1861</y><time>04-05-21 14:17:32:764</time></pt><pt><x>1574</x><y>1856</y><time>04-05-21 14:17:33:434</time></pt><pt><x>1541</x><y>1828</y><time>04-05-21 14:17:33:889</time></pt><pt><x>1464</x><y>1789</y><time>04-05-21 14:17:34:704</time></pt><pt><x>1403</x><y>1773</y><time>04-05-21 14:17:35:153</time></pt><pt><x>1348</x><y>1762</y><time>04-05-21 14:17:35:713</time></pt><closed_date>04-05-21 14:17:36:877</closed_date></polygon></object><object><name>crown</name><deleted>1</deleted><verified>0</verified><occluded>no</occluded><attributes/><parts><hasparts/><ispartof/></parts><date>04-05-21 14:21:16:429</date><id>1</id><polygon><username>anonymous</username><pt><x>2242</x><y>2535</y><time>04-05-21 14:20:34:855</time></pt><pt><x>2331</x><y>2016</y><time>04-05-21 14:20:36:146</time></pt><pt><x>2331</x><y>2032</y><time>04-05-21 14:20:37:234</time></pt><pt><x>2369</x><y>2082</y><time>04-05-21 14:20:38:130</time></pt><pt><x>2436</x><y>2099</y><time>04-05-21 14:20:38:730</time></pt><pt><x>2491</x><y>2088</y><time>04-05-21 14:20:39:378</time></pt><pt><x>2524</x><y>2054</y><time>04-05-21 14:20:40:162</time></pt><pt><x>2529</x><y>2016</y><time>04-05-21 14:20:40:699</time></pt><pt><x>2585</x><y>2099</y><time>04-05-21 14:20:41:347</time></pt><pt><x>2640</x><y>2115</y><time>04-05-21 14:20:42:156</time></pt><pt><x>2723</x><y>2093</y><time>04-05-21 14:20:42:595</time></pt><pt><x>2795</x><y>2077</y><time>04-05-21 14:20:43:082</time></pt><pt><x>2811</x><y>2115</y><time>04-05-21 14:20:43:802</time></pt><pt><x>2800</x><y>2231</y><time>04-05-21 14:20:44:266</time></pt><pt><x>2795</x><y>2331</y><time>04-05-21 14:20:44:715</time></pt><pt><x>2795</x><y>2425</y><time>04-05-21 14:20:45:220</time></pt><pt><x>2772</x><y>2491</y><time>04-05-21 14:20:45:691</time></pt><pt><x>2750</x><y>2574</y><time>04-05-21 14:20:46:643</time></pt><pt><x>2828</x><y>2408</y><time>04-05-21 14:20:48:419</time></pt><pt><x>2872</x><y>2297</y><time>04-05-21 14:20:49:099</time></pt><pt><x>2905</x><y>2198</y><time>04-05-21 14:20:49:747</time></pt><pt><x>2949</x><y>2027</y><time>04-05-21 14:20:50:802</time></pt><pt><x>2911</x><y>1905</y><time>04-05-21 14:20:51:259</time></pt><pt><x>2883</x><y>1845</y><time>04-05-21 14:20:51:739</time></pt><pt><x>2761</x><y>1839</y><time>04-05-21 14:20:52:195</time></pt><pt><x>2712</x><y>1834</y><time>04-05-21 14:20:52:723</time></pt><pt><x>2712</x><y>1789</y><time>04-05-21 14:20:53:234</time></pt><pt><x>2640</x><y>1756</y><time>04-05-21 14:20:53:683</time></pt><pt><x>2568</x><y>1745</y><time>04-05-21 14:20:54:188</time></pt><pt><x>2524</x><y>1751</y><time>04-05-21 14:20:54:555</time></pt><pt><x>2485</x><y>1778</y><time>04-05-21 14:20:55:155</time></pt><pt><x>2425</x><y>1789</y><time>04-05-21 14:20:55:571</time></pt><pt><x>2380</x><y>1817</y><time>04-05-21 14:20:56:003</time></pt><pt><x>2331</x><y>1817</y><time>04-05-21 14:20:56:427</time></pt><pt><x>2286</x><y>1839</y><time>04-05-21 14:20:56:883</time></pt><pt><x>2264</x><y>1861</y><time>04-05-21 14:20:57:986</time></pt><pt><x>2220</x><y>1944</y><time>04-05-21 14:20:58:587</time></pt><pt><x>2209</x><y>2038</y><time>04-05-21 14:20:59:067</time></pt><pt><x>2198</x><y>2104</y><time>04-05-21 14:20:59:482</time></pt><pt><x>2215</x><y>2231</y><time>04-05-21 14:21:00:299</time></pt><pt><x>2231</x><y>2309</y><time>04-05-21 14:21:00:723</time></pt><pt><x>2242</x><y>2419</y><time>04-05-21 14:21:01:243</time></pt><closed_date>04-05-21 14:21:02:372</closed_date></polygon></object><object><name>tooth</name><deleted>1</deleted><verified>0</verified><occluded>no</occluded><attributes/><parts><hasparts></hasparts><ispartof/></parts><date>04-05-21 14:26:04:204</date><id>2</id><polygon><username>anonymous</username><pt><x>1314</x><y>1740</y><time>04-05-21 14:25:18:504</time></pt><pt><x>1469</x><y>1740</y><time>04-05-21 14:25:19:380</time></pt><pt><x>1585</x><y>1789</y><time>04-05-21 14:25:20:101</time></pt><pt><x>1629</x><y>1811</y><time>04-05-21 14:25:20:547</time></pt><pt><x>1718</x><y>1773</y><time>04-05-21 14:25:21:236</time></pt><pt><x>1817</x><y>1745</y><time>04-05-21 14:25:22:844</time></pt><pt><x>1950</x><y>1740</y><time>04-05-21 14:25:23:260</time></pt><pt><x>2043</x><y>1751</y><time>04-05-21 14:25:23:756</time></pt><pt><x>2115</x><y>1789</y><time>04-05-21 14:25:24:381</time></pt><pt><x>2165</x><y>1850</y><time>04-05-21 14:25:24:804</time></pt><pt><x>2182</x><y>1966</y><time>04-05-21 14:25:25:374</time></pt><pt><x>2159</x><y>2148</y><time>04-05-21 14:25:26:509</time></pt><pt><x>2110</x><y>2314</y><time>04-05-21 14:25:27:029</time></pt><pt><x>2010</x><y>2585</y><time>04-05-21 14:25:28:356</time></pt><pt><x>1983</x><y>2717</y><time>04-05-21 14:25:29:037</time></pt><pt><x>1955</x><y>2877</y><time>04-05-21 14:25:29:708</time></pt><pt><x>1944</x><y>3082</y><time>04-05-21 14:25:30:877</time></pt><pt><x>1922</x><y>3104</y><time>04-05-21 14:25:31:757</time></pt><pt><x>1646</x><y>3115</y><time>04-05-21 14:25:33:612</time></pt><pt><x>1662</x><y>3038</y><time>04-05-21 14:25:34:228</time></pt><pt><x>1640</x><y>2944</y><time>04-05-21 14:25:34:941</time></pt><pt><x>1546</x><y>2938</y><time>04-05-21 14:25:35:309</time></pt><pt><x>1491</x><y>2938</y><time>04-05-21 14:25:35:861</time></pt><pt><x>1469</x><y>2971</y><time>04-05-21 14:25:36:412</time></pt><pt><x>1425</x><y>3065</y><time>04-05-21 14:25:36:908</time></pt><pt><x>1392</x><y>3115</y><time>04-05-21 14:25:37:372</time></pt><pt><x>1276</x><y>3115</y><time>04-05-21 14:25:38:117</time></pt><pt><x>1066</x><y>3131</y><time>04-05-21 14:25:38:604</time></pt><pt><x>989</x><y>3126</y><time>04-05-21 14:25:39:068</time></pt><pt><x>1027</x><y>3049</y><time>04-05-21 14:25:39:661</time></pt><pt><x>1088</x><y>2828</y><time>04-05-21 14:25:40:661</time></pt><pt><x>1066</x><y>2540</y><time>04-05-21 14:25:41:710</time></pt><pt><x>1022</x><y>2408</y><time>04-05-21 14:25:42:412</time></pt><pt><x>983</x><y>2248</y><time>04-05-21 14:25:42:988</time></pt><pt><x>933</x><y>2110</y><time>04-05-21 14:25:43:389</time></pt><pt><x>961</x><y>1944</y><time>04-05-21 14:25:44:501</time></pt><pt><x>1005</x><y>1850</y><time>04-05-21 14:25:44:988</time></pt><pt><x>1027</x><y>1800</y><time>04-05-21 14:25:45:420</time></pt><pt><x>1110</x><y>1789</y><time>04-05-21 14:25:45:964</time></pt><pt><x>1160</x><y>1806</y><time>04-05-21 14:25:46:516</time></pt><closed_date>04-05-21 14:25:47:892</closed_date></polygon></object><object><name>restoration</name><deleted>1</deleted><verified>0</verified><occluded>no</occluded><attributes/><parts><hasparts/><ispartof></ispartof></parts><date>04-05-21 14:30:26:284</date><id>3</id><polygon><username>anonymous</username><pt><x>1138</x><y>1823</y><time>04-05-21 14:29:19:632</time></pt><pt><x>1044</x><y>1944</y><time>04-05-21 14:29:20:334</time></pt><pt><x>1049</x><y>2066</y><time>04-05-21 14:29:21:053</time></pt><pt><x>1132</x><y>2159</y><time>04-05-21 14:29:22:100</time></pt><pt><x>1209</x><y>2220</y><time>04-05-21 14:29:22:181</time></pt><pt><x>1314</x><y>2209</y><time>04-05-21 14:29:22:662</time></pt><pt><x>1425</x><y>2159</y><time>04-05-21 14:29:23:310</time></pt><pt><x>1397</x><y>2187</y><time>04-05-21 14:29:26:686</time></pt><pt><x>1441</x><y>2237</y><time>04-05-21 14:29:27:374</time></pt><pt><x>1546</x><y>2253</y><time>04-05-21 14:29:27:823</time></pt><pt><x>1635</x><y>2193</y><time>04-05-21 14:29:28:509</time></pt><pt><x>1690</x><y>2115</y><time>04-05-21 14:29:28:974</time></pt><pt><x>1701</x><y>2038</y><time>04-05-21 14:29:29:550</time></pt><pt><x>1745</x><y>1911</y><time>04-05-21 14:29:30:006</time></pt><pt><x>1762</x><y>1800</y><time>04-05-21 14:29:30:446</time></pt><pt><x>1718</x><y>1789</y><time>04-05-21 14:29:31:134</time></pt><pt><x>1640</x><y>1823</y><time>04-05-21 14:29:32:590</time></pt><pt><x>1591</x><y>1811</y><time>04-05-21 14:29:33:214</time></pt><pt><x>1497</x><y>1767</y><time>04-05-21 14:29:33:846</time></pt><pt><x>1464</x><y>1762</y><time>04-05-21 14:29:34:310</time></pt><pt><x>1337</x><y>1762</y><time>04-05-21 14:29:34:918</time></pt><pt><x>1303</x><y>1767</y><time>04-05-21 14:29:35:621</time></pt><pt><x>1209</x><y>1789</y><time>04-05-21 14:29:36:158</time></pt><closed_date>04-05-21 14:29:37:351</closed_date></polygon></object><imagesize><nrows></nrows><ncols></ncols></imagesize><object><name>tooth</name><deleted>0</deleted><verified>0</verified><occluded>no</occluded><attributes>17</attributes><parts><hasparts>11</hasparts><ispartof/></parts><date>19-05-21 09:51:33:706</date><id>4</id><type>bounding_box</type><polygon><username>anonymous</username><pt><x>872</x><y>67</y><time>19-05-21 09:51:22:708</time></pt><pt><x>15</x><y>67</y><time>19-05-21 09:51:24:846</time></pt><pt><x>15</x><y>1564</y><time>undefined</time></pt><pt><x>872</x><y>1564</y><time>undefined</time></pt><closed_date>19-05-21 09:51:24:846</closed_date></polygon></object><object><name>tooth</name><deleted>0</deleted><verified>0</verified><occluded>no</occluded><attributes>16</attributes><parts><hasparts>10</hasparts><ispartof/></parts><date>19-05-21 09:52:09:837</date><id>5</id><type>bounding_box</type><polygon><username>anonymous</username><pt><x>2049</x><y>41</y><time>19-05-21 09:52:00:898</time></pt><pt><x>846</x><y>41</y><time>19-05-21 09:52:03:630</time></pt><pt><x>846</x><y>1595</y><time>undefined</time></pt><pt><x>2049</x><y>1595</y><time>undefined</time></pt><closed_date>19-05-21 09:52:03:630</closed_date></polygon></object><object><name>tooth</name><deleted>0</deleted><verified>0</verified><occluded>no</occluded><attributes>15</attributes><parts><hasparts>8,9</hasparts><ispartof/></parts><date>19-05-21 09:52:25:648</date><id>6</id><type>bounding_box</type><polygon><username>anonymous</username><pt><x>2802</x><y>1533</y><time>19-05-21 09:52:17:927</time></pt><pt><x>1930</x><y>1533</y><time>19-05-21 09:52:20:032</time></pt><pt><x>1930</x><y>36</y><time>undefined</time></pt><pt><x>2802</x><y>36</y><time>undefined</time></pt><closed_date>19-05-21 09:52:20:033</closed_date></polygon></object><object><name>tooth</name><deleted>0</deleted><verified>0</verified><occluded>no</occluded><attributes>13</attributes><parts><hasparts>12</hasparts><ispartof/></parts><date>19-05-21 09:52:43:125</date><id>7</id><type>bounding_box</type><polygon><username>anonymous</username><pt><x>3034</x><y>26</y><time>19-05-21 09:52:34:274</time></pt><pt><x>3974</x><y>26</y><time>19-05-21 09:52:36:881</time></pt><pt><x>3974</x><y>1574</y><time>undefined</time></pt><pt><x>3034</x><y>1574</y><time>undefined</time></pt><closed_date>19-05-21 09:52:36:881</closed_date></polygon></object><object><name>restoration</name><deleted>0</deleted><verified>0</verified><occluded>no</occluded><attributes/><parts><hasparts/><ispartof>6</ispartof></parts><date>19-05-21 09:53:28:867</date><id>8</id><polygon><username>anonymous</username><pt><x>2725</x><y>975</y><time>19-05-21 09:53:15:552</time></pt><pt><x>2647</x><y>1027</y><time>19-05-21 09:53:16:234</time></pt><pt><x>2622</x><y>1151</y><time>19-05-21 09:53:16:884</time></pt><pt><x>2720</x><y>1228</y><time>19-05-21 09:53:17:656</time></pt><pt><x>2761</x><y>1233</y><time>19-05-21 09:53:18:322</time></pt><pt><x>2782</x><y>1171</y><time>19-05-21 09:53:19:038</time></pt><pt><x>2782</x><y>1099</y><time>19-05-21 09:53:19:702</time></pt><pt><x>2782</x><y>1053</y><time>19-05-21 09:53:20:224</time></pt><closed_date>19-05-21 09:53:20:962</closed_date></polygon></object><object><name>restoration</name><deleted>0</deleted><verified>0</verified><occluded>no</occluded><attributes/><parts><hasparts/><ispartof>6</ispartof></parts><date>19-05-21 09:53:46:049</date><id>9</id><polygon><username>anonymous</username><pt><x>2663</x><y>1285</y><time>19-05-21 09:53:30:547</time></pt><pt><x>2518</x><y>1141</y><time>19-05-21 09:53:31:375</time></pt><pt><x>2462</x><y>1079</y><time>19-05-21 09:53:32:081</time></pt><pt><x>2353</x><y>1037</y><time>19-05-21 09:53:33:155</time></pt><pt><x>2307</x><y>1068</y><time>19-05-21 09:53:33:830</time></pt><pt><x>2266</x><y>1079</y><time>19-05-21 09:53:34:414</time></pt><pt><x>2173</x><y>1042</y><time>19-05-21 09:53:34:931</time></pt><pt><x>2095</x><y>1032</y><time>19-05-21 09:53:35:487</time></pt><pt><x>2028</x><y>1058</y><time>19-05-21 09:53:36:072</time></pt><pt><x>2028</x><y>1192</y><time>19-05-21 09:53:36:576</time></pt><pt><x>2064</x><y>1280</y><time>19-05-21 09:53:37:072</time></pt><pt><x>2198</x><y>1352</y><time>19-05-21 09:53:37:592</time></pt><pt><x>2291</x><y>1435</y><time>19-05-21 09:53:38:096</time></pt><pt><x>2415</x><y>1435</y><time>19-05-21 09:53:38:534</time></pt><pt><x>2498</x><y>1476</y><time>19-05-21 09:53:39:307</time></pt><pt><x>2596</x><y>1466</y><time>19-05-21 09:53:39:859</time></pt><pt><x>2642</x><y>1424</y><time>19-05-21 09:53:40:298</time></pt><pt><x>2720</x><y>1321</y><time>19-05-21 09:53:41:013</time></pt><closed_date>19-05-21 09:53:41:932</closed_date></polygon></object><object><name>restoration</name><deleted>0</deleted><verified>0</verified><occluded>no</occluded><attributes/><parts><hasparts/><ispartof>5</ispartof></parts><date>19-05-21 09:54:03:783</date><id>10</id><polygon><username>anonymous</username><pt><x>1961</x><y>981</y><time>19-05-21 09:53:55:579</time></pt><pt><x>1904</x><y>1079</y><time>19-05-21 09:53:56:261</time></pt><pt><x>1920</x><y>1213</y><time>19-05-21 09:53:56:829</time></pt><pt><x>1961</x><y>1295</y><time>19-05-21 09:53:57:560</time></pt><pt><x>2033</x><y>1311</y><time>19-05-21 09:53:58:373</time></pt><pt><x>2028</x><y>1161</y><time>19-05-21 09:53:59:040</time></pt><pt><x>2002</x><y>1058</y><time>19-05-21 09:53:59:673</time></pt><closed_date>19-05-21 09:54:00:405</closed_date></polygon></object><object><name>restoration</name><deleted>0</deleted><verified>0</verified><occluded>no</occluded><attributes/><parts><hasparts/><ispartof>4</ispartof></parts><date>19-05-21 09:54:33:342</date><id>11</id><polygon><username>anonymous</username><pt><x>614</x><y>1233</y><time>19-05-21 09:54:17:425</time></pt><pt><x>537</x><y>1233</y><time>19-05-21 09:54:17:993</time></pt><pt><x>423</x><y>1125</y><time>19-05-21 09:54:18:690</time></pt><pt><x>330</x><y>1110</y><time>19-05-21 09:54:19:293</time></pt><pt><x>253</x><y>1125</y><time>19-05-21 09:54:19:845</time></pt><pt><x>186</x><y>1089</y><time>19-05-21 09:54:20:310</time></pt><pt><x>46</x><y>1022</y><time>19-05-21 09:54:21:179</time></pt><pt><x>0</x><y>1022</y><time>19-05-21 09:54:22:732</time></pt><pt><x>31</x><y>1321</y><time>19-05-21 09:54:23:918</time></pt><pt><x>186</x><y>1326</y><time>19-05-21 09:54:24:690</time></pt><pt><x>335</x><y>1326</y><time>19-05-21 09:54:25:186</time></pt><pt><x>475</x><y>1331</y><time>19-05-21 09:54:25:631</time></pt><pt><x>563</x><y>1368</y><time>19-05-21 09:54:26:125</time></pt><pt><x>604</x><y>1368</y><time>19-05-21 09:54:26:679</time></pt><pt><x>661</x><y>1362</y><time>19-05-21 09:54:27:396</time></pt><pt><x>655</x><y>1270</y><time>19-05-21 09:54:27:866</time></pt><closed_date>19-05-21 09:54:28:657</closed_date></polygon></object><object><name>restoration</name><deleted>0</deleted><verified>0</verified><occluded>no</occluded><attributes/><parts><hasparts/><ispartof>7</ispartof></parts><date>19-05-21 09:54:59:496</date><id>12</id><polygon><username>anonymous</username><pt><x>3659</x><y>981</y><time>19-05-21 09:54:49:658</time></pt><pt><x>3416</x><y>975</y><time>19-05-21 09:54:50:348</time></pt><pt><x>3334</x><y>1042</y><time>19-05-21 09:54:50:958</time></pt><pt><x>3349</x><y>1156</y><time>19-05-21 09:54:51:503</time></pt><pt><x>3427</x><y>1228</y><time>19-05-21 09:54:52:030</time></pt><pt><x>3607</x><y>1223</y><time>19-05-21 09:54:52:526</time></pt><pt><x>3680</x><y>1197</y><time>19-05-21 09:54:53:001</time></pt><pt><x>3695</x><y>1192</y><time>19-05-21 09:54:53:501</time></pt><pt><x>3747</x><y>1094</y><time>19-05-21 09:54:54:509</time></pt><pt><x>3726</x><y>1017</y><time>19-05-21 09:54:55:151</time></pt><closed_date>19-05-21 09:54:55:891</closed_date></polygon></object><object><name>tooth</name><deleted>0</deleted><verified>0</verified><occluded>no</occluded><attributes>48</attributes><parts><hasparts/><ispartof/></parts><date>19-05-21 09:55:14:667</date><id>13</id><type>bounding_box</type><polygon><username>anonymous</username><pt><x>815</x><y>3086</y><time>19-05-21 09:55:04:027</time></pt><pt><x>15</x><y>3086</y><time>19-05-21 09:55:06:863</time></pt><pt><x>15</x><y>1543</y><time>undefined</time></pt><pt><x>815</x><y>1543</y><time>undefined</time></pt><closed_date>19-05-21 09:55:06:863</closed_date></polygon></object><object><name>tooth</name><deleted>0</deleted><verified>0</verified><occluded>no</occluded><attributes>46</attributes><parts><hasparts>15</hasparts><ispartof/></parts><date>19-05-21 09:55:31:741</date><id>14</id><type>bounding_box</type><polygon><username>anonymous</username><pt><x>2219</x><y>3102</y><time>19-05-21 09:55:19:310</time></pt><pt><x>888</x><y>3102</y><time>19-05-21 09:55:28:054</time></pt><pt><x>888</x><y>1698</y><time>undefined</time></pt><pt><x>2219</x><y>1698</y><time>undefined</time></pt><closed_date>19-05-21 09:55:28:054</closed_date></polygon></object><object><name>restoration</name><deleted>0</deleted><verified>0</verified><occluded>no</occluded><attributes/><parts><hasparts/><ispartof>14</ispartof></parts><date>19-05-21 09:56:18:795</date><id>15</id><polygon><username>anonymous</username><pt><x>1780</x><y>1873</y><time>19-05-21 09:56:03:675</time></pt><pt><x>1693</x><y>2069</y><time>19-05-21 09:56:04:471</time></pt><pt><x>1693</x><y>2188</y><time>19-05-21 09:56:05:235</time></pt><pt><x>1615</x><y>2235</y><time>19-05-21 09:56:05:804</time></pt><pt><x>1538</x><y>2245</y><time>19-05-21 09:56:06:389</time></pt><pt><x>1424</x><y>2229</y><time>19-05-21 09:56:07:015</time></pt><pt><x>1414</x><y>2162</y><time>19-05-21 09:56:08:169</time></pt><pt><x>1399</x><y>2162</y><time>19-05-21 09:56:08:616</time></pt><pt><x>1311</x><y>2183</y><time>19-05-21 09:56:09:266</time></pt><pt><x>1218</x><y>2209</y><time>19-05-21 09:56:09:786</time></pt><pt><x>1125</x><y>2157</y><time>19-05-21 09:56:10:296</time></pt><pt><x>1063</x><y>2100</y><time>19-05-21 09:56:10:875</time></pt><pt><x>1042</x><y>1956</y><time>19-05-21 09:56:11:329</time></pt><pt><x>1115</x><y>1817</y><time>19-05-21 09:56:11:818</time></pt><pt><x>1192</x><y>1801</y><time>19-05-21 09:56:12:249</time></pt><pt><x>1295</x><y>1765</y><time>19-05-21 09:56:12:769</time></pt><pt><x>1357</x><y>1765</y><time>19-05-21 09:56:13:167</time></pt><pt><x>1476</x><y>1791</y><time>19-05-21 09:56:13:582</time></pt><pt><x>1538</x><y>1791</y><time>19-05-21 09:56:14:004</time></pt><pt><x>1636</x><y>1884</y><time>19-05-21 09:56:14:565</time></pt><closed_date>19-05-21 09:56:15:017</closed_date></polygon></object><object><name>tooth</name><deleted>0</deleted><verified>0</verified><occluded>no</occluded><attributes>45</attributes><parts><hasparts/><ispartof/></parts><date>19-05-21 09:56:37:910</date><id>16</id><type>bounding_box</type><polygon><username>anonymous</username><pt><x>2983</x><y>3076</y><time>19-05-21 09:56:30:569</time></pt><pt><x>2167</x><y>3076</y><time>19-05-21 09:56:32:949</time></pt><pt><x>2167</x><y>1708</y><time>undefined</time></pt><pt><x>2983</x><y>1708</y><time>undefined</time></pt><closed_date>19-05-21 09:56:32:949</closed_date></polygon></object><object><name>tooth</name><deleted>0</deleted><verified>0</verified><occluded>no</occluded><attributes>44</attributes><parts><hasparts/><ispartof/></parts><date>19-05-21 09:57:03:307</date><id>17</id><type>bounding_box</type><polygon><username>anonymous</username><pt><x>3788</x><y>1739</y><time>19-05-21 09:56:54:476</time></pt><pt><x>2962</x><y>1739</y><time>19-05-21 09:56:58:530</time></pt><pt><x>2962</x><y>3107</y><time>undefined</time></pt><pt><x>3788</x><y>3107</y><time>undefined</time></pt><closed_date>19-05-21 09:56:58:531</closed_date></polygon></object><object><name>tooth</name><deleted>0</deleted><verified>0</verified><occluded>no</occluded><attributes>43</attributes><parts><hasparts/><ispartof/></parts><date>19-05-21 09:57:14:114</date><id>18</id><type>bounding_box</type><polygon><username>anonymous</username><pt><x>4087</x><y>1817</y><time>19-05-21 09:57:05:390</time></pt><pt><x>3618</x><y>1817</y><time>19-05-21 09:57:09:566</time></pt><pt><x>3618</x><y>3029</y><time>undefined</time></pt><pt><x>4087</x><y>3029</y><time>undefined</time></pt><closed_date>19-05-21 09:57:09:566</closed_date></polygon></object></annotation>