<?xml version='1.0' encoding='UTF-8'?>
<annotation><filename>imagem-014.jpg</filename><folder>segmentation_xray</folder><source><sourceImage>The MIT-CSAIL database of objects and scenes</sourceImage><sourceAnnotation>LabelMe Webtool</sourceAnnotation></source><object><name>tooth</name><deleted>0</deleted><verified>0</verified><occluded>no</occluded><attributes>18</attributes><parts><hasparts /><ispartof /></parts><date>09-06-21 17:23:22:111</date><id>0</id><type>bounding_box</type><polygon><username>anonymous</username><pt><x>435</x><y>1155</y><time>09-06-21 17:23:10:624</time></pt><pt><x>1300</x><y>1155</y><time>09-06-21 17:23:14:378</time></pt><pt><x>1300</x><y>6</y><time>undefined</time></pt><pt><x>435</x><y>6</y><time>undefined</time></pt><closed_date>09-06-21 17:23:14:380</closed_date></polygon></object><object><name>tooth</name><deleted>0</deleted><verified>0</verified><occluded>no</occluded><attributes>17</attributes><parts><hasparts /><ispartof /></parts><date>09-06-21 17:23:30:429</date><id>1</id><type>bounding_box</type><polygon><username>anonymous</username><pt><x>1265</x><y>1341</y><time>09-06-21 17:23:23:492</time></pt><pt><x>2298</x><y>1341</y><time>09-06-21 17:23:26:199</time></pt><pt><x>2298</x><y>6</y><time>undefined</time></pt><pt><x>1265</x><y>6</y><time>undefined</time></pt><closed_date>09-06-21 17:23:26:200</closed_date></polygon></object><object><name>tooth</name><deleted>0</deleted><verified>0</verified><occluded>no</occluded><attributes>16</attributes><parts><hasparts>8</hasparts><ispartof /></parts><date>09-06-21 17:23:39:372</date><id>2</id><type>bounding_box</type><polygon><username>anonymous</username><pt><x>2165</x><y>1486</y><time>09-06-21 17:23:32:064</time></pt><pt><x>3331</x><y>1486</y><time>09-06-21 17:23:35:832</time></pt><pt><x>3331</x><y>12</y><time>undefined</time></pt><pt><x>2165</x><y>12</y><time>undefined</time></pt><closed_date>09-06-21 17:23:35:832</closed_date></polygon></object><object><name>tooth</name><deleted>0</deleted><verified>0</verified><occluded>no</occluded><attributes>15</attributes><parts><hasparts /><ispartof /></parts><date>09-06-21 17:23:52:507</date><id>3</id><type>bounding_box</type><polygon><username>anonymous</username><pt><x>3238</x><y>1521</y><time>09-06-21 17:23:45:074</time></pt><pt><x>4016</x><y>1521</y><time>09-06-21 17:23:48:470</time></pt><pt><x>4016</x><y>29</y><time>undefined</time></pt><pt><x>3238</x><y>29</y><time>undefined</time></pt><closed_date>09-06-21 17:23:48:471</closed_date></polygon></object><object><name>tooth</name><deleted>0</deleted><verified>0</verified><occluded>no</occluded><attributes>48</attributes><parts><hasparts /><ispartof /></parts><date>09-06-21 17:24:02:583</date><id>4</id><type>bounding_box</type><polygon><username>anonymous</username><pt><x>12</x><y>1120</y><time>09-06-21 17:23:54:924</time></pt><pt><x>1225</x><y>1120</y><time>09-06-21 17:23:58:189</time></pt><pt><x>1225</x><y>2925</y><time>undefined</time></pt><pt><x>12</x><y>2925</y><time>undefined</time></pt><closed_date>09-06-21 17:23:58:190</closed_date></polygon></object><object><name>tooth</name><deleted>0</deleted><verified>0</verified><occluded>no</occluded><attributes>47</attributes><parts><hasparts>10</hasparts><ispartof /></parts><date>09-06-21 17:24:10:351</date><id>5</id><type>bounding_box</type><polygon><username>anonymous</username><pt><x>2327</x><y>1503</y><time>09-06-21 17:24:04:078</time></pt><pt><x>760</x><y>1503</y><time>09-06-21 17:24:05:991</time></pt><pt><x>760</x><y>3140</y><time>undefined</time></pt><pt><x>2327</x><y>3140</y><time>undefined</time></pt><closed_date>09-06-21 17:24:05:992</closed_date></polygon></object><object><name>tooth</name><deleted>0</deleted><verified>0</verified><occluded>no</occluded><attributes>46</attributes><parts><hasparts>9</hasparts><ispartof /></parts><date>09-06-21 17:24:17:925</date><id>6</id><type>bounding_box</type><polygon><username>anonymous</username><pt><x>3494</x><y>1759</y><time>09-06-21 17:24:11:909</time></pt><pt><x>2292</x><y>1759</y><time>09-06-21 17:24:14:268</time></pt><pt><x>2292</x><y>3122</y><time>undefined</time></pt><pt><x>3494</x><y>3122</y><time>undefined</time></pt><closed_date>09-06-21 17:24:14:268</closed_date></polygon></object><object><name>tooth</name><deleted>0</deleted><verified>0</verified><occluded>no</occluded><attributes>45</attributes><parts><hasparts /><ispartof /></parts><date>09-06-21 17:24:26:490</date><id>7</id><type>bounding_box</type><polygon><username>anonymous</username><pt><x>3430</x><y>1793</y><time>09-06-21 17:24:20:056</time></pt><pt><x>4068</x><y>1793</y><time>09-06-21 17:24:22:606</time></pt><pt><x>4068</x><y>3093</y><time>undefined</time></pt><pt><x>3430</x><y>3093</y><time>undefined</time></pt><closed_date>09-06-21 17:24:22:607</closed_date></polygon></object><object><name>restoration</name><deleted>0</deleted><verified>0</verified><occluded>no</occluded><attributes /><parts><hasparts /><ispartof>2</ispartof></parts><date>09-06-21 17:25:23:298</date><id>8</id><polygon><username>anonymous</username><pt><x>2559</x><y>1213</y><time>09-06-21 17:24:58:185</time></pt><pt><x>2600</x><y>1114</y><time>09-06-21 17:24:59:607</time></pt><pt><x>2716</x><y>1126</y><time>09-06-21 17:25:00:803</time></pt><pt><x>2792</x><y>1167</y><time>09-06-21 17:25:01:746</time></pt><pt><x>2983</x><y>1172</y><time>09-06-21 17:25:05:823</time></pt><pt><x>3134</x><y>1190</y><time>09-06-21 17:25:06:469</time></pt><pt><x>3099</x><y>1265</y><time>09-06-21 17:25:12:540</time></pt><pt><x>3099</x><y>1317</y><time>09-06-21 17:25:13:275</time></pt><pt><x>3012</x><y>1341</y><time>09-06-21 17:25:13:993</time></pt><pt><x>2844</x><y>1346</y><time>09-06-21 17:25:15:121</time></pt><pt><x>2792</x><y>1323</y><time>09-06-21 17:25:16:383</time></pt><pt><x>2751</x><y>1341</y><time>09-06-21 17:25:17:091</time></pt><pt><x>2652</x><y>1341</y><time>09-06-21 17:25:17:819</time></pt><pt><x>2554</x><y>1364</y><time>09-06-21 17:25:18:591</time></pt><closed_date>09-06-21 17:25:19:648</closed_date></polygon></object><object><name>restoration</name><deleted>0</deleted><verified>0</verified><occluded>no</occluded><attributes /><parts><hasparts /><ispartof>6</ispartof></parts><date>09-06-21 17:26:20:120</date><id>9</id><polygon><username>anonymous</username><pt><x>2513</x><y>1863</y><time>09-06-21 17:25:58:455</time></pt><pt><x>2542</x><y>1921</y><time>09-06-21 17:25:59:236</time></pt><pt><x>2699</x><y>1979</y><time>09-06-21 17:26:00:183</time></pt><pt><x>2699</x><y>1996</y><time>09-06-21 17:26:00:927</time></pt><pt><x>2792</x><y>1996</y><time>09-06-21 17:26:01:683</time></pt><pt><x>2896</x><y>1996</y><time>09-06-21 17:26:02:286</time></pt><pt><x>3088</x><y>1938</y><time>09-06-21 17:26:03:400</time></pt><pt><x>3088</x><y>1909</y><time>09-06-21 17:26:04:055</time></pt><pt><x>3047</x><y>1909</y><time>09-06-21 17:26:04:693</time></pt><pt><x>3030</x><y>1834</y><time>09-06-21 17:26:11:124</time></pt><pt><x>2890</x><y>1846</y><time>09-06-21 17:26:12:128</time></pt><pt><x>2873</x><y>1811</y><time>09-06-21 17:26:13:511</time></pt><pt><x>2803</x><y>1811</y><time>09-06-21 17:26:14:226</time></pt><pt><x>2768</x><y>1764</y><time>09-06-21 17:26:15:050</time></pt><closed_date>09-06-21 17:26:16:237</closed_date></polygon></object><object><name>restoration</name><deleted>0</deleted><verified>0</verified><occluded>no</occluded><attributes /><parts><hasparts /><ispartof>5</ispartof></parts><date>09-06-21 17:26:44:128</date><id>10</id><polygon><username>anonymous</username><pt><x>1596</x><y>1677</y><time>09-06-21 17:26:33:419</time></pt><pt><x>1625</x><y>1608</y><time>09-06-21 17:26:34:079</time></pt><pt><x>1759</x><y>1619</y><time>09-06-21 17:26:34:599</time></pt><pt><x>1857</x><y>1683</y><time>09-06-21 17:26:35:152</time></pt><pt><x>1985</x><y>1671</y><time>09-06-21 17:26:36:092</time></pt><pt><x>1973</x><y>1799</y><time>09-06-21 17:26:36:878</time></pt><pt><x>1933</x><y>1904</y><time>09-06-21 17:26:37:771</time></pt><pt><x>1747</x><y>1892</y><time>09-06-21 17:26:38:355</time></pt><pt><x>1619</x><y>1811</y><time>09-06-21 17:26:39:437</time></pt><pt><x>1555</x><y>1782</y><time>09-06-21 17:26:40:107</time></pt><closed_date>09-06-21 17:26:40:869</closed_date></polygon></object><imagesize><nrows /><ncols /></imagesize></annotation>