<?xml version='1.0' encoding='UTF-8'?>
<annotation><filename>imagem-093.jpg</filename><folder>segmentation_xray</folder><source><sourceImage>The MIT-CSAIL database of objects and scenes</sourceImage><sourceAnnotation>LabelMe Webtool</sourceAnnotation></source><object><name>tooth</name><deleted>0</deleted><verified>0</verified><occluded>no</occluded><attributes>46</attributes><parts><hasparts /><ispartof /></parts><date>21-05-21 10:25:00:413</date><id>0</id><type>bounding_box</type><polygon><username>anonymous</username><pt><x>237</x><y>327</y><time>21-05-21 10:24:46:445</time></pt><pt><x>719</x><y>327</y><time>21-05-21 10:24:51:761</time></pt><pt><x>719</x><y>889</y><time>undefined</time></pt><pt><x>237</x><y>889</y><time>undefined</time></pt><closed_date>21-05-21 10:24:51:761</closed_date></polygon></object><object><name>tooth</name><deleted>0</deleted><verified>0</verified><occluded>no</occluded><attributes>16</attributes><parts><hasparts /><ispartof /></parts><date>21-05-21 10:25:12:119</date><id>1</id><type>bounding_box</type><polygon><username>anonymous</username><pt><x>144</x><y>319</y><time>21-05-21 10:25:02:228</time></pt><pt><x>602</x><y>319</y><time>21-05-21 10:25:08:832</time></pt><pt><x>602</x><y>1</y><time>undefined</time></pt><pt><x>144</x><y>1</y><time>undefined</time></pt><closed_date>21-05-21 10:25:08:832</closed_date></polygon></object><object><name>tooth</name><deleted>0</deleted><verified>0</verified><occluded>no</occluded><attributes>55</attributes><parts><hasparts /><ispartof /></parts><date>21-05-21 10:25:19:122</date><id>2</id><type>bounding_box</type><polygon><username>anonymous</username><pt><x>983</x><y>273</y><time>21-05-21 10:25:14:210</time></pt><pt><x>593</x><y>273</y><time>21-05-21 10:25:15:989</time></pt><pt><x>593</x><y>3</y><time>undefined</time></pt><pt><x>983</x><y>3</y><time>undefined</time></pt><closed_date>21-05-21 10:25:15:989</closed_date></polygon></object><object><name>tooth</name><deleted>0</deleted><verified>0</verified><occluded>no</occluded><attributes>54</attributes><parts><hasparts /><ispartof /></parts><date>21-05-21 10:25:27:327</date><id>3</id><type>bounding_box</type><polygon><username>anonymous</username><pt><x>942</x><y>172</y><time>21-05-21 10:25:21:097</time></pt><pt><x>1298</x><y>172</y><time>21-05-21 10:25:23:284</time></pt><pt><x>1298</x><y>5</y><time>undefined</time></pt><pt><x>942</x><y>5</y><time>undefined</time></pt><closed_date>21-05-21 10:25:23:284</closed_date></polygon></object><object><name>tooth</name><deleted>0</deleted><verified>0</verified><occluded>no</occluded><attributes>84</attributes><parts><hasparts /><ispartof /></parts><date>21-05-21 10:25:40:376</date><id>4</id><type>bounding_box</type><polygon><username>anonymous</username><pt><x>1363</x><y>224</y><time>21-05-21 10:25:31:201</time></pt><pt><x>1035</x><y>224</y><time>21-05-21 10:25:36:943</time></pt><pt><x>1035</x><y>745</y><time>undefined</time></pt><pt><x>1363</x><y>745</y><time>undefined</time></pt><closed_date>21-05-21 10:25:36:943</closed_date></polygon></object><imagesize><nrows /><ncols /></imagesize><object><name>tooth</name><deleted>0</deleted><verified>0</verified><occluded>no</occluded><attributes>47</attributes><parts><hasparts /><ispartof /></parts><date>10-03-22 23:16:54:461</date><id>5</id><type>bounding_box</type><polygon><username>anonymous</username><pt><x>25</x><y>629</y><time>10-03-22 23:16:38:369</time></pt><pt><x>182</x><y>629</y><time>10-03-22 23:16:39:651</time></pt><pt><x>182</x><y>866</y><time>undefined</time></pt><pt><x>25</x><y>866</y><time>undefined</time></pt><closed_date>10-03-22 23:16:39:652</closed_date></polygon></object><object><name>tooth</name><deleted>0</deleted><verified>0</verified><occluded>no</occluded><attributes>45</attributes><parts><hasparts /><ispartof /></parts><date>10-03-22 23:17:03:785</date><id>6</id><type>bounding_box</type><polygon><username>anonymous</username><pt><x>1077</x><y>875</y><time>10-03-22 23:16:56:108</time></pt><pt><x>705</x><y>875</y><time>10-03-22 23:16:58:259</time></pt><pt><x>705</x><y>742</y><time>undefined</time></pt><pt><x>1077</x><y>742</y><time>undefined</time></pt><closed_date>10-03-22 23:16:58:259</closed_date></polygon></object><object><name>tooth</name><deleted>0</deleted><verified>0</verified><occluded>no</occluded><attributes>44</attributes><parts><hasparts /><ispartof /></parts><date>10-03-22 23:17:09:969</date><id>7</id><type>bounding_box</type><polygon><username>anonymous</username><pt><x>1099</x><y>877</y><time>10-03-22 23:17:04:933</time></pt><pt><x>1345</x><y>877</y><time>10-03-22 23:17:06:507</time></pt><pt><x>1345</x><y>625</y><time>undefined</time></pt><pt><x>1099</x><y>625</y><time>undefined</time></pt><closed_date>10-03-22 23:17:06:507</closed_date></polygon></object></annotation>