<?xml version='1.0' encoding='UTF-8'?>
<annotation><filename>imagem-059.jpg</filename><folder>segmentation_xray</folder><source><sourceImage>The MIT-CSAIL database of objects and scenes</sourceImage><sourceAnnotation>LabelMe Webtool</sourceAnnotation></source><object><name>tooth</name><deleted>0</deleted><verified>0</verified><occluded>no</occluded><attributes>17</attributes><parts><hasparts /><ispartof /></parts><date>12-05-21 13:39:34:733</date><id>0</id><type>bounding_box</type><polygon><username>anonymous</username><pt><x>265</x><y>2</y><time>12-05-21 13:39:19:613</time></pt><pt><x>5</x><y>2</y><time>12-05-21 13:39:27:430</time></pt><pt><x>5</x><y>459</y><time>undefined</time></pt><pt><x>265</x><y>459</y><time>undefined</time></pt><closed_date>12-05-21 13:39:27:431</closed_date></polygon></object><object><name>tooth</name><deleted>0</deleted><verified>0</verified><occluded>no</occluded><attributes>16</attributes><parts><hasparts /><ispartof /></parts><date>12-05-21 13:39:53:584</date><id>1</id><type>bounding_box</type><polygon><username>anonymous</username><pt><x>570</x><y>475</y><time>12-05-21 13:39:44:162</time></pt><pt><x>257</x><y>475</y><time>12-05-21 13:39:48:351</time></pt><pt><x>257</x><y>2</y><time>undefined</time></pt><pt><x>570</x><y>2</y><time>undefined</time></pt><closed_date>12-05-21 13:39:48:351</closed_date></polygon></object><object><name>tooth</name><deleted>0</deleted><verified>0</verified><occluded>no</occluded><attributes>15</attributes><parts><hasparts /><ispartof /></parts><date>12-05-21 13:40:04:936</date><id>2</id><type>bounding_box</type><polygon><username>anonymous</username><pt><x>790</x><y>478</y><time>12-05-21 13:39:57:368</time></pt><pt><x>559</x><y>478</y><time>12-05-21 13:40:00:845</time></pt><pt><x>559</x><y>5</y><time>undefined</time></pt><pt><x>790</x><y>5</y><time>undefined</time></pt><closed_date>12-05-21 13:40:00:845</closed_date></polygon></object><object><name>tooth</name><deleted>0</deleted><verified>0</verified><occluded>no</occluded><attributes>14</attributes><parts><hasparts /><ispartof /></parts><date>12-05-21 13:40:18:587</date><id>3</id><type>bounding_box</type><polygon><username>anonymous</username><pt><x>1012</x><y>470</y><time>12-05-21 13:40:08:127</time></pt><pt><x>772</x><y>470</y><time>12-05-21 13:40:13:750</time></pt><pt><x>772</x><y>6</y><time>undefined</time></pt><pt><x>1012</x><y>6</y><time>undefined</time></pt><closed_date>12-05-21 13:40:13:750</closed_date></polygon></object><object><name>tooth</name><deleted>0</deleted><verified>0</verified><occluded>no</occluded><attributes>13</attributes><parts><hasparts /><ispartof /></parts><date>12-05-21 13:40:39:413</date><id>4</id><type>bounding_box</type><polygon><username>anonymous</username><pt><x>1215</x><y>464</y><time>12-05-21 13:40:29:375</time></pt><pt><x>987</x><y>464</y><time>12-05-21 13:40:32:397</time></pt><pt><x>987</x><y>11</y><time>undefined</time></pt><pt><x>1215</x><y>11</y><time>undefined</time></pt><closed_date>12-05-21 13:40:32:397</closed_date></polygon></object><object><name>tooth</name><deleted>0</deleted><verified>0</verified><occluded>no</occluded><attributes>47</attributes><parts><hasparts /><ispartof /></parts><date>12-05-21 14:31:31:411</date><id>5</id><type>bounding_box</type><polygon><username>anonymous</username><pt><x>5</x><y>470</y><time>12-05-21 14:31:14:672</time></pt><pt><x>283</x><y>470</y><time>12-05-21 14:31:19:228</time></pt><pt><x>283</x><y>944</y><time>undefined</time></pt><pt><x>5</x><y>944</y><time>undefined</time></pt><closed_date>12-05-21 14:31:19:228</closed_date></polygon></object><object><name>tooth</name><deleted>0</deleted><verified>0</verified><occluded>no</occluded><attributes>46</attributes><parts><hasparts /><ispartof /></parts><date>12-05-21 14:31:47:835</date><id>6</id><type>bounding_box</type><polygon><username>anonymous</username><pt><x>615</x><y>515</y><time>12-05-21 14:31:35:480</time></pt><pt><x>273</x><y>515</y><time>12-05-21 14:31:42:184</time></pt><pt><x>273</x><y>950</y><time>undefined</time></pt><pt><x>615</x><y>950</y><time>undefined</time></pt><closed_date>12-05-21 14:31:42:184</closed_date></polygon></object><object><name>tooth</name><deleted>0</deleted><verified>0</verified><occluded>no</occluded><attributes>45</attributes><parts><hasparts /><ispartof /></parts><date>12-05-21 14:32:11:590</date><id>7</id><type>bounding_box</type><polygon><username>anonymous</username><pt><x>827</x><y>525</y><time>12-05-21 14:32:01:065</time></pt><pt><x>606</x><y>525</y><time>12-05-21 14:32:06:980</time></pt><pt><x>606</x><y>947</y><time>undefined</time></pt><pt><x>827</x><y>947</y><time>undefined</time></pt><closed_date>12-05-21 14:32:06:981</closed_date></polygon></object><object><name>tooth</name><deleted>0</deleted><verified>0</verified><occluded>no</occluded><attributes>44</attributes><parts><hasparts /><ispartof /></parts><date>12-05-21 14:32:32:974</date><id>8</id><type>bounding_box</type><polygon><username>anonymous</username><pt><x>1048</x><y>536</y><time>12-05-21 14:32:24:273</time></pt><pt><x>830</x><y>536</y><time>12-05-21 14:32:28:343</time></pt><pt><x>830</x><y>945</y><time>undefined</time></pt><pt><x>1048</x><y>945</y><time>undefined</time></pt><closed_date>12-05-21 14:32:28:343</closed_date></polygon></object><object><name>tooth</name><deleted>0</deleted><verified>0</verified><occluded>no</occluded><attributes>43</attributes><parts><hasparts /><ispartof /></parts><date>12-05-21 14:32:49:942</date><id>9</id><type>bounding_box</type><polygon><username>anonymous</username><pt><x>1215</x><y>537</y><time>12-05-21 14:32:41:227</time></pt><pt><x>969</x><y>537</y><time>12-05-21 14:32:45:455</time></pt><pt><x>969</x><y>945</y><time>undefined</time></pt><pt><x>1215</x><y>945</y><time>undefined</time></pt><closed_date>12-05-21 14:32:45:455</closed_date></polygon></object><imagesize><nrows /><ncols /></imagesize></annotation>