<?xml version='1.0' encoding='UTF-8'?>
<annotation><filename>imagem-071.jpg</filename><folder>segmentation_xray</folder><source><sourceImage>The MIT-CSAIL database of objects and scenes</sourceImage><sourceAnnotation>LabelMe Webtool</sourceAnnotation></source><object><name>tooth</name><deleted>0</deleted><verified>0</verified><occluded>no</occluded><attributes>16</attributes><parts><hasparts /><ispartof /></parts><date>12-05-21 11:01:59:549</date><id>0</id><type>bounding_box</type><polygon><username>anonymous</username><pt><x>530</x><y>8</y><time>12-05-21 11:01:51:161</time></pt><pt><x>153</x><y>8</y><time>12-05-21 11:01:54:597</time></pt><pt><x>153</x><y>378</y><time>undefined</time></pt><pt><x>530</x><y>378</y><time>undefined</time></pt><closed_date>12-05-21 11:01:54:598</closed_date></polygon></object><object><name>tooth</name><deleted>0</deleted><verified>0</verified><occluded>no</occluded><attributes>55</attributes><parts><hasparts /><ispartof /></parts><date>12-05-21 11:02:15:940</date><id>1</id><type>bounding_box</type><polygon><username>anonymous</username><pt><x>509</x><y>400</y><time>12-05-21 11:02:04:439</time></pt><pt><x>839</x><y>400</y><time>12-05-21 11:02:10:919</time></pt><pt><x>839</x><y>2</y><time>undefined</time></pt><pt><x>509</x><y>2</y><time>undefined</time></pt><closed_date>12-05-21 11:02:10:919</closed_date></polygon></object><object><name>tooth</name><deleted>0</deleted><verified>0</verified><occluded>no</occluded><attributes>54</attributes><parts><hasparts /><ispartof /></parts><date>12-05-21 11:02:48:535</date><id>2</id><type>bounding_box</type><polygon><username>anonymous</username><pt><x>1084</x><y>377</y><time>12-05-21 11:02:37:565</time></pt><pt><x>754</x><y>377</y><time>12-05-21 11:02:41:457</time></pt><pt><x>754</x><y>97</y><time>undefined</time></pt><pt><x>1084</x><y>97</y><time>undefined</time></pt><closed_date>12-05-21 11:02:41:457</closed_date></polygon></object><object><name>tooth</name><deleted>0</deleted><verified>0</verified><occluded>no</occluded><attributes>14</attributes><parts><hasparts /><ispartof /></parts><date>12-05-21 11:03:10:058</date><id>3</id><type>bounding_box</type><polygon><username>anonymous</username><pt><x>744</x><y>6</y><time>12-05-21 11:03:00:021</time></pt><pt><x>1003</x><y>6</y><time>12-05-21 11:03:03:849</time></pt><pt><x>1003</x><y>179</y><time>undefined</time></pt><pt><x>744</x><y>179</y><time>undefined</time></pt><closed_date>12-05-21 11:03:03:850</closed_date></polygon></object><object><name>tooth</name><deleted>0</deleted><verified>0</verified><occluded>no</occluded><attributes>15</attributes><parts><hasparts /><ispartof /></parts><date>12-05-21 11:03:22:764</date><id>4</id><type>bounding_box</type><polygon><username>anonymous</username><pt><x>734</x><y>97</y><time>12-05-21 11:03:13:899</time></pt><pt><x>519</x><y>97</y><time>12-05-21 11:03:18:394</time></pt><pt><x>519</x><y>6</y><time>undefined</time></pt><pt><x>734</x><y>6</y><time>undefined</time></pt><closed_date>12-05-21 11:03:18:394</closed_date></polygon></object><object><name>tooth</name><deleted>0</deleted><verified>0</verified><occluded>no</occluded><attributes>53</attributes><parts><hasparts /><ispartof /></parts><date>12-05-21 11:03:38:315</date><id>5</id><type>bounding_box</type><polygon><username>anonymous</username><pt><x>1215</x><y>369</y><time>12-05-21 11:03:31:251</time></pt><pt><x>1036</x><y>369</y><time>12-05-21 11:03:33:907</time></pt><pt><x>1036</x><y>154</y><time>undefined</time></pt><pt><x>1215</x><y>154</y><time>undefined</time></pt><closed_date>12-05-21 11:03:33:907</closed_date></polygon></object><object><name>tooth</name><deleted>0</deleted><verified>0</verified><occluded>no</occluded><attributes>13</attributes><parts><hasparts /><ispartof /></parts><date>12-05-21 11:03:47:495</date><id>6</id><type>bounding_box</type><polygon><username>anonymous</username><pt><x>1039</x><y>11</y><time>12-05-21 11:03:39:727</time></pt><pt><x>1215</x><y>11</y><time>12-05-21 11:03:43:025</time></pt><pt><x>1215</x><y>252</y><time>undefined</time></pt><pt><x>1039</x><y>252</y><time>undefined</time></pt><closed_date>12-05-21 11:03:43:025</closed_date></polygon></object><object><name>tooth</name><deleted>0</deleted><verified>0</verified><occluded>no</occluded><attributes>46</attributes><parts><hasparts /><ispartof /></parts><date>12-05-21 11:04:03:241</date><id>7</id><type>bounding_box</type><polygon><username>anonymous</username><pt><x>301</x><y>489</y><time>12-05-21 11:03:52:080</time></pt><pt><x>676</x><y>489</y><time>12-05-21 11:03:55:524</time></pt><pt><x>676</x><y>948</y><time>undefined</time></pt><pt><x>301</x><y>948</y><time>undefined</time></pt><closed_date>12-05-21 11:03:55:525</closed_date></polygon></object><object><name>tooth</name><deleted>0</deleted><verified>0</verified><occluded>no</occluded><attributes>85</attributes><parts><hasparts /><ispartof /></parts><date>12-05-21 11:04:30:836</date><id>8</id><type>bounding_box</type><polygon><username>anonymous</username><pt><x>987</x><y>877</y><time>12-05-21 11:04:19:177</time></pt><pt><x>665</x><y>877</y><time>12-05-21 11:04:22:927</time></pt><pt><x>665</x><y>530</y><time>undefined</time></pt><pt><x>987</x><y>530</y><time>undefined</time></pt><closed_date>12-05-21 11:04:22:927</closed_date></polygon></object><object><name>tooth</name><deleted>0</deleted><verified>0</verified><occluded>no</occluded><attributes>45</attributes><parts><hasparts /><ispartof /></parts><date>12-05-21 11:04:51:450</date><id>9</id><type>bounding_box</type><polygon><username>anonymous</username><pt><x>640</x><y>838</y><time>12-05-21 11:04:41:289</time></pt><pt><x>895</x><y>838</y><time>12-05-21 11:04:46:618</time></pt><pt><x>895</x><y>948</y><time>undefined</time></pt><pt><x>640</x><y>948</y><time>undefined</time></pt><closed_date>12-05-21 11:04:46:618</closed_date></polygon></object><object><name>tooth</name><deleted>0</deleted><verified>0</verified><occluded>no</occluded><attributes>84</attributes><parts><hasparts /><ispartof /></parts><date>12-05-21 11:05:06:169</date><id>10</id><type>bounding_box</type><polygon><username>anonymous</username><pt><x>1216</x><y>550</y><time>12-05-21 11:04:56:092</time></pt><pt><x>970</x><y>550</y><time>12-05-21 11:04:59:970</time></pt><pt><x>970</x><y>850</y><time>undefined</time></pt><pt><x>1216</x><y>850</y><time>undefined</time></pt><closed_date>12-05-21 11:04:59:970</closed_date></polygon></object><object><name>tooth</name><deleted>0</deleted><verified>0</verified><occluded>no</occluded><attributes>44</attributes><parts><hasparts /><ispartof /></parts><date>12-05-21 11:05:18:051</date><id>11</id><type>bounding_box</type><polygon><username>anonymous</username><pt><x>917</x><y>942</y><time>12-05-21 11:05:08:102</time></pt><pt><x>1163</x><y>942</y><time>12-05-21 11:05:10:659</time></pt><pt><x>1163</x><y>797</y><time>undefined</time></pt><pt><x>917</x><y>797</y><time>undefined</time></pt><closed_date>12-05-21 11:05:10:660</closed_date></polygon></object><object><name>tooth</name><deleted>0</deleted><verified>0</verified><occluded>no</occluded><attributes>47</attributes><parts><hasparts /><ispartof /></parts><date>12-05-21 11:05:29:714</date><id>12</id><type>bounding_box</type><polygon><username>anonymous</username><pt><x>11</x><y>626</y><time>12-05-21 11:05:21:689</time></pt><pt><x>333</x><y>626</y><time>12-05-21 11:05:24:542</time></pt><pt><x>333</x><y>944</y><time>undefined</time></pt><pt><x>11</x><y>944</y><time>undefined</time></pt><closed_date>12-05-21 11:05:24:542</closed_date></polygon></object><imagesize><nrows /><ncols /></imagesize></annotation>