<?xml version='1.0' encoding='UTF-8'?>
<annotation><filename>imagem-072.jpg</filename><folder>segmentation_xray</folder><source><sourceImage>The MIT-CSAIL database of objects and scenes</sourceImage><sourceAnnotation>LabelMe Webtool</sourceAnnotation></source><object><name>tooth</name><deleted>0</deleted><verified>0</verified><occluded>no</occluded><attributes>36</attributes><parts><hasparts /><ispartof /></parts><date>01-06-21 10:23:54:748</date><id>0</id><type>bounding_box</type><polygon><username>anonymous</username><pt><x>645</x><y>483</y><time>01-06-21 10:23:40:072</time></pt><pt><x>1008</x><y>483</y><time>01-06-21 10:23:43:981</time></pt><pt><x>1008</x><y>945</y><time>undefined</time></pt><pt><x>645</x><y>945</y><time>undefined</time></pt><closed_date>01-06-21 10:23:43:981</closed_date></polygon></object><object><name>tooth</name><deleted>0</deleted><verified>0</verified><occluded>no</occluded><attributes>26</attributes><parts><hasparts /><ispartof /></parts><date>01-06-21 10:24:32:193</date><id>1</id><type>bounding_box</type><polygon><username>anonymous</username><pt><x>1095</x><y>465</y><time>01-06-21 10:24:00:782</time></pt><pt><x>736</x><y>465</y><time>01-06-21 10:24:05:030</time></pt><pt><x>736</x><y>5</y><time>undefined</time></pt><pt><x>1095</x><y>5</y><time>undefined</time></pt><closed_date>01-06-21 10:24:05:031</closed_date></polygon></object><object><name>tooth</name><deleted>0</deleted><verified>0</verified><occluded>no</occluded><attributes>75</attributes><parts><hasparts /><ispartof /></parts><date>01-06-21 10:28:03:388</date><id>2</id><type>bounding_box</type><polygon><username>anonymous</username><pt><x>328</x><y>483</y><time>01-06-21 10:27:40:389</time></pt><pt><x>650</x><y>483</y><time>01-06-21 10:27:47:831</time></pt><pt><x>650</x><y>915</y><time>undefined</time></pt><pt><x>328</x><y>915</y><time>undefined</time></pt><closed_date>01-06-21 10:27:47:831</closed_date></polygon></object><object><name>tooth</name><deleted>0</deleted><verified>0</verified><occluded>no</occluded><attributes>74</attributes><parts><hasparts>13</hasparts><ispartof /></parts><date>01-06-21 10:28:22:146</date><id>3</id><type>bounding_box</type><polygon><username>anonymous</username><pt><x>87</x><y>533</y><time>01-06-21 10:28:08:439</time></pt><pt><x>342</x><y>533</y><time>01-06-21 10:28:16:048</time></pt><pt><x>342</x><y>912</y><time>undefined</time></pt><pt><x>87</x><y>912</y><time>undefined</time></pt><closed_date>01-06-21 10:28:16:048</closed_date></polygon></object><object><name>tooth</name><deleted>0</deleted><verified>0</verified><occluded>no</occluded><attributes>34</attributes><parts><hasparts /><ispartof /></parts><date>01-06-21 10:28:49:548</date><id>4</id><type>bounding_box</type><polygon><username>anonymous</username><pt><x>397</x><y>687</y><time>01-06-21 10:28:29:881</time></pt><pt><x>129</x><y>687</y><time>01-06-21 10:28:32:929</time></pt><pt><x>129</x><y>945</y><time>undefined</time></pt><pt><x>397</x><y>945</y><time>undefined</time></pt><closed_date>01-06-21 10:28:32:930</closed_date></polygon></object><object><name>tooth</name><deleted>0</deleted><verified>0</verified><occluded>no</occluded><attributes>35</attributes><parts><hasparts /><ispartof /></parts><date>01-06-21 10:29:00:484</date><id>5</id><type>bounding_box</type><polygon><username>anonymous</username><pt><x>411</x><y>838</y><time>01-06-21 10:28:51:609</time></pt><pt><x>636</x><y>838</y><time>01-06-21 10:28:54:921</time></pt><pt><x>636</x><y>945</y><time>undefined</time></pt><pt><x>411</x><y>945</y><time>undefined</time></pt><closed_date>01-06-21 10:28:54:921</closed_date></polygon></object><object><name>tooth</name><deleted>0</deleted><verified>0</verified><occluded>no</occluded><attributes>25</attributes><parts><hasparts /><ispartof /></parts><date>01-06-21 10:29:38:123</date><id>6</id><type>bounding_box</type><polygon><username>anonymous</username><pt><x>568</x><y>166</y><time>01-06-21 10:29:29:185</time></pt><pt><x>812</x><y>166</y><time>01-06-21 10:29:31:085</time></pt><pt><x>812</x><y>5</y><time>undefined</time></pt><pt><x>568</x><y>5</y><time>undefined</time></pt><closed_date>01-06-21 10:29:31:085</closed_date></polygon></object><object><name>tooth</name><deleted>0</deleted><verified>0</verified><occluded>no</occluded><attributes>65</attributes><parts><hasparts /><ispartof /></parts><date>01-06-21 10:29:55:947</date><id>7</id><type>bounding_box</type><polygon><username>anonymous</username><pt><x>429</x><y>446</y><time>01-06-21 10:29:40:944</time></pt><pt><x>736</x><y>446</y><time>01-06-21 10:29:44:684</time></pt><pt><x>736</x><y>157</y><time>undefined</time></pt><pt><x>429</x><y>157</y><time>undefined</time></pt><closed_date>01-06-21 10:29:44:684</closed_date></polygon></object><object><name>tooth</name><deleted>0</deleted><verified>0</verified><occluded>no</occluded><attributes>64</attributes><parts><hasparts /><ispartof /></parts><date>01-06-21 10:30:25:260</date><id>8</id><type>bounding_box</type><polygon><username>anonymous</username><pt><x>181</x><y>394</y><time>01-06-21 10:30:10:623</time></pt><pt><x>425</x><y>394</y><time>01-06-21 10:30:15:286</time></pt><pt><x>425</x><y>70</y><time>undefined</time></pt><pt><x>181</x><y>70</y><time>undefined</time></pt><closed_date>01-06-21 10:30:15:287</closed_date></polygon></object><object><name>tooth</name><deleted>0</deleted><verified>0</verified><occluded>no</occluded><attributes>24</attributes><parts><hasparts /><ispartof /></parts><date>01-06-21 10:30:51:887</date><id>9</id><type>bounding_box</type><polygon><username>anonymous</username><pt><x>554</x><y>295</y><time>01-06-21 10:30:33:926</time></pt><pt><x>282</x><y>295</y><time>01-06-21 10:30:38:380</time></pt><pt><x>282</x><y>1</y><time>undefined</time></pt><pt><x>554</x><y>1</y><time>undefined</time></pt><closed_date>01-06-21 10:30:38:380</closed_date></polygon></object><object><name>tooth</name><deleted>0</deleted><verified>0</verified><occluded>no</occluded><attributes>63</attributes><parts><hasparts /><ispartof /></parts><date>01-06-21 10:31:29:166</date><id>10</id><type>bounding_box</type><polygon><username>anonymous</username><pt><x>7</x><y>373</y><time>01-06-21 10:31:05:932</time></pt><pt><x>223</x><y>373</y><time>01-06-21 10:31:14:209</time></pt><pt><x>223</x><y>145</y><time>undefined</time></pt><pt><x>7</x><y>145</y><time>undefined</time></pt><closed_date>01-06-21 10:31:14:210</closed_date></polygon></object><object><name>tooth</name><deleted>0</deleted><verified>0</verified><occluded>no</occluded><attributes>37</attributes><parts><hasparts /><ispartof /></parts><date>01-06-21 10:32:02:897</date><id>11</id><type>bounding_box</type><polygon><username>anonymous</username><pt><x>1213</x><y>628</y><time>01-06-21 10:31:41:467</time></pt><pt><x>971</x><y>628</y><time>01-06-21 10:31:45:099</time></pt><pt><x>971</x><y>945</y><time>undefined</time></pt><pt><x>1213</x><y>945</y><time>undefined</time></pt><closed_date>01-06-21 10:31:45:099</closed_date></polygon></object><object><name>tooth</name><deleted>0</deleted><verified>0</verified><occluded>no</occluded><attributes>27</attributes><parts><hasparts /><ispartof /></parts><date>01-06-21 10:33:09:638</date><id>12</id><type>bounding_box</type><polygon><username>anonymous</username><pt><x>1194</x><y>178</y><time>01-06-21 10:32:06:131</time></pt><pt><x>1032</x><y>178</y><time>01-06-21 10:32:08:640</time></pt><pt><x>1032</x><y>7</y><time>undefined</time></pt><pt><x>1194</x><y>7</y><time>undefined</time></pt><closed_date>01-06-21 10:32:08:640</closed_date></polygon></object><imagesize><nrows /><ncols /></imagesize><object><name>restoration</name><deleted>0</deleted><verified>0</verified><occluded>no</occluded><attributes /><parts><hasparts /><ispartof>3</ispartof></parts><date>29-07-21 14:52:16:295</date><id>13</id><polygon><username>anonymous</username><pt><x>383</x><y>530</y><time>29-07-21 14:51:59:313</time></pt><pt><x>383</x><y>581</y><time>29-07-21 14:52:00:421</time></pt><pt><x>408</x><y>595</y><time>29-07-21 14:52:01:038</time></pt><pt><x>433</x><y>615</y><time>29-07-21 14:52:01:714</time></pt><pt><x>459</x><y>620</y><time>29-07-21 14:52:02:315</time></pt><pt><x>498</x><y>610</y><time>29-07-21 14:52:02:895</time></pt><pt><x>508</x><y>601</y><time>29-07-21 14:52:03:585</time></pt><pt><x>544</x><y>601</y><time>29-07-21 14:52:04:129</time></pt><pt><x>565</x><y>603</y><time>29-07-21 14:52:04:796</time></pt><pt><x>590</x><y>592</y><time>29-07-21 14:52:05:333</time></pt><pt><x>589</x><y>550</y><time>29-07-21 14:52:05:904</time></pt><pt><x>579</x><y>528</y><time>29-07-21 14:52:06:595</time></pt><pt><x>528</x><y>536</y><time>29-07-21 14:52:07:041</time></pt><pt><x>483</x><y>536</y><time>29-07-21 14:52:07:546</time></pt><pt><x>450</x><y>533</y><time>29-07-21 14:52:07:993</time></pt><pt><x>427</x><y>519</y><time>29-07-21 14:52:08:490</time></pt><pt><x>405</x><y>508</y><time>29-07-21 14:52:08:904</time></pt><pt><x>403</x><y>506</y><time>29-07-21 14:52:09:271</time></pt><pt><x>388</x><y>515</y><time>29-07-21 14:52:09:881</time></pt><closed_date>29-07-21 14:52:10:419</closed_date></polygon></object></annotation>