<?xml version='1.0' encoding='UTF-8'?>
<annotation><filename>imagem-019.jpg</filename><folder>segmentation_xray</folder><source><sourceImage>The MIT-CSAIL database of objects and scenes</sourceImage><sourceAnnotation>LabelMe Webtool</sourceAnnotation></source><object><name>tooth</name><deleted>0</deleted><verified>0</verified><occluded>no</occluded><attributes>26</attributes><parts><hasparts /><ispartof /></parts><date>17-05-21 09:54:55:636</date><id>0</id><type>bounding_box</type><polygon><username>anonymous</username><pt><x>2333</x><y>1207</y><time>17-05-21 09:54:48:469</time></pt><pt><x>3733</x><y>1207</y><time>17-05-21 09:54:50:698</time></pt><pt><x>3733</x><y>1</y><time>undefined</time></pt><pt><x>2333</x><y>1</y><time>undefined</time></pt><closed_date>17-05-21 09:54:50:699</closed_date></polygon></object><object><name>tooth</name><deleted>0</deleted><verified>0</verified><occluded>no</occluded><attributes>65</attributes><parts><hasparts /><ispartof /></parts><date>17-05-21 09:55:06:055</date><id>1</id><type>bounding_box</type><polygon><username>anonymous</username><pt><x>1187</x><y>1243</y><time>17-05-21 09:54:59:630</time></pt><pt><x>2368</x><y>1243</y><time>17-05-21 09:55:02:679</time></pt><pt><x>2368</x><y>10</y><time>undefined</time></pt><pt><x>1187</x><y>10</y><time>undefined</time></pt><closed_date>17-05-21 09:55:02:680</closed_date></polygon></object><object><name>tooth</name><deleted>0</deleted><verified>0</verified><occluded>no</occluded><attributes>64</attributes><parts><hasparts /><ispartof /></parts><date>17-05-21 09:55:13:862</date><id>2</id><type>bounding_box</type><polygon><username>anonymous</username><pt><x>360</x><y>1126</y><time>17-05-21 09:55:07:793</time></pt><pt><x>1319</x><y>1126</y><time>17-05-21 09:55:10:626</time></pt><pt><x>1319</x><y>10</y><time>undefined</time></pt><pt><x>360</x><y>10</y><time>undefined</time></pt><closed_date>17-05-21 09:55:10:626</closed_date></polygon></object><object><name>tooth</name><deleted>0</deleted><verified>0</verified><occluded>no</occluded><attributes>63</attributes><parts><hasparts /><ispartof /></parts><date>17-05-21 09:55:21:332</date><id>3</id><type>bounding_box</type><polygon><username>anonymous</username><pt><x>1</x><y>1136</y><time>17-05-21 09:55:15:847</time></pt><pt><x>456</x><y>1136</y><time>17-05-21 09:55:18:006</time></pt><pt><x>456</x><y>66</y><time>undefined</time></pt><pt><x>1</x><y>66</y><time>undefined</time></pt><closed_date>17-05-21 09:55:18:007</closed_date></polygon></object><object><name>tooth</name><deleted>0</deleted><verified>0</verified><occluded>no</occluded><attributes>36</attributes><parts><hasparts>7</hasparts><ispartof /></parts><date>17-05-21 09:55:31:360</date><id>4</id><type>bounding_box</type><polygon><username>anonymous</username><pt><x>3631</x><y>1425</y><time>17-05-21 09:55:23:770</time></pt><pt><x>2181</x><y>1425</y><time>17-05-21 09:55:27:028</time></pt><pt><x>2181</x><y>2744</y><time>undefined</time></pt><pt><x>3631</x><y>2744</y><time>undefined</time></pt><closed_date>17-05-21 09:55:27:028</closed_date></polygon></object><object><name>tooth</name><deleted>0</deleted><verified>0</verified><occluded>no</occluded><attributes>75</attributes><parts><hasparts /><ispartof /></parts><date>17-05-21 09:55:42:240</date><id>5</id><type>bounding_box</type><polygon><username>anonymous</username><pt><x>933</x><y>1527</y><time>17-05-21 09:55:34:506</time></pt><pt><x>2166</x><y>1527</y><time>17-05-21 09:55:38:007</time></pt><pt><x>2166</x><y>2713</y><time>undefined</time></pt><pt><x>933</x><y>2713</y><time>undefined</time></pt><closed_date>17-05-21 09:55:38:007</closed_date></polygon></object><object><name>tooth</name><deleted>0</deleted><verified>0</verified><occluded>no</occluded><attributes>74</attributes><parts><hasparts /><ispartof /></parts><date>17-05-21 09:55:52:900</date><id>6</id><type>bounding_box</type><polygon><username>anonymous</username><pt><x>15</x><y>1521</y><time>17-05-21 09:55:44:591</time></pt><pt><x>1004</x><y>1521</y><time>17-05-21 09:55:48:781</time></pt><pt><x>1004</x><y>2723</y><time>undefined</time></pt><pt><x>15</x><y>2723</y><time>undefined</time></pt><closed_date>17-05-21 09:55:48:782</closed_date></polygon></object><object><name>restoration</name><deleted>0</deleted><verified>0</verified><occluded>no</occluded><attributes /><parts><hasparts /><ispartof>4</ispartof></parts><date>17-05-21 09:57:27:945</date><id>7</id><polygon><username>anonymous</username><pt><x>2835</x><y>1811</y><time>17-05-21 09:57:07:306</time></pt><pt><x>2926</x><y>1866</y><time>17-05-21 09:57:07:996</time></pt><pt><x>3028</x><y>1887</y><time>17-05-21 09:57:08:612</time></pt><pt><x>3139</x><y>1866</y><time>17-05-21 09:57:09:306</time></pt><pt><x>3226</x><y>1836</y><time>17-05-21 09:57:09:774</time></pt><pt><x>3378</x><y>1805</y><time>17-05-21 09:57:10:902</time></pt><pt><x>3449</x><y>1805</y><time>17-05-21 09:57:11:436</time></pt><pt><x>3454</x><y>1841</y><time>17-05-21 09:57:12:313</time></pt><pt><x>3464</x><y>1871</y><time>17-05-21 09:57:12:874</time></pt><pt><x>3510</x><y>1871</y><time>17-05-21 09:57:13:465</time></pt><pt><x>3540</x><y>1861</y><time>17-05-21 09:57:13:838</time></pt><pt><x>3586</x><y>1826</y><time>17-05-21 09:57:14:212</time></pt><pt><x>3621</x><y>1745</y><time>17-05-21 09:57:14:824</time></pt><pt><x>3575</x><y>1643</y><time>17-05-21 09:57:15:574</time></pt><pt><x>3540</x><y>1567</y><time>17-05-21 09:57:16:298</time></pt><pt><x>3479</x><y>1532</y><time>17-05-21 09:57:16:685</time></pt><pt><x>3352</x><y>1532</y><time>17-05-21 09:57:17:122</time></pt><pt><x>3210</x><y>1557</y><time>17-05-21 09:57:17:762</time></pt><pt><x>3073</x><y>1557</y><time>17-05-21 09:57:18:220</time></pt><pt><x>2957</x><y>1598</y><time>17-05-21 09:57:18:818</time></pt><pt><x>2886</x><y>1603</y><time>17-05-21 09:57:19:263</time></pt><pt><x>2805</x><y>1592</y><time>17-05-21 09:57:19:812</time></pt><pt><x>2663</x><y>1532</y><time>17-05-21 09:57:20:532</time></pt><pt><x>2617</x><y>1532</y><time>17-05-21 09:57:21:312</time></pt><pt><x>2678</x><y>1598</y><time>17-05-21 09:57:22:094</time></pt><pt><x>2779</x><y>1653</y><time>17-05-21 09:57:22:893</time></pt><pt><x>2820</x><y>1669</y><time>17-05-21 09:57:23:348</time></pt><pt><x>2805</x><y>1709</y><time>17-05-21 09:57:23:885</time></pt><closed_date>17-05-21 09:57:24:580</closed_date></polygon></object><imagesize><nrows /><ncols /></imagesize></annotation>