<?xml version='1.0' encoding='UTF-8'?>
<annotation><filename>imagem-032.jpg</filename><folder>segmentation_xray</folder><source><sourceImage>The MIT-CSAIL database of objects and scenes</sourceImage><sourceAnnotation>LabelMe Webtool</sourceAnnotation></source><object><name>tooth</name><deleted>0</deleted><verified>0</verified><occluded>no</occluded><attributes>26</attributes><parts><hasparts>11</hasparts><ispartof /></parts><date>11-05-21 10:04:22:186</date><id>0</id><type>bounding_box</type><polygon><username>anonymous</username><pt><x>1002</x><y>36</y><time>11-05-21 10:04:03:886</time></pt><pt><x>2097</x><y>36</y><time>11-05-21 10:04:10:880</time></pt><pt><x>2097</x><y>1443</y><time>undefined</time></pt><pt><x>1002</x><y>1443</y><time>undefined</time></pt><closed_date>11-05-21 10:04:10:881</closed_date></polygon></object><object><name>tooth</name><deleted>0</deleted><verified>0</verified><occluded>no</occluded><attributes>27</attributes><parts><hasparts>10</hasparts><ispartof /></parts><date>11-05-21 10:04:54:870</date><id>1</id><type>bounding_box</type><polygon><username>anonymous</username><pt><x>3141</x><y>1381</y><time>11-05-21 10:04:44:394</time></pt><pt><x>1988</x><y>1381</y><time>11-05-21 10:04:49:105</time></pt><pt><x>1988</x><y>21</y><time>undefined</time></pt><pt><x>3141</x><y>21</y><time>undefined</time></pt><closed_date>11-05-21 10:04:49:105</closed_date></polygon></object><object><name>tooth</name><deleted>0</deleted><verified>0</verified><occluded>no</occluded><attributes>28</attributes><parts><hasparts>9</hasparts><ispartof /></parts><date>11-05-21 10:05:06:925</date><id>2</id><type>bounding_box</type><polygon><username>anonymous</username><pt><x>4024</x><y>1474</y><time>11-05-21 10:04:59:336</time></pt><pt><x>3053</x><y>1474</y><time>11-05-21 10:05:01:495</time></pt><pt><x>3053</x><y>5</y><time>undefined</time></pt><pt><x>4024</x><y>5</y><time>undefined</time></pt><closed_date>11-05-21 10:05:01:496</closed_date></polygon></object><object><name>tooth</name><deleted>0</deleted><verified>0</verified><occluded>no</occluded><attributes>35</attributes><parts><hasparts>6</hasparts><ispartof /></parts><date>11-05-21 10:05:22:155</date><id>3</id><type>bounding_box</type><polygon><username>anonymous</username><pt><x>301</x><y>1781</y><time>11-05-21 10:05:09:020</time></pt><pt><x>1137</x><y>1781</y><time>11-05-21 10:05:12:090</time></pt><pt><x>1137</x><y>3115</y><time>undefined</time></pt><pt><x>301</x><y>3115</y><time>undefined</time></pt><closed_date>11-05-21 10:05:12:091</closed_date></polygon></object><object><name>tooth</name><deleted>0</deleted><verified>0</verified><occluded>no</occluded><attributes>36</attributes><parts><hasparts>7</hasparts><ispartof /></parts><date>11-05-21 10:05:38:320</date><id>4</id><type>bounding_box</type><polygon><username>anonymous</username><pt><x>1075</x><y>1641</y><time>11-05-21 10:05:24:508</time></pt><pt><x>2238</x><y>1641</y><time>11-05-21 10:05:30:861</time></pt><pt><x>2238</x><y>3079</y><time>undefined</time></pt><pt><x>1075</x><y>3079</y><time>undefined</time></pt><closed_date>11-05-21 10:05:30:861</closed_date></polygon></object><object><name>tooth</name><deleted>0</deleted><verified>0</verified><occluded>no</occluded><attributes>37</attributes><parts><hasparts>8</hasparts><ispartof /></parts><date>11-05-21 10:05:49:884</date><id>5</id><type>bounding_box</type><polygon><username>anonymous</username><pt><x>2212</x><y>1521</y><time>11-05-21 10:05:39:555</time></pt><pt><x>3572</x><y>1521</y><time>11-05-21 10:05:44:608</time></pt><pt><x>3572</x><y>3120</y><time>undefined</time></pt><pt><x>2212</x><y>3120</y><time>undefined</time></pt><closed_date>11-05-21 10:05:44:609</closed_date></polygon></object><object><name>restoration</name><deleted>0</deleted><verified>0</verified><occluded>no</occluded><attributes>35</attributes><parts><hasparts /><ispartof>3</ispartof></parts><date>11-05-21 10:06:22:943</date><id>6</id><polygon><username>anonymous</username><pt><x>592</x><y>2077</y><time>11-05-21 10:06:03:524</time></pt><pt><x>691</x><y>2186</y><time>11-05-21 10:06:04:988</time></pt><pt><x>716</x><y>2217</y><time>11-05-21 10:06:05:641</time></pt><pt><x>789</x><y>2243</y><time>11-05-21 10:06:06:373</time></pt><pt><x>825</x><y>2243</y><time>11-05-21 10:06:07:080</time></pt><pt><x>857</x><y>2217</y><time>11-05-21 10:06:07:777</time></pt><pt><x>888</x><y>2222</y><time>11-05-21 10:06:08:356</time></pt><pt><x>935</x><y>2222</y><time>11-05-21 10:06:09:200</time></pt><pt><x>976</x><y>2217</y><time>11-05-21 10:06:10:029</time></pt><pt><x>976</x><y>2155</y><time>11-05-21 10:06:10:769</time></pt><pt><x>929</x><y>2108</y><time>11-05-21 10:06:11:500</time></pt><pt><x>877</x><y>2056</y><time>11-05-21 10:06:12:223</time></pt><pt><x>810</x><y>2035</y><time>11-05-21 10:06:12:954</time></pt><pt><x>753</x><y>2035</y><time>11-05-21 10:06:13:727</time></pt><pt><x>696</x><y>2046</y><time>11-05-21 10:06:14:417</time></pt><closed_date>11-05-21 10:06:15:140</closed_date></polygon></object><object><name>restoration</name><deleted>0</deleted><verified>0</verified><occluded>no</occluded><attributes>36</attributes><parts><hasparts /><ispartof>4</ispartof></parts><date>11-05-21 10:07:09:162</date><id>7</id><polygon><username>anonymous</username><pt><x>1521</x><y>1952</y><time>11-05-21 10:06:47:601</time></pt><pt><x>1599</x><y>2061</y><time>11-05-21 10:06:48:643</time></pt><pt><x>1620</x><y>2160</y><time>11-05-21 10:06:49:363</time></pt><pt><x>1713</x><y>2165</y><time>11-05-21 10:06:49:965</time></pt><pt><x>1770</x><y>2165</y><time>11-05-21 10:06:50:574</time></pt><pt><x>1791</x><y>2123</y><time>11-05-21 10:06:51:119</time></pt><pt><x>1822</x><y>2035</y><time>11-05-21 10:06:51:850</time></pt><pt><x>1848</x><y>2030</y><time>11-05-21 10:06:52:492</time></pt><pt><x>1942</x><y>2035</y><time>11-05-21 10:06:53:138</time></pt><pt><x>2030</x><y>2035</y><time>11-05-21 10:06:53:800</time></pt><pt><x>2082</x><y>2004</y><time>11-05-21 10:06:54:430</time></pt><pt><x>2082</x><y>1937</y><time>11-05-21 10:06:55:100</time></pt><pt><x>2082</x><y>1885</y><time>11-05-21 10:06:55:937</time></pt><pt><x>2025</x><y>1874</y><time>11-05-21 10:06:56:717</time></pt><pt><x>1931</x><y>1874</y><time>11-05-21 10:06:57:286</time></pt><pt><x>1885</x><y>1905</y><time>11-05-21 10:06:57:904</time></pt><pt><x>1838</x><y>1921</y><time>11-05-21 10:06:58:558</time></pt><pt><x>1822</x><y>1921</y><time>11-05-21 10:06:59:097</time></pt><pt><x>1822</x><y>1921</y><time>11-05-21 10:06:59:626</time></pt><pt><x>1822</x><y>1921</y><time>11-05-21 10:07:00:170</time></pt><pt><x>1822</x><y>1921</y><time>11-05-21 10:07:00:316</time></pt><pt><x>1755</x><y>1911</y><time>11-05-21 10:07:01:211</time></pt><pt><x>1755</x><y>1911</y><time>11-05-21 10:07:01:713</time></pt><pt><x>1755</x><y>1911</y><time>11-05-21 10:07:01:868</time></pt><closed_date>11-05-21 10:07:02:778</closed_date></polygon></object><object><name>restoration</name><deleted>0</deleted><verified>0</verified><occluded>no</occluded><attributes /><parts><hasparts /><ispartof>5</ispartof></parts><date>11-05-21 10:07:28:903</date><id>8</id><polygon><username>anonymous</username><pt><x>2440</x><y>1869</y><time>11-05-21 10:07:11:043</time></pt><pt><x>2591</x><y>1978</y><time>11-05-21 10:07:11:992</time></pt><pt><x>2627</x><y>2139</y><time>11-05-21 10:07:12:651</time></pt><pt><x>2814</x><y>2170</y><time>11-05-21 10:07:13:317</time></pt><pt><x>2897</x><y>2175</y><time>11-05-21 10:07:13:943</time></pt><pt><x>3011</x><y>2087</y><time>11-05-21 10:07:14:585</time></pt><pt><x>3131</x><y>1973</y><time>11-05-21 10:07:15:208</time></pt><pt><x>3131</x><y>1926</y><time>11-05-21 10:07:15:868</time></pt><pt><x>3193</x><y>1916</y><time>11-05-21 10:07:16:444</time></pt><pt><x>3209</x><y>1859</y><time>11-05-21 10:07:17:079</time></pt><pt><x>3209</x><y>1781</y><time>11-05-21 10:07:17:721</time></pt><pt><x>3209</x><y>1729</y><time>11-05-21 10:07:18:327</time></pt><pt><x>3193</x><y>1708</y><time>11-05-21 10:07:21:467</time></pt><pt><x>3058</x><y>1770</y><time>11-05-21 10:07:22:328</time></pt><pt><x>2939</x><y>1791</y><time>11-05-21 10:07:23:149</time></pt><pt><x>2835</x><y>1796</y><time>11-05-21 10:07:23:636</time></pt><pt><x>2736</x><y>1822</y><time>11-05-21 10:07:24:140</time></pt><pt><x>2611</x><y>1843</y><time>11-05-21 10:07:24:617</time></pt><pt><x>2528</x><y>1843</y><time>11-05-21 10:07:25:099</time></pt><closed_date>11-05-21 10:07:25:846</closed_date></polygon></object><object><name>restoration</name><deleted>0</deleted><verified>0</verified><occluded>no</occluded><attributes /><parts><hasparts /><ispartof>2</ispartof></parts><date>11-05-21 10:07:57:995</date><id>9</id><polygon><username>anonymous</username><pt><x>3894</x><y>1007</y><time>11-05-21 10:07:44:383</time></pt><pt><x>3748</x><y>1007</y><time>11-05-21 10:07:45:064</time></pt><pt><x>3691</x><y>929</y><time>11-05-21 10:07:45:674</time></pt><pt><x>3593</x><y>924</y><time>11-05-21 10:07:46:259</time></pt><pt><x>3473</x><y>935</y><time>11-05-21 10:07:46:868</time></pt><pt><x>3447</x><y>971</y><time>11-05-21 10:07:47:713</time></pt><pt><x>3349</x><y>976</y><time>11-05-21 10:07:48:266</time></pt><pt><x>3323</x><y>1007</y><time>11-05-21 10:07:48:802</time></pt><pt><x>3245</x><y>1111</y><time>11-05-21 10:07:49:418</time></pt><pt><x>3203</x><y>1163</y><time>11-05-21 10:07:50:110</time></pt><pt><x>3255</x><y>1230</y><time>11-05-21 10:07:50:744</time></pt><pt><x>3328</x><y>1288</y><time>11-05-21 10:07:51:329</time></pt><pt><x>3479</x><y>1293</y><time>11-05-21 10:07:51:841</time></pt><pt><x>3598</x><y>1319</y><time>11-05-21 10:07:52:507</time></pt><pt><x>3686</x><y>1324</y><time>11-05-21 10:07:52:995</time></pt><pt><x>3774</x><y>1324</y><time>11-05-21 10:07:53:491</time></pt><pt><x>3800</x><y>1303</y><time>11-05-21 10:07:53:946</time></pt><pt><x>3811</x><y>1230</y><time>11-05-21 10:07:54:433</time></pt><closed_date>11-05-21 10:07:55:181</closed_date></polygon></object><object><name>restoration</name><deleted>0</deleted><verified>0</verified><occluded>no</occluded><attributes /><parts><hasparts /><ispartof>1</ispartof></parts><date>11-05-21 10:08:10:910</date><id>10</id><polygon><username>anonymous</username><pt><x>2196</x><y>753</y><time>11-05-21 10:07:59:469</time></pt><pt><x>2331</x><y>820</y><time>11-05-21 10:08:00:020</time></pt><pt><x>2508</x><y>831</y><time>11-05-21 10:08:00:556</time></pt><pt><x>2695</x><y>846</y><time>11-05-21 10:08:01:078</time></pt><pt><x>2897</x><y>857</y><time>11-05-21 10:08:01:606</time></pt><pt><x>3001</x><y>929</y><time>11-05-21 10:08:02:165</time></pt><pt><x>3001</x><y>1007</y><time>11-05-21 10:08:02:823</time></pt><pt><x>2861</x><y>1059</y><time>11-05-21 10:08:03:303</time></pt><pt><x>2731</x><y>1090</y><time>11-05-21 10:08:03:806</time></pt><pt><x>2586</x><y>1111</y><time>11-05-21 10:08:04:310</time></pt><pt><x>2492</x><y>1070</y><time>11-05-21 10:08:04:847</time></pt><pt><x>2383</x><y>1127</y><time>11-05-21 10:08:05:383</time></pt><pt><x>2238</x><y>1173</y><time>11-05-21 10:08:05:903</time></pt><pt><x>1988</x><y>1111</y><time>11-05-21 10:08:06:407</time></pt><pt><x>1994</x><y>945</y><time>11-05-21 10:08:06:958</time></pt><pt><x>1994</x><y>774</y><time>11-05-21 10:08:07:602</time></pt><pt><x>2025</x><y>732</y><time>11-05-21 10:08:08:032</time></pt><closed_date>11-05-21 10:08:08:601</closed_date></polygon></object><object><name>restoration</name><deleted>0</deleted><verified>0</verified><occluded>no</occluded><attributes /><parts><hasparts /><ispartof>0</ispartof></parts><date>11-05-21 10:08:44:266</date><id>11</id><polygon><username>anonymous</username><pt><x>1054</x><y>1059</y><time>11-05-21 10:08:13:563</time></pt><pt><x>1147</x><y>1023</y><time>11-05-21 10:08:23:680</time></pt><pt><x>1256</x><y>1033</y><time>11-05-21 10:08:24:363</time></pt><pt><x>1319</x><y>1028</y><time>11-05-21 10:08:24:923</time></pt><pt><x>1339</x><y>1002</y><time>11-05-21 10:08:25:562</time></pt><pt><x>1371</x><y>955</y><time>11-05-21 10:08:26:361</time></pt><pt><x>1500</x><y>971</y><time>11-05-21 10:08:26:857</time></pt><pt><x>1589</x><y>1002</y><time>11-05-21 10:08:27:377</time></pt><pt><x>1703</x><y>1002</y><time>11-05-21 10:08:27:857</time></pt><pt><x>1802</x><y>986</y><time>11-05-21 10:08:28:303</time></pt><pt><x>1848</x><y>986</y><time>11-05-21 10:08:28:717</time></pt><pt><x>1952</x><y>929</y><time>11-05-21 10:08:29:246</time></pt><pt><x>1983</x><y>888</y><time>11-05-21 10:08:29:937</time></pt><pt><x>1983</x><y>1059</y><time>11-05-21 10:08:31:082</time></pt><pt><x>1983</x><y>1173</y><time>11-05-21 10:08:31:895</time></pt><pt><x>1869</x><y>1199</y><time>11-05-21 10:08:32:472</time></pt><pt><x>1802</x><y>1210</y><time>11-05-21 10:08:33:089</time></pt><pt><x>1755</x><y>1272</y><time>11-05-21 10:08:33:674</time></pt><pt><x>1750</x><y>1345</y><time>11-05-21 10:08:34:219</time></pt><pt><x>1739</x><y>1391</y><time>11-05-21 10:08:34:917</time></pt><pt><x>1635</x><y>1391</y><time>11-05-21 10:08:35:446</time></pt><pt><x>1542</x><y>1314</y><time>11-05-21 10:08:36:291</time></pt><pt><x>1552</x><y>1215</y><time>11-05-21 10:08:36:973</time></pt><pt><x>1563</x><y>1173</y><time>11-05-21 10:08:37:566</time></pt><pt><x>1547</x><y>1173</y><time>11-05-21 10:08:38:104</time></pt><pt><x>1381</x><y>1158</y><time>11-05-21 10:08:39:216</time></pt><pt><x>1054</x><y>1163</y><time>11-05-21 10:08:40:313</time></pt><closed_date>11-05-21 10:08:40:947</closed_date></polygon></object><object><name>restoration</name><deleted>0</deleted><verified>0</verified><occluded>no</occluded><attributes /><parts><hasparts /><ispartof>13</ispartof></parts><date>11-05-21 10:08:57:835</date><id>12</id><polygon><username>anonymous</username><pt><x>312</x><y>1095</y><time>11-05-21 10:08:48:027</time></pt><pt><x>405</x><y>1106</y><time>11-05-21 10:08:48:732</time></pt><pt><x>540</x><y>1070</y><time>11-05-21 10:08:49:284</time></pt><pt><x>659</x><y>1070</y><time>11-05-21 10:08:49:868</time></pt><pt><x>696</x><y>1101</y><time>11-05-21 10:08:50:413</time></pt><pt><x>727</x><y>1168</y><time>11-05-21 10:08:50:966</time></pt><pt><x>831</x><y>1220</y><time>11-05-21 10:08:51:567</time></pt><pt><x>691</x><y>1215</y><time>11-05-21 10:08:52:208</time></pt><pt><x>478</x><y>1220</y><time>11-05-21 10:08:52:726</time></pt><pt><x>374</x><y>1220</y><time>11-05-21 10:08:53:249</time></pt><pt><x>275</x><y>1194</y><time>11-05-21 10:08:53:923</time></pt><closed_date>11-05-21 10:08:54:637</closed_date></polygon></object><imagesize><nrows /><ncols /></imagesize><object><name>tooth</name><deleted>0</deleted><verified>0</verified><occluded>no</occluded><attributes>25</attributes><parts><hasparts>12</hasparts><ispartof /></parts><date>11-05-21 10:38:07:070</date><id>13</id><type>bounding_box</type><polygon><username>anonymous</username><pt><x>935</x><y>1433</y><time>11-05-21 10:37:54:188</time></pt><pt><x>114</x><y>1433</y><time>11-05-21 10:37:59:704</time></pt><pt><x>114</x><y>78</y><time>undefined</time></pt><pt><x>935</x><y>78</y><time>undefined</time></pt><closed_date>11-05-21 10:37:59:705</closed_date></polygon></object></annotation>