<?xml version='1.0' encoding='UTF-8'?>
<annotation><filename>imagem-038.jpg</filename><folder>segmentation_xray</folder><source><sourceImage>The MIT-CSAIL database of objects and scenes</sourceImage><sourceAnnotation>LabelMe Webtool</sourceAnnotation></source><object><name>tooth</name><deleted>0</deleted><verified>0</verified><occluded>no</occluded><attributes>17</attributes><parts><hasparts /><ispartof /></parts><date>24-05-21 13:34:26:303</date><id>0</id><type>bounding_box</type><polygon><username>anonymous</username><pt><x>44</x><y>1007</y><time>24-05-21 13:34:07:958</time></pt><pt><x>941</x><y>1007</y><time>24-05-21 13:34:13:266</time></pt><pt><x>941</x><y>39</y><time>undefined</time></pt><pt><x>44</x><y>39</y><time>undefined</time></pt><closed_date>24-05-21 13:34:13:267</closed_date></polygon></object><object><name>tooth</name><deleted>0</deleted><verified>0</verified><occluded>no</occluded><attributes>16</attributes><parts><hasparts>10</hasparts><ispartof /></parts><date>24-05-21 13:34:43:227</date><id>1</id><type>bounding_box</type><polygon><username>anonymous</username><pt><x>693</x><y>1249</y><time>24-05-21 13:34:28:317</time></pt><pt><x>1827</x><y>1249</y><time>24-05-21 13:34:33:788</time></pt><pt><x>1827</x><y>33</y><time>undefined</time></pt><pt><x>693</x><y>33</y><time>undefined</time></pt><closed_date>24-05-21 13:34:33:788</closed_date></polygon></object><object><name>tooth</name><deleted>0</deleted><verified>0</verified><occluded>no</occluded><attributes>15</attributes><parts><hasparts /><ispartof /></parts><date>24-05-21 13:35:07:175</date><id>2</id><type>bounding_box</type><polygon><username>anonymous</username><pt><x>2482</x><y>1354</y><time>24-05-21 13:34:55:843</time></pt><pt><x>1695</x><y>1354</y><time>24-05-21 13:35:01:334</time></pt><pt><x>1695</x><y>6</y><time>undefined</time></pt><pt><x>2482</x><y>6</y><time>undefined</time></pt><closed_date>24-05-21 13:35:01:334</closed_date></polygon></object><object><name>tooth</name><deleted>0</deleted><verified>0</verified><occluded>no</occluded><attributes>14</attributes><parts><hasparts /><ispartof /></parts><date>24-05-21 13:35:27:127</date><id>3</id><type>bounding_box</type><polygon><username>anonymous</username><pt><x>3197</x><y>1348</y><time>24-05-21 13:35:13:739</time></pt><pt><x>2410</x><y>1348</y><time>24-05-21 13:35:19:005</time></pt><pt><x>2410</x><y>0</y><time>undefined</time></pt><pt><x>3197</x><y>0</y><time>undefined</time></pt><closed_date>24-05-21 13:35:19:006</closed_date></polygon></object><object><name>tooth</name><deleted>0</deleted><verified>0</verified><occluded>no</occluded><attributes>13</attributes><parts><hasparts /><ispartof /></parts><date>24-05-21 13:35:41:751</date><id>4</id><type>bounding_box</type><polygon><username>anonymous</username><pt><x>4022</x><y>1359</y><time>24-05-21 13:35:30:346</time></pt><pt><x>3142</x><y>1359</y><time>24-05-21 13:35:36:190</time></pt><pt><x>3142</x><y>6</y><time>undefined</time></pt><pt><x>4022</x><y>6</y><time>undefined</time></pt><closed_date>24-05-21 13:35:36:191</closed_date></polygon></object><object><name>tooth</name><deleted>0</deleted><verified>0</verified><occluded>no</occluded><attributes>47</attributes><parts><hasparts /><ispartof /></parts><date>24-05-21 13:36:06:060</date><id>5</id><type>bounding_box</type><polygon><username>anonymous</username><pt><x>17</x><y>1167</y><time>24-05-21 13:35:48:963</time></pt><pt><x>1095</x><y>1167</y><time>24-05-21 13:35:57:476</time></pt><pt><x>1095</x><y>3136</y><time>undefined</time></pt><pt><x>17</x><y>3136</y><time>undefined</time></pt><closed_date>24-05-21 13:35:57:476</closed_date></polygon></object><object><name>tooth</name><deleted>0</deleted><verified>0</verified><occluded>no</occluded><attributes>46</attributes><parts><hasparts /><ispartof /></parts><date>24-05-21 13:36:31:180</date><id>6</id><type>bounding_box</type><polygon><username>anonymous</username><pt><x>2157</x><y>1475</y><time>24-05-21 13:36:12:452</time></pt><pt><x>704</x><y>1475</y><time>24-05-21 13:36:20:181</time></pt><pt><x>704</x><y>3136</y><time>undefined</time></pt><pt><x>2157</x><y>3136</y><time>undefined</time></pt><closed_date>24-05-21 13:36:20:181</closed_date></polygon></object><object><name>tooth</name><deleted>0</deleted><verified>0</verified><occluded>no</occluded><attributes>45</attributes><parts><hasparts>11</hasparts><ispartof /></parts><date>24-05-21 13:37:03:766</date><id>7</id><type>bounding_box</type><polygon><username>anonymous</username><pt><x>2933</x><y>1651</y><time>24-05-21 13:36:52:382</time></pt><pt><x>2091</x><y>1651</y><time>24-05-21 13:36:58:213</time></pt><pt><x>2091</x><y>3147</y><time>undefined</time></pt><pt><x>2933</x><y>3147</y><time>undefined</time></pt><closed_date>24-05-21 13:36:58:213</closed_date></polygon></object><object><name>tooth</name><deleted>0</deleted><verified>0</verified><occluded>no</occluded><attributes>44</attributes><parts><hasparts /><ispartof /></parts><date>24-05-21 13:37:41:260</date><id>8</id><type>bounding_box</type><polygon><username>anonymous</username><pt><x>3626</x><y>1684</y><time>24-05-21 13:37:22:495</time></pt><pt><x>2801</x><y>1684</y><time>24-05-21 13:37:34:110</time></pt><pt><x>2801</x><y>3169</y><time>undefined</time></pt><pt><x>3626</x><y>3169</y><time>undefined</time></pt><closed_date>24-05-21 13:37:34:110</closed_date></polygon></object><object><name>tooth</name><deleted>0</deleted><verified>0</verified><occluded>no</occluded><attributes>43</attributes><parts><hasparts /><ispartof /></parts><date>24-05-21 13:38:02:302</date><id>9</id><type>bounding_box</type><polygon><username>anonymous</username><pt><x>4066</x><y>1607</y><time>24-05-21 13:37:51:851</time></pt><pt><x>3439</x><y>1607</y><time>24-05-21 13:37:56:326</time></pt><pt><x>3439</x><y>3158</y><time>undefined</time></pt><pt><x>4066</x><y>3158</y><time>undefined</time></pt><closed_date>24-05-21 13:37:56:326</closed_date></polygon></object><imagesize><nrows /><ncols /></imagesize><object><name>restoration</name><deleted>0</deleted><verified>0</verified><occluded>no</occluded><attributes /><parts><hasparts /><ispartof>1</ispartof></parts><date>14-03-22 22:41:06:948</date><id>10</id><polygon><username>anonymous</username><pt><x>1652</x><y>887</y><time>14-03-22 22:40:51:815</time></pt><pt><x>1551</x><y>876</y><time>14-03-22 22:40:52:466</time></pt><pt><x>1456</x><y>949</y><time>14-03-22 22:40:53:019</time></pt><pt><x>1445</x><y>999</y><time>14-03-22 22:40:53:527</time></pt><pt><x>1362</x><y>937</y><time>14-03-22 22:40:54:203</time></pt><pt><x>1278</x><y>943</y><time>14-03-22 22:40:54:641</time></pt><pt><x>1250</x><y>976</y><time>14-03-22 22:40:54:970</time></pt><pt><x>1105</x><y>921</y><time>14-03-22 22:40:55:398</time></pt><pt><x>976</x><y>898</y><time>14-03-22 22:40:55:955</time></pt><pt><x>854</x><y>876</y><time>14-03-22 22:40:56:512</time></pt><pt><x>759</x><y>943</y><time>14-03-22 22:40:57:204</time></pt><pt><x>798</x><y>1004</y><time>14-03-22 22:40:57:702</time></pt><pt><x>859</x><y>1060</y><time>14-03-22 22:40:58:154</time></pt><pt><x>1027</x><y>1094</y><time>14-03-22 22:40:59:436</time></pt><pt><x>1099</x><y>1088</y><time>14-03-22 22:40:59:907</time></pt><pt><x>1177</x><y>1071</y><time>14-03-22 22:41:00:368</time></pt><pt><x>1239</x><y>1077</y><time>14-03-22 22:41:00:697</time></pt><pt><x>1367</x><y>1077</y><time>14-03-22 22:41:01:096</time></pt><pt><x>1462</x><y>1083</y><time>14-03-22 22:41:01:398</time></pt><pt><x>1568</x><y>1083</y><time>14-03-22 22:41:01:730</time></pt><pt><x>1646</x><y>1110</y><time>14-03-22 22:41:02:093</time></pt><pt><x>1735</x><y>1055</y><time>14-03-22 22:41:02:488</time></pt><pt><x>1780</x><y>1004</y><time>14-03-22 22:41:02:863</time></pt><pt><x>1758</x><y>926</y><time>14-03-22 22:41:03:220</time></pt><closed_date>14-03-22 22:41:03:654</closed_date></polygon></object><object><name>restoration</name><deleted>0</deleted><verified>0</verified><occluded>no</occluded><attributes /><parts><hasparts /><ispartof>7</ispartof></parts><date>14-03-22 22:41:30:279</date><id>11</id><polygon><username>anonymous</username><pt><x>2254</x><y>2009</y><time>14-03-22 22:41:17:223</time></pt><pt><x>2433</x><y>2120</y><time>14-03-22 22:41:18:004</time></pt><pt><x>2561</x><y>2065</y><time>14-03-22 22:41:18:684</time></pt><pt><x>2611</x><y>2087</y><time>14-03-22 22:41:20:061</time></pt><pt><x>2712</x><y>2087</y><time>14-03-22 22:41:20:563</time></pt><pt><x>2818</x><y>1992</y><time>14-03-22 22:41:20:994</time></pt><pt><x>2851</x><y>1908</y><time>14-03-22 22:41:21:461</time></pt><pt><x>2779</x><y>1847</y><time>14-03-22 22:41:21:879</time></pt><pt><x>2712</x><y>1836</y><time>14-03-22 22:41:22:295</time></pt><pt><x>2623</x><y>1864</y><time>14-03-22 22:41:22:657</time></pt><pt><x>2556</x><y>1908</y><time>14-03-22 22:41:23:012</time></pt><pt><x>2494</x><y>1936</y><time>14-03-22 22:41:23:353</time></pt><pt><x>2427</x><y>1931</y><time>14-03-22 22:41:23:632</time></pt><pt><x>2366</x><y>1908</y><time>14-03-22 22:41:23:953</time></pt><pt><x>2316</x><y>1908</y><time>14-03-22 22:41:24:308</time></pt><pt><x>2271</x><y>1970</y><time>14-03-22 22:41:24:616</time></pt><closed_date>14-03-22 22:41:24:950</closed_date></polygon></object></annotation>