<?xml version='1.0' encoding='UTF-8'?>
<annotation><filename>imagem-120.jpg</filename><folder>segmentation_xray</folder><source><sourceImage>The MIT-CSAIL database of objects and scenes</sourceImage><sourceAnnotation>LabelMe Webtool</sourceAnnotation></source><object><name>tooth</name><deleted>0</deleted><verified>0</verified><occluded>no</occluded><attributes>24</attributes><parts><hasparts /><ispartof /></parts><date>11-05-21 10:34:15:721</date><id>0</id><type>bounding_box</type><polygon><username>anonymous</username><pt><x>228</x><y>568</y><time>11-05-21 10:34:01:234</time></pt><pt><x>588</x><y>568</y><time>11-05-21 10:34:04:774</time></pt><pt><x>588</x><y>14</y><time>undefined</time></pt><pt><x>228</x><y>14</y><time>undefined</time></pt><closed_date>11-05-21 10:34:04:775</closed_date></polygon></object><object><name>tooth</name><deleted>0</deleted><verified>0</verified><occluded>no</occluded><attributes>25</attributes><parts><hasparts /><ispartof /></parts><date>11-05-21 10:34:41:718</date><id>1</id><type>bounding_box</type><polygon><username>anonymous</username><pt><x>883</x><y>584</y><time>11-05-21 10:34:31:013</time></pt><pt><x>586</x><y>584</y><time>11-05-21 10:34:35:864</time></pt><pt><x>586</x><y>18</y><time>undefined</time></pt><pt><x>883</x><y>18</y><time>undefined</time></pt><closed_date>11-05-21 10:34:35:864</closed_date></polygon></object><object><name>tooth</name><deleted>0</deleted><verified>0</verified><occluded>no</occluded><attributes>36</attributes><parts><hasparts>3,4,5</hasparts><ispartof /></parts><date>11-05-21 10:35:28:498</date><id>2</id><type>bounding_box</type><polygon><username>anonymous</username><pt><x>777</x><y>649</y><time>11-05-21 10:35:20:129</time></pt><pt><x>1318</x><y>649</y><time>11-05-21 10:35:24:361</time></pt><pt><x>1318</x><y>1235</y><time>undefined</time></pt><pt><x>777</x><y>1235</y><time>undefined</time></pt><closed_date>11-05-21 10:35:24:362</closed_date></polygon></object><object><name>root canal treatment</name><deleted>0</deleted><verified>0</verified><occluded>no</occluded><attributes /><parts><hasparts /><ispartof>2</ispartof></parts><date>11-05-21 10:35:58:511</date><id>3</id><polygon><username>anonymous</username><pt><x>920</x><y>968</y><time>11-05-21 10:35:40:756</time></pt><pt><x>920</x><y>1040</y><time>11-05-21 10:35:41:656</time></pt><pt><x>920</x><y>1109</y><time>11-05-21 10:35:42:351</time></pt><pt><x>922</x><y>1151</y><time>11-05-21 10:35:42:989</time></pt><pt><x>926</x><y>1194</y><time>11-05-21 10:35:43:639</time></pt><pt><x>930</x><y>1223</y><time>11-05-21 10:35:44:345</time></pt><pt><x>966</x><y>1223</y><time>11-05-21 10:35:45:081</time></pt><pt><x>970</x><y>1198</y><time>11-05-21 10:35:45:785</time></pt><pt><x>970</x><y>1149</y><time>11-05-21 10:35:46:410</time></pt><pt><x>970</x><y>1092</y><time>11-05-21 10:35:46:978</time></pt><pt><x>974</x><y>1033</y><time>11-05-21 10:35:47:539</time></pt><pt><x>981</x><y>1017</y><time>11-05-21 10:35:48:108</time></pt><pt><x>989</x><y>991</y><time>11-05-21 10:35:48:977</time></pt><pt><x>989</x><y>981</y><time>11-05-21 10:35:49:724</time></pt><pt><x>970</x><y>981</y><time>11-05-21 10:35:50:221</time></pt><pt><x>944</x><y>979</y><time>11-05-21 10:35:50:772</time></pt><closed_date>11-05-21 10:35:51:437</closed_date></polygon></object><object><name>root canal treatment</name><deleted>0</deleted><verified>0</verified><occluded>no</occluded><attributes /><parts><hasparts /><ispartof>2</ispartof></parts><date>11-05-21 10:36:13:648</date><id>4</id><polygon><username>anonymous</username><pt><x>1113</x><y>1027</y><time>11-05-21 10:35:59:721</time></pt><pt><x>1133</x><y>1064</y><time>11-05-21 10:36:00:483</time></pt><pt><x>1162</x><y>1107</y><time>11-05-21 10:36:01:149</time></pt><pt><x>1184</x><y>1162</y><time>11-05-21 10:36:01:751</time></pt><pt><x>1202</x><y>1206</y><time>11-05-21 10:36:02:328</time></pt><pt><x>1208</x><y>1223</y><time>11-05-21 10:36:02:962</time></pt><pt><x>1241</x><y>1221</y><time>11-05-21 10:36:03:692</time></pt><pt><x>1245</x><y>1215</y><time>11-05-21 10:36:04:359</time></pt><pt><x>1231</x><y>1188</y><time>11-05-21 10:36:04:949</time></pt><pt><x>1206</x><y>1127</y><time>11-05-21 10:36:05:456</time></pt><pt><x>1194</x><y>1076</y><time>11-05-21 10:36:06:058</time></pt><pt><x>1178</x><y>1027</y><time>11-05-21 10:36:06:553</time></pt><pt><x>1170</x><y>1001</y><time>11-05-21 10:36:07:073</time></pt><pt><x>1141</x><y>1009</y><time>11-05-21 10:36:07:569</time></pt><closed_date>11-05-21 10:36:08:324</closed_date></polygon></object><object><name>restoration</name><deleted>0</deleted><verified>0</verified><occluded>no</occluded><attributes /><parts><hasparts /><ispartof>2</ispartof></parts><date>11-05-21 10:36:36:661</date><id>5</id><polygon><username>anonymous</username><pt><x>1249</x><y>958</y><time>11-05-21 10:36:15:875</time></pt><pt><x>1255</x><y>924</y><time>11-05-21 10:36:16:597</time></pt><pt><x>1257</x><y>889</y><time>11-05-21 10:36:17:124</time></pt><pt><x>1269</x><y>877</y><time>11-05-21 10:36:17:612</time></pt><pt><x>1290</x><y>846</y><time>11-05-21 10:36:18:246</time></pt><pt><x>1300</x><y>797</y><time>11-05-21 10:36:18:766</time></pt><pt><x>1300</x><y>759</y><time>11-05-21 10:36:19:303</time></pt><pt><x>1298</x><y>736</y><time>11-05-21 10:36:19:790</time></pt><pt><x>1257</x><y>728</y><time>11-05-21 10:36:20:277</time></pt><pt><x>1208</x><y>706</y><time>11-05-21 10:36:20:781</time></pt><pt><x>1162</x><y>702</y><time>11-05-21 10:36:21:253</time></pt><pt><x>1123</x><y>702</y><time>11-05-21 10:36:21:749</time></pt><pt><x>1056</x><y>700</y><time>11-05-21 10:36:22:252</time></pt><pt><x>1009</x><y>684</y><time>11-05-21 10:36:22:707</time></pt><pt><x>944</x><y>692</y><time>11-05-21 10:36:23:171</time></pt><pt><x>875</x><y>692</y><time>11-05-21 10:36:23:647</time></pt><pt><x>826</x><y>710</y><time>11-05-21 10:36:24:146</time></pt><pt><x>804</x><y>714</y><time>11-05-21 10:36:24:642</time></pt><pt><x>800</x><y>730</y><time>11-05-21 10:36:25:105</time></pt><pt><x>810</x><y>830</y><time>11-05-21 10:36:25:649</time></pt><pt><x>830</x><y>861</y><time>11-05-21 10:36:26:127</time></pt><pt><x>883</x><y>861</y><time>11-05-21 10:36:26:583</time></pt><pt><x>920</x><y>861</y><time>11-05-21 10:36:27:055</time></pt><pt><x>924</x><y>871</y><time>11-05-21 10:36:27:501</time></pt><pt><x>940</x><y>895</y><time>11-05-21 10:36:28:249</time></pt><pt><x>972</x><y>918</y><time>11-05-21 10:36:28:719</time></pt><pt><x>1033</x><y>913</y><time>11-05-21 10:36:29:183</time></pt><pt><x>1050</x><y>901</y><time>11-05-21 10:36:29:655</time></pt><pt><x>1101</x><y>895</y><time>11-05-21 10:36:30:118</time></pt><pt><x>1123</x><y>895</y><time>11-05-21 10:36:30:557</time></pt><pt><x>1143</x><y>905</y><time>11-05-21 10:36:31:053</time></pt><pt><x>1166</x><y>934</y><time>11-05-21 10:36:31:524</time></pt><pt><x>1215</x><y>952</y><time>11-05-21 10:36:32:165</time></pt><closed_date>11-05-21 10:36:32:840</closed_date></polygon></object><imagesize><nrows /><ncols /></imagesize><object><name>tooth</name><deleted>0</deleted><verified>0</verified><occluded>no</occluded><attributes>27</attributes><parts><hasparts>7</hasparts><ispartof /></parts><date>15-05-21 14:00:37:083</date><id>6</id><type>bounding_box</type><polygon><username>anonymous</username><pt><x>1287</x><y>626</y><time>15-05-21 14:00:20:225</time></pt><pt><x>1610</x><y>626</y><time>15-05-21 14:00:30:697</time></pt><pt><x>1610</x><y>18</y><time>undefined</time></pt><pt><x>1287</x><y>18</y><time>undefined</time></pt><closed_date>15-05-21 14:00:30:697</closed_date></polygon></object><object><name>restoration</name><deleted>0</deleted><verified>0</verified><occluded>no</occluded><attributes /><parts><hasparts /><ispartof>6</ispartof></parts><date>15-05-21 14:01:14:066</date><id>7</id><polygon><username>anonymous</username><pt><x>1482</x><y>467</y><time>15-05-21 14:00:53:698</time></pt><pt><x>1512</x><y>455</y><time>15-05-21 14:00:55:060</time></pt><pt><x>1530</x><y>462</y><time>15-05-21 14:00:56:252</time></pt><pt><x>1539</x><y>467</y><time>15-05-21 14:00:57:586</time></pt><pt><x>1551</x><y>480</y><time>15-05-21 14:00:58:301</time></pt><pt><x>1548</x><y>499</y><time>15-05-21 14:00:59:236</time></pt><pt><x>1551</x><y>510</y><time>15-05-21 14:00:59:716</time></pt><pt><x>1558</x><y>517</y><time>15-05-21 14:00:59:975</time></pt><pt><x>1562</x><y>528</y><time>15-05-21 14:01:00:261</time></pt><pt><x>1564</x><y>542</y><time>15-05-21 14:01:00:565</time></pt><pt><x>1567</x><y>546</y><time>15-05-21 14:01:00:749</time></pt><pt><x>1562</x><y>558</y><time>15-05-21 14:01:00:989</time></pt><pt><x>1535</x><y>565</y><time>15-05-21 14:01:01:476</time></pt><pt><x>1521</x><y>574</y><time>15-05-21 14:01:03:292</time></pt><pt><x>1489</x><y>572</y><time>15-05-21 14:01:03:716</time></pt><pt><x>1473</x><y>572</y><time>15-05-21 14:01:03:964</time></pt><pt><x>1439</x><y>578</y><time>15-05-21 14:01:04:164</time></pt><pt><x>1414</x><y>581</y><time>15-05-21 14:01:04:612</time></pt><pt><x>1403</x><y>576</y><time>15-05-21 14:01:04:821</time></pt><pt><x>1394</x><y>574</y><time>15-05-21 14:01:05:093</time></pt><pt><x>1378</x><y>565</y><time>15-05-21 14:01:05:523</time></pt><pt><x>1375</x><y>562</y><time>15-05-21 14:01:05:756</time></pt><pt><x>1371</x><y>551</y><time>15-05-21 14:01:06:020</time></pt><pt><x>1371</x><y>533</y><time>15-05-21 14:01:06:308</time></pt><pt><x>1371</x><y>528</y><time>15-05-21 14:01:06:548</time></pt><pt><x>1371</x><y>521</y><time>15-05-21 14:01:06:764</time></pt><pt><x>1380</x><y>510</y><time>15-05-21 14:01:07:011</time></pt><pt><x>1394</x><y>506</y><time>15-05-21 14:01:07:260</time></pt><pt><x>1403</x><y>501</y><time>15-05-21 14:01:07:459</time></pt><pt><x>1405</x><y>501</y><time>15-05-21 14:01:07:675</time></pt><pt><x>1416</x><y>496</y><time>15-05-21 14:01:07:892</time></pt><pt><x>1421</x><y>494</y><time>15-05-21 14:01:08:140</time></pt><pt><x>1425</x><y>490</y><time>15-05-21 14:01:08:364</time></pt><pt><x>1432</x><y>485</y><time>15-05-21 14:01:08:581</time></pt><pt><x>1453</x><y>474</y><time>15-05-21 14:01:08:973</time></pt><pt><x>1455</x><y>474</y><time>15-05-21 14:01:09:392</time></pt><closed_date>15-05-21 14:01:09:844</closed_date></polygon></object><object><name>tooth</name><deleted>0</deleted><verified>0</verified><occluded>no</occluded><attributes>26</attributes><parts><hasparts>9</hasparts><ispartof /></parts><date>15-05-21 14:01:33:459</date><id>8</id><type>bounding_box</type><polygon><username>anonymous</username><pt><x>849</x><y>606</y><time>15-05-21 14:01:22:243</time></pt><pt><x>1332</x><y>606</y><time>15-05-21 14:01:26:776</time></pt><pt><x>1332</x><y>2</y><time>undefined</time></pt><pt><x>849</x><y>2</y><time>undefined</time></pt><closed_date>15-05-21 14:01:26:776</closed_date></polygon></object><object><name>restoration</name><deleted>0</deleted><verified>0</verified><occluded>no</occluded><attributes /><parts><hasparts /><ispartof>8</ispartof></parts><date>15-05-21 14:02:16:235</date><id>9</id><polygon><username>anonymous</username><pt><x>927</x><y>317</y><time>15-05-21 14:01:55:737</time></pt><pt><x>965</x><y>317</y><time>15-05-21 14:01:56:718</time></pt><pt><x>1000</x><y>319</y><time>15-05-21 14:01:57:196</time></pt><pt><x>1006</x><y>330</y><time>15-05-21 14:01:57:621</time></pt><pt><x>1016</x><y>339</y><time>15-05-21 14:01:58:013</time></pt><pt><x>1018</x><y>342</y><time>15-05-21 14:01:58:246</time></pt><pt><x>1022</x><y>353</y><time>15-05-21 14:01:58:472</time></pt><pt><x>1029</x><y>376</y><time>15-05-21 14:01:59:005</time></pt><pt><x>1029</x><y>383</y><time>15-05-21 14:01:59:196</time></pt><pt><x>1032</x><y>396</y><time>15-05-21 14:01:59:397</time></pt><pt><x>1036</x><y>414</y><time>15-05-21 14:01:59:596</time></pt><pt><x>1038</x><y>421</y><time>15-05-21 14:01:59:783</time></pt><pt><x>1038</x><y>439</y><time>15-05-21 14:02:00:022</time></pt><pt><x>1038</x><y>469</y><time>15-05-21 14:02:00:397</time></pt><pt><x>1038</x><y>474</y><time>15-05-21 14:02:00:625</time></pt><pt><x>1038</x><y>480</y><time>15-05-21 14:02:00:772</time></pt><pt><x>1027</x><y>508</y><time>15-05-21 14:02:01:020</time></pt><pt><x>1022</x><y>510</y><time>15-05-21 14:02:01:227</time></pt><pt><x>1018</x><y>515</y><time>15-05-21 14:02:01:435</time></pt><pt><x>1002</x><y>524</y><time>15-05-21 14:02:01:660</time></pt><pt><x>988</x><y>535</y><time>15-05-21 14:02:01:893</time></pt><pt><x>970</x><y>537</y><time>15-05-21 14:02:02:119</time></pt><pt><x>952</x><y>537</y><time>15-05-21 14:02:02:324</time></pt><pt><x>943</x><y>537</y><time>15-05-21 14:02:02:497</time></pt><pt><x>929</x><y>542</y><time>15-05-21 14:02:02:716</time></pt><pt><x>915</x><y>544</y><time>15-05-21 14:02:02:915</time></pt><pt><x>909</x><y>544</y><time>15-05-21 14:02:03:100</time></pt><pt><x>897</x><y>549</y><time>15-05-21 14:02:03:531</time></pt><pt><x>879</x><y>526</y><time>15-05-21 14:02:04:763</time></pt><pt><x>874</x><y>510</y><time>15-05-21 14:02:05:292</time></pt><pt><x>861</x><y>501</y><time>15-05-21 14:02:05:595</time></pt><pt><x>861</x><y>501</y><time>15-05-21 14:02:05:869</time></pt><pt><x>858</x><y>474</y><time>15-05-21 14:02:06:211</time></pt><pt><x>863</x><y>453</y><time>15-05-21 14:02:06:445</time></pt><pt><x>868</x><y>449</y><time>15-05-21 14:02:06:660</time></pt><pt><x>868</x><y>439</y><time>15-05-21 14:02:06:933</time></pt><pt><x>874</x><y>424</y><time>15-05-21 14:02:07:120</time></pt><pt><x>877</x><y>410</y><time>15-05-21 14:02:07:356</time></pt><closed_date>15-05-21 14:02:13:131</closed_date></polygon></object><object><name>tooth</name><deleted>0</deleted><verified>0</verified><occluded>no</occluded><attributes>25</attributes><parts><hasparts>11</hasparts><ispartof /></parts><date>15-05-21 14:02:52:698</date><id>10</id><type>bounding_box</type><polygon><username>anonymous</username><pt><x>572</x><y>594</y><time>15-05-21 14:02:35:021</time></pt><pt><x>877</x><y>594</y><time>15-05-21 14:02:46:960</time></pt><pt><x>877</x><y>1</y><time>undefined</time></pt><pt><x>572</x><y>1</y><time>undefined</time></pt><closed_date>15-05-21 14:02:46:960</closed_date></polygon></object><object><name>restoration</name><deleted>0</deleted><verified>0</verified><occluded>no</occluded><attributes /><parts><hasparts /><ispartof>10</ispartof></parts><date>15-05-21 14:03:24:435</date><id>11</id><polygon><username>anonymous</username><pt><x>763</x><y>433</y><time>15-05-21 14:03:06:023</time></pt><pt><x>765</x><y>387</y><time>15-05-21 14:03:06:756</time></pt><pt><x>774</x><y>339</y><time>15-05-21 14:03:07:526</time></pt><pt><x>781</x><y>317</y><time>15-05-21 14:03:09:062</time></pt><pt><x>813</x><y>305</y><time>15-05-21 14:03:13:053</time></pt><pt><x>833</x><y>314</y><time>15-05-21 14:03:13:829</time></pt><pt><x>843</x><y>314</y><time>15-05-21 14:03:14:101</time></pt><pt><x>852</x><y>319</y><time>15-05-21 14:03:14:357</time></pt><pt><x>863</x><y>326</y><time>15-05-21 14:03:14:637</time></pt><pt><x>868</x><y>328</y><time>15-05-21 14:03:14:957</time></pt><pt><x>870</x><y>332</y><time>15-05-21 14:03:15:300</time></pt><pt><x>870</x><y>346</y><time>15-05-21 14:03:15:571</time></pt><pt><x>870</x><y>364</y><time>15-05-21 14:03:15:797</time></pt><pt><x>870</x><y>373</y><time>15-05-21 14:03:16:025</time></pt><pt><x>870</x><y>385</y><time>15-05-21 14:03:16:197</time></pt><pt><x>865</x><y>396</y><time>15-05-21 14:03:16:404</time></pt><pt><x>861</x><y>405</y><time>15-05-21 14:03:16:593</time></pt><pt><x>861</x><y>414</y><time>15-05-21 14:03:16:804</time></pt><pt><x>854</x><y>433</y><time>15-05-21 14:03:17:004</time></pt><pt><x>854</x><y>444</y><time>15-05-21 14:03:17:570</time></pt><pt><x>854</x><y>444</y><time>15-05-21 14:03:17:837</time></pt><pt><x>854</x><y>462</y><time>15-05-21 14:03:18:125</time></pt><pt><x>854</x><y>467</y><time>15-05-21 14:03:18:324</time></pt><pt><x>849</x><y>474</y><time>15-05-21 14:03:18:532</time></pt><pt><x>845</x><y>494</y><time>15-05-21 14:03:18:772</time></pt><pt><x>845</x><y>496</y><time>15-05-21 14:03:18:996</time></pt><pt><x>836</x><y>499</y><time>15-05-21 14:03:19:293</time></pt><pt><x>815</x><y>494</y><time>15-05-21 14:03:19:572</time></pt><pt><x>811</x><y>492</y><time>15-05-21 14:03:19:828</time></pt><pt><x>799</x><y>492</y><time>15-05-21 14:03:20:054</time></pt><pt><x>788</x><y>485</y><time>15-05-21 14:03:20:260</time></pt><pt><x>774</x><y>483</y><time>15-05-21 14:03:20:452</time></pt><pt><x>765</x><y>478</y><time>15-05-21 14:03:20:684</time></pt><pt><x>763</x><y>467</y><time>15-05-21 14:03:20:935</time></pt><closed_date>15-05-21 14:03:21:443</closed_date></polygon></object><object><name>tooth</name><deleted>0</deleted><verified>0</verified><occluded>no</occluded><attributes>24</attributes><parts><hasparts /><ispartof /></parts><date>15-05-21 14:03:50:235</date><id>12</id><type>bounding_box</type><polygon><username>anonymous</username><pt><x>248</x><y>572</y><time>15-05-21 14:03:34:979</time></pt><pt><x>585</x><y>572</y><time>15-05-21 14:03:45:187</time></pt><pt><x>585</x><y>5</y><time>undefined</time></pt><pt><x>248</x><y>5</y><time>undefined</time></pt><closed_date>15-05-21 14:03:45:187</closed_date></polygon></object><object><name>tooth</name><deleted>0</deleted><verified>0</verified><occluded>no</occluded><attributes>23</attributes><parts><hasparts /><ispartof /></parts><date>15-05-21 14:04:14:131</date><id>13</id><type>bounding_box</type><polygon><username>anonymous</username><pt><x>9</x><y>528</y><time>15-05-21 14:04:02:010</time></pt><pt><x>337</x><y>528</y><time>15-05-21 14:04:06:790</time></pt><pt><x>337</x><y>1</y><time>undefined</time></pt><pt><x>9</x><y>1</y><time>undefined</time></pt><closed_date>15-05-21 14:04:06:790</closed_date></polygon></object><object><name>tooth</name><deleted>0</deleted><verified>0</verified><occluded>no</occluded><attributes>37</attributes><parts><hasparts>15</hasparts><ispartof /></parts><date>15-05-21 14:04:47:987</date><id>14</id><type>bounding_box</type><polygon><username>anonymous</username><pt><x>1298</x><y>663</y><time>15-05-21 14:04:38:155</time></pt><pt><x>1608</x><y>663</y><time>15-05-21 14:04:41:944</time></pt><pt><x>1608</x><y>1211</y><time>undefined</time></pt><pt><x>1298</x><y>1211</y><time>undefined</time></pt><closed_date>15-05-21 14:04:41:944</closed_date></polygon></object><object><name>restoration</name><deleted>0</deleted><verified>0</verified><occluded>no</occluded><attributes /><parts><hasparts /><ispartof>14</ispartof></parts><date>15-05-21 14:05:40:674</date><id>15</id><polygon><username>anonymous</username><pt><x>1332</x><y>863</y><time>15-05-21 14:05:22:170</time></pt><pt><x>1373</x><y>872</y><time>15-05-21 14:05:23:145</time></pt><pt><x>1410</x><y>861</y><time>15-05-21 14:05:23:761</time></pt><pt><x>1410</x><y>845</y><time>15-05-21 14:05:24:383</time></pt><pt><x>1405</x><y>815</y><time>15-05-21 14:05:25:316</time></pt><pt><x>1444</x><y>815</y><time>15-05-21 14:05:25:892</time></pt><pt><x>1471</x><y>820</y><time>15-05-21 14:05:26:340</time></pt><pt><x>1505</x><y>824</y><time>15-05-21 14:05:26:644</time></pt><pt><x>1526</x><y>829</y><time>15-05-21 14:05:26:955</time></pt><pt><x>1546</x><y>827</y><time>15-05-21 14:05:27:244</time></pt><pt><x>1562</x><y>820</y><time>15-05-21 14:05:27:556</time></pt><pt><x>1567</x><y>806</y><time>15-05-21 14:05:27:820</time></pt><pt><x>1569</x><y>792</y><time>15-05-21 14:05:28:078</time></pt><pt><x>1569</x><y>767</y><time>15-05-21 14:05:28:347</time></pt><pt><x>1571</x><y>751</y><time>15-05-21 14:05:28:580</time></pt><pt><x>1571</x><y>742</y><time>15-05-21 14:05:28:827</time></pt><pt><x>1571</x><y>729</y><time>15-05-21 14:05:29:153</time></pt><pt><x>1562</x><y>717</y><time>15-05-21 14:05:29:469</time></pt><pt><x>1544</x><y>710</y><time>15-05-21 14:05:29:755</time></pt><pt><x>1530</x><y>708</y><time>15-05-21 14:05:30:029</time></pt><pt><x>1519</x><y>706</y><time>15-05-21 14:05:30:316</time></pt><pt><x>1510</x><y>706</y><time>15-05-21 14:05:30:564</time></pt><pt><x>1491</x><y>704</y><time>15-05-21 14:05:30:804</time></pt><pt><x>1466</x><y>695</y><time>15-05-21 14:05:31:052</time></pt><pt><x>1437</x><y>690</y><time>15-05-21 14:05:31:468</time></pt><pt><x>1430</x><y>685</y><time>15-05-21 14:05:31:709</time></pt><pt><x>1410</x><y>685</y><time>15-05-21 14:05:32:044</time></pt><pt><x>1398</x><y>692</y><time>15-05-21 14:05:32:292</time></pt><pt><x>1394</x><y>706</y><time>15-05-21 14:05:32:515</time></pt><pt><x>1384</x><y>715</y><time>15-05-21 14:05:32:723</time></pt><pt><x>1382</x><y>724</y><time>15-05-21 14:05:32:948</time></pt><pt><x>1369</x><y>735</y><time>15-05-21 14:05:33:164</time></pt><pt><x>1366</x><y>740</y><time>15-05-21 14:05:33:380</time></pt><pt><x>1346</x><y>747</y><time>15-05-21 14:05:33:621</time></pt><pt><x>1343</x><y>749</y><time>15-05-21 14:05:33:810</time></pt><pt><x>1328</x><y>756</y><time>15-05-21 14:05:34:060</time></pt><pt><x>1312</x><y>765</y><time>15-05-21 14:05:34:357</time></pt><pt><x>1309</x><y>765</y><time>15-05-21 14:05:34:548</time></pt><pt><x>1307</x><y>770</y><time>15-05-21 14:05:34:814</time></pt><pt><x>1305</x><y>808</y><time>15-05-21 14:05:35:372</time></pt><pt><x>1307</x><y>813</y><time>15-05-21 14:05:35:736</time></pt><pt><x>1307</x><y>820</y><time>15-05-21 14:05:36:093</time></pt><pt><x>1307</x><y>833</y><time>15-05-21 14:05:36:382</time></pt><pt><x>1307</x><y>843</y><time>15-05-21 14:05:36:637</time></pt><pt><x>1307</x><y>854</y><time>15-05-21 14:05:36:876</time></pt><closed_date>15-05-21 14:05:37:140</closed_date></polygon></object><object><name>tooth</name><deleted>0</deleted><verified>0</verified><occluded>no</occluded><attributes>35</attributes><parts><hasparts /><ispartof /></parts><date>15-05-21 14:05:57:435</date><id>16</id><type>bounding_box</type><polygon><username>anonymous</username><pt><x>492</x><y>654</y><time>15-05-21 14:05:48:554</time></pt><pt><x>806</x><y>654</y><time>15-05-21 14:05:51:791</time></pt><pt><x>806</x><y>1236</y><time>undefined</time></pt><pt><x>492</x><y>1236</y><time>undefined</time></pt><closed_date>15-05-21 14:05:51:791</closed_date></polygon></object><object><name>tooth</name><deleted>0</deleted><verified>0</verified><occluded>no</occluded><attributes>34</attributes><parts><hasparts /><ispartof /></parts><date>15-05-21 14:06:20:915</date><id>17</id><type>bounding_box</type><polygon><username>anonymous</username><pt><x>180</x><y>619</y><time>15-05-21 14:06:12:660</time></pt><pt><x>496</x><y>619</y><time>15-05-21 14:06:15:818</time></pt><pt><x>496</x><y>1236</y><time>undefined</time></pt><pt><x>180</x><y>1236</y><time>undefined</time></pt><closed_date>15-05-21 14:06:15:819</closed_date></polygon></object><object><name>tooth</name><deleted>0</deleted><verified>0</verified><occluded>no</occluded><attributes>33</attributes><parts><hasparts /><ispartof /></parts><date>15-05-21 14:06:47:091</date><id>18</id><type>bounding_box</type><polygon><username>anonymous</username><pt><x>1</x><y>585</y><time>15-05-21 14:06:34:836</time></pt><pt><x>282</x><y>585</y><time>15-05-21 14:06:41:005</time></pt><pt><x>282</x><y>1230</y><time>undefined</time></pt><pt><x>1</x><y>1230</y><time>undefined</time></pt><closed_date>15-05-21 14:06:41:006</closed_date></polygon></object></annotation>