<?xml version="1.0" encoding="UTF-8"?><annotation><filename>imagem-002.jpg</filename><folder>segmentation_xray</folder><source><sourceImage>The MIT-CSAIL database of objects and scenes</sourceImage><sourceAnnotation>LabelMe Webtool</sourceAnnotation></source><object><name>tooth</name><deleted>0</deleted><verified>0</verified><occluded>no</occluded><attributes>24</attributes><parts><hasparts/><ispartof>1</ispartof></parts><date>31-05-21 12:40:00:434</date><id>0</id><type>bounding_box</type><polygon><username>anonymous</username><pt><x>22</x><y>1396</y><time>31-05-21 12:39:45:461</time></pt><pt><x>824</x><y>1396</y><time>31-05-21 12:39:53:881</time></pt><pt><x>824</x><y>0</y><time>undefined</time></pt><pt><x>22</x><y>0</y><time>undefined</time></pt><closed_date>31-05-21 12:39:53:882</closed_date></polygon></object><object><name>tooth</name><deleted>1</deleted><verified>0</verified><occluded>no</occluded><attributes>25</attributes><parts><hasparts>1,2</hasparts><ispartof>1</ispartof></parts><date>31-05-21 12:40:13:003</date><id>1</id><type>bounding_box</type><polygon><username>anonymous</username><pt><x>1522</x><y>5</y><time>31-05-21 12:40:03:402</time></pt><pt><x>736</x><y>5</y><time>31-05-21 12:40:07:617</time></pt><pt><x>736</x><y>1412</y><time>undefined</time></pt><pt><x>1522</x><y>1412</y><time>undefined</time></pt><closed_date>31-05-21 12:40:07:618</closed_date></polygon></object><object><name>tooth</name><deleted>1</deleted><verified>0</verified><occluded>no</occluded><attributes>26</attributes><parts><hasparts/><ispartof>1</ispartof></parts><date>31-05-21 12:40:40:104</date><id>2</id><type>bounding_box</type><polygon><username>anonymous</username><pt><x>2687</x><y>1390</y><time>31-05-21 12:40:19:352</time></pt><pt><x>1517</x><y>1390</y><time>31-05-21 12:40:31:658</time></pt><pt><x>1517</x><y>5</y><time>undefined</time></pt><pt><x>2687</x><y>5</y><time>undefined</time></pt><closed_date>31-05-21 12:40:31:658</closed_date></polygon></object><imagesize><nrows></nrows><ncols></ncols></imagesize><object><name>tooth</name><deleted>0</deleted><verified>0</verified><occluded>no</occluded><attributes>27</attributes><parts><hasparts>11,12</hasparts><ispartof>8</ispartof></parts><date>09-06-21 17:36:16:303</date><id>3</id><type>bounding_box</type><polygon><username>anonymous</username><pt><x>3642</x><y>1303</y><time>09-06-21 17:36:07:435</time></pt><pt><x>2595</x><y>1303</y><time>09-06-21 17:36:09:425</time></pt><pt><x>2595</x><y>0</y><time>undefined</time></pt><pt><x>3642</x><y>0</y><time>undefined</time></pt><closed_date>09-06-21 17:36:09:426</closed_date></polygon></object><object><name>tooth</name><deleted>0</deleted><verified>0</verified><occluded>no</occluded><attributes>37</attributes><parts><hasparts>6,7,8,9</hasparts><ispartof>8</ispartof></parts><date>09-06-21 17:36:23:587</date><id>4</id><type>bounding_box</type><polygon><username>anonymous</username><pt><x>2275</x><y>1321</y><time>09-06-21 17:36:18:609</time></pt><pt><x>3858</x><y>1321</y><time>09-06-21 17:36:20:052</time></pt><pt><x>3858</x><y>3130</y><time>undefined</time></pt><pt><x>2275</x><y>3130</y><time>undefined</time></pt><closed_date>09-06-21 17:36:20:053</closed_date></polygon></object><object><name>tooth</name><deleted>0</deleted><verified>0</verified><occluded>no</occluded><attributes>36</attributes><parts><hasparts>10</hasparts><ispartof>8</ispartof></parts><date>09-06-21 17:36:31:910</date><id>5</id><type>bounding_box</type><polygon><username>anonymous</username><pt><x>1094</x><y>1478</y><time>09-06-21 17:36:25:940</time></pt><pt><x>2682</x><y>1478</y><time>09-06-21 17:36:28:287</time></pt><pt><x>2682</x><y>3154</y><time>undefined</time></pt><pt><x>1094</x><y>3154</y><time>undefined</time></pt><closed_date>09-06-21 17:36:28:287</closed_date></polygon></object><object><name>restoration</name><deleted>0</deleted><verified>0</verified><occluded>no</occluded><attributes/><parts><hasparts/><ispartof>4</ispartof></parts><date>11-02-22 16:17:26:790</date><id>6</id><polygon><username>anonymous</username><pt><x>2898</x><y>1677</y><time>11-02-22 16:17:20:134</time></pt><pt><x>2920</x><y>1566</y><time>11-02-22 16:17:22:244</time></pt><pt><x>2943</x><y>1538</y><time>11-02-22 16:17:22:669</time></pt><pt><x>2993</x><y>1510</y><time>11-02-22 16:17:22:948</time></pt><pt><x>3037</x><y>1516</y><time>11-02-22 16:17:23:172</time></pt><pt><x>3065</x><y>1544</y><time>11-02-22 16:17:23:404</time></pt><pt><x>3104</x><y>1594</y><time>11-02-22 16:17:23:636</time></pt><pt><x>3104</x><y>1622</y><time>11-02-22 16:17:23:860</time></pt><pt><x>3076</x><y>1661</y><time>11-02-22 16:17:24:092</time></pt><pt><x>2987</x><y>1705</y><time>11-02-22 16:17:24:340</time></pt><closed_date>11-02-22 16:17:24:566</closed_date></polygon></object><object><name>restoration</name><deleted>0</deleted><verified>0</verified><occluded>no</occluded><attributes/><parts><hasparts/><ispartof>4</ispartof></parts><date>11-02-22 16:17:33:017</date><id>7</id><polygon><username>anonymous</username><pt><x>2541</x><y>1683</y><time>11-02-22 16:17:27:806</time></pt><pt><x>2558</x><y>1828</y><time>11-02-22 16:17:28:380</time></pt><pt><x>2747</x><y>1828</y><time>11-02-22 16:17:29:420</time></pt><pt><x>2764</x><y>1739</y><time>11-02-22 16:17:29:788</time></pt><pt><x>2753</x><y>1672</y><time>11-02-22 16:17:30:101</time></pt><pt><x>2675</x><y>1627</y><time>11-02-22 16:17:30:397</time></pt><pt><x>2547</x><y>1627</y><time>11-02-22 16:17:30:644</time></pt><closed_date>11-02-22 16:17:31:206</closed_date></polygon></object><object><name>restoration</name><deleted>0</deleted><verified>0</verified><occluded>no</occluded><attributes/><parts><hasparts/><ispartof>4</ispartof></parts><date>11-02-22 16:17:38:886</date><id>8</id><polygon><username>anonymous</username><pt><x>2820</x><y>1689</y><time>11-02-22 16:17:33:837</time></pt><pt><x>2831</x><y>1839</y><time>11-02-22 16:17:34:452</time></pt><pt><x>2909</x><y>1889</y><time>11-02-22 16:17:34:860</time></pt><pt><x>2982</x><y>1906</y><time>11-02-22 16:17:35:204</time></pt><pt><x>3054</x><y>1878</y><time>11-02-22 16:17:35:630</time></pt><pt><x>3065</x><y>1817</y><time>11-02-22 16:17:35:965</time></pt><pt><x>3009</x><y>1778</y><time>11-02-22 16:17:36:277</time></pt><pt><x>2876</x><y>1722</y><time>11-02-22 16:17:37:213</time></pt><closed_date>11-02-22 16:17:37:509</closed_date></polygon></object><object><name>restoration</name><deleted>0</deleted><verified>0</verified><occluded>no</occluded><attributes/><parts><hasparts/><ispartof>4</ispartof></parts><date>11-02-22 16:17:45:740</date><id>9</id><polygon><username>anonymous</username><pt><x>3060</x><y>1794</y><time>11-02-22 16:17:39:734</time></pt><pt><x>3132</x><y>1755</y><time>11-02-22 16:17:40:029</time></pt><pt><x>3204</x><y>1739</y><time>11-02-22 16:17:40:268</time></pt><pt><x>3243</x><y>1700</y><time>11-02-22 16:17:40:492</time></pt><pt><x>3294</x><y>1655</y><time>11-02-22 16:17:40:708</time></pt><pt><x>3321</x><y>1616</y><time>11-02-22 16:17:40:940</time></pt><pt><x>3344</x><y>1605</y><time>11-02-22 16:17:41:172</time></pt><pt><x>3411</x><y>1605</y><time>11-02-22 16:17:41:652</time></pt><pt><x>3444</x><y>1622</y><time>11-02-22 16:17:42:064</time></pt><pt><x>3388</x><y>1683</y><time>11-02-22 16:17:42:372</time></pt><pt><x>3372</x><y>1739</y><time>11-02-22 16:17:42:646</time></pt><pt><x>3366</x><y>1794</y><time>11-02-22 16:17:42:901</time></pt><pt><x>3321</x><y>1828</y><time>11-02-22 16:17:43:149</time></pt><pt><x>3277</x><y>1845</y><time>11-02-22 16:17:43:372</time></pt><pt><x>3221</x><y>1861</y><time>11-02-22 16:17:43:588</time></pt><pt><x>3121</x><y>1867</y><time>11-02-22 16:17:43:836</time></pt><pt><x>3082</x><y>1845</y><time>11-02-22 16:17:44:084</time></pt><closed_date>11-02-22 16:17:44:380</closed_date></polygon></object><object><name>restoration</name><deleted>0</deleted><verified>0</verified><occluded>no</occluded><attributes/><parts><hasparts/><ispartof>5</ispartof></parts><date>11-02-22 16:17:56:351</date><id>10</id><polygon><username>anonymous</username><pt><x>1622</x><y>1778</y><time>11-02-22 16:17:46:774</time></pt><pt><x>1689</x><y>1917</y><time>11-02-22 16:17:47:228</time></pt><pt><x>1767</x><y>1934</y><time>11-02-22 16:17:47:580</time></pt><pt><x>1811</x><y>1878</y><time>11-02-22 16:17:47:852</time></pt><pt><x>1811</x><y>1806</y><time>11-02-22 16:17:48:108</time></pt><pt><x>1800</x><y>1750</y><time>11-02-22 16:17:48:397</time></pt><pt><x>1806</x><y>1705</y><time>11-02-22 16:17:49:493</time></pt><pt><x>1923</x><y>1700</y><time>11-02-22 16:17:49:750</time></pt><pt><x>1945</x><y>1716</y><time>11-02-22 16:17:50:084</time></pt><pt><x>1967</x><y>1716</y><time>11-02-22 16:17:50:333</time></pt><pt><x>2023</x><y>1716</y><time>11-02-22 16:17:50:557</time></pt><pt><x>2068</x><y>1728</y><time>11-02-22 16:17:51:196</time></pt><pt><x>2118</x><y>1672</y><time>11-02-22 16:17:51:446</time></pt><pt><x>2084</x><y>1644</y><time>11-02-22 16:17:51:892</time></pt><pt><x>2001</x><y>1644</y><time>11-02-22 16:17:52:205</time></pt><pt><x>1889</x><y>1655</y><time>11-02-22 16:17:52:493</time></pt><pt><x>1778</x><y>1689</y><time>11-02-22 16:17:52:804</time></pt><pt><x>1716</x><y>1711</y><time>11-02-22 16:17:53:063</time></pt><pt><x>1655</x><y>1728</y><time>11-02-22 16:17:53:332</time></pt><closed_date>11-02-22 16:17:53:597</closed_date></polygon></object><object><name>restoration</name><deleted>0</deleted><verified>0</verified><occluded>no</occluded><attributes/><parts><hasparts/><ispartof>3</ispartof></parts><date>11-02-22 16:18:03:520</date><id>11</id><polygon><username>anonymous</username><pt><x>3271</x><y>1092</y><time>11-02-22 16:17:57:350</time></pt><pt><x>3277</x><y>992</y><time>11-02-22 16:17:57:780</time></pt><pt><x>3327</x><y>931</y><time>11-02-22 16:17:58:052</time></pt><pt><x>3383</x><y>836</y><time>11-02-22 16:17:58:340</time></pt><pt><x>3399</x><y>763</y><time>11-02-22 16:17:59:165</time></pt><pt><x>3522</x><y>724</y><time>11-02-22 16:17:59:413</time></pt><pt><x>3611</x><y>747</y><time>11-02-22 16:17:59:692</time></pt><pt><x>3639</x><y>903</y><time>11-02-22 16:18:00:124</time></pt><pt><x>3600</x><y>986</y><time>11-02-22 16:18:00:431</time></pt><pt><x>3556</x><y>1070</y><time>11-02-22 16:18:00:772</time></pt><pt><x>3472</x><y>1098</y><time>11-02-22 16:18:01:062</time></pt><pt><x>3344</x><y>1092</y><time>11-02-22 16:18:01:301</time></pt><closed_date>11-02-22 16:18:01:500</closed_date></polygon></object><object><name>restoration</name><deleted>0</deleted><verified>0</verified><occluded>no</occluded><attributes/><parts><hasparts/><ispartof>3</ispartof></parts><date>11-02-22 16:18:12:064</date><id>12</id><polygon><username>anonymous</username><pt><x>3093</x><y>1109</y><time>11-02-22 16:18:04:790</time></pt><pt><x>3121</x><y>975</y><time>11-02-22 16:18:05:925</time></pt><pt><x>3132</x><y>936</y><time>11-02-22 16:18:06:381</time></pt><pt><x>3193</x><y>903</y><time>11-02-22 16:18:06:700</time></pt><pt><x>3249</x><y>970</y><time>11-02-22 16:18:07:444</time></pt><pt><x>3288</x><y>1098</y><time>11-02-22 16:18:07:829</time></pt><pt><x>3238</x><y>1115</y><time>11-02-22 16:18:08:325</time></pt><closed_date>11-02-22 16:18:08:637</closed_date></polygon></object><object><name>restoration</name><deleted>0</deleted><verified>0</verified><occluded>no</occluded><attributes/><parts><hasparts/><ispartof>17</ispartof></parts><date>11-02-22 16:18:19:737</date><id>13</id><polygon><username>anonymous</username><pt><x>2541</x><y>1187</y><time>11-02-22 16:18:13:895</time></pt><pt><x>2469</x><y>1142</y><time>11-02-22 16:18:14:413</time></pt><pt><x>2463</x><y>1120</y><time>11-02-22 16:18:14:781</time></pt><pt><x>2424</x><y>1126</y><time>11-02-22 16:18:15:045</time></pt><pt><x>2368</x><y>1142</y><time>11-02-22 16:18:15:269</time></pt><pt><x>2307</x><y>1109</y><time>11-02-22 16:18:15:533</time></pt><pt><x>2285</x><y>1087</y><time>11-02-22 16:18:15:797</time></pt><pt><x>2263</x><y>1159</y><time>11-02-22 16:18:16:055</time></pt><pt><x>2218</x><y>1209</y><time>11-02-22 16:18:16:285</time></pt><pt><x>2207</x><y>1259</y><time>11-02-22 16:18:16:526</time></pt><pt><x>2296</x><y>1276</y><time>11-02-22 16:18:16:981</time></pt><pt><x>2430</x><y>1237</y><time>11-02-22 16:18:17:270</time></pt><closed_date>11-02-22 16:18:17:630</closed_date></polygon></object><object><name>tooth</name><deleted>0</deleted><verified>0</verified><occluded>no</occluded><attributes>35</attributes><parts><hasparts/><ispartof/></parts><date>11-02-22 16:19:15:477</date><id>14</id><type>bounding_box</type><polygon><username>anonymous</username><pt><x>1477</x><y>3132</y><time>11-02-22 16:18:58:616</time></pt><pt><x>240</x><y>3132</y><time>11-02-22 16:18:58:623</time></pt><pt><x>240</x><y>1750</y><time>undefined</time></pt><pt><x>1477</x><y>1750</y><time>undefined</time></pt><closed_date>11-02-22 16:18:58:623</closed_date></polygon></object><object><name>tooth</name><deleted>0</deleted><verified>0</verified><occluded>no</occluded><attributes>34</attributes><parts><hasparts/><ispartof/></parts><date>11-02-22 16:19:31:833</date><id>15</id><type>bounding_box</type><polygon><username>anonymous</username><pt><x>11</x><y>1694</y><time>11-02-22 16:19:25:460</time></pt><pt><x>697</x><y>1694</y><time>11-02-22 16:19:25:465</time></pt><pt><x>697</x><y>3154</y><time>undefined</time></pt><pt><x>11</x><y>3154</y><time>undefined</time></pt><closed_date>11-02-22 16:19:25:466</closed_date></polygon></object><object><name>tooth</name><deleted>1</deleted><verified>0</verified><occluded>no</occluded><attributes>25</attributes><parts><hasparts></hasparts><ispartof></ispartof></parts><date>12-04-22 11:20:49:045</date><id>16</id><type>bounding_box</type><polygon><username>admin</username><pt><x>984</x><y>1370</y><time>12-04-22 11:20:06:928</time></pt><pt><x>1037</x><y>1370</y><time>12-04-22 11:20:33:596</time></pt><pt><x>1037</x><y>1177</y><time>undefined</time></pt><pt><x>984</x><y>1177</y><time>undefined</time></pt><closed_date>12-04-22 11:20:33:597</closed_date></polygon></object><object><name>tooth</name><deleted>0</deleted><verified>0</verified><occluded>no</occluded><attributes>26</attributes><parts><hasparts>13</hasparts><ispartof></ispartof></parts><date>12-04-22 11:22:21:862</date><id>17</id><type>bounding_box</type><polygon><username>admin</username><pt><x>1537</x><y>1370</y><time>12-04-22 11:21:48:978</time></pt><pt><x>2574</x><y>1370</y><time>12-04-22 11:22:02:792</time></pt><pt><x>2574</x><y>167</y><time>undefined</time></pt><pt><x>1537</x><y>167</y><time>undefined</time></pt><closed_date>12-04-22 11:22:02:794</closed_date></polygon></object><object><name>tooth</name><deleted>0</deleted><verified>0</verified><occluded>no</occluded><attributes>25</attributes><parts><hasparts></hasparts><ispartof></ispartof></parts><date>12-04-22 11:22:53:860</date><id>18</id><type>bounding_box</type><polygon><username>admin</username><pt><x>1572</x><y>97</y><time>12-04-22 11:22:39:316</time></pt><pt><x>949</x><y>97</y><time>12-04-22 11:22:45:569</time></pt><pt><x>949</x><y>1256</y><time>undefined</time></pt><pt><x>1572</x><y>1256</y><time>undefined</time></pt><closed_date>12-04-22 11:22:45:570</closed_date></polygon></object></annotation>