<?xml version='1.0' encoding='UTF-8'?>
<annotation><filename>imagem-036.jpg</filename><folder>segmentation_xray</folder><source><sourceImage>The MIT-CSAIL database of objects and scenes</sourceImage><sourceAnnotation>LabelMe Webtool</sourceAnnotation></source><object><name>tooth</name><deleted>0</deleted><verified>0</verified><occluded>no</occluded><attributes>16</attributes><parts><hasparts>11</hasparts><ispartof /></parts><date>24-05-21 14:22:55:426</date><id>0</id><type>bounding_box</type><polygon><username>anonymous</username><pt><x>451</x><y>16</y><time>24-05-21 14:22:37:648</time></pt><pt><x>1643</x><y>16</y><time>24-05-21 14:22:48:271</time></pt><pt><x>1643</x><y>1346</y><time>undefined</time></pt><pt><x>451</x><y>1346</y><time>undefined</time></pt><closed_date>24-05-21 14:22:48:272</closed_date></polygon></object><object><name>tooth</name><deleted>0</deleted><verified>0</verified><occluded>no</occluded><attributes>17</attributes><parts><hasparts /><ispartof /></parts><date>24-05-21 14:23:15:976</date><id>1</id><type>bounding_box</type><polygon><username>anonymous</username><pt><x>27</x><y>1176</y><time>24-05-21 14:23:00:973</time></pt><pt><x>473</x><y>1176</y><time>24-05-21 14:23:10:110</time></pt><pt><x>473</x><y>99</y><time>undefined</time></pt><pt><x>27</x><y>99</y><time>undefined</time></pt><closed_date>24-05-21 14:23:10:110</closed_date></polygon></object><object><name>tooth</name><deleted>0</deleted><verified>0</verified><occluded>no</occluded><attributes>15</attributes><parts><hasparts /><ispartof /></parts><date>24-05-21 14:23:36:154</date><id>2</id><type>bounding_box</type><polygon><username>anonymous</username><pt><x>2418</x><y>1368</y><time>24-05-21 14:23:21:469</time></pt><pt><x>1599</x><y>1368</y><time>24-05-21 14:23:27:791</time></pt><pt><x>1599</x><y>22</y><time>undefined</time></pt><pt><x>2418</x><y>22</y><time>undefined</time></pt><closed_date>24-05-21 14:23:27:791</closed_date></polygon></object><object><name>tooth</name><deleted>0</deleted><verified>0</verified><occluded>no</occluded><attributes>14</attributes><parts><hasparts /><ispartof /></parts><date>24-05-21 14:24:03:552</date><id>3</id><type>bounding_box</type><polygon><username>anonymous</username><pt><x>3215</x><y>1374</y><time>24-05-21 14:23:53:441</time></pt><pt><x>2374</x><y>1374</y><time>24-05-21 14:23:58:023</time></pt><pt><x>2374</x><y>5</y><time>undefined</time></pt><pt><x>3215</x><y>5</y><time>undefined</time></pt><closed_date>24-05-21 14:23:58:023</closed_date></polygon></object><object><name>tooth</name><deleted>0</deleted><verified>0</verified><occluded>no</occluded><attributes>13</attributes><parts><hasparts /><ispartof /></parts><date>24-05-21 14:24:34:142</date><id>4</id><type>bounding_box</type><polygon><username>anonymous</username><pt><x>4061</x><y>1484</y><time>24-05-21 14:24:20:335</time></pt><pt><x>3193</x><y>1484</y><time>24-05-21 14:24:24:919</time></pt><pt><x>3193</x><y>5</y><time>undefined</time></pt><pt><x>4061</x><y>5</y><time>undefined</time></pt><closed_date>24-05-21 14:24:24:919</closed_date></polygon></object><object><name>tooth</name><deleted>0</deleted><verified>0</verified><occluded>no</occluded><attributes>47</attributes><parts><hasparts>10</hasparts><ispartof /></parts><date>24-05-21 14:24:52:288</date><id>5</id><type>bounding_box</type><polygon><username>anonymous</username><pt><x>22</x><y>1313</y><time>24-05-21 14:24:39:550</time></pt><pt><x>1055</x><y>1313</y><time>24-05-21 14:24:45:975</time></pt><pt><x>1055</x><y>3127</y><time>undefined</time></pt><pt><x>22</x><y>3127</y><time>undefined</time></pt><closed_date>24-05-21 14:24:45:975</closed_date></polygon></object><object><name>tooth</name><deleted>0</deleted><verified>0</verified><occluded>no</occluded><attributes>46</attributes><parts><hasparts>9</hasparts><ispartof /></parts><date>24-05-21 14:25:10:606</date><id>6</id><type>bounding_box</type><polygon><username>anonymous</username><pt><x>2319</x><y>1616</y><time>24-05-21 14:24:57:389</time></pt><pt><x>874</x><y>1616</y><time>24-05-21 14:25:03:616</time></pt><pt><x>874</x><y>3138</y><time>undefined</time></pt><pt><x>2319</x><y>3138</y><time>undefined</time></pt><closed_date>24-05-21 14:25:03:616</closed_date></polygon></object><object><name>tooth</name><deleted>0</deleted><verified>0</verified><occluded>no</occluded><attributes>45</attributes><parts><hasparts /><ispartof /></parts><date>24-05-21 14:25:44:271</date><id>7</id><type>bounding_box</type><polygon><username>anonymous</username><pt><x>3072</x><y>1715</y><time>24-05-21 14:25:27:134</time></pt><pt><x>2220</x><y>1715</y><time>24-05-21 14:25:37:566</time></pt><pt><x>2220</x><y>3144</y><time>undefined</time></pt><pt><x>3072</x><y>3144</y><time>undefined</time></pt><closed_date>24-05-21 14:25:37:567</closed_date></polygon></object><object><name>tooth</name><deleted>0</deleted><verified>0</verified><occluded>no</occluded><attributes>44</attributes><parts><hasparts /><ispartof /></parts><date>24-05-21 14:26:05:705</date><id>8</id><type>bounding_box</type><polygon><username>anonymous</username><pt><x>3896</x><y>1770</y><time>24-05-21 14:25:54:351</time></pt><pt><x>2968</x><y>1770</y><time>24-05-21 14:25:58:990</time></pt><pt><x>2968</x><y>3160</y><time>undefined</time></pt><pt><x>3896</x><y>3160</y><time>undefined</time></pt><closed_date>24-05-21 14:25:58:990</closed_date></polygon></object><object><name>restoration</name><deleted>0</deleted><verified>0</verified><occluded>no</occluded><attributes /><parts><hasparts /><ispartof>6</ispartof></parts><date>24-05-21 14:26:51:519</date><id>9</id><polygon><username>anonymous</username><pt><x>1171</x><y>1775</y><time>24-05-21 14:26:24:152</time></pt><pt><x>1176</x><y>1912</y><time>24-05-21 14:26:25:262</time></pt><pt><x>1198</x><y>1984</y><time>24-05-21 14:26:25:702</time></pt><pt><x>1209</x><y>2039</y><time>24-05-21 14:26:26:038</time></pt><pt><x>1253</x><y>2149</y><time>24-05-21 14:26:26:830</time></pt><pt><x>1330</x><y>2165</y><time>24-05-21 14:26:27:583</time></pt><pt><x>1368</x><y>2187</y><time>24-05-21 14:26:27:894</time></pt><pt><x>1462</x><y>2198</y><time>24-05-21 14:26:28:431</time></pt><pt><x>1599</x><y>2187</y><time>24-05-21 14:26:29:174</time></pt><pt><x>1682</x><y>2165</y><time>24-05-21 14:26:29:615</time></pt><pt><x>1720</x><y>2154</y><time>24-05-21 14:26:29:974</time></pt><pt><x>1797</x><y>2127</y><time>24-05-21 14:26:30:327</time></pt><pt><x>1847</x><y>2105</y><time>24-05-21 14:26:30:638</time></pt><pt><x>1902</x><y>2072</y><time>24-05-21 14:26:30:925</time></pt><pt><x>1973</x><y>2039</y><time>24-05-21 14:26:31:454</time></pt><pt><x>2033</x><y>1995</y><time>24-05-21 14:26:32:031</time></pt><pt><x>2055</x><y>1978</y><time>24-05-21 14:26:32:415</time></pt><pt><x>2066</x><y>1918</y><time>24-05-21 14:26:35:902</time></pt><pt><x>2044</x><y>1814</y><time>24-05-21 14:26:36:445</time></pt><pt><x>2006</x><y>1786</y><time>24-05-21 14:26:36:742</time></pt><pt><x>1896</x><y>1781</y><time>24-05-21 14:26:37:558</time></pt><pt><x>1808</x><y>1781</y><time>24-05-21 14:26:38:118</time></pt><pt><x>1748</x><y>1792</y><time>24-05-21 14:26:38:781</time></pt><pt><x>1643</x><y>1803</y><time>24-05-21 14:26:39:326</time></pt><pt><x>1561</x><y>1797</y><time>24-05-21 14:26:39:951</time></pt><pt><x>1478</x><y>1792</y><time>24-05-21 14:26:40:438</time></pt><pt><x>1434</x><y>1764</y><time>24-05-21 14:26:41:406</time></pt><pt><x>1412</x><y>1704</y><time>24-05-21 14:26:41:893</time></pt><pt><x>1385</x><y>1687</y><time>24-05-21 14:26:42:334</time></pt><pt><x>1308</x><y>1682</y><time>24-05-21 14:26:42:901</time></pt><pt><x>1253</x><y>1682</y><time>24-05-21 14:26:43:294</time></pt><pt><x>1220</x><y>1715</y><time>24-05-21 14:26:43:710</time></pt><pt><x>1204</x><y>1748</y><time>24-05-21 14:26:44:101</time></pt><closed_date>24-05-21 14:26:44:654</closed_date></polygon></object><object><name>restoration</name><deleted>0</deleted><verified>0</verified><occluded>no</occluded><attributes /><parts><hasparts /><ispartof>5</ispartof></parts><date>24-05-21 14:27:42:207</date><id>10</id><polygon><username>anonymous</username><pt><x>71</x><y>1484</y><time>24-05-21 14:27:07:557</time></pt><pt><x>110</x><y>1550</y><time>24-05-21 14:27:08:566</time></pt><pt><x>110</x><y>1660</y><time>24-05-21 14:27:09:486</time></pt><pt><x>121</x><y>1709</y><time>24-05-21 14:27:09:958</time></pt><pt><x>126</x><y>1797</y><time>24-05-21 14:27:10:549</time></pt><pt><x>148</x><y>1863</y><time>24-05-21 14:27:11:117</time></pt><pt><x>214</x><y>1896</y><time>24-05-21 14:27:11:749</time></pt><pt><x>330</x><y>1929</y><time>24-05-21 14:27:12:454</time></pt><pt><x>396</x><y>1973</y><time>24-05-21 14:27:13:191</time></pt><pt><x>451</x><y>1984</y><time>24-05-21 14:27:13:670</time></pt><pt><x>511</x><y>1989</y><time>24-05-21 14:27:14:294</time></pt><pt><x>588</x><y>1973</y><time>24-05-21 14:27:14:783</time></pt><pt><x>637</x><y>1934</y><time>24-05-21 14:27:15:606</time></pt><pt><x>659</x><y>1923</y><time>24-05-21 14:27:16:086</time></pt><pt><x>698</x><y>1902</y><time>24-05-21 14:27:16:421</time></pt><pt><x>791</x><y>1869</y><time>24-05-21 14:27:17:230</time></pt><pt><x>824</x><y>1863</y><time>24-05-21 14:27:17:670</time></pt><pt><x>852</x><y>1825</y><time>24-05-21 14:27:18:005</time></pt><pt><x>868</x><y>1814</y><time>24-05-21 14:27:18:382</time></pt><pt><x>890</x><y>1726</y><time>24-05-21 14:27:19:606</time></pt><pt><x>896</x><y>1704</y><time>24-05-21 14:27:20:173</time></pt><pt><x>890</x><y>1643</y><time>24-05-21 14:27:20:565</time></pt><pt><x>863</x><y>1599</y><time>24-05-21 14:27:20:981</time></pt><pt><x>846</x><y>1577</y><time>24-05-21 14:27:21:310</time></pt><pt><x>830</x><y>1555</y><time>24-05-21 14:27:21:686</time></pt><pt><x>742</x><y>1555</y><time>24-05-21 14:27:22:261</time></pt><pt><x>703</x><y>1583</y><time>24-05-21 14:27:22:677</time></pt><pt><x>637</x><y>1583</y><time>24-05-21 14:27:22:997</time></pt><pt><x>588</x><y>1583</y><time>24-05-21 14:27:23:286</time></pt><pt><x>517</x><y>1610</y><time>24-05-21 14:27:23:621</time></pt><pt><x>506</x><y>1610</y><time>24-05-21 14:27:24:029</time></pt><pt><x>467</x><y>1566</y><time>24-05-21 14:27:24:581</time></pt><pt><x>451</x><y>1533</y><time>24-05-21 14:27:24:950</time></pt><pt><x>412</x><y>1506</y><time>24-05-21 14:27:25:309</time></pt><pt><x>379</x><y>1500</y><time>24-05-21 14:27:25:694</time></pt><pt><x>324</x><y>1478</y><time>24-05-21 14:27:26:519</time></pt><pt><x>264</x><y>1456</y><time>24-05-21 14:27:27:069</time></pt><pt><x>209</x><y>1445</y><time>24-05-21 14:27:27:645</time></pt><pt><x>154</x><y>1462</y><time>24-05-21 14:27:28:246</time></pt><pt><x>121</x><y>1473</y><time>24-05-21 14:27:28:806</time></pt><closed_date>24-05-21 14:27:29:398</closed_date></polygon></object><object><name>restoration</name><deleted>0</deleted><verified>0</verified><occluded>no</occluded><attributes /><parts><hasparts /><ispartof>0</ispartof></parts><date>24-05-21 14:28:10:255</date><id>11</id><polygon><username>anonymous</username><pt><x>643</x><y>896</y><time>24-05-21 14:27:47:350</time></pt><pt><x>648</x><y>962</y><time>24-05-21 14:27:48:102</time></pt><pt><x>648</x><y>1006</y><time>24-05-21 14:27:48:558</time></pt><pt><x>648</x><y>1039</y><time>24-05-21 14:27:48:933</time></pt><pt><x>665</x><y>1055</y><time>24-05-21 14:27:49:261</time></pt><pt><x>709</x><y>1077</y><time>24-05-21 14:27:50:085</time></pt><pt><x>769</x><y>1099</y><time>24-05-21 14:27:51:030</time></pt><pt><x>791</x><y>1105</y><time>24-05-21 14:27:51:349</time></pt><pt><x>802</x><y>1105</y><time>24-05-21 14:27:51:597</time></pt><pt><x>835</x><y>1105</y><time>24-05-21 14:27:51:934</time></pt><pt><x>863</x><y>1127</y><time>24-05-21 14:27:52:542</time></pt><pt><x>885</x><y>1132</y><time>24-05-21 14:27:52:838</time></pt><pt><x>912</x><y>1154</y><time>24-05-21 14:27:53:374</time></pt><pt><x>940</x><y>1154</y><time>24-05-21 14:27:53:685</time></pt><pt><x>978</x><y>1149</y><time>24-05-21 14:27:54:679</time></pt><pt><x>989</x><y>1138</y><time>24-05-21 14:27:55:062</time></pt><pt><x>1006</x><y>1105</y><time>24-05-21 14:27:55:342</time></pt><pt><x>1033</x><y>1105</y><time>24-05-21 14:27:55:934</time></pt><pt><x>1110</x><y>1099</y><time>24-05-21 14:27:56:397</time></pt><pt><x>1176</x><y>1099</y><time>24-05-21 14:27:56:829</time></pt><pt><x>1231</x><y>1099</y><time>24-05-21 14:27:57:366</time></pt><pt><x>1264</x><y>1044</y><time>24-05-21 14:27:58:205</time></pt><pt><x>1275</x><y>1006</y><time>24-05-21 14:27:58:758</time></pt><pt><x>1182</x><y>984</y><time>24-05-21 14:27:59:749</time></pt><pt><x>1072</x><y>984</y><time>24-05-21 14:28:00:582</time></pt><pt><x>978</x><y>967</y><time>24-05-21 14:28:01:886</time></pt><pt><x>962</x><y>962</y><time>24-05-21 14:28:02:438</time></pt><pt><x>929</x><y>934</y><time>24-05-21 14:28:02:854</time></pt><pt><x>808</x><y>907</y><time>24-05-21 14:28:03:998</time></pt><pt><x>731</x><y>901</y><time>24-05-21 14:28:04:511</time></pt><pt><x>698</x><y>901</y><time>24-05-21 14:28:04:847</time></pt><closed_date>24-05-21 14:28:05:334</closed_date></polygon></object><imagesize><nrows /><ncols /></imagesize></annotation>