<?xml version='1.0' encoding='UTF-8'?>
<annotation><filename>imagem-007.jpg</filename><folder>segmentation_xray</folder><source><sourceImage>The MIT-CSAIL database of objects and scenes</sourceImage><sourceAnnotation>LabelMe Webtool</sourceAnnotation></source><object><name>tooth</name><deleted>0</deleted><verified>0</verified><occluded>no</occluded><attributes>17</attributes><parts><hasparts>11</hasparts><ispartof>10</ispartof></parts><date>16-05-21 18:33:11:724</date><id>0</id><type>bounding_box</type><polygon><username>anonymous</username><pt><x>381</x><y>1220</y><time>16-05-21 18:33:05:213</time></pt><pt><x>1451</x><y>1220</y><time>16-05-21 18:33:07:742</time></pt><pt><x>1451</x><y>23</y><time>undefined</time></pt><pt><x>381</x><y>23</y><time>undefined</time></pt><closed_date>16-05-21 18:33:07:742</closed_date></polygon></object><object><name>tooth</name><deleted>0</deleted><verified>0</verified><occluded>no</occluded><attributes>16</attributes><parts><hasparts>12</hasparts><ispartof>10</ispartof></parts><date>16-05-21 18:33:20:705</date><id>1</id><type>bounding_box</type><polygon><username>anonymous</username><pt><x>1364</x><y>1387</y><time>16-05-21 18:33:13:134</time></pt><pt><x>2555</x><y>1387</y><time>16-05-21 18:33:16:105</time></pt><pt><x>2555</x><y>12</y><time>undefined</time></pt><pt><x>1364</x><y>12</y><time>undefined</time></pt><closed_date>16-05-21 18:33:16:106</closed_date></polygon></object><object><name>tooth</name><deleted>0</deleted><verified>0</verified><occluded>no</occluded><attributes>15</attributes><parts><hasparts /><ispartof>10</ispartof></parts><date>16-05-21 18:33:28:312</date><id>2</id><type>bounding_box</type><polygon><username>anonymous</username><pt><x>2549</x><y>1404</y><time>16-05-21 18:33:22:715</time></pt><pt><x>3312</x><y>1404</y><time>16-05-21 18:33:24:521</time></pt><pt><x>3312</x><y>1</y><time>undefined</time></pt><pt><x>2549</x><y>1</y><time>undefined</time></pt><closed_date>16-05-21 18:33:24:522</closed_date></polygon></object><object><name>tooth</name><deleted>0</deleted><verified>0</verified><occluded>no</occluded><attributes>14</attributes><parts><hasparts /><ispartof>10</ispartof></parts><date>16-05-21 18:33:37:216</date><id>3</id><type>bounding_box</type><polygon><username>anonymous</username><pt><x>3266</x><y>1422</y><time>16-05-21 18:33:30:067</time></pt><pt><x>4046</x><y>1422</y><time>16-05-21 18:33:33:723</time></pt><pt><x>4046</x><y>23</y><time>undefined</time></pt><pt><x>3266</x><y>23</y><time>undefined</time></pt><closed_date>16-05-21 18:33:33:723</closed_date></polygon></object><object><name>tooth</name><deleted>0</deleted><verified>0</verified><occluded>no</occluded><attributes>47</attributes><parts><hasparts>10</hasparts><ispartof>10</ispartof></parts><date>16-05-21 18:33:47:425</date><id>4</id><type>bounding_box</type><polygon><username>anonymous</username><pt><x>1</x><y>1214</y><time>16-05-21 18:33:39:388</time></pt><pt><x>1306</x><y>1214</y><time>16-05-21 18:33:43:594</time></pt><pt><x>1306</x><y>3046</y><time>undefined</time></pt><pt><x>1</x><y>3046</y><time>undefined</time></pt><closed_date>16-05-21 18:33:43:594</closed_date></polygon></object><object><name>tooth</name><deleted>0</deleted><verified>0</verified><occluded>no</occluded><attributes>46</attributes><parts><hasparts>9</hasparts><ispartof>10</ispartof></parts><date>16-05-21 18:33:57:385</date><id>5</id><type>bounding_box</type><polygon><username>anonymous</username><pt><x>2474</x><y>1561</y><time>16-05-21 18:33:50:163</time></pt><pt><x>850</x><y>1561</y><time>16-05-21 18:33:53:706</time></pt><pt><x>850</x><y>3144</y><time>undefined</time></pt><pt><x>2474</x><y>3144</y><time>undefined</time></pt><closed_date>16-05-21 18:33:53:707</closed_date></polygon></object><object><name>tooth</name><deleted>0</deleted><verified>0</verified><occluded>no</occluded><attributes>45</attributes><parts><hasparts /><ispartof>10</ispartof></parts><date>16-05-21 18:34:05:826</date><id>6</id><type>bounding_box</type><polygon><username>anonymous</username><pt><x>3202</x><y>1763</y><time>16-05-21 18:33:59:627</time></pt><pt><x>2416</x><y>1763</y><time>16-05-21 18:34:02:297</time></pt><pt><x>2416</x><y>3127</y><time>undefined</time></pt><pt><x>3202</x><y>3127</y><time>undefined</time></pt><closed_date>16-05-21 18:34:02:297</closed_date></polygon></object><object><name>tooth</name><deleted>0</deleted><verified>0</verified><occluded>no</occluded><attributes>44</attributes><parts><hasparts /><ispartof>10</ispartof></parts><date>16-05-21 18:34:15:305</date><id>7</id><type>bounding_box</type><polygon><username>anonymous</username><pt><x>3977</x><y>1803</y><time>16-05-21 18:34:07:885</time></pt><pt><x>3156</x><y>1803</y><time>16-05-21 18:34:11:733</time></pt><pt><x>3156</x><y>3133</y><time>undefined</time></pt><pt><x>3977</x><y>3133</y><time>undefined</time></pt><closed_date>16-05-21 18:34:11:734</closed_date></polygon></object><object><name>tooth</name><deleted>0</deleted><verified>0</verified><occluded>no</occluded><attributes>43</attributes><parts><hasparts /><ispartof>10</ispartof></parts><date>16-05-21 18:34:34:708</date><id>8</id><type>bounding_box</type><polygon><username>anonymous</username><pt><x>3456</x><y>1907</y><time>16-05-21 18:34:26:715</time></pt><pt><x>4081</x><y>1907</y><time>16-05-21 18:34:29:519</time></pt><pt><x>4081</x><y>3121</y><time>undefined</time></pt><pt><x>3456</x><y>3121</y><time>undefined</time></pt><closed_date>16-05-21 18:34:29:519</closed_date></polygon></object><object><name>restoration</name><deleted>0</deleted><verified>0</verified><occluded>no</occluded><attributes /><parts><hasparts /><ispartof>5</ispartof></parts><date>16-05-21 18:35:55:280</date><id>9</id><polygon><username>anonymous</username><pt><x>1485</x><y>1896</y><time>16-05-21 18:35:33:598</time></pt><pt><x>1578</x><y>1925</y><time>16-05-21 18:35:34:122</time></pt><pt><x>1630</x><y>1982</y><time>16-05-21 18:35:34:913</time></pt><pt><x>1711</x><y>1971</y><time>16-05-21 18:35:35:434</time></pt><pt><x>1780</x><y>1948</y><time>16-05-21 18:35:35:828</time></pt><pt><x>1832</x><y>1948</y><time>16-05-21 18:35:39:496</time></pt><pt><x>1861</x><y>2011</y><time>16-05-21 18:35:40:010</time></pt><pt><x>1907</x><y>2069</y><time>16-05-21 18:35:40:328</time></pt><pt><x>1942</x><y>2081</y><time>16-05-21 18:35:40:569</time></pt><pt><x>2011</x><y>2087</y><time>16-05-21 18:35:40:885</time></pt><pt><x>2058</x><y>2058</y><time>16-05-21 18:35:41:217</time></pt><pt><x>2087</x><y>2040</y><time>16-05-21 18:35:41:513</time></pt><pt><x>2208</x><y>1994</y><time>16-05-21 18:35:41:897</time></pt><pt><x>2225</x><y>1988</y><time>16-05-21 18:35:42:118</time></pt><pt><x>2271</x><y>1936</y><time>16-05-21 18:35:42:485</time></pt><pt><x>2283</x><y>1913</y><time>16-05-21 18:35:42:741</time></pt><pt><x>2318</x><y>1867</y><time>16-05-21 18:35:43:133</time></pt><pt><x>2306</x><y>1832</y><time>16-05-21 18:35:43:629</time></pt><pt><x>2219</x><y>1844</y><time>16-05-21 18:35:43:929</time></pt><pt><x>2144</x><y>1855</y><time>16-05-21 18:35:44:176</time></pt><pt><x>2110</x><y>1855</y><time>16-05-21 18:35:44:410</time></pt><pt><x>2046</x><y>1867</y><time>16-05-21 18:35:44:635</time></pt><pt><x>1994</x><y>1878</y><time>16-05-21 18:35:44:905</time></pt><pt><x>1965</x><y>1890</y><time>16-05-21 18:35:45:105</time></pt><pt><x>1930</x><y>1907</y><time>16-05-21 18:35:45:354</time></pt><pt><x>1913</x><y>1930</y><time>16-05-21 18:35:45:630</time></pt><pt><x>1890</x><y>1902</y><time>16-05-21 18:35:46:132</time></pt><pt><x>1873</x><y>1884</y><time>16-05-21 18:35:46:366</time></pt><pt><x>1850</x><y>1873</y><time>16-05-21 18:35:46:579</time></pt><pt><x>1821</x><y>1815</y><time>16-05-21 18:35:46:801</time></pt><pt><x>1815</x><y>1803</y><time>16-05-21 18:35:47:018</time></pt><pt><x>1803</x><y>1786</y><time>16-05-21 18:35:47:249</time></pt><pt><x>1774</x><y>1746</y><time>16-05-21 18:35:47:489</time></pt><pt><x>1757</x><y>1705</y><time>16-05-21 18:35:47:673</time></pt><pt><x>1711</x><y>1693</y><time>16-05-21 18:35:47:898</time></pt><pt><x>1647</x><y>1688</y><time>16-05-21 18:35:48:144</time></pt><pt><x>1607</x><y>1688</y><time>16-05-21 18:35:48:281</time></pt><pt><x>1589</x><y>1711</y><time>16-05-21 18:35:48:489</time></pt><pt><x>1589</x><y>1757</y><time>16-05-21 18:35:48:705</time></pt><pt><x>1584</x><y>1763</y><time>16-05-21 18:35:48:905</time></pt><pt><x>1549</x><y>1769</y><time>16-05-21 18:35:49:433</time></pt><pt><x>1526</x><y>1717</y><time>16-05-21 18:35:49:838</time></pt><pt><x>1526</x><y>1717</y><time>16-05-21 18:35:50:166</time></pt><pt><x>1503</x><y>1734</y><time>16-05-21 18:35:50:681</time></pt><pt><x>1497</x><y>1757</y><time>16-05-21 18:35:50:938</time></pt><pt><x>1491</x><y>1774</y><time>16-05-21 18:35:51:156</time></pt><pt><x>1474</x><y>1850</y><time>16-05-21 18:35:51:586</time></pt><closed_date>16-05-21 18:35:52:224</closed_date></polygon></object><object><name>restoration</name><deleted>0</deleted><verified>0</verified><occluded>no</occluded><attributes /><parts><hasparts /><ispartof>4</ispartof></parts><date>16-05-21 18:36:41:521</date><id>10</id><polygon><username>anonymous</username><pt><x>497</x><y>1503</y><time>16-05-21 18:36:15:716</time></pt><pt><x>561</x><y>1578</y><time>16-05-21 18:36:16:505</time></pt><pt><x>607</x><y>1601</y><time>16-05-21 18:36:16:982</time></pt><pt><x>630</x><y>1624</y><time>16-05-21 18:36:17:254</time></pt><pt><x>659</x><y>1636</y><time>16-05-21 18:36:17:687</time></pt><pt><x>665</x><y>1682</y><time>16-05-21 18:36:17:966</time></pt><pt><x>711</x><y>1711</y><time>16-05-21 18:36:18:690</time></pt><pt><x>722</x><y>1711</y><time>16-05-21 18:36:18:949</time></pt><pt><x>751</x><y>1722</y><time>16-05-21 18:36:19:389</time></pt><pt><x>803</x><y>1734</y><time>16-05-21 18:36:19:436</time></pt><pt><x>867</x><y>1740</y><time>16-05-21 18:36:19:653</time></pt><pt><x>925</x><y>1746</y><time>16-05-21 18:36:19:877</time></pt><pt><x>971</x><y>1728</y><time>16-05-21 18:36:25:233</time></pt><pt><x>1035</x><y>1746</y><time>16-05-21 18:36:25:890</time></pt><pt><x>1058</x><y>1746</y><time>16-05-21 18:36:26:273</time></pt><pt><x>1081</x><y>1740</y><time>16-05-21 18:36:26:591</time></pt><pt><x>1104</x><y>1711</y><time>16-05-21 18:36:26:890</time></pt><pt><x>1104</x><y>1705</y><time>16-05-21 18:36:27:146</time></pt><pt><x>1121</x><y>1659</y><time>16-05-21 18:36:27:433</time></pt><pt><x>1121</x><y>1653</y><time>16-05-21 18:36:27:712</time></pt><pt><x>1110</x><y>1618</y><time>16-05-21 18:36:27:937</time></pt><pt><x>1087</x><y>1601</y><time>16-05-21 18:36:28:169</time></pt><pt><x>1052</x><y>1595</y><time>16-05-21 18:36:28:405</time></pt><pt><x>1011</x><y>1589</y><time>16-05-21 18:36:28:607</time></pt><pt><x>994</x><y>1589</y><time>16-05-21 18:36:28:821</time></pt><pt><x>959</x><y>1589</y><time>16-05-21 18:36:29:033</time></pt><pt><x>931</x><y>1584</y><time>16-05-21 18:36:29:401</time></pt><pt><x>896</x><y>1572</y><time>16-05-21 18:36:29:598</time></pt><pt><x>879</x><y>1555</y><time>16-05-21 18:36:29:806</time></pt><pt><x>873</x><y>1555</y><time>16-05-21 18:36:30:025</time></pt><pt><x>855</x><y>1537</y><time>16-05-21 18:36:30:234</time></pt><pt><x>838</x><y>1509</y><time>16-05-21 18:36:30:433</time></pt><pt><x>838</x><y>1497</y><time>16-05-21 18:36:30:631</time></pt><pt><x>832</x><y>1491</y><time>16-05-21 18:36:30:858</time></pt><pt><x>821</x><y>1480</y><time>16-05-21 18:36:31:009</time></pt><pt><x>809</x><y>1462</y><time>16-05-21 18:36:31:258</time></pt><pt><x>809</x><y>1428</y><time>16-05-21 18:36:31:785</time></pt><pt><x>728</x><y>1399</y><time>16-05-21 18:36:33:426</time></pt><pt><x>699</x><y>1416</y><time>16-05-21 18:36:34:305</time></pt><pt><x>699</x><y>1474</y><time>16-05-21 18:36:34:826</time></pt><pt><x>682</x><y>1480</y><time>16-05-21 18:36:35:290</time></pt><pt><x>659</x><y>1474</y><time>16-05-21 18:36:35:616</time></pt><pt><x>647</x><y>1457</y><time>16-05-21 18:36:35:866</time></pt><pt><x>647</x><y>1422</y><time>16-05-21 18:36:36:130</time></pt><pt><x>642</x><y>1410</y><time>16-05-21 18:36:36:349</time></pt><pt><x>618</x><y>1387</y><time>16-05-21 18:36:36:600</time></pt><pt><x>595</x><y>1381</y><time>16-05-21 18:36:37:033</time></pt><pt><x>578</x><y>1381</y><time>16-05-21 18:36:37:280</time></pt><pt><x>555</x><y>1393</y><time>16-05-21 18:36:37:537</time></pt><pt><x>526</x><y>1416</y><time>16-05-21 18:36:37:804</time></pt><pt><x>503</x><y>1439</y><time>16-05-21 18:36:38:067</time></pt><closed_date>16-05-21 18:36:38:623</closed_date></polygon></object><object><name>restoration</name><deleted>0</deleted><verified>0</verified><occluded>no</occluded><attributes /><parts><hasparts /><ispartof>0</ispartof></parts><date>16-05-21 18:37:20:393</date><id>11</id><polygon><username>anonymous</username><pt><x>543</x><y>827</y><time>16-05-21 18:36:59:660</time></pt><pt><x>590</x><y>879</y><time>16-05-21 18:37:00:314</time></pt><pt><x>618</x><y>902</y><time>16-05-21 18:37:00:825</time></pt><pt><x>642</x><y>902</y><time>16-05-21 18:37:01:166</time></pt><pt><x>688</x><y>942</y><time>16-05-21 18:37:03:961</time></pt><pt><x>763</x><y>977</y><time>16-05-21 18:37:04:585</time></pt><pt><x>803</x><y>965</y><time>16-05-21 18:37:05:137</time></pt><pt><x>827</x><y>1000</y><time>16-05-21 18:37:05:842</time></pt><pt><x>855</x><y>971</y><time>16-05-21 18:37:06:761</time></pt><pt><x>879</x><y>971</y><time>16-05-21 18:37:07:201</time></pt><pt><x>919</x><y>983</y><time>16-05-21 18:37:07:465</time></pt><pt><x>942</x><y>1000</y><time>16-05-21 18:37:07:810</time></pt><pt><x>959</x><y>1023</y><time>16-05-21 18:37:08:190</time></pt><pt><x>977</x><y>1029</y><time>16-05-21 18:37:08:449</time></pt><pt><x>1006</x><y>1046</y><time>16-05-21 18:37:08:619</time></pt><pt><x>1040</x><y>1058</y><time>16-05-21 18:37:09:073</time></pt><pt><x>1063</x><y>1058</y><time>16-05-21 18:37:09:257</time></pt><pt><x>1098</x><y>1063</y><time>16-05-21 18:37:09:524</time></pt><pt><x>1156</x><y>1046</y><time>16-05-21 18:37:10:154</time></pt><pt><x>1144</x><y>1017</y><time>16-05-21 18:37:10:723</time></pt><pt><x>1104</x><y>965</y><time>16-05-21 18:37:11:097</time></pt><pt><x>1092</x><y>936</y><time>16-05-21 18:37:11:393</time></pt><pt><x>1075</x><y>884</y><time>16-05-21 18:37:11:667</time></pt><pt><x>1069</x><y>884</y><time>16-05-21 18:37:12:016</time></pt><pt><x>1040</x><y>855</y><time>16-05-21 18:37:12:353</time></pt><pt><x>1035</x><y>844</y><time>16-05-21 18:37:12:625</time></pt><pt><x>1000</x><y>838</y><time>16-05-21 18:37:12:953</time></pt><pt><x>983</x><y>786</y><time>16-05-21 18:37:13:610</time></pt><pt><x>954</x><y>763</y><time>16-05-21 18:37:13:983</time></pt><pt><x>902</x><y>757</y><time>16-05-21 18:37:14:258</time></pt><pt><x>832</x><y>798</y><time>16-05-21 18:37:14:513</time></pt><pt><x>792</x><y>774</y><time>16-05-21 18:37:15:065</time></pt><pt><x>740</x><y>769</y><time>16-05-21 18:37:15:449</time></pt><pt><x>711</x><y>769</y><time>16-05-21 18:37:15:727</time></pt><pt><x>670</x><y>763</y><time>16-05-21 18:37:15:997</time></pt><pt><x>636</x><y>751</y><time>16-05-21 18:37:16:249</time></pt><pt><x>607</x><y>740</y><time>16-05-21 18:37:16:505</time></pt><closed_date>16-05-21 18:37:16:929</closed_date></polygon></object><object><name>restoration</name><deleted>0</deleted><verified>0</verified><occluded>no</occluded><attributes /><parts><hasparts /><ispartof>1</ispartof></parts><date>16-05-21 18:38:03:871</date><id>12</id><polygon><username>anonymous</username><pt><x>1532</x><y>1162</y><time>16-05-21 18:37:40:067</time></pt><pt><x>1578</x><y>1243</y><time>16-05-21 18:37:40:708</time></pt><pt><x>1665</x><y>1243</y><time>16-05-21 18:37:41:122</time></pt><pt><x>1734</x><y>1243</y><time>16-05-21 18:37:41:442</time></pt><pt><x>1780</x><y>1248</y><time>16-05-21 18:37:41:719</time></pt><pt><x>1821</x><y>1266</y><time>16-05-21 18:37:42:014</time></pt><pt><x>1884</x><y>1266</y><time>16-05-21 18:37:42:289</time></pt><pt><x>1959</x><y>1214</y><time>16-05-21 18:37:42:558</time></pt><pt><x>1977</x><y>1185</y><time>16-05-21 18:37:42:825</time></pt><pt><x>2023</x><y>1150</y><time>16-05-21 18:37:43:322</time></pt><pt><x>2063</x><y>1173</y><time>16-05-21 18:37:43:856</time></pt><pt><x>2115</x><y>1191</y><time>16-05-21 18:37:44:137</time></pt><pt><x>2133</x><y>1208</y><time>16-05-21 18:37:44:352</time></pt><pt><x>2179</x><y>1208</y><time>16-05-21 18:37:48:961</time></pt><pt><x>2191</x><y>1248</y><time>16-05-21 18:37:49:392</time></pt><pt><x>2208</x><y>1260</y><time>16-05-21 18:37:49:664</time></pt><pt><x>2254</x><y>1272</y><time>16-05-21 18:37:49:906</time></pt><pt><x>2306</x><y>1272</y><time>16-05-21 18:37:50:136</time></pt><pt><x>2352</x><y>1272</y><time>16-05-21 18:37:50:313</time></pt><pt><x>2404</x><y>1260</y><time>16-05-21 18:37:50:541</time></pt><pt><x>2433</x><y>1237</y><time>16-05-21 18:37:50:829</time></pt><pt><x>2474</x><y>1185</y><time>16-05-21 18:37:51:105</time></pt><pt><x>2480</x><y>1156</y><time>16-05-21 18:37:51:349</time></pt><pt><x>2480</x><y>1121</y><time>16-05-21 18:37:51:569</time></pt><pt><x>2468</x><y>1075</y><time>16-05-21 18:37:51:814</time></pt><pt><x>2451</x><y>1029</y><time>16-05-21 18:37:52:087</time></pt><pt><x>2451</x><y>994</y><time>16-05-21 18:37:52:513</time></pt><pt><x>2410</x><y>977</y><time>16-05-21 18:37:52:881</time></pt><pt><x>2381</x><y>971</y><time>16-05-21 18:37:53:217</time></pt><pt><x>2335</x><y>994</y><time>16-05-21 18:37:53:520</time></pt><pt><x>2335</x><y>994</y><time>16-05-21 18:37:53:813</time></pt><pt><x>2260</x><y>994</y><time>16-05-21 18:37:54:241</time></pt><pt><x>2185</x><y>983</y><time>16-05-21 18:37:54:497</time></pt><pt><x>2121</x><y>983</y><time>16-05-21 18:37:54:768</time></pt><pt><x>2058</x><y>983</y><time>16-05-21 18:37:55:005</time></pt><pt><x>2006</x><y>1000</y><time>16-05-21 18:37:55:256</time></pt><pt><x>1965</x><y>1023</y><time>16-05-21 18:37:55:504</time></pt><pt><x>1942</x><y>1023</y><time>16-05-21 18:37:55:721</time></pt><pt><x>1925</x><y>1023</y><time>16-05-21 18:37:55:937</time></pt><pt><x>1890</x><y>1023</y><time>16-05-21 18:37:56:161</time></pt><pt><x>1855</x><y>1017</y><time>16-05-21 18:37:56:337</time></pt><pt><x>1786</x><y>1011</y><time>16-05-21 18:37:56:601</time></pt><pt><x>1763</x><y>1011</y><time>16-05-21 18:37:56:841</time></pt><pt><x>1717</x><y>1011</y><time>16-05-21 18:37:57:074</time></pt><pt><x>1682</x><y>1011</y><time>16-05-21 18:37:57:302</time></pt><pt><x>1647</x><y>1029</y><time>16-05-21 18:37:57:647</time></pt><pt><x>1607</x><y>1000</y><time>16-05-21 18:37:58:330</time></pt><pt><x>1566</x><y>1000</y><time>16-05-21 18:37:58:889</time></pt><pt><x>1549</x><y>1017</y><time>16-05-21 18:37:59:156</time></pt><pt><x>1520</x><y>1046</y><time>16-05-21 18:37:59:464</time></pt><pt><x>1509</x><y>1069</y><time>16-05-21 18:37:59:750</time></pt><closed_date>16-05-21 18:38:00:023</closed_date></polygon></object><imagesize><nrows /><ncols /></imagesize></annotation>