<?xml version='1.0' encoding='UTF-8'?>
<annotation><filename>imagem-023.jpg</filename><folder>segmentation_xray</folder><source><sourceImage>The MIT-CSAIL database of objects and scenes</sourceImage><sourceAnnotation>LabelMe Webtool</sourceAnnotation></source><object><name>tooth</name><deleted>0</deleted><verified>0</verified><occluded>no</occluded><attributes>17</attributes><parts><hasparts /><ispartof /></parts><date>31-05-21 10:56:31:374</date><id>0</id><type>bounding_box</type><polygon><username>anonymous</username><pt><x>357</x><y>1</y><time>31-05-21 10:56:10:333</time></pt><pt><x>1368</x><y>1</y><time>31-05-21 10:56:19:022</time></pt><pt><x>1368</x><y>780</y><time>undefined</time></pt><pt><x>357</x><y>780</y><time>undefined</time></pt><closed_date>31-05-21 10:56:19:022</closed_date></polygon></object><object><name>tooth</name><deleted>0</deleted><verified>0</verified><occluded>no</occluded><attributes>16</attributes><parts><hasparts>18,19,2,3,4</hasparts><ispartof /></parts><date>31-05-21 10:57:13:221</date><id>1</id><type>bounding_box</type><polygon><username>anonymous</username><pt><x>2281</x><y>0</y><time>31-05-21 10:56:45:069</time></pt><pt><x>1237</x><y>0</y><time>31-05-21 10:56:52:973</time></pt><pt><x>1237</x><y>1182</y><time>undefined</time></pt><pt><x>2281</x><y>1182</y><time>undefined</time></pt><closed_date>31-05-21 10:56:52:973</closed_date></polygon></object><object><name>restoration</name><deleted>1</deleted><verified>0</verified><occluded>no</occluded><attributes /><parts><hasparts /><ispartof>1</ispartof></parts><date>31-05-21 10:58:02:120</date><id>2</id><polygon><username>anonymous</username><pt><x>1346</x><y>973</y><time>31-05-21 10:57:28:222</time></pt><pt><x>1313</x><y>863</y><time>31-05-21 10:57:30:773</time></pt><pt><x>1319</x><y>780</y><time>31-05-21 10:57:31:902</time></pt><pt><x>1346</x><y>736</y><time>31-05-21 10:57:32:469</time></pt><pt><x>1385</x><y>709</y><time>31-05-21 10:57:32:925</time></pt><pt><x>1418</x><y>709</y><time>31-05-21 10:57:33:477</time></pt><pt><x>1467</x><y>681</y><time>31-05-21 10:57:33:909</time></pt><pt><x>1506</x><y>643</y><time>31-05-21 10:57:34:549</time></pt><pt><x>1550</x><y>637</y><time>31-05-21 10:57:35:085</time></pt><pt><x>1610</x><y>648</y><time>31-05-21 10:57:35:741</time></pt><pt><x>1638</x><y>687</y><time>31-05-21 10:57:36:309</time></pt><pt><x>1726</x><y>703</y><time>31-05-21 10:57:36:925</time></pt><pt><x>1819</x><y>725</y><time>31-05-21 10:57:37:421</time></pt><pt><x>1907</x><y>725</y><time>31-05-21 10:57:38:133</time></pt><pt><x>2006</x><y>775</y><time>31-05-21 10:57:38:565</time></pt><pt><x>2072</x><y>907</y><time>31-05-21 10:57:40:325</time></pt><pt><x>2077</x><y>1011</y><time>31-05-21 10:57:41:389</time></pt><pt><x>2077</x><y>1066</y><time>31-05-21 10:57:41:998</time></pt><pt><x>2050</x><y>1099</y><time>31-05-21 10:57:42:813</time></pt><pt><x>1984</x><y>1121</y><time>31-05-21 10:57:43:461</time></pt><pt><x>1951</x><y>1127</y><time>31-05-21 10:57:43:861</time></pt><pt><x>1907</x><y>1127</y><time>31-05-21 10:57:44:245</time></pt><pt><x>1836</x><y>1138</y><time>31-05-21 10:57:44:958</time></pt><pt><x>1786</x><y>1132</y><time>31-05-21 10:57:45:573</time></pt><pt><x>1731</x><y>1116</y><time>31-05-21 10:57:45:965</time></pt><pt><x>1715</x><y>1110</y><time>31-05-21 10:57:46:253</time></pt><pt><x>1665</x><y>1105</y><time>31-05-21 10:57:48:653</time></pt><pt><x>1610</x><y>1094</y><time>31-05-21 10:57:49:670</time></pt><pt><x>1583</x><y>1055</y><time>31-05-21 10:57:50:253</time></pt><pt><x>1550</x><y>1028</y><time>31-05-21 10:57:50:741</time></pt><pt><x>1533</x><y>1017</y><time>31-05-21 10:57:51:085</time></pt><pt><x>1495</x><y>1017</y><time>31-05-21 10:57:51:877</time></pt><pt><x>1467</x><y>1017</y><time>31-05-21 10:57:52:318</time></pt><pt><x>1440</x><y>1017</y><time>31-05-21 10:57:52:749</time></pt><pt><x>1418</x><y>995</y><time>31-05-21 10:57:53:558</time></pt><pt><x>1401</x><y>984</y><time>31-05-21 10:57:54:013</time></pt><closed_date>31-05-21 10:57:54:645</closed_date></polygon></object><object><name>restoration</name><deleted>0</deleted><verified>0</verified><occluded>no</occluded><attributes /><parts><hasparts /><ispartof>1</ispartof></parts><date>31-05-21 11:00:11:105</date><id>3</id><polygon><username>anonymous</username><pt><x>1978</x><y>621</y><time>31-05-21 10:59:44:223</time></pt><pt><x>1923</x><y>539</y><time>31-05-21 10:59:45:598</time></pt><pt><x>1885</x><y>500</y><time>31-05-21 10:59:46:182</time></pt><pt><x>1852</x><y>467</y><time>31-05-21 10:59:46:783</time></pt><pt><x>1819</x><y>445</y><time>31-05-21 10:59:47:191</time></pt><pt><x>1797</x><y>429</y><time>31-05-21 10:59:47:599</time></pt><pt><x>1753</x><y>412</y><time>31-05-21 10:59:48:135</time></pt><pt><x>1731</x><y>396</y><time>31-05-21 10:59:48:535</time></pt><pt><x>1687</x><y>396</y><time>31-05-21 10:59:48:990</time></pt><pt><x>1649</x><y>407</y><time>31-05-21 10:59:49:350</time></pt><pt><x>1621</x><y>412</y><time>31-05-21 10:59:49:734</time></pt><pt><x>1588</x><y>423</y><time>31-05-21 10:59:50:173</time></pt><pt><x>1561</x><y>429</y><time>31-05-21 10:59:51:365</time></pt><pt><x>1555</x><y>324</y><time>31-05-21 10:59:53:087</time></pt><pt><x>1555</x><y>286</y><time>31-05-21 10:59:53:735</time></pt><pt><x>1561</x><y>247</y><time>31-05-21 10:59:54:182</time></pt><pt><x>1594</x><y>209</y><time>31-05-21 10:59:54:831</time></pt><pt><x>1621</x><y>198</y><time>31-05-21 10:59:55:245</time></pt><pt><x>1814</x><y>236</y><time>31-05-21 10:59:56:677</time></pt><pt><x>1896</x><y>286</y><time>31-05-21 10:59:57:654</time></pt><pt><x>1995</x><y>330</y><time>31-05-21 10:59:58:445</time></pt><pt><x>2050</x><y>407</y><time>31-05-21 10:59:59:093</time></pt><pt><x>2072</x><y>506</y><time>31-05-21 11:00:00:519</time></pt><pt><x>2055</x><y>555</y><time>31-05-21 11:00:00:982</time></pt><pt><x>2039</x><y>588</y><time>31-05-21 11:00:01:358</time></pt><closed_date>31-05-21 11:00:01:805</closed_date></polygon></object><object><name>root canal treatment</name><deleted>1</deleted><verified>0</verified><occluded>no</occluded><attributes /><parts><hasparts /><ispartof>1</ispartof></parts><date>31-05-21 11:00:44:976</date><id>4</id><polygon><username>anonymous</username><pt><x>1852</x><y>242</y><time>31-05-21 11:00:20:517</time></pt><pt><x>1836</x><y>165</y><time>31-05-21 11:00:21:261</time></pt><pt><x>1830</x><y>110</y><time>31-05-21 11:00:22:062</time></pt><pt><x>1830</x><y>77</y><time>31-05-21 11:00:22:814</time></pt><pt><x>1830</x><y>33</y><time>31-05-21 11:00:23:230</time></pt><pt><x>1830</x><y>5</y><time>31-05-21 11:00:24:006</time></pt><pt><x>1759</x><y>5</y><time>31-05-21 11:00:24:741</time></pt><pt><x>1737</x><y>5</y><time>31-05-21 11:00:25:165</time></pt><pt><x>1715</x><y>5</y><time>31-05-21 11:00:25:550</time></pt><pt><x>1704</x><y>55</y><time>31-05-21 11:00:26:190</time></pt><pt><x>1698</x><y>99</y><time>31-05-21 11:00:26:542</time></pt><pt><x>1698</x><y>126</y><time>31-05-21 11:00:26:862</time></pt><pt><x>1693</x><y>159</y><time>31-05-21 11:00:27:206</time></pt><pt><x>1693</x><y>181</y><time>31-05-21 11:00:27:509</time></pt><pt><x>1693</x><y>220</y><time>31-05-21 11:00:27:854</time></pt><pt><x>1676</x><y>247</y><time>31-05-21 11:00:28:630</time></pt><pt><x>1726</x><y>264</y><time>31-05-21 11:00:29:006</time></pt><pt><x>1896</x><y>324</y><time>31-05-21 11:00:29:918</time></pt><pt><x>1967</x><y>324</y><time>31-05-21 11:00:30:325</time></pt><pt><x>2011</x><y>335</y><time>31-05-21 11:00:31:199</time></pt><pt><x>2028</x><y>335</y><time>31-05-21 11:00:31:518</time></pt><pt><x>2033</x><y>275</y><time>31-05-21 11:00:31:830</time></pt><pt><x>2061</x><y>187</y><time>31-05-21 11:00:32:606</time></pt><pt><x>2072</x><y>154</y><time>31-05-21 11:00:32:918</time></pt><pt><x>2083</x><y>121</y><time>31-05-21 11:00:33:238</time></pt><pt><x>2099</x><y>66</y><time>31-05-21 11:00:33:702</time></pt><pt><x>2099</x><y>33</y><time>31-05-21 11:00:34:167</time></pt><pt><x>2099</x><y>0</y><time>31-05-21 11:00:34:735</time></pt><pt><x>2017</x><y>5</y><time>31-05-21 11:00:35:526</time></pt><pt><x>2011</x><y>16</y><time>31-05-21 11:00:35:942</time></pt><pt><x>1973</x><y>110</y><time>31-05-21 11:00:36:390</time></pt><pt><x>1967</x><y>159</y><time>31-05-21 11:00:37:038</time></pt><pt><x>1956</x><y>176</y><time>31-05-21 11:00:37:351</time></pt><pt><x>1929</x><y>203</y><time>31-05-21 11:00:37:646</time></pt><pt><x>1918</x><y>225</y><time>31-05-21 11:00:37:951</time></pt><closed_date>31-05-21 11:00:38:951</closed_date></polygon></object><object><name>tooth</name><deleted>0</deleted><verified>0</verified><occluded>no</occluded><attributes>47</attributes><parts><hasparts>6</hasparts><ispartof /></parts><date>31-05-21 11:01:25:225</date><id>5</id><type>bounding_box</type><polygon><username>anonymous</username><pt><x>1</x><y>2913</y><time>31-05-21 11:01:03:925</time></pt><pt><x>1808</x><y>2913</y><time>31-05-21 11:01:14:511</time></pt><pt><x>1808</x><y>1099</y><time>undefined</time></pt><pt><x>1</x><y>1099</y><time>undefined</time></pt><closed_date>31-05-21 11:01:14:511</closed_date></polygon></object><object><name>restoration</name><deleted>0</deleted><verified>0</verified><occluded>no</occluded><attributes /><parts><hasparts /><ispartof>5</ispartof></parts><date>31-05-21 11:02:41:237</date><id>6</id><polygon><username>anonymous</username><pt><x>830</x><y>1363</y><time>31-05-21 11:02:03:919</time></pt><pt><x>868</x><y>1506</y><time>31-05-21 11:02:05:350</time></pt><pt><x>934</x><y>1539</y><time>31-05-21 11:02:05:742</time></pt><pt><x>967</x><y>1561</y><time>31-05-21 11:02:06:054</time></pt><pt><x>1006</x><y>1566</y><time>31-05-21 11:02:06:382</time></pt><pt><x>1050</x><y>1572</y><time>31-05-21 11:02:06:837</time></pt><pt><x>1116</x><y>1588</y><time>31-05-21 11:02:07:463</time></pt><pt><x>1176</x><y>1627</y><time>31-05-21 11:02:07:942</time></pt><pt><x>1220</x><y>1665</y><time>31-05-21 11:02:08:518</time></pt><pt><x>1259</x><y>1676</y><time>31-05-21 11:02:08:893</time></pt><pt><x>1297</x><y>1676</y><time>31-05-21 11:02:09:838</time></pt><pt><x>1319</x><y>1671</y><time>31-05-21 11:02:10:221</time></pt><pt><x>1324</x><y>1643</y><time>31-05-21 11:02:10:549</time></pt><pt><x>1346</x><y>1643</y><time>31-05-21 11:02:10:990</time></pt><pt><x>1390</x><y>1638</y><time>31-05-21 11:02:11:278</time></pt><pt><x>1396</x><y>1638</y><time>31-05-21 11:02:11:598</time></pt><pt><x>1467</x><y>1671</y><time>31-05-21 11:02:13:054</time></pt><pt><x>1522</x><y>1665</y><time>31-05-21 11:02:13:405</time></pt><pt><x>1566</x><y>1693</y><time>31-05-21 11:02:13:879</time></pt><pt><x>1610</x><y>1693</y><time>31-05-21 11:02:14:518</time></pt><pt><x>1632</x><y>1687</y><time>31-05-21 11:02:14:861</time></pt><pt><x>1676</x><y>1665</y><time>31-05-21 11:02:16:389</time></pt><pt><x>1687</x><y>1649</y><time>31-05-21 11:02:16:806</time></pt><pt><x>1654</x><y>1605</y><time>31-05-21 11:02:17:622</time></pt><pt><x>1627</x><y>1566</y><time>31-05-21 11:02:18:221</time></pt><pt><x>1610</x><y>1550</y><time>31-05-21 11:02:18:526</time></pt><pt><x>1583</x><y>1550</y><time>31-05-21 11:02:19:014</time></pt><pt><x>1550</x><y>1522</y><time>31-05-21 11:02:19:573</time></pt><pt><x>1544</x><y>1506</y><time>31-05-21 11:02:20:102</time></pt><pt><x>1522</x><y>1484</y><time>31-05-21 11:02:20:614</time></pt><pt><x>1500</x><y>1484</y><time>31-05-21 11:02:20:957</time></pt><pt><x>1456</x><y>1467</y><time>31-05-21 11:02:21:406</time></pt><pt><x>1423</x><y>1445</y><time>31-05-21 11:02:21:926</time></pt><pt><x>1396</x><y>1407</y><time>31-05-21 11:02:22:390</time></pt><pt><x>1385</x><y>1368</y><time>31-05-21 11:02:22:990</time></pt><pt><x>1335</x><y>1313</y><time>31-05-21 11:02:24:214</time></pt><pt><x>1280</x><y>1269</y><time>31-05-21 11:02:25:141</time></pt><pt><x>1209</x><y>1237</y><time>31-05-21 11:02:26:086</time></pt><pt><x>1154</x><y>1215</y><time>31-05-21 11:02:27:214</time></pt><pt><x>1116</x><y>1193</y><time>31-05-21 11:02:27:687</time></pt><pt><x>1088</x><y>1193</y><time>31-05-21 11:02:28:014</time></pt><pt><x>1050</x><y>1187</y><time>31-05-21 11:02:28:542</time></pt><pt><x>1022</x><y>1187</y><time>31-05-21 11:02:29:158</time></pt><pt><x>984</x><y>1220</y><time>31-05-21 11:02:30:054</time></pt><pt><x>874</x><y>1280</y><time>31-05-21 11:02:30:550</time></pt><pt><x>868</x><y>1313</y><time>31-05-21 11:02:31:118</time></pt><closed_date>31-05-21 11:02:31:814</closed_date></polygon></object><object><name>tooth</name><deleted>0</deleted><verified>0</verified><occluded>no</occluded><attributes>45</attributes><parts><hasparts /><ispartof /></parts><date>31-05-21 11:03:17:798</date><id>7</id><type>bounding_box</type><polygon><username>anonymous</username><pt><x>2077</x><y>1577</y><time>31-05-21 11:02:58:717</time></pt><pt><x>3067</x><y>1577</y><time>31-05-21 11:03:03:152</time></pt><pt><x>3067</x><y>3171</y><time>undefined</time></pt><pt><x>2077</x><y>3171</y><time>undefined</time></pt><closed_date>31-05-21 11:03:03:152</closed_date></polygon></object><object><name>tooth</name><deleted>0</deleted><verified>0</verified><occluded>no</occluded><attributes>44</attributes><parts><hasparts /><ispartof /></parts><date>31-05-21 11:04:05:169</date><id>8</id><type>bounding_box</type><polygon><username>anonymous</username><pt><x>3759</x><y>1616</y><time>31-05-21 11:03:51:686</time></pt><pt><x>2891</x><y>1616</y><time>31-05-21 11:03:59:206</time></pt><pt><x>2891</x><y>3149</y><time>undefined</time></pt><pt><x>3759</x><y>3149</y><time>undefined</time></pt><closed_date>31-05-21 11:03:59:206</closed_date></polygon></object><object><name>tooth</name><deleted>0</deleted><verified>0</verified><occluded>no</occluded><attributes>43</attributes><parts><hasparts /><ispartof /></parts><date>31-05-21 11:04:18:041</date><id>9</id><type>bounding_box</type><polygon><username>anonymous</username><pt><x>4067</x><y>1610</y><time>31-05-21 11:04:07:907</time></pt><pt><x>3435</x><y>1610</y><time>31-05-21 11:04:12:278</time></pt><pt><x>3435</x><y>3138</y><time>undefined</time></pt><pt><x>4067</x><y>3138</y><time>undefined</time></pt><closed_date>31-05-21 11:04:12:278</closed_date></polygon></object><object><name>tooth</name><deleted>0</deleted><verified>0</verified><occluded>no</occluded><attributes>13</attributes><parts><hasparts>15</hasparts><ispartof /></parts><date>31-05-21 11:04:40:846</date><id>10</id><type>bounding_box</type><polygon><username>anonymous</username><pt><x>3605</x><y>1379</y><time>31-05-21 11:04:23:620</time></pt><pt><x>4072</x><y>1379</y><time>31-05-21 11:04:30:830</time></pt><pt><x>4072</x><y>60</y><time>undefined</time></pt><pt><x>3605</x><y>60</y><time>undefined</time></pt><closed_date>31-05-21 11:04:30:831</closed_date></polygon></object><object><name>tooth</name><deleted>0</deleted><verified>0</verified><occluded>no</occluded><attributes>14</attributes><parts><hasparts>14,16,17</hasparts><ispartof /></parts><date>31-05-21 11:05:03:073</date><id>11</id><type>bounding_box</type><polygon><username>anonymous</username><pt><x>2874</x><y>1324</y><time>31-05-21 11:04:50:287</time></pt><pt><x>3600</x><y>1324</y><time>31-05-21 11:04:57:070</time></pt><pt><x>3600</x><y>5</y><time>undefined</time></pt><pt><x>2874</x><y>5</y><time>undefined</time></pt><closed_date>31-05-21 11:04:57:071</closed_date></polygon></object><imagesize><nrows /><ncols /></imagesize><object><name>tooth</name><deleted>0</deleted><verified>0</verified><occluded>no</occluded><attributes>15</attributes><parts><hasparts>13</hasparts><ispartof /></parts><date>31-05-21 11:18:47:585</date><id>12</id><type>bounding_box</type><polygon><username>anonymous</username><pt><x>2182</x><y>1193</y><time>31-05-21 11:18:33:885</time></pt><pt><x>2924</x><y>1193</y><time>31-05-21 11:18:37:871</time></pt><pt><x>2924</x><y>5</y><time>undefined</time></pt><pt><x>2182</x><y>5</y><time>undefined</time></pt><closed_date>31-05-21 11:18:37:872</closed_date></polygon></object><object><name>restoration</name><deleted>0</deleted><verified>0</verified><occluded>no</occluded><attributes /><parts><hasparts /><ispartof>12</ispartof></parts><date>31-05-21 11:19:29:648</date><id>13</id><polygon><username>anonymous</username><pt><x>2413</x><y>984</y><time>31-05-21 11:19:11:829</time></pt><pt><x>2424</x><y>907</y><time>31-05-21 11:19:12:824</time></pt><pt><x>2462</x><y>896</y><time>31-05-21 11:19:13:423</time></pt><pt><x>2501</x><y>874</y><time>31-05-21 11:19:14:327</time></pt><pt><x>2534</x><y>852</y><time>31-05-21 11:19:14:783</time></pt><pt><x>2588</x><y>863</y><time>31-05-21 11:19:15:279</time></pt><pt><x>2627</x><y>874</y><time>31-05-21 11:19:15:894</time></pt><pt><x>2649</x><y>896</y><time>31-05-21 11:19:16:431</time></pt><pt><x>2665</x><y>918</y><time>31-05-21 11:19:16:982</time></pt><pt><x>2687</x><y>945</y><time>31-05-21 11:19:17:478</time></pt><pt><x>2709</x><y>984</y><time>31-05-21 11:19:18:046</time></pt><pt><x>2709</x><y>1017</y><time>31-05-21 11:19:18:719</time></pt><pt><x>2693</x><y>1044</y><time>31-05-21 11:19:19:342</time></pt><pt><x>2654</x><y>1055</y><time>31-05-21 11:19:19:919</time></pt><pt><x>2616</x><y>1066</y><time>31-05-21 11:19:20:590</time></pt><pt><x>2583</x><y>1072</y><time>31-05-21 11:19:21:150</time></pt><pt><x>2561</x><y>1044</y><time>31-05-21 11:19:21:719</time></pt><pt><x>2506</x><y>1017</y><time>31-05-21 11:19:22:653</time></pt><pt><x>2462</x><y>1006</y><time>31-05-21 11:19:23:199</time></pt><closed_date>31-05-21 11:19:23:943</closed_date></polygon></object><object><name>restoration</name><deleted>0</deleted><verified>0</verified><occluded>no</occluded><attributes /><parts><hasparts /><ispartof>11</ispartof></parts><date>31-05-21 11:19:59:401</date><id>14</id><polygon><username>anonymous</username><pt><x>2957</x><y>956</y><time>31-05-21 11:19:37:477</time></pt><pt><x>2957</x><y>874</y><time>31-05-21 11:19:38:183</time></pt><pt><x>2984</x><y>835</y><time>31-05-21 11:19:38:646</time></pt><pt><x>3056</x><y>791</y><time>31-05-21 11:19:39:094</time></pt><pt><x>3149</x><y>758</y><time>31-05-21 11:19:40:182</time></pt><pt><x>3187</x><y>687</y><time>31-05-21 11:19:41:029</time></pt><pt><x>3253</x><y>681</y><time>31-05-21 11:19:41:885</time></pt><pt><x>3303</x><y>681</y><time>31-05-21 11:19:42:519</time></pt><pt><x>3413</x><y>720</y><time>31-05-21 11:19:43:287</time></pt><pt><x>3462</x><y>764</y><time>31-05-21 11:19:43:871</time></pt><pt><x>3534</x><y>808</y><time>31-05-21 11:19:44:832</time></pt><pt><x>3567</x><y>813</y><time>31-05-21 11:19:45:319</time></pt><pt><x>3572</x><y>973</y><time>31-05-21 11:19:46:982</time></pt><pt><x>3589</x><y>1039</y><time>31-05-21 11:19:47:639</time></pt><pt><x>3534</x><y>1094</y><time>31-05-21 11:19:48:343</time></pt><pt><x>3462</x><y>1138</y><time>31-05-21 11:19:48:935</time></pt><pt><x>3440</x><y>1187</y><time>31-05-21 11:19:49:542</time></pt><pt><x>3385</x><y>1204</y><time>31-05-21 11:19:49:974</time></pt><pt><x>3341</x><y>1209</y><time>31-05-21 11:19:50:350</time></pt><pt><x>3270</x><y>1198</y><time>31-05-21 11:19:50:991</time></pt><pt><x>3215</x><y>1171</y><time>31-05-21 11:19:51:406</time></pt><pt><x>3155</x><y>1127</y><time>31-05-21 11:19:51:766</time></pt><pt><x>3127</x><y>1110</y><time>31-05-21 11:19:52:245</time></pt><pt><x>3094</x><y>1083</y><time>31-05-21 11:19:52:678</time></pt><pt><x>3050</x><y>1039</y><time>31-05-21 11:19:53:014</time></pt><pt><x>3039</x><y>1028</y><time>31-05-21 11:19:53:318</time></pt><closed_date>31-05-21 11:19:53:943</closed_date></polygon></object><object><name>restoration</name><deleted>0</deleted><verified>0</verified><occluded>no</occluded><attributes /><parts><hasparts /><ispartof>10</ispartof></parts><date>31-05-21 11:20:19:945</date><id>15</id><polygon><username>anonymous</username><pt><x>3726</x><y>1204</y><time>31-05-21 11:20:06:080</time></pt><pt><x>3776</x><y>1143</y><time>31-05-21 11:20:06:766</time></pt><pt><x>3803</x><y>1083</y><time>31-05-21 11:20:07:302</time></pt><pt><x>3803</x><y>1028</y><time>31-05-21 11:20:07:870</time></pt><pt><x>3787</x><y>967</y><time>31-05-21 11:20:08:423</time></pt><pt><x>3787</x><y>934</y><time>31-05-21 11:20:09:077</time></pt><pt><x>3726</x><y>890</y><time>31-05-21 11:20:09:821</time></pt><pt><x>3699</x><y>868</y><time>31-05-21 11:20:10:413</time></pt><pt><x>3633</x><y>857</y><time>31-05-21 11:20:11:046</time></pt><pt><x>3622</x><y>929</y><time>31-05-21 11:20:12:015</time></pt><pt><x>3627</x><y>1011</y><time>31-05-21 11:20:12:767</time></pt><pt><x>3627</x><y>1094</y><time>31-05-21 11:20:13:503</time></pt><pt><x>3627</x><y>1138</y><time>31-05-21 11:20:14:054</time></pt><pt><x>3660</x><y>1187</y><time>31-05-21 11:20:14:461</time></pt><closed_date>31-05-21 11:20:15:006</closed_date></polygon></object><object><name>root canal treatment</name><deleted>1</deleted><verified>0</verified><occluded>no</occluded><attributes /><parts><hasparts /><ispartof>11</ispartof></parts><date>31-05-21 11:21:29:114</date><id>16</id><polygon><username>anonymous</username><pt><x>3231</x><y>500</y><time>31-05-21 11:20:36:148</time></pt><pt><x>3215</x><y>352</y><time>31-05-21 11:20:38:040</time></pt><pt><x>3215</x><y>231</y><time>31-05-21 11:20:39:525</time></pt><pt><x>3209</x><y>165</y><time>31-05-21 11:20:40:599</time></pt><pt><x>3204</x><y>99</y><time>31-05-21 11:20:41:414</time></pt><pt><x>3204</x><y>55</y><time>31-05-21 11:20:42:326</time></pt><pt><x>3204</x><y>27</y><time>31-05-21 11:20:43:557</time></pt><pt><x>3198</x><y>0</y><time>31-05-21 11:20:45:709</time></pt><pt><x>3160</x><y>11</y><time>31-05-21 11:20:49:256</time></pt><pt><x>3149</x><y>154</y><time>31-05-21 11:20:51:086</time></pt><pt><x>3160</x><y>297</y><time>31-05-21 11:20:52:054</time></pt><pt><x>3171</x><y>407</y><time>31-05-21 11:20:53:446</time></pt><pt><x>3171</x><y>484</y><time>31-05-21 11:20:54:214</time></pt><pt><x>3160</x><y>583</y><time>31-05-21 11:20:55:431</time></pt><pt><x>3160</x><y>648</y><time>31-05-21 11:20:56:493</time></pt><pt><x>3171</x><y>676</y><time>31-05-21 11:20:57:381</time></pt><pt><x>3198</x><y>670</y><time>31-05-21 11:20:58:037</time></pt><pt><x>3237</x><y>648</y><time>31-05-21 11:20:58:685</time></pt><pt><x>3264</x><y>654</y><time>31-05-21 11:20:59:383</time></pt><pt><x>3303</x><y>659</y><time>31-05-21 11:20:59:846</time></pt><pt><x>3330</x><y>648</y><time>31-05-21 11:21:00:454</time></pt><pt><x>3330</x><y>566</y><time>31-05-21 11:21:01:414</time></pt><pt><x>3314</x><y>478</y><time>31-05-21 11:21:02:566</time></pt><pt><x>3297</x><y>352</y><time>31-05-21 11:21:04:918</time></pt><pt><x>3281</x><y>231</y><time>31-05-21 11:21:06:447</time></pt><pt><x>3275</x><y>77</y><time>31-05-21 11:21:07:750</time></pt><pt><x>3264</x><y>16</y><time>31-05-21 11:21:09:013</time></pt><pt><x>3253</x><y>0</y><time>31-05-21 11:21:10:007</time></pt><pt><x>3226</x><y>5</y><time>31-05-21 11:21:13:142</time></pt><pt><x>3226</x><y>132</y><time>31-05-21 11:21:15:014</time></pt><pt><x>3242</x><y>308</y><time>31-05-21 11:21:16:646</time></pt><pt><x>3248</x><y>385</y><time>31-05-21 11:21:17:847</time></pt><pt><x>3248</x><y>429</y><time>31-05-21 11:21:18:525</time></pt><closed_date>31-05-21 11:21:19:125</closed_date></polygon></object><object><name>root canal treatment</name><deleted>0</deleted><verified>0</verified><occluded>no</occluded><attributes /><parts><hasparts /><ispartof>11</ispartof></parts><date>31-05-21 11:22:54:189</date><id>17</id><polygon><username>anonymous</username><pt><x>3231</x><y>500</y><time>31-05-21 11:22:15:024</time></pt><pt><x>3220</x><y>341</y><time>31-05-21 11:22:16:991</time></pt><pt><x>3215</x><y>258</y><time>31-05-21 11:22:18:135</time></pt><pt><x>3209</x><y>159</y><time>31-05-21 11:22:19:261</time></pt><pt><x>3204</x><y>99</y><time>31-05-21 11:22:19:863</time></pt><pt><x>3204</x><y>38</y><time>31-05-21 11:22:20:456</time></pt><pt><x>3198</x><y>16</y><time>31-05-21 11:22:20:912</time></pt><pt><x>3166</x><y>16</y><time>31-05-21 11:22:22:295</time></pt><pt><x>3160</x><y>60</y><time>31-05-21 11:22:23:247</time></pt><pt><x>3155</x><y>209</y><time>31-05-21 11:22:24:519</time></pt><pt><x>3166</x><y>324</y><time>31-05-21 11:22:25:815</time></pt><pt><x>3171</x><y>484</y><time>31-05-21 11:22:27:214</time></pt><pt><x>3182</x><y>594</y><time>31-05-21 11:22:28:463</time></pt><pt><x>3171</x><y>648</y><time>31-05-21 11:22:29:639</time></pt><pt><x>3171</x><y>676</y><time>31-05-21 11:22:30:487</time></pt><pt><x>3193</x><y>670</y><time>31-05-21 11:22:31:221</time></pt><pt><x>3226</x><y>659</y><time>31-05-21 11:22:31:863</time></pt><pt><x>3270</x><y>654</y><time>31-05-21 11:22:32:215</time></pt><pt><x>3297</x><y>654</y><time>31-05-21 11:22:32:535</time></pt><pt><x>3314</x><y>659</y><time>31-05-21 11:22:32:838</time></pt><pt><x>3330</x><y>659</y><time>31-05-21 11:22:33:158</time></pt><pt><x>3336</x><y>648</y><time>31-05-21 11:22:33:718</time></pt><pt><x>3314</x><y>462</y><time>31-05-21 11:22:35:198</time></pt><pt><x>3292</x><y>341</y><time>31-05-21 11:22:36:615</time></pt><pt><x>3281</x><y>187</y><time>31-05-21 11:22:38:384</time></pt><pt><x>3270</x><y>77</y><time>31-05-21 11:22:39:542</time></pt><pt><x>3270</x><y>22</y><time>31-05-21 11:22:40:182</time></pt><pt><x>3231</x><y>11</y><time>31-05-21 11:22:42:575</time></pt><pt><x>3220</x><y>33</y><time>31-05-21 11:22:43:927</time></pt><pt><x>3226</x><y>187</y><time>31-05-21 11:22:45:183</time></pt><pt><x>3237</x><y>363</y><time>31-05-21 11:22:46:927</time></pt><pt><x>3242</x><y>429</y><time>31-05-21 11:22:47:870</time></pt><closed_date>31-05-21 11:22:48:687</closed_date></polygon></object><object><name>root canal treatment</name><deleted>0</deleted><verified>0</verified><occluded>no</occluded><attributes /><parts><hasparts /><ispartof>1</ispartof></parts><date>31-05-21 11:53:18:081</date><id>18</id><polygon><username>anonymous</username><pt><x>1863</x><y>242</y><time>31-05-21 11:52:46:655</time></pt><pt><x>1836</x><y>203</y><time>31-05-21 11:52:48:327</time></pt><pt><x>1841</x><y>104</y><time>31-05-21 11:52:49:463</time></pt><pt><x>1830</x><y>44</y><time>31-05-21 11:52:50:879</time></pt><pt><x>1830</x><y>16</y><time>31-05-21 11:52:52:798</time></pt><pt><x>1709</x><y>5</y><time>31-05-21 11:52:54:992</time></pt><pt><x>1671</x><y>203</y><time>31-05-21 11:52:56:783</time></pt><pt><x>1698</x><y>220</y><time>31-05-21 11:52:57:711</time></pt><pt><x>2028</x><y>363</y><time>31-05-21 11:53:01:343</time></pt><pt><x>2039</x><y>275</y><time>31-05-21 11:53:02:407</time></pt><pt><x>2055</x><y>176</y><time>31-05-21 11:53:03:182</time></pt><pt><x>2066</x><y>115</y><time>31-05-21 11:53:03:774</time></pt><pt><x>2094</x><y>55</y><time>31-05-21 11:53:04:503</time></pt><pt><x>2116</x><y>11</y><time>31-05-21 11:53:05:296</time></pt><pt><x>2000</x><y>11</y><time>31-05-21 11:53:08:729</time></pt><pt><x>1984</x><y>55</y><time>31-05-21 11:53:09:502</time></pt><pt><x>1978</x><y>110</y><time>31-05-21 11:53:10:111</time></pt><pt><x>1962</x><y>170</y><time>31-05-21 11:53:10:798</time></pt><pt><x>1945</x><y>198</y><time>31-05-21 11:53:11:254</time></pt><pt><x>1918</x><y>220</y><time>31-05-21 11:53:11:727</time></pt><pt><x>1902</x><y>220</y><time>31-05-21 11:53:12:182</time></pt><closed_date>31-05-21 11:53:12:804</closed_date></polygon></object><object><name>restoration</name><deleted>0</deleted><verified>0</verified><occluded>no</occluded><attributes /><parts><hasparts /><ispartof>1</ispartof></parts><date>31-05-21 11:54:10:215</date><id>19</id><polygon><username>anonymous</username><pt><x>1830</x><y>1138</y><time>31-05-21 11:53:35:553</time></pt><pt><x>1726</x><y>1116</y><time>31-05-21 11:53:37:127</time></pt><pt><x>1643</x><y>1083</y><time>31-05-21 11:53:38:279</time></pt><pt><x>1588</x><y>1077</y><time>31-05-21 11:53:40:295</time></pt><pt><x>1528</x><y>1039</y><time>31-05-21 11:53:40:982</time></pt><pt><x>1451</x><y>1017</y><time>31-05-21 11:53:42:526</time></pt><pt><x>1368</x><y>984</y><time>31-05-21 11:53:44:320</time></pt><pt><x>1330</x><y>934</y><time>31-05-21 11:53:45:415</time></pt><pt><x>1330</x><y>890</y><time>31-05-21 11:53:46:039</time></pt><pt><x>1302</x><y>852</y><time>31-05-21 11:53:46:823</time></pt><pt><x>1324</x><y>780</y><time>31-05-21 11:53:47:792</time></pt><pt><x>1374</x><y>753</y><time>31-05-21 11:53:48:326</time></pt><pt><x>1407</x><y>714</y><time>31-05-21 11:53:49:223</time></pt><pt><x>1451</x><y>703</y><time>31-05-21 11:53:49:719</time></pt><pt><x>1500</x><y>648</y><time>31-05-21 11:53:50:823</time></pt><pt><x>1511</x><y>599</y><time>31-05-21 11:53:51:502</time></pt><pt><x>1533</x><y>539</y><time>31-05-21 11:53:52:127</time></pt><pt><x>1577</x><y>467</y><time>31-05-21 11:53:52:966</time></pt><pt><x>1621</x><y>429</y><time>31-05-21 11:53:54:038</time></pt><pt><x>1676</x><y>401</y><time>31-05-21 11:53:55:512</time></pt><pt><x>1737</x><y>418</y><time>31-05-21 11:53:55:967</time></pt><pt><x>1825</x><y>456</y><time>31-05-21 11:53:56:935</time></pt><pt><x>1918</x><y>555</y><time>31-05-21 11:53:58:103</time></pt><pt><x>1962</x><y>588</y><time>31-05-21 11:53:58:576</time></pt><pt><x>1995</x><y>616</y><time>31-05-21 11:53:59:120</time></pt><pt><x>2033</x><y>627</y><time>31-05-21 11:53:59:777</time></pt><pt><x>2028</x><y>676</y><time>31-05-21 11:54:00:168</time></pt><pt><x>2028</x><y>731</y><time>31-05-21 11:54:00:696</time></pt><pt><x>2028</x><y>808</y><time>31-05-21 11:54:01:231</time></pt><pt><x>2066</x><y>890</y><time>31-05-21 11:54:01:823</time></pt><pt><x>2066</x><y>945</y><time>31-05-21 11:54:02:327</time></pt><pt><x>2066</x><y>989</y><time>31-05-21 11:54:02:752</time></pt><pt><x>2072</x><y>1066</y><time>31-05-21 11:54:03:200</time></pt><pt><x>2028</x><y>1099</y><time>31-05-21 11:54:03:768</time></pt><pt><x>1984</x><y>1110</y><time>31-05-21 11:54:04:240</time></pt><pt><x>1923</x><y>1121</y><time>31-05-21 11:54:04:640</time></pt><closed_date>31-05-21 11:54:05:160</closed_date></polygon></object></annotation>