<?xml version='1.0' encoding='UTF-8'?>
<annotation><filename>imagem-009.jpg</filename><folder>segmentation_xray</folder><source><sourceImage>The MIT-CSAIL database of objects and scenes</sourceImage><sourceAnnotation>LabelMe Webtool</sourceAnnotation></source><object><name>tooth</name><deleted>0</deleted><verified>0</verified><occluded>no</occluded><attributes>13</attributes><parts><hasparts /><ispartof>1</ispartof></parts><date>11-05-21 11:00:19:214</date><id>0</id><type>bounding_box</type><polygon><username>anonymous</username><pt><x>3474</x><y>18</y><time>11-05-21 11:00:09:436</time></pt><pt><x>4084</x><y>18</y><time>11-05-21 11:00:13:517</time></pt><pt><x>4084</x><y>1330</y><time>undefined</time></pt><pt><x>3474</x><y>1330</y><time>undefined</time></pt><closed_date>11-05-21 11:00:13:517</closed_date></polygon></object><object><name>tooth</name><deleted>0</deleted><verified>0</verified><occluded>no</occluded><attributes>14</attributes><parts><hasparts /><ispartof /></parts><date>11-05-21 11:00:48:135</date><id>1</id><type>bounding_box</type><polygon><username>anonymous</username><pt><x>2604</x><y>7</y><time>11-05-21 11:00:37:334</time></pt><pt><x>3513</x><y>7</y><time>11-05-21 11:00:41:885</time></pt><pt><x>3513</x><y>1398</y><time>undefined</time></pt><pt><x>2604</x><y>1398</y><time>undefined</time></pt><closed_date>11-05-21 11:00:41:885</closed_date></polygon></object><object><name>tooth</name><deleted>0</deleted><verified>0</verified><occluded>no</occluded><attributes>15</attributes><parts><hasparts>3</hasparts><ispartof /></parts><date>11-05-21 11:01:20:782</date><id>2</id><type>bounding_box</type><polygon><username>anonymous</username><pt><x>1876</x><y>1338</y><time>11-05-21 11:01:07:580</time></pt><pt><x>2629</x><y>1338</y><time>11-05-21 11:01:14:582</time></pt><pt><x>2629</x><y>7</y><time>undefined</time></pt><pt><x>1876</x><y>7</y><time>undefined</time></pt><closed_date>11-05-21 11:01:14:582</closed_date></polygon></object><imagesize><nrows /><ncols /></imagesize><object><name>restoration</name><deleted>0</deleted><verified>0</verified><occluded>no</occluded><attributes /><parts><hasparts /><ispartof>2</ispartof></parts><date>18-05-21 21:47:44:725</date><id>3</id><polygon><username>anonymous</username><pt><x>1961</x><y>832</y><time>18-05-21 21:47:34:822</time></pt><pt><x>2007</x><y>902</y><time>18-05-21 21:47:35:528</time></pt><pt><x>2007</x><y>966</y><time>18-05-21 21:47:36:103</time></pt><pt><x>2007</x><y>1036</y><time>18-05-21 21:47:36:733</time></pt><pt><x>1932</x><y>1065</y><time>18-05-21 21:47:37:432</time></pt><pt><x>1891</x><y>1018</y><time>18-05-21 21:47:37:956</time></pt><pt><x>1891</x><y>943</y><time>18-05-21 21:47:38:513</time></pt><pt><x>1891</x><y>861</y><time>18-05-21 21:47:39:454</time></pt><closed_date>18-05-21 21:47:40:292</closed_date></polygon></object><object><name>tooth</name><deleted>0</deleted><verified>0</verified><occluded>no</occluded><attributes>16</attributes><parts><hasparts>5</hasparts><ispartof /></parts><date>18-05-21 21:48:09:058</date><id>4</id><type>bounding_box</type><polygon><username>anonymous</username><pt><x>634</x><y>17</y><time>18-05-21 21:47:53:454</time></pt><pt><x>1879</x><y>17</y><time>18-05-21 21:47:57:736</time></pt><pt><x>1879</x><y>1385</y><time>undefined</time></pt><pt><x>634</x><y>1385</y><time>undefined</time></pt><closed_date>18-05-21 21:47:57:736</closed_date></polygon></object><object><name>restoration</name><deleted>0</deleted><verified>0</verified><occluded>no</occluded><attributes /><parts><hasparts /><ispartof>4</ispartof></parts><date>18-05-21 21:48:32:539</date><id>5</id><polygon><username>anonymous</username><pt><x>948</x><y>1094</y><time>18-05-21 21:48:11:370</time></pt><pt><x>1018</x><y>1024</y><time>18-05-21 21:48:12:137</time></pt><pt><x>1094</x><y>1041</y><time>18-05-21 21:48:12:905</time></pt><pt><x>1135</x><y>1012</y><time>18-05-21 21:48:13:414</time></pt><pt><x>1210</x><y>989</y><time>18-05-21 21:48:13:923</time></pt><pt><x>1263</x><y>937</y><time>18-05-21 21:48:14:594</time></pt><pt><x>1321</x><y>896</y><time>18-05-21 21:48:15:330</time></pt><pt><x>1431</x><y>879</y><time>18-05-21 21:48:15:831</time></pt><pt><x>1507</x><y>879</y><time>18-05-21 21:48:16:330</time></pt><pt><x>1536</x><y>844</y><time>18-05-21 21:48:16:837</time></pt><pt><x>1559</x><y>762</y><time>18-05-21 21:48:17:414</time></pt><pt><x>1594</x><y>692</y><time>18-05-21 21:48:18:160</time></pt><pt><x>1629</x><y>605</y><time>18-05-21 21:48:18:684</time></pt><pt><x>1652</x><y>582</y><time>18-05-21 21:48:19:207</time></pt><pt><x>1682</x><y>576</y><time>18-05-21 21:48:19:926</time></pt><pt><x>1728</x><y>687</y><time>18-05-21 21:48:20:559</time></pt><pt><x>1780</x><y>809</y><time>18-05-21 21:48:21:084</time></pt><pt><x>1833</x><y>908</y><time>18-05-21 21:48:21:634</time></pt><pt><x>1868</x><y>1024</y><time>18-05-21 21:48:22:220</time></pt><pt><x>1844</x><y>1076</y><time>18-05-21 21:48:22:733</time></pt><pt><x>1716</x><y>1164</y><time>18-05-21 21:48:23:228</time></pt><pt><x>1647</x><y>1216</y><time>18-05-21 21:48:23:980</time></pt><pt><x>1548</x><y>1233</y><time>18-05-21 21:48:24:481</time></pt><pt><x>1443</x><y>1245</y><time>18-05-21 21:48:25:096</time></pt><pt><x>1367</x><y>1245</y><time>18-05-21 21:48:25:564</time></pt><pt><x>1280</x><y>1274</y><time>18-05-21 21:48:26:032</time></pt><pt><x>1245</x><y>1292</y><time>18-05-21 21:48:26:519</time></pt><pt><x>1158</x><y>1263</y><time>18-05-21 21:48:26:995</time></pt><pt><x>1094</x><y>1233</y><time>18-05-21 21:48:27:458</time></pt><pt><x>1059</x><y>1216</y><time>18-05-21 21:48:27:852</time></pt><pt><x>1001</x><y>1181</y><time>18-05-21 21:48:28:352</time></pt><pt><x>983</x><y>1158</y><time>18-05-21 21:48:28:734</time></pt><closed_date>18-05-21 21:48:29:213</closed_date></polygon></object><object><name>tooth</name><deleted>0</deleted><verified>0</verified><occluded>no</occluded><attributes>17</attributes><parts><hasparts /><ispartof /></parts><date>18-05-21 21:48:49:049</date><id>6</id><type>bounding_box</type><polygon><username>anonymous</username><pt><x>35</x><y>1361</y><time>18-05-21 21:48:39:664</time></pt><pt><x>826</x><y>1361</y><time>18-05-21 21:48:43:592</time></pt><pt><x>826</x><y>29</y><time>undefined</time></pt><pt><x>35</x><y>29</y><time>undefined</time></pt><closed_date>18-05-21 21:48:43:593</closed_date></polygon></object><object><name>tooth</name><deleted>0</deleted><verified>0</verified><occluded>no</occluded><attributes>47</attributes><parts><hasparts>8</hasparts><ispartof /></parts><date>18-05-21 21:49:07:827</date><id>7</id><type>bounding_box</type><polygon><username>anonymous</username><pt><x>29</x><y>1763</y><time>18-05-21 21:48:52:749</time></pt><pt><x>861</x><y>1763</y><time>18-05-21 21:48:56:577</time></pt><pt><x>861</x><y>3101</y><time>undefined</time></pt><pt><x>29</x><y>3101</y><time>undefined</time></pt><closed_date>18-05-21 21:48:56:577</closed_date></polygon></object><object><name>restoration</name><deleted>0</deleted><verified>0</verified><occluded>no</occluded><attributes /><parts><hasparts /><ispartof>7</ispartof></parts><date>18-05-21 21:49:25:242</date><id>8</id><polygon><username>anonymous</username><pt><x>541</x><y>1938</y><time>18-05-21 21:49:09:487</time></pt><pt><x>518</x><y>2013</y><time>18-05-21 21:49:10:537</time></pt><pt><x>506</x><y>2083</y><time>18-05-21 21:49:11:073</time></pt><pt><x>495</x><y>2118</y><time>18-05-21 21:49:11:549</time></pt><pt><x>454</x><y>2164</y><time>18-05-21 21:49:12:064</time></pt><pt><x>320</x><y>2170</y><time>18-05-21 21:49:12:622</time></pt><pt><x>192</x><y>2194</y><time>18-05-21 21:49:13:092</time></pt><pt><x>99</x><y>2182</y><time>18-05-21 21:49:13:764</time></pt><pt><x>52</x><y>2194</y><time>18-05-21 21:49:14:345</time></pt><pt><x>29</x><y>2066</y><time>18-05-21 21:49:15:724</time></pt><pt><x>23</x><y>1972</y><time>18-05-21 21:49:16:276</time></pt><pt><x>35</x><y>1897</y><time>18-05-21 21:49:16:792</time></pt><pt><x>81</x><y>1879</y><time>18-05-21 21:49:17:388</time></pt><pt><x>145</x><y>1868</y><time>18-05-21 21:49:17:948</time></pt><pt><x>233</x><y>1868</y><time>18-05-21 21:49:18:485</time></pt><pt><x>279</x><y>1885</y><time>18-05-21 21:49:18:966</time></pt><pt><x>314</x><y>1885</y><time>18-05-21 21:49:19:442</time></pt><pt><x>372</x><y>1897</y><time>18-05-21 21:49:20:180</time></pt><pt><x>419</x><y>1879</y><time>18-05-21 21:49:20:696</time></pt><pt><x>489</x><y>1879</y><time>18-05-21 21:49:21:183</time></pt><closed_date>18-05-21 21:49:21:594</closed_date></polygon></object><object><name>tooth</name><deleted>0</deleted><verified>0</verified><occluded>no</occluded><attributes>46</attributes><parts><hasparts>10,11</hasparts><ispartof /></parts><date>18-05-21 21:49:43:842</date><id>9</id><type>bounding_box</type><polygon><username>anonymous</username><pt><x>2002</x><y>1763</y><time>18-05-21 21:49:34:967</time></pt><pt><x>849</x><y>1763</y><time>18-05-21 21:49:38:482</time></pt><pt><x>849</x><y>3154</y><time>undefined</time></pt><pt><x>2002</x><y>3154</y><time>undefined</time></pt><closed_date>18-05-21 21:49:38:482</closed_date></polygon></object><object><name>restoration</name><deleted>0</deleted><verified>0</verified><occluded>no</occluded><attributes /><parts><hasparts /><ispartof>9</ispartof></parts><date>18-05-21 21:50:01:211</date><id>10</id><polygon><username>anonymous</username><pt><x>1088</x><y>1961</y><time>18-05-21 21:49:46:556</time></pt><pt><x>1007</x><y>2002</y><time>18-05-21 21:49:47:258</time></pt><pt><x>1036</x><y>2071</y><time>18-05-21 21:49:47:882</time></pt><pt><x>1076</x><y>2130</y><time>18-05-21 21:49:48:549</time></pt><pt><x>1135</x><y>2124</y><time>18-05-21 21:49:49:305</time></pt><pt><x>1204</x><y>2118</y><time>18-05-21 21:49:49:833</time></pt><pt><x>1286</x><y>2118</y><time>18-05-21 21:49:50:307</time></pt><pt><x>1361</x><y>2164</y><time>18-05-21 21:49:50:767</time></pt><pt><x>1402</x><y>2176</y><time>18-05-21 21:49:51:278</time></pt><pt><x>1472</x><y>2124</y><time>18-05-21 21:49:51:785</time></pt><pt><x>1519</x><y>2089</y><time>18-05-21 21:49:52:240</time></pt><pt><x>1542</x><y>2025</y><time>18-05-21 21:49:52:798</time></pt><pt><x>1489</x><y>2013</y><time>18-05-21 21:49:53:375</time></pt><pt><x>1408</x><y>2007</y><time>18-05-21 21:49:53:869</time></pt><pt><x>1338</x><y>1972</y><time>18-05-21 21:49:54:341</time></pt><pt><x>1286</x><y>1932</y><time>18-05-21 21:49:54:891</time></pt><pt><x>1233</x><y>1885</y><time>18-05-21 21:49:55:342</time></pt><pt><x>1175</x><y>1885</y><time>18-05-21 21:49:55:825</time></pt><pt><x>1146</x><y>1932</y><time>18-05-21 21:49:56:670</time></pt><pt><x>1129</x><y>1943</y><time>18-05-21 21:49:57:285</time></pt><closed_date>18-05-21 21:49:57:853</closed_date></polygon></object><object><name>restoration</name><deleted>0</deleted><verified>0</verified><occluded>no</occluded><attributes /><parts><hasparts /><ispartof>9</ispartof></parts><date>18-05-21 21:50:13:470</date><id>11</id><polygon><username>anonymous</username><pt><x>1647</x><y>1926</y><time>18-05-21 21:50:04:612</time></pt><pt><x>1728</x><y>1897</y><time>18-05-21 21:50:05:424</time></pt><pt><x>1775</x><y>1920</y><time>18-05-21 21:50:05:957</time></pt><pt><x>1821</x><y>1920</y><time>18-05-21 21:50:06:441</time></pt><pt><x>1844</x><y>1972</y><time>18-05-21 21:50:06:924</time></pt><pt><x>1815</x><y>2007</y><time>18-05-21 21:50:07:437</time></pt><pt><x>1775</x><y>2025</y><time>18-05-21 21:50:07:923</time></pt><pt><x>1722</x><y>2048</y><time>18-05-21 21:50:08:423</time></pt><pt><x>1652</x><y>2066</y><time>18-05-21 21:50:08:884</time></pt><pt><x>1629</x><y>2048</y><time>18-05-21 21:50:09:370</time></pt><pt><x>1594</x><y>2013</y><time>18-05-21 21:50:09:834</time></pt><pt><x>1606</x><y>1955</y><time>18-05-21 21:50:10:242</time></pt><closed_date>18-05-21 21:50:10:666</closed_date></polygon></object><object><name>tooth</name><deleted>0</deleted><verified>0</verified><occluded>no</occluded><attributes>45</attributes><parts><hasparts /><ispartof /></parts><date>18-05-21 21:50:31:887</date><id>12</id><type>bounding_box</type><polygon><username>anonymous</username><pt><x>2775</x><y>1734</y><time>18-05-21 21:50:22:631</time></pt><pt><x>2007</x><y>1734</y><time>18-05-21 21:50:26:392</time></pt><pt><x>2007</x><y>3142</y><time>undefined</time></pt><pt><x>2775</x><y>3142</y><time>undefined</time></pt><closed_date>18-05-21 21:50:26:393</closed_date></polygon></object><object><name>tooth</name><deleted>0</deleted><verified>0</verified><occluded>no</occluded><attributes>44</attributes><parts><hasparts /><ispartof /></parts><date>18-05-21 21:50:47:992</date><id>13</id><type>bounding_box</type><polygon><username>anonymous</username><pt><x>3456</x><y>1699</y><time>18-05-21 21:50:34:310</time></pt><pt><x>2775</x><y>1699</y><time>18-05-21 21:50:37:295</time></pt><pt><x>2775</x><y>3124</y><time>undefined</time></pt><pt><x>3456</x><y>3124</y><time>undefined</time></pt><closed_date>18-05-21 21:50:37:295</closed_date></polygon></object><object><name>tooth</name><deleted>0</deleted><verified>0</verified><occluded>no</occluded><attributes>43</attributes><parts><hasparts /><ispartof /></parts><date>18-05-21 21:51:00:156</date><id>14</id><type>bounding_box</type><polygon><username>anonymous</username><pt><x>4084</x><y>1699</y><time>18-05-21 21:50:50:764</time></pt><pt><x>3363</x><y>1699</y><time>18-05-21 21:50:53:872</time></pt><pt><x>3363</x><y>3130</y><time>undefined</time></pt><pt><x>4084</x><y>3130</y><time>undefined</time></pt><closed_date>18-05-21 21:50:53:872</closed_date></polygon></object></annotation>