<?xml version='1.0' encoding='UTF-8'?>
<annotation><filename>imagem-080.jpg</filename><folder>segmentation_xray</folder><source><sourceImage>The MIT-CSAIL database of objects and scenes</sourceImage><sourceAnnotation>LabelMe Webtool</sourceAnnotation></source><object><name>tooth</name><deleted>0</deleted><verified>0</verified><occluded>no</occluded><attributes>17</attributes><parts><hasparts /><ispartof /></parts><date>15-05-21 14:13:08:011</date><id>0</id><type>bounding_box</type><polygon><username>anonymous</username><pt><x>7</x><y>282</y><time>15-05-21 14:12:57:742</time></pt><pt><x>316</x><y>282</y><time>15-05-21 14:13:00:788</time></pt><pt><x>316</x><y>5</y><time>undefined</time></pt><pt><x>7</x><y>5</y><time>undefined</time></pt><closed_date>15-05-21 14:13:00:788</closed_date></polygon></object><object><name>tooth</name><deleted>0</deleted><verified>0</verified><occluded>no</occluded><attributes>16</attributes><parts><hasparts /><ispartof /></parts><date>15-05-21 14:13:28:990</date><id>1</id><type>bounding_box</type><polygon><username>anonymous</username><pt><x>626</x><y>364</y><time>15-05-21 14:13:20:191</time></pt><pt><x>310</x><y>364</y><time>15-05-21 14:13:23:978</time></pt><pt><x>310</x><y>3</y><time>undefined</time></pt><pt><x>626</x><y>3</y><time>undefined</time></pt><closed_date>15-05-21 14:13:23:979</closed_date></polygon></object><object><name>tooth</name><deleted>0</deleted><verified>0</verified><occluded>no</occluded><attributes>15</attributes><parts><hasparts /><ispartof /></parts><date>15-05-21 14:14:45:909</date><id>2</id><type>bounding_box</type><polygon><username>anonymous</username><pt><x>854</x><y>368</y><time>15-05-21 14:14:38:856</time></pt><pt><x>628</x><y>368</y><time>15-05-21 14:14:41:900</time></pt><pt><x>628</x><y>2</y><time>undefined</time></pt><pt><x>854</x><y>2</y><time>undefined</time></pt><closed_date>15-05-21 14:14:41:900</closed_date></polygon></object><object><name>tooth</name><deleted>0</deleted><verified>0</verified><occluded>no</occluded><attributes>14</attributes><parts><hasparts /><ispartof /></parts><date>15-05-21 14:15:11:011</date><id>3</id><type>bounding_box</type><polygon><username>anonymous</username><pt><x>1096</x><y>382</y><time>15-05-21 14:15:01:461</time></pt><pt><x>845</x><y>382</y><time>15-05-21 14:15:05:220</time></pt><pt><x>845</x><y>5</y><time>undefined</time></pt><pt><x>1096</x><y>5</y><time>undefined</time></pt><closed_date>15-05-21 14:15:05:221</closed_date></polygon></object><object><name>tooth</name><deleted>0</deleted><verified>0</verified><occluded>no</occluded><attributes>13</attributes><parts><hasparts /><ispartof /></parts><date>15-05-21 14:15:30:232</date><id>4</id><type>bounding_box</type><polygon><username>anonymous</username><pt><x>1093</x><y>397</y><time>15-05-21 14:15:19:610</time></pt><pt><x>1215</x><y>397</y><time>15-05-21 14:15:26:552</time></pt><pt><x>1215</x><y>3</y><time>undefined</time></pt><pt><x>1093</x><y>3</y><time>undefined</time></pt><closed_date>15-05-21 14:15:26:552</closed_date></polygon></object><object><name>tooth</name><deleted>0</deleted><verified>0</verified><occluded>no</occluded><attributes>47</attributes><parts><hasparts /><ispartof /></parts><date>15-05-21 14:15:53:177</date><id>5</id><type>bounding_box</type><polygon><username>anonymous</username><pt><x>5</x><y>347</y><time>15-05-21 14:15:41:234</time></pt><pt><x>441</x><y>347</y><time>15-05-21 14:15:49:203</time></pt><pt><x>441</x><y>892</y><time>undefined</time></pt><pt><x>5</x><y>892</y><time>undefined</time></pt><closed_date>15-05-21 14:15:49:203</closed_date></polygon></object><object><name>tooth</name><deleted>0</deleted><verified>0</verified><occluded>no</occluded><attributes>46</attributes><parts><hasparts /><ispartof /></parts><date>15-05-21 14:16:26:489</date><id>6</id><type>bounding_box</type><polygon><username>anonymous</username><pt><x>770</x><y>467</y><time>15-05-21 14:16:11:249</time></pt><pt><x>324</x><y>467</y><time>15-05-21 14:16:18:823</time></pt><pt><x>324</x><y>947</y><time>undefined</time></pt><pt><x>770</x><y>947</y><time>undefined</time></pt><closed_date>15-05-21 14:16:18:824</closed_date></polygon></object><object><name>tooth</name><deleted>0</deleted><verified>0</verified><occluded>no</occluded><attributes>45</attributes><parts><hasparts /><ispartof /></parts><date>15-05-21 14:17:24:213</date><id>7</id><type>bounding_box</type><polygon><username>anonymous</username><pt><x>1006</x><y>488</y><time>15-05-21 14:17:16:376</time></pt><pt><x>763</x><y>488</y><time>15-05-21 14:17:19:469</time></pt><pt><x>763</x><y>945</y><time>undefined</time></pt><pt><x>1006</x><y>945</y><time>undefined</time></pt><closed_date>15-05-21 14:17:19:469</closed_date></polygon></object><object><name>tooth</name><deleted>0</deleted><verified>0</verified><occluded>no</occluded><attributes>44</attributes><parts><hasparts /><ispartof /></parts><date>15-05-21 14:17:44:854</date><id>8</id><type>bounding_box</type><polygon><username>anonymous</username><pt><x>1011</x><y>495</y><time>15-05-21 14:17:33:459</time></pt><pt><x>1218</x><y>495</y><time>15-05-21 14:17:40:733</time></pt><pt><x>1218</x><y>941</y><time>undefined</time></pt><pt><x>1011</x><y>941</y><time>undefined</time></pt><closed_date>15-05-21 14:17:40:734</closed_date></polygon></object><imagesize><nrows /><ncols /></imagesize></annotation>