<?xml version='1.0' encoding='UTF-8'?>
<annotation><filename>imagem-037.jpg</filename><folder>segmentation_xray</folder><source><sourceImage>The MIT-CSAIL database of objects and scenes</sourceImage><sourceAnnotation>LabelMe Webtool</sourceAnnotation></source><object><name>tooth</name><deleted>0</deleted><verified>0</verified><occluded>no</occluded><attributes>38</attributes><parts><hasparts /><ispartof /></parts><date>18-05-21 21:12:48:522</date><id>0</id><type>bounding_box</type><polygon><username>anonymous</username><pt><x>3869</x><y>1548</y><time>18-05-21 21:12:32:842</time></pt><pt><x>4079</x><y>1548</y><time>18-05-21 21:12:41:520</time></pt><pt><x>4079</x><y>2269</y><time>undefined</time></pt><pt><x>3869</x><y>2269</y><time>undefined</time></pt><closed_date>18-05-21 21:12:41:520</closed_date></polygon></object><object><name>tooth</name><deleted>0</deleted><verified>0</verified><occluded>no</occluded><attributes>36</attributes><parts><hasparts>12</hasparts><ispartof /></parts><date>18-05-21 21:13:11:203</date><id>1</id><type>bounding_box</type><polygon><username>anonymous</username><pt><x>2327</x><y>1670</y><time>18-05-21 21:12:59:434</time></pt><pt><x>3753</x><y>1670</y><time>18-05-21 21:13:03:373</time></pt><pt><x>3753</x><y>3154</y><time>undefined</time></pt><pt><x>2327</x><y>3154</y><time>undefined</time></pt><closed_date>18-05-21 21:13:03:373</closed_date></polygon></object><object><name>tooth</name><deleted>0</deleted><verified>0</verified><occluded>no</occluded><attributes>35</attributes><parts><hasparts /><ispartof /></parts><date>18-05-21 21:14:56:620</date><id>2</id><type>bounding_box</type><polygon><username>anonymous</username><pt><x>1548</x><y>1711</y><time>18-05-21 21:13:39:151</time></pt><pt><x>2362</x><y>1711</y><time>18-05-21 21:13:43:667</time></pt><pt><x>2362</x><y>3165</y><time>undefined</time></pt><pt><x>1548</x><y>3165</y><time>undefined</time></pt><closed_date>18-05-21 21:13:43:667</closed_date></polygon></object><object><name>tooth</name><deleted>0</deleted><verified>0</verified><occluded>no</occluded><attributes>34</attributes><parts><hasparts /><ispartof /></parts><date>18-05-21 21:15:53:584</date><id>3</id><type>bounding_box</type><polygon><username>anonymous</username><pt><x>751</x><y>1769</y><time>18-05-21 21:15:36:744</time></pt><pt><x>1571</x><y>1769</y><time>18-05-21 21:15:43:483</time></pt><pt><x>1571</x><y>3142</y><time>undefined</time></pt><pt><x>751</x><y>3142</y><time>undefined</time></pt><closed_date>18-05-21 21:15:43:483</closed_date></polygon></object><object><name>tooth</name><deleted>0</deleted><verified>0</verified><occluded>no</occluded><attributes>33</attributes><parts><hasparts /><ispartof /></parts><date>18-05-21 21:17:18:828</date><id>4</id><type>bounding_box</type><polygon><username>anonymous</username><pt><x>35</x><y>1751</y><time>18-05-21 21:17:06:908</time></pt><pt><x>832</x><y>1751</y><time>18-05-21 21:17:11:770</time></pt><pt><x>832</x><y>3159</y><time>undefined</time></pt><pt><x>35</x><y>3159</y><time>undefined</time></pt><closed_date>18-05-21 21:17:11:770</closed_date></polygon></object><object><name>tooth</name><deleted>0</deleted><verified>0</verified><occluded>no</occluded><attributes>22</attributes><parts><hasparts /><ispartof /></parts><date>18-05-21 21:17:50:493</date><id>5</id><type>bounding_box</type><polygon><username>anonymous</username><pt><x>640</x><y>17</y><time>18-05-21 21:17:21:281</time></pt><pt><x>6</x><y>17</y><time>18-05-21 21:17:23:948</time></pt><pt><x>6</x><y>1472</y><time>undefined</time></pt><pt><x>640</x><y>1472</y><time>undefined</time></pt><closed_date>18-05-21 21:17:23:948</closed_date></polygon></object><object><name>tooth</name><deleted>0</deleted><verified>0</verified><occluded>no</occluded><attributes>23</attributes><parts><hasparts /><ispartof /></parts><date>18-05-21 21:20:26:691</date><id>6</id><type>bounding_box</type><polygon><username>anonymous</username><pt><x>1385</x><y>23</y><time>18-05-21 21:19:47:911</time></pt><pt><x>454</x><y>23</y><time>18-05-21 21:19:58:788</time></pt><pt><x>454</x><y>1548</y><time>undefined</time></pt><pt><x>1385</x><y>1548</y><time>undefined</time></pt><closed_date>18-05-21 21:19:58:789</closed_date></polygon></object><object><name>tooth</name><deleted>0</deleted><verified>0</verified><occluded>no</occluded><attributes>24</attributes><parts><hasparts /><ispartof /></parts><date>18-05-21 21:20:36:752</date><id>7</id><type>bounding_box</type><polygon><username>anonymous</username><pt><x>2118</x><y>52</y><time>18-05-21 21:20:28:553</time></pt><pt><x>1280</x><y>52</y><time>18-05-21 21:20:32:218</time></pt><pt><x>1280</x><y>1542</y><time>undefined</time></pt><pt><x>2118</x><y>1542</y><time>undefined</time></pt><closed_date>18-05-21 21:20:32:219</closed_date></polygon></object><object><name>tooth</name><deleted>0</deleted><verified>0</verified><occluded>no</occluded><attributes>25</attributes><parts><hasparts>13</hasparts><ispartof /></parts><date>18-05-21 21:20:48:646</date><id>8</id><type>bounding_box</type><polygon><username>anonymous</username><pt><x>2903</x><y>17</y><time>18-05-21 21:20:38:844</time></pt><pt><x>2048</x><y>17</y><time>18-05-21 21:20:43:088</time></pt><pt><x>2048</x><y>1524</y><time>undefined</time></pt><pt><x>2903</x><y>1524</y><time>undefined</time></pt><closed_date>18-05-21 21:20:43:089</closed_date></polygon></object><object><name>tooth</name><deleted>0</deleted><verified>0</verified><occluded>no</occluded><attributes>26</attributes><parts><hasparts>11</hasparts><ispartof /></parts><date>18-05-21 21:21:57:750</date><id>9</id><type>bounding_box</type><polygon><username>anonymous</username><pt><x>3869</x><y>12</y><time>18-05-21 21:21:42:173</time></pt><pt><x>2787</x><y>12</y><time>18-05-21 21:21:47:013</time></pt><pt><x>2787</x><y>1478</y><time>undefined</time></pt><pt><x>3869</x><y>1478</y><time>undefined</time></pt><closed_date>18-05-21 21:21:47:013</closed_date></polygon></object><object><name>tooth</name><deleted>0</deleted><verified>0</verified><occluded>no</occluded><attributes>27</attributes><parts><hasparts /><ispartof /></parts><date>18-05-21 21:22:39:316</date><id>10</id><type>bounding_box</type><polygon><username>anonymous</username><pt><x>3817</x><y>204</y><time>18-05-21 21:22:12:830</time></pt><pt><x>4090</x><y>204</y><time>18-05-21 21:22:18:015</time></pt><pt><x>4090</x><y>1094</y><time>undefined</time></pt><pt><x>3817</x><y>1094</y><time>undefined</time></pt><closed_date>18-05-21 21:22:18:015</closed_date></polygon></object><object><name>restoration</name><deleted>0</deleted><verified>0</verified><occluded>no</occluded><attributes /><parts><hasparts /><ispartof>9</ispartof></parts><date>18-05-21 21:24:38:877</date><id>11</id><polygon><username>anonymous</username><pt><x>3666</x><y>1007</y><time>18-05-21 21:24:24:985</time></pt><pt><x>3543</x><y>1030</y><time>18-05-21 21:24:25:884</time></pt><pt><x>3439</x><y>1065</y><time>18-05-21 21:24:26:860</time></pt><pt><x>3369</x><y>1082</y><time>18-05-21 21:24:27:524</time></pt><pt><x>3328</x><y>1100</y><time>18-05-21 21:24:28:072</time></pt><pt><x>3357</x><y>1175</y><time>18-05-21 21:24:28:682</time></pt><pt><x>3380</x><y>1245</y><time>18-05-21 21:24:29:204</time></pt><pt><x>3421</x><y>1268</y><time>18-05-21 21:24:29:708</time></pt><pt><x>3468</x><y>1268</y><time>18-05-21 21:24:30:211</time></pt><pt><x>3520</x><y>1233</y><time>18-05-21 21:24:30:742</time></pt><pt><x>3567</x><y>1210</y><time>18-05-21 21:24:31:221</time></pt><pt><x>3619</x><y>1204</y><time>18-05-21 21:24:31:651</time></pt><pt><x>3636</x><y>1193</y><time>18-05-21 21:24:32:073</time></pt><pt><x>3654</x><y>1181</y><time>18-05-21 21:24:32:601</time></pt><pt><x>3671</x><y>1123</y><time>18-05-21 21:24:33:386</time></pt><pt><x>3677</x><y>1100</y><time>18-05-21 21:24:33:820</time></pt><closed_date>18-05-21 21:24:34:485</closed_date></polygon></object><object><name>restoration</name><deleted>0</deleted><verified>0</verified><occluded>no</occluded><attributes /><parts><hasparts /><ispartof>1</ispartof></parts><date>18-05-21 21:25:11:059</date><id>12</id><polygon><username>anonymous</username><pt><x>2566</x><y>2002</y><time>18-05-21 21:24:47:148</time></pt><pt><x>2676</x><y>2071</y><time>18-05-21 21:24:48:853</time></pt><pt><x>2735</x><y>2054</y><time>18-05-21 21:24:49:411</time></pt><pt><x>2775</x><y>2083</y><time>18-05-21 21:24:49:922</time></pt><pt><x>2851</x><y>2147</y><time>18-05-21 21:24:50:468</time></pt><pt><x>2921</x><y>2170</y><time>18-05-21 21:24:51:005</time></pt><pt><x>2973</x><y>2194</y><time>18-05-21 21:24:51:635</time></pt><pt><x>3043</x><y>2159</y><time>18-05-21 21:24:52:150</time></pt><pt><x>3060</x><y>2077</y><time>18-05-21 21:24:52:683</time></pt><pt><x>3095</x><y>2054</y><time>18-05-21 21:24:53:139</time></pt><pt><x>3177</x><y>2071</y><time>18-05-21 21:24:53:617</time></pt><pt><x>3282</x><y>2077</y><time>18-05-21 21:24:54:080</time></pt><pt><x>3346</x><y>2031</y><time>18-05-21 21:24:54:893</time></pt><pt><x>3386</x><y>1955</y><time>18-05-21 21:24:55:639</time></pt><pt><x>3392</x><y>1885</y><time>18-05-21 21:24:56:142</time></pt><pt><x>3392</x><y>1815</y><time>18-05-21 21:24:56:640</time></pt><pt><x>3311</x><y>1798</y><time>18-05-21 21:24:57:170</time></pt><pt><x>3206</x><y>1780</y><time>18-05-21 21:24:57:714</time></pt><pt><x>3124</x><y>1757</y><time>18-05-21 21:24:58:394</time></pt><pt><x>3055</x><y>1740</y><time>18-05-21 21:24:58:948</time></pt><pt><x>2950</x><y>1734</y><time>18-05-21 21:24:59:622</time></pt><pt><x>2927</x><y>1740</y><time>18-05-21 21:25:00:114</time></pt><pt><x>2851</x><y>1757</y><time>18-05-21 21:25:00:626</time></pt><pt><x>2787</x><y>1757</y><time>18-05-21 21:25:01:273</time></pt><pt><x>2706</x><y>1746</y><time>18-05-21 21:25:01:764</time></pt><pt><x>2630</x><y>1763</y><time>18-05-21 21:25:02:242</time></pt><pt><x>2589</x><y>1810</y><time>18-05-21 21:25:02:762</time></pt><pt><x>2572</x><y>1856</y><time>18-05-21 21:25:03:328</time></pt><pt><x>2572</x><y>1943</y><time>18-05-21 21:25:03:836</time></pt><closed_date>18-05-21 21:25:04:362</closed_date></polygon></object><object><name>restoration</name><deleted>0</deleted><verified>0</verified><occluded>no</occluded><attributes /><parts><hasparts /><ispartof>8</ispartof></parts><date>18-05-21 21:26:06:231</date><id>13</id><polygon><username>anonymous</username><pt><x>2240</x><y>1175</y><time>18-05-21 21:25:53:069</time></pt><pt><x>2356</x><y>1135</y><time>18-05-21 21:25:53:713</time></pt><pt><x>2409</x><y>1117</y><time>18-05-21 21:25:54:191</time></pt><pt><x>2490</x><y>1117</y><time>18-05-21 21:25:54:737</time></pt><pt><x>2612</x><y>1152</y><time>18-05-21 21:25:55:277</time></pt><pt><x>2723</x><y>1152</y><time>18-05-21 21:25:55:768</time></pt><pt><x>2746</x><y>1193</y><time>18-05-21 21:25:56:302</time></pt><pt><x>2764</x><y>1251</y><time>18-05-21 21:25:56:878</time></pt><pt><x>2694</x><y>1280</y><time>18-05-21 21:25:57:380</time></pt><pt><x>2647</x><y>1327</y><time>18-05-21 21:25:57:881</time></pt><pt><x>2589</x><y>1373</y><time>18-05-21 21:25:58:354</time></pt><pt><x>2514</x><y>1449</y><time>18-05-21 21:25:58:827</time></pt><pt><x>2432</x><y>1472</y><time>18-05-21 21:25:59:345</time></pt><pt><x>2374</x><y>1437</y><time>18-05-21 21:25:59:751</time></pt><pt><x>2263</x><y>1396</y><time>18-05-21 21:26:00:226</time></pt><pt><x>2147</x><y>1344</y><time>18-05-21 21:26:00:642</time></pt><pt><x>2141</x><y>1315</y><time>18-05-21 21:26:01:033</time></pt><pt><x>2188</x><y>1222</y><time>18-05-21 21:26:01:565</time></pt><closed_date>18-05-21 21:26:02:063</closed_date></polygon></object><imagesize><nrows /><ncols /></imagesize></annotation>