<?xml version='1.0' encoding='UTF-8'?>
<annotation><filename>imagem-026.jpg</filename><folder>segmentation_xray</folder><source><sourceImage>The MIT-CSAIL database of objects and scenes</sourceImage><sourceAnnotation>LabelMe Webtool</sourceAnnotation></source><object><name>tooth</name><deleted>0</deleted><verified>0</verified><occluded>no</occluded><attributes>17</attributes><parts><hasparts /><ispartof /></parts><date>19-05-21 09:57:49:517</date><id>0</id><type>bounding_box</type><polygon><username>anonymous</username><pt><x>1430</x><y>52</y><time>19-05-21 09:57:38:432</time></pt><pt><x>206</x><y>52</y><time>19-05-21 09:57:42:280</time></pt><pt><x>206</x><y>1362</y><time>undefined</time></pt><pt><x>1430</x><y>1362</y><time>undefined</time></pt><closed_date>19-05-21 09:57:42:281</closed_date></polygon></object><object><name>tooth</name><deleted>0</deleted><verified>0</verified><occluded>no</occluded><attributes>16</attributes><parts><hasparts>5</hasparts><ispartof /></parts><date>19-05-21 09:58:00:710</date><id>1</id><type>bounding_box</type><polygon><username>anonymous</username><pt><x>2436</x><y>1430</y><time>19-05-21 09:57:52:295</time></pt><pt><x>1187</x><y>1430</y><time>19-05-21 09:57:56:291</time></pt><pt><x>1187</x><y>26</y><time>undefined</time></pt><pt><x>2436</x><y>26</y><time>undefined</time></pt><closed_date>19-05-21 09:57:56:292</closed_date></polygon></object><object><name>tooth</name><deleted>0</deleted><verified>0</verified><occluded>no</occluded><attributes>15</attributes><parts><hasparts /><ispartof /></parts><date>19-05-21 09:58:18:247</date><id>2</id><type>bounding_box</type><polygon><username>anonymous</username><pt><x>3091</x><y>1424</y><time>19-05-21 09:58:06:986</time></pt><pt><x>2296</x><y>1424</y><time>19-05-21 09:58:09:824</time></pt><pt><x>2296</x><y>36</y><time>undefined</time></pt><pt><x>3091</x><y>36</y><time>undefined</time></pt><closed_date>19-05-21 09:58:09:824</closed_date></polygon></object><object><name>tooth</name><deleted>0</deleted><verified>0</verified><occluded>no</occluded><attributes>14</attributes><parts><hasparts /><ispartof /></parts><date>19-05-21 09:58:33:673</date><id>3</id><type>bounding_box</type><polygon><username>anonymous</username><pt><x>3845</x><y>1409</y><time>19-05-21 09:58:26:257</time></pt><pt><x>3029</x><y>1409</y><time>19-05-21 09:58:28:776</time></pt><pt><x>3029</x><y>31</y><time>undefined</time></pt><pt><x>3845</x><y>31</y><time>undefined</time></pt><closed_date>19-05-21 09:58:28:777</closed_date></polygon></object><object><name>tooth</name><deleted>0</deleted><verified>0</verified><occluded>no</occluded><attributes>13</attributes><parts><hasparts /><ispartof /></parts><date>19-05-21 09:58:45:953</date><id>4</id><type>bounding_box</type><polygon><username>anonymous</username><pt><x>4082</x><y>1337</y><time>19-05-21 09:58:39:269</time></pt><pt><x>3783</x><y>1337</y><time>19-05-21 09:58:41:836</time></pt><pt><x>3783</x><y>222</y><time>undefined</time></pt><pt><x>4082</x><y>222</y><time>undefined</time></pt><closed_date>19-05-21 09:58:41:837</closed_date></polygon></object><object><name>restoration</name><deleted>0</deleted><verified>0</verified><occluded>no</occluded><attributes /><parts><hasparts /><ispartof>1</ispartof></parts><date>19-05-21 09:59:06:018</date><id>5</id><polygon><username>anonymous</username><pt><x>1765</x><y>1099</y><time>19-05-21 09:58:54:889</time></pt><pt><x>1873</x><y>1068</y><time>19-05-21 09:58:55:708</time></pt><pt><x>1977</x><y>1156</y><time>19-05-21 09:58:56:397</time></pt><pt><x>1987</x><y>1223</y><time>19-05-21 09:58:56:960</time></pt><pt><x>1982</x><y>1249</y><time>19-05-21 09:58:57:537</time></pt><pt><x>1858</x><y>1244</y><time>19-05-21 09:58:58:041</time></pt><pt><x>1796</x><y>1244</y><time>19-05-21 09:58:58:585</time></pt><pt><x>1718</x><y>1259</y><time>19-05-21 09:58:59:162</time></pt><pt><x>1610</x><y>1259</y><time>19-05-21 09:58:59:689</time></pt><pt><x>1564</x><y>1254</y><time>19-05-21 09:59:00:333</time></pt><pt><x>1610</x><y>1177</y><time>19-05-21 09:59:00:934</time></pt><pt><x>1651</x><y>1166</y><time>19-05-21 09:59:01:340</time></pt><pt><x>1729</x><y>1135</y><time>19-05-21 09:59:01:925</time></pt><closed_date>19-05-21 09:59:02:544</closed_date></polygon></object><object><name>tooth</name><deleted>0</deleted><verified>0</verified><occluded>no</occluded><attributes>47</attributes><parts><hasparts /><ispartof /></parts><date>19-05-21 09:59:24:026</date><id>6</id><type>bounding_box</type><polygon><username>anonymous</username><pt><x>72</x><y>3143</y><time>19-05-21 09:59:16:385</time></pt><pt><x>1362</x><y>3143</y><time>19-05-21 09:59:19:057</time></pt><pt><x>1362</x><y>1424</y><time>undefined</time></pt><pt><x>72</x><y>1424</y><time>undefined</time></pt><closed_date>19-05-21 09:59:19:057</closed_date></polygon></object><object><name>tooth</name><deleted>0</deleted><verified>0</verified><occluded>no</occluded><attributes>46</attributes><parts><hasparts /><ispartof /></parts><date>19-05-21 09:59:44:451</date><id>7</id><type>bounding_box</type><polygon><username>anonymous</username><pt><x>2513</x><y>3076</y><time>19-05-21 09:59:34:085</time></pt><pt><x>1063</x><y>3076</y><time>19-05-21 09:59:38:888</time></pt><pt><x>1063</x><y>1569</y><time>undefined</time></pt><pt><x>2513</x><y>1569</y><time>undefined</time></pt><closed_date>19-05-21 09:59:38:888</closed_date></polygon></object><object><name>tooth</name><deleted>0</deleted><verified>0</verified><occluded>no</occluded><attributes>45</attributes><parts><hasparts /><ispartof /></parts><date>19-05-21 10:00:00:974</date><id>8</id><type>bounding_box</type><polygon><username>anonymous</username><pt><x>3246</x><y>3096</y><time>19-05-21 09:59:52:852</time></pt><pt><x>2405</x><y>3096</y><time>19-05-21 09:59:56:744</time></pt><pt><x>2405</x><y>1595</y><time>undefined</time></pt><pt><x>3246</x><y>1595</y><time>undefined</time></pt><closed_date>19-05-21 09:59:56:744</closed_date></polygon></object><object><name>tooth</name><deleted>0</deleted><verified>0</verified><occluded>no</occluded><attributes>44</attributes><parts><hasparts /><ispartof /></parts><date>19-05-21 10:00:15:087</date><id>9</id><type>bounding_box</type><polygon><username>anonymous</username><pt><x>3932</x><y>3096</y><time>19-05-21 10:00:06:556</time></pt><pt><x>3210</x><y>3096</y><time>19-05-21 10:00:10:675</time></pt><pt><x>3210</x><y>1569</y><time>undefined</time></pt><pt><x>3932</x><y>1569</y><time>undefined</time></pt><closed_date>19-05-21 10:00:10:676</closed_date></polygon></object><imagesize><nrows /><ncols /></imagesize></annotation>