<?xml version='1.0' encoding='UTF-8'?>
<annotation><filename>imagem-018.jpg</filename><folder>segmentation_xray</folder><source><sourceImage>The MIT-CSAIL database of objects and scenes</sourceImage><sourceAnnotation>LabelMe Webtool</sourceAnnotation></source><object><name>tooth</name><deleted>0</deleted><verified>0</verified><occluded>no</occluded><attributes>16</attributes><parts><hasparts /><ispartof /></parts><date>18-05-21 22:01:13:502</date><id>0</id><type>bounding_box</type><polygon><username>anonymous</username><pt><x>1367</x><y>44</y><time>18-05-21 22:00:54:154</time></pt><pt><x>102</x><y>44</y><time>18-05-21 22:00:58:979</time></pt><pt><x>102</x><y>1148</y><time>undefined</time></pt><pt><x>1367</x><y>1148</y><time>undefined</time></pt><closed_date>18-05-21 22:00:58:979</closed_date></polygon></object><object><name>tooth</name><deleted>0</deleted><verified>0</verified><occluded>no</occluded><attributes>84</attributes><parts><hasparts /><ispartof /></parts><date>18-05-21 22:01:54:297</date><id>1</id><type>bounding_box</type><polygon><username>anonymous</username><pt><x>2773</x><y>1381</y><time>18-05-21 22:01:37:712</time></pt><pt><x>3789</x><y>1381</y><time>18-05-21 22:01:42:197</time></pt><pt><x>3789</x><y>2408</y><time>undefined</time></pt><pt><x>2773</x><y>2408</y><time>undefined</time></pt><closed_date>18-05-21 22:01:42:197</closed_date></polygon></object><object><name>tooth</name><deleted>0</deleted><verified>0</verified><occluded>no</occluded><attributes>44</attributes><parts><hasparts /><ispartof /></parts><date>18-05-21 22:02:22:734</date><id>2</id><type>bounding_box</type><polygon><username>anonymous</username><pt><x>2651</x><y>2199</y><time>18-05-21 22:02:09:002</time></pt><pt><x>3629</x><y>2199</y><time>18-05-21 22:02:12:870</time></pt><pt><x>3629</x><y>2641</y><time>undefined</time></pt><pt><x>2651</x><y>2641</y><time>undefined</time></pt><closed_date>18-05-21 22:02:12:871</closed_date></polygon></object><object><name>tooth</name><deleted>0</deleted><verified>0</verified><occluded>no</occluded><attributes>85</attributes><parts><hasparts /><ispartof /></parts><date>18-05-21 22:02:39:794</date><id>3</id><type>bounding_box</type><polygon><username>anonymous</username><pt><x>1557</x><y>1352</y><time>18-05-21 22:02:26:097</time></pt><pt><x>2739</x><y>1352</y><time>18-05-21 22:02:31:300</time></pt><pt><x>2739</x><y>2622</y><time>undefined</time></pt><pt><x>1557</x><y>2622</y><time>undefined</time></pt><closed_date>18-05-21 22:02:31:301</closed_date></polygon></object><object><name>tooth</name><deleted>0</deleted><verified>0</verified><occluded>no</occluded><attributes>45</attributes><parts><hasparts /><ispartof /></parts><date>18-05-21 22:02:55:437</date><id>4</id><type>bounding_box</type><polygon><username>anonymous</username><pt><x>1435</x><y>2281</y><time>18-05-21 22:02:43:077</time></pt><pt><x>2286</x><y>2281</y><time>18-05-21 22:02:46:037</time></pt><pt><x>2286</x><y>2636</y><time>undefined</time></pt><pt><x>1435</x><y>2636</y><time>undefined</time></pt><closed_date>18-05-21 22:02:46:037</closed_date></polygon></object><object><name>tooth</name><deleted>0</deleted><verified>0</verified><occluded>no</occluded><attributes>46</attributes><parts><hasparts /><ispartof /></parts><date>18-05-21 22:03:12:067</date><id>5</id><type>bounding_box</type><polygon><username>anonymous</username><pt><x>141</x><y>1236</y><time>18-05-21 22:03:02:908</time></pt><pt><x>1566</x><y>1236</y><time>18-05-21 22:03:06:671</time></pt><pt><x>1566</x><y>2612</y><time>undefined</time></pt><pt><x>141</x><y>2612</y><time>undefined</time></pt><closed_date>18-05-21 22:03:06:671</closed_date></polygon></object><object><name>tooth</name><deleted>0</deleted><verified>0</verified><occluded>no</occluded><attributes>53</attributes><parts><hasparts /><ispartof /></parts><date>18-05-21 22:04:23:270</date><id>6</id><type>bounding_box</type><polygon><username>anonymous</username><pt><x>3347</x><y>54</y><time>18-05-21 22:04:06:912</time></pt><pt><x>4057</x><y>54</y><time>18-05-21 22:04:08:967</time></pt><pt><x>4057</x><y>1099</y><time>undefined</time></pt><pt><x>3347</x><y>1099</y><time>undefined</time></pt><closed_date>18-05-21 22:04:08:968</closed_date></polygon></object><object><name>tooth</name><deleted>0</deleted><verified>0</verified><occluded>no</occluded><attributes>54</attributes><parts><hasparts /><ispartof /></parts><date>18-05-21 22:04:37:261</date><id>7</id><type>bounding_box</type><polygon><username>anonymous</username><pt><x>2486</x><y>29</y><time>18-05-21 22:04:26:313</time></pt><pt><x>3395</x><y>29</y><time>18-05-21 22:04:29:572</time></pt><pt><x>3395</x><y>1065</y><time>undefined</time></pt><pt><x>2486</x><y>1065</y><time>undefined</time></pt><closed_date>18-05-21 22:04:29:573</closed_date></polygon></object><object><name>tooth</name><deleted>0</deleted><verified>0</verified><occluded>no</occluded><attributes>55</attributes><parts><hasparts /><ispartof /></parts><date>18-05-21 22:04:50:793</date><id>8</id><type>bounding_box</type><polygon><username>anonymous</username><pt><x>1381</x><y>10</y><time>18-05-21 22:04:42:550</time></pt><pt><x>2534</x><y>10</y><time>18-05-21 22:04:44:809</time></pt><pt><x>2534</x><y>1124</y><time>undefined</time></pt><pt><x>1381</x><y>1124</y><time>undefined</time></pt><closed_date>18-05-21 22:04:44:809</closed_date></polygon></object><object><name>tooth</name><deleted>0</deleted><verified>0</verified><occluded>no</occluded><attributes>83</attributes><parts><hasparts /><ispartof /></parts><date>18-05-21 22:05:10:246</date><id>9</id><type>bounding_box</type><polygon><username>anonymous</username><pt><x>3653</x><y>2437</y><time>18-05-21 22:04:54:950</time></pt><pt><x>4081</x><y>2437</y><time>18-05-21 22:04:57:012</time></pt><pt><x>4081</x><y>1381</y><time>undefined</time></pt><pt><x>3653</x><y>1381</y><time>undefined</time></pt><closed_date>18-05-21 22:04:57:012</closed_date></polygon></object><imagesize><nrows /><ncols /></imagesize></annotation>