<?xml version='1.0' encoding='UTF-8'?>
<annotation><filename>imagem-100.jpg</filename><folder>segmentation_xray</folder><source><sourceImage>The MIT-CSAIL database of objects and scenes</sourceImage><sourceAnnotation>LabelMe Webtool</sourceAnnotation></source><object><name>tooth</name><deleted>0</deleted><verified>0</verified><occluded>no</occluded><attributes>27</attributes><parts><hasparts>11</hasparts><ispartof /></parts><date>19-05-21 08:23:04:638</date><id>0</id><type>bounding_box</type><polygon><username>anonymous</username><pt><x>1235</x><y>16</y><time>19-05-21 08:22:56:199</time></pt><pt><x>1596</x><y>16</y><time>19-05-21 08:22:59:200</time></pt><pt><x>1596</x><y>484</y><time>undefined</time></pt><pt><x>1235</x><y>484</y><time>undefined</time></pt><closed_date>19-05-21 08:22:59:201</closed_date></polygon></object><object><name>tooth</name><deleted>0</deleted><verified>0</verified><occluded>no</occluded><attributes>26</attributes><parts><hasparts /><ispartof /></parts><date>19-05-21 08:23:22:707</date><id>1</id><type>bounding_box</type><polygon><username>anonymous</username><pt><x>789</x><y>33</y><time>19-05-21 08:23:13:731</time></pt><pt><x>1272</x><y>33</y><time>19-05-21 08:23:17:860</time></pt><pt><x>1272</x><y>523</y><time>undefined</time></pt><pt><x>789</x><y>523</y><time>undefined</time></pt><closed_date>19-05-21 08:23:17:860</closed_date></polygon></object><object><name>tooth</name><deleted>0</deleted><verified>0</verified><occluded>no</occluded><attributes>25</attributes><parts><hasparts /><ispartof /></parts><date>19-05-21 08:23:43:973</date><id>2</id><type>bounding_box</type><polygon><username>anonymous</username><pt><x>507</x><y>29</y><time>19-05-21 08:23:25:639</time></pt><pt><x>780</x><y>29</y><time>19-05-21 08:23:31:074</time></pt><pt><x>780</x><y>552</y><time>undefined</time></pt><pt><x>507</x><y>552</y><time>undefined</time></pt><closed_date>19-05-21 08:23:31:075</closed_date></polygon></object><object><name>tooth</name><deleted>0</deleted><verified>0</verified><occluded>no</occluded><attributes>24</attributes><parts><hasparts>4</hasparts><ispartof /></parts><date>19-05-21 08:24:02:546</date><id>3</id><type>bounding_box</type><polygon><username>anonymous</username><pt><x>150</x><y>27</y><time>19-05-21 08:23:53:717</time></pt><pt><x>509</x><y>27</y><time>19-05-21 08:23:57:692</time></pt><pt><x>509</x><y>587</y><time>undefined</time></pt><pt><x>150</x><y>587</y><time>undefined</time></pt><closed_date>19-05-21 08:23:57:693</closed_date></polygon></object><object><name>restoration</name><deleted>0</deleted><verified>0</verified><occluded>no</occluded><attributes /><parts><hasparts /><ispartof>3</ispartof></parts><date>19-05-21 08:24:43:557</date><id>4</id><polygon><username>anonymous</username><pt><x>488</x><y>321</y><time>19-05-21 08:24:21:756</time></pt><pt><x>434</x><y>245</y><time>19-05-21 08:24:25:884</time></pt><pt><x>408</x><y>229</y><time>19-05-21 08:24:26:746</time></pt><pt><x>356</x><y>233</y><time>19-05-21 08:24:27:607</time></pt><pt><x>315</x><y>239</y><time>19-05-21 08:24:28:461</time></pt><pt><x>286</x><y>266</y><time>19-05-21 08:24:29:172</time></pt><pt><x>296</x><y>305</y><time>19-05-21 08:24:29:867</time></pt><pt><x>301</x><y>317</y><time>19-05-21 08:24:30:688</time></pt><pt><x>268</x><y>356</y><time>19-05-21 08:24:31:793</time></pt><pt><x>278</x><y>387</y><time>19-05-21 08:24:32:598</time></pt><pt><x>290</x><y>416</y><time>19-05-21 08:24:33:189</time></pt><pt><x>307</x><y>445</y><time>19-05-21 08:24:34:053</time></pt><pt><x>311</x><y>484</y><time>19-05-21 08:24:34:654</time></pt><pt><x>327</x><y>488</y><time>19-05-21 08:24:35:312</time></pt><pt><x>362</x><y>490</y><time>19-05-21 08:24:35:943</time></pt><pt><x>412</x><y>492</y><time>19-05-21 08:24:36:799</time></pt><pt><x>451</x><y>484</y><time>19-05-21 08:24:37:368</time></pt><pt><x>474</x><y>465</y><time>19-05-21 08:24:37:916</time></pt><pt><x>498</x><y>451</y><time>19-05-21 08:24:38:531</time></pt><pt><x>502</x><y>399</y><time>19-05-21 08:24:39:034</time></pt><closed_date>19-05-21 08:24:39:848</closed_date></polygon></object><object><name>tooth</name><deleted>0</deleted><verified>0</verified><occluded>no</occluded><attributes>23</attributes><parts><hasparts /><ispartof /></parts><date>19-05-21 08:24:56:104</date><id>5</id><type>bounding_box</type><polygon><username>anonymous</username><pt><x>10</x><y>585</y><time>19-05-21 08:24:49:820</time></pt><pt><x>268</x><y>585</y><time>19-05-21 08:24:51:973</time></pt><pt><x>268</x><y>25</y><time>undefined</time></pt><pt><x>10</x><y>25</y><time>undefined</time></pt><closed_date>19-05-21 08:24:51:974</closed_date></polygon></object><object><name>tooth</name><deleted>0</deleted><verified>0</verified><occluded>no</occluded><attributes>33</attributes><parts><hasparts /><ispartof /></parts><date>19-05-21 08:25:09:961</date><id>6</id><type>bounding_box</type><polygon><username>anonymous</username><pt><x>14</x><y>692</y><time>19-05-21 08:25:03:556</time></pt><pt><x>416</x><y>692</y><time>19-05-21 08:25:05:506</time></pt><pt><x>416</x><y>1254</y><time>undefined</time></pt><pt><x>14</x><y>1254</y><time>undefined</time></pt><closed_date>19-05-21 08:25:05:507</closed_date></polygon></object><object><name>tooth</name><deleted>0</deleted><verified>0</verified><occluded>no</occluded><attributes>34</attributes><parts><hasparts /><ispartof /></parts><date>19-05-21 08:25:20:270</date><id>7</id><type>bounding_box</type><polygon><username>anonymous</username><pt><x>128</x><y>671</y><time>19-05-21 08:25:11:496</time></pt><pt><x>566</x><y>671</y><time>19-05-21 08:25:15:052</time></pt><pt><x>566</x><y>1240</y><time>undefined</time></pt><pt><x>128</x><y>1240</y><time>undefined</time></pt><closed_date>19-05-21 08:25:15:052</closed_date></polygon></object><object><name>tooth</name><deleted>0</deleted><verified>0</verified><occluded>no</occluded><attributes>35</attributes><parts><hasparts /><ispartof /></parts><date>19-05-21 08:25:36:455</date><id>8</id><type>bounding_box</type><polygon><username>anonymous</username><pt><x>871</x><y>642</y><time>19-05-21 08:25:29:302</time></pt><pt><x>422</x><y>642</y><time>19-05-21 08:25:31:683</time></pt><pt><x>422</x><y>1248</y><time>undefined</time></pt><pt><x>871</x><y>1248</y><time>undefined</time></pt><closed_date>19-05-21 08:25:31:684</closed_date></polygon></object><object><name>tooth</name><deleted>0</deleted><verified>0</verified><occluded>no</occluded><attributes>36</attributes><parts><hasparts /><ispartof /></parts><date>19-05-21 08:25:51:965</date><id>9</id><type>bounding_box</type><polygon><username>anonymous</username><pt><x>760</x><y>574</y><time>19-05-21 08:25:44:753</time></pt><pt><x>1396</x><y>574</y><time>19-05-21 08:25:47:247</time></pt><pt><x>1396</x><y>1237</y><time>undefined</time></pt><pt><x>760</x><y>1237</y><time>undefined</time></pt><closed_date>19-05-21 08:25:47:247</closed_date></polygon></object><object><name>tooth</name><deleted>0</deleted><verified>0</verified><occluded>no</occluded><attributes>37</attributes><parts><hasparts /><ispartof /></parts><date>19-05-21 08:26:11:593</date><id>10</id><type>bounding_box</type><polygon><username>anonymous</username><pt><x>1604</x><y>467</y><time>19-05-21 08:26:02:317</time></pt><pt><x>1221</x><y>467</y><time>19-05-21 08:26:06:420</time></pt><pt><x>1221</x><y>1240</y><time>undefined</time></pt><pt><x>1604</x><y>1240</y><time>undefined</time></pt><closed_date>19-05-21 08:26:06:420</closed_date></polygon></object><object><name>restoration</name><deleted>0</deleted><verified>0</verified><occluded>no</occluded><attributes /><parts><hasparts /><ispartof>0</ispartof></parts><date>19-05-21 08:26:49:904</date><id>11</id><polygon><username>anonymous</username><pt><x>1353</x><y>39</y><time>19-05-21 08:26:30:203</time></pt><pt><x>1340</x><y>105</y><time>19-05-21 08:26:30:957</time></pt><pt><x>1336</x><y>161</y><time>19-05-21 08:26:31:533</time></pt><pt><x>1340</x><y>175</y><time>19-05-21 08:26:32:061</time></pt><pt><x>1363</x><y>181</y><time>19-05-21 08:26:32:598</time></pt><pt><x>1369</x><y>191</y><time>19-05-21 08:26:33:149</time></pt><pt><x>1373</x><y>216</y><time>19-05-21 08:26:33:654</time></pt><pt><x>1380</x><y>235</y><time>19-05-21 08:26:34:156</time></pt><pt><x>1380</x><y>270</y><time>19-05-21 08:26:34:661</time></pt><pt><x>1386</x><y>294</y><time>19-05-21 08:26:35:199</time></pt><pt><x>1386</x><y>305</y><time>19-05-21 08:26:35:653</time></pt><pt><x>1377</x><y>305</y><time>19-05-21 08:26:36:067</time></pt><pt><x>1375</x><y>307</y><time>19-05-21 08:26:36:534</time></pt><pt><x>1375</x><y>362</y><time>19-05-21 08:26:37:142</time></pt><pt><x>1394</x><y>387</y><time>19-05-21 08:26:37:694</time></pt><pt><x>1427</x><y>408</y><time>19-05-21 08:26:38:188</time></pt><pt><x>1460</x><y>402</y><time>19-05-21 08:26:38:662</time></pt><pt><x>1482</x><y>381</y><time>19-05-21 08:26:39:148</time></pt><pt><x>1524</x><y>360</y><time>19-05-21 08:26:39:677</time></pt><pt><x>1563</x><y>352</y><time>19-05-21 08:26:40:163</time></pt><pt><x>1592</x><y>338</y><time>19-05-21 08:26:40:848</time></pt><pt><x>1592</x><y>305</y><time>19-05-21 08:26:41:416</time></pt><pt><x>1571</x><y>206</y><time>19-05-21 08:26:42:114</time></pt><pt><x>1559</x><y>142</y><time>19-05-21 08:26:42:839</time></pt><pt><x>1528</x><y>103</y><time>19-05-21 08:26:43:504</time></pt><pt><x>1489</x><y>72</y><time>19-05-21 08:26:44:018</time></pt><pt><x>1437</x><y>39</y><time>19-05-21 08:26:44:847</time></pt><pt><x>1394</x><y>25</y><time>19-05-21 08:26:45:627</time></pt><closed_date>19-05-21 08:26:46:267</closed_date></polygon></object><imagesize><nrows /><ncols /></imagesize></annotation>