<?xml version='1.0' encoding='UTF-8'?>
<annotation><filename>imagem-111.jpg</filename><folder>segmentation_xray</folder><source><sourceImage>The MIT-CSAIL database of objects and scenes</sourceImage><sourceAnnotation>LabelMe Webtool</sourceAnnotation></source><object><name>tooth</name><deleted>0</deleted><verified>0</verified><occluded>no</occluded><attributes>18</attributes><parts><hasparts /><ispartof /></parts><date>17-05-21 10:04:13:336</date><id>0</id><type>bounding_box</type><polygon><username>anonymous</username><pt><x>287</x><y>627</y><time>17-05-21 10:04:07:234</time></pt><pt><x>9</x><y>627</y><time>17-05-21 10:04:09:619</time></pt><pt><x>9</x><y>44</y><time>undefined</time></pt><pt><x>287</x><y>44</y><time>undefined</time></pt><closed_date>17-05-21 10:04:09:619</closed_date></polygon></object><object><name>tooth</name><deleted>0</deleted><verified>0</verified><occluded>no</occluded><attributes>17</attributes><parts><hasparts>10</hasparts><ispartof /></parts><date>17-05-21 10:04:20:637</date><id>1</id><type>bounding_box</type><polygon><username>anonymous</username><pt><x>280</x><y>702</y><time>17-05-21 10:04:15:586</time></pt><pt><x>721</x><y>702</y><time>17-05-21 10:04:17:441</time></pt><pt><x>721</x><y>11</y><time>undefined</time></pt><pt><x>280</x><y>11</y><time>undefined</time></pt><closed_date>17-05-21 10:04:17:441</closed_date></polygon></object><object><name>tooth</name><deleted>0</deleted><verified>0</verified><occluded>no</occluded><attributes>16</attributes><parts><hasparts /><ispartof /></parts><date>17-05-21 10:04:27:748</date><id>2</id><type>bounding_box</type><polygon><username>anonymous</username><pt><x>1104</x><y>698</y><time>17-05-21 10:04:22:281</time></pt><pt><x>645</x><y>698</y><time>17-05-21 10:04:24:461</time></pt><pt><x>645</x><y>11</y><time>undefined</time></pt><pt><x>1104</x><y>11</y><time>undefined</time></pt><closed_date>17-05-21 10:04:24:461</closed_date></polygon></object><object><name>tooth</name><deleted>0</deleted><verified>0</verified><occluded>no</occluded><attributes>15</attributes><parts><hasparts /><ispartof /></parts><date>17-05-21 10:04:36:739</date><id>3</id><type>bounding_box</type><polygon><username>anonymous</username><pt><x>1382</x><y>748</y><time>17-05-21 10:04:30:403</time></pt><pt><x>1095</x><y>748</y><time>17-05-21 10:04:32:576</time></pt><pt><x>1095</x><y>5</y><time>undefined</time></pt><pt><x>1382</x><y>5</y><time>undefined</time></pt><closed_date>17-05-21 10:04:32:577</closed_date></polygon></object><object><name>tooth</name><deleted>0</deleted><verified>0</verified><occluded>no</occluded><attributes>14</attributes><parts><hasparts /><ispartof /></parts><date>17-05-21 10:04:46:679</date><id>4</id><type>bounding_box</type><polygon><username>anonymous</username><pt><x>1345</x><y>767</y><time>17-05-21 10:04:38:532</time></pt><pt><x>1609</x><y>767</y><time>17-05-21 10:04:43:272</time></pt><pt><x>1609</x><y>5</y><time>undefined</time></pt><pt><x>1345</x><y>5</y><time>undefined</time></pt><closed_date>17-05-21 10:04:43:273</closed_date></polygon></object><object><name>tooth</name><deleted>0</deleted><verified>0</verified><occluded>no</occluded><attributes>48</attributes><parts><hasparts /><ispartof /></parts><date>17-05-21 10:04:55:117</date><id>5</id><type>bounding_box</type><polygon><username>anonymous</username><pt><x>16</x><y>822</y><time>17-05-21 10:04:49:491</time></pt><pt><x>356</x><y>822</y><time>17-05-21 10:04:51:104</time></pt><pt><x>356</x><y>1230</y><time>undefined</time></pt><pt><x>16</x><y>1230</y><time>undefined</time></pt><closed_date>17-05-21 10:04:51:105</closed_date></polygon></object><object><name>tooth</name><deleted>0</deleted><verified>0</verified><occluded>no</occluded><attributes>47</attributes><parts><hasparts /><ispartof /></parts><date>17-05-21 10:05:05:171</date><id>6</id><type>bounding_box</type><polygon><username>anonymous</username><pt><x>252</x><y>689</y><time>17-05-21 10:04:57:297</time></pt><pt><x>718</x><y>689</y><time>17-05-21 10:05:01:581</time></pt><pt><x>718</x><y>1242</y><time>undefined</time></pt><pt><x>252</x><y>1242</y><time>undefined</time></pt><closed_date>17-05-21 10:05:01:581</closed_date></polygon></object><object><name>tooth</name><deleted>0</deleted><verified>0</verified><occluded>no</occluded><attributes>46</attributes><parts><hasparts>11</hasparts><ispartof /></parts><date>17-05-21 10:05:15:958</date><id>7</id><type>bounding_box</type><polygon><username>anonymous</username><pt><x>1178</x><y>771</y><time>17-05-21 10:05:07:335</time></pt><pt><x>712</x><y>771</y><time>17-05-21 10:05:10:466</time></pt><pt><x>712</x><y>1244</y><time>undefined</time></pt><pt><x>1178</x><y>1244</y><time>undefined</time></pt><closed_date>17-05-21 10:05:10:467</closed_date></polygon></object><object><name>tooth</name><deleted>0</deleted><verified>0</verified><occluded>no</occluded><attributes>45</attributes><parts><hasparts /><ispartof /></parts><date>17-05-21 10:05:32:116</date><id>8</id><type>bounding_box</type><polygon><username>anonymous</username><pt><x>1437</x><y>799</y><time>17-05-21 10:05:18:963</time></pt><pt><x>1134</x><y>799</y><time>17-05-21 10:05:27:308</time></pt><pt><x>1134</x><y>1240</y><time>undefined</time></pt><pt><x>1437</x><y>1240</y><time>undefined</time></pt><closed_date>17-05-21 10:05:27:308</closed_date></polygon></object><object><name>tooth</name><deleted>0</deleted><verified>0</verified><occluded>no</occluded><attributes>44</attributes><parts><hasparts /><ispartof /></parts><date>17-05-21 10:05:41:022</date><id>9</id><type>bounding_box</type><polygon><username>anonymous</username><pt><x>1611</x><y>1217</y><time>17-05-21 10:05:34:982</time></pt><pt><x>1407</x><y>1217</y><time>17-05-21 10:05:37:635</time></pt><pt><x>1407</x><y>785</y><time>undefined</time></pt><pt><x>1611</x><y>785</y><time>undefined</time></pt><closed_date>17-05-21 10:05:37:636</closed_date></polygon></object><object><name>restoration</name><deleted>0</deleted><verified>0</verified><occluded>no</occluded><attributes /><parts><hasparts /><ispartof>1</ispartof></parts><date>17-05-21 10:06:24:007</date><id>10</id><polygon><username>anonymous</username><pt><x>461</x><y>585</y><time>17-05-21 10:06:15:988</time></pt><pt><x>475</x><y>535</y><time>17-05-21 10:06:16:513</time></pt><pt><x>535</x><y>526</y><time>17-05-21 10:06:17:146</time></pt><pt><x>558</x><y>558</y><time>17-05-21 10:06:17:553</time></pt><pt><x>569</x><y>590</y><time>17-05-21 10:06:18:148</time></pt><pt><x>578</x><y>613</y><time>17-05-21 10:06:19:033</time></pt><pt><x>562</x><y>624</y><time>17-05-21 10:06:19:405</time></pt><pt><x>544</x><y>624</y><time>17-05-21 10:06:19:691</time></pt><pt><x>519</x><y>620</y><time>17-05-21 10:06:19:969</time></pt><closed_date>17-05-21 10:06:20:513</closed_date></polygon></object><object><name>restoration</name><deleted>0</deleted><verified>0</verified><occluded>no</occluded><attributes /><parts><hasparts /><ispartof>7</ispartof></parts><date>17-05-21 10:07:32:096</date><id>11</id><polygon><username>anonymous</username><pt><x>1021</x><y>872</y><time>17-05-21 10:07:23:184</time></pt><pt><x>980</x><y>875</y><time>17-05-21 10:07:23:871</time></pt><pt><x>939</x><y>886</y><time>17-05-21 10:07:24:391</time></pt><pt><x>934</x><y>877</y><time>17-05-21 10:07:24:815</time></pt><pt><x>904</x><y>865</y><time>17-05-21 10:07:25:200</time></pt><pt><x>939</x><y>845</y><time>17-05-21 10:07:25:767</time></pt><pt><x>959</x><y>845</y><time>17-05-21 10:07:26:082</time></pt><pt><x>987</x><y>842</y><time>17-05-21 10:07:26:403</time></pt><pt><x>1021</x><y>833</y><time>17-05-21 10:07:26:751</time></pt><pt><x>1060</x><y>824</y><time>17-05-21 10:07:27:024</time></pt><pt><x>1081</x><y>808</y><time>17-05-21 10:07:27:248</time></pt><pt><x>1102</x><y>826</y><time>17-05-21 10:07:27:633</time></pt><pt><x>1106</x><y>838</y><time>17-05-21 10:07:27:921</time></pt><pt><x>1086</x><y>858</y><time>17-05-21 10:07:28:319</time></pt><closed_date>17-05-21 10:07:28:855</closed_date></polygon></object><imagesize><nrows /><ncols /></imagesize></annotation>