<?xml version='1.0' encoding='UTF-8'?>
<annotation><filename>imagem-025.jpg</filename><folder>segmentation_xray</folder><source><sourceImage>The MIT-CSAIL database of objects and scenes</sourceImage><sourceAnnotation>LabelMe Webtool</sourceAnnotation></source><object><name>tooth</name><deleted>0</deleted><verified>0</verified><occluded>no</occluded><attributes>26</attributes><parts><hasparts /><ispartof>7</ispartof></parts><date>19-05-21 11:32:05:376</date><id>0</id><type>bounding_box</type><polygon><username>anonymous</username><pt><x>2796</x><y>1190</y><time>19-05-21 11:31:57:275</time></pt><pt><x>3847</x><y>1190</y><time>19-05-21 11:32:00:451</time></pt><pt><x>3847</x><y>12</y><time>undefined</time></pt><pt><x>2796</x><y>12</y><time>undefined</time></pt><closed_date>19-05-21 11:32:00:452</closed_date></polygon></object><object><name>tooth</name><deleted>0</deleted><verified>0</verified><occluded>no</occluded><attributes>27</attributes><parts><hasparts /><ispartof>7</ispartof></parts><date>19-05-21 11:32:18:035</date><id>1</id><type>bounding_box</type><polygon><username>anonymous</username><pt><x>3772</x><y>1248</y><time>19-05-21 11:32:09:769</time></pt><pt><x>4072</x><y>1248</y><time>19-05-21 11:32:14:807</time></pt><pt><x>4072</x><y>219</y><time>undefined</time></pt><pt><x>3772</x><y>219</y><time>undefined</time></pt><closed_date>19-05-21 11:32:14:807</closed_date></polygon></object><object><name>tooth</name><deleted>0</deleted><verified>0</verified><occluded>no</occluded><attributes>25</attributes><parts><hasparts /><ispartof>7</ispartof></parts><date>19-05-21 11:32:24:959</date><id>2</id><type>bounding_box</type><polygon><username>anonymous</username><pt><x>2091</x><y>1282</y><time>19-05-21 11:32:19:364</time></pt><pt><x>2853</x><y>1282</y><time>19-05-21 11:32:21:283</time></pt><pt><x>2853</x><y>0</y><time>undefined</time></pt><pt><x>2091</x><y>0</y><time>undefined</time></pt><closed_date>19-05-21 11:32:21:283</closed_date></polygon></object><object><name>tooth</name><deleted>0</deleted><verified>0</verified><occluded>no</occluded><attributes>24</attributes><parts><hasparts /><ispartof>7</ispartof></parts><date>19-05-21 11:32:34:735</date><id>3</id><type>bounding_box</type><polygon><username>anonymous</username><pt><x>1432</x><y>1277</y><time>19-05-21 11:32:27:561</time></pt><pt><x>2212</x><y>1277</y><time>19-05-21 11:32:31:460</time></pt><pt><x>2212</x><y>29</y><time>undefined</time></pt><pt><x>1432</x><y>29</y><time>undefined</time></pt><closed_date>19-05-21 11:32:31:460</closed_date></polygon></object><object><name>tooth</name><deleted>0</deleted><verified>0</verified><occluded>no</occluded><attributes>23</attributes><parts><hasparts /><ispartof>7</ispartof></parts><date>19-05-21 11:32:42:403</date><id>4</id><type>bounding_box</type><polygon><username>anonymous</username><pt><x>716</x><y>1317</y><time>19-05-21 11:32:36:585</time></pt><pt><x>1554</x><y>1317</y><time>19-05-21 11:32:39:223</time></pt><pt><x>1554</x><y>0</y><time>undefined</time></pt><pt><x>716</x><y>0</y><time>undefined</time></pt><closed_date>19-05-21 11:32:39:223</closed_date></polygon></object><imagesize><nrows /><ncols /></imagesize><object><name>tooth</name><deleted>0</deleted><verified>0</verified><occluded>no</occluded><attributes>22</attributes><parts><hasparts /><ispartof /></parts><date>24-05-21 14:09:47:577</date><id>5</id><type>bounding_box</type><polygon><username>anonymous</username><pt><x>76</x><y>1184</y><time>24-05-21 14:09:36:340</time></pt><pt><x>731</x><y>1184</y><time>24-05-21 14:09:39:839</time></pt><pt><x>731</x><y>11</y><time>undefined</time></pt><pt><x>76</x><y>11</y><time>undefined</time></pt><closed_date>24-05-21 14:09:39:839</closed_date></polygon></object><object><name>tooth</name><deleted>0</deleted><verified>0</verified><occluded>no</occluded><attributes>33</attributes><parts><hasparts /><ispartof /></parts><date>24-05-21 14:11:04:975</date><id>6</id><type>bounding_box</type><polygon><username>anonymous</username><pt><x>147</x><y>1468</y><time>24-05-21 14:10:50:869</time></pt><pt><x>851</x><y>1468</y><time>24-05-21 14:10:59:101</time></pt><pt><x>851</x><y>3121</y><time>undefined</time></pt><pt><x>147</x><y>3121</y><time>undefined</time></pt><closed_date>24-05-21 14:10:59:102</closed_date></polygon></object><object><name>tooth</name><deleted>0</deleted><verified>0</verified><occluded>no</occluded><attributes>34</attributes><parts><hasparts /><ispartof /></parts><date>24-05-21 14:11:33:585</date><id>7</id><type>bounding_box</type><polygon><username>anonymous</username><pt><x>1571</x><y>1479</y><time>24-05-21 14:11:20:262</time></pt><pt><x>862</x><y>1479</y><time>24-05-21 14:11:27:342</time></pt><pt><x>862</x><y>3132</y><time>undefined</time></pt><pt><x>1571</x><y>3132</y><time>undefined</time></pt><closed_date>24-05-21 14:11:27:342</closed_date></polygon></object><object><name>tooth</name><deleted>0</deleted><verified>0</verified><occluded>no</occluded><attributes>35</attributes><parts><hasparts /><ispartof /></parts><date>24-05-21 14:11:51:092</date><id>8</id><type>bounding_box</type><polygon><username>anonymous</username><pt><x>2286</x><y>1539</y><time>24-05-21 14:11:36:392</time></pt><pt><x>1517</x><y>1539</y><time>24-05-21 14:11:42:733</time></pt><pt><x>1517</x><y>3121</y><time>undefined</time></pt><pt><x>2286</x><y>3121</y><time>undefined</time></pt><closed_date>24-05-21 14:11:42:733</closed_date></polygon></object><object><name>tooth</name><deleted>0</deleted><verified>0</verified><occluded>no</occluded><attributes>36</attributes><parts><hasparts>11</hasparts><ispartof /></parts><date>24-05-21 14:14:51:924</date><id>9</id><type>bounding_box</type><polygon><username>anonymous</username><pt><x>3426</x><y>1468</y><time>24-05-21 14:14:37:414</time></pt><pt><x>2215</x><y>1468</y><time>24-05-21 14:14:43:791</time></pt><pt><x>2215</x><y>3137</y><time>undefined</time></pt><pt><x>3426</x><y>3137</y><time>undefined</time></pt><closed_date>24-05-21 14:14:43:791</closed_date></polygon></object><object><name>tooth</name><deleted>0</deleted><verified>0</verified><occluded>no</occluded><attributes>37</attributes><parts><hasparts /><ispartof /></parts><date>24-05-21 14:15:11:552</date><id>10</id><type>bounding_box</type><polygon><username>anonymous</username><pt><x>3252</x><y>1315</y><time>24-05-21 14:14:59:973</time></pt><pt><x>4075</x><y>1315</y><time>24-05-21 14:15:05:015</time></pt><pt><x>4075</x><y>2995</y><time>undefined</time></pt><pt><x>3252</x><y>2995</y><time>undefined</time></pt><closed_date>24-05-21 14:15:05:015</closed_date></polygon></object><object><name>restoration</name><deleted>0</deleted><verified>0</verified><occluded>no</occluded><attributes /><parts><hasparts /><ispartof>9</ispartof></parts><date>24-05-21 14:16:05:089</date><id>11</id><polygon><username>anonymous</username><pt><x>2717</x><y>1669</y><time>24-05-21 14:15:45:959</time></pt><pt><x>2712</x><y>1779</y><time>24-05-21 14:15:47:629</time></pt><pt><x>2722</x><y>1828</y><time>24-05-21 14:15:48:350</time></pt><pt><x>2739</x><y>1844</y><time>24-05-21 14:15:48:693</time></pt><pt><x>2750</x><y>1866</y><time>24-05-21 14:15:48:982</time></pt><pt><x>2766</x><y>1877</y><time>24-05-21 14:15:49:263</time></pt><pt><x>2799</x><y>1882</y><time>24-05-21 14:15:49:535</time></pt><pt><x>2815</x><y>1882</y><time>24-05-21 14:15:49:783</time></pt><pt><x>2853</x><y>1839</y><time>24-05-21 14:15:51:053</time></pt><pt><x>2848</x><y>1822</y><time>24-05-21 14:15:51:470</time></pt><pt><x>2875</x><y>1806</y><time>24-05-21 14:15:51:989</time></pt><pt><x>2881</x><y>1768</y><time>24-05-21 14:15:52:589</time></pt><pt><x>2881</x><y>1719</y><time>24-05-21 14:15:53:206</time></pt><pt><x>2875</x><y>1708</y><time>24-05-21 14:15:53:622</time></pt><pt><x>2870</x><y>1691</y><time>24-05-21 14:15:53:935</time></pt><pt><x>2859</x><y>1680</y><time>24-05-21 14:15:54:246</time></pt><pt><x>2859</x><y>1669</y><time>24-05-21 14:15:54:575</time></pt><pt><x>2859</x><y>1664</y><time>24-05-21 14:15:54:903</time></pt><pt><x>2859</x><y>1637</y><time>24-05-21 14:15:55:502</time></pt><pt><x>2853</x><y>1631</y><time>24-05-21 14:15:56:166</time></pt><pt><x>2815</x><y>1642</y><time>24-05-21 14:15:56:982</time></pt><pt><x>2777</x><y>1664</y><time>24-05-21 14:15:57:926</time></pt><closed_date>24-05-21 14:15:58:262</closed_date></polygon></object></annotation>