<?xml version="1.0" encoding="UTF-8"?><annotation><filename>imagem-107.jpg</filename><folder>segmentation_xray</folder><source><sourceImage>The MIT-CSAIL database of objects and scenes</sourceImage><sourceAnnotation>LabelMe Webtool</sourceAnnotation></source><object><name>crown</name><deleted>1</deleted><verified>0</verified><occluded>no</occluded><attributes/><parts><hasparts/><ispartof/></parts><date>30-04-21 14:32:49:567</date><id>0</id><polygon><username>anonymous</username><pt><x>776</x><y>682</y><time>30-04-21 14:32:04:322</time></pt><pt><x>730</x><y>747</y><time>30-04-21 14:32:05:723</time></pt><pt><x>733</x><y>798</y><time>30-04-21 14:32:06:274</time></pt><pt><x>744</x><y>875</y><time>30-04-21 14:32:06:841</time></pt><pt><x>770</x><y>947</y><time>30-04-21 14:32:07:394</time></pt><pt><x>781</x><y>981</y><time>30-04-21 14:32:07:930</time></pt><pt><x>781</x><y>910</y><time>30-04-21 14:32:09:066</time></pt><pt><x>778</x><y>864</y><time>30-04-21 14:32:09:682</time></pt><pt><x>781</x><y>827</y><time>30-04-21 14:32:10:146</time></pt><pt><x>781</x><y>804</y><time>30-04-21 14:32:10:730</time></pt><pt><x>804</x><y>753</y><time>30-04-21 14:32:11:234</time></pt><pt><x>816</x><y>744</y><time>30-04-21 14:32:11:858</time></pt><pt><x>867</x><y>753</y><time>30-04-21 14:32:12:298</time></pt><pt><x>907</x><y>778</y><time>30-04-21 14:32:12:738</time></pt><pt><x>930</x><y>798</y><time>30-04-21 14:32:13:290</time></pt><pt><x>955</x><y>821</y><time>30-04-21 14:32:13:722</time></pt><pt><x>981</x><y>827</y><time>30-04-21 14:32:14:274</time></pt><pt><x>1009</x><y>798</y><time>30-04-21 14:32:14:834</time></pt><pt><x>1029</x><y>759</y><time>30-04-21 14:32:15:890</time></pt><pt><x>1066</x><y>747</y><time>30-04-21 14:32:16:218</time></pt><pt><x>1089</x><y>756</y><time>30-04-21 14:32:16:522</time></pt><pt><x>1115</x><y>773</y><time>30-04-21 14:32:16:850</time></pt><pt><x>1135</x><y>807</y><time>30-04-21 14:32:17:258</time></pt><pt><x>1155</x><y>858</y><time>30-04-21 14:32:17:682</time></pt><pt><x>1161</x><y>884</y><time>30-04-21 14:32:18:145</time></pt><pt><x>1169</x><y>898</y><time>30-04-21 14:32:18:506</time></pt><pt><x>1141</x><y>690</y><time>30-04-21 14:32:26:050</time></pt><pt><x>1104</x><y>679</y><time>30-04-21 14:32:26:986</time></pt><pt><x>1089</x><y>662</y><time>30-04-21 14:32:27:474</time></pt><pt><x>1064</x><y>650</y><time>30-04-21 14:32:27:930</time></pt><pt><x>1044</x><y>650</y><time>30-04-21 14:32:28:322</time></pt><pt><x>1035</x><y>650</y><time>30-04-21 14:32:28:866</time></pt><pt><x>978</x><y>667</y><time>30-04-21 14:32:30:130</time></pt><pt><x>941</x><y>684</y><time>30-04-21 14:32:30:698</time></pt><pt><x>924</x><y>693</y><time>30-04-21 14:32:31:066</time></pt><pt><x>895</x><y>679</y><time>30-04-21 14:32:31:954</time></pt><pt><x>873</x><y>667</y><time>30-04-21 14:32:32:466</time></pt><pt><x>855</x><y>670</y><time>30-04-21 14:32:32:835</time></pt><pt><x>833</x><y>670</y><time>30-04-21 14:32:33:627</time></pt><pt><x>807</x><y>673</y><time>30-04-21 14:32:34:106</time></pt><closed_date>30-04-21 14:32:35:341</closed_date></polygon></object><object><name>pulp</name><deleted>1</deleted><verified>0</verified><occluded>no</occluded><attributes/><parts><hasparts/><ispartof/></parts><date>30-04-21 14:33:28:284</date><id>1</id><polygon><username>anonymous</username><pt><x>987</x><y>962</y><time>30-04-21 14:33:02:000</time></pt><pt><x>893</x><y>895</y><time>30-04-21 14:33:03:066</time></pt><pt><x>875</x><y>915</y><time>30-04-21 14:33:03:842</time></pt><pt><x>895</x><y>957</y><time>30-04-21 14:33:04:322</time></pt><pt><x>932</x><y>992</y><time>30-04-21 14:33:04:786</time></pt><pt><x>1014</x><y>1208</y><time>30-04-21 14:33:06:170</time></pt><pt><x>1029</x><y>1227</y><time>30-04-21 14:33:06:626</time></pt><pt><x>1059</x><y>1222</y><time>30-04-21 14:33:07:538</time></pt><pt><x>979</x><y>1056</y><time>30-04-21 14:33:10:658</time></pt><pt><x>987</x><y>1051</y><time>30-04-21 14:33:11:186</time></pt><pt><x>1007</x><y>1032</y><time>30-04-21 14:33:11:690</time></pt><pt><x>1036</x><y>1044</y><time>30-04-21 14:33:12:043</time></pt><pt><x>1094</x><y>1121</y><time>30-04-21 14:33:12:658</time></pt><pt><x>1116</x><y>1190</y><time>30-04-21 14:33:13:195</time></pt><pt><x>1126</x><y>1210</y><time>30-04-21 14:33:13:530</time></pt><pt><x>1151</x><y>1230</y><time>30-04-21 14:33:14:218</time></pt><pt><x>1126</x><y>1098</y><time>30-04-21 14:33:15:170</time></pt><pt><x>1096</x><y>1041</y><time>30-04-21 14:33:15:835</time></pt><pt><x>1064</x><y>955</y><time>30-04-21 14:33:16:386</time></pt><pt><x>1029</x><y>888</y><time>30-04-21 14:33:16:826</time></pt><pt><x>1017</x><y>880</y><time>30-04-21 14:33:17:370</time></pt><pt><x>997</x><y>903</y><time>30-04-21 14:33:18:066</time></pt><pt><x>997</x><y>927</y><time>30-04-21 14:33:18:507</time></pt><closed_date>30-04-21 14:33:19:210</closed_date></polygon></object><imagesize><nrows></nrows><ncols></ncols></imagesize><object><name>tooth</name><deleted>0</deleted><verified>0</verified><occluded>no</occluded><attributes>25</attributes><parts><hasparts/><ispartof/></parts><date>12-05-21 13:12:11:851</date><id>2</id><type>bounding_box</type><polygon><username>anonymous</username><pt><x>147</x><y>528</y><time>12-05-21 13:12:02:733</time></pt><pt><x>455</x><y>528</y><time>12-05-21 13:12:05:161</time></pt><pt><x>455</x><y>8</y><time>undefined</time></pt><pt><x>147</x><y>8</y><time>undefined</time></pt><closed_date>12-05-21 13:12:05:161</closed_date></polygon></object><object><name>tooth</name><deleted>0</deleted><verified>0</verified><occluded>no</occluded><attributes>24</attributes><parts><hasparts/><ispartof/></parts><date>12-05-21 13:12:35:885</date><id>3</id><type>bounding_box</type><polygon><username>anonymous</username><pt><x>18</x><y>461</y><time>12-05-21 13:12:23:154</time></pt><pt><x>240</x><y>461</y><time>12-05-21 13:12:30:238</time></pt><pt><x>240</x><y>18</y><time>undefined</time></pt><pt><x>18</x><y>18</y><time>undefined</time></pt><closed_date>12-05-21 13:12:30:239</closed_date></polygon></object><object><name>tooth</name><deleted>0</deleted><verified>0</verified><occluded>no</occluded><attributes>26</attributes><parts><hasparts/><ispartof/></parts><date>12-05-21 13:12:54:491</date><id>4</id><type>bounding_box</type><polygon><username>anonymous</username><pt><x>866</x><y>579</y><time>12-05-21 13:12:40:670</time></pt><pt><x>416</x><y>579</y><time>12-05-21 13:12:44:578</time></pt><pt><x>416</x><y>16</y><time>undefined</time></pt><pt><x>866</x><y>16</y><time>undefined</time></pt><closed_date>12-05-21 13:12:44:578</closed_date></polygon></object><object><name>tooth</name><deleted>0</deleted><verified>0</verified><occluded>no</occluded><attributes>27</attributes><parts><hasparts/><ispartof/></parts><date>12-05-21 13:13:07:464</date><id>5</id><type>bounding_box</type><polygon><username>anonymous</username><pt><x>1210</x><y>582</y><time>12-05-21 13:12:58:104</time></pt><pt><x>817</x><y>582</y><time>12-05-21 13:13:02:953</time></pt><pt><x>817</x><y>23</y><time>undefined</time></pt><pt><x>1210</x><y>23</y><time>undefined</time></pt><closed_date>12-05-21 13:13:02:954</closed_date></polygon></object><object><name>tooth</name><deleted>0</deleted><verified>0</verified><occluded>no</occluded><attributes>28</attributes><parts><hasparts/><ispartof/></parts><date>12-05-21 13:13:28:192</date><id>6</id><type>bounding_box</type><polygon><username>anonymous</username><pt><x>1581</x><y>512</y><time>12-05-21 13:13:17:962</time></pt><pt><x>1204</x><y>512</y><time>12-05-21 13:13:22:858</time></pt><pt><x>1204</x><y>25</y><time>undefined</time></pt><pt><x>1581</x><y>25</y><time>undefined</time></pt><closed_date>12-05-21 13:13:22:859</closed_date></polygon></object><object><name>tooth</name><deleted>0</deleted><verified>0</verified><occluded>no</occluded><attributes>38</attributes><parts><hasparts/><ispartof/></parts><date>12-05-21 13:13:51:950</date><id>7</id><type>bounding_box</type><polygon><username>anonymous</username><pt><x>1587</x><y>545</y><time>12-05-21 13:13:42:456</time></pt><pt><x>1151</x><y>545</y><time>12-05-21 13:13:47:225</time></pt><pt><x>1151</x><y>1206</y><time>undefined</time></pt><pt><x>1587</x><y>1206</y><time>undefined</time></pt><closed_date>12-05-21 13:13:47:225</closed_date></polygon></object><object><name>tooth</name><deleted>0</deleted><verified>0</verified><occluded>no</occluded><attributes>37</attributes><parts><hasparts/><ispartof/></parts><date>12-05-21 13:14:21:297</date><id>8</id><type>bounding_box</type><polygon><username>anonymous</username><pt><x>725</x><y>647</y><time>12-05-21 13:14:04:094</time></pt><pt><x>1235</x><y>647</y><time>12-05-21 13:14:12:686</time></pt><pt><x>1235</x><y>1243</y><time>undefined</time></pt><pt><x>725</x><y>1243</y><time>undefined</time></pt><closed_date>12-05-21 13:14:12:687</closed_date></polygon></object><object><name>tooth</name><deleted>0</deleted><verified>0</verified><occluded>no</occluded><attributes>35</attributes><parts><hasparts/><ispartof/></parts><date>12-05-21 13:14:51:936</date><id>9</id><type>bounding_box</type><polygon><username>anonymous</username><pt><x>70</x><y>573</y><time>12-05-21 13:14:42:931</time></pt><pt><x>358</x><y>573</y><time>12-05-21 13:14:47:109</time></pt><pt><x>358</x><y>1218</y><time>undefined</time></pt><pt><x>70</x><y>1218</y><time>undefined</time></pt><closed_date>12-05-21 13:14:47:109</closed_date></polygon></object></annotation>