<?xml version='1.0' encoding='UTF-8'?>
<annotation><filename>imagem-028.jpg</filename><folder>segmentation_xray</folder><source><sourceImage>The MIT-CSAIL database of objects and scenes</sourceImage><sourceAnnotation>LabelMe Webtool</sourceAnnotation></source><object><name>tooth</name><deleted>0</deleted><verified>0</verified><occluded>no</occluded><attributes>16</attributes><parts><hasparts>9</hasparts><ispartof /></parts><date>11-05-21 10:23:35:542</date><id>0</id><type>bounding_box</type><polygon><username>anonymous</username><pt><x>465</x><y>7</y><time>11-05-21 10:23:21:409</time></pt><pt><x>1614</x><y>7</y><time>11-05-21 10:23:25:248</time></pt><pt><x>1614</x><y>1478</y><time>undefined</time></pt><pt><x>465</x><y>1478</y><time>undefined</time></pt><closed_date>11-05-21 10:23:25:249</closed_date></polygon></object><object><name>tooth</name><deleted>0</deleted><verified>0</verified><occluded>no</occluded><attributes>15</attributes><parts><hasparts /><ispartof /></parts><date>11-05-21 10:24:26:368</date><id>1</id><type>bounding_box</type><polygon><username>anonymous</username><pt><x>1632</x><y>21</y><time>11-05-21 10:24:10:428</time></pt><pt><x>2339</x><y>21</y><time>11-05-21 10:24:18:263</time></pt><pt><x>2339</x><y>1461</y><time>undefined</time></pt><pt><x>1632</x><y>1461</y><time>undefined</time></pt><closed_date>11-05-21 10:24:18:264</closed_date></polygon></object><object><name>tooth</name><deleted>0</deleted><verified>0</verified><occluded>no</occluded><attributes>14</attributes><parts><hasparts /><ispartof /></parts><date>11-05-21 10:24:36:226</date><id>2</id><type>bounding_box</type><polygon><username>anonymous</username><pt><x>3109</x><y>1461</y><time>11-05-21 10:24:28:568</time></pt><pt><x>2308</x><y>1461</y><time>11-05-21 10:24:31:159</time></pt><pt><x>2308</x><y>10</y><time>undefined</time></pt><pt><x>3109</x><y>10</y><time>undefined</time></pt><closed_date>11-05-21 10:24:31:160</closed_date></polygon></object><object><name>tooth</name><deleted>0</deleted><verified>0</verified><occluded>no</occluded><attributes>13</attributes><parts><hasparts /><ispartof /></parts><date>11-05-21 10:26:23:430</date><id>3</id><type>bounding_box</type><polygon><username>anonymous</username><pt><x>4076</x><y>1518</y><time>11-05-21 10:26:12:396</time></pt><pt><x>3098</x><y>1518</y><time>11-05-21 10:26:17:328</time></pt><pt><x>3098</x><y>10</y><time>undefined</time></pt><pt><x>4076</x><y>10</y><time>undefined</time></pt><closed_date>11-05-21 10:26:17:328</closed_date></polygon></object><object><name>tooth</name><deleted>0</deleted><verified>0</verified><occluded>yes</occluded><attributes>46</attributes><parts><hasparts>5</hasparts><ispartof /></parts><date>11-05-21 10:26:39:349</date><id>4</id><type>bounding_box</type><polygon><username>anonymous</username><pt><x>307</x><y>3155</y><time>11-05-21 10:26:25:463</time></pt><pt><x>1684</x><y>3155</y><time>11-05-21 10:26:27:996</time></pt><pt><x>1684</x><y>1663</y><time>undefined</time></pt><pt><x>307</x><y>1663</y><time>undefined</time></pt><closed_date>11-05-21 10:26:27:997</closed_date></polygon></object><object><name>restoration</name><deleted>0</deleted><verified>0</verified><occluded>yes</occluded><attributes>material radiopaco</attributes><parts><hasparts /><ispartof>4</ispartof></parts><date>11-05-21 10:27:39:296</date><id>5</id><polygon><username>anonymous</username><pt><x>697</x><y>1819</y><time>11-05-21 10:27:14:774</time></pt><pt><x>837</x><y>1819</y><time>11-05-21 10:27:15:548</time></pt><pt><x>910</x><y>1845</y><time>11-05-21 10:27:16:304</time></pt><pt><x>1014</x><y>1845</y><time>11-05-21 10:27:16:881</time></pt><pt><x>1081</x><y>1845</y><time>11-05-21 10:27:17:491</time></pt><pt><x>1185</x><y>1840</y><time>11-05-21 10:27:18:084</time></pt><pt><x>1242</x><y>1840</y><time>11-05-21 10:27:18:661</time></pt><pt><x>1294</x><y>1845</y><time>11-05-21 10:27:19:271</time></pt><pt><x>1341</x><y>1903</y><time>11-05-21 10:27:19:904</time></pt><pt><x>1383</x><y>1939</y><time>11-05-21 10:27:20:554</time></pt><pt><x>1435</x><y>1975</y><time>11-05-21 10:27:21:229</time></pt><pt><x>1487</x><y>2033</y><time>11-05-21 10:27:21:854</time></pt><pt><x>1523</x><y>2064</y><time>11-05-21 10:27:22:521</time></pt><pt><x>1497</x><y>2095</y><time>11-05-21 10:27:23:203</time></pt><pt><x>1456</x><y>2121</y><time>11-05-21 10:27:23:895</time></pt><pt><x>1388</x><y>2126</y><time>11-05-21 10:27:24:544</time></pt><pt><x>1336</x><y>2131</y><time>11-05-21 10:27:25:202</time></pt><pt><x>1305</x><y>2163</y><time>11-05-21 10:27:25:804</time></pt><pt><x>1305</x><y>2163</y><time>11-05-21 10:27:26:194</time></pt><pt><x>1133</x><y>2298</y><time>11-05-21 10:27:27:470</time></pt><pt><x>951</x><y>2318</y><time>11-05-21 10:27:28:347</time></pt><pt><x>790</x><y>2298</y><time>11-05-21 10:27:29:078</time></pt><pt><x>650</x><y>2215</y><time>11-05-21 10:27:29:923</time></pt><pt><x>603</x><y>2064</y><time>11-05-21 10:27:30:557</time></pt><pt><x>613</x><y>1944</y><time>11-05-21 10:27:31:077</time></pt><pt><x>650</x><y>1845</y><time>11-05-21 10:27:31:547</time></pt><closed_date>11-05-21 10:27:32:272</closed_date></polygon></object><object><name>tooth</name><deleted>0</deleted><verified>0</verified><occluded>no</occluded><attributes>45</attributes><parts><hasparts>10</hasparts><ispartof /></parts><date>11-05-21 10:29:49:751</date><id>6</id><type>bounding_box</type><polygon><username>anonymous</username><pt><x>1793</x><y>3166</y><time>11-05-21 10:29:29:384</time></pt><pt><x>2610</x><y>3166</y><time>11-05-21 10:29:32:105</time></pt><pt><x>2610</x><y>1700</y><time>undefined</time></pt><pt><x>1793</x><y>1700</y><time>undefined</time></pt><closed_date>11-05-21 10:29:32:105</closed_date></polygon></object><object><name>tooth</name><deleted>0</deleted><verified>0</verified><occluded>no</occluded><attributes>44</attributes><parts><hasparts>11</hasparts><ispartof /></parts><date>11-05-21 10:30:48:713</date><id>7</id><type>bounding_box</type><polygon><username>anonymous</username><pt><x>3337</x><y>3135</y><time>11-05-21 10:30:32:433</time></pt><pt><x>2589</x><y>3135</y><time>11-05-21 10:30:38:314</time></pt><pt><x>2589</x><y>1835</y><time>undefined</time></pt><pt><x>3337</x><y>1835</y><time>undefined</time></pt><closed_date>11-05-21 10:30:38:314</closed_date></polygon></object><object><name>tooth</name><deleted>0</deleted><verified>0</verified><occluded>no</occluded><attributes>43</attributes><parts><hasparts /><ispartof /></parts><date>11-05-21 10:31:00:590</date><id>8</id><type>bounding_box</type><polygon><username>anonymous</username><pt><x>3374</x><y>1684</y><time>11-05-21 10:30:51:848</time></pt><pt><x>4081</x><y>1684</y><time>11-05-21 10:30:54:625</time></pt><pt><x>4081</x><y>3072</y><time>undefined</time></pt><pt><x>3374</x><y>3072</y><time>undefined</time></pt><closed_date>11-05-21 10:30:54:625</closed_date></polygon></object><object><name>restoration</name><deleted>0</deleted><verified>0</verified><occluded>no</occluded><attributes /><parts><hasparts /><ispartof>0</ispartof></parts><date>11-05-21 10:32:00:260</date><id>9</id><polygon><username>anonymous</username><pt><x>634</x><y>977</y><time>11-05-21 10:31:36:086</time></pt><pt><x>629</x><y>1086</y><time>11-05-21 10:31:36:789</time></pt><pt><x>613</x><y>1180</y><time>11-05-21 10:31:37:474</time></pt><pt><x>639</x><y>1232</y><time>11-05-21 10:31:38:059</time></pt><pt><x>686</x><y>1237</y><time>11-05-21 10:31:38:691</time></pt><pt><x>717</x><y>1268</y><time>11-05-21 10:31:39:294</time></pt><pt><x>754</x><y>1310</y><time>11-05-21 10:31:40:122</time></pt><pt><x>915</x><y>1279</y><time>11-05-21 10:31:40:829</time></pt><pt><x>946</x><y>1289</y><time>11-05-21 10:31:41:422</time></pt><pt><x>1024</x><y>1315</y><time>11-05-21 10:31:42:227</time></pt><pt><x>1092</x><y>1315</y><time>11-05-21 10:31:42:974</time></pt><pt><x>1164</x><y>1263</y><time>11-05-21 10:31:43:633</time></pt><pt><x>1242</x><y>1258</y><time>11-05-21 10:31:44:274</time></pt><pt><x>1300</x><y>1253</y><time>11-05-21 10:31:44:817</time></pt><pt><x>1357</x><y>1237</y><time>11-05-21 10:31:45:485</time></pt><pt><x>1398</x><y>1227</y><time>11-05-21 10:31:46:363</time></pt><pt><x>1357</x><y>1180</y><time>11-05-21 10:31:47:045</time></pt><pt><x>1336</x><y>1159</y><time>11-05-21 10:31:47:638</time></pt><pt><x>1289</x><y>1040</y><time>11-05-21 10:31:48:426</time></pt><pt><x>1227</x><y>962</y><time>11-05-21 10:31:49:020</time></pt><pt><x>1102</x><y>920</y><time>11-05-21 10:31:49:743</time></pt><pt><x>1029</x><y>941</y><time>11-05-21 10:31:50:442</time></pt><pt><x>1003</x><y>977</y><time>11-05-21 10:31:51:379</time></pt><pt><x>956</x><y>920</y><time>11-05-21 10:31:52:190</time></pt><pt><x>853</x><y>879</y><time>11-05-21 10:31:52:969</time></pt><pt><x>738</x><y>879</y><time>11-05-21 10:31:53:529</time></pt><pt><x>665</x><y>920</y><time>11-05-21 10:31:54:139</time></pt><pt><x>660</x><y>920</y><time>11-05-21 10:31:54:512</time></pt><closed_date>11-05-21 10:31:55:402</closed_date></polygon></object><object><name>restoration</name><deleted>0</deleted><verified>0</verified><occluded>no</occluded><attributes /><parts><hasparts /><ispartof>6</ispartof></parts><date>11-05-21 10:32:22:021</date><id>10</id><polygon><username>anonymous</username><pt><x>2007</x><y>2059</y><time>11-05-21 10:32:02:055</time></pt><pt><x>1996</x><y>1955</y><time>11-05-21 10:32:02:774</time></pt><pt><x>2038</x><y>1908</y><time>11-05-21 10:32:03:420</time></pt><pt><x>2152</x><y>1861</y><time>11-05-21 10:32:04:055</time></pt><pt><x>2204</x><y>1861</y><time>11-05-21 10:32:04:736</time></pt><pt><x>2240</x><y>1908</y><time>11-05-21 10:32:05:508</time></pt><pt><x>2324</x><y>1908</y><time>11-05-21 10:32:06:061</time></pt><pt><x>2402</x><y>1892</y><time>11-05-21 10:32:06:621</time></pt><pt><x>2454</x><y>1851</y><time>11-05-21 10:32:07:409</time></pt><pt><x>2542</x><y>1939</y><time>11-05-21 10:32:08:068</time></pt><pt><x>2573</x><y>2022</y><time>11-05-21 10:32:08:787</time></pt><pt><x>2589</x><y>2173</y><time>11-05-21 10:32:09:555</time></pt><pt><x>2589</x><y>2246</y><time>11-05-21 10:32:10:297</time></pt><pt><x>2568</x><y>2313</y><time>11-05-21 10:32:10:952</time></pt><pt><x>2526</x><y>2376</y><time>11-05-21 10:32:11:610</time></pt><pt><x>2438</x><y>2386</y><time>11-05-21 10:32:12:214</time></pt><pt><x>2334</x><y>2344</y><time>11-05-21 10:32:12:829</time></pt><pt><x>2329</x><y>2256</y><time>11-05-21 10:32:13:431</time></pt><pt><x>2292</x><y>2142</y><time>11-05-21 10:32:14:109</time></pt><pt><x>2277</x><y>2111</y><time>11-05-21 10:32:14:812</time></pt><pt><x>2251</x><y>2126</y><time>11-05-21 10:32:15:284</time></pt><pt><x>2178</x><y>2173</y><time>11-05-21 10:32:15:934</time></pt><pt><x>2059</x><y>2157</y><time>11-05-21 10:32:16:484</time></pt><pt><x>2022</x><y>2116</y><time>11-05-21 10:32:17:047</time></pt><closed_date>11-05-21 10:32:17:648</closed_date></polygon></object><object><name>restoration</name><deleted>0</deleted><verified>0</verified><occluded>no</occluded><attributes /><parts><hasparts /><ispartof>7</ispartof></parts><date>11-05-21 10:32:43:088</date><id>11</id><polygon><username>anonymous</username><pt><x>2844</x><y>1939</y><time>11-05-21 10:32:23:206</time></pt><pt><x>2844</x><y>2001</y><time>11-05-21 10:32:23:886</time></pt><pt><x>2994</x><y>1991</y><time>11-05-21 10:32:24:552</time></pt><pt><x>3093</x><y>2012</y><time>11-05-21 10:32:25:213</time></pt><pt><x>3161</x><y>2043</y><time>11-05-21 10:32:25:838</time></pt><pt><x>3192</x><y>2116</y><time>11-05-21 10:32:26:594</time></pt><pt><x>3181</x><y>2189</y><time>11-05-21 10:32:27:333</time></pt><pt><x>3155</x><y>2246</y><time>11-05-21 10:32:28:073</time></pt><pt><x>3093</x><y>2272</y><time>11-05-21 10:32:28:682</time></pt><pt><x>3031</x><y>2272</y><time>11-05-21 10:32:29:162</time></pt><pt><x>2958</x><y>2246</y><time>11-05-21 10:32:29:851</time></pt><pt><x>2921</x><y>2355</y><time>11-05-21 10:32:30:470</time></pt><pt><x>2901</x><y>2428</y><time>11-05-21 10:32:31:104</time></pt><pt><x>2901</x><y>2464</y><time>11-05-21 10:32:31:713</time></pt><pt><x>2901</x><y>2506</y><time>11-05-21 10:32:32:411</time></pt><pt><x>2838</x><y>2558</y><time>11-05-21 10:32:33:127</time></pt><pt><x>2708</x><y>2573</y><time>11-05-21 10:32:33:760</time></pt><pt><x>2651</x><y>2537</y><time>11-05-21 10:32:34:356</time></pt><pt><x>2641</x><y>2454</y><time>11-05-21 10:32:34:915</time></pt><pt><x>2589</x><y>2407</y><time>11-05-21 10:32:35:464</time></pt><pt><x>2568</x><y>2272</y><time>11-05-21 10:32:35:985</time></pt><pt><x>2578</x><y>2178</y><time>11-05-21 10:32:36:525</time></pt><pt><x>2625</x><y>2100</y><time>11-05-21 10:32:37:045</time></pt><pt><x>2714</x><y>2001</y><time>11-05-21 10:32:37:566</time></pt><pt><x>2781</x><y>1960</y><time>11-05-21 10:32:38:087</time></pt><closed_date>11-05-21 10:32:38:608</closed_date></polygon></object><imagesize><nrows /><ncols /></imagesize></annotation>