<?xml version="1.0" encoding="UTF-8"?><annotation><filename>imagem-081.jpg</filename><folder>segmentation_xray</folder><source><sourceImage>The MIT-CSAIL database of objects and scenes</sourceImage><sourceAnnotation>LabelMe Webtool</sourceAnnotation></source><object><name>tooth</name><deleted>0</deleted><verified>0</verified><occluded>no</occluded><attributes>24</attributes><parts><hasparts/><ispartof>4</ispartof></parts><date>24-05-21 13:54:16:698</date><id>0</id><type>bounding_box</type><polygon><username>anonymous</username><pt><x>36</x><y>614</y><time>24-05-21 13:54:04:799</time></pt><pt><x>326</x><y>614</y><time>24-05-21 13:54:10:950</time></pt><pt><x>326</x><y>15</y><time>undefined</time></pt><pt><x>36</x><y>15</y><time>undefined</time></pt><closed_date>24-05-21 13:54:10:950</closed_date></polygon></object><object><name>tooth</name><deleted>0</deleted><verified>0</verified><occluded>no</occluded><attributes>25</attributes><parts><hasparts/><ispartof>4</ispartof></parts><date>24-05-21 13:54:42:333</date><id>1</id><type>bounding_box</type><polygon><username>anonymous</username><pt><x>603</x><y>592</y><time>24-05-21 13:54:26:365</time></pt><pt><x>303</x><y>592</y><time>24-05-21 13:54:32:014</time></pt><pt><x>303</x><y>4</y><time>undefined</time></pt><pt><x>603</x><y>4</y><time>undefined</time></pt><closed_date>24-05-21 13:54:32:015</closed_date></polygon></object><object><name>tooth</name><deleted>0</deleted><verified>0</verified><occluded>no</occluded><attributes>26</attributes><parts><hasparts/><ispartof>4</ispartof></parts><date>24-05-21 13:55:01:699</date><id>2</id><type>bounding_box</type><polygon><username>anonymous</username><pt><x>1071</x><y>605</y><time>24-05-21 13:54:51:444</time></pt><pt><x>577</x><y>605</y><time>24-05-21 13:54:54:421</time></pt><pt><x>577</x><y>2</y><time>undefined</time></pt><pt><x>1071</x><y>2</y><time>undefined</time></pt><closed_date>24-05-21 13:54:54:421</closed_date></polygon></object><object><name>tooth</name><deleted>0</deleted><verified>0</verified><occluded>no</occluded><attributes>27</attributes><parts><hasparts/><ispartof>4</ispartof></parts><date>24-05-21 13:55:20:413</date><id>3</id><type>bounding_box</type><polygon><username>anonymous</username><pt><x>1461</x><y>605</y><time>24-05-21 13:55:07:947</time></pt><pt><x>1021</x><y>605</y><time>24-05-21 13:55:11:973</time></pt><pt><x>1021</x><y>4</y><time>undefined</time></pt><pt><x>1461</x><y>4</y><time>undefined</time></pt><closed_date>24-05-21 13:55:11:973</closed_date></polygon></object><object><name>tooth</name><deleted>1</deleted><verified>0</verified><occluded>no</occluded><attributes>37</attributes><parts><hasparts>4,5,6,7</hasparts><ispartof>4</ispartof></parts><date>24-05-21 13:55:56:933</date><id>4</id><type>bounding_box</type><polygon><username>anonymous</username><pt><x>1466</x><y>1236</y><time>24-05-21 13:55:41:988</time></pt><pt><x>949</x><y>1236</y><time>24-05-21 13:55:47:789</time></pt><pt><x>949</x><y>635</y><time>undefined</time></pt><pt><x>1466</x><y>635</y><time>undefined</time></pt><closed_date>24-05-21 13:55:47:789</closed_date></polygon></object><object><name>tooth</name><deleted>1</deleted><verified>0</verified><occluded>no</occluded><attributes>36</attributes><parts><hasparts/><ispartof>4</ispartof></parts><date>24-05-21 13:56:13:322</date><id>5</id><type>bounding_box</type><polygon><username>anonymous</username><pt><x>474</x><y>654</y><time>24-05-21 13:56:02:111</time></pt><pt><x>970</x><y>654</y><time>24-05-21 13:56:06:422</time></pt><pt><x>970</x><y>1238</y><time>undefined</time></pt><pt><x>474</x><y>1238</y><time>undefined</time></pt><closed_date>24-05-21 13:56:06:423</closed_date></polygon></object><object><name>tooth</name><deleted>1</deleted><verified>0</verified><occluded>no</occluded><attributes>35</attributes><parts><hasparts/><ispartof>4</ispartof></parts><date>24-05-21 13:56:53:022</date><id>6</id><type>bounding_box</type><polygon><username>anonymous</username><pt><x>185</x><y>665</y><time>24-05-21 13:56:39:791</time></pt><pt><x>509</x><y>665</y><time>24-05-21 13:56:46:726</time></pt><pt><x>509</x><y>1232</y><time>undefined</time></pt><pt><x>185</x><y>1232</y><time>undefined</time></pt><closed_date>24-05-21 13:56:46:726</closed_date></polygon></object><object><name>tooth</name><deleted>1</deleted><verified>0</verified><occluded>no</occluded><attributes>34</attributes><parts><hasparts/><ispartof>4</ispartof></parts><date>24-05-21 13:57:09:553</date><id>7</id><type>bounding_box</type><polygon><username>anonymous</username><pt><x>11</x><y>663</y><time>24-05-21 13:56:57:083</time></pt><pt><x>208</x><y>663</y><time>24-05-21 13:57:03:431</time></pt><pt><x>208</x><y>1202</y><time>undefined</time></pt><pt><x>11</x><y>1202</y><time>undefined</time></pt><closed_date>24-05-21 13:57:03:431</closed_date></polygon></object><imagesize><nrows></nrows><ncols></ncols></imagesize><object><name>tooth</name><deleted>0</deleted><verified>0</verified><occluded>no</occluded><attributes>34</attributes><parts><hasparts></hasparts><ispartof></ispartof></parts><date>30-03-22 16:43:01:594</date><id>8</id><type>bounding_box</type><polygon><username>admin</username><pt><x>20</x><y>679</y><time>30-03-22 16:42:50:294</time></pt><pt><x>215</x><y>679</y><time>30-03-22 16:42:52:280</time></pt><pt><x>215</x><y>1218</y><time>undefined</time></pt><pt><x>20</x><y>1218</y><time>undefined</time></pt><closed_date>30-03-22 16:42:52:280</closed_date></polygon></object><object><name>tooth</name><deleted>0</deleted><verified>0</verified><occluded>no</occluded><attributes>35</attributes><parts><hasparts></hasparts><ispartof></ispartof></parts><date>30-03-22 16:43:11:037</date><id>9</id><type>bounding_box</type><polygon><username>admin</username><pt><x>490</x><y>659</y><time>30-03-22 16:43:04:208</time></pt><pt><x>198</x><y>659</y><time>30-03-22 16:43:06:312</time></pt><pt><x>198</x><y>1218</y><time>undefined</time></pt><pt><x>490</x><y>1218</y><time>undefined</time></pt><closed_date>30-03-22 16:43:06:313</closed_date></polygon></object><object><name>tooth</name><deleted>0</deleted><verified>0</verified><occluded>no</occluded><attributes>36</attributes><parts><hasparts></hasparts><ispartof></ispartof></parts><date>30-03-22 16:43:20:488</date><id>10</id><type>bounding_box</type><polygon><username>admin</username><pt><x>968</x><y>664</y><time>30-03-22 16:43:12:909</time></pt><pt><x>492</x><y>664</y><time>30-03-22 16:43:15:624</time></pt><pt><x>492</x><y>1229</y><time>undefined</time></pt><pt><x>968</x><y>1229</y><time>undefined</time></pt><closed_date>30-03-22 16:43:15:624</closed_date></polygon></object><object><name>tooth</name><deleted>0</deleted><verified>0</verified><occluded>no</occluded><attributes>37</attributes><parts><hasparts></hasparts><ispartof></ispartof></parts><date>30-03-22 16:44:11:523</date><id>11</id><type>bounding_box</type><polygon><username>admin</username><pt><x>1456</x><y>635</y><time>30-03-22 16:44:02:682</time></pt><pt><x>975</x><y>635</y><time>30-03-22 16:44:06:800</time></pt><pt><x>975</x><y>1229</y><time>undefined</time></pt><pt><x>1456</x><y>1229</y><time>undefined</time></pt><closed_date>30-03-22 16:44:06:800</closed_date></polygon></object></annotation>