<?xml version='1.0' encoding='UTF-8'?>
<annotation><filename>imagem-115.jpg</filename><folder>segmentation_xray</folder><source><sourceImage>The MIT-CSAIL database of objects and scenes</sourceImage><sourceAnnotation>LabelMe Webtool</sourceAnnotation></source><object><name>tooth</name><deleted>0</deleted><verified>0</verified><occluded>no</occluded><attributes>28</attributes><parts><hasparts /><ispartof /></parts><date>09-06-21 17:30:40:187</date><id>0</id><type>bounding_box</type><polygon><username>anonymous</username><pt><x>1212</x><y>501</y><time>09-06-21 17:30:33:718</time></pt><pt><x>1581</x><y>501</y><time>09-06-21 17:30:35:656</time></pt><pt><x>1581</x><y>5</y><time>undefined</time></pt><pt><x>1212</x><y>5</y><time>undefined</time></pt><closed_date>09-06-21 17:30:35:658</closed_date></polygon></object><object><name>tooth</name><deleted>0</deleted><verified>0</verified><occluded>no</occluded><attributes>27</attributes><parts><hasparts>9</hasparts><ispartof /></parts><date>09-06-21 17:30:49:170</date><id>1</id><type>bounding_box</type><polygon><username>anonymous</username><pt><x>810</x><y>545</y><time>09-06-21 17:30:41:665</time></pt><pt><x>1216</x><y>545</y><time>09-06-21 17:30:44:090</time></pt><pt><x>1216</x><y>5</y><time>undefined</time></pt><pt><x>810</x><y>5</y><time>undefined</time></pt><closed_date>09-06-21 17:30:44:090</closed_date></polygon></object><object><name>tooth</name><deleted>0</deleted><verified>0</verified><occluded>no</occluded><attributes>26</attributes><parts><hasparts>10</hasparts><ispartof /></parts><date>09-06-21 17:30:56:545</date><id>2</id><type>bounding_box</type><polygon><username>anonymous</username><pt><x>397</x><y>545</y><time>09-06-21 17:30:50:477</time></pt><pt><x>843</x><y>545</y><time>09-06-21 17:30:52:256</time></pt><pt><x>843</x><y>1</y><time>undefined</time></pt><pt><x>397</x><y>1</y><time>undefined</time></pt><closed_date>09-06-21 17:30:52:256</closed_date></polygon></object><object><name>tooth</name><deleted>0</deleted><verified>0</verified><occluded>no</occluded><attributes>25</attributes><parts><hasparts>11</hasparts><ispartof /></parts><date>09-06-21 17:31:04:105</date><id>3</id><type>bounding_box</type><polygon><username>anonymous</username><pt><x>104</x><y>536</y><time>09-06-21 17:30:58:033</time></pt><pt><x>413</x><y>536</y><time>09-06-21 17:31:00:129</time></pt><pt><x>413</x><y>16</y><time>undefined</time></pt><pt><x>104</x><y>16</y><time>undefined</time></pt><closed_date>09-06-21 17:31:00:130</closed_date></polygon></object><object><name>tooth</name><deleted>0</deleted><verified>0</verified><occluded>no</occluded><attributes>24</attributes><parts><hasparts>12</hasparts><ispartof /></parts><date>09-06-21 17:31:13:123</date><id>4</id><type>bounding_box</type><polygon><username>anonymous</username><pt><x>132</x><y>529</y><time>09-06-21 17:31:06:369</time></pt><pt><x>2</x><y>529</y><time>09-06-21 17:31:08:725</time></pt><pt><x>2</x><y>21</y><time>undefined</time></pt><pt><x>132</x><y>21</y><time>undefined</time></pt><closed_date>09-06-21 17:31:08:725</closed_date></polygon></object><object><name>tooth</name><deleted>0</deleted><verified>0</verified><occluded>no</occluded><attributes>38</attributes><parts><hasparts /><ispartof /></parts><date>09-06-21 17:31:20:780</date><id>5</id><type>bounding_box</type><polygon><username>anonymous</username><pt><x>1004</x><y>582</y><time>09-06-21 17:31:14:655</time></pt><pt><x>1496</x><y>582</y><time>09-06-21 17:31:16:260</time></pt><pt><x>1496</x><y>1242</y><time>undefined</time></pt><pt><x>1004</x><y>1242</y><time>undefined</time></pt><closed_date>09-06-21 17:31:16:261</closed_date></polygon></object><object><name>tooth</name><deleted>0</deleted><verified>0</verified><occluded>no</occluded><attributes>37</attributes><parts><hasparts>15</hasparts><ispartof /></parts><date>09-06-21 17:31:32:350</date><id>6</id><type>bounding_box</type><polygon><username>anonymous</username><pt><x>545</x><y>632</y><time>09-06-21 17:31:25:561</time></pt><pt><x>1036</x><y>632</y><time>09-06-21 17:31:28:277</time></pt><pt><x>1036</x><y>1244</y><time>undefined</time></pt><pt><x>545</x><y>1244</y><time>undefined</time></pt><closed_date>09-06-21 17:31:28:277</closed_date></polygon></object><object><name>tooth</name><deleted>0</deleted><verified>0</verified><occluded>no</occluded><attributes>36</attributes><parts><hasparts>13</hasparts><ispartof /></parts><date>09-06-21 17:31:41:452</date><id>7</id><type>bounding_box</type><polygon><username>anonymous</username><pt><x>85</x><y>649</y><time>09-06-21 17:31:34:064</time></pt><pt><x>561</x><y>649</y><time>09-06-21 17:31:36:305</time></pt><pt><x>561</x><y>1246</y><time>undefined</time></pt><pt><x>85</x><y>1246</y><time>undefined</time></pt><closed_date>09-06-21 17:31:36:305</closed_date></polygon></object><object><name>tooth</name><deleted>0</deleted><verified>0</verified><occluded>no</occluded><attributes>35</attributes><parts><hasparts>14</hasparts><ispartof /></parts><date>09-06-21 17:31:51:688</date><id>8</id><type>bounding_box</type><polygon><username>anonymous</username><pt><x>97</x><y>662</y><time>09-06-21 17:31:43:636</time></pt><pt><x>1</x><y>662</y><time>09-06-21 17:31:46:257</time></pt><pt><x>1</x><y>1186</y><time>undefined</time></pt><pt><x>97</x><y>1186</y><time>undefined</time></pt><closed_date>09-06-21 17:31:46:257</closed_date></polygon></object><object><name>restoration</name><deleted>0</deleted><verified>0</verified><occluded>no</occluded><attributes /><parts><hasparts /><ispartof>1</ispartof></parts><date>09-06-21 17:32:36:293</date><id>9</id><polygon><username>anonymous</username><pt><x>923</x><y>344</y><time>09-06-21 17:32:12:642</time></pt><pt><x>995</x><y>395</y><time>09-06-21 17:32:13:632</time></pt><pt><x>1059</x><y>395</y><time>09-06-21 17:32:14:365</time></pt><pt><x>1106</x><y>388</y><time>09-06-21 17:32:15:691</time></pt><pt><x>1110</x><y>381</y><time>09-06-21 17:32:19:285</time></pt><pt><x>1156</x><y>397</y><time>09-06-21 17:32:20:080</time></pt><pt><x>1184</x><y>418</y><time>09-06-21 17:32:21:676</time></pt><pt><x>1198</x><y>434</y><time>09-06-21 17:32:22:487</time></pt><pt><x>1180</x><y>464</y><time>09-06-21 17:32:23:097</time></pt><pt><x>1129</x><y>487</y><time>09-06-21 17:32:23:985</time></pt><pt><x>1057</x><y>487</y><time>09-06-21 17:32:25:259</time></pt><pt><x>972</x><y>510</y><time>09-06-21 17:32:26:338</time></pt><pt><x>854</x><y>492</y><time>09-06-21 17:32:28:042</time></pt><pt><x>813</x><y>466</y><time>09-06-21 17:32:29:096</time></pt><pt><x>815</x><y>413</y><time>09-06-21 17:32:30:307</time></pt><pt><x>819</x><y>372</y><time>09-06-21 17:32:31:002</time></pt><pt><x>829</x><y>344</y><time>09-06-21 17:32:31:661</time></pt><closed_date>09-06-21 17:32:32:562</closed_date></polygon></object><object><name>restoration</name><deleted>0</deleted><verified>0</verified><occluded>no</occluded><attributes /><parts><hasparts /><ispartof>2</ispartof></parts><date>09-06-21 17:33:26:887</date><id>10</id><polygon><username>anonymous</username><pt><x>445</x><y>346</y><time>09-06-21 17:33:00:537</time></pt><pt><x>487</x><y>330</y><time>09-06-21 17:33:01:533</time></pt><pt><x>503</x><y>339</y><time>09-06-21 17:33:01:971</time></pt><pt><x>506</x><y>392</y><time>09-06-21 17:33:02:658</time></pt><pt><x>524</x><y>432</y><time>09-06-21 17:33:03:194</time></pt><pt><x>570</x><y>443</y><time>09-06-21 17:33:03:660</time></pt><pt><x>593</x><y>443</y><time>09-06-21 17:33:04:072</time></pt><pt><x>600</x><y>432</y><time>09-06-21 17:33:04:537</time></pt><pt><x>600</x><y>411</y><time>09-06-21 17:33:05:473</time></pt><pt><x>623</x><y>409</y><time>09-06-21 17:33:05:912</time></pt><pt><x>660</x><y>411</y><time>09-06-21 17:33:06:304</time></pt><pt><x>672</x><y>411</y><time>09-06-21 17:33:06:544</time></pt><pt><x>676</x><y>420</y><time>09-06-21 17:33:06:849</time></pt><pt><x>690</x><y>432</y><time>09-06-21 17:33:07:122</time></pt><pt><x>702</x><y>436</y><time>09-06-21 17:33:07:536</time></pt><pt><x>727</x><y>441</y><time>09-06-21 17:33:07:969</time></pt><pt><x>746</x><y>443</y><time>09-06-21 17:33:08:226</time></pt><pt><x>757</x><y>450</y><time>09-06-21 17:33:08:481</time></pt><pt><x>787</x><y>452</y><time>09-06-21 17:33:08:936</time></pt><pt><x>813</x><y>452</y><time>09-06-21 17:33:09:442</time></pt><pt><x>822</x><y>466</y><time>09-06-21 17:33:09:945</time></pt><pt><x>799</x><y>492</y><time>09-06-21 17:33:10:810</time></pt><pt><x>755</x><y>519</y><time>09-06-21 17:33:11:913</time></pt><pt><x>727</x><y>531</y><time>09-06-21 17:33:12:554</time></pt><pt><x>692</x><y>522</y><time>09-06-21 17:33:14:529</time></pt><pt><x>658</x><y>517</y><time>09-06-21 17:33:15:040</time></pt><pt><x>637</x><y>524</y><time>09-06-21 17:33:15:417</time></pt><pt><x>630</x><y>515</y><time>09-06-21 17:33:16:071</time></pt><pt><x>609</x><y>519</y><time>09-06-21 17:33:16:673</time></pt><pt><x>586</x><y>526</y><time>09-06-21 17:33:17:145</time></pt><pt><x>545</x><y>529</y><time>09-06-21 17:33:17:697</time></pt><pt><x>510</x><y>522</y><time>09-06-21 17:33:18:249</time></pt><pt><x>485</x><y>508</y><time>09-06-21 17:33:19:001</time></pt><pt><x>469</x><y>508</y><time>09-06-21 17:33:19:696</time></pt><pt><x>445</x><y>508</y><time>09-06-21 17:33:20:125</time></pt><pt><x>415</x><y>506</y><time>09-06-21 17:33:20:984</time></pt><pt><x>402</x><y>482</y><time>09-06-21 17:33:21:618</time></pt><pt><x>397</x><y>450</y><time>09-06-21 17:33:22:330</time></pt><pt><x>402</x><y>404</y><time>09-06-21 17:33:22:988</time></pt><pt><x>418</x><y>360</y><time>09-06-21 17:33:23:641</time></pt><closed_date>09-06-21 17:33:24:265</closed_date></polygon></object><object><name>restoration</name><deleted>0</deleted><verified>0</verified><occluded>no</occluded><attributes /><parts><hasparts /><ispartof>3</ispartof></parts><date>09-06-21 17:33:58:383</date><id>11</id><polygon><username>anonymous</username><pt><x>138</x><y>330</y><time>09-06-21 17:33:39:886</time></pt><pt><x>171</x><y>342</y><time>09-06-21 17:33:40:712</time></pt><pt><x>203</x><y>351</y><time>09-06-21 17:33:41:257</time></pt><pt><x>215</x><y>376</y><time>09-06-21 17:33:41:753</time></pt><pt><x>212</x><y>392</y><time>09-06-21 17:33:42:136</time></pt><pt><x>210</x><y>395</y><time>09-06-21 17:33:42:361</time></pt><pt><x>229</x><y>411</y><time>09-06-21 17:33:42:889</time></pt><pt><x>247</x><y>420</y><time>09-06-21 17:33:43:309</time></pt><pt><x>261</x><y>420</y><time>09-06-21 17:33:43:619</time></pt><pt><x>272</x><y>409</y><time>09-06-21 17:33:43:929</time></pt><pt><x>284</x><y>392</y><time>09-06-21 17:33:44:200</time></pt><pt><x>293</x><y>385</y><time>09-06-21 17:33:44:465</time></pt><pt><x>307</x><y>379</y><time>09-06-21 17:33:44:713</time></pt><pt><x>314</x><y>372</y><time>09-06-21 17:33:44:951</time></pt><pt><x>332</x><y>362</y><time>09-06-21 17:33:45:357</time></pt><pt><x>355</x><y>358</y><time>09-06-21 17:33:45:738</time></pt><pt><x>365</x><y>358</y><time>09-06-21 17:33:45:991</time></pt><pt><x>374</x><y>369</y><time>09-06-21 17:33:46:233</time></pt><pt><x>392</x><y>376</y><time>09-06-21 17:33:46:489</time></pt><pt><x>399</x><y>379</y><time>09-06-21 17:33:46:736</time></pt><pt><x>392</x><y>432</y><time>09-06-21 17:33:47:330</time></pt><pt><x>390</x><y>478</y><time>09-06-21 17:33:48:001</time></pt><pt><x>390</x><y>499</y><time>09-06-21 17:33:48:385</time></pt><pt><x>360</x><y>503</y><time>09-06-21 17:33:48:937</time></pt><pt><x>286</x><y>519</y><time>09-06-21 17:33:50:221</time></pt><pt><x>233</x><y>524</y><time>09-06-21 17:33:51:298</time></pt><pt><x>194</x><y>522</y><time>09-06-21 17:33:51:840</time></pt><pt><x>173</x><y>501</y><time>09-06-21 17:33:52:248</time></pt><pt><x>148</x><y>501</y><time>09-06-21 17:33:52:857</time></pt><pt><x>134</x><y>482</y><time>09-06-21 17:33:53:281</time></pt><pt><x>129</x><y>473</y><time>09-06-21 17:33:53:696</time></pt><pt><x>120</x><y>457</y><time>09-06-21 17:33:54:127</time></pt><closed_date>09-06-21 17:33:55:105</closed_date></polygon></object><object><name>restoration</name><deleted>0</deleted><verified>0</verified><occluded>no</occluded><attributes /><parts><hasparts /><ispartof>4</ispartof></parts><date>09-06-21 17:34:29:368</date><id>12</id><polygon><username>anonymous</username><pt><x>32</x><y>335</y><time>09-06-21 17:34:14:172</time></pt><pt><x>67</x><y>309</y><time>09-06-21 17:34:15:008</time></pt><pt><x>113</x><y>321</y><time>09-06-21 17:34:15:609</time></pt><pt><x>129</x><y>332</y><time>09-06-21 17:34:16:152</time></pt><pt><x>125</x><y>411</y><time>09-06-21 17:34:17:019</time></pt><pt><x>122</x><y>480</y><time>09-06-21 17:34:17:752</time></pt><pt><x>99</x><y>466</y><time>09-06-21 17:34:18:782</time></pt><pt><x>85</x><y>464</y><time>09-06-21 17:34:19:287</time></pt><pt><x>62</x><y>482</y><time>09-06-21 17:34:23:150</time></pt><pt><x>30</x><y>501</y><time>09-06-21 17:34:23:832</time></pt><pt><x>12</x><y>512</y><time>09-06-21 17:34:24:386</time></pt><pt><x>7</x><y>512</y><time>09-06-21 17:34:24:912</time></pt><pt><x>7</x><y>469</y><time>09-06-21 17:34:25:540</time></pt><closed_date>09-06-21 17:34:26:777</closed_date></polygon></object><object><name>restoration</name><deleted>0</deleted><verified>0</verified><occluded>no</occluded><attributes /><parts><hasparts /><ispartof>7</ispartof></parts><date>09-06-21 17:35:20:200</date><id>13</id><polygon><username>anonymous</username><pt><x>231</x><y>769</y><time>09-06-21 17:34:55:164</time></pt><pt><x>229</x><y>810</y><time>09-06-21 17:34:55:717</time></pt><pt><x>247</x><y>838</y><time>09-06-21 17:34:56:144</time></pt><pt><x>261</x><y>854</y><time>09-06-21 17:34:56:453</time></pt><pt><x>279</x><y>866</y><time>09-06-21 17:34:56:722</time></pt><pt><x>323</x><y>859</y><time>09-06-21 17:34:57:231</time></pt><pt><x>342</x><y>838</y><time>09-06-21 17:34:57:593</time></pt><pt><x>349</x><y>794</y><time>09-06-21 17:34:58:589</time></pt><pt><x>390</x><y>789</y><time>09-06-21 17:34:59:283</time></pt><pt><x>420</x><y>782</y><time>09-06-21 17:34:59:753</time></pt><pt><x>445</x><y>789</y><time>09-06-21 17:35:00:212</time></pt><pt><x>455</x><y>813</y><time>09-06-21 17:35:00:512</time></pt><pt><x>469</x><y>826</y><time>09-06-21 17:35:00:732</time></pt><pt><x>480</x><y>838</y><time>09-06-21 17:35:00:924</time></pt><pt><x>526</x><y>847</y><time>09-06-21 17:35:01:510</time></pt><pt><x>554</x><y>833</y><time>09-06-21 17:35:01:882</time></pt><pt><x>566</x><y>803</y><time>09-06-21 17:35:02:245</time></pt><pt><x>561</x><y>746</y><time>09-06-21 17:35:02:640</time></pt><pt><x>561</x><y>709</y><time>09-06-21 17:35:03:085</time></pt><pt><x>529</x><y>695</y><time>09-06-21 17:35:03:562</time></pt><pt><x>496</x><y>669</y><time>09-06-21 17:35:04:088</time></pt><pt><x>445</x><y>683</y><time>09-06-21 17:35:05:963</time></pt><pt><x>415</x><y>672</y><time>09-06-21 17:35:06:606</time></pt><pt><x>365</x><y>672</y><time>09-06-21 17:35:07:434</time></pt><pt><x>321</x><y>674</y><time>09-06-21 17:35:08:088</time></pt><pt><x>307</x><y>674</y><time>09-06-21 17:35:10:194</time></pt><pt><x>291</x><y>686</y><time>09-06-21 17:35:11:100</time></pt><pt><x>270</x><y>676</y><time>09-06-21 17:35:12:001</time></pt><pt><x>259</x><y>679</y><time>09-06-21 17:35:12:920</time></pt><pt><x>201</x><y>686</y><time>09-06-21 17:35:14:274</time></pt><pt><x>152</x><y>697</y><time>09-06-21 17:35:15:136</time></pt><pt><x>145</x><y>711</y><time>09-06-21 17:35:15:742</time></pt><pt><x>136</x><y>729</y><time>09-06-21 17:35:16:179</time></pt><pt><x>152</x><y>748</y><time>09-06-21 17:35:16:569</time></pt><pt><x>169</x><y>757</y><time>09-06-21 17:35:16:850</time></pt><pt><x>180</x><y>764</y><time>09-06-21 17:35:17:057</time></pt><closed_date>09-06-21 17:35:17:642</closed_date></polygon></object><object><name>restoration</name><deleted>0</deleted><verified>0</verified><occluded>no</occluded><attributes /><parts><hasparts /><ispartof>8</ispartof></parts><date>09-06-21 17:35:37:176</date><id>14</id><polygon><username>anonymous</username><pt><x>23</x><y>854</y><time>09-06-21 17:35:29:017</time></pt><pt><x>48</x><y>836</y><time>09-06-21 17:35:29:608</time></pt><pt><x>69</x><y>808</y><time>09-06-21 17:35:30:099</time></pt><pt><x>78</x><y>789</y><time>09-06-21 17:35:30:529</time></pt><pt><x>85</x><y>773</y><time>09-06-21 17:35:30:984</time></pt><pt><x>78</x><y>748</y><time>09-06-21 17:35:31:410</time></pt><pt><x>46</x><y>736</y><time>09-06-21 17:35:31:970</time></pt><pt><x>5</x><y>741</y><time>09-06-21 17:35:32:361</time></pt><pt><x>0</x><y>787</y><time>09-06-21 17:35:33:522</time></pt><pt><x>5</x><y>836</y><time>09-06-21 17:35:34:058</time></pt><closed_date>09-06-21 17:35:34:609</closed_date></polygon></object><imagesize><nrows /><ncols /></imagesize><object><name>restoration</name><deleted>0</deleted><verified>0</verified><occluded>no</occluded><attributes /><parts><hasparts /><ispartof>6</ispartof></parts><date>10-02-22 12:00:22:931</date><id>15</id><polygon><username>anonymous</username><pt><x>628</x><y>895</y><time>10-02-22 12:00:12:008</time></pt><pt><x>654</x><y>840</y><time>10-02-22 12:00:12:443</time></pt><pt><x>654</x><y>798</y><time>10-02-22 12:00:13:794</time></pt><pt><x>699</x><y>811</y><time>10-02-22 12:00:14:189</time></pt><pt><x>743</x><y>803</y><time>10-02-22 12:00:14:466</time></pt><pt><x>814</x><y>798</y><time>10-02-22 12:00:14:842</time></pt><pt><x>829</x><y>780</y><time>10-02-22 12:00:15:145</time></pt><pt><x>845</x><y>765</y><time>10-02-22 12:00:15:538</time></pt><pt><x>862</x><y>736</y><time>10-02-22 12:00:15:899</time></pt><pt><x>822</x><y>738</y><time>10-02-22 12:00:16:244</time></pt><pt><x>727</x><y>765</y><time>10-02-22 12:00:16:634</time></pt><pt><x>668</x><y>767</y><time>10-02-22 12:00:16:954</time></pt><pt><x>615</x><y>754</y><time>10-02-22 12:00:17:210</time></pt><pt><x>588</x><y>743</y><time>10-02-22 12:00:17:497</time></pt><pt><x>568</x><y>774</y><time>10-02-22 12:00:18:178</time></pt><pt><x>564</x><y>816</y><time>10-02-22 12:00:18:473</time></pt><pt><x>564</x><y>860</y><time>10-02-22 12:00:18:730</time></pt><pt><x>593</x><y>906</y><time>10-02-22 12:00:18:995</time></pt><pt><x>604</x><y>944</y><time>10-02-22 12:00:19:322</time></pt><pt><x>619</x><y>962</y><time>10-02-22 12:00:19:605</time></pt><closed_date>10-02-22 12:00:19:982</closed_date></polygon></object></annotation>