<?xml version='1.0' encoding='UTF-8'?>
<annotation><filename>imagem-017.jpg</filename><folder>segmentation_xray</folder><source><sourceImage>The MIT-CSAIL database of objects and scenes</sourceImage><sourceAnnotation>LabelMe Webtool</sourceAnnotation></source><object><name>tooth</name><deleted>0</deleted><verified>0</verified><occluded>no</occluded><attributes>22</attributes><parts><hasparts /><ispartof>9</ispartof></parts><date>31-05-21 12:30:46:300</date><id>0</id><type>bounding_box</type><polygon><username>anonymous</username><pt><x>11</x><y>1284</y><time>31-05-21 12:30:38:065</time></pt><pt><x>560</x><y>1284</y><time>31-05-21 12:30:40:864</time></pt><pt><x>560</x><y>5</y><time>undefined</time></pt><pt><x>11</x><y>5</y><time>undefined</time></pt><closed_date>31-05-21 12:30:40:865</closed_date></polygon></object><object><name>tooth</name><deleted>0</deleted><verified>0</verified><occluded>no</occluded><attributes>23</attributes><parts><hasparts>16</hasparts><ispartof>9</ispartof></parts><date>31-05-21 12:31:01:323</date><id>1</id><type>bounding_box</type><polygon><username>anonymous</username><pt><x>1158</x><y>1432</y><time>31-05-21 12:30:50:771</time></pt><pt><x>291</x><y>1432</y><time>31-05-21 12:30:55:816</time></pt><pt><x>291</x><y>5</y><time>undefined</time></pt><pt><x>1158</x><y>5</y><time>undefined</time></pt><closed_date>31-05-21 12:30:55:816</closed_date></polygon></object><object><name>tooth</name><deleted>0</deleted><verified>0</verified><occluded>no</occluded><attributes>24</attributes><parts><hasparts>15</hasparts><ispartof>9</ispartof></parts><date>31-05-21 12:31:18:593</date><id>2</id><type>bounding_box</type><polygon><username>anonymous</username><pt><x>1970</x><y>1438</y><time>31-05-21 12:31:03:514</time></pt><pt><x>1081</x><y>1438</y><time>31-05-21 12:31:13:361</time></pt><pt><x>1081</x><y>16</y><time>undefined</time></pt><pt><x>1970</x><y>16</y><time>undefined</time></pt><closed_date>31-05-21 12:31:13:362</closed_date></polygon></object><object><name>tooth</name><deleted>0</deleted><verified>0</verified><occluded>no</occluded><attributes>25</attributes><parts><hasparts>14</hasparts><ispartof /></parts><date>31-05-21 12:31:57:682</date><id>3</id><type>bounding_box</type><polygon><username>anonymous</username><pt><x>2705</x><y>1438</y><time>31-05-21 12:31:44:550</time></pt><pt><x>1926</x><y>1438</y><time>31-05-21 12:31:49:946</time></pt><pt><x>1926</x><y>16</y><time>undefined</time></pt><pt><x>2705</x><y>16</y><time>undefined</time></pt><closed_date>31-05-21 12:31:49:946</closed_date></polygon></object><object><name>tooth</name><deleted>0</deleted><verified>0</verified><occluded>no</occluded><attributes>26</attributes><parts><hasparts>12,13</hasparts><ispartof /></parts><date>31-05-21 12:32:23:239</date><id>4</id><type>bounding_box</type><polygon><username>anonymous</username><pt><x>2568</x><y>1591</y><time>31-05-21 12:32:06:783</time></pt><pt><x>3781</x><y>1591</y><time>31-05-21 12:32:15:682</time></pt><pt><x>3781</x><y>1</y><time>undefined</time></pt><pt><x>2568</x><y>1</y><time>undefined</time></pt><closed_date>31-05-21 12:32:15:682</closed_date></polygon></object><object><name>tooth</name><deleted>0</deleted><verified>0</verified><occluded>no</occluded><attributes>33</attributes><parts><hasparts /><ispartof /></parts><date>31-05-21 12:32:49:634</date><id>5</id><type>bounding_box</type><polygon><username>anonymous</username><pt><x>33</x><y>1630</y><time>31-05-21 12:32:40:424</time></pt><pt><x>669</x><y>1630</y><time>31-05-21 12:32:43:040</time></pt><pt><x>669</x><y>3161</y><time>undefined</time></pt><pt><x>33</x><y>3161</y><time>undefined</time></pt><closed_date>31-05-21 12:32:43:040</closed_date></polygon></object><object><name>tooth</name><deleted>0</deleted><verified>0</verified><occluded>no</occluded><attributes>34</attributes><parts><hasparts /><ispartof /></parts><date>31-05-21 12:33:08:394</date><id>6</id><type>bounding_box</type><polygon><username>anonymous</username><pt><x>1361</x><y>1602</y><time>31-05-21 12:32:55:632</time></pt><pt><x>532</x><y>1602</y><time>31-05-21 12:33:02:735</time></pt><pt><x>532</x><y>3150</y><time>undefined</time></pt><pt><x>1361</x><y>3150</y><time>undefined</time></pt><closed_date>31-05-21 12:33:02:736</closed_date></polygon></object><object><name>tooth</name><deleted>0</deleted><verified>0</verified><occluded>no</occluded><attributes>35</attributes><parts><hasparts /><ispartof /></parts><date>31-05-21 12:33:29:522</date><id>7</id><type>bounding_box</type><polygon><username>anonymous</username><pt><x>2107</x><y>1630</y><time>31-05-21 12:33:11:069</time></pt><pt><x>1311</x><y>1630</y><time>31-05-21 12:33:22:914</time></pt><pt><x>1311</x><y>3139</y><time>undefined</time></pt><pt><x>2107</x><y>3139</y><time>undefined</time></pt><closed_date>31-05-21 12:33:22:914</closed_date></polygon></object><object><name>tooth</name><deleted>0</deleted><verified>0</verified><occluded>no</occluded><attributes>36</attributes><parts><hasparts>10</hasparts><ispartof /></parts><date>31-05-21 12:33:52:779</date><id>8</id><type>bounding_box</type><polygon><username>anonymous</username><pt><x>3303</x><y>1608</y><time>31-05-21 12:33:39:487</time></pt><pt><x>2008</x><y>1608</y><time>31-05-21 12:33:46:769</time></pt><pt><x>2008</x><y>3144</y><time>undefined</time></pt><pt><x>3303</x><y>3144</y><time>undefined</time></pt><closed_date>31-05-21 12:33:46:769</closed_date></polygon></object><object><name>tooth</name><deleted>0</deleted><verified>0</verified><occluded>no</occluded><attributes>37</attributes><parts><hasparts>11</hasparts><ispartof /></parts><date>31-05-21 12:34:22:879</date><id>9</id><type>bounding_box</type><polygon><username>anonymous</username><pt><x>4077</x><y>1597</y><time>31-05-21 12:34:10:426</time></pt><pt><x>3232</x><y>1597</y><time>31-05-21 12:34:15:666</time></pt><pt><x>3232</x><y>3155</y><time>undefined</time></pt><pt><x>4077</x><y>3155</y><time>undefined</time></pt><closed_date>31-05-21 12:34:15:666</closed_date></polygon></object><object><name>restoration</name><deleted>0</deleted><verified>0</verified><occluded>no</occluded><attributes /><parts><hasparts /><ispartof>8</ispartof></parts><date>31-05-21 12:34:56:307</date><id>10</id><polygon><username>anonymous</username><pt><x>2414</x><y>1888</y><time>31-05-21 12:34:30:862</time></pt><pt><x>2431</x><y>1981</y><time>31-05-21 12:34:32:089</time></pt><pt><x>2431</x><y>2069</y><time>31-05-21 12:34:32:712</time></pt><pt><x>2464</x><y>2134</y><time>31-05-21 12:34:33:368</time></pt><pt><x>2524</x><y>2173</y><time>31-05-21 12:34:34:448</time></pt><pt><x>2590</x><y>2178</y><time>31-05-21 12:34:35:345</time></pt><pt><x>2661</x><y>2173</y><time>31-05-21 12:34:35:815</time></pt><pt><x>2705</x><y>2145</y><time>31-05-21 12:34:36:498</time></pt><pt><x>2716</x><y>2134</y><time>31-05-21 12:34:36:919</time></pt><pt><x>2782</x><y>2129</y><time>31-05-21 12:34:38:064</time></pt><pt><x>2892</x><y>2129</y><time>31-05-21 12:34:39:041</time></pt><pt><x>2919</x><y>2107</y><time>31-05-21 12:34:39:399</time></pt><pt><x>2985</x><y>2074</y><time>31-05-21 12:34:39:903</time></pt><pt><x>3023</x><y>2008</y><time>31-05-21 12:34:41:448</time></pt><pt><x>3040</x><y>1981</y><time>31-05-21 12:34:42:000</time></pt><pt><x>3056</x><y>1931</y><time>31-05-21 12:34:42:545</time></pt><pt><x>3051</x><y>1904</y><time>31-05-21 12:34:43:105</time></pt><pt><x>3056</x><y>1882</y><time>31-05-21 12:34:43:689</time></pt><pt><x>3045</x><y>1833</y><time>31-05-21 12:34:44:625</time></pt><pt><x>2996</x><y>1811</y><time>31-05-21 12:34:45:064</time></pt><pt><x>2941</x><y>1778</y><time>31-05-21 12:34:45:497</time></pt><pt><x>2744</x><y>1783</y><time>31-05-21 12:34:47:514</time></pt><pt><x>2617</x><y>1833</y><time>31-05-21 12:34:48:648</time></pt><pt><x>2573</x><y>1855</y><time>31-05-21 12:34:48:992</time></pt><pt><x>2530</x><y>1877</y><time>31-05-21 12:34:49:297</time></pt><pt><x>2458</x><y>1882</y><time>31-05-21 12:34:49:832</time></pt><closed_date>31-05-21 12:34:50:232</closed_date></polygon></object><object><name>restoration</name><deleted>0</deleted><verified>0</verified><occluded>no</occluded><attributes /><parts><hasparts /><ispartof>9</ispartof></parts><date>31-05-21 12:35:30:443</date><id>11</id><polygon><username>anonymous</username><pt><x>3567</x><y>1822</y><time>31-05-21 12:35:11:296</time></pt><pt><x>3621</x><y>1926</y><time>31-05-21 12:35:12:337</time></pt><pt><x>3616</x><y>1975</y><time>31-05-21 12:35:12:831</time></pt><pt><x>3638</x><y>2063</y><time>31-05-21 12:35:13:736</time></pt><pt><x>3665</x><y>2085</y><time>31-05-21 12:35:14:192</time></pt><pt><x>3709</x><y>2118</y><time>31-05-21 12:35:14:784</time></pt><pt><x>3775</x><y>2151</y><time>31-05-21 12:35:15:752</time></pt><pt><x>3819</x><y>2145</y><time>31-05-21 12:35:16:536</time></pt><pt><x>3852</x><y>2129</y><time>31-05-21 12:35:17:224</time></pt><pt><x>3934</x><y>2145</y><time>31-05-21 12:35:17:783</time></pt><pt><x>3973</x><y>2151</y><time>31-05-21 12:35:18:415</time></pt><pt><x>4006</x><y>2134</y><time>31-05-21 12:35:18:944</time></pt><pt><x>4027</x><y>2123</y><time>31-05-21 12:35:19:312</time></pt><pt><x>4044</x><y>2123</y><time>31-05-21 12:35:19:816</time></pt><pt><x>4071</x><y>2085</y><time>31-05-21 12:35:20:824</time></pt><pt><x>4060</x><y>1942</y><time>31-05-21 12:35:21:985</time></pt><pt><x>4060</x><y>1915</y><time>31-05-21 12:35:22:631</time></pt><pt><x>4038</x><y>1866</y><time>31-05-21 12:35:23:368</time></pt><pt><x>3984</x><y>1838</y><time>31-05-21 12:35:23:871</time></pt><pt><x>3923</x><y>1827</y><time>31-05-21 12:35:24:215</time></pt><pt><x>3863</x><y>1844</y><time>31-05-21 12:35:24:608</time></pt><pt><x>3786</x><y>1844</y><time>31-05-21 12:35:24:936</time></pt><pt><x>3753</x><y>1844</y><time>31-05-21 12:35:25:264</time></pt><pt><x>3687</x><y>1844</y><time>31-05-21 12:35:25:632</time></pt><closed_date>31-05-21 12:35:26:000</closed_date></polygon></object><object><name>restoration</name><deleted>0</deleted><verified>0</verified><occluded>no</occluded><attributes /><parts><hasparts /><ispartof>4</ispartof></parts><date>31-05-21 12:36:52:098</date><id>12</id><polygon><username>anonymous</username><pt><x>2798</x><y>1333</y><time>31-05-21 12:36:10:873</time></pt><pt><x>2870</x><y>1372</y><time>31-05-21 12:36:11:927</time></pt><pt><x>2936</x><y>1383</y><time>31-05-21 12:36:12:608</time></pt><pt><x>2979</x><y>1383</y><time>31-05-21 12:36:13:104</time></pt><pt><x>3018</x><y>1372</y><time>31-05-21 12:36:13:599</time></pt><pt><x>3067</x><y>1366</y><time>31-05-21 12:36:13:952</time></pt><pt><x>3078</x><y>1366</y><time>31-05-21 12:36:14:192</time></pt><pt><x>3100</x><y>1361</y><time>31-05-21 12:36:14:440</time></pt><pt><x>3128</x><y>1344</y><time>31-05-21 12:36:15:072</time></pt><pt><x>3182</x><y>1322</y><time>31-05-21 12:36:16:392</time></pt><pt><x>3259</x><y>1311</y><time>31-05-21 12:36:17:128</time></pt><pt><x>3336</x><y>1355</y><time>31-05-21 12:36:18:384</time></pt><pt><x>3435</x><y>1410</y><time>31-05-21 12:36:19:024</time></pt><pt><x>3495</x><y>1421</y><time>31-05-21 12:36:19:586</time></pt><pt><x>3528</x><y>1421</y><time>31-05-21 12:36:19:992</time></pt><pt><x>3594</x><y>1410</y><time>31-05-21 12:36:20:639</time></pt><pt><x>3643</x><y>1372</y><time>31-05-21 12:36:21:256</time></pt><pt><x>3676</x><y>1333</y><time>31-05-21 12:36:21:824</time></pt><pt><x>3715</x><y>1278</y><time>31-05-21 12:36:22:759</time></pt><pt><x>3720</x><y>1262</y><time>31-05-21 12:36:23:744</time></pt><pt><x>3693</x><y>1240</y><time>31-05-21 12:36:24:576</time></pt><pt><x>3671</x><y>1141</y><time>31-05-21 12:36:25:600</time></pt><pt><x>3654</x><y>1114</y><time>31-05-21 12:36:26:032</time></pt><pt><x>3621</x><y>1092</y><time>31-05-21 12:36:26:400</time></pt><pt><x>3599</x><y>1070</y><time>31-05-21 12:36:26:704</time></pt><pt><x>3588</x><y>1059</y><time>31-05-21 12:36:27:040</time></pt><pt><x>3572</x><y>1048</y><time>31-05-21 12:36:27:272</time></pt><pt><x>3539</x><y>1048</y><time>31-05-21 12:36:27:640</time></pt><pt><x>3506</x><y>1048</y><time>31-05-21 12:36:28:104</time></pt><pt><x>3484</x><y>1059</y><time>31-05-21 12:36:28:592</time></pt><pt><x>3462</x><y>1059</y><time>31-05-21 12:36:29:000</time></pt><pt><x>3429</x><y>1059</y><time>31-05-21 12:36:29:408</time></pt><pt><x>3396</x><y>1043</y><time>31-05-21 12:36:34:912</time></pt><pt><x>3380</x><y>1021</y><time>31-05-21 12:36:35:423</time></pt><pt><x>3342</x><y>1004</y><time>31-05-21 12:36:36:080</time></pt><pt><x>3325</x><y>988</y><time>31-05-21 12:36:36:753</time></pt><pt><x>3309</x><y>977</y><time>31-05-21 12:36:37:408</time></pt><pt><x>3259</x><y>971</y><time>31-05-21 12:36:37:904</time></pt><pt><x>3259</x><y>988</y><time>31-05-21 12:36:38:224</time></pt><pt><x>3243</x><y>993</y><time>31-05-21 12:36:38:577</time></pt><pt><x>3215</x><y>999</y><time>31-05-21 12:36:39:192</time></pt><pt><x>3161</x><y>999</y><time>31-05-21 12:36:39:984</time></pt><pt><x>3161</x><y>1037</y><time>31-05-21 12:36:40:376</time></pt><pt><x>3161</x><y>1103</y><time>31-05-21 12:36:40:952</time></pt><pt><x>3161</x><y>1119</y><time>31-05-21 12:36:41:560</time></pt><pt><x>3139</x><y>1169</y><time>31-05-21 12:36:42:192</time></pt><pt><x>3128</x><y>1191</y><time>31-05-21 12:36:42:736</time></pt><pt><x>3095</x><y>1196</y><time>31-05-21 12:36:43:209</time></pt><pt><x>3045</x><y>1213</y><time>31-05-21 12:36:43:615</time></pt><pt><x>2985</x><y>1213</y><time>31-05-21 12:36:44:143</time></pt><pt><x>2914</x><y>1235</y><time>31-05-21 12:36:45:322</time></pt><pt><x>2848</x><y>1251</y><time>31-05-21 12:36:45:800</time></pt><pt><x>2842</x><y>1257</y><time>31-05-21 12:36:46:392</time></pt><closed_date>31-05-21 12:36:46:992</closed_date></polygon></object><object><name>restoration</name><deleted>0</deleted><verified>0</verified><occluded>no</occluded><attributes /><parts><hasparts /><ispartof>4</ispartof></parts><date>31-05-21 12:37:12:002</date><id>13</id><polygon><username>anonymous</username><pt><x>2749</x><y>1163</y><time>31-05-21 12:36:57:799</time></pt><pt><x>2771</x><y>1092</y><time>31-05-21 12:36:58:567</time></pt><pt><x>2760</x><y>1048</y><time>31-05-21 12:36:59:143</time></pt><pt><x>2749</x><y>1043</y><time>31-05-21 12:36:59:688</time></pt><pt><x>2733</x><y>1021</y><time>31-05-21 12:37:00:312</time></pt><pt><x>2711</x><y>999</y><time>31-05-21 12:37:00:896</time></pt><pt><x>2689</x><y>999</y><time>31-05-21 12:37:01:431</time></pt><pt><x>2645</x><y>999</y><time>31-05-21 12:37:01:840</time></pt><pt><x>2612</x><y>1059</y><time>31-05-21 12:37:02:656</time></pt><pt><x>2590</x><y>1163</y><time>31-05-21 12:37:03:880</time></pt><pt><x>2612</x><y>1196</y><time>31-05-21 12:37:04:423</time></pt><pt><x>2617</x><y>1202</y><time>31-05-21 12:37:04:752</time></pt><pt><x>2628</x><y>1218</y><time>31-05-21 12:37:05:088</time></pt><pt><x>2650</x><y>1240</y><time>31-05-21 12:37:05:479</time></pt><pt><x>2678</x><y>1224</y><time>31-05-21 12:37:06:048</time></pt><pt><x>2722</x><y>1196</y><time>31-05-21 12:37:06:384</time></pt><closed_date>31-05-21 12:37:06:856</closed_date></polygon></object><object><name>restoration</name><deleted>0</deleted><verified>0</verified><occluded>no</occluded><attributes /><parts><hasparts /><ispartof>3</ispartof></parts><date>31-05-21 12:37:46:762</date><id>14</id><polygon><username>anonymous</username><pt><x>2387</x><y>1037</y><time>31-05-21 12:37:19:864</time></pt><pt><x>2414</x><y>944</y><time>31-05-21 12:37:21:105</time></pt><pt><x>2464</x><y>905</y><time>31-05-21 12:37:21:681</time></pt><pt><x>2519</x><y>905</y><time>31-05-21 12:37:22:153</time></pt><pt><x>2568</x><y>905</y><time>31-05-21 12:37:22:568</time></pt><pt><x>2617</x><y>927</y><time>31-05-21 12:37:23:241</time></pt><pt><x>2617</x><y>971</y><time>31-05-21 12:37:23:648</time></pt><pt><x>2623</x><y>999</y><time>31-05-21 12:37:24:000</time></pt><pt><x>2617</x><y>1207</y><time>31-05-21 12:37:25:409</time></pt><pt><x>2595</x><y>1251</y><time>31-05-21 12:37:26:097</time></pt><pt><x>2557</x><y>1278</y><time>31-05-21 12:37:26:889</time></pt><pt><x>2475</x><y>1289</y><time>31-05-21 12:37:27:792</time></pt><pt><x>2387</x><y>1278</y><time>31-05-21 12:37:29:169</time></pt><pt><x>2343</x><y>1267</y><time>31-05-21 12:37:29:961</time></pt><pt><x>2294</x><y>1257</y><time>31-05-21 12:37:30:359</time></pt><pt><x>2228</x><y>1257</y><time>31-05-21 12:37:31:064</time></pt><pt><x>2156</x><y>1251</y><time>31-05-21 12:37:32:431</time></pt><pt><x>2145</x><y>1246</y><time>31-05-21 12:37:32:897</time></pt><pt><x>2091</x><y>1207</y><time>31-05-21 12:37:33:752</time></pt><pt><x>2052</x><y>1180</y><time>31-05-21 12:37:34:753</time></pt><pt><x>2014</x><y>1163</y><time>31-05-21 12:37:35:240</time></pt><pt><x>1981</x><y>1158</y><time>31-05-21 12:37:35:865</time></pt><pt><x>1964</x><y>1141</y><time>31-05-21 12:37:36:736</time></pt><pt><x>1948</x><y>1103</y><time>31-05-21 12:37:37:737</time></pt><pt><x>1942</x><y>1059</y><time>31-05-21 12:37:38:240</time></pt><pt><x>1942</x><y>1004</y><time>31-05-21 12:37:38:745</time></pt><pt><x>1953</x><y>971</y><time>31-05-21 12:37:39:184</time></pt><pt><x>2019</x><y>944</y><time>31-05-21 12:37:39:520</time></pt><pt><x>2030</x><y>944</y><time>31-05-21 12:37:39:816</time></pt><pt><x>2091</x><y>927</y><time>31-05-21 12:37:40:306</time></pt><pt><x>2134</x><y>916</y><time>31-05-21 12:37:40:632</time></pt><pt><x>2178</x><y>944</y><time>31-05-21 12:37:41:001</time></pt><pt><x>2283</x><y>977</y><time>31-05-21 12:37:41:567</time></pt><pt><x>2354</x><y>1010</y><time>31-05-21 12:37:41:889</time></pt><closed_date>31-05-21 12:37:42:344</closed_date></polygon></object><object><name>restoration</name><deleted>0</deleted><verified>0</verified><occluded>no</occluded><attributes /><parts><hasparts /><ispartof>2</ispartof></parts><date>31-05-21 12:38:21:839</date><id>15</id><polygon><username>anonymous</username><pt><x>1635</x><y>1185</y><time>31-05-21 12:37:58:186</time></pt><pt><x>1553</x><y>1163</y><time>31-05-21 12:37:58:769</time></pt><pt><x>1531</x><y>1158</y><time>31-05-21 12:37:59:113</time></pt><pt><x>1481</x><y>1158</y><time>31-05-21 12:37:59:433</time></pt><pt><x>1438</x><y>1158</y><time>31-05-21 12:37:59:760</time></pt><pt><x>1372</x><y>1152</y><time>31-05-21 12:38:00:344</time></pt><pt><x>1333</x><y>1141</y><time>31-05-21 12:38:00:823</time></pt><pt><x>1257</x><y>1125</y><time>31-05-21 12:38:01:545</time></pt><pt><x>1218</x><y>1103</y><time>31-05-21 12:38:02:000</time></pt><pt><x>1169</x><y>1092</y><time>31-05-21 12:38:02:360</time></pt><pt><x>1141</x><y>1059</y><time>31-05-21 12:38:03:217</time></pt><pt><x>1119</x><y>1026</y><time>31-05-21 12:38:03:881</time></pt><pt><x>1114</x><y>1010</y><time>31-05-21 12:38:04:233</time></pt><pt><x>1114</x><y>966</y><time>31-05-21 12:38:05:080</time></pt><pt><x>1119</x><y>944</y><time>31-05-21 12:38:05:448</time></pt><pt><x>1163</x><y>911</y><time>31-05-21 12:38:05:786</time></pt><pt><x>1207</x><y>894</y><time>31-05-21 12:38:06:288</time></pt><pt><x>1240</x><y>894</y><time>31-05-21 12:38:06:665</time></pt><pt><x>1289</x><y>894</y><time>31-05-21 12:38:07:225</time></pt><pt><x>1361</x><y>872</y><time>31-05-21 12:38:07:921</time></pt><pt><x>1421</x><y>845</y><time>31-05-21 12:38:08:488</time></pt><pt><x>1492</x><y>850</y><time>31-05-21 12:38:08:840</time></pt><pt><x>1525</x><y>883</y><time>31-05-21 12:38:09:176</time></pt><pt><x>1564</x><y>933</y><time>31-05-21 12:38:09:784</time></pt><pt><x>1575</x><y>971</y><time>31-05-21 12:38:10:161</time></pt><pt><x>1646</x><y>960</y><time>31-05-21 12:38:10:760</time></pt><pt><x>1679</x><y>949</y><time>31-05-21 12:38:11:121</time></pt><pt><x>1712</x><y>944</y><time>31-05-21 12:38:11:576</time></pt><pt><x>1800</x><y>933</y><time>31-05-21 12:38:12:169</time></pt><pt><x>1866</x><y>933</y><time>31-05-21 12:38:12:672</time></pt><pt><x>1893</x><y>949</y><time>31-05-21 12:38:13:191</time></pt><pt><x>1915</x><y>988</y><time>31-05-21 12:38:13:856</time></pt><pt><x>1904</x><y>1054</y><time>31-05-21 12:38:14:305</time></pt><pt><x>1855</x><y>1092</y><time>31-05-21 12:38:14:753</time></pt><pt><x>1800</x><y>1141</y><time>31-05-21 12:38:15:136</time></pt><pt><x>1789</x><y>1147</y><time>31-05-21 12:38:15:423</time></pt><pt><x>1712</x><y>1180</y><time>31-05-21 12:38:15:736</time></pt><pt><x>1679</x><y>1185</y><time>31-05-21 12:38:16:265</time></pt><closed_date>31-05-21 12:38:16:920</closed_date></polygon></object><object><name>restoration</name><deleted>0</deleted><verified>0</verified><occluded>no</occluded><attributes /><parts><hasparts /><ispartof>1</ispartof></parts><date>31-05-21 12:39:06:626</date><id>16</id><polygon><username>anonymous</username><pt><x>664</x><y>960</y><time>31-05-21 12:38:55:016</time></pt><pt><x>609</x><y>999</y><time>31-05-21 12:38:55:848</time></pt><pt><x>647</x><y>1048</y><time>31-05-21 12:38:56:328</time></pt><pt><x>702</x><y>1070</y><time>31-05-21 12:38:56:633</time></pt><pt><x>763</x><y>1064</y><time>31-05-21 12:38:57:152</time></pt><pt><x>812</x><y>1048</y><time>31-05-21 12:38:57:599</time></pt><pt><x>845</x><y>1032</y><time>31-05-21 12:38:57:968</time></pt><pt><x>850</x><y>988</y><time>31-05-21 12:38:58:649</time></pt><pt><x>840</x><y>933</y><time>31-05-21 12:38:59:777</time></pt><pt><x>790</x><y>916</y><time>31-05-21 12:39:00:120</time></pt><pt><x>730</x><y>916</y><time>31-05-21 12:39:00:400</time></pt><pt><x>680</x><y>916</y><time>31-05-21 12:39:00:696</time></pt><pt><x>669</x><y>916</y><time>31-05-21 12:39:01:023</time></pt><closed_date>31-05-21 12:39:01:423</closed_date></polygon></object><imagesize><nrows /><ncols /></imagesize></annotation>