<?xml version='1.0' encoding='UTF-8'?>
<annotation><filename>imagem-015.jpg</filename><folder>segmentation_xray</folder><source><sourceImage>The MIT-CSAIL database of objects and scenes</sourceImage><sourceAnnotation>LabelMe Webtool</sourceAnnotation></source><object><name>tooth</name><deleted>0</deleted><verified>0</verified><occluded>no</occluded><attributes>38</attributes><parts><hasparts /><ispartof /></parts><date>19-05-21 11:25:05:425</date><id>0</id><type>bounding_box</type><polygon><username>anonymous</username><pt><x>2912</x><y>1125</y><time>19-05-21 11:24:53:316</time></pt><pt><x>4095</x><y>1125</y><time>19-05-21 11:25:00:733</time></pt><pt><x>4095</x><y>2981</y><time>undefined</time></pt><pt><x>2912</x><y>2981</y><time>undefined</time></pt><closed_date>19-05-21 11:25:00:734</closed_date></polygon></object><object><name>tooth</name><deleted>0</deleted><verified>0</verified><occluded>no</occluded><attributes>37</attributes><parts><hasparts>8</hasparts><ispartof /></parts><date>19-05-21 11:25:13:252</date><id>1</id><type>bounding_box</type><polygon><username>anonymous</username><pt><x>1769</x><y>1369</y><time>19-05-21 11:25:07:082</time></pt><pt><x>3306</x><y>1369</y><time>19-05-21 11:25:09:340</time></pt><pt><x>3306</x><y>3155</y><time>undefined</time></pt><pt><x>1769</x><y>3155</y><time>undefined</time></pt><closed_date>19-05-21 11:25:09:340</closed_date></polygon></object><object><name>tooth</name><deleted>0</deleted><verified>0</verified><occluded>no</occluded><attributes>36</attributes><parts><hasparts>9</hasparts><ispartof /></parts><date>19-05-21 11:25:23:363</date><id>2</id><type>bounding_box</type><polygon><username>anonymous</username><pt><x>615</x><y>1653</y><time>19-05-21 11:25:15:902</time></pt><pt><x>2007</x><y>1653</y><time>19-05-21 11:25:19:948</time></pt><pt><x>2007</x><y>3155</y><time>undefined</time></pt><pt><x>615</x><y>3155</y><time>undefined</time></pt><closed_date>19-05-21 11:25:19:948</closed_date></polygon></object><object><name>tooth</name><deleted>0</deleted><verified>0</verified><occluded>no</occluded><attributes>35</attributes><parts><hasparts>10</hasparts><ispartof /></parts><date>19-05-21 11:25:50:242</date><id>3</id><type>bounding_box</type><polygon><username>anonymous</username><pt><x>806</x><y>1682</y><time>19-05-21 11:25:41:694</time></pt><pt><x>6</x><y>1682</y><time>19-05-21 11:25:46:400</time></pt><pt><x>6</x><y>3138</y><time>undefined</time></pt><pt><x>806</x><y>3138</y><time>undefined</time></pt><closed_date>19-05-21 11:25:46:400</closed_date></polygon></object><object><name>tooth</name><deleted>0</deleted><verified>0</verified><occluded>no</occluded><attributes>28</attributes><parts><hasparts /><ispartof /></parts><date>19-05-21 11:25:58:430</date><id>4</id><type>bounding_box</type><polygon><username>anonymous</username><pt><x>2749</x><y>1003</y><time>19-05-21 11:25:52:435</time></pt><pt><x>3718</x><y>1003</y><time>19-05-21 11:25:55:070</time></pt><pt><x>3718</x><y>1</y><time>undefined</time></pt><pt><x>2749</x><y>1</y><time>undefined</time></pt><closed_date>19-05-21 11:25:55:070</closed_date></polygon></object><object><name>tooth</name><deleted>0</deleted><verified>0</verified><occluded>no</occluded><attributes>27</attributes><parts><hasparts>11</hasparts><ispartof /></parts><date>19-05-21 11:26:24:391</date><id>5</id><type>bounding_box</type><polygon><username>anonymous</username><pt><x>1827</x><y>1183</y><time>19-05-21 11:26:18:917</time></pt><pt><x>2848</x><y>1183</y><time>19-05-21 11:26:21:303</time></pt><pt><x>2848</x><y>17</y><time>undefined</time></pt><pt><x>1827</x><y>17</y><time>undefined</time></pt><closed_date>19-05-21 11:26:21:303</closed_date></polygon></object><object><name>tooth</name><deleted>0</deleted><verified>0</verified><occluded>no</occluded><attributes>26</attributes><parts><hasparts>12</hasparts><ispartof /></parts><date>19-05-21 11:26:32:166</date><id>6</id><type>bounding_box</type><polygon><username>anonymous</username><pt><x>795</x><y>1299</y><time>19-05-21 11:26:26:155</time></pt><pt><x>1920</x><y>1299</y><time>19-05-21 11:26:29:040</time></pt><pt><x>1920</x><y>12</y><time>undefined</time></pt><pt><x>795</x><y>12</y><time>undefined</time></pt><closed_date>19-05-21 11:26:29:041</closed_date></polygon></object><object><name>tooth</name><deleted>0</deleted><verified>0</verified><occluded>no</occluded><attributes>25</attributes><parts><hasparts>13</hasparts><ispartof /></parts><date>19-05-21 11:26:39:343</date><id>7</id><type>bounding_box</type><polygon><username>anonymous</username><pt><x>104</x><y>1288</y><time>19-05-21 11:26:34:082</time></pt><pt><x>829</x><y>1288</y><time>19-05-21 11:26:36:527</time></pt><pt><x>829</x><y>6</y><time>undefined</time></pt><pt><x>104</x><y>6</y><time>undefined</time></pt><closed_date>19-05-21 11:26:36:528</closed_date></polygon></object><object><name>restoration</name><deleted>0</deleted><verified>0</verified><occluded>no</occluded><attributes /><parts><hasparts /><ispartof>1</ispartof></parts><date>19-05-21 11:27:38:981</date><id>8</id><polygon><username>anonymous</username><pt><x>2094</x><y>1723</y><time>19-05-21 11:27:18:671</time></pt><pt><x>2158</x><y>1723</y><time>19-05-21 11:27:19:462</time></pt><pt><x>2221</x><y>1746</y><time>19-05-21 11:27:20:143</time></pt><pt><x>2268</x><y>1775</y><time>19-05-21 11:27:20:818</time></pt><pt><x>2308</x><y>1781</y><time>19-05-21 11:27:21:266</time></pt><pt><x>2326</x><y>1757</y><time>19-05-21 11:27:21:712</time></pt><pt><x>2366</x><y>1752</y><time>19-05-21 11:27:22:055</time></pt><pt><x>2471</x><y>1728</y><time>19-05-21 11:27:22:498</time></pt><pt><x>2558</x><y>1699</y><time>19-05-21 11:27:22:997</time></pt><pt><x>2627</x><y>1676</y><time>19-05-21 11:27:23:375</time></pt><pt><x>2627</x><y>1636</y><time>19-05-21 11:27:23:966</time></pt><pt><x>2622</x><y>1554</y><time>19-05-21 11:27:24:536</time></pt><pt><x>2558</x><y>1479</y><time>19-05-21 11:27:25:331</time></pt><pt><x>2523</x><y>1479</y><time>19-05-21 11:27:25:920</time></pt><pt><x>2511</x><y>1496</y><time>19-05-21 11:27:26:359</time></pt><pt><x>2494</x><y>1496</y><time>19-05-21 11:27:26:758</time></pt><pt><x>2465</x><y>1508</y><time>19-05-21 11:27:27:254</time></pt><pt><x>2424</x><y>1508</y><time>19-05-21 11:27:27:743</time></pt><pt><x>2395</x><y>1525</y><time>19-05-21 11:27:28:149</time></pt><pt><x>2326</x><y>1554</y><time>19-05-21 11:27:28:826</time></pt><pt><x>2216</x><y>1583</y><time>19-05-21 11:27:30:767</time></pt><pt><x>2169</x><y>1589</y><time>19-05-21 11:27:31:449</time></pt><pt><x>2134</x><y>1572</y><time>19-05-21 11:27:33:222</time></pt><pt><x>2117</x><y>1578</y><time>19-05-21 11:27:33:843</time></pt><pt><x>2082</x><y>1601</y><time>19-05-21 11:27:34:523</time></pt><pt><x>2065</x><y>1612</y><time>19-05-21 11:27:35:103</time></pt><pt><x>2065</x><y>1682</y><time>19-05-21 11:27:35:671</time></pt><closed_date>19-05-21 11:27:36:374</closed_date></polygon></object><object><name>restoration</name><deleted>0</deleted><verified>0</verified><occluded>no</occluded><attributes /><parts><hasparts /><ispartof>2</ispartof></parts><date>19-05-21 11:28:24:285</date><id>9</id><polygon><username>anonymous</username><pt><x>800</x><y>1960</y><time>19-05-21 11:28:00:012</time></pt><pt><x>887</x><y>2082</y><time>19-05-21 11:28:00:692</time></pt><pt><x>922</x><y>2158</y><time>19-05-21 11:28:01:220</time></pt><pt><x>992</x><y>2175</y><time>19-05-21 11:28:01:691</time></pt><pt><x>1102</x><y>2175</y><time>19-05-21 11:28:02:212</time></pt><pt><x>1183</x><y>2140</y><time>19-05-21 11:28:02:692</time></pt><pt><x>1143</x><y>2065</y><time>19-05-21 11:28:04:900</time></pt><pt><x>1201</x><y>2065</y><time>19-05-21 11:28:05:508</time></pt><pt><x>1276</x><y>2030</y><time>19-05-21 11:28:05:932</time></pt><pt><x>1293</x><y>1995</y><time>19-05-21 11:28:06:419</time></pt><pt><x>1346</x><y>1984</y><time>19-05-21 11:28:06:924</time></pt><pt><x>1444</x><y>1949</y><time>19-05-21 11:28:07:907</time></pt><pt><x>1450</x><y>2001</y><time>19-05-21 11:28:08:686</time></pt><pt><x>1520</x><y>1955</y><time>19-05-21 11:28:09:209</time></pt><pt><x>1578</x><y>1920</y><time>19-05-21 11:28:09:870</time></pt><pt><x>1653</x><y>1885</y><time>19-05-21 11:28:10:294</time></pt><pt><x>1612</x><y>1856</y><time>19-05-21 11:28:10:725</time></pt><pt><x>1607</x><y>1781</y><time>19-05-21 11:28:11:681</time></pt><pt><x>1578</x><y>1705</y><time>19-05-21 11:28:12:613</time></pt><pt><x>1537</x><y>1670</y><time>19-05-21 11:28:14:112</time></pt><pt><x>1450</x><y>1694</y><time>19-05-21 11:28:14:667</time></pt><pt><x>1433</x><y>1757</y><time>19-05-21 11:28:16:247</time></pt><pt><x>1264</x><y>1868</y><time>19-05-21 11:28:17:575</time></pt><pt><x>1206</x><y>1850</y><time>19-05-21 11:28:18:270</time></pt><pt><x>1177</x><y>1827</y><time>19-05-21 11:28:18:703</time></pt><pt><x>1108</x><y>1810</y><time>19-05-21 11:28:19:174</time></pt><pt><x>1003</x><y>1827</y><time>19-05-21 11:28:19:640</time></pt><pt><x>928</x><y>1844</y><time>19-05-21 11:28:20:277</time></pt><pt><x>864</x><y>1891</y><time>19-05-21 11:28:20:790</time></pt><closed_date>19-05-21 11:28:21:671</closed_date></polygon></object><object><name>restoration</name><deleted>0</deleted><verified>0</verified><occluded>no</occluded><attributes /><parts><hasparts /><ispartof>3</ispartof></parts><date>19-05-21 11:29:02:725</date><id>10</id><polygon><username>anonymous</username><pt><x>99</x><y>2088</y><time>19-05-21 11:28:47:448</time></pt><pt><x>191</x><y>2065</y><time>19-05-21 11:28:48:362</time></pt><pt><x>296</x><y>2100</y><time>19-05-21 11:28:49:189</time></pt><pt><x>389</x><y>2100</y><time>19-05-21 11:28:49:732</time></pt><pt><x>447</x><y>2082</y><time>19-05-21 11:28:50:311</time></pt><pt><x>464</x><y>2036</y><time>19-05-21 11:28:50:717</time></pt><pt><x>516</x><y>1972</y><time>19-05-21 11:28:51:085</time></pt><pt><x>493</x><y>1937</y><time>19-05-21 11:28:51:536</time></pt><pt><x>493</x><y>1873</y><time>19-05-21 11:28:52:180</time></pt><pt><x>464</x><y>1827</y><time>19-05-21 11:28:52:878</time></pt><pt><x>400</x><y>1908</y><time>19-05-21 11:28:53:872</time></pt><pt><x>336</x><y>1908</y><time>19-05-21 11:28:54:492</time></pt><pt><x>226</x><y>1897</y><time>19-05-21 11:28:54:943</time></pt><pt><x>133</x><y>1885</y><time>19-05-21 11:28:55:479</time></pt><pt><x>75</x><y>1931</y><time>19-05-21 11:28:56:046</time></pt><pt><x>23</x><y>1943</y><time>19-05-21 11:28:58:015</time></pt><pt><x>52</x><y>2047</y><time>19-05-21 11:28:59:092</time></pt><closed_date>19-05-21 11:28:59:678</closed_date></polygon></object><object><name>restoration</name><deleted>0</deleted><verified>0</verified><occluded>no</occluded><attributes /><parts><hasparts /><ispartof>5</ispartof></parts><date>19-05-21 11:29:41:070</date><id>11</id><polygon><username>anonymous</username><pt><x>2036</x><y>1015</y><time>19-05-21 11:29:25:937</time></pt><pt><x>2024</x><y>916</y><time>19-05-21 11:29:26:793</time></pt><pt><x>2065</x><y>870</y><time>19-05-21 11:29:28:257</time></pt><pt><x>2158</x><y>870</y><time>19-05-21 11:29:28:790</time></pt><pt><x>2297</x><y>858</y><time>19-05-21 11:29:29:335</time></pt><pt><x>2424</x><y>853</y><time>19-05-21 11:29:29:983</time></pt><pt><x>2477</x><y>905</y><time>19-05-21 11:29:30:561</time></pt><pt><x>2430</x><y>963</y><time>19-05-21 11:29:31:838</time></pt><pt><x>2390</x><y>1038</y><time>19-05-21 11:29:32:459</time></pt><pt><x>2320</x><y>1044</y><time>19-05-21 11:29:33:382</time></pt><pt><x>2250</x><y>1061</y><time>19-05-21 11:29:35:306</time></pt><pt><x>2198</x><y>1044</y><time>19-05-21 11:29:35:887</time></pt><pt><x>2175</x><y>1050</y><time>19-05-21 11:29:36:806</time></pt><pt><x>2111</x><y>1067</y><time>19-05-21 11:29:37:399</time></pt><closed_date>19-05-21 11:29:38:229</closed_date></polygon></object><object><name>restoration</name><deleted>0</deleted><verified>0</verified><occluded>no</occluded><attributes /><parts><hasparts /><ispartof>6</ispartof></parts><date>19-05-21 11:30:09:005</date><id>12</id><polygon><username>anonymous</username><pt><x>1334</x><y>1148</y><time>19-05-21 11:29:51:105</time></pt><pt><x>1421</x><y>1177</y><time>19-05-21 11:29:51:919</time></pt><pt><x>1462</x><y>1177</y><time>19-05-21 11:29:52:411</time></pt><pt><x>1496</x><y>1148</y><time>19-05-21 11:29:52:898</time></pt><pt><x>1520</x><y>1067</y><time>19-05-21 11:29:53:342</time></pt><pt><x>1502</x><y>974</y><time>19-05-21 11:29:53:902</time></pt><pt><x>1444</x><y>934</y><time>19-05-21 11:29:54:573</time></pt><pt><x>1409</x><y>911</y><time>19-05-21 11:29:55:212</time></pt><pt><x>1369</x><y>934</y><time>19-05-21 11:29:56:038</time></pt><pt><x>1357</x><y>945</y><time>19-05-21 11:29:56:558</time></pt><pt><x>1299</x><y>928</y><time>19-05-21 11:29:57:181</time></pt><pt><x>1230</x><y>928</y><time>19-05-21 11:29:58:098</time></pt><pt><x>1166</x><y>934</y><time>19-05-21 11:29:58:726</time></pt><pt><x>1125</x><y>974</y><time>19-05-21 11:29:59:490</time></pt><pt><x>1119</x><y>1038</y><time>19-05-21 11:30:00:276</time></pt><pt><x>1073</x><y>1079</y><time>19-05-21 11:30:03:463</time></pt><pt><x>1119</x><y>1096</y><time>19-05-21 11:30:04:518</time></pt><pt><x>1201</x><y>1096</y><time>19-05-21 11:30:05:118</time></pt><pt><x>1282</x><y>1096</y><time>19-05-21 11:30:05:583</time></pt><closed_date>19-05-21 11:30:06:141</closed_date></polygon></object><object><name>restoration</name><deleted>0</deleted><verified>0</verified><occluded>no</occluded><attributes /><parts><hasparts /><ispartof>7</ispartof></parts><date>19-05-21 11:30:28:938</date><id>13</id><polygon><username>anonymous</username><pt><x>354</x><y>1143</y><time>19-05-21 11:30:20:252</time></pt><pt><x>638</x><y>1160</y><time>19-05-21 11:30:22:707</time></pt><pt><x>655</x><y>1114</y><time>19-05-21 11:30:23:399</time></pt><pt><x>615</x><y>1067</y><time>19-05-21 11:30:23:856</time></pt><pt><x>568</x><y>1050</y><time>19-05-21 11:30:24:270</time></pt><pt><x>470</x><y>1050</y><time>19-05-21 11:30:25:162</time></pt><pt><x>400</x><y>1061</y><time>19-05-21 11:30:25:648</time></pt><pt><x>342</x><y>1096</y><time>19-05-21 11:30:26:127</time></pt><closed_date>19-05-21 11:30:26:624</closed_date></polygon></object><imagesize><nrows /><ncols /></imagesize></annotation>