<?xml version='1.0' encoding='UTF-8'?>
<annotation><filename>imagem-118.jpg</filename><folder>segmentation_xray</folder><source><sourceImage>The MIT-CSAIL database of objects and scenes</sourceImage><sourceAnnotation>LabelMe Webtool</sourceAnnotation></source><object><name>tooth</name><deleted>0</deleted><verified>0</verified><occluded>no</occluded><attributes>17</attributes><parts><hasparts>10</hasparts><ispartof /></parts><date>11-05-21 10:10:45:245</date><id>0</id><type>bounding_box</type><polygon><username>anonymous</username><pt><x>207</x><y>24</y><time>11-05-21 10:10:33:200</time></pt><pt><x>636</x><y>24</y><time>11-05-21 10:10:36:977</time></pt><pt><x>636</x><y>522</y><time>undefined</time></pt><pt><x>207</x><y>522</y><time>undefined</time></pt><closed_date>11-05-21 10:10:36:978</closed_date></polygon></object><object><name>tooth</name><deleted>0</deleted><verified>0</verified><occluded>no</occluded><attributes>16</attributes><parts><hasparts>11</hasparts><ispartof /></parts><date>11-05-21 10:10:54:317</date><id>1</id><type>bounding_box</type><polygon><username>anonymous</username><pt><x>1075</x><y>535</y><time>11-05-21 10:10:48:979</time></pt><pt><x>563</x><y>535</y><time>11-05-21 10:10:51:837</time></pt><pt><x>563</x><y>20</y><time>undefined</time></pt><pt><x>1075</x><y>20</y><time>undefined</time></pt><closed_date>11-05-21 10:10:51:838</closed_date></polygon></object><object><name>tooth</name><deleted>0</deleted><verified>0</verified><occluded>no</occluded><attributes>15</attributes><parts><hasparts>12</hasparts><ispartof /></parts><date>11-05-21 10:11:17:067</date><id>2</id><type>bounding_box</type><polygon><username>anonymous</username><pt><x>1088</x><y>18</y><time>11-05-21 10:11:11:990</time></pt><pt><x>1358</x><y>18</y><time>11-05-21 10:11:14:616</time></pt><pt><x>1358</x><y>539</y><time>undefined</time></pt><pt><x>1088</x><y>539</y><time>undefined</time></pt><closed_date>11-05-21 10:11:14:616</closed_date></polygon></object><object><name>tooth</name><deleted>0</deleted><verified>0</verified><occluded>no</occluded><attributes>14</attributes><parts><hasparts /><ispartof /></parts><date>11-05-21 10:11:29:750</date><id>3</id><type>bounding_box</type><polygon><username>anonymous</username><pt><x>1608</x><y>565</y><time>11-05-21 10:11:25:292</time></pt><pt><x>1331</x><y>565</y><time>11-05-21 10:11:27:572</time></pt><pt><x>1331</x><y>20</y><time>undefined</time></pt><pt><x>1608</x><y>20</y><time>undefined</time></pt><closed_date>11-05-21 10:11:27:572</closed_date></polygon></object><object><name>tooth</name><deleted>0</deleted><verified>0</verified><occluded>no</occluded><attributes>47</attributes><parts><hasparts /><ispartof /></parts><date>11-05-21 10:11:58:864</date><id>4</id><type>bounding_box</type><polygon><username>anonymous</username><pt><x>18</x><y>478</y><time>11-05-21 10:11:50:285</time></pt><pt><x>470</x><y>478</y><time>11-05-21 10:11:55:226</time></pt><pt><x>470</x><y>1092</y><time>undefined</time></pt><pt><x>18</x><y>1092</y><time>undefined</time></pt><closed_date>11-05-21 10:11:55:226</closed_date></polygon></object><object><name>tooth</name><deleted>0</deleted><verified>0</verified><occluded>no</occluded><attributes>46</attributes><parts><hasparts /><ispartof /></parts><date>11-05-21 10:12:28:318</date><id>5</id><type>bounding_box</type><polygon><username>anonymous</username><pt><x>892</x><y>1224</y><time>11-05-21 10:12:19:614</time></pt><pt><x>449</x><y>1224</y><time>11-05-21 10:12:22:393</time></pt><pt><x>449</x><y>614</y><time>undefined</time></pt><pt><x>892</x><y>614</y><time>undefined</time></pt><closed_date>11-05-21 10:12:22:393</closed_date></polygon></object><object><name>tooth</name><deleted>0</deleted><verified>0</verified><occluded>no</occluded><attributes>45</attributes><parts><hasparts>13,14</hasparts><ispartof /></parts><date>11-05-21 10:12:36:974</date><id>6</id><type>bounding_box</type><polygon><username>anonymous</username><pt><x>905</x><y>592</y><time>11-05-21 10:12:29:926</time></pt><pt><x>1220</x><y>592</y><time>11-05-21 10:12:33:915</time></pt><pt><x>1220</x><y>1236</y><time>undefined</time></pt><pt><x>905</x><y>1236</y><time>undefined</time></pt><closed_date>11-05-21 10:12:33:916</closed_date></polygon></object><object><name>tooth</name><deleted>0</deleted><verified>0</verified><occluded>no</occluded><attributes>44</attributes><parts><hasparts /><ispartof /></parts><date>11-05-21 10:12:59:958</date><id>7</id><type>bounding_box</type><polygon><username>anonymous</username><pt><x>1242</x><y>1230</y><time>11-05-21 10:12:52:445</time></pt><pt><x>1496</x><y>1230</y><time>11-05-21 10:12:57:124</time></pt><pt><x>1496</x><y>567</y><time>undefined</time></pt><pt><x>1242</x><y>567</y><time>undefined</time></pt><closed_date>11-05-21 10:12:57:124</closed_date></polygon></object><object><name>tooth</name><deleted>0</deleted><verified>0</verified><occluded>no</occluded><attributes>43</attributes><parts><hasparts /><ispartof /></parts><date>11-05-21 10:13:19:112</date><id>8</id><type>bounding_box</type><polygon><username>anonymous</username><pt><x>1502</x><y>579</y><time>11-05-21 10:13:07:637</time></pt><pt><x>1594</x><y>579</y><time>11-05-21 10:13:12:981</time></pt><pt><x>1594</x><y>1138</y><time>undefined</time></pt><pt><x>1502</x><y>1138</y><time>undefined</time></pt><closed_date>11-05-21 10:13:12:982</closed_date></polygon></object><object><name>implant</name><deleted>0</deleted><verified>0</verified><occluded>no</occluded><attributes>46</attributes><parts><hasparts /><ispartof /></parts><date>11-05-21 10:13:59:617</date><id>9</id><polygon><username>anonymous</username><pt><x>557</x><y>732</y><time>11-05-21 10:13:24:619</time></pt><pt><x>518</x><y>779</y><time>11-05-21 10:13:25:723</time></pt><pt><x>518</x><y>815</y><time>11-05-21 10:13:26:454</time></pt><pt><x>526</x><y>874</y><time>11-05-21 10:13:27:158</time></pt><pt><x>526</x><y>911</y><time>11-05-21 10:13:27:844</time></pt><pt><x>529</x><y>933</y><time>11-05-21 10:13:28:494</time></pt><pt><x>537</x><y>962</y><time>11-05-21 10:13:29:063</time></pt><pt><x>549</x><y>994</y><time>11-05-21 10:13:29:640</time></pt><pt><x>561</x><y>1029</y><time>11-05-21 10:13:30:394</time></pt><pt><x>561</x><y>1031</y><time>11-05-21 10:13:31:080</time></pt><pt><x>551</x><y>1045</y><time>11-05-21 10:13:31:817</time></pt><pt><x>551</x><y>1045</y><time>11-05-21 10:13:32:402</time></pt><pt><x>561</x><y>1157</y><time>11-05-21 10:13:33:385</time></pt><pt><x>561</x><y>1201</y><time>11-05-21 10:13:34:170</time></pt><pt><x>581</x><y>1222</y><time>11-05-21 10:13:35:150</time></pt><pt><x>691</x><y>1220</y><time>11-05-21 10:13:36:125</time></pt><pt><x>707</x><y>1220</y><time>11-05-21 10:13:36:709</time></pt><pt><x>718</x><y>1205</y><time>11-05-21 10:13:37:262</time></pt><pt><x>716</x><y>1169</y><time>11-05-21 10:13:37:790</time></pt><pt><x>718</x><y>1051</y><time>11-05-21 10:13:38:610</time></pt><pt><x>716</x><y>1029</y><time>11-05-21 10:13:39:300</time></pt><pt><x>718</x><y>998</y><time>11-05-21 10:13:39:943</time></pt><pt><x>730</x><y>976</y><time>11-05-21 10:13:40:462</time></pt><pt><x>764</x><y>939</y><time>11-05-21 10:13:41:153</time></pt><pt><x>815</x><y>852</y><time>11-05-21 10:13:41:899</time></pt><pt><x>846</x><y>793</y><time>11-05-21 10:13:42:543</time></pt><pt><x>840</x><y>738</y><time>11-05-21 10:13:43:168</time></pt><pt><x>815</x><y>709</y><time>11-05-21 10:13:43:689</time></pt><pt><x>766</x><y>691</y><time>11-05-21 10:13:44:306</time></pt><pt><x>718</x><y>709</y><time>11-05-21 10:13:44:867</time></pt><pt><x>673</x><y>709</y><time>11-05-21 10:13:45:395</time></pt><pt><x>618</x><y>703</y><time>11-05-21 10:13:45:923</time></pt><pt><x>583</x><y>711</y><time>11-05-21 10:13:46:386</time></pt><pt><x>569</x><y>720</y><time>11-05-21 10:13:46:832</time></pt><pt><x>569</x><y>720</y><time>11-05-21 10:13:47:565</time></pt><closed_date>11-05-21 10:13:48:353</closed_date></polygon></object><object><name>restoration</name><deleted>0</deleted><verified>0</verified><occluded>no</occluded><attributes>17</attributes><parts><hasparts /><ispartof>0</ispartof></parts><date>11-05-21 10:14:36:410</date><id>10</id><polygon><username>anonymous</username><pt><x>268</x><y>333</y><time>11-05-21 10:14:06:434</time></pt><pt><x>297</x><y>319</y><time>11-05-21 10:14:07:520</time></pt><pt><x>321</x><y>325</y><time>11-05-21 10:14:08:130</time></pt><pt><x>350</x><y>335</y><time>11-05-21 10:14:08:698</time></pt><pt><x>364</x><y>344</y><time>11-05-21 10:14:17:809</time></pt><pt><x>394</x><y>317</y><time>11-05-21 10:14:18:434</time></pt><pt><x>417</x><y>317</y><time>11-05-21 10:14:18:873</time></pt><pt><x>457</x><y>317</y><time>11-05-21 10:14:19:409</time></pt><pt><x>474</x><y>358</y><time>11-05-21 10:14:20:140</time></pt><pt><x>492</x><y>388</y><time>11-05-21 10:14:20:668</time></pt><pt><x>514</x><y>405</y><time>11-05-21 10:14:21:164</time></pt><pt><x>539</x><y>415</y><time>11-05-21 10:14:21:741</time></pt><pt><x>541</x><y>431</y><time>11-05-21 10:14:22:286</time></pt><pt><x>526</x><y>437</y><time>11-05-21 10:14:22:821</time></pt><pt><x>506</x><y>445</y><time>11-05-21 10:14:23:570</time></pt><pt><x>474</x><y>437</y><time>11-05-21 10:14:24:147</time></pt><pt><x>427</x><y>396</y><time>11-05-21 10:14:24:667</time></pt><pt><x>400</x><y>396</y><time>11-05-21 10:14:25:210</time></pt><pt><x>368</x><y>411</y><time>11-05-21 10:14:25:715</time></pt><pt><x>333</x><y>419</y><time>11-05-21 10:14:26:202</time></pt><pt><x>291</x><y>419</y><time>11-05-21 10:14:26:747</time></pt><pt><x>260</x><y>400</y><time>11-05-21 10:14:27:225</time></pt><pt><x>250</x><y>394</y><time>11-05-21 10:14:27:698</time></pt><closed_date>11-05-21 10:14:28:251</closed_date></polygon></object><object><name>restoration</name><deleted>0</deleted><verified>0</verified><occluded>no</occluded><attributes>16</attributes><parts><hasparts /><ispartof>1</ispartof></parts><date>11-05-21 10:15:03:232</date><id>11</id><polygon><username>anonymous</username><pt><x>687</x><y>466</y><time>11-05-21 10:14:43:331</time></pt><pt><x>726</x><y>421</y><time>11-05-21 10:14:44:125</time></pt><pt><x>740</x><y>374</y><time>11-05-21 10:14:44:759</time></pt><pt><x>768</x><y>356</y><time>11-05-21 10:14:45:417</time></pt><pt><x>803</x><y>356</y><time>11-05-21 10:14:46:026</time></pt><pt><x>825</x><y>360</y><time>11-05-21 10:14:46:514</time></pt><pt><x>852</x><y>352</y><time>11-05-21 10:14:47:079</time></pt><pt><x>882</x><y>360</y><time>11-05-21 10:14:47:580</time></pt><pt><x>909</x><y>390</y><time>11-05-21 10:14:48:091</time></pt><pt><x>919</x><y>423</y><time>11-05-21 10:14:48:627</time></pt><pt><x>939</x><y>461</y><time>11-05-21 10:14:49:098</time></pt><pt><x>947</x><y>466</y><time>11-05-21 10:14:49:634</time></pt><pt><x>966</x><y>480</y><time>11-05-21 10:14:50:382</time></pt><pt><x>962</x><y>498</y><time>11-05-21 10:14:51:073</time></pt><pt><x>921</x><y>484</y><time>11-05-21 10:14:51:706</time></pt><pt><x>880</x><y>463</y><time>11-05-21 10:14:52:226</time></pt><pt><x>858</x><y>457</y><time>11-05-21 10:14:52:853</time></pt><pt><x>829</x><y>461</y><time>11-05-21 10:14:53:365</time></pt><pt><x>797</x><y>472</y><time>11-05-21 10:14:53:877</time></pt><pt><x>754</x><y>478</y><time>11-05-21 10:14:54:404</time></pt><pt><x>726</x><y>490</y><time>11-05-21 10:14:54:933</time></pt><pt><x>697</x><y>490</y><time>11-05-21 10:14:55:437</time></pt><closed_date>11-05-21 10:14:56:273</closed_date></polygon></object><object><name>restoration</name><deleted>0</deleted><verified>0</verified><occluded>no</occluded><attributes>15</attributes><parts><hasparts /><ispartof>2</ispartof></parts><date>11-05-21 10:15:26:560</date><id>12</id><polygon><username>anonymous</username><pt><x>1266</x><y>474</y><time>11-05-21 10:15:08:262</time></pt><pt><x>1254</x><y>425</y><time>11-05-21 10:15:14:459</time></pt><pt><x>1258</x><y>411</y><time>11-05-21 10:15:15:158</time></pt><pt><x>1279</x><y>402</y><time>11-05-21 10:15:15:734</time></pt><pt><x>1317</x><y>388</y><time>11-05-21 10:15:16:433</time></pt><pt><x>1334</x><y>388</y><time>11-05-21 10:15:17:019</time></pt><pt><x>1352</x><y>405</y><time>11-05-21 10:15:17:758</time></pt><pt><x>1356</x><y>431</y><time>11-05-21 10:15:18:474</time></pt><pt><x>1356</x><y>453</y><time>11-05-21 10:15:19:147</time></pt><pt><x>1346</x><y>472</y><time>11-05-21 10:15:20:000</time></pt><pt><x>1329</x><y>466</y><time>11-05-21 10:15:20:610</time></pt><pt><x>1315</x><y>461</y><time>11-05-21 10:15:21:268</time></pt><pt><x>1295</x><y>457</y><time>11-05-21 10:15:22:000</time></pt><pt><x>1283</x><y>466</y><time>11-05-21 10:15:22:593</time></pt><closed_date>11-05-21 10:15:23:227</closed_date></polygon></object><object><name>restoration</name><deleted>0</deleted><verified>0</verified><occluded>no</occluded><attributes>45</attributes><parts><hasparts /><ispartof>6</ispartof></parts><date>11-05-21 10:15:55:463</date><id>13</id><polygon><username>anonymous</username><pt><x>988</x><y>693</y><time>11-05-21 10:15:40:666</time></pt><pt><x>992</x><y>718</y><time>11-05-21 10:15:41:459</time></pt><pt><x>1029</x><y>722</y><time>11-05-21 10:15:42:255</time></pt><pt><x>1055</x><y>722</y><time>11-05-21 10:15:42:881</time></pt><pt><x>1079</x><y>703</y><time>11-05-21 10:15:43:555</time></pt><pt><x>1083</x><y>687</y><time>11-05-21 10:15:44:252</time></pt><pt><x>1057</x><y>689</y><time>11-05-21 10:15:44:888</time></pt><pt><x>1051</x><y>693</y><time>11-05-21 10:15:45:432</time></pt><pt><x>1010</x><y>693</y><time>11-05-21 10:15:46:099</time></pt><closed_date>11-05-21 10:15:46:725</closed_date></polygon></object><object><name>restoration</name><deleted>0</deleted><verified>0</verified><occluded>no</occluded><attributes /><parts><hasparts /><ispartof>6</ispartof></parts><date>11-05-21 10:16:05:782</date><id>14</id><polygon><username>anonymous</username><pt><x>1118</x><y>689</y><time>11-05-21 10:15:58:055</time></pt><pt><x>1108</x><y>711</y><time>11-05-21 10:15:58:996</time></pt><pt><x>1136</x><y>720</y><time>11-05-21 10:15:59:784</time></pt><pt><x>1157</x><y>711</y><time>11-05-21 10:16:00:434</time></pt><pt><x>1165</x><y>695</y><time>11-05-21 10:16:01:279</time></pt><pt><x>1151</x><y>693</y><time>11-05-21 10:16:01:937</time></pt><closed_date>11-05-21 10:16:02:864</closed_date></polygon></object><imagesize><nrows /><ncols /></imagesize></annotation>