<?xml version="1.0" encoding="UTF-8"?><annotation><filename>imagem-062.jpg</filename><folder>segmentation_xray</folder><source><sourceImage>The MIT-CSAIL database of objects and scenes</sourceImage><sourceAnnotation>LabelMe Webtool</sourceAnnotation></source><object><name>tooth</name><deleted>1</deleted><verified>0</verified><occluded>no</occluded><attributes/><parts><hasparts></hasparts><ispartof/></parts><date>04-05-21 14:47:25:831</date><id>0</id><polygon><username>anonymous</username><pt><x>415</x><y>5</y><time>04-05-21 14:46:56:517</time></pt><pt><x>413</x><y>70</y><time>04-05-21 14:46:57:726</time></pt><pt><x>390</x><y>138</y><time>04-05-21 14:46:58:230</time></pt><pt><x>363</x><y>187</y><time>04-05-21 14:46:58:957</time></pt><pt><x>362</x><y>203</y><time>04-05-21 14:46:59:541</time></pt><pt><x>343</x><y>238</y><time>04-05-21 14:47:00:189</time></pt><pt><x>335</x><y>298</y><time>04-05-21 14:47:01:037</time></pt><pt><x>350</x><y>320</y><time>04-05-21 14:47:01:525</time></pt><pt><x>368</x><y>340</y><time>04-05-21 14:47:02:173</time></pt><pt><x>403</x><y>370</y><time>04-05-21 14:47:02:622</time></pt><pt><x>435</x><y>380</y><time>04-05-21 14:47:03:757</time></pt><pt><x>485</x><y>367</y><time>04-05-21 14:47:04:581</time></pt><pt><x>507</x><y>353</y><time>04-05-21 14:47:05:013</time></pt><pt><x>528</x><y>345</y><time>04-05-21 14:47:05:478</time></pt><pt><x>558</x><y>363</y><time>04-05-21 14:47:06:093</time></pt><pt><x>580</x><y>377</y><time>04-05-21 14:47:06:621</time></pt><pt><x>595</x><y>377</y><time>04-05-21 14:47:07:173</time></pt><pt><x>618</x><y>362</y><time>04-05-21 14:47:07:901</time></pt><pt><x>637</x><y>328</y><time>04-05-21 14:47:08:470</time></pt><pt><x>647</x><y>288</y><time>04-05-21 14:47:09:021</time></pt><pt><x>647</x><y>245</y><time>04-05-21 14:47:09:637</time></pt><pt><x>637</x><y>187</y><time>04-05-21 14:47:10:317</time></pt><pt><x>615</x><y>127</y><time>04-05-21 14:47:10:773</time></pt><pt><x>617</x><y>88</y><time>04-05-21 14:47:11:389</time></pt><pt><x>623</x><y>55</y><time>04-05-21 14:47:12:868</time></pt><pt><x>645</x><y>13</y><time>04-05-21 14:47:13:789</time></pt><pt><x>642</x><y>3</y><time>04-05-21 14:47:15:093</time></pt><closed_date>04-05-21 14:47:17:583</closed_date></polygon></object><object><name>tooth</name><deleted>1</deleted><verified>0</verified><occluded>no</occluded><attributes/><parts><hasparts></hasparts><ispartof/></parts><date>04-05-21 14:47:50:912</date><id>1</id><polygon><username>anonymous</username><pt><x>710</x><y>5</y><time>04-05-21 14:47:28:344</time></pt><pt><x>702</x><y>78</y><time>04-05-21 14:47:29:062</time></pt><pt><x>683</x><y>130</y><time>04-05-21 14:47:29:525</time></pt><pt><x>655</x><y>195</y><time>04-05-21 14:47:30:302</time></pt><pt><x>650</x><y>222</y><time>04-05-21 14:47:30:781</time></pt><pt><x>652</x><y>262</y><time>04-05-21 14:47:31:486</time></pt><pt><x>662</x><y>293</y><time>04-05-21 14:47:32:413</time></pt><pt><x>683</x><y>340</y><time>04-05-21 14:47:33:037</time></pt><pt><x>717</x><y>360</y><time>04-05-21 14:47:33:693</time></pt><pt><x>762</x><y>363</y><time>04-05-21 14:47:34:126</time></pt><pt><x>803</x><y>350</y><time>04-05-21 14:47:34:629</time></pt><pt><x>845</x><y>327</y><time>04-05-21 14:47:35:125</time></pt><pt><x>860</x><y>313</y><time>04-05-21 14:47:35:590</time></pt><pt><x>868</x><y>307</y><time>04-05-21 14:47:35:949</time></pt><pt><x>903</x><y>312</y><time>04-05-21 14:47:36:973</time></pt><pt><x>933</x><y>298</y><time>04-05-21 14:47:37:598</time></pt><pt><x>943</x><y>278</y><time>04-05-21 14:47:38:181</time></pt><pt><x>953</x><y>258</y><time>04-05-21 14:47:38:621</time></pt><pt><x>953</x><y>228</y><time>04-05-21 14:47:39:085</time></pt><pt><x>953</x><y>200</y><time>04-05-21 14:47:39:493</time></pt><pt><x>938</x><y>167</y><time>04-05-21 14:47:39:925</time></pt><pt><x>927</x><y>142</y><time>04-05-21 14:47:40:365</time></pt><pt><x>912</x><y>103</y><time>04-05-21 14:47:40:812</time></pt><pt><x>903</x><y>67</y><time>04-05-21 14:47:41:213</time></pt><pt><x>893</x><y>27</y><time>04-05-21 14:47:41:613</time></pt><pt><x>895</x><y>7</y><time>04-05-21 14:47:41:965</time></pt><pt><x>892</x><y>7</y><time>04-05-21 14:47:43:413</time></pt><closed_date>04-05-21 14:47:45:612</closed_date></polygon></object><object><name>restoration</name><deleted>0</deleted><verified>0</verified><occluded>no</occluded><attributes/><parts><hasparts/><ispartof>13</ispartof></parts><date>04-05-21 14:48:38:443</date><id>2</id><polygon><username>anonymous</username><pt><x>365</x><y>203</y><time>04-05-21 14:48:17:592</time></pt><pt><x>397</x><y>208</y><time>04-05-21 14:48:18:309</time></pt><pt><x>423</x><y>222</y><time>04-05-21 14:48:18:726</time></pt><pt><x>430</x><y>262</y><time>04-05-21 14:48:19:350</time></pt><pt><x>438</x><y>275</y><time>04-05-21 14:48:19:926</time></pt><pt><x>470</x><y>272</y><time>04-05-21 14:48:20:302</time></pt><pt><x>510</x><y>265</y><time>04-05-21 14:48:20:686</time></pt><pt><x>527</x><y>278</y><time>04-05-21 14:48:21:350</time></pt><pt><x>550</x><y>267</y><time>04-05-21 14:48:21:757</time></pt><pt><x>568</x><y>267</y><time>04-05-21 14:48:22:174</time></pt><pt><x>603</x><y>265</y><time>04-05-21 14:48:22:509</time></pt><pt><x>613</x><y>275</y><time>04-05-21 14:48:23:005</time></pt><pt><x>612</x><y>292</y><time>04-05-21 14:48:23:342</time></pt><pt><x>622</x><y>312</y><time>04-05-21 14:48:23:717</time></pt><pt><x>623</x><y>315</y><time>04-05-21 14:48:24:158</time></pt><pt><x>617</x><y>325</y><time>04-05-21 14:48:24:726</time></pt><pt><x>585</x><y>338</y><time>04-05-21 14:48:25:189</time></pt><pt><x>560</x><y>348</y><time>04-05-21 14:48:25:470</time></pt><pt><x>545</x><y>348</y><time>04-05-21 14:48:25:949</time></pt><pt><x>517</x><y>348</y><time>04-05-21 14:48:26:437</time></pt><pt><x>483</x><y>350</y><time>04-05-21 14:48:26:966</time></pt><pt><x>477</x><y>340</y><time>04-05-21 14:48:27:470</time></pt><pt><x>470</x><y>327</y><time>04-05-21 14:48:27:901</time></pt><pt><x>455</x><y>330</y><time>04-05-21 14:48:28:334</time></pt><pt><x>408</x><y>333</y><time>04-05-21 14:48:28:781</time></pt><pt><x>373</x><y>328</y><time>04-05-21 14:48:29:126</time></pt><pt><x>355</x><y>317</y><time>04-05-21 14:48:29:590</time></pt><pt><x>343</x><y>307</y><time>04-05-21 14:48:30:117</time></pt><pt><x>337</x><y>280</y><time>04-05-21 14:48:30:638</time></pt><pt><x>338</x><y>248</y><time>04-05-21 14:48:31:166</time></pt><pt><x>350</x><y>223</y><time>04-05-21 14:48:31:574</time></pt><closed_date>04-05-21 14:48:32:294</closed_date></polygon></object><object><name>restoration</name><deleted>1</deleted><verified>0</verified><occluded>no</occluded><attributes/><parts><hasparts/><ispartof></ispartof></parts><date>04-05-21 14:48:56:940</date><id>3</id><polygon><username>anonymous</username><pt><x>710</x><y>258</y><time>04-05-21 14:48:41:473</time></pt><pt><x>758</x><y>262</y><time>04-05-21 14:48:42:254</time></pt><pt><x>777</x><y>245</y><time>04-05-21 14:48:42:686</time></pt><pt><x>777</x><y>235</y><time>04-05-21 14:48:43:015</time></pt><pt><x>783</x><y>228</y><time>04-05-21 14:48:43:390</time></pt><pt><x>808</x><y>227</y><time>04-05-21 14:48:43:741</time></pt><pt><x>823</x><y>238</y><time>04-05-21 14:48:44:142</time></pt><pt><x>830</x><y>270</y><time>04-05-21 14:48:44:694</time></pt><pt><x>830</x><y>287</y><time>04-05-21 14:48:45:110</time></pt><pt><x>818</x><y>283</y><time>04-05-21 14:48:45:790</time></pt><pt><x>802</x><y>287</y><time>04-05-21 14:48:46:254</time></pt><pt><x>783</x><y>293</y><time>04-05-21 14:48:46:790</time></pt><pt><x>762</x><y>300</y><time>04-05-21 14:48:47:158</time></pt><pt><x>727</x><y>308</y><time>04-05-21 14:48:47:542</time></pt><pt><x>705</x><y>305</y><time>04-05-21 14:48:47:902</time></pt><pt><x>697</x><y>293</y><time>04-05-21 14:48:48:278</time></pt><pt><x>690</x><y>275</y><time>04-05-21 14:48:48:694</time></pt><closed_date>04-05-21 14:48:49:600</closed_date></polygon></object><object><name>restoration</name><deleted>0</deleted><verified>0</verified><occluded>no</occluded><attributes/><parts><hasparts/><ispartof>14</ispartof></parts><date>04-05-21 14:49:27:563</date><id>4</id><polygon><username>anonymous</username><pt><x>830</x><y>275</y><time>04-05-21 14:49:11:792</time></pt><pt><x>822</x><y>240</y><time>04-05-21 14:49:12:294</time></pt><pt><x>803</x><y>227</y><time>04-05-21 14:49:12:710</time></pt><pt><x>782</x><y>225</y><time>04-05-21 14:49:13:438</time></pt><pt><x>777</x><y>240</y><time>04-05-21 14:49:13:846</time></pt><pt><x>777</x><y>242</y><time>04-05-21 14:49:14:278</time></pt><pt><x>760</x><y>257</y><time>04-05-21 14:49:14:798</time></pt><pt><x>702</x><y>270</y><time>04-05-21 14:49:15:238</time></pt><pt><x>697</x><y>268</y><time>04-05-21 14:49:15:934</time></pt><pt><x>692</x><y>287</y><time>04-05-21 14:49:16:390</time></pt><pt><x>703</x><y>295</y><time>04-05-21 14:49:16:805</time></pt><pt><x>707</x><y>302</y><time>04-05-21 14:49:17:453</time></pt><pt><x>715</x><y>312</y><time>04-05-21 14:49:18:023</time></pt><pt><x>740</x><y>307</y><time>04-05-21 14:49:18:526</time></pt><pt><x>775</x><y>300</y><time>04-05-21 14:49:19:118</time></pt><pt><x>788</x><y>293</y><time>04-05-21 14:49:19:501</time></pt><closed_date>04-05-21 14:49:20:438</closed_date></polygon></object><object><name>restoration</name><deleted>0</deleted><verified>0</verified><occluded>no</occluded><attributes/><parts><hasparts/><ispartof>14</ispartof></parts><date>04-05-21 14:49:43:197</date><id>5</id><polygon><username>anonymous</username><pt><x>838</x><y>275</y><time>04-05-21 14:49:29:233</time></pt><pt><x>837</x><y>235</y><time>04-05-21 14:49:29:806</time></pt><pt><x>852</x><y>193</y><time>04-05-21 14:49:30:222</time></pt><pt><x>875</x><y>163</y><time>04-05-21 14:49:30:614</time></pt><pt><x>897</x><y>158</y><time>04-05-21 14:49:31:077</time></pt><pt><x>908</x><y>158</y><time>04-05-21 14:49:31:518</time></pt><pt><x>917</x><y>140</y><time>04-05-21 14:49:31:949</time></pt><pt><x>933</x><y>167</y><time>04-05-21 14:49:32:662</time></pt><pt><x>948</x><y>193</y><time>04-05-21 14:49:33:166</time></pt><pt><x>950</x><y>232</y><time>04-05-21 14:49:33:766</time></pt><pt><x>947</x><y>253</y><time>04-05-21 14:49:34:246</time></pt><pt><x>943</x><y>273</y><time>04-05-21 14:49:34:654</time></pt><pt><x>920</x><y>287</y><time>04-05-21 14:49:35:166</time></pt><pt><x>902</x><y>300</y><time>04-05-21 14:49:36:277</time></pt><pt><x>877</x><y>287</y><time>04-05-21 14:49:36:670</time></pt><pt><x>863</x><y>290</y><time>04-05-21 14:49:37:158</time></pt><pt><x>842</x><y>293</y><time>04-05-21 14:49:37:822</time></pt><closed_date>04-05-21 14:49:38:878</closed_date></polygon></object><object><name>tooth</name><deleted>0</deleted><verified>0</verified><occluded>no</occluded><attributes>36</attributes><parts><hasparts/><ispartof/></parts><date>04-05-21 14:54:33:254</date><id>6</id><type>bounding_box</type><polygon><username>anonymous</username><pt><x>33</x><y>463</y><time>04-05-21 14:54:21:963</time></pt><pt><x>377</x><y>463</y><time>04-05-21 14:54:27:297</time></pt><pt><x>377</x><y>910</y><time>undefined</time></pt><pt><x>33</x><y>910</y><time>undefined</time></pt><closed_date>04-05-21 14:54:27:297</closed_date></polygon></object><imagesize><nrows></nrows><ncols></ncols></imagesize><object><name>tooth</name><deleted>0</deleted><verified>0</verified><occluded>no</occluded><attributes>37</attributes><parts><hasparts/><ispartof/></parts><date>16-02-22 14:35:04:380</date><id>7</id><type>bounding_box</type><polygon><username>anonymous</username><pt><x>818</x><y>935</y><time>16-02-22 14:34:42:541</time></pt><pt><x>346</x><y>935</y><time>16-02-22 14:34:51:692</time></pt><pt><x>346</x><y>434</y><time>undefined</time></pt><pt><x>818</x><y>434</y><time>undefined</time></pt><closed_date>16-02-22 14:34:51:698</closed_date></polygon></object><object><name>tooth</name><deleted>0</deleted><verified>0</verified><occluded>no</occluded><attributes>25</attributes><parts><hasparts>11</hasparts><ispartof/></parts><date>16-02-22 14:35:20:986</date><id>8</id><type>bounding_box</type><polygon><username>anonymous</username><pt><x>349</x><y>354</y><time>16-02-22 14:35:06:308</time></pt><pt><x>147</x><y>354</y><time>16-02-22 14:35:12:059</time></pt><pt><x>147</x><y>3</y><time>undefined</time></pt><pt><x>349</x><y>3</y><time>undefined</time></pt><closed_date>16-02-22 14:35:12:059</closed_date></polygon></object><object><name>tooth</name><deleted>1</deleted><verified>0</verified><occluded>no</occluded><attributes>24</attributes><parts><hasparts/><ispartof/></parts><date>16-02-22 14:35:28:751</date><id>9</id><type>bounding_box</type><polygon><username>anonymous</username><pt><x>0</x><y>377</y><time>16-02-22 14:35:22:100</time></pt><pt><x>159</x><y>377</y><time>16-02-22 14:35:23:828</time></pt><pt><x>159</x><y>5</y><time>undefined</time></pt><pt><x>0</x><y>5</y><time>undefined</time></pt><closed_date>16-02-22 14:35:23:828</closed_date></polygon></object><object><name>restoration</name><deleted>0</deleted><verified>0</verified><occluded>no</occluded><attributes/><parts><hasparts></hasparts><ispartof>12</ispartof></parts><date>16-02-22 14:35:49:315</date><id>10</id><polygon><username>anonymous</username><pt><x>7</x><y>277</y><time>16-02-22 14:35:40:501</time></pt><pt><x>28</x><y>264</y><time>16-02-22 14:35:41:075</time></pt><pt><x>50</x><y>265</y><time>16-02-22 14:35:41:995</time></pt><pt><x>63</x><y>277</y><time>16-02-22 14:35:42:387</time></pt><pt><x>90</x><y>275</y><time>16-02-22 14:35:42:731</time></pt><pt><x>100</x><y>257</y><time>16-02-22 14:35:43:332</time></pt><pt><x>119</x><y>245</y><time>16-02-22 14:35:43:643</time></pt><pt><x>137</x><y>244</y><time>16-02-22 14:35:43:924</time></pt><pt><x>152</x><y>249</y><time>16-02-22 14:35:44:307</time></pt><pt><x>152</x><y>299</y><time>16-02-22 14:35:44:867</time></pt><pt><x>117</x><y>312</y><time>16-02-22 14:35:45:283</time></pt><pt><x>60</x><y>321</y><time>16-02-22 14:35:45:771</time></pt><pt><x>17</x><y>322</y><time>16-02-22 14:35:46:171</time></pt><pt><x>10</x><y>302</y><time>16-02-22 14:35:46:588</time></pt><closed_date>16-02-22 14:35:47:059</closed_date></polygon></object><object><name>restoration</name><deleted>0</deleted><verified>0</verified><occluded>no</occluded><attributes/><parts><hasparts/><ispartof>8</ispartof></parts><date>16-02-22 14:36:00:890</date><id>11</id><polygon><username>anonymous</username><pt><x>177</x><y>222</y><time>16-02-22 14:35:50:788</time></pt><pt><x>222</x><y>240</y><time>16-02-22 14:35:51:291</time></pt><pt><x>230</x><y>254</y><time>16-02-22 14:35:51:645</time></pt><pt><x>235</x><y>277</y><time>16-02-22 14:35:51:947</time></pt><pt><x>264</x><y>275</y><time>16-02-22 14:35:52:315</time></pt><pt><x>270</x><y>275</y><time>16-02-22 14:35:52:587</time></pt><pt><x>289</x><y>250</y><time>16-02-22 14:35:52:979</time></pt><pt><x>306</x><y>239</y><time>16-02-22 14:35:53:307</time></pt><pt><x>331</x><y>245</y><time>16-02-22 14:35:53:651</time></pt><pt><x>342</x><y>262</y><time>16-02-22 14:35:53:980</time></pt><pt><x>339</x><y>309</y><time>16-02-22 14:35:54:397</time></pt><pt><x>324</x><y>332</y><time>16-02-22 14:35:54:675</time></pt><pt><x>294</x><y>344</y><time>16-02-22 14:35:55:050</time></pt><pt><x>274</x><y>354</y><time>16-02-22 14:35:55:243</time></pt><pt><x>232</x><y>367</y><time>16-02-22 14:35:55:723</time></pt><pt><x>194</x><y>364</y><time>16-02-22 14:35:55:995</time></pt><pt><x>179</x><y>352</y><time>16-02-22 14:35:56:290</time></pt><pt><x>177</x><y>344</y><time>16-02-22 14:35:56:554</time></pt><pt><x>164</x><y>319</y><time>16-02-22 14:35:56:827</time></pt><pt><x>157</x><y>297</y><time>16-02-22 14:35:57:082</time></pt><pt><x>152</x><y>279</y><time>16-02-22 14:35:57:315</time></pt><pt><x>152</x><y>254</y><time>16-02-22 14:35:57:571</time></pt><closed_date>16-02-22 14:35:57:811</closed_date></polygon></object><object><name>tooth</name><deleted>0</deleted><verified>0</verified><occluded>no</occluded><attributes>24</attributes><parts><hasparts>10</hasparts><ispartof/></parts><date>16-02-22 14:36:25:972</date><id>12</id><type>bounding_box</type><polygon><username>anonymous</username><pt><x>140</x><y>359</y><time>16-02-22 14:36:20:388</time></pt><pt><x>5</x><y>359</y><time>16-02-22 14:36:23:091</time></pt><pt><x>5</x><y>12</y><time>undefined</time></pt><pt><x>140</x><y>12</y><time>undefined</time></pt><closed_date>16-02-22 14:36:23:091</closed_date></polygon></object><object><name>tooth</name><deleted>0</deleted><verified>0</verified><occluded>no</occluded><attributes>26</attributes><parts><hasparts>2</hasparts><ispartof></ispartof></parts><date>30-03-22 18:08:17:570</date><id>13</id><type>bounding_box</type><polygon><username>admin</username><pt><x>356</x><y>386</y><time>30-03-22 18:08:07:004</time></pt><pt><x>663</x><y>386</y><time>30-03-22 18:08:08:995</time></pt><pt><x>663</x><y>3</y><time>undefined</time></pt><pt><x>356</x><y>3</y><time>undefined</time></pt><closed_date>30-03-22 18:08:08:995</closed_date></polygon></object><object><name>tooth</name><deleted>0</deleted><verified>0</verified><occluded>no</occluded><attributes>27</attributes><parts><hasparts>4,5</hasparts><ispartof></ispartof></parts><date>30-03-22 18:08:26:211</date><id>14</id><type>bounding_box</type><polygon><username>admin</username><pt><x>668</x><y>384</y><time>30-03-22 18:08:18:956</time></pt><pt><x>957</x><y>384</y><time>30-03-22 18:08:22:282</time></pt><pt><x>957</x><y>0</y><time>undefined</time></pt><pt><x>668</x><y>0</y><time>undefined</time></pt><closed_date>30-03-22 18:08:22:283</closed_date></polygon></object></annotation>