<?xml version='1.0' encoding='UTF-8'?>
<annotation><filename>imagem-003.jpg</filename><folder>segmentation_xray</folder><source><sourceImage>The MIT-CSAIL database of objects and scenes</sourceImage><sourceAnnotation>LabelMe Webtool</sourceAnnotation></source><object><name>tooth</name><deleted>0</deleted><verified>0</verified><occluded>no</occluded><attributes>24</attributes><parts><hasparts /><ispartof>1</ispartof></parts><date>31-05-21 12:02:09:091</date><id>0</id><type>bounding_box</type><polygon><username>anonymous</username><pt><x>77</x><y>5</y><time>31-05-21 12:01:56:080</time></pt><pt><x>838</x><y>5</y><time>31-05-21 12:02:00:177</time></pt><pt><x>838</x><y>1446</y><time>undefined</time></pt><pt><x>77</x><y>1446</y><time>undefined</time></pt><closed_date>31-05-21 12:02:00:178</closed_date></polygon></object><object><name>tooth</name><deleted>0</deleted><verified>0</verified><occluded>no</occluded><attributes>25</attributes><parts><hasparts /><ispartof /></parts><date>31-05-21 12:03:09:551</date><id>1</id><type>bounding_box</type><polygon><username>anonymous</username><pt><x>833</x><y>1391</y><time>31-05-21 12:02:52:065</time></pt><pt><x>1594</x><y>1391</y><time>31-05-21 12:03:01:823</time></pt><pt><x>1594</x><y>16</y><time>undefined</time></pt><pt><x>833</x><y>16</y><time>undefined</time></pt><closed_date>31-05-21 12:03:01:823</closed_date></polygon></object><object><name>tooth</name><deleted>0</deleted><verified>0</verified><occluded>no</occluded><attributes>26</attributes><parts><hasparts /><ispartof /></parts><date>31-05-21 12:03:32:602</date><id>2</id><type>bounding_box</type><polygon><username>anonymous</username><pt><x>2630</x><y>1375</y><time>31-05-21 12:03:18:461</time></pt><pt><x>1496</x><y>1375</y><time>31-05-21 12:03:26:449</time></pt><pt><x>1496</x><y>5</y><time>undefined</time></pt><pt><x>2630</x><y>5</y><time>undefined</time></pt><closed_date>31-05-21 12:03:26:449</closed_date></polygon></object><object><name>tooth</name><deleted>0</deleted><verified>0</verified><occluded>no</occluded><attributes>27</attributes><parts><hasparts /><ispartof /></parts><date>31-05-21 12:03:55:463</date><id>3</id><type>bounding_box</type><polygon><username>anonymous</username><pt><x>3583</x><y>1222</y><time>31-05-21 12:03:44:374</time></pt><pt><x>2509</x><y>1222</y><time>31-05-21 12:03:48:321</time></pt><pt><x>2509</x><y>27</y><time>undefined</time></pt><pt><x>3583</x><y>27</y><time>undefined</time></pt><closed_date>31-05-21 12:03:48:321</closed_date></polygon></object><object><name>tooth</name><deleted>0</deleted><verified>0</verified><occluded>no</occluded><attributes>34</attributes><parts><hasparts /><ispartof /></parts><date>31-05-21 12:04:17:841</date><id>4</id><type>bounding_box</type><polygon><username>anonymous</username><pt><x>11</x><y>1665</y><time>31-05-21 12:04:08:110</time></pt><pt><x>603</x><y>1665</y><time>31-05-21 12:04:12:040</time></pt><pt><x>603</x><y>3117</y><time>undefined</time></pt><pt><x>11</x><y>3117</y><time>undefined</time></pt><closed_date>31-05-21 12:04:12:040</closed_date></polygon></object><object><name>tooth</name><deleted>0</deleted><verified>0</verified><occluded>no</occluded><attributes>35</attributes><parts><hasparts /><ispartof /></parts><date>31-05-21 12:04:35:962</date><id>5</id><type>bounding_box</type><polygon><username>anonymous</username><pt><x>422</x><y>1638</y><time>31-05-21 12:04:20:273</time></pt><pt><x>1359</x><y>1638</y><time>31-05-21 12:04:26:481</time></pt><pt><x>1359</x><y>3134</y><time>undefined</time></pt><pt><x>422</x><y>3134</y><time>undefined</time></pt><closed_date>31-05-21 12:04:26:481</closed_date></polygon></object><object><name>tooth</name><deleted>0</deleted><verified>0</verified><occluded>no</occluded><attributes>36</attributes><parts><hasparts>8</hasparts><ispartof /></parts><date>31-05-21 12:04:50:194</date><id>6</id><type>bounding_box</type><polygon><username>anonymous</username><pt><x>2619</x><y>3134</y><time>31-05-21 12:04:40:303</time></pt><pt><x>1205</x><y>3134</y><time>31-05-21 12:04:45:217</time></pt><pt><x>1205</x><y>1479</y><time>undefined</time></pt><pt><x>2619</x><y>1479</y><time>undefined</time></pt><closed_date>31-05-21 12:04:45:217</closed_date></polygon></object><object><name>tooth</name><deleted>0</deleted><verified>0</verified><occluded>no</occluded><attributes>37</attributes><parts><hasparts /><ispartof /></parts><date>31-05-21 12:05:03:846</date><id>7</id><type>bounding_box</type><polygon><username>anonymous</username><pt><x>3879</x><y>3150</y><time>31-05-21 12:04:53:639</time></pt><pt><x>2279</x><y>3150</y><time>31-05-21 12:04:57:904</time></pt><pt><x>2279</x><y>1200</y><time>undefined</time></pt><pt><x>3879</x><y>1200</y><time>undefined</time></pt><closed_date>31-05-21 12:04:57:904</closed_date></polygon></object><object><name>restoration</name><deleted>0</deleted><verified>0</verified><occluded>no</occluded><attributes /><parts><hasparts /><ispartof>6</ispartof></parts><date>31-05-21 12:05:42:289</date><id>8</id><polygon><username>anonymous</username><pt><x>1561</x><y>1764</y><time>31-05-21 12:05:22:897</time></pt><pt><x>1550</x><y>1835</y><time>31-05-21 12:05:24:488</time></pt><pt><x>1594</x><y>1868</y><time>31-05-21 12:05:25:176</time></pt><pt><x>1616</x><y>1917</y><time>31-05-21 12:05:25:703</time></pt><pt><x>1633</x><y>1967</y><time>31-05-21 12:05:26:287</time></pt><pt><x>1660</x><y>2000</y><time>31-05-21 12:05:26:904</time></pt><pt><x>1715</x><y>2022</y><time>31-05-21 12:05:27:568</time></pt><pt><x>1775</x><y>2032</y><time>31-05-21 12:05:28:208</time></pt><pt><x>1791</x><y>2016</y><time>31-05-21 12:05:29:145</time></pt><pt><x>1797</x><y>1989</y><time>31-05-21 12:05:29:648</time></pt><pt><x>1802</x><y>1956</y><time>31-05-21 12:05:30:184</time></pt><pt><x>1819</x><y>1912</y><time>31-05-21 12:05:30:703</time></pt><pt><x>1830</x><y>1890</y><time>31-05-21 12:05:31:128</time></pt><pt><x>1863</x><y>1868</y><time>31-05-21 12:05:31:632</time></pt><pt><x>1874</x><y>1841</y><time>31-05-21 12:05:32:000</time></pt><pt><x>1890</x><y>1813</y><time>31-05-21 12:05:32:312</time></pt><pt><x>1901</x><y>1764</y><time>31-05-21 12:05:32:824</time></pt><pt><x>1890</x><y>1731</y><time>31-05-21 12:05:33:471</time></pt><pt><x>1863</x><y>1726</y><time>31-05-21 12:05:34:024</time></pt><pt><x>1819</x><y>1731</y><time>31-05-21 12:05:34:546</time></pt><pt><x>1802</x><y>1742</y><time>31-05-21 12:05:34:872</time></pt><pt><x>1780</x><y>1748</y><time>31-05-21 12:05:35:279</time></pt><pt><x>1775</x><y>1737</y><time>31-05-21 12:05:35:616</time></pt><pt><x>1737</x><y>1715</y><time>31-05-21 12:05:35:984</time></pt><pt><x>1731</x><y>1715</y><time>31-05-21 12:05:36:271</time></pt><pt><x>1687</x><y>1709</y><time>31-05-21 12:05:36:591</time></pt><pt><x>1649</x><y>1726</y><time>31-05-21 12:05:36:927</time></pt><pt><x>1622</x><y>1742</y><time>31-05-21 12:05:37:217</time></pt><closed_date>31-05-21 12:05:37:496</closed_date></polygon></object><imagesize><nrows /><ncols /></imagesize></annotation>