<?xml version="1.0" encoding="UTF-8"?><annotation><filename>imagem-027.jpg#</filename><folder>segmentation_xray</folder><source><sourceImage>The MIT-CSAIL database of objects and scenes</sourceImage><sourceAnnotation>LabelMe Webtool</sourceAnnotation></source><object><name>caries</name><deleted>1</deleted><verified>0</verified><occluded>no</occluded><attributes/><parts><hasparts/><ispartof/></parts><date>02-05-21 20:10:36:441</date><id>0</id><polygon><username>anonymous</username><pt><x>3143</x><y>1692</y><time>02-05-21 20:10:26:785</time></pt><pt><x>3291</x><y>1774</y><time>02-05-21 20:10:27:644</time></pt><pt><x>3406</x><y>1774</y><time>02-05-21 20:10:28:533</time></pt><pt><x>3351</x><y>1730</y><time>02-05-21 20:10:29:397</time></pt><closed_date>02-05-21 20:10:30:408</closed_date></polygon></object><imagesize><nrows></nrows><ncols></ncols></imagesize><object><name>tooth 17</name><deleted>0</deleted><verified>0</verified><occluded>no</occluded><attributes/><parts><hasparts/><ispartof>4</ispartof></parts><date>14-05-21 08:18:34:397</date><id>1</id><type>bounding_box</type><polygon><username>anonymous</username><pt><x>2805</x><y>0</y><time>14-05-21 08:18:02:158</time></pt><pt><x>4025</x><y>0</y><time>14-05-21 08:18:18:583</time></pt><pt><x>4025</x><y>1307</y><time>undefined</time></pt><pt><x>2805</x><y>1307</y><time>undefined</time></pt><closed_date>14-05-21 08:18:18:584</closed_date></polygon></object><object><name>tooth 16</name><deleted>0</deleted><verified>0</verified><occluded>no</occluded><attributes/><parts><hasparts/><ispartof>4</ispartof></parts><date>14-05-21 08:18:56:581</date><id>2</id><type>bounding_box</type><polygon><username>anonymous</username><pt><x>1841</x><y>1362</y><time>14-05-21 08:18:41:285</time></pt><pt><x>3045</x><y>1362</y><time>14-05-21 08:18:50:822</time></pt><pt><x>3045</x><y>16</y><time>undefined</time></pt><pt><x>1841</x><y>16</y><time>undefined</time></pt><closed_date>14-05-21 08:18:50:823</closed_date></polygon></object><object><name>tooth14</name><deleted>0</deleted><verified>0</verified><occluded>no</occluded><attributes></attributes><parts><hasparts/><ispartof>4</ispartof></parts><date>14-05-21 08:19:23:449</date><id>3</id><type>bounding_box</type><polygon><username>anonymous</username><pt><x>486</x><y>1337</y><time>14-05-21 08:19:08:870</time></pt><pt><x>1198</x><y>1337</y><time>14-05-21 08:19:19:087</time></pt><pt><x>1198</x><y>1</y><time>undefined</time></pt><pt><x>486</x><y>1</y><time>undefined</time></pt><closed_date>14-05-21 08:19:19:087</closed_date></polygon></object><object><name>tooth 14</name><deleted>1</deleted><verified>0</verified><occluded>no</occluded><attributes/><parts><hasparts>4</hasparts><ispartof>4</ispartof></parts><date>14-05-21 08:19:47:109</date><id>4</id><type>bounding_box</type><polygon><username>anonymous</username><pt><x>409</x><y>1394</y><time>14-05-21 08:19:33:342</time></pt><pt><x>1204</x><y>1394</y><time>14-05-21 08:19:38:742</time></pt><pt><x>1204</x><y>5</y><time>undefined</time></pt><pt><x>409</x><y>5</y><time>undefined</time></pt><closed_date>14-05-21 08:19:38:742</closed_date></polygon></object><object><name>tooth</name><deleted>1</deleted><verified>0</verified><occluded>no</occluded><attributes>15</attributes><parts><hasparts/><ispartof/></parts><date>14-05-21 08:27:13:055</date><id>5</id><type>bounding_box</type><polygon><username>anonymous</username><pt><x>1111</x><y>16</y><time>14-05-21 08:26:40:637</time></pt><pt><x>1945</x><y>16</y><time>14-05-21 08:26:55:112</time></pt><pt><x>1945</x><y>1378</y><time>undefined</time></pt><pt><x>1111</x><y>1378</y><time>undefined</time></pt><closed_date>14-05-21 08:26:55:112</closed_date></polygon></object><object><name>tooth</name><deleted>0</deleted><verified>0</verified><occluded>no</occluded><attributes>46</attributes><parts><hasparts>12</hasparts><ispartof/></parts><date>14-05-21 08:29:04:477</date><id>6</id><type>bounding_box</type><polygon><username>anonymous</username><pt><x>1569</x><y>1585</y><time>14-05-21 08:28:51:612</time></pt><pt><x>2980</x><y>1585</y><time>14-05-21 08:28:55:415</time></pt><pt><x>2980</x><y>3089</y><time>undefined</time></pt><pt><x>1569</x><y>3089</y><time>undefined</time></pt><closed_date>14-05-21 08:28:55:415</closed_date></polygon></object><object><name>tooth</name><deleted>0</deleted><verified>0</verified><occluded>no</occluded><attributes>45</attributes><parts><hasparts/><ispartof/></parts><date>14-05-21 08:29:25:485</date><id>7</id><type>bounding_box</type><polygon><username>anonymous</username><pt><x>833</x><y>1585</y><time>14-05-21 08:29:07:328</time></pt><pt><x>1727</x><y>1585</y><time>14-05-21 08:29:14:790</time></pt><pt><x>1727</x><y>3094</y><time>undefined</time></pt><pt><x>833</x><y>3094</y><time>undefined</time></pt><closed_date>14-05-21 08:29:14:790</closed_date></polygon></object><object><name>tooth</name><deleted>0</deleted><verified>0</verified><occluded>no</occluded><attributes>44</attributes><parts><hasparts>13</hasparts><ispartof/></parts><date>14-05-21 08:30:47:622</date><id>8</id><type>bounding_box</type><polygon><username>anonymous</username><pt><x>103</x><y>1585</y><time>14-05-21 08:30:27:689</time></pt><pt><x>844</x><y>1585</y><time>14-05-21 08:30:37:799</time></pt><pt><x>844</x><y>3127</y><time>undefined</time></pt><pt><x>103</x><y>3127</y><time>undefined</time></pt><closed_date>14-05-21 08:30:37:799</closed_date></polygon></object><object><name>restoration</name><deleted>0</deleted><verified>0</verified><occluded>no</occluded><attributes/><parts><hasparts/><ispartof>10</ispartof></parts><date>11-02-22 16:32:30:037</date><id>9</id><polygon><username>anonymous</username><pt><x>3143</x><y>1729</y><time>11-02-22 16:32:23:509</time></pt><pt><x>3320</x><y>1768</y><time>11-02-22 16:32:23:951</time></pt><pt><x>3419</x><y>1834</y><time>11-02-22 16:32:24:319</time></pt><pt><x>3530</x><y>1900</y><time>11-02-22 16:32:25:207</time></pt><pt><x>3563</x><y>1806</y><time>11-02-22 16:32:25:599</time></pt><pt><x>3557</x><y>1712</y><time>11-02-22 16:32:25:983</time></pt><pt><x>3524</x><y>1652</y><time>11-02-22 16:32:26:311</time></pt><pt><x>3408</x><y>1674</y><time>11-02-22 16:32:26:919</time></pt><pt><x>3369</x><y>1707</y><time>11-02-22 16:32:27:279</time></pt><pt><x>3265</x><y>1690</y><time>11-02-22 16:32:27:807</time></pt><closed_date>11-02-22 16:32:28:190</closed_date></polygon></object><object><name>tooth</name><deleted>0</deleted><verified>0</verified><occluded>no</occluded><attributes>47</attributes><parts><hasparts>9</hasparts><ispartof/></parts><date>11-02-22 16:32:52:001</date><id>10</id><type>bounding_box</type><polygon><username>anonymous</username><pt><x>2751</x><y>1403</y><time>11-02-22 16:32:43:589</time></pt><pt><x>3988</x><y>1403</y><time>11-02-22 16:32:47:719</time></pt><pt><x>3988</x><y>3077</y><time>undefined</time></pt><pt><x>2751</x><y>3077</y><time>undefined</time></pt><closed_date>11-02-22 16:32:47:720</closed_date></polygon></object><object><name>tooth</name><deleted>0</deleted><verified>0</verified><occluded>no</occluded><attributes>13</attributes><parts><hasparts/><ispartof/></parts><date>11-02-22 16:33:16:244</date><id>11</id><type>bounding_box</type><polygon><username>anonymous</username><pt><x>94</x><y>1193</y><time>11-02-22 16:33:11:708</time></pt><pt><x>635</x><y>1193</y><time>11-02-22 16:33:13:225</time></pt><pt><x>635</x><y>66</y><time>undefined</time></pt><pt><x>94</x><y>66</y><time>undefined</time></pt><closed_date>11-02-22 16:33:13:225</closed_date></polygon></object><object><name>restoration</name><deleted>0</deleted><verified>0</verified><occluded>no</occluded><attributes/><parts><hasparts/><ispartof>6</ispartof></parts><date>11-02-22 16:33:34:442</date><id>12</id><polygon><username>anonymous</username><pt><x>2038</x><y>1873</y><time>11-02-22 16:33:30:700</time></pt><pt><x>2193</x><y>1989</y><time>11-02-22 16:33:30:706</time></pt><pt><x>2375</x><y>1933</y><time>11-02-22 16:33:30:710</time></pt><pt><x>2563</x><y>1884</y><time>11-02-22 16:33:30:713</time></pt><pt><x>2673</x><y>1850</y><time>11-02-22 16:33:30:716</time></pt><pt><x>2657</x><y>1740</y><time>11-02-22 16:33:30:719</time></pt><pt><x>2569</x><y>1718</y><time>11-02-22 16:33:30:722</time></pt><pt><x>2370</x><y>1768</y><time>11-02-22 16:33:30:725</time></pt><pt><x>2127</x><y>1790</y><time>11-02-22 16:33:30:728</time></pt><pt><x>2027</x><y>1773</y><time>11-02-22 16:33:30:730</time></pt><closed_date>11-02-22 16:33:31:990</closed_date></polygon></object><object><name>restoration</name><deleted>0</deleted><verified>0</verified><occluded>no</occluded><attributes/><parts><hasparts/><ispartof>8</ispartof></parts><date>11-02-22 16:33:53:657</date><id>13</id><polygon><username>anonymous</username><pt><x>293</x><y>2005</y><time>11-02-22 16:33:49:854</time></pt><pt><x>398</x><y>2055</y><time>11-02-22 16:33:49:862</time></pt><pt><x>425</x><y>2033</y><time>11-02-22 16:33:49:866</time></pt><pt><x>547</x><y>2066</y><time>11-02-22 16:33:49:869</time></pt><pt><x>679</x><y>2022</y><time>11-02-22 16:33:49:872</time></pt><pt><x>702</x><y>1922</y><time>11-02-22 16:33:50:382</time></pt><pt><x>574</x><y>1889</y><time>11-02-22 16:33:50:774</time></pt><pt><x>458</x><y>1878</y><time>11-02-22 16:33:51:214</time></pt><pt><x>326</x><y>1944</y><time>11-02-22 16:33:51:719</time></pt><closed_date>11-02-22 16:33:52:078</closed_date></polygon></object><object><name>tooth</name><deleted>0</deleted><verified>0</verified><occluded>no</occluded><attributes>15</attributes><parts><hasparts></hasparts><ispartof></ispartof></parts><date>30-03-22 18:17:30:435</date><id>14</id><type>bounding_box</type><polygon><username>admin</username><pt><x>1199</x><y>1364</y><time>30-03-22 18:17:16:290</time></pt><pt><x>1906</x><y>1364</y><time>30-03-22 18:17:18:802</time></pt><pt><x>1906</x><y>33</y><time>undefined</time></pt><pt><x>1199</x><y>33</y><time>undefined</time></pt><closed_date>30-03-22 18:17:18:803</closed_date></polygon></object></annotation>