<?xml version='1.0' encoding='UTF-8'?>
<annotation><filename>imagem-001.jpg</filename><folder>segmentation_xray</folder><source><sourceImage>The MIT-CSAIL database of objects and scenes</sourceImage><sourceAnnotation>LabelMe Webtool</sourceAnnotation></source><object><name>tooth</name><deleted>0</deleted><verified>0</verified><occluded>no</occluded><attributes>17</attributes><parts><hasparts>13,14</hasparts><ispartof /></parts><date>19-05-21 10:01:10:969</date><id>0</id><type>bounding_box</type><polygon><username>anonymous</username><pt><x>1372</x><y>10</y><time>19-05-21 10:00:59:507</time></pt><pt><x>177</x><y>10</y><time>19-05-21 10:01:02:178</time></pt><pt><x>177</x><y>1341</y><time>undefined</time></pt><pt><x>1372</x><y>1341</y><time>undefined</time></pt><closed_date>19-05-21 10:01:02:178</closed_date></polygon></object><object><name>tooth</name><deleted>0</deleted><verified>0</verified><occluded>no</occluded><attributes>16</attributes><parts><hasparts>12</hasparts><ispartof /></parts><date>19-05-21 10:01:21:252</date><id>1</id><type>bounding_box</type><polygon><username>anonymous</username><pt><x>2370</x><y>1409</y><time>19-05-21 10:01:13:223</time></pt><pt><x>1180</x><y>1409</y><time>19-05-21 10:01:15:824</time></pt><pt><x>1180</x><y>21</y><time>undefined</time></pt><pt><x>2370</x><y>21</y><time>undefined</time></pt><closed_date>19-05-21 10:01:15:825</closed_date></polygon></object><object><name>tooth</name><deleted>0</deleted><verified>0</verified><occluded>no</occluded><attributes>15</attributes><parts><hasparts>11</hasparts><ispartof /></parts><date>19-05-21 10:01:32:604</date><id>2</id><type>bounding_box</type><polygon><username>anonymous</username><pt><x>3072</x><y>1424</y><time>19-05-21 10:01:26:951</time></pt><pt><x>2287</x><y>1424</y><time>19-05-21 10:01:28:819</time></pt><pt><x>2287</x><y>10</y><time>undefined</time></pt><pt><x>3072</x><y>10</y><time>undefined</time></pt><closed_date>19-05-21 10:01:28:820</closed_date></polygon></object><object><name>tooth</name><deleted>0</deleted><verified>0</verified><occluded>no</occluded><attributes>14</attributes><parts><hasparts /><ispartof /></parts><date>19-05-21 10:01:46:258</date><id>3</id><type>bounding_box</type><polygon><username>anonymous</username><pt><x>3857</x><y>1430</y><time>19-05-21 10:01:40:255</time></pt><pt><x>3005</x><y>1430</y><time>19-05-21 10:01:42:034</time></pt><pt><x>3005</x><y>5</y><time>undefined</time></pt><pt><x>3857</x><y>5</y><time>undefined</time></pt><closed_date>19-05-21 10:01:42:035</closed_date></polygon></object><object><name>tooth</name><deleted>0</deleted><verified>0</verified><occluded>no</occluded><attributes>43</attributes><parts><hasparts /><ispartof /></parts><date>19-05-21 10:01:56:318</date><id>4</id><type>bounding_box</type><polygon><username>anonymous</username><pt><x>4060</x><y>1715</y><time>19-05-21 10:01:50:325</time></pt><pt><x>3124</x><y>1715</y><time>19-05-21 10:01:52:551</time></pt><pt><x>3124</x><y>3166</y><time>undefined</time></pt><pt><x>4060</x><y>3166</y><time>undefined</time></pt><closed_date>19-05-21 10:01:52:551</closed_date></polygon></object><object><name>tooth</name><deleted>0</deleted><verified>0</verified><occluded>no</occluded><attributes>44</attributes><parts><hasparts /><ispartof /></parts><date>19-05-21 10:02:06:776</date><id>5</id><type>bounding_box</type><polygon><username>anonymous</username><pt><x>2464</x><y>1627</y><time>19-05-21 10:01:57:737</time></pt><pt><x>3602</x><y>1627</y><time>19-05-21 10:02:02:783</time></pt><pt><x>3602</x><y>3171</y><time>undefined</time></pt><pt><x>2464</x><y>3171</y><time>undefined</time></pt><closed_date>19-05-21 10:02:02:783</closed_date></polygon></object><object><name>tooth</name><deleted>0</deleted><verified>0</verified><occluded>no</occluded><attributes>46</attributes><parts><hasparts>10</hasparts><ispartof /></parts><date>19-05-21 10:02:28:286</date><id>6</id><type>bounding_box</type><polygon><username>anonymous</username><pt><x>1601</x><y>1523</y><time>19-05-21 10:02:15:356</time></pt><pt><x>2844</x><y>1523</y><time>19-05-21 10:02:19:004</time></pt><pt><x>2844</x><y>3161</y><time>undefined</time></pt><pt><x>1601</x><y>3161</y><time>undefined</time></pt><closed_date>19-05-21 10:02:19:004</closed_date></polygon></object><object><name>tooth</name><deleted>0</deleted><verified>0</verified><occluded>no</occluded><attributes>46</attributes><parts><hasparts>9</hasparts><ispartof /></parts><date>19-05-21 10:02:57:011</date><id>7</id><type>bounding_box</type><polygon><username>anonymous</username><pt><x>1700</x><y>3140</y><time>19-05-21 10:02:50:109</time></pt><pt><x>239</x><y>3140</y><time>19-05-21 10:02:52:546</time></pt><pt><x>239</x><y>1357</y><time>undefined</time></pt><pt><x>1700</x><y>1357</y><time>undefined</time></pt><closed_date>19-05-21 10:02:52:546</closed_date></polygon></object><object><name>tooth</name><deleted>0</deleted><verified>0</verified><occluded>no</occluded><attributes>48</attributes><parts><hasparts /><ispartof /></parts><date>19-05-21 10:03:10:838</date><id>8</id><type>bounding_box</type><polygon><username>anonymous</username><pt><x>31</x><y>2246</y><time>19-05-21 10:03:03:405</time></pt><pt><x>478</x><y>2246</y><time>19-05-21 10:03:06:498</time></pt><pt><x>478</x><y>832</y><time>undefined</time></pt><pt><x>31</x><y>832</y><time>undefined</time></pt><closed_date>19-05-21 10:03:06:499</closed_date></polygon></object><object><name>restoration</name><deleted>0</deleted><verified>0</verified><occluded>no</occluded><attributes /><parts><hasparts /><ispartof>7</ispartof></parts><date>19-05-21 10:03:42:128</date><id>9</id><polygon><username>anonymous</username><pt><x>1461</x><y>1731</y><time>19-05-21 10:03:20:442</time></pt><pt><x>1388</x><y>1731</y><time>19-05-21 10:03:21:047</time></pt><pt><x>1294</x><y>1752</y><time>19-05-21 10:03:21:584</time></pt><pt><x>1258</x><y>1830</y><time>19-05-21 10:03:22:105</time></pt><pt><x>1133</x><y>1918</y><time>19-05-21 10:03:22:836</time></pt><pt><x>1060</x><y>1892</y><time>19-05-21 10:03:23:405</time></pt><pt><x>920</x><y>1814</y><time>19-05-21 10:03:23:965</time></pt><pt><x>790</x><y>1804</y><time>19-05-21 10:03:24:469</time></pt><pt><x>629</x><y>1762</y><time>19-05-21 10:03:24:973</time></pt><pt><x>530</x><y>1767</y><time>19-05-21 10:03:25:485</time></pt><pt><x>431</x><y>1762</y><time>19-05-21 10:03:26:055</time></pt><pt><x>405</x><y>1658</y><time>19-05-21 10:03:26:640</time></pt><pt><x>457</x><y>1497</y><time>19-05-21 10:03:27:208</time></pt><pt><x>478</x><y>1482</y><time>19-05-21 10:03:27:646</time></pt><pt><x>634</x><y>1482</y><time>19-05-21 10:03:32:426</time></pt><pt><x>842</x><y>1513</y><time>19-05-21 10:03:32:922</time></pt><pt><x>1019</x><y>1601</y><time>19-05-21 10:03:33:434</time></pt><pt><x>1190</x><y>1606</y><time>19-05-21 10:03:33:971</time></pt><pt><x>1367</x><y>1596</y><time>19-05-21 10:03:34:458</time></pt><pt><x>1476</x><y>1596</y><time>19-05-21 10:03:34:928</time></pt><pt><x>1575</x><y>1632</y><time>19-05-21 10:03:35:440</time></pt><pt><x>1575</x><y>1674</y><time>19-05-21 10:03:35:929</time></pt><pt><x>1528</x><y>1710</y><time>19-05-21 10:03:36:417</time></pt><pt><x>1502</x><y>1715</y><time>19-05-21 10:03:36:929</time></pt><closed_date>19-05-21 10:03:37:822</closed_date></polygon></object><object><name>restoration</name><deleted>0</deleted><verified>0</verified><occluded>no</occluded><attributes /><parts><hasparts /><ispartof>6</ispartof></parts><date>19-05-21 10:04:02:467</date><id>10</id><polygon><username>anonymous</username><pt><x>1851</x><y>1819</y><time>19-05-21 10:03:45:486</time></pt><pt><x>2048</x><y>1882</y><time>19-05-21 10:03:46:217</time></pt><pt><x>2142</x><y>1996</y><time>19-05-21 10:03:46:909</time></pt><pt><x>2339</x><y>2022</y><time>19-05-21 10:03:47:502</time></pt><pt><x>2568</x><y>1929</y><time>19-05-21 10:03:48:190</time></pt><pt><x>2672</x><y>1835</y><time>19-05-21 10:03:48:908</time></pt><pt><x>2682</x><y>1788</y><time>19-05-21 10:03:49:737</time></pt><pt><x>2526</x><y>1788</y><time>19-05-21 10:03:50:338</time></pt><pt><x>2391</x><y>1669</y><time>19-05-21 10:03:51:094</time></pt><pt><x>2282</x><y>1695</y><time>19-05-21 10:03:51:639</time></pt><pt><x>2105</x><y>1663</y><time>19-05-21 10:03:52:150</time></pt><pt><x>1949</x><y>1596</y><time>19-05-21 10:03:52:703</time></pt><pt><x>1840</x><y>1611</y><time>19-05-21 10:03:53:158</time></pt><pt><x>1674</x><y>1632</y><time>19-05-21 10:03:53:800</time></pt><pt><x>1627</x><y>1695</y><time>19-05-21 10:03:54:313</time></pt><pt><x>1643</x><y>1887</y><time>19-05-21 10:03:54:906</time></pt><pt><x>1715</x><y>1887</y><time>19-05-21 10:03:55:401</time></pt><pt><x>1804</x><y>1809</y><time>19-05-21 10:03:55:963</time></pt><closed_date>19-05-21 10:03:56:799</closed_date></polygon></object><object><name>restoration</name><deleted>0</deleted><verified>0</verified><occluded>no</occluded><attributes /><parts><hasparts /><ispartof>2</ispartof></parts><date>19-05-21 10:04:21:899</date><id>11</id><polygon><username>anonymous</username><pt><x>2989</x><y>1138</y><time>19-05-21 10:04:10:666</time></pt><pt><x>2885</x><y>1060</y><time>19-05-21 10:04:11:475</time></pt><pt><x>2916</x><y>972</y><time>19-05-21 10:04:12:208</time></pt><pt><x>2989</x><y>920</y><time>19-05-21 10:04:12:906</time></pt><pt><x>3062</x><y>931</y><time>19-05-21 10:04:13:671</time></pt><pt><x>3062</x><y>1008</y><time>19-05-21 10:04:14:278</time></pt><pt><x>3062</x><y>1092</y><time>19-05-21 10:04:14:923</time></pt><closed_date>19-05-21 10:04:15:785</closed_date></polygon></object><object><name>restoration</name><deleted>0</deleted><verified>0</verified><occluded>no</occluded><attributes /><parts><hasparts /><ispartof>1</ispartof></parts><date>19-05-21 10:04:42:879</date><id>12</id><polygon><username>anonymous</username><pt><x>1965</x><y>1196</y><time>19-05-21 10:04:28:254</time></pt><pt><x>1866</x><y>1040</y><time>19-05-21 10:04:28:958</time></pt><pt><x>1804</x><y>1024</y><time>19-05-21 10:04:29:648</time></pt><pt><x>1778</x><y>1029</y><time>19-05-21 10:04:30:122</time></pt><pt><x>1695</x><y>1066</y><time>19-05-21 10:04:30:902</time></pt><pt><x>1637</x><y>1097</y><time>19-05-21 10:04:31:374</time></pt><pt><x>1591</x><y>1123</y><time>19-05-21 10:04:31:975</time></pt><pt><x>1513</x><y>1123</y><time>19-05-21 10:04:32:454</time></pt><pt><x>1445</x><y>1086</y><time>19-05-21 10:04:32:900</time></pt><pt><x>1383</x><y>1092</y><time>19-05-21 10:04:33:470</time></pt><pt><x>1346</x><y>1133</y><time>19-05-21 10:04:33:953</time></pt><pt><x>1346</x><y>1175</y><time>19-05-21 10:04:34:475</time></pt><pt><x>1440</x><y>1211</y><time>19-05-21 10:04:34:921</time></pt><pt><x>1560</x><y>1248</y><time>19-05-21 10:04:35:445</time></pt><pt><x>1669</x><y>1279</y><time>19-05-21 10:04:35:952</time></pt><pt><x>1736</x><y>1263</y><time>19-05-21 10:04:36:408</time></pt><pt><x>1861</x><y>1253</y><time>19-05-21 10:04:36:891</time></pt><pt><x>1903</x><y>1253</y><time>19-05-21 10:04:37:450</time></pt><pt><x>1939</x><y>1242</y><time>19-05-21 10:04:38:065</time></pt><pt><x>1939</x><y>1242</y><time>19-05-21 10:04:38:468</time></pt><closed_date>19-05-21 10:04:39:565</closed_date></polygon></object><object><name>restoration</name><deleted>0</deleted><verified>0</verified><occluded>no</occluded><attributes /><parts><hasparts /><ispartof>0</ispartof></parts><date>19-05-21 10:05:01:328</date><id>13</id><polygon><username>anonymous</username><pt><x>364</x><y>691</y><time>19-05-21 10:04:51:514</time></pt><pt><x>296</x><y>749</y><time>19-05-21 10:04:52:234</time></pt><pt><x>260</x><y>827</y><time>19-05-21 10:04:52:951</time></pt><pt><x>333</x><y>982</y><time>19-05-21 10:04:53:479</time></pt><pt><x>395</x><y>1086</y><time>19-05-21 10:04:54:145</time></pt><pt><x>437</x><y>1092</y><time>19-05-21 10:04:55:527</time></pt><pt><x>525</x><y>951</y><time>19-05-21 10:04:56:129</time></pt><pt><x>515</x><y>764</y><time>19-05-21 10:04:56:779</time></pt><pt><x>457</x><y>697</y><time>19-05-21 10:04:57:493</time></pt><closed_date>19-05-21 10:04:58:232</closed_date></polygon></object><object><name>restoration</name><deleted>0</deleted><verified>0</verified><occluded>no</occluded><attributes /><parts><hasparts /><ispartof>0</ispartof></parts><date>19-05-21 10:05:10:692</date><id>14</id><polygon><username>anonymous</username><pt><x>619</x><y>993</y><time>19-05-21 10:05:02:430</time></pt><pt><x>749</x><y>1034</y><time>19-05-21 10:05:03:208</time></pt><pt><x>754</x><y>868</y><time>19-05-21 10:05:03:882</time></pt><pt><x>665</x><y>837</y><time>19-05-21 10:05:04:572</time></pt><pt><x>582</x><y>905</y><time>19-05-21 10:05:05:110</time></pt><pt><x>546</x><y>962</y><time>19-05-21 10:05:05:850</time></pt><pt><x>546</x><y>993</y><time>19-05-21 10:05:06:329</time></pt><pt><x>572</x><y>993</y><time>19-05-21 10:05:06:882</time></pt><closed_date>19-05-21 10:05:07:472</closed_date></polygon></object><imagesize><nrows /><ncols /></imagesize></annotation>