<?xml version='1.0' encoding='UTF-8'?>
<annotation><filename>imagem-097.jpg</filename><folder>segmentation_xray</folder><source><sourceImage>The MIT-CSAIL database of objects and scenes</sourceImage><sourceAnnotation>LabelMe Webtool</sourceAnnotation></source><object><name>tooth</name><deleted>0</deleted><verified>0</verified><occluded>no</occluded><attributes>17</attributes><parts><hasparts /><ispartof /></parts><date>24-05-21 13:39:24:283</date><id>0</id><type>bounding_box</type><polygon><username>anonymous</username><pt><x>389</x><y>11</y><time>24-05-21 13:38:59:941</time></pt><pt><x>883</x><y>11</y><time>24-05-21 13:39:08:853</time></pt><pt><x>883</x><y>585</y><time>undefined</time></pt><pt><x>389</x><y>585</y><time>undefined</time></pt><closed_date>24-05-21 13:39:08:853</closed_date></polygon></object><object><name>tooth</name><deleted>0</deleted><verified>0</verified><occluded>no</occluded><attributes>25</attributes><parts><hasparts /><ispartof /></parts><date>24-05-21 13:45:13:350</date><id>1</id><type>bounding_box</type><polygon><username>anonymous</username><pt><x>1081</x><y>643</y><time>24-05-21 13:44:58:654</time></pt><pt><x>1378</x><y>643</y><time>24-05-21 13:45:06:526</time></pt><pt><x>1378</x><y>9</y><time>undefined</time></pt><pt><x>1081</x><y>9</y><time>undefined</time></pt><closed_date>24-05-21 13:45:06:526</closed_date></polygon></object><object><name>tooth</name><deleted>0</deleted><verified>0</verified><occluded>no</occluded><attributes>14</attributes><parts><hasparts /><ispartof /></parts><date>24-05-21 13:45:31:205</date><id>2</id><type>bounding_box</type><polygon><username>anonymous</username><pt><x>1373</x><y>675</y><time>24-05-21 13:45:18:418</time></pt><pt><x>1599</x><y>675</y><time>24-05-21 13:45:24:876</time></pt><pt><x>1599</x><y>41</y><time>undefined</time></pt><pt><x>1373</x><y>41</y><time>undefined</time></pt><closed_date>24-05-21 13:45:24:876</closed_date></polygon></object><object><name>tooth</name><deleted>0</deleted><verified>0</verified><occluded>no</occluded><attributes>48</attributes><parts><hasparts /><ispartof /></parts><date>24-05-21 13:47:08:451</date><id>3</id><type>bounding_box</type><polygon><username>anonymous</username><pt><x>198</x><y>1085</y><time>24-05-21 13:46:55:164</time></pt><pt><x>4</x><y>1085</y><time>24-05-21 13:46:59:949</time></pt><pt><x>4</x><y>671</y><time>undefined</time></pt><pt><x>198</x><y>671</y><time>undefined</time></pt><closed_date>24-05-21 13:46:59:949</closed_date></polygon></object><object><name>tooth</name><deleted>0</deleted><verified>0</verified><occluded>no</occluded><attributes>47</attributes><parts><hasparts>8,9</hasparts><ispartof /></parts><date>24-05-21 13:47:42:204</date><id>4</id><type>bounding_box</type><polygon><username>anonymous</username><pt><x>77</x><y>554</y><time>24-05-21 13:47:28:194</time></pt><pt><x>696</x><y>554</y><time>24-05-21 13:47:34:470</time></pt><pt><x>696</x><y>1229</y><time>undefined</time></pt><pt><x>77</x><y>1229</y><time>undefined</time></pt><closed_date>24-05-21 13:47:34:470</closed_date></polygon></object><object><name>tooth</name><deleted>0</deleted><verified>0</verified><occluded>no</occluded><attributes>46</attributes><parts><hasparts /><ispartof /></parts><date>24-05-21 13:48:11:484</date><id>5</id><type>bounding_box</type><polygon><username>anonymous</username><pt><x>621</x><y>647</y><time>24-05-21 13:47:58:924</time></pt><pt><x>1156</x><y>647</y><time>24-05-21 13:48:03:478</time></pt><pt><x>1156</x><y>1238</y><time>undefined</time></pt><pt><x>621</x><y>1238</y><time>undefined</time></pt><closed_date>24-05-21 13:48:03:478</closed_date></polygon></object><object><name>tooth</name><deleted>0</deleted><verified>0</verified><occluded>no</occluded><attributes>45</attributes><parts><hasparts /><ispartof /></parts><date>24-05-21 13:48:43:288</date><id>6</id><type>bounding_box</type><polygon><username>anonymous</username><pt><x>1464</x><y>735</y><time>24-05-21 13:48:28:468</time></pt><pt><x>1109</x><y>735</y><time>24-05-21 13:48:35:341</time></pt><pt><x>1109</x><y>1229</y><time>undefined</time></pt><pt><x>1464</x><y>1229</y><time>undefined</time></pt><closed_date>24-05-21 13:48:35:341</closed_date></polygon></object><object><name>tooth</name><deleted>0</deleted><verified>0</verified><occluded>no</occluded><attributes>44</attributes><parts><hasparts /><ispartof /></parts><date>24-05-21 13:48:59:030</date><id>7</id><type>bounding_box</type><polygon><username>anonymous</username><pt><x>1603</x><y>759</y><time>24-05-21 13:48:49:445</time></pt><pt><x>1427</x><y>759</y><time>24-05-21 13:48:53:814</time></pt><pt><x>1427</x><y>1199</y><time>undefined</time></pt><pt><x>1603</x><y>1199</y><time>undefined</time></pt><closed_date>24-05-21 13:48:53:814</closed_date></polygon></object><object><name>restoration</name><deleted>0</deleted><verified>0</verified><occluded>no</occluded><attributes /><parts><hasparts /><ispartof>4</ispartof></parts><date>24-05-21 13:49:27:240</date><id>8</id><polygon><username>anonymous</username><pt><x>325</x><y>658</y><time>24-05-21 13:49:09:539</time></pt><pt><x>335</x><y>679</y><time>24-05-21 13:49:10:245</time></pt><pt><x>335</x><y>694</y><time>24-05-21 13:49:10:772</time></pt><pt><x>333</x><y>709</y><time>24-05-21 13:49:11:093</time></pt><pt><x>344</x><y>724</y><time>24-05-21 13:49:11:477</time></pt><pt><x>350</x><y>729</y><time>24-05-21 13:49:11:782</time></pt><pt><x>383</x><y>731</y><time>24-05-21 13:49:12:301</time></pt><pt><x>398</x><y>729</y><time>24-05-21 13:49:12:654</time></pt><pt><x>438</x><y>720</y><time>24-05-21 13:49:13:397</time></pt><pt><x>447</x><y>718</y><time>24-05-21 13:49:13:718</time></pt><pt><x>477</x><y>703</y><time>24-05-21 13:49:14:212</time></pt><pt><x>484</x><y>686</y><time>24-05-21 13:49:14:702</time></pt><pt><x>481</x><y>681</y><time>24-05-21 13:49:15:005</time></pt><pt><x>475</x><y>664</y><time>24-05-21 13:49:15:429</time></pt><pt><x>471</x><y>651</y><time>24-05-21 13:49:15:718</time></pt><pt><x>464</x><y>643</y><time>24-05-21 13:49:16:029</time></pt><pt><x>458</x><y>636</y><time>24-05-21 13:49:16:302</time></pt><pt><x>441</x><y>636</y><time>24-05-21 13:49:16:813</time></pt><pt><x>430</x><y>649</y><time>24-05-21 13:49:17:285</time></pt><pt><x>426</x><y>655</y><time>24-05-21 13:49:17:590</time></pt><pt><x>426</x><y>655</y><time>24-05-21 13:49:17:781</time></pt><pt><x>413</x><y>653</y><time>24-05-21 13:49:18:261</time></pt><pt><x>395</x><y>643</y><time>24-05-21 13:49:18:870</time></pt><pt><x>385</x><y>643</y><time>24-05-21 13:49:19:150</time></pt><pt><x>372</x><y>645</y><time>24-05-21 13:49:19:389</time></pt><pt><x>350</x><y>645</y><time>24-05-21 13:49:19:661</time></pt><closed_date>24-05-21 13:49:19:941</closed_date></polygon></object><object><name>restoration</name><deleted>0</deleted><verified>0</verified><occluded>no</occluded><attributes /><parts><hasparts /><ispartof>4</ispartof></parts><date>24-05-21 13:49:47:929</date><id>9</id><polygon><username>anonymous</username><pt><x>462</x><y>720</y><time>24-05-21 13:49:30:294</time></pt><pt><x>466</x><y>752</y><time>24-05-21 13:49:31:486</time></pt><pt><x>466</x><y>761</y><time>24-05-21 13:49:31:997</time></pt><pt><x>479</x><y>767</y><time>24-05-21 13:49:32:357</time></pt><pt><x>492</x><y>767</y><time>24-05-21 13:49:32:645</time></pt><pt><x>494</x><y>772</y><time>24-05-21 13:49:32:934</time></pt><pt><x>499</x><y>782</y><time>24-05-21 13:49:33:206</time></pt><pt><x>505</x><y>787</y><time>24-05-21 13:49:33:485</time></pt><pt><x>522</x><y>795</y><time>24-05-21 13:49:33:974</time></pt><pt><x>527</x><y>795</y><time>24-05-21 13:49:34:238</time></pt><pt><x>548</x><y>795</y><time>24-05-21 13:49:34:741</time></pt><pt><x>569</x><y>795</y><time>24-05-21 13:49:34:996</time></pt><pt><x>580</x><y>793</y><time>24-05-21 13:49:35:230</time></pt><pt><x>591</x><y>791</y><time>24-05-21 13:49:35:526</time></pt><pt><x>610</x><y>782</y><time>24-05-21 13:49:35:773</time></pt><pt><x>619</x><y>778</y><time>24-05-21 13:49:35:989</time></pt><pt><x>634</x><y>772</y><time>24-05-21 13:49:36:237</time></pt><pt><x>640</x><y>763</y><time>24-05-21 13:49:36:469</time></pt><pt><x>649</x><y>752</y><time>24-05-21 13:49:36:725</time></pt><pt><x>655</x><y>741</y><time>24-05-21 13:49:36:973</time></pt><pt><x>636</x><y>731</y><time>24-05-21 13:49:37:677</time></pt><pt><x>632</x><y>731</y><time>24-05-21 13:49:37:926</time></pt><pt><x>610</x><y>722</y><time>24-05-21 13:49:38:189</time></pt><pt><x>593</x><y>722</y><time>24-05-21 13:49:38:469</time></pt><pt><x>582</x><y>722</y><time>24-05-21 13:49:38:717</time></pt><pt><x>572</x><y>722</y><time>24-05-21 13:49:38:958</time></pt><pt><x>563</x><y>720</y><time>24-05-21 13:49:39:190</time></pt><pt><x>559</x><y>720</y><time>24-05-21 13:49:39:438</time></pt><pt><x>542</x><y>720</y><time>24-05-21 13:49:39:765</time></pt><pt><x>531</x><y>720</y><time>24-05-21 13:49:40:029</time></pt><pt><x>522</x><y>720</y><time>24-05-21 13:49:40:285</time></pt><pt><x>522</x><y>711</y><time>24-05-21 13:49:40:533</time></pt><pt><x>516</x><y>705</y><time>24-05-21 13:49:40:813</time></pt><pt><x>505</x><y>698</y><time>24-05-21 13:49:41:061</time></pt><pt><x>501</x><y>698</y><time>24-05-21 13:49:41:309</time></pt><pt><x>484</x><y>698</y><time>24-05-21 13:49:41:549</time></pt><closed_date>24-05-21 13:49:42:086</closed_date></polygon></object><imagesize><nrows /><ncols /></imagesize></annotation>