<?xml version='1.0' encoding='UTF-8'?>
<annotation><filename>imagem-024.jpg</filename><folder>segmentation_xray</folder><source><sourceImage>The MIT-CSAIL database of objects and scenes</sourceImage><sourceAnnotation>LabelMe Webtool</sourceAnnotation></source><object><name>tooth</name><deleted>0</deleted><verified>0</verified><occluded>no</occluded><attributes>17</attributes><parts><hasparts /><ispartof>5</ispartof></parts><date>11-05-21 10:54:12:038</date><id>0</id><type>bounding_box</type><polygon><username>anonymous</username><pt><x>60</x><y>1209</y><time>11-05-21 10:54:01:071</time></pt><pt><x>787</x><y>1209</y><time>11-05-21 10:54:06:069</time></pt><pt><x>787</x><y>4</y><time>undefined</time></pt><pt><x>60</x><y>4</y><time>undefined</time></pt><closed_date>11-05-21 10:54:06:069</closed_date></polygon></object><object><name>tooth</name><deleted>0</deleted><verified>0</verified><occluded>no</occluded><attributes>16</attributes><parts><hasparts>13</hasparts><ispartof>5</ispartof></parts><date>11-05-21 10:54:30:182</date><id>1</id><type>bounding_box</type><polygon><username>anonymous</username><pt><x>798</x><y>1269</y><time>11-05-21 10:54:16:764</time></pt><pt><x>1845</x><y>1269</y><time>11-05-21 10:54:24:510</time></pt><pt><x>1845</x><y>4</y><time>undefined</time></pt><pt><x>798</x><y>4</y><time>undefined</time></pt><closed_date>11-05-21 10:54:24:510</closed_date></polygon></object><object><name>tooth</name><deleted>0</deleted><verified>0</verified><occluded>no</occluded><attributes>15</attributes><parts><hasparts /><ispartof>5</ispartof></parts><date>11-05-21 10:54:44:292</date><id>2</id><type>bounding_box</type><polygon><username>anonymous</username><pt><x>1845</x><y>1328</y><time>11-05-21 10:54:34:549</time></pt><pt><x>2530</x><y>1328</y><time>11-05-21 10:54:38:678</time></pt><pt><x>2530</x><y>0</y><time>undefined</time></pt><pt><x>1845</x><y>0</y><time>undefined</time></pt><closed_date>11-05-21 10:54:38:678</closed_date></polygon></object><object><name>tooth</name><deleted>0</deleted><verified>0</verified><occluded>no</occluded><attributes>14</attributes><parts><hasparts /><ispartof>5</ispartof></parts><date>11-05-21 10:55:10:043</date><id>3</id><type>bounding_box</type><polygon><username>anonymous</username><pt><x>3251</x><y>1346</y><time>11-05-21 10:54:47:487</time></pt><pt><x>2565</x><y>1346</y><time>11-05-21 10:55:02:429</time></pt><pt><x>2565</x><y>4</y><time>undefined</time></pt><pt><x>3251</x><y>4</y><time>undefined</time></pt><closed_date>11-05-21 10:55:02:429</closed_date></polygon></object><object><name>tooth</name><deleted>0</deleted><verified>0</verified><occluded>no</occluded><attributes>13</attributes><parts><hasparts /><ispartof>5</ispartof></parts><date>11-05-21 10:55:30:574</date><id>4</id><type>bounding_box</type><polygon><username>anonymous</username><pt><x>3117</x><y>1360</y><time>11-05-21 10:55:16:196</time></pt><pt><x>3960</x><y>1360</y><time>11-05-21 10:55:24:518</time></pt><pt><x>3960</x><y>1</y><time>undefined</time></pt><pt><x>3117</x><y>1</y><time>undefined</time></pt><closed_date>11-05-21 10:55:24:518</closed_date></polygon></object><object><name>tooth</name><deleted>0</deleted><verified>0</verified><occluded>no</occluded><attributes>47</attributes><parts><hasparts /><ispartof /></parts><date>11-05-21 10:55:53:178</date><id>5</id><type>bounding_box</type><polygon><username>anonymous</username><pt><x>56</x><y>1370</y><time>11-05-21 10:55:43:373</time></pt><pt><x>857</x><y>1370</y><time>11-05-21 10:55:47:157</time></pt><pt><x>857</x><y>3110</y><time>undefined</time></pt><pt><x>56</x><y>3110</y><time>undefined</time></pt><closed_date>11-05-21 10:55:47:157</closed_date></polygon></object><object><name>tooth</name><deleted>0</deleted><verified>0</verified><occluded>no</occluded><attributes>46</attributes><parts><hasparts>12</hasparts><ispartof /></parts><date>11-05-21 10:56:09:478</date><id>6</id><type>bounding_box</type><polygon><username>anonymous</username><pt><x>636</x><y>1557</y><time>11-05-21 10:55:57:236</time></pt><pt><x>2031</x><y>1557</y><time>11-05-21 10:56:02:014</time></pt><pt><x>2031</x><y>3110</y><time>undefined</time></pt><pt><x>636</x><y>3110</y><time>undefined</time></pt><closed_date>11-05-21 10:56:02:014</closed_date></polygon></object><object><name>tooth</name><deleted>0</deleted><verified>0</verified><occluded>no</occluded><attributes>45</attributes><parts><hasparts>10</hasparts><ispartof /></parts><date>11-05-21 10:56:44:421</date><id>7</id><type>bounding_box</type><polygon><username>anonymous</username><pt><x>2832</x><y>1722</y><time>11-05-21 10:56:25:070</time></pt><pt><x>2045</x><y>1722</y><time>11-05-21 10:56:33:237</time></pt><pt><x>2045</x><y>3110</y><time>undefined</time></pt><pt><x>2832</x><y>3110</y><time>undefined</time></pt><closed_date>11-05-21 10:56:33:238</closed_date></polygon></object><object><name>tooth</name><deleted>0</deleted><verified>0</verified><occluded>no</occluded><attributes>44</attributes><parts><hasparts>11</hasparts><ispartof /></parts><date>11-05-21 10:57:04:990</date><id>8</id><type>bounding_box</type><polygon><username>anonymous</username><pt><x>2825</x><y>1764</y><time>11-05-21 10:56:47:271</time></pt><pt><x>3577</x><y>1764</y><time>11-05-21 10:56:56:974</time></pt><pt><x>3577</x><y>3120</y><time>undefined</time></pt><pt><x>2825</x><y>3120</y><time>undefined</time></pt><closed_date>11-05-21 10:56:56:974</closed_date></polygon></object><object><name>tooth</name><deleted>0</deleted><verified>0</verified><occluded>no</occluded><attributes>43</attributes><parts><hasparts /><ispartof /></parts><date>11-05-21 10:57:32:331</date><id>9</id><type>bounding_box</type><polygon><username>anonymous</username><pt><x>4087</x><y>1694</y><time>11-05-21 10:57:19:928</time></pt><pt><x>3381</x><y>1694</y><time>11-05-21 10:57:25:445</time></pt><pt><x>3381</x><y>3120</y><time>undefined</time></pt><pt><x>4087</x><y>3120</y><time>undefined</time></pt><closed_date>11-05-21 10:57:25:446</closed_date></polygon></object><object><name>restoration</name><deleted>0</deleted><verified>0</verified><occluded>no</occluded><attributes /><parts><hasparts /><ispartof>7</ispartof></parts><date>11-05-21 10:58:13:582</date><id>10</id><polygon><username>anonymous</username><pt><x>2073</x><y>1799</y><time>11-05-21 10:57:55:815</time></pt><pt><x>2042</x><y>1978</y><time>11-05-21 10:57:56:677</time></pt><pt><x>2045</x><y>2024</y><time>11-05-21 10:57:57:204</time></pt><pt><x>2126</x><y>2070</y><time>11-05-21 10:57:57:678</time></pt><pt><x>2210</x><y>2070</y><time>11-05-21 10:57:58:204</time></pt><pt><x>2305</x><y>2035</y><time>11-05-21 10:57:58:613</time></pt><pt><x>2397</x><y>1982</y><time>11-05-21 10:57:59:062</time></pt><pt><x>2498</x><y>1891</y><time>11-05-21 10:57:59:621</time></pt><pt><x>2544</x><y>1929</y><time>11-05-21 10:58:00:509</time></pt><pt><x>2614</x><y>1922</y><time>11-05-21 10:58:00:933</time></pt><pt><x>2688</x><y>1848</y><time>11-05-21 10:58:01:365</time></pt><pt><x>2671</x><y>1803</y><time>11-05-21 10:58:04:116</time></pt><pt><x>2611</x><y>1739</y><time>11-05-21 10:58:04:549</time></pt><pt><x>2565</x><y>1718</y><time>11-05-21 10:58:04:990</time></pt><pt><x>2491</x><y>1708</y><time>11-05-21 10:58:05:373</time></pt><pt><x>2407</x><y>1722</y><time>11-05-21 10:58:06:046</time></pt><pt><x>2263</x><y>1768</y><time>11-05-21 10:58:06:509</time></pt><pt><x>2165</x><y>1806</y><time>11-05-21 10:58:07:012</time></pt><closed_date>11-05-21 10:58:07:765</closed_date></polygon></object><object><name>restoration</name><deleted>0</deleted><verified>0</verified><occluded>no</occluded><attributes /><parts><hasparts /><ispartof>8</ispartof></parts><date>11-05-21 10:58:36:950</date><id>11</id><polygon><username>anonymous</username><pt><x>2938</x><y>1919</y><time>11-05-21 10:58:22:623</time></pt><pt><x>3008</x><y>2017</y><time>11-05-21 10:58:23:613</time></pt><pt><x>3043</x><y>2042</y><time>11-05-21 10:58:23:989</time></pt><pt><x>3166</x><y>2021</y><time>11-05-21 10:58:24:548</time></pt><pt><x>3247</x><y>1961</y><time>11-05-21 10:58:25:670</time></pt><pt><x>3328</x><y>2000</y><time>11-05-21 10:58:26:357</time></pt><pt><x>3412</x><y>1996</y><time>11-05-21 10:58:26:885</time></pt><pt><x>3430</x><y>1954</y><time>11-05-21 10:58:27:261</time></pt><pt><x>3402</x><y>1922</y><time>11-05-21 10:58:28:197</time></pt><pt><x>3307</x><y>1866</y><time>11-05-21 10:58:28:885</time></pt><pt><x>3265</x><y>1852</y><time>11-05-21 10:58:29:373</time></pt><pt><x>3173</x><y>1877</y><time>11-05-21 10:58:30:028</time></pt><pt><x>3124</x><y>1926</y><time>11-05-21 10:58:30:429</time></pt><pt><x>3061</x><y>1929</y><time>11-05-21 10:58:30:781</time></pt><closed_date>11-05-21 10:58:31:214</closed_date></polygon></object><object><name>restoration</name><deleted>0</deleted><verified>0</verified><occluded>no</occluded><attributes /><parts><hasparts /><ispartof>6</ispartof></parts><date>11-05-21 10:59:09:390</date><id>12</id><polygon><username>anonymous</username><pt><x>1367</x><y>1806</y><time>11-05-21 10:58:46:422</time></pt><pt><x>1448</x><y>1880</y><time>11-05-21 10:58:47:052</time></pt><pt><x>1444</x><y>1940</y><time>11-05-21 10:58:47:572</time></pt><pt><x>1490</x><y>2010</y><time>11-05-21 10:58:47:981</time></pt><pt><x>1571</x><y>2045</y><time>11-05-21 10:58:48:677</time></pt><pt><x>1623</x><y>2028</y><time>11-05-21 10:58:49:053</time></pt><pt><x>1687</x><y>1964</y><time>11-05-21 10:58:49:598</time></pt><pt><x>1690</x><y>1908</y><time>11-05-21 10:58:50:037</time></pt><pt><x>1662</x><y>1820</y><time>11-05-21 10:58:50:574</time></pt><pt><x>1701</x><y>1785</y><time>11-05-21 10:58:58:110</time></pt><pt><x>1729</x><y>1732</y><time>11-05-21 10:58:58:933</time></pt><pt><x>1701</x><y>1708</y><time>11-05-21 10:59:00:404</time></pt><pt><x>1553</x><y>1746</y><time>11-05-21 10:59:00:812</time></pt><pt><x>1444</x><y>1775</y><time>11-05-21 10:59:01:278</time></pt><closed_date>11-05-21 10:59:01:949</closed_date></polygon></object><object><name>restoration</name><deleted>0</deleted><verified>0</verified><occluded>no</occluded><attributes /><parts><hasparts /><ispartof>1</ispartof></parts><date>11-05-21 10:59:32:799</date><id>13</id><polygon><username>anonymous</username><pt><x>1195</x><y>1054</y><time>11-05-21 10:59:21:823</time></pt><pt><x>1283</x><y>1012</y><time>11-05-21 10:59:22:405</time></pt><pt><x>1314</x><y>942</y><time>11-05-21 10:59:22:781</time></pt><pt><x>1420</x><y>924</y><time>11-05-21 10:59:23:262</time></pt><pt><x>1483</x><y>952</y><time>11-05-21 10:59:23:701</time></pt><pt><x>1525</x><y>1047</y><time>11-05-21 10:59:24:133</time></pt><pt><x>1525</x><y>1086</y><time>11-05-21 10:59:24:460</time></pt><pt><x>1395</x><y>1089</y><time>11-05-21 10:59:24:950</time></pt><pt><x>1311</x><y>1051</y><time>11-05-21 10:59:25:414</time></pt><pt><x>1262</x><y>1146</y><time>11-05-21 10:59:25:990</time></pt><pt><x>1163</x><y>1181</y><time>11-05-21 10:59:26:333</time></pt><closed_date>11-05-21 10:59:27:950</closed_date></polygon></object><imagesize><nrows /><ncols /></imagesize></annotation>