<?xml version='1.0' encoding='UTF-8'?>
<annotation><filename>imagem-092.jpg</filename><folder>segmentation_xray</folder><source><sourceImage>The MIT-CSAIL database of objects and scenes</sourceImage><sourceAnnotation>LabelMe Webtool</sourceAnnotation></source><object><name>tooth</name><deleted>0</deleted><verified>0</verified><occluded>no</occluded><attributes>16</attributes><parts><hasparts /><ispartof>4</ispartof></parts><date>31-05-21 10:31:19:102</date><id>0</id><type>bounding_box</type><polygon><username>anonymous</username><pt><x>263</x><y>4</y><time>31-05-21 10:31:02:042</time></pt><pt><x>709</x><y>4</y><time>31-05-21 10:31:13:102</time></pt><pt><x>709</x><y>364</y><time>undefined</time></pt><pt><x>263</x><y>364</y><time>undefined</time></pt><closed_date>31-05-21 10:31:13:103</closed_date></polygon></object><object><name>tooth</name><deleted>0</deleted><verified>0</verified><occluded>no</occluded><attributes>55</attributes><parts><hasparts /><ispartof /></parts><date>31-05-21 10:32:02:691</date><id>1</id><type>bounding_box</type><polygon><username>anonymous</username><pt><x>707</x><y>576</y><time>31-05-21 10:31:38:628</time></pt><pt><x>1134</x><y>576</y><time>31-05-21 10:31:54:798</time></pt><pt><x>1134</x><y>9</y><time>undefined</time></pt><pt><x>707</x><y>9</y><time>undefined</time></pt><closed_date>31-05-21 10:31:54:798</closed_date></polygon></object><object><name>tooth</name><deleted>0</deleted><verified>0</verified><occluded>no</occluded><attributes>54</attributes><parts><hasparts /><ispartof /></parts><date>31-05-21 10:32:27:222</date><id>2</id><type>bounding_box</type><polygon><username>anonymous</username><pt><x>1492</x><y>599</y><time>31-05-21 10:32:11:323</time></pt><pt><x>1100</x><y>599</y><time>31-05-21 10:32:19:764</time></pt><pt><x>1100</x><y>6</y><time>undefined</time></pt><pt><x>1492</x><y>6</y><time>undefined</time></pt><closed_date>31-05-21 10:32:19:765</closed_date></polygon></object><object><name>tooth</name><deleted>0</deleted><verified>0</verified><occluded>no</occluded><attributes>53</attributes><parts><hasparts /><ispartof /></parts><date>31-05-21 10:33:01:851</date><id>3</id><type>bounding_box</type><polygon><username>anonymous</username><pt><x>1449</x><y>608</y><time>31-05-21 10:32:44:212</time></pt><pt><x>1608</x><y>608</y><time>31-05-21 10:32:52:892</time></pt><pt><x>1608</x><y>4</y><time>undefined</time></pt><pt><x>1449</x><y>4</y><time>undefined</time></pt><closed_date>31-05-21 10:32:52:892</closed_date></polygon></object><object><name>tooth</name><deleted>0</deleted><verified>0</verified><occluded>no</occluded><attributes>14</attributes><parts><hasparts /><ispartof /></parts><date>31-05-21 10:33:23:243</date><id>4</id><type>bounding_box</type><polygon><username>anonymous</username><pt><x>1427</x><y>254</y><time>31-05-21 10:33:07:892</time></pt><pt><x>1082</x><y>254</y><time>31-05-21 10:33:14:284</time></pt><pt><x>1082</x><y>4</y><time>undefined</time></pt><pt><x>1427</x><y>4</y><time>undefined</time></pt><closed_date>31-05-21 10:33:14:284</closed_date></polygon></object><object><name>tooth</name><deleted>0</deleted><verified>0</verified><occluded>no</occluded><attributes>15</attributes><parts><hasparts /><ispartof /></parts><date>31-05-21 10:33:48:022</date><id>5</id><type>bounding_box</type><polygon><username>anonymous</username><pt><x>716</x><y>6</y><time>31-05-21 10:33:29:202</time></pt><pt><x>1089</x><y>6</y><time>31-05-21 10:33:39:846</time></pt><pt><x>1089</x><y>168</y><time>undefined</time></pt><pt><x>716</x><y>168</y><time>undefined</time></pt><closed_date>31-05-21 10:33:39:846</closed_date></polygon></object><object><name>tooth</name><deleted>0</deleted><verified>0</verified><occluded>no</occluded><attributes>46</attributes><parts><hasparts /><ispartof /></parts><date>31-05-21 10:34:54:132</date><id>6</id><type>bounding_box</type><polygon><username>anonymous</username><pt><x>196</x><y>709</y><time>31-05-21 10:34:16:180</time></pt><pt><x>705</x><y>709</y><time>31-05-21 10:34:26:573</time></pt><pt><x>705</x><y>1233</y><time>undefined</time></pt><pt><x>196</x><y>1233</y><time>undefined</time></pt><closed_date>31-05-21 10:34:26:573</closed_date></polygon></object><object><name>tooth</name><deleted>0</deleted><verified>0</verified><occluded>no</occluded><attributes>85</attributes><parts><hasparts /><ispartof /></parts><date>31-05-21 10:35:23:940</date><id>7</id><type>bounding_box</type><polygon><username>anonymous</username><pt><x>1164</x><y>645</y><time>31-05-21 10:35:10:548</time></pt><pt><x>636</x><y>645</y><time>31-05-21 10:35:16:292</time></pt><pt><x>636</x><y>1231</y><time>undefined</time></pt><pt><x>1164</x><y>1231</y><time>undefined</time></pt><closed_date>31-05-21 10:35:16:293</closed_date></polygon></object><object><name>tooth</name><deleted>0</deleted><verified>0</verified><occluded>no</occluded><attributes>84</attributes><parts><hasparts /><ispartof /></parts><date>31-05-21 10:36:16:988</date><id>8</id><type>bounding_box</type><polygon><username>anonymous</username><pt><x>1507</x><y>1238</y><time>31-05-21 10:35:51:428</time></pt><pt><x>1072</x><y>1238</y><time>31-05-21 10:36:06:750</time></pt><pt><x>1072</x><y>714</y><time>undefined</time></pt><pt><x>1507</x><y>714</y><time>undefined</time></pt><closed_date>31-05-21 10:36:06:750</closed_date></polygon></object><object><name>tooth</name><deleted>0</deleted><verified>0</verified><occluded>no</occluded><attributes>83</attributes><parts><hasparts /><ispartof /></parts><date>31-05-21 10:36:45:740</date><id>9</id><type>bounding_box</type><polygon><username>anonymous</username><pt><x>1613</x><y>718</y><time>31-05-21 10:36:30:802</time></pt><pt><x>1483</x><y>718</y><time>31-05-21 10:36:37:759</time></pt><pt><x>1483</x><y>1242</y><time>undefined</time></pt><pt><x>1613</x><y>1242</y><time>undefined</time></pt><closed_date>31-05-21 10:36:37:759</closed_date></polygon></object><object><name>tooth</name><deleted>0</deleted><verified>0</verified><occluded>no</occluded><attributes>44</attributes><parts><hasparts /><ispartof /></parts><date>31-05-21 10:38:57:396</date><id>10</id><type>bounding_box</type><polygon><username>anonymous</username><pt><x>1300</x><y>1227</y><time>31-05-21 10:38:39:949</time></pt><pt><x>1136</x><y>1227</y><time>31-05-21 10:38:45:933</time></pt><pt><x>1136</x><y>1177</y><time>undefined</time></pt><pt><x>1300</x><y>1177</y><time>undefined</time></pt><closed_date>31-05-21 10:38:45:933</closed_date></polygon></object><imagesize><nrows /><ncols /></imagesize></annotation>