<?xml version='1.0' encoding='UTF-8'?>
<annotation><filename>imagem-105.jpg</filename><folder>segmentation_xray</folder><source><sourceImage>The MIT-CSAIL database of objects and scenes</sourceImage><sourceAnnotation>LabelMe Webtool</sourceAnnotation></source><object><name>tooth</name><deleted>0</deleted><verified>0</verified><occluded>no</occluded><attributes>44</attributes><parts><hasparts /><ispartof /></parts><date>01-06-21 11:03:16:407</date><id>0</id><type>bounding_box</type><polygon><username>anonymous</username><pt><x>1595</x><y>659</y><time>01-06-21 10:49:07:001</time></pt><pt><x>1372</x><y>659</y><time>01-06-21 11:03:07:517</time></pt><pt><x>1372</x><y>1224</y><time>undefined</time></pt><pt><x>1595</x><y>1224</y><time>undefined</time></pt><closed_date>01-06-21 11:03:07:518</closed_date></polygon></object><object><name>tooth</name><deleted>0</deleted><verified>0</verified><occluded>no</occluded><attributes>45</attributes><parts><hasparts /><ispartof /></parts><date>01-06-21 11:03:35:233</date><id>1</id><type>bounding_box</type><polygon><username>anonymous</username><pt><x>1080</x><y>677</y><time>01-06-21 11:03:18:077</time></pt><pt><x>1399</x><y>677</y><time>01-06-21 11:03:20:601</time></pt><pt><x>1399</x><y>1233</y><time>undefined</time></pt><pt><x>1080</x><y>1233</y><time>undefined</time></pt><closed_date>01-06-21 11:03:20:601</closed_date></polygon></object><object><name>tooth</name><deleted>0</deleted><verified>0</verified><occluded>no</occluded><attributes>46</attributes><parts><hasparts>10</hasparts><ispartof /></parts><date>01-06-21 11:03:48:431</date><id>2</id><type>bounding_box</type><polygon><username>anonymous</username><pt><x>540</x><y>629</y><time>01-06-21 11:03:37:429</time></pt><pt><x>1101</x><y>629</y><time>01-06-21 11:03:41:329</time></pt><pt><x>1101</x><y>1235</y><time>undefined</time></pt><pt><x>540</x><y>1235</y><time>undefined</time></pt><closed_date>01-06-21 11:03:41:329</closed_date></polygon></object><object><name>tooth</name><deleted>0</deleted><verified>0</verified><occluded>no</occluded><attributes>47</attributes><parts><hasparts>9</hasparts><ispartof /></parts><date>01-06-21 11:04:11:157</date><id>3</id><type>bounding_box</type><polygon><username>anonymous</username><pt><x>62</x><y>501</y><time>01-06-21 11:04:01:312</time></pt><pt><x>629</x><y>501</y><time>01-06-21 11:04:05:346</time></pt><pt><x>629</x><y>1242</y><time>undefined</time></pt><pt><x>62</x><y>1242</y><time>undefined</time></pt><closed_date>01-06-21 11:04:05:347</closed_date></polygon></object><object><name>tooth</name><deleted>0</deleted><verified>0</verified><occluded>no</occluded><attributes>48</attributes><parts><hasparts /><ispartof /></parts><date>01-06-21 11:04:28:132</date><id>4</id><type>bounding_box</type><polygon><username>anonymous</username><pt><x>5</x><y>397</y><time>01-06-21 11:04:19:031</time></pt><pt><x>194</x><y>397</y><time>01-06-21 11:04:22:551</time></pt><pt><x>194</x><y>836</y><time>undefined</time></pt><pt><x>5</x><y>836</y><time>undefined</time></pt><closed_date>01-06-21 11:04:22:551</closed_date></polygon></object><object><name>tooth</name><deleted>0</deleted><verified>0</verified><occluded>no</occluded><attributes>18</attributes><parts><hasparts /><ispartof /></parts><date>01-06-21 11:04:49:105</date><id>5</id><type>bounding_box</type><polygon><username>anonymous</username><pt><x>16</x><y>390</y><time>01-06-21 11:04:31:125</time></pt><pt><x>160</x><y>390</y><time>01-06-21 11:04:33:051</time></pt><pt><x>160</x><y>50</y><time>undefined</time></pt><pt><x>16</x><y>50</y><time>undefined</time></pt><closed_date>01-06-21 11:04:33:051</closed_date></polygon></object><object><name>tooth</name><deleted>0</deleted><verified>0</verified><occluded>no</occluded><attributes>17</attributes><parts><hasparts>11</hasparts><ispartof /></parts><date>01-06-21 11:05:36:606</date><id>6</id><type>bounding_box</type><polygon><username>anonymous</username><pt><x>567</x><y>488</y><time>01-06-21 11:05:26:539</time></pt><pt><x>148</x><y>488</y><time>01-06-21 11:05:30:271</time></pt><pt><x>148</x><y>16</y><time>undefined</time></pt><pt><x>567</x><y>16</y><time>undefined</time></pt><closed_date>01-06-21 11:05:30:271</closed_date></polygon></object><object><name>tooth</name><deleted>0</deleted><verified>0</verified><occluded>no</occluded><attributes>16</attributes><parts><hasparts>12,13</hasparts><ispartof /></parts><date>01-06-21 11:05:53:452</date><id>7</id><type>bounding_box</type><polygon><username>anonymous</username><pt><x>1010</x><y>549</y><time>01-06-21 11:05:38:979</time></pt><pt><x>577</x><y>549</y><time>01-06-21 11:05:47:689</time></pt><pt><x>577</x><y>5</y><time>undefined</time></pt><pt><x>1010</x><y>5</y><time>undefined</time></pt><closed_date>01-06-21 11:05:47:689</closed_date></polygon></object><object><name>tooth</name><deleted>0</deleted><verified>0</verified><occluded>no</occluded><attributes>15</attributes><parts><hasparts /><ispartof /></parts><date>01-06-21 11:06:03:831</date><id>8</id><type>bounding_box</type><polygon><username>anonymous</username><pt><x>1242</x><y>424</y><time>01-06-21 11:05:56:539</time></pt><pt><x>950</x><y>424</y><time>01-06-21 11:05:59:758</time></pt><pt><x>950</x><y>0</y><time>undefined</time></pt><pt><x>1242</x><y>0</y><time>undefined</time></pt><closed_date>01-06-21 11:05:59:758</closed_date></polygon></object><object><name>restoration</name><deleted>0</deleted><verified>0</verified><occluded>no</occluded><attributes /><parts><hasparts /><ispartof>3</ispartof></parts><date>01-06-21 11:06:36:953</date><id>9</id><polygon><username>anonymous</username><pt><x>228</x><y>579</y><time>01-06-21 11:06:10:243</time></pt><pt><x>239</x><y>615</y><time>01-06-21 11:06:11:209</time></pt><pt><x>273</x><y>613</y><time>01-06-21 11:06:12:133</time></pt><pt><x>289</x><y>611</y><time>01-06-21 11:06:13:043</time></pt><pt><x>289</x><y>643</y><time>01-06-21 11:06:13:791</time></pt><pt><x>299</x><y>659</y><time>01-06-21 11:06:14:558</time></pt><pt><x>319</x><y>668</y><time>01-06-21 11:06:15:503</time></pt><pt><x>353</x><y>668</y><time>01-06-21 11:06:16:693</time></pt><pt><x>365</x><y>659</y><time>01-06-21 11:06:17:505</time></pt><pt><x>365</x><y>693</y><time>01-06-21 11:06:18:201</time></pt><pt><x>394</x><y>713</y><time>01-06-21 11:06:18:981</time></pt><pt><x>428</x><y>722</y><time>01-06-21 11:06:19:706</time></pt><pt><x>458</x><y>720</y><time>01-06-21 11:06:20:439</time></pt><pt><x>479</x><y>697</y><time>01-06-21 11:06:21:154</time></pt><pt><x>495</x><y>672</y><time>01-06-21 11:06:21:942</time></pt><pt><x>515</x><y>629</y><time>01-06-21 11:06:22:631</time></pt><pt><x>524</x><y>606</y><time>01-06-21 11:06:23:319</time></pt><pt><x>526</x><y>583</y><time>01-06-21 11:06:24:036</time></pt><pt><x>501</x><y>579</y><time>01-06-21 11:06:24:875</time></pt><pt><x>472</x><y>579</y><time>01-06-21 11:06:25:746</time></pt><pt><x>440</x><y>579</y><time>01-06-21 11:06:26:468</time></pt><pt><x>406</x><y>563</y><time>01-06-21 11:06:27:171</time></pt><pt><x>369</x><y>561</y><time>01-06-21 11:06:28:404</time></pt><pt><x>340</x><y>549</y><time>01-06-21 11:06:29:609</time></pt><pt><x>301</x><y>542</y><time>01-06-21 11:06:30:325</time></pt><pt><x>267</x><y>542</y><time>01-06-21 11:06:31:137</time></pt><pt><x>239</x><y>556</y><time>01-06-21 11:06:31:888</time></pt><closed_date>01-06-21 11:06:32:743</closed_date></polygon></object><object><name>restoration</name><deleted>0</deleted><verified>0</verified><occluded>no</occluded><attributes /><parts><hasparts /><ispartof>2</ispartof></parts><date>01-06-21 11:07:38:337</date><id>10</id><polygon><username>anonymous</username><pt><x>718</x><y>697</y><time>01-06-21 11:07:10:055</time></pt><pt><x>716</x><y>734</y><time>01-06-21 11:07:10:903</time></pt><pt><x>716</x><y>754</y><time>01-06-21 11:07:11:648</time></pt><pt><x>727</x><y>773</y><time>01-06-21 11:07:12:321</time></pt><pt><x>757</x><y>775</y><time>01-06-21 11:07:13:005</time></pt><pt><x>784</x><y>766</y><time>01-06-21 11:07:13:807</time></pt><pt><x>784</x><y>738</y><time>01-06-21 11:07:14:509</time></pt><pt><x>800</x><y>727</y><time>01-06-21 11:07:15:363</time></pt><pt><x>823</x><y>743</y><time>01-06-21 11:07:16:158</time></pt><pt><x>843</x><y>752</y><time>01-06-21 11:07:16:840</time></pt><pt><x>857</x><y>757</y><time>01-06-21 11:07:17:520</time></pt><pt><x>884</x><y>745</y><time>01-06-21 11:07:18:234</time></pt><pt><x>916</x><y>741</y><time>01-06-21 11:07:19:013</time></pt><pt><x>923</x><y>741</y><time>01-06-21 11:07:19:764</time></pt><pt><x>934</x><y>754</y><time>01-06-21 11:07:20:439</time></pt><pt><x>962</x><y>754</y><time>01-06-21 11:07:21:077</time></pt><pt><x>991</x><y>745</y><time>01-06-21 11:07:21:795</time></pt><pt><x>1016</x><y>738</y><time>01-06-21 11:07:22:676</time></pt><pt><x>1037</x><y>720</y><time>01-06-21 11:07:23:451</time></pt><pt><x>1021</x><y>695</y><time>01-06-21 11:07:24:191</time></pt><pt><x>984</x><y>677</y><time>01-06-21 11:07:25:021</time></pt><pt><x>934</x><y>681</y><time>01-06-21 11:07:26:197</time></pt><pt><x>928</x><y>693</y><time>01-06-21 11:07:26:956</time></pt><pt><x>909</x><y>668</y><time>01-06-21 11:07:28:154</time></pt><pt><x>886</x><y>668</y><time>01-06-21 11:07:28:923</time></pt><pt><x>871</x><y>686</y><time>01-06-21 11:07:29:681</time></pt><pt><x>839</x><y>691</y><time>01-06-21 11:07:30:462</time></pt><pt><x>832</x><y>684</y><time>01-06-21 11:07:31:216</time></pt><pt><x>800</x><y>681</y><time>01-06-21 11:07:32:112</time></pt><pt><x>773</x><y>684</y><time>01-06-21 11:07:32:880</time></pt><pt><x>743</x><y>686</y><time>01-06-21 11:07:33:691</time></pt><closed_date>01-06-21 11:07:34:442</closed_date></polygon></object><object><name>restoration</name><deleted>0</deleted><verified>0</verified><occluded>no</occluded><attributes /><parts><hasparts /><ispartof>6</ispartof></parts><date>01-06-21 11:08:16:092</date><id>11</id><polygon><username>anonymous</username><pt><x>303</x><y>342</y><time>01-06-21 11:07:51:063</time></pt><pt><x>330</x><y>321</y><time>01-06-21 11:07:51:867</time></pt><pt><x>353</x><y>308</y><time>01-06-21 11:07:52:612</time></pt><pt><x>376</x><y>305</y><time>01-06-21 11:07:53:342</time></pt><pt><x>422</x><y>333</y><time>01-06-21 11:07:54:225</time></pt><pt><x>438</x><y>349</y><time>01-06-21 11:07:55:417</time></pt><pt><x>449</x><y>356</y><time>01-06-21 11:07:56:269</time></pt><pt><x>481</x><y>374</y><time>01-06-21 11:07:57:058</time></pt><pt><x>510</x><y>397</y><time>01-06-21 11:07:58:054</time></pt><pt><x>506</x><y>426</y><time>01-06-21 11:07:58:836</time></pt><pt><x>456</x><y>440</y><time>01-06-21 11:07:59:989</time></pt><pt><x>435</x><y>449</y><time>01-06-21 11:08:00:816</time></pt><pt><x>397</x><y>442</y><time>01-06-21 11:08:01:476</time></pt><pt><x>367</x><y>442</y><time>01-06-21 11:08:02:192</time></pt><pt><x>319</x><y>440</y><time>01-06-21 11:08:03:273</time></pt><pt><x>294</x><y>449</y><time>01-06-21 11:08:04:042</time></pt><pt><x>251</x><y>456</y><time>01-06-21 11:08:04:809</time></pt><pt><x>226</x><y>442</y><time>01-06-21 11:08:05:490</time></pt><pt><x>203</x><y>431</y><time>01-06-21 11:08:06:150</time></pt><pt><x>207</x><y>401</y><time>01-06-21 11:08:07:306</time></pt><pt><x>214</x><y>365</y><time>01-06-21 11:08:08:078</time></pt><pt><x>237</x><y>342</y><time>01-06-21 11:08:08:874</time></pt><pt><x>276</x><y>335</y><time>01-06-21 11:08:09:641</time></pt><closed_date>01-06-21 11:08:10:522</closed_date></polygon></object><object><name>restoration</name><deleted>1</deleted><verified>0</verified><occluded>no</occluded><attributes /><parts><hasparts /><ispartof>7</ispartof></parts><date>01-06-21 11:09:00:485</date><id>12</id><polygon><username>anonymous</username><pt><x>745</x><y>501</y><time>01-06-21 11:08:35:913</time></pt><pt><x>768</x><y>520</y><time>01-06-21 11:08:37:254</time></pt><pt><x>770</x><y>538</y><time>01-06-21 11:08:38:070</time></pt><pt><x>784</x><y>540</y><time>01-06-21 11:08:38:789</time></pt><pt><x>809</x><y>526</y><time>01-06-21 11:08:39:554</time></pt><pt><x>832</x><y>510</y><time>01-06-21 11:08:40:313</time></pt><pt><x>861</x><y>504</y><time>01-06-21 11:08:41:010</time></pt><pt><x>898</x><y>513</y><time>01-06-21 11:08:41:675</time></pt><pt><x>930</x><y>531</y><time>01-06-21 11:08:42:379</time></pt><pt><x>946</x><y>538</y><time>01-06-21 11:08:43:031</time></pt><pt><x>955</x><y>542</y><time>01-06-21 11:08:43:654</time></pt><pt><x>966</x><y>554</y><time>01-06-21 11:08:44:317</time></pt><pt><x>964</x><y>572</y><time>01-06-21 11:08:44:961</time></pt><pt><x>955</x><y>604</y><time>01-06-21 11:08:45:714</time></pt><pt><x>925</x><y>613</y><time>01-06-21 11:08:46:389</time></pt><pt><x>895</x><y>611</y><time>01-06-21 11:08:46:990</time></pt><pt><x>854</x><y>604</y><time>01-06-21 11:08:47:621</time></pt><pt><x>823</x><y>588</y><time>01-06-21 11:08:48:273</time></pt><pt><x>791</x><y>588</y><time>01-06-21 11:08:48:940</time></pt><pt><x>743</x><y>599</y><time>01-06-21 11:08:49:672</time></pt><pt><x>713</x><y>595</y><time>01-06-21 11:08:50:395</time></pt><pt><x>693</x><y>574</y><time>01-06-21 11:08:51:079</time></pt><pt><x>690</x><y>554</y><time>01-06-21 11:08:51:787</time></pt><pt><x>697</x><y>522</y><time>01-06-21 11:08:52:475</time></pt><pt><x>718</x><y>508</y><time>01-06-21 11:08:53:135</time></pt><closed_date>01-06-21 11:08:53:893</closed_date></polygon></object><object><name>restoration</name><deleted>0</deleted><verified>0</verified><occluded>no</occluded><attributes /><parts><hasparts /><ispartof>7</ispartof></parts><date>01-06-21 11:10:11:323</date><id>13</id><polygon><username>anonymous</username><pt><x>743</x><y>474</y><time>01-06-21 11:09:40:409</time></pt><pt><x>773</x><y>442</y><time>01-06-21 11:09:41:577</time></pt><pt><x>798</x><y>428</y><time>01-06-21 11:09:42:351</time></pt><pt><x>827</x><y>438</y><time>01-06-21 11:09:43:054</time></pt><pt><x>855</x><y>444</y><time>01-06-21 11:09:43:742</time></pt><pt><x>864</x><y>447</y><time>01-06-21 11:09:44:387</time></pt><pt><x>877</x><y>456</y><time>01-06-21 11:09:45:032</time></pt><pt><x>918</x><y>479</y><time>01-06-21 11:09:45:842</time></pt><pt><x>925</x><y>488</y><time>01-06-21 11:09:46:517</time></pt><pt><x>934</x><y>522</y><time>01-06-21 11:09:47:185</time></pt><pt><x>905</x><y>520</y><time>01-06-21 11:09:48:324</time></pt><pt><x>877</x><y>504</y><time>01-06-21 11:09:49:111</time></pt><pt><x>852</x><y>485</y><time>01-06-21 11:09:49:864</time></pt><pt><x>827</x><y>485</y><time>01-06-21 11:09:50:569</time></pt><pt><x>798</x><y>488</y><time>01-06-21 11:09:51:277</time></pt><pt><x>775</x><y>504</y><time>01-06-21 11:09:52:024</time></pt><pt><x>766</x><y>522</y><time>01-06-21 11:09:52:784</time></pt><pt><x>711</x><y>536</y><time>01-06-21 11:09:53:616</time></pt><pt><x>681</x><y>531</y><time>01-06-21 11:09:54:326</time></pt><pt><x>640</x><y>510</y><time>01-06-21 11:09:55:107</time></pt><pt><x>629</x><y>492</y><time>01-06-21 11:09:55:789</time></pt><pt><x>629</x><y>465</y><time>01-06-21 11:09:56:634</time></pt><pt><x>668</x><y>454</y><time>01-06-21 11:09:57:667</time></pt><pt><x>681</x><y>438</y><time>01-06-21 11:09:58:694</time></pt><pt><x>700</x><y>435</y><time>01-06-21 11:09:59:481</time></pt><pt><x>725</x><y>442</y><time>01-06-21 11:10:00:794</time></pt><pt><x>732</x><y>458</y><time>01-06-21 11:10:01:647</time></pt><closed_date>01-06-21 11:10:02:442</closed_date></polygon></object><object><name>dental implant</name><deleted>0</deleted><verified>0</verified><occluded>no</occluded><attributes /><parts><hasparts /><ispartof /></parts><date>01-06-21 11:12:30:243</date><id>14</id><polygon><username>anonymous</username><pt><x>1260</x><y>105</y><time>01-06-21 11:10:19:577</time></pt><pt><x>1267</x><y>128</y><time>01-06-21 11:10:20:890</time></pt><pt><x>1285</x><y>134</y><time>01-06-21 11:10:23:271</time></pt><pt><x>1304</x><y>134</y><time>01-06-21 11:10:24:105</time></pt><pt><x>1304</x><y>150</y><time>01-06-21 11:10:24:848</time></pt><pt><x>1304</x><y>171</y><time>01-06-21 11:10:25:597</time></pt><pt><x>1299</x><y>205</y><time>01-06-21 11:10:26:369</time></pt><pt><x>1299</x><y>232</y><time>01-06-21 11:10:27:123</time></pt><pt><x>1310</x><y>248</y><time>01-06-21 11:10:27:754</time></pt><pt><x>1322</x><y>303</y><time>01-06-21 11:10:28:449</time></pt><pt><x>1324</x><y>349</y><time>01-06-21 11:10:29:165</time></pt><pt><x>1335</x><y>385</y><time>01-06-21 11:10:29:839</time></pt><pt><x>1335</x><y>419</y><time>01-06-21 11:10:30:522</time></pt><pt><x>1342</x><y>449</y><time>01-06-21 11:10:31:303</time></pt><pt><x>1349</x><y>467</y><time>01-06-21 11:10:32:234</time></pt><pt><x>1358</x><y>481</y><time>01-06-21 11:10:33:080</time></pt><pt><x>1381</x><y>476</y><time>01-06-21 11:10:33:832</time></pt><pt><x>1415</x><y>474</y><time>01-06-21 11:10:34:823</time></pt><pt><x>1443</x><y>467</y><time>01-06-21 11:10:35:762</time></pt><pt><x>1445</x><y>458</y><time>01-06-21 11:10:36:637</time></pt><pt><x>1438</x><y>428</y><time>01-06-21 11:10:37:410</time></pt><pt><x>1436</x><y>369</y><time>01-06-21 11:10:38:207</time></pt><pt><x>1433</x><y>346</y><time>01-06-21 11:10:39:081</time></pt><pt><x>1420</x><y>285</y><time>01-06-21 11:10:40:271</time></pt><pt><x>1424</x><y>246</y><time>01-06-21 11:10:41:211</time></pt><pt><x>1424</x><y>207</y><time>01-06-21 11:10:42:106</time></pt><pt><x>1433</x><y>203</y><time>01-06-21 11:10:42:968</time></pt><pt><x>1431</x><y>196</y><time>01-06-21 11:10:43:728</time></pt><pt><x>1422</x><y>191</y><time>01-06-21 11:10:44:489</time></pt><pt><x>1408</x><y>166</y><time>01-06-21 11:10:45:529</time></pt><pt><x>1408</x><y>153</y><time>01-06-21 11:10:46:473</time></pt><pt><x>1406</x><y>125</y><time>01-06-21 11:10:47:271</time></pt><pt><x>1406</x><y>112</y><time>01-06-21 11:10:48:153</time></pt><pt><x>1406</x><y>103</y><time>01-06-21 11:10:48:955</time></pt><pt><x>1422</x><y>103</y><time>01-06-21 11:10:49:845</time></pt><pt><x>1436</x><y>100</y><time>01-06-21 11:10:50:592</time></pt><pt><x>1431</x><y>82</y><time>01-06-21 11:10:51:638</time></pt><pt><x>1429</x><y>66</y><time>01-06-21 11:10:52:397</time></pt><pt><x>1429</x><y>39</y><time>01-06-21 11:10:53:179</time></pt><pt><x>1424</x><y>27</y><time>01-06-21 11:10:54:161</time></pt><pt><x>1406</x><y>16</y><time>01-06-21 11:10:57:997</time></pt><pt><x>1367</x><y>11</y><time>01-06-21 11:10:59:210</time></pt><pt><x>1322</x><y>14</y><time>01-06-21 11:11:01:131</time></pt><pt><x>1294</x><y>7</y><time>01-06-21 11:11:02:100</time></pt><pt><x>1265</x><y>2</y><time>01-06-21 11:11:02:879</time></pt><pt><x>1249</x><y>5</y><time>01-06-21 11:11:04:257</time></pt><pt><x>1251</x><y>32</y><time>01-06-21 11:11:04:982</time></pt><pt><x>1260</x><y>73</y><time>01-06-21 11:11:05:790</time></pt><closed_date>01-06-21 11:11:06:788</closed_date></polygon></object><imagesize><nrows /><ncols /></imagesize></annotation>