<annotation><filename>imagem-084.jpg</filename><folder>segmentation_xray</folder><source><sourceImage>The MIT-CSAIL database of objects and scenes</sourceImage><sourceAnnotation>LabelMe Webtool</sourceAnnotation></source><object><name>tooth</name><deleted>0</deleted><verified>0</verified><occluded>no</occluded><attributes>27</attributes><parts><hasparts /><ispartof /></parts><date>13-12-21 22:06:09:278</date><id>0</id><type>bounding_box</type><polygon><username>anonymous</username><pt><x>1450</x><y>165</y><time>13-12-21 22:06:03:259</time></pt><pt><x>1608</x><y>165</y><time>13-12-21 22:06:05:730</time></pt><pt><x>1608</x><y>977</y><time>undefined</time></pt><pt><x>1450</x><y>977</y><time>undefined</time></pt><closed_date>13-12-21 22:06:05:730</closed_date></polygon></object><object><name>tooth</name><deleted>0</deleted><verified>0</verified><occluded>no</occluded><attributes>26</attributes><parts><hasparts /><ispartof /></parts><date>13-12-21 22:06:24:723</date><id>1</id><type>bounding_box</type><polygon><username>anonymous</username><pt><x>1089</x><y>1043</y><time>13-12-21 22:06:15:713</time></pt><pt><x>1465</x><y>1043</y><time>13-12-21 22:06:17:738</time></pt><pt><x>1465</x><y>156</y><time>undefined</time></pt><pt><x>1089</x><y>156</y><time>undefined</time></pt><closed_date>13-12-21 22:06:17:738</closed_date></polygon></object><object><name>tooth</name><deleted>0</deleted><verified>0</verified><occluded>no</occluded><attributes>25</attributes><parts><hasparts>7</hasparts><ispartof /></parts><date>13-12-21 22:06:41:583</date><id>2</id><type>bounding_box</type><polygon><username>anonymous</username><pt><x>812</x><y>216</y><time>13-12-21 22:06:33:029</time></pt><pt><x>1129</x><y>216</y><time>13-12-21 22:06:37:610</time></pt><pt><x>1129</x><y>1072</y><time>undefined</time></pt><pt><x>812</x><y>1072</y><time>undefined</time></pt><closed_date>13-12-21 22:06:37:611</closed_date></polygon></object><object><name>tooth</name><deleted>0</deleted><verified>0</verified><occluded>no</occluded><attributes>24</attributes><parts><hasparts /><ispartof /></parts><date>13-12-21 22:06:58:592</date><id>3</id><type>bounding_box</type><polygon><username>anonymous</username><pt><x>515</x><y>1094</y><time>13-12-21 22:06:49:308</time></pt><pt><x>843</x><y>1094</y><time>13-12-21 22:06:53:827</time></pt><pt><x>843</x><y>213</y><time>undefined</time></pt><pt><x>515</x><y>213</y><time>undefined</time></pt><closed_date>13-12-21 22:06:53:827</closed_date></polygon></object><object><name>tooth</name><deleted>0</deleted><verified>0</verified><occluded>no</occluded><attributes>23</attributes><parts><hasparts>8</hasparts><ispartof /></parts><date>13-12-21 22:07:20:495</date><id>4</id><type>bounding_box</type><polygon><username>anonymous</username><pt><x>202</x><y>1069</y><time>13-12-21 22:07:11:501</time></pt><pt><x>739</x><y>1069</y><time>13-12-21 22:07:15:314</time></pt><pt><x>739</x><y>40</y><time>undefined</time></pt><pt><x>202</x><y>40</y><time>undefined</time></pt><closed_date>13-12-21 22:07:15:315</closed_date></polygon></object><object><name>tooth</name><deleted>0</deleted><verified>0</verified><occluded>no</occluded><attributes>22</attributes><parts><hasparts /><ispartof /></parts><date>13-12-21 22:07:28:519</date><id>5</id><type>bounding_box</type><polygon><username>anonymous</username><pt><x>15</x><y>984</y><time>13-12-21 22:07:23:388</time></pt><pt><x>396</x><y>984</y><time>13-12-21 22:07:25:467</time></pt><pt><x>396</x><y>101</y><time>undefined</time></pt><pt><x>15</x><y>101</y><time>undefined</time></pt><closed_date>13-12-21 22:07:25:468</closed_date></polygon></object><object><name>tooth</name><deleted>0</deleted><verified>0</verified><occluded>no</occluded><attributes>21</attributes><parts><hasparts /><ispartof /></parts><date>13-12-21 22:07:36:303</date><id>6</id><type>bounding_box</type><polygon><username>anonymous</username><pt><x>295</x><y>9</y><time>13-12-21 22:07:30:861</time></pt><pt><x>11</x><y>9</y><time>13-12-21 22:07:33:212</time></pt><pt><x>11</x><y>620</y><time>undefined</time></pt><pt><x>295</x><y>620</y><time>undefined</time></pt><closed_date>13-12-21 22:07:33:212</closed_date></polygon></object><object><name>restoration</name><deleted>0</deleted><verified>0</verified><occluded>no</occluded><attributes /><parts><hasparts /><ispartof>2</ispartof></parts><date>13-12-21 22:07:53:424</date><id>7</id><polygon><username>anonymous</username><pt><x>1032</x><y>720</y><time>13-12-21 22:07:42:164</time></pt><pt><x>995</x><y>735</y><time>13-12-21 22:07:43:396</time></pt><pt><x>968</x><y>757</y><time>13-12-21 22:07:43:819</time></pt><pt><x>951</x><y>772</y><time>13-12-21 22:07:44:148</time></pt><pt><x>935</x><y>790</y><time>13-12-21 22:07:44:435</time></pt><pt><x>918</x><y>808</y><time>13-12-21 22:07:44:749</time></pt><pt><x>911</x><y>816</y><time>13-12-21 22:07:45:060</time></pt><pt><x>893</x><y>832</y><time>13-12-21 22:07:45:412</time></pt><pt><x>887</x><y>858</y><time>13-12-21 22:07:45:756</time></pt><pt><x>889</x><y>904</y><time>13-12-21 22:07:46:286</time></pt><pt><x>889</x><y>924</y><time>13-12-21 22:07:46:620</time></pt><pt><x>909</x><y>933</y><time>13-12-21 22:07:46:924</time></pt><pt><x>924</x><y>948</y><time>13-12-21 22:07:47:332</time></pt><pt><x>942</x><y>981</y><time>13-12-21 22:07:47:717</time></pt><pt><x>970</x><y>988</y><time>13-12-21 22:07:48:054</time></pt><pt><x>990</x><y>992</y><time>13-12-21 22:07:48:317</time></pt><pt><x>1021</x><y>1008</y><time>13-12-21 22:07:48:540</time></pt><pt><x>1032</x><y>1006</y><time>13-12-21 22:07:48:820</time></pt><pt><x>1054</x><y>981</y><time>13-12-21 22:07:49:092</time></pt><pt><x>1080</x><y>970</y><time>13-12-21 22:07:49:388</time></pt><pt><x>1098</x><y>953</y><time>13-12-21 22:07:49:660</time></pt><pt><x>1111</x><y>898</y><time>13-12-21 22:07:49:931</time></pt><pt><x>1118</x><y>849</y><time>13-12-21 22:07:50:236</time></pt><pt><x>1127</x><y>797</y><time>13-12-21 22:07:50:499</time></pt><pt><x>1105</x><y>739</y><time>13-12-21 22:07:50:804</time></pt><pt><x>1063</x><y>711</y><time>13-12-21 22:07:51:060</time></pt><closed_date>13-12-21 22:07:51:411</closed_date></polygon></object><object><name>restoration</name><deleted>0</deleted><verified>0</verified><occluded>no</occluded><attributes /><parts><hasparts /><ispartof>4</ispartof></parts><date>13-12-21 22:08:08:584</date><id>8</id><polygon><username>anonymous</username><pt><x>403</x><y>997</y><time>13-12-21 22:07:55:876</time></pt><pt><x>427</x><y>973</y><time>13-12-21 22:07:56:219</time></pt><pt><x>440</x><y>944</y><time>13-12-21 22:07:56:507</time></pt><pt><x>442</x><y>922</y><time>13-12-21 22:07:56:812</time></pt><pt><x>442</x><y>896</y><time>13-12-21 22:07:57:076</time></pt><pt><x>429</x><y>887</y><time>13-12-21 22:07:57:403</time></pt><pt><x>405</x><y>887</y><time>13-12-21 22:07:57:707</time></pt><pt><x>411</x><y>871</y><time>13-12-21 22:08:01:603</time></pt><pt><x>411</x><y>847</y><time>13-12-21 22:08:01:914</time></pt><pt><x>403</x><y>827</y><time>13-12-21 22:08:02:218</time></pt><pt><x>378</x><y>814</y><time>13-12-21 22:08:02:603</time></pt><pt><x>356</x><y>812</y><time>13-12-21 22:08:02:946</time></pt><pt><x>343</x><y>812</y><time>13-12-21 22:08:03:210</time></pt><pt><x>306</x><y>832</y><time>13-12-21 22:08:03:493</time></pt><pt><x>282</x><y>841</y><time>13-12-21 22:08:03:755</time></pt><pt><x>255</x><y>858</y><time>13-12-21 22:08:03:995</time></pt><pt><x>251</x><y>878</y><time>13-12-21 22:08:04:237</time></pt><pt><x>255</x><y>902</y><time>13-12-21 22:08:04:468</time></pt><pt><x>255</x><y>924</y><time>13-12-21 22:08:04:661</time></pt><pt><x>257</x><y>944</y><time>13-12-21 22:08:04:875</time></pt><pt><x>279</x><y>959</y><time>13-12-21 22:08:05:102</time></pt><pt><x>306</x><y>975</y><time>13-12-21 22:08:05:476</time></pt><pt><x>332</x><y>1003</y><time>13-12-21 22:08:05:677</time></pt><pt><x>356</x><y>1021</y><time>13-12-21 22:08:05:900</time></pt><pt><x>378</x><y>1025</y><time>13-12-21 22:08:06:138</time></pt><closed_date>13-12-21 22:08:06:418</closed_date></polygon></object><imagesize><nrows /><ncols /></imagesize></annotation>