<annotation><filename>imagem-091.jpg</filename><folder>segmentation_xray</folder><source><sourceImage>The MIT-CSAIL database of objects and scenes</sourceImage><sourceAnnotation>LabelMe Webtool</sourceAnnotation></source><object><name>tooth 18</name><deleted>1</deleted><verified>0</verified><occluded>no</occluded><attributes /><parts><hasparts /><ispartof>4</ispartof></parts><date>10-01-22 16:40:17:365</date><id>0</id><type>bounding_box</type><polygon><username>anonymous</username><pt><x>7</x><y>170</y><time>10-01-22 16:40:09:840</time></pt><pt><x>326</x><y>170</y><time>10-01-22 16:40:13:270</time></pt><pt><x>326</x><y>2</y><time>undefined</time></pt><pt><x>7</x><y>2</y><time>undefined</time></pt><closed_date>10-01-22 16:40:13:270</closed_date></polygon></object><object><name>tooth 17</name><deleted>0</deleted><verified>0</verified><occluded>no</occluded><attributes /><parts><hasparts /><ispartof>4</ispartof></parts><date>10-01-22 16:40:24:901</date><id>1</id><type>bounding_box</type><polygon><username>anonymous</username><pt><x>195</x><y>433</y><time>10-01-22 16:40:19:017</time></pt><pt><x>607</x><y>433</y><time>10-01-22 16:40:21:813</time></pt><pt><x>607</x><y>4</y><time>undefined</time></pt><pt><x>195</x><y>4</y><time>undefined</time></pt><closed_date>10-01-22 16:40:21:814</closed_date></polygon></object><object><name>tooth 16</name><deleted>1</deleted><verified>0</verified><occluded>no</occluded><attributes /><parts><hasparts /><ispartof>4</ispartof></parts><date>10-01-22 16:40:33:715</date><id>2</id><type>bounding_box</type><polygon><username>anonymous</username><pt><x>518</x><y>504</y><time>10-01-22 16:40:27:007</time></pt><pt><x>877</x><y>504</y><time>10-01-22 16:40:30:006</time></pt><pt><x>877</x><y>5</y><time>undefined</time></pt><pt><x>518</x><y>5</y><time>undefined</time></pt><closed_date>10-01-22 16:40:30:006</closed_date></polygon></object><object><name>tooth 15</name><deleted>0</deleted><verified>0</verified><occluded>no</occluded><attributes /><parts><hasparts /><ispartof>4</ispartof></parts><date>10-01-22 16:40:40:872</date><id>3</id><type>bounding_box</type><polygon><username>anonymous</username><pt><x>881</x><y>550</y><time>10-01-22 16:40:35:929</time></pt><pt><x>1100</x><y>550</y><time>10-01-22 16:40:37:658</time></pt><pt><x>1100</x><y>2</y><time>undefined</time></pt><pt><x>881</x><y>2</y><time>undefined</time></pt><closed_date>10-01-22 16:40:37:659</closed_date></polygon></object><object><name>tooth 14</name><deleted>1</deleted><verified>0</verified><occluded>no</occluded><attributes /><parts><hasparts>4,5,6,7,8</hasparts><ispartof>4</ispartof></parts><date>10-01-22 16:40:49:447</date><id>4</id><type>bounding_box</type><polygon><username>anonymous</username><pt><x>1074</x><y>591</y><time>10-01-22 16:40:42:156</time></pt><pt><x>1219</x><y>591</y><time>10-01-22 16:40:45:034</time></pt><pt><x>1219</x><y>39</y><time>undefined</time></pt><pt><x>1074</x><y>39</y><time>undefined</time></pt><closed_date>10-01-22 16:40:45:034</closed_date></polygon></object><object><name>tooth 47</name><deleted>1</deleted><verified>0</verified><occluded>no</occluded><attributes /><parts><hasparts /><ispartof>4</ispartof></parts><date>10-01-22 16:41:01:812</date><id>5</id><type>bounding_box</type><polygon><username>anonymous</username><pt><x>14</x><y>416</y><time>10-01-22 16:40:52:193</time></pt><pt><x>506</x><y>416</y><time>10-01-22 16:40:56:917</time></pt><pt><x>506</x><y>943</y><time>undefined</time></pt><pt><x>14</x><y>943</y><time>undefined</time></pt><closed_date>10-01-22 16:40:56:917</closed_date></polygon></object><object><name>tooth 46</name><deleted>1</deleted><verified>0</verified><occluded>no</occluded><attributes /><parts><hasparts /><ispartof>4</ispartof></parts><date>10-01-22 16:41:12:589</date><id>6</id><type>bounding_box</type><polygon><username>anonymous</username><pt><x>467</x><y>571</y><time>10-01-22 16:41:03:664</time></pt><pt><x>865</x><y>571</y><time>10-01-22 16:41:09:493</time></pt><pt><x>865</x><y>946</y><time>undefined</time></pt><pt><x>467</x><y>946</y><time>undefined</time></pt><closed_date>10-01-22 16:41:09:494</closed_date></polygon></object><object><name>tooth 45</name><deleted>1</deleted><verified>0</verified><occluded>no</occluded><attributes /><parts><hasparts /><ispartof>4</ispartof></parts><date>10-01-22 16:41:22:069</date><id>7</id><type>bounding_box</type><polygon><username>anonymous</username><pt><x>830</x><y>653</y><time>10-01-22 16:41:14:263</time></pt><pt><x>1084</x><y>653</y><time>10-01-22 16:41:18:582</time></pt><pt><x>1084</x><y>948</y><time>undefined</time></pt><pt><x>830</x><y>948</y><time>undefined</time></pt><closed_date>10-01-22 16:41:18:582</closed_date></polygon></object><object><name>tooth 44</name><deleted>1</deleted><verified>0</verified><occluded>no</occluded><attributes /><parts><hasparts /><ispartof>4</ispartof></parts><date>10-01-22 16:41:31:560</date><id>8</id><type>bounding_box</type><polygon><username>anonymous</username><pt><x>1033</x><y>676</y><time>10-01-22 16:41:23:401</time></pt><pt><x>1219</x><y>676</y><time>10-01-22 16:41:28:098</time></pt><pt><x>1219</x><y>929</y><time>undefined</time></pt><pt><x>1033</x><y>929</y><time>undefined</time></pt><closed_date>10-01-22 16:41:28:098</closed_date></polygon></object><imagesize><nrows /><ncols /></imagesize><object><name>tooth 47</name><deleted>0</deleted><verified>0</verified><occluded>no</occluded><attributes /><parts><hasparts>19</hasparts><ispartof /></parts><date>11-01-22 16:12:06:048</date><id>9</id><type>bounding_box</type><polygon><username>anonymous</username><pt><x>32</x><y>423</y><time>11-01-22 16:11:54:363</time></pt><pt><x>509</x><y>423</y><time>11-01-22 16:11:57:494</time></pt><pt><x>509</x><y>936</y><time>undefined</time></pt><pt><x>32</x><y>936</y><time>undefined</time></pt><closed_date>11-01-22 16:11:57:494</closed_date></polygon></object><object><name>tooth 46</name><deleted>0</deleted><verified>0</verified><occluded>no</occluded><attributes /><parts><hasparts>20</hasparts><ispartof /></parts><date>11-01-22 16:12:22:151</date><id>10</id><type>bounding_box</type><polygon><username>anonymous</username><pt><x>479</x><y>575</y><time>11-01-22 16:12:13:969</time></pt><pt><x>860</x><y>575</y><time>11-01-22 16:12:18:426</time></pt><pt><x>860</x><y>946</y><time>undefined</time></pt><pt><x>479</x><y>946</y><time>undefined</time></pt><closed_date>11-01-22 16:12:18:426</closed_date></polygon></object><object><name>tooth 45</name><deleted>0</deleted><verified>0</verified><occluded>no</occluded><attributes /><parts><hasparts /><ispartof /></parts><date>11-01-22 16:12:33:939</date><id>11</id><type>bounding_box</type><polygon><username>anonymous</username><pt><x>1104</x><y>656</y><time>11-01-22 16:12:27:967</time></pt><pt><x>840</x><y>656</y><time>11-01-22 16:12:30:903</time></pt><pt><x>840</x><y>945</y><time>undefined</time></pt><pt><x>1104</x><y>945</y><time>undefined</time></pt><closed_date>11-01-22 16:12:30:903</closed_date></polygon></object><object><name>tooth 44</name><deleted>0</deleted><verified>0</verified><occluded>no</occluded><attributes /><parts><hasparts /><ispartof /></parts><date>11-01-22 16:12:43:034</date><id>12</id><type>bounding_box</type><polygon><username>anonymous</username><pt><x>1053</x><y>690</y><time>11-01-22 16:12:36:328</time></pt><pt><x>1219</x><y>690</y><time>11-01-22 16:12:39:941</time></pt><pt><x>1219</x><y>939</y><time>undefined</time></pt><pt><x>1053</x><y>939</y><time>undefined</time></pt><closed_date>11-01-22 16:12:39:941</closed_date></polygon></object><object><name>tooth 18</name><deleted>0</deleted><verified>0</verified><occluded>no</occluded><attributes /><parts><hasparts /><ispartof /></parts><date>11-01-22 16:12:50:988</date><id>13</id><type>bounding_box</type><polygon><username>anonymous</username><pt><x>60</x><y>168</y><time>11-01-22 16:12:44:867</time></pt><pt><x>322</x><y>168</y><time>11-01-22 16:12:46:286</time></pt><pt><x>322</x><y>2</y><time>undefined</time></pt><pt><x>60</x><y>2</y><time>undefined</time></pt><closed_date>11-01-22 16:12:46:287</closed_date></polygon></object><object><name>tooth 17</name><deleted>1</deleted><verified>0</verified><occluded>no</occluded><attributes /><parts><hasparts /><ispartof /></parts><date>11-01-22 16:13:00:141</date><id>14</id><type>bounding_box</type><polygon><username>anonymous</username><pt><x>203</x><y>425</y><time>11-01-22 16:12:53:725</time></pt><pt><x>612</x><y>425</y><time>11-01-22 16:12:55:933</time></pt><pt><x>612</x><y>5</y><time>undefined</time></pt><pt><x>203</x><y>5</y><time>undefined</time></pt><closed_date>11-01-22 16:12:55:934</closed_date></polygon></object><object><name>tooth 16</name><deleted>0</deleted><verified>0</verified><occluded>no</occluded><attributes /><parts><hasparts>18</hasparts><ispartof /></parts><date>11-01-22 16:13:06:954</date><id>15</id><type>bounding_box</type><polygon><username>anonymous</username><pt><x>525</x><y>517</y><time>11-01-22 16:13:01:601</time></pt><pt><x>877</x><y>517</y><time>11-01-22 16:13:03:377</time></pt><pt><x>877</x><y>4</y><time>undefined</time></pt><pt><x>525</x><y>4</y><time>undefined</time></pt><closed_date>11-01-22 16:13:03:377</closed_date></polygon></object><object><name>tooth 15</name><deleted>1</deleted><verified>0</verified><occluded>no</occluded><attributes /><parts><hasparts /><ispartof /></parts><date>11-01-22 16:13:13:432</date><id>16</id><type>bounding_box</type><polygon><username>anonymous</username><pt><x>879</x><y>541</y><time>11-01-22 16:13:08:964</time></pt><pt><x>1111</x><y>541</y><time>11-01-22 16:13:10:520</time></pt><pt><x>1111</x><y>4</y><time>undefined</time></pt><pt><x>879</x><y>4</y><time>undefined</time></pt><closed_date>11-01-22 16:13:10:520</closed_date></polygon></object><object><name>tooth 14</name><deleted>0</deleted><verified>0</verified><occluded>no</occluded><attributes /><parts><hasparts /><ispartof /></parts><date>11-01-22 16:13:22:410</date><id>17</id><type>bounding_box</type><polygon><username>anonymous</username><pt><x>1086</x><y>573</y><time>11-01-22 16:13:15:146</time></pt><pt><x>1219</x><y>573</y><time>11-01-22 16:13:18:960</time></pt><pt><x>1219</x><y>34</y><time>undefined</time></pt><pt><x>1086</x><y>34</y><time>undefined</time></pt><closed_date>11-01-22 16:13:18:960</closed_date></polygon></object><object><name>restoration</name><deleted>0</deleted><verified>0</verified><occluded>no</occluded><attributes /><parts><hasparts /><ispartof>15</ispartof></parts><date>11-01-22 16:14:12:315</date><id>18</id><polygon><username>anonymous</username><pt><x>619</x><y>405</y><time>11-01-22 16:13:59:219</time></pt><pt><x>637</x><y>380</y><time>11-01-22 16:14:00:055</time></pt><pt><x>658</x><y>366</y><time>11-01-22 16:14:00:676</time></pt><pt><x>669</x><y>370</y><time>11-01-22 16:14:01:078</time></pt><pt><x>699</x><y>389</y><time>11-01-22 16:14:02:262</time></pt><pt><x>722</x><y>357</y><time>11-01-22 16:14:03:158</time></pt><pt><x>745</x><y>368</y><time>11-01-22 16:14:03:608</time></pt><pt><x>794</x><y>400</y><time>11-01-22 16:14:04:117</time></pt><pt><x>812</x><y>458</y><time>11-01-22 16:14:04:730</time></pt><pt><x>771</x><y>462</y><time>11-01-22 16:14:05:400</time></pt><pt><x>695</x><y>467</y><time>11-01-22 16:14:06:033</time></pt><pt><x>655</x><y>471</y><time>11-01-22 16:14:06:739</time></pt><pt><x>626</x><y>444</y><time>11-01-22 16:14:07:326</time></pt><pt><x>591</x><y>442</y><time>11-01-22 16:14:07:956</time></pt><closed_date>11-01-22 16:14:08:735</closed_date></polygon></object><object><name>restoration</name><deleted>0</deleted><verified>0</verified><occluded>no</occluded><attributes /><parts><hasparts /><ispartof>9</ispartof></parts><date>11-01-22 16:15:00:285</date><id>19</id><polygon><username>anonymous</username><pt><x>294</x><y>497</y><time>11-01-22 16:14:43:883</time></pt><pt><x>274</x><y>524</y><time>11-01-22 16:14:44:543</time></pt><pt><x>265</x><y>538</y><time>11-01-22 16:14:45:102</time></pt><pt><x>272</x><y>570</y><time>11-01-22 16:14:46:264</time></pt><pt><x>303</x><y>570</y><time>11-01-22 16:14:46:848</time></pt><pt><x>318</x><y>586</y><time>11-01-22 16:14:47:385</time></pt><pt><x>308</x><y>598</y><time>11-01-22 16:14:47:958</time></pt><pt><x>306</x><y>616</y><time>11-01-22 16:14:48:489</time></pt><pt><x>359</x><y>639</y><time>11-01-22 16:14:49:021</time></pt><pt><x>366</x><y>605</y><time>11-01-22 16:14:49:715</time></pt><pt><x>386</x><y>600</y><time>11-01-22 16:14:50:025</time></pt><pt><x>386</x><y>600</y><time>11-01-22 16:14:50:283</time></pt><pt><x>439</x><y>563</y><time>11-01-22 16:14:50:982</time></pt><pt><x>448</x><y>552</y><time>11-01-22 16:14:53:180</time></pt><pt><x>402</x><y>541</y><time>11-01-22 16:14:53:831</time></pt><pt><x>372</x><y>543</y><time>11-01-22 16:14:54:359</time></pt><pt><x>343</x><y>517</y><time>11-01-22 16:14:54:843</time></pt><pt><x>310</x><y>517</y><time>11-01-22 16:14:55:978</time></pt><closed_date>11-01-22 16:14:56:761</closed_date></polygon></object><object><name>restoration</name><deleted>0</deleted><verified>0</verified><occluded>no</occluded><attributes /><parts><hasparts /><ispartof>10</ispartof></parts><date>11-01-22 16:15:27:873</date><id>20</id><polygon><username>anonymous</username><pt><x>586</x><y>632</y><time>11-01-22 16:15:11:122</time></pt><pt><x>586</x><y>651</y><time>11-01-22 16:15:11:995</time></pt><pt><x>624</x><y>678</y><time>11-01-22 16:15:12:536</time></pt><pt><x>676</x><y>678</y><time>11-01-22 16:15:13:131</time></pt><pt><x>692</x><y>690</y><time>11-01-22 16:15:13:687</time></pt><pt><x>686</x><y>711</y><time>11-01-22 16:15:14:498</time></pt><pt><x>669</x><y>715</y><time>11-01-22 16:15:15:158</time></pt><pt><x>692</x><y>732</y><time>11-01-22 16:15:15:820</time></pt><pt><x>713</x><y>713</y><time>11-01-22 16:15:16:514</time></pt><pt><x>708</x><y>690</y><time>11-01-22 16:15:17:122</time></pt><pt><x>748</x><y>679</y><time>11-01-22 16:15:17:850</time></pt><pt><x>762</x><y>651</y><time>11-01-22 16:15:19:606</time></pt><pt><x>722</x><y>635</y><time>11-01-22 16:15:20:373</time></pt><pt><x>676</x><y>630</y><time>11-01-22 16:15:21:052</time></pt><pt><x>642</x><y>621</y><time>11-01-22 16:15:21:711</time></pt><pt><x>596</x><y>617</y><time>11-01-22 16:15:23:005</time></pt><closed_date>11-01-22 16:15:23:835</closed_date></polygon></object></annotation>