<annotation><filename>imagem-101.jpg</filename><folder>segmentation_xray</folder><source><sourceImage>The MIT-CSAIL database of objects and scenes</sourceImage><sourceAnnotation>LabelMe Webtool</sourceAnnotation></source><object><name>tooth</name><deleted>0</deleted><verified>0</verified><occluded>no</occluded><attributes>27</attributes><parts><hasparts>12</hasparts><ispartof /></parts><date>13-01-22 10:21:30:020</date><id>0</id><type>bounding_box</type><polygon><username>anonymous</username><pt><x>833</x><y>13</y><time>13-01-22 10:21:21:070</time></pt><pt><x>1262</x><y>13</y><time>13-01-22 10:21:24:268</time></pt><pt><x>1262</x><y>570</y><time>undefined</time></pt><pt><x>833</x><y>570</y><time>undefined</time></pt><closed_date>13-01-22 10:21:24:269</closed_date></polygon></object><object><name>tooth</name><deleted>0</deleted><verified>0</verified><occluded>no</occluded><attributes>25</attributes><parts><hasparts>14</hasparts><ispartof /></parts><date>13-01-22 10:21:38:632</date><id>1</id><type>bounding_box</type><polygon><username>anonymous</username><pt><x>421</x><y>20</y><time>13-01-22 10:21:31:555</time></pt><pt><x>125</x><y>20</y><time>13-01-22 10:21:34:718</time></pt><pt><x>125</x><y>603</y><time>undefined</time></pt><pt><x>421</x><y>603</y><time>undefined</time></pt><closed_date>13-01-22 10:21:34:719</closed_date></polygon></object><object><name>tooth</name><deleted>0</deleted><verified>0</verified><occluded>no</occluded><attributes>26</attributes><parts><hasparts>13</hasparts><ispartof /></parts><date>13-01-22 10:21:47:495</date><id>2</id><type>bounding_box</type><polygon><username>anonymous</username><pt><x>866</x><y>22</y><time>13-01-22 10:21:41:395</time></pt><pt><x>392</x><y>22</y><time>13-01-22 10:21:44:084</time></pt><pt><x>392</x><y>576</y><time>undefined</time></pt><pt><x>866</x><y>576</y><time>undefined</time></pt><closed_date>13-01-22 10:21:44:085</closed_date></polygon></object><object><name>tooth</name><deleted>0</deleted><verified>0</verified><occluded>no</occluded><attributes>24</attributes><parts><hasparts /><ispartof /></parts><date>13-01-22 10:21:55:125</date><id>3</id><type>bounding_box</type><polygon><username>anonymous</username><pt><x>15</x><y>616</y><time>13-01-22 10:21:48:823</time></pt><pt><x>131</x><y>616</y><time>13-01-22 10:21:50:415</time></pt><pt><x>131</x><y>57</y><time>undefined</time></pt><pt><x>15</x><y>57</y><time>undefined</time></pt><closed_date>13-01-22 10:21:50:416</closed_date></polygon></object><object><name>tooth</name><deleted>0</deleted><verified>0</verified><occluded>no</occluded><attributes>37</attributes><parts><hasparts>11</hasparts><ispartof /></parts><date>13-01-22 10:22:08:588</date><id>4</id><type>bounding_box</type><polygon><username>anonymous</username><pt><x>1506</x><y>1243</y><time>13-01-22 10:21:58:389</time></pt><pt><x>888</x><y>1243</y><time>13-01-22 10:22:02:837</time></pt><pt><x>888</x><y>611</y><time>undefined</time></pt><pt><x>1506</x><y>611</y><time>undefined</time></pt><closed_date>13-01-22 10:22:02:837</closed_date></polygon></object><object><name>tooth</name><deleted>0</deleted><verified>0</verified><occluded>no</occluded><attributes>36</attributes><parts><hasparts>10,8,9</hasparts><ispartof /></parts><date>13-01-22 10:22:17:608</date><id>5</id><type>bounding_box</type><polygon><username>anonymous</username><pt><x>364</x><y>675</y><time>13-01-22 10:22:11:042</time></pt><pt><x>953</x><y>675</y><time>13-01-22 10:22:13:636</time></pt><pt><x>953</x><y>1229</y><time>undefined</time></pt><pt><x>364</x><y>1229</y><time>undefined</time></pt><closed_date>13-01-22 10:22:13:636</closed_date></polygon></object><object><name>tooth</name><deleted>0</deleted><verified>0</verified><occluded>no</occluded><attributes>35</attributes><parts><hasparts /><ispartof /></parts><date>13-01-22 10:22:27:537</date><id>6</id><type>bounding_box</type><polygon><username>anonymous</username><pt><x>70</x><y>725</y><time>13-01-22 10:22:19:410</time></pt><pt><x>412</x><y>725</y><time>13-01-22 10:22:21:651</time></pt><pt><x>412</x><y>1236</y><time>undefined</time></pt><pt><x>70</x><y>1236</y><time>undefined</time></pt><closed_date>13-01-22 10:22:21:651</closed_date></polygon></object><object><name>tooth</name><deleted>0</deleted><verified>0</verified><occluded>no</occluded><attributes>34</attributes><parts><hasparts /><ispartof /></parts><date>13-01-22 10:22:37:022</date><id>7</id><type>bounding_box</type><polygon><username>anonymous</username><pt><x>22</x><y>763</y><time>13-01-22 10:22:28:826</time></pt><pt><x>116</x><y>763</y><time>13-01-22 10:22:31:490</time></pt><pt><x>116</x><y>1177</y><time>undefined</time></pt><pt><x>22</x><y>1177</y><time>undefined</time></pt><closed_date>13-01-22 10:22:31:491</closed_date></polygon></object><object><name>restoration</name><deleted>0</deleted><verified>0</verified><occluded>no</occluded><attributes /><parts><hasparts /><ispartof>5</ispartof></parts><date>13-01-22 10:22:57:855</date><id>8</id><polygon><username>anonymous</username><pt><x>438</x><y>953</y><time>13-01-22 10:22:40:804</time></pt><pt><x>436</x><y>907</y><time>13-01-22 10:22:41:486</time></pt><pt><x>432</x><y>885</y><time>13-01-22 10:22:41:946</time></pt><pt><x>458</x><y>872</y><time>13-01-22 10:22:42:433</time></pt><pt><x>495</x><y>874</y><time>13-01-22 10:22:42:878</time></pt><pt><x>524</x><y>901</y><time>13-01-22 10:22:43:765</time></pt><pt><x>563</x><y>914</y><time>13-01-22 10:22:44:196</time></pt><pt><x>712</x><y>883</y><time>13-01-22 10:22:44:789</time></pt><pt><x>747</x><y>905</y><time>13-01-22 10:22:45:421</time></pt><pt><x>846</x><y>927</y><time>13-01-22 10:22:45:947</time></pt><pt><x>866</x><y>888</y><time>13-01-22 10:22:46:548</time></pt><pt><x>872</x><y>831</y><time>13-01-22 10:22:47:048</time></pt><pt><x>879</x><y>767</y><time>13-01-22 10:22:47:535</time></pt><pt><x>890</x><y>725</y><time>13-01-22 10:22:47:932</time></pt><pt><x>872</x><y>703</y><time>13-01-22 10:22:48:386</time></pt><pt><x>791</x><y>688</y><time>13-01-22 10:22:49:072</time></pt><pt><x>725</x><y>688</y><time>13-01-22 10:22:49:615</time></pt><pt><x>686</x><y>688</y><time>13-01-22 10:22:49:948</time></pt><pt><x>629</x><y>693</y><time>13-01-22 10:22:50:303</time></pt><pt><x>585</x><y>703</y><time>13-01-22 10:22:50:606</time></pt><pt><x>535</x><y>712</y><time>13-01-22 10:22:50:918</time></pt><pt><x>476</x><y>723</y><time>13-01-22 10:22:51:329</time></pt><pt><x>441</x><y>732</y><time>13-01-22 10:22:51:668</time></pt><pt><x>425</x><y>745</y><time>13-01-22 10:22:52:012</time></pt><pt><x>388</x><y>771</y><time>13-01-22 10:22:52:532</time></pt><pt><x>388</x><y>833</y><time>13-01-22 10:22:53:165</time></pt><pt><x>425</x><y>909</y><time>13-01-22 10:22:53:674</time></pt><closed_date>13-01-22 10:22:54:478</closed_date></polygon></object><object><name>root canal treatment</name><deleted>0</deleted><verified>0</verified><occluded>no</occluded><attributes /><parts><hasparts /><ispartof>5</ispartof></parts><date>13-01-22 10:23:08:264</date><id>9</id><polygon><username>anonymous</username><pt><x>519</x><y>991</y><time>13-01-22 10:22:58:663</time></pt><pt><x>546</x><y>1225</y><time>13-01-22 10:23:00:150</time></pt><pt><x>605</x><y>1214</y><time>13-01-22 10:23:01:160</time></pt><pt><x>600</x><y>997</y><time>13-01-22 10:23:02:550</time></pt><closed_date>13-01-22 10:23:03:267</closed_date></polygon></object><object><name>root canal treatment</name><deleted>0</deleted><verified>0</verified><occluded>no</occluded><attributes /><parts><hasparts /><ispartof>5</ispartof></parts><date>13-01-22 10:23:16:404</date><id>10</id><polygon><username>anonymous</username><pt><x>710</x><y>995</y><time>13-01-22 10:23:09:437</time></pt><pt><x>771</x><y>977</y><time>13-01-22 10:23:09:936</time></pt><pt><x>877</x><y>1214</y><time>13-01-22 10:23:11:419</time></pt><pt><x>855</x><y>1227</y><time>13-01-22 10:23:12:026</time></pt><closed_date>13-01-22 10:23:13:120</closed_date></polygon></object><object><name>restoration</name><deleted>0</deleted><verified>0</verified><occluded>no</occluded><attributes /><parts><hasparts /><ispartof>4</ispartof></parts><date>13-01-22 10:23:33:313</date><id>11</id><polygon><username>anonymous</username><pt><x>971</x><y>811</y><time>13-01-22 10:23:19:053</time></pt><pt><x>982</x><y>785</y><time>13-01-22 10:23:19:582</time></pt><pt><x>1004</x><y>782</y><time>13-01-22 10:23:19:878</time></pt><pt><x>1041</x><y>774</y><time>13-01-22 10:23:20:194</time></pt><pt><x>1091</x><y>771</y><time>13-01-22 10:23:22:951</time></pt><pt><x>1142</x><y>756</y><time>13-01-22 10:23:23:609</time></pt><pt><x>1159</x><y>730</y><time>13-01-22 10:23:24:047</time></pt><pt><x>1238</x><y>730</y><time>13-01-22 10:23:25:062</time></pt><pt><x>1278</x><y>717</y><time>13-01-22 10:23:25:553</time></pt><pt><x>1302</x><y>677</y><time>13-01-22 10:23:25:992</time></pt><pt><x>1315</x><y>653</y><time>13-01-22 10:23:26:348</time></pt><pt><x>1286</x><y>638</y><time>13-01-22 10:23:26:959</time></pt><pt><x>1225</x><y>660</y><time>13-01-22 10:23:27:460</time></pt><pt><x>1151</x><y>688</y><time>13-01-22 10:23:27:945</time></pt><pt><x>1028</x><y>712</y><time>13-01-22 10:23:28:674</time></pt><pt><x>953</x><y>717</y><time>13-01-22 10:23:29:151</time></pt><pt><x>894</x><y>741</y><time>13-01-22 10:23:29:637</time></pt><pt><x>885</x><y>771</y><time>13-01-22 10:23:30:099</time></pt><pt><x>909</x><y>820</y><time>13-01-22 10:23:30:592</time></pt><closed_date>13-01-22 10:23:31:068</closed_date></polygon></object><object><name>restoration</name><deleted>0</deleted><verified>0</verified><occluded>no</occluded><attributes /><parts><hasparts /><ispartof>0</ispartof></parts><date>13-01-22 10:23:50:729</date><id>12</id><polygon><username>anonymous</username><pt><x>1197</x><y>338</y><time>13-01-22 10:23:35:157</time></pt><pt><x>1146</x><y>353</y><time>13-01-22 10:23:35:665</time></pt><pt><x>1135</x><y>368</y><time>13-01-22 10:23:36:029</time></pt><pt><x>1135</x><y>388</y><time>13-01-22 10:23:36:345</time></pt><pt><x>1137</x><y>405</y><time>13-01-22 10:23:36:635</time></pt><pt><x>1126</x><y>416</y><time>13-01-22 10:23:36:929</time></pt><pt><x>1096</x><y>416</y><time>13-01-22 10:23:37:227</time></pt><pt><x>1074</x><y>390</y><time>13-01-22 10:23:42:172</time></pt><pt><x>1028</x><y>397</y><time>13-01-22 10:23:42:667</time></pt><pt><x>1008</x><y>405</y><time>13-01-22 10:23:43:008</time></pt><pt><x>995</x><y>419</y><time>13-01-22 10:23:43:330</time></pt><pt><x>993</x><y>430</y><time>13-01-22 10:23:43:651</time></pt><pt><x>991</x><y>462</y><time>13-01-22 10:23:43:969</time></pt><pt><x>991</x><y>489</y><time>13-01-22 10:23:44:303</time></pt><pt><x>1041</x><y>484</y><time>13-01-22 10:23:44:807</time></pt><pt><x>1096</x><y>487</y><time>13-01-22 10:23:45:177</time></pt><pt><x>1153</x><y>469</y><time>13-01-22 10:23:45:469</time></pt><pt><x>1216</x><y>436</y><time>13-01-22 10:23:45:798</time></pt><pt><x>1240</x><y>412</y><time>13-01-22 10:23:46:091</time></pt><pt><x>1212</x><y>348</y><time>13-01-22 10:23:46:486</time></pt><closed_date>13-01-22 10:23:47:441</closed_date></polygon></object><object><name>restoration</name><deleted>0</deleted><verified>0</verified><occluded>no</occluded><attributes /><parts><hasparts /><ispartof>2</ispartof></parts><date>13-01-22 10:24:01:440</date><id>13</id><polygon><username>anonymous</username><pt><x>451</x><y>346</y><time>13-01-22 10:23:52:213</time></pt><pt><x>480</x><y>333</y><time>13-01-22 10:23:52:661</time></pt><pt><x>502</x><y>329</y><time>13-01-22 10:23:53:003</time></pt><pt><x>522</x><y>329</y><time>13-01-22 10:23:53:319</time></pt><pt><x>533</x><y>331</y><time>13-01-22 10:23:53:602</time></pt><pt><x>550</x><y>351</y><time>13-01-22 10:23:53:896</time></pt><pt><x>563</x><y>373</y><time>13-01-22 10:23:54:211</time></pt><pt><x>570</x><y>397</y><time>13-01-22 10:23:54:593</time></pt><pt><x>574</x><y>432</y><time>13-01-22 10:23:54:900</time></pt><pt><x>574</x><y>465</y><time>13-01-22 10:23:55:185</time></pt><pt><x>570</x><y>487</y><time>13-01-22 10:23:55:501</time></pt><pt><x>552</x><y>500</y><time>13-01-22 10:23:55:910</time></pt><pt><x>524</x><y>502</y><time>13-01-22 10:23:56:253</time></pt><pt><x>469</x><y>500</y><time>13-01-22 10:23:56:553</time></pt><pt><x>430</x><y>500</y><time>13-01-22 10:23:56:823</time></pt><pt><x>408</x><y>497</y><time>13-01-22 10:23:57:102</time></pt><pt><x>390</x><y>493</y><time>13-01-22 10:23:57:402</time></pt><pt><x>410</x><y>432</y><time>13-01-22 10:23:57:853</time></pt><pt><x>425</x><y>381</y><time>13-01-22 10:23:58:184</time></pt><closed_date>13-01-22 10:23:58:462</closed_date></polygon></object><object><name>restoration</name><deleted>0</deleted><verified>0</verified><occluded>no</occluded><attributes /><parts><hasparts /><ispartof>1</ispartof></parts><date>13-01-22 10:24:17:098</date><id>14</id><polygon><username>anonymous</username><pt><x>309</x><y>397</y><time>13-01-22 10:24:03:205</time></pt><pt><x>309</x><y>340</y><time>13-01-22 10:24:03:963</time></pt><pt><x>333</x><y>335</y><time>13-01-22 10:24:04:450</time></pt><pt><x>364</x><y>338</y><time>13-01-22 10:24:04:864</time></pt><pt><x>386</x><y>344</y><time>13-01-22 10:24:05:179</time></pt><pt><x>394</x><y>366</y><time>13-01-22 10:24:05:534</time></pt><pt><x>384</x><y>403</y><time>13-01-22 10:24:05:866</time></pt><pt><x>384</x><y>436</y><time>13-01-22 10:24:06:160</time></pt><pt><x>394</x><y>460</y><time>13-01-22 10:24:06:490</time></pt><pt><x>399</x><y>489</y><time>13-01-22 10:24:06:871</time></pt><pt><x>386</x><y>502</y><time>13-01-22 10:24:07:215</time></pt><pt><x>370</x><y>504</y><time>13-01-22 10:24:07:507</time></pt><pt><x>305</x><y>504</y><time>13-01-22 10:24:12:352</time></pt><pt><x>278</x><y>502</y><time>13-01-22 10:24:12:741</time></pt><pt><x>296</x><y>465</y><time>13-01-22 10:24:13:464</time></pt><pt><x>302</x><y>443</y><time>13-01-22 10:24:13:884</time></pt><pt><x>302</x><y>421</y><time>13-01-22 10:24:14:240</time></pt><closed_date>13-01-22 10:24:14:585</closed_date></polygon></object><imagesize><nrows /><ncols /></imagesize></annotation>