<annotation><filename>imagem-124.jpg</filename><folder>segmentation_xray</folder><source><sourceImage>The MIT-CSAIL database of objects and scenes</sourceImage><sourceAnnotation>LabelMe Webtool</sourceAnnotation></source><object><name>tooth</name><deleted>0</deleted><verified>0</verified><occluded>no</occluded><attributes>26</attributes><parts><hasparts>10</hasparts><ispartof /></parts><date>13-01-22 10:46:25:068</date><id>0</id><type>bounding_box</type><polygon><username>anonymous</username><pt><x>1135</x><y>7</y><time>13-01-22 10:43:41:465</time></pt><pt><x>1598</x><y>7</y><time>13-01-22 10:43:43:756</time></pt><pt><x>1598</x><y>391</y><time>undefined</time></pt><pt><x>1135</x><y>391</y><time>undefined</time></pt><closed_date>13-01-22 10:43:43:757</closed_date></polygon></object><object><name>tooth</name><deleted>0</deleted><verified>0</verified><occluded>no</occluded><attributes>25</attributes><parts><hasparts /><ispartof /></parts><date>13-01-22 10:46:33:111</date><id>1</id><type>bounding_box</type><polygon><username>anonymous</username><pt><x>863</x><y>22</y><time>13-01-22 10:46:27:292</time></pt><pt><x>1144</x><y>22</y><time>13-01-22 10:46:29:667</time></pt><pt><x>1144</x><y>437</y><time>undefined</time></pt><pt><x>863</x><y>437</y><time>undefined</time></pt><closed_date>13-01-22 10:46:29:667</closed_date></polygon></object><object><name>tooth</name><deleted>0</deleted><verified>0</verified><occluded>no</occluded><attributes>24</attributes><parts><hasparts>13</hasparts><ispartof /></parts><date>13-01-22 10:47:45:699</date><id>2</id><type>bounding_box</type><polygon><username>anonymous</username><pt><x>525</x><y>11</y><time>13-01-22 10:47:39:181</time></pt><pt><x>867</x><y>11</y><time>13-01-22 10:47:40:413</time></pt><pt><x>867</x><y>406</y><time>undefined</time></pt><pt><x>525</x><y>406</y><time>undefined</time></pt><closed_date>13-01-22 10:47:40:413</closed_date></polygon></object><object><name>tooth</name><deleted>0</deleted><verified>0</verified><occluded>no</occluded><attributes>23</attributes><parts><hasparts /><ispartof /></parts><date>13-01-22 10:47:54:415</date><id>3</id><type>bounding_box</type><polygon><username>anonymous</username><pt><x>228</x><y>15</y><time>13-01-22 10:47:47:034</time></pt><pt><x>525</x><y>15</y><time>13-01-22 10:47:48:482</time></pt><pt><x>525</x><y>457</y><time>undefined</time></pt><pt><x>228</x><y>457</y><time>undefined</time></pt><closed_date>13-01-22 10:47:48:483</closed_date></polygon></object><object><name>tooth</name><deleted>0</deleted><verified>0</verified><occluded>no</occluded><attributes>22</attributes><parts><hasparts>14</hasparts><ispartof /></parts><date>13-01-22 10:48:01:895</date><id>4</id><type>bounding_box</type><polygon><username>anonymous</username><pt><x>20</x><y>360</y><time>13-01-22 10:47:55:278</time></pt><pt><x>241</x><y>360</y><time>13-01-22 10:47:56:580</time></pt><pt><x>241</x><y>24</y><time>undefined</time></pt><pt><x>20</x><y>24</y><time>undefined</time></pt><closed_date>13-01-22 10:47:56:580</closed_date></polygon></object><object><name>tooth</name><deleted>0</deleted><verified>0</verified><occluded>no</occluded><attributes>37</attributes><parts><hasparts>11</hasparts><ispartof /></parts><date>13-01-22 10:48:14:363</date><id>5</id><type>bounding_box</type><polygon><username>anonymous</username><pt><x>1596</x><y>397</y><time>13-01-22 10:48:04:056</time></pt><pt><x>1267</x><y>397</y><time>13-01-22 10:48:07:993</time></pt><pt><x>1267</x><y>1043</y><time>undefined</time></pt><pt><x>1596</x><y>1043</y><time>undefined</time></pt><closed_date>13-01-22 10:48:07:993</closed_date></polygon></object><object><name>tooth</name><deleted>0</deleted><verified>0</verified><occluded>no</occluded><attributes>36</attributes><parts><hasparts>12</hasparts><ispartof /></parts><date>13-01-22 10:48:35:325</date><id>6</id><type>bounding_box</type><polygon><username>anonymous</username><pt><x>825</x><y>485</y><time>13-01-22 10:48:28:019</time></pt><pt><x>1495</x><y>485</y><time>13-01-22 10:48:30:198</time></pt><pt><x>1495</x><y>1209</y><time>undefined</time></pt><pt><x>825</x><y>1209</y><time>undefined</time></pt><closed_date>13-01-22 10:48:30:198</closed_date></polygon></object><object><name>tooth</name><deleted>0</deleted><verified>0</verified><occluded>no</occluded><attributes>35</attributes><parts><hasparts /><ispartof /></parts><date>13-01-22 10:48:43:921</date><id>7</id><type>bounding_box</type><polygon><username>anonymous</username><pt><x>520</x><y>509</y><time>13-01-22 10:48:36:921</time></pt><pt><x>823</x><y>509</y><time>13-01-22 10:48:39:862</time></pt><pt><x>823</x><y>1234</y><time>undefined</time></pt><pt><x>520</x><y>1234</y><time>undefined</time></pt><closed_date>13-01-22 10:48:39:862</closed_date></polygon></object><object><name>tooth</name><deleted>0</deleted><verified>0</verified><occluded>no</occluded><attributes>34</attributes><parts><hasparts /><ispartof /></parts><date>13-01-22 10:48:52:398</date><id>8</id><type>bounding_box</type><polygon><username>anonymous</username><pt><x>230</x><y>518</y><time>13-01-22 10:48:45:333</time></pt><pt><x>529</x><y>518</y><time>13-01-22 10:48:47:505</time></pt><pt><x>529</x><y>1231</y><time>undefined</time></pt><pt><x>230</x><y>1231</y><time>undefined</time></pt><closed_date>13-01-22 10:48:47:505</closed_date></polygon></object><object><name>tooth</name><deleted>0</deleted><verified>0</verified><occluded>no</occluded><attributes>33</attributes><parts><hasparts /><ispartof /></parts><date>13-01-22 10:49:17:074</date><id>9</id><type>bounding_box</type><polygon><username>anonymous</username><pt><x>13</x><y>500</y><time>13-01-22 10:49:10:799</time></pt><pt><x>270</x><y>500</y><time>13-01-22 10:49:12:549</time></pt><pt><x>270</x><y>1245</y><time>undefined</time></pt><pt><x>13</x><y>1245</y><time>undefined</time></pt><closed_date>13-01-22 10:49:12:549</closed_date></polygon></object><object><name>restoration</name><deleted>0</deleted><verified>0</verified><occluded>no</occluded><attributes /><parts><hasparts /><ispartof>0</ispartof></parts><date>13-01-22 10:49:35:330</date><id>10</id><polygon><username>anonymous</username><pt><x>1289</x><y>233</y><time>13-01-22 10:49:20:891</time></pt><pt><x>1284</x><y>266</y><time>13-01-22 10:49:21:413</time></pt><pt><x>1286</x><y>303</y><time>13-01-22 10:49:21:947</time></pt><pt><x>1302</x><y>329</y><time>13-01-22 10:49:22:856</time></pt><pt><x>1328</x><y>334</y><time>13-01-22 10:49:23:398</time></pt><pt><x>1368</x><y>334</y><time>13-01-22 10:49:24:151</time></pt><pt><x>1409</x><y>336</y><time>13-01-22 10:49:24:534</time></pt><pt><x>1429</x><y>349</y><time>13-01-22 10:49:24:863</time></pt><pt><x>1462</x><y>349</y><time>13-01-22 10:49:25:311</time></pt><pt><x>1488</x><y>349</y><time>13-01-22 10:49:25:608</time></pt><pt><x>1521</x><y>347</y><time>13-01-22 10:49:25:929</time></pt><pt><x>1537</x><y>334</y><time>13-01-22 10:49:26:215</time></pt><pt><x>1545</x><y>279</y><time>13-01-22 10:49:26:837</time></pt><pt><x>1537</x><y>259</y><time>13-01-22 10:49:27:206</time></pt><pt><x>1519</x><y>237</y><time>13-01-22 10:49:27:498</time></pt><pt><x>1488</x><y>233</y><time>13-01-22 10:49:27:783</time></pt><pt><x>1444</x><y>233</y><time>13-01-22 10:49:28:083</time></pt><pt><x>1416</x><y>252</y><time>13-01-22 10:49:28:327</time></pt><pt><x>1398</x><y>244</y><time>13-01-22 10:49:28:755</time></pt><pt><x>1409</x><y>235</y><time>13-01-22 10:49:29:840</time></pt><pt><x>1396</x><y>220</y><time>13-01-22 10:49:30:196</time></pt><pt><x>1383</x><y>215</y><time>13-01-22 10:49:30:547</time></pt><pt><x>1348</x><y>211</y><time>13-01-22 10:49:31:244</time></pt><pt><x>1330</x><y>215</y><time>13-01-22 10:49:31:543</time></pt><closed_date>13-01-22 10:49:31:843</closed_date></polygon></object><object><name>restoration</name><deleted>0</deleted><verified>0</verified><occluded>no</occluded><attributes /><parts><hasparts /><ispartof>5</ispartof></parts><date>13-01-22 10:49:48:016</date><id>11</id><polygon><username>anonymous</username><pt><x>1341</x><y>601</y><time>13-01-22 10:49:36:578</time></pt><pt><x>1365</x><y>643</y><time>13-01-22 10:49:37:581</time></pt><pt><x>1398</x><y>643</y><time>13-01-22 10:49:38:024</time></pt><pt><x>1433</x><y>639</y><time>13-01-22 10:49:38:429</time></pt><pt><x>1462</x><y>626</y><time>13-01-22 10:49:38:764</time></pt><pt><x>1497</x><y>604</y><time>13-01-22 10:49:39:126</time></pt><pt><x>1534</x><y>606</y><time>13-01-22 10:49:39:635</time></pt><pt><x>1569</x><y>615</y><time>13-01-22 10:49:40:042</time></pt><pt><x>1594</x><y>615</y><time>13-01-22 10:49:40:333</time></pt><pt><x>1594</x><y>496</y><time>13-01-22 10:49:41:331</time></pt><pt><x>1563</x><y>481</y><time>13-01-22 10:49:41:860</time></pt><pt><x>1499</x><y>468</y><time>13-01-22 10:49:42:451</time></pt><pt><x>1473</x><y>481</y><time>13-01-22 10:49:42:858</time></pt><pt><x>1433</x><y>514</y><time>13-01-22 10:49:43:316</time></pt><pt><x>1409</x><y>529</y><time>13-01-22 10:49:43:638</time></pt><pt><x>1357</x><y>549</y><time>13-01-22 10:49:44:118</time></pt><pt><x>1341</x><y>564</y><time>13-01-22 10:49:44:400</time></pt><pt><x>1332</x><y>582</y><time>13-01-22 10:49:44:649</time></pt><closed_date>13-01-22 10:49:44:870</closed_date></polygon></object><object><name>restoration</name><deleted>0</deleted><verified>0</verified><occluded>no</occluded><attributes /><parts><hasparts /><ispartof>6</ispartof></parts><date>13-01-22 10:50:06:460</date><id>12</id><polygon><username>anonymous</username><pt><x>902</x><y>637</y><time>13-01-22 10:49:49:428</time></pt><pt><x>918</x><y>678</y><time>13-01-22 10:49:49:968</time></pt><pt><x>926</x><y>698</y><time>13-01-22 10:49:53:713</time></pt><pt><x>961</x><y>707</y><time>13-01-22 10:49:54:243</time></pt><pt><x>983</x><y>735</y><time>13-01-22 10:49:54:871</time></pt><pt><x>1034</x><y>770</y><time>13-01-22 10:49:55:756</time></pt><pt><x>1078</x><y>770</y><time>13-01-22 10:49:56:257</time></pt><pt><x>1111</x><y>751</y><time>13-01-22 10:49:56:759</time></pt><pt><x>1135</x><y>713</y><time>13-01-22 10:49:57:297</time></pt><pt><x>1144</x><y>700</y><time>13-01-22 10:49:57:590</time></pt><pt><x>1179</x><y>680</y><time>13-01-22 10:49:57:979</time></pt><pt><x>1216</x><y>639</y><time>13-01-22 10:49:58:374</time></pt><pt><x>1225</x><y>617</y><time>13-01-22 10:49:58:677</time></pt><pt><x>1214</x><y>588</y><time>13-01-22 10:49:59:011</time></pt><pt><x>1185</x><y>562</y><time>13-01-22 10:49:59:445</time></pt><pt><x>1170</x><y>549</y><time>13-01-22 10:50:00:000</time></pt><pt><x>1141</x><y>549</y><time>13-01-22 10:50:00:440</time></pt><pt><x>1051</x><y>555</y><time>13-01-22 10:50:01:389</time></pt><pt><x>1012</x><y>564</y><time>13-01-22 10:50:01:964</time></pt><pt><x>990</x><y>575</y><time>13-01-22 10:50:02:333</time></pt><pt><x>946</x><y>608</y><time>13-01-22 10:50:02:912</time></pt><closed_date>13-01-22 10:50:03:351</closed_date></polygon></object><object><name>root canal treatment</name><deleted>0</deleted><verified>0</verified><occluded>no</occluded><attributes /><parts><hasparts /><ispartof>2</ispartof></parts><date>13-01-22 10:50:30:321</date><id>13</id><polygon><username>anonymous</username><pt><x>650</x><y>211</y><time>13-01-22 10:50:15:976</time></pt><pt><x>623</x><y>29</y><time>13-01-22 10:50:17:531</time></pt><pt><x>623</x><y>18</y><time>13-01-22 10:50:18:477</time></pt><pt><x>680</x><y>13</y><time>13-01-22 10:50:19:504</time></pt><pt><x>707</x><y>195</y><time>13-01-22 10:50:20:792</time></pt><pt><x>733</x><y>338</y><time>13-01-22 10:50:23:198</time></pt><pt><x>676</x><y>340</y><time>13-01-22 10:50:24:299</time></pt><closed_date>13-01-22 10:50:25:314</closed_date></polygon></object><object><name>dental implant</name><deleted>0</deleted><verified>0</verified><occluded>no</occluded><attributes /><parts><hasparts /><ispartof>4</ispartof></parts><date>13-01-22 10:51:31:481</date><id>14</id><polygon><username>anonymous</username><pt><x>37</x><y>345</y><time>13-01-22 10:51:15:629</time></pt><pt><x>123</x><y>360</y><time>13-01-22 10:51:16:879</time></pt><pt><x>154</x><y>340</y><time>13-01-22 10:51:17:784</time></pt><pt><x>182</x><y>272</y><time>13-01-22 10:51:18:662</time></pt><pt><x>189</x><y>248</y><time>13-01-22 10:51:19:424</time></pt><pt><x>213</x><y>235</y><time>13-01-22 10:51:20:218</time></pt><pt><x>198</x><y>173</y><time>13-01-22 10:51:21:131</time></pt><pt><x>213</x><y>33</y><time>13-01-22 10:51:22:462</time></pt><pt><x>165</x><y>33</y><time>13-01-22 10:51:23:431</time></pt><pt><x>125</x><y>50</y><time>13-01-22 10:51:24:226</time></pt><pt><x>77</x><y>108</y><time>13-01-22 10:51:25:118</time></pt><pt><x>37</x><y>156</y><time>13-01-22 10:51:25:885</time></pt><pt><x>26</x><y>213</y><time>13-01-22 10:51:26:672</time></pt><closed_date>13-01-22 10:51:28:246</closed_date></polygon></object><imagesize><nrows /><ncols /></imagesize></annotation>