<annotation><filename>imagem-048.jpg</filename><folder>segmentation_xray</folder><source><sourceImage>The MIT-CSAIL database of objects and scenes</sourceImage><sourceAnnotation>LabelMe Webtool</sourceAnnotation></source><object><name>tooth</name><deleted>0</deleted><verified>0</verified><occluded>no</occluded><attributes>38</attributes><parts><hasparts>12</hasparts><ispartof /></parts><date>07-12-21 20:33:39:913</date><id>0</id><type>bounding_box</type><polygon><username>anonymous</username><pt><x>1210</x><y>230</y><time>07-12-21 20:32:49:015</time></pt><pt><x>853</x><y>230</y><time>07-12-21 20:33:00:519</time></pt><pt><x>853</x><y>828</y><time>undefined</time></pt><pt><x>1210</x><y>828</y><time>undefined</time></pt><closed_date>07-12-21 20:33:00:520</closed_date></polygon></object><object><name>tooth</name><deleted>0</deleted><verified>0</verified><occluded>no</occluded><attributes>37</attributes><parts><hasparts>11</hasparts><ispartof /></parts><date>07-12-21 20:33:57:897</date><id>1</id><type>bounding_box</type><polygon><username>anonymous</username><pt><x>549</x><y>322</y><time>07-12-21 20:33:48:132</time></pt><pt><x>1134</x><y>322</y><time>07-12-21 20:33:52:595</time></pt><pt><x>1134</x><y>937</y><time>undefined</time></pt><pt><x>549</x><y>937</y><time>undefined</time></pt><closed_date>07-12-21 20:33:52:595</closed_date></polygon></object><object><name>tooth</name><deleted>0</deleted><verified>0</verified><occluded>no</occluded><attributes>36</attributes><parts><hasparts>16</hasparts><ispartof /></parts><date>07-12-21 20:34:11:715</date><id>2</id><type>bounding_box</type><polygon><username>anonymous</username><pt><x>220</x><y>422</y><time>07-12-21 20:34:00:574</time></pt><pt><x>651</x><y>422</y><time>07-12-21 20:34:06:117</time></pt><pt><x>651</x><y>943</y><time>undefined</time></pt><pt><x>220</x><y>943</y><time>undefined</time></pt><closed_date>07-12-21 20:34:06:117</closed_date></polygon></object><object><name>tooth</name><deleted>0</deleted><verified>0</verified><occluded>no</occluded><attributes>35</attributes><parts><hasparts>17,19</hasparts><ispartof /></parts><date>07-12-21 20:34:25:865</date><id>3</id><type>bounding_box</type><polygon><username>anonymous</username><pt><x>15</x><y>426</y><time>07-12-21 20:34:14:702</time></pt><pt><x>249</x><y>426</y><time>07-12-21 20:34:19:986</time></pt><pt><x>249</x><y>947</y><time>undefined</time></pt><pt><x>15</x><y>947</y><time>undefined</time></pt><closed_date>07-12-21 20:34:19:986</closed_date></polygon></object><object><name>tooth</name><deleted>0</deleted><verified>0</verified><occluded>no</occluded><attributes>24</attributes><parts><hasparts>15</hasparts><ispartof /></parts><date>07-12-21 20:35:42:279</date><id>4</id><type>bounding_box</type><polygon><username>anonymous</username><pt><x>160</x><y>356</y><time>07-12-21 20:35:19:278</time></pt><pt><x>2</x><y>356</y><time>07-12-21 20:35:25:530</time></pt><pt><x>2</x><y>17</y><time>undefined</time></pt><pt><x>160</x><y>17</y><time>undefined</time></pt><closed_date>07-12-21 20:35:25:531</closed_date></polygon></object><imagesize><nrows /><ncols /></imagesize><object><name>tooth</name><deleted>0</deleted><verified>0</verified><occluded>no</occluded><attributes>25</attributes><parts><hasparts>14,18</hasparts><ispartof /></parts><date>07-12-21 20:36:06:813</date><id>5</id><type>bounding_box</type><polygon><username>anonymous</username><pt><x>381</x><y>349</y><time>07-12-21 20:35:57:502</time></pt><pt><x>167</x><y>349</y><time>07-12-21 20:36:01:123</time></pt><pt><x>167</x><y>12</y><time>undefined</time></pt><pt><x>381</x><y>12</y><time>undefined</time></pt><closed_date>07-12-21 20:36:01:124</closed_date></polygon></object><object><name>tooth</name><deleted>0</deleted><verified>0</verified><occluded>no</occluded><attributes>26</attributes><parts><hasparts>13</hasparts><ispartof /></parts><date>07-12-21 20:36:22:784</date><id>6</id><type>bounding_box</type><polygon><username>anonymous</username><pt><x>678</x><y>2</y><time>07-12-21 20:36:12:083</time></pt><pt><x>372</x><y>2</y><time>07-12-21 20:36:16:364</time></pt><pt><x>372</x><y>361</y><time>undefined</time></pt><pt><x>678</x><y>361</y><time>undefined</time></pt><closed_date>07-12-21 20:36:16:364</closed_date></polygon></object><object><name>tooth</name><deleted>0</deleted><verified>0</verified><occluded>no</occluded><attributes>27</attributes><parts><hasparts>10</hasparts><ispartof /></parts><date>07-12-21 20:36:35:884</date><id>7</id><type>bounding_box</type><polygon><username>anonymous</username><pt><x>990</x><y>7</y><time>07-12-21 20:36:26:007</time></pt><pt><x>668</x><y>7</y><time>07-12-21 20:36:29:707</time></pt><pt><x>668</x><y>299</y><time>undefined</time></pt><pt><x>990</x><y>299</y><time>undefined</time></pt><closed_date>07-12-21 20:36:29:708</closed_date></polygon></object><object><name>tooth</name><deleted>0</deleted><verified>0</verified><occluded>no</occluded><attributes>28</attributes><parts><hasparts>9</hasparts><ispartof /></parts><date>07-12-21 20:37:15:388</date><id>8</id><type>bounding_box</type><polygon><username>anonymous</username><pt><x>1212</x><y>12</y><time>07-12-21 20:37:01:613</time></pt><pt><x>962</x><y>12</y><time>07-12-21 20:37:08:628</time></pt><pt><x>962</x><y>249</y><time>undefined</time></pt><pt><x>1212</x><y>249</y><time>undefined</time></pt><closed_date>07-12-21 20:37:08:628</closed_date></polygon></object><object><name>restoration</name><deleted>0</deleted><verified>0</verified><occluded>no</occluded><attributes /><parts><hasparts /><ispartof>8</ispartof></parts><date>07-12-21 20:39:05:576</date><id>9</id><polygon><username>anonymous</username><pt><x>1119</x><y>182</y><time>07-12-21 20:38:41:459</time></pt><pt><x>1119</x><y>219</y><time>07-12-21 20:38:42:433</time></pt><pt><x>1150</x><y>207</y><time>07-12-21 20:38:43:804</time></pt><pt><x>1162</x><y>210</y><time>07-12-21 20:38:46:027</time></pt><pt><x>1205</x><y>164</y><time>07-12-21 20:38:47:755</time></pt><pt><x>1204</x><y>150</y><time>07-12-21 20:38:48:450</time></pt><pt><x>1194</x><y>140</y><time>07-12-21 20:38:48:986</time></pt><pt><x>1189</x><y>134</y><time>07-12-21 20:38:49:469</time></pt><pt><x>1194</x><y>114</y><time>07-12-21 20:38:50:173</time></pt><pt><x>1164</x><y>78</y><time>07-12-21 20:38:51:627</time></pt><pt><x>1155</x><y>72</y><time>07-12-21 20:38:52:831</time></pt><pt><x>1132</x><y>75</y><time>07-12-21 20:38:53:987</time></pt><pt><x>1117</x><y>75</y><time>07-12-21 20:38:54:506</time></pt><pt><x>1102</x><y>85</y><time>07-12-21 20:38:54:979</time></pt><pt><x>1087</x><y>97</y><time>07-12-21 20:38:55:422</time></pt><pt><x>1070</x><y>107</y><time>07-12-21 20:38:55:897</time></pt><pt><x>1057</x><y>114</y><time>07-12-21 20:38:56:401</time></pt><pt><x>1049</x><y>130</y><time>07-12-21 20:38:57:027</time></pt><pt><x>1043</x><y>145</y><time>07-12-21 20:38:57:499</time></pt><pt><x>1054</x><y>170</y><time>07-12-21 20:38:58:369</time></pt><pt><x>1060</x><y>187</y><time>07-12-21 20:38:59:017</time></pt><pt><x>1060</x><y>197</y><time>07-12-21 20:38:59:500</time></pt><pt><x>1077</x><y>205</y><time>07-12-21 20:39:00:096</time></pt><pt><x>1090</x><y>204</y><time>07-12-21 20:39:00:703</time></pt><pt><x>1110</x><y>194</y><time>07-12-21 20:39:01:344</time></pt><closed_date>07-12-21 20:39:01:915</closed_date></polygon></object><object><name>restoration</name><deleted>0</deleted><verified>0</verified><occluded>no</occluded><attributes /><parts><hasparts /><ispartof>7</ispartof></parts><date>07-12-21 20:40:02:703</date><id>10</id><polygon><username>anonymous</username><pt><x>693</x><y>87</y><time>07-12-21 20:39:09:830</time></pt><pt><x>733</x><y>124</y><time>07-12-21 20:39:11:891</time></pt><pt><x>768</x><y>132</y><time>07-12-21 20:39:13:047</time></pt><pt><x>781</x><y>170</y><time>07-12-21 20:39:14:572</time></pt><pt><x>818</x><y>157</y><time>07-12-21 20:39:15:506</time></pt><pt><x>833</x><y>150</y><time>07-12-21 20:39:16:276</time></pt><pt><x>841</x><y>149</y><time>07-12-21 20:39:17:385</time></pt><pt><x>850</x><y>125</y><time>07-12-21 20:39:18:931</time></pt><pt><x>863</x><y>120</y><time>07-12-21 20:39:19:969</time></pt><pt><x>862</x><y>93</y><time>07-12-21 20:39:20:757</time></pt><pt><x>863</x><y>65</y><time>07-12-21 20:39:21:995</time></pt><pt><x>872</x><y>60</y><time>07-12-21 20:39:23:224</time></pt><pt><x>873</x><y>28</y><time>07-12-21 20:39:24:009</time></pt><pt><x>885</x><y>23</y><time>07-12-21 20:39:26:593</time></pt><pt><x>895</x><y>18</y><time>07-12-21 20:39:27:368</time></pt><pt><x>898</x><y>2</y><time>07-12-21 20:39:28:336</time></pt><pt><x>925</x><y>3</y><time>07-12-21 20:39:30:153</time></pt><pt><x>940</x><y>28</y><time>07-12-21 20:39:31:400</time></pt><pt><x>953</x><y>45</y><time>07-12-21 20:39:32:334</time></pt><pt><x>977</x><y>102</y><time>07-12-21 20:39:33:595</time></pt><pt><x>990</x><y>135</y><time>07-12-21 20:39:34:408</time></pt><pt><x>998</x><y>154</y><time>07-12-21 20:39:35:066</time></pt><pt><x>992</x><y>172</y><time>07-12-21 20:39:35:650</time></pt><pt><x>978</x><y>180</y><time>07-12-21 20:39:43:252</time></pt><pt><x>970</x><y>200</y><time>07-12-21 20:39:44:541</time></pt><pt><x>957</x><y>217</y><time>07-12-21 20:39:45:221</time></pt><pt><x>940</x><y>229</y><time>07-12-21 20:39:45:876</time></pt><pt><x>922</x><y>247</y><time>07-12-21 20:39:46:477</time></pt><pt><x>907</x><y>260</y><time>07-12-21 20:39:47:081</time></pt><pt><x>892</x><y>264</y><time>07-12-21 20:39:47:743</time></pt><pt><x>882</x><y>255</y><time>07-12-21 20:39:48:397</time></pt><pt><x>873</x><y>252</y><time>07-12-21 20:39:48:949</time></pt><pt><x>862</x><y>252</y><time>07-12-21 20:39:49:420</time></pt><pt><x>851</x><y>250</y><time>07-12-21 20:39:49:904</time></pt><pt><x>841</x><y>244</y><time>07-12-21 20:39:50:327</time></pt><pt><x>831</x><y>252</y><time>07-12-21 20:39:50:879</time></pt><pt><x>815</x><y>260</y><time>07-12-21 20:39:51:372</time></pt><pt><x>793</x><y>262</y><time>07-12-21 20:39:51:789</time></pt><pt><x>775</x><y>270</y><time>07-12-21 20:39:52:147</time></pt><pt><x>753</x><y>274</y><time>07-12-21 20:39:52:565</time></pt><pt><x>741</x><y>277</y><time>07-12-21 20:39:52:987</time></pt><pt><x>728</x><y>277</y><time>07-12-21 20:39:53:433</time></pt><pt><x>676</x><y>252</y><time>07-12-21 20:39:54:277</time></pt><pt><x>676</x><y>227</y><time>07-12-21 20:39:55:108</time></pt><pt><x>678</x><y>200</y><time>07-12-21 20:39:55:621</time></pt><pt><x>681</x><y>185</y><time>07-12-21 20:39:56:139</time></pt><pt><x>680</x><y>167</y><time>07-12-21 20:39:56:563</time></pt><pt><x>680</x><y>157</y><time>07-12-21 20:39:57:134</time></pt><pt><x>676</x><y>145</y><time>07-12-21 20:39:57:530</time></pt><pt><x>675</x><y>132</y><time>07-12-21 20:39:57:906</time></pt><pt><x>675</x><y>107</y><time>07-12-21 20:39:58:408</time></pt><closed_date>07-12-21 20:39:59:069</closed_date></polygon></object><object><name>restoration</name><deleted>0</deleted><verified>0</verified><occluded>no</occluded><attributes /><parts><hasparts /><ispartof>1</ispartof></parts><date>13-12-21 20:34:29:221</date><id>11</id><polygon><username>anonymous</username><pt><x>591</x><y>609</y><time>13-12-21 20:34:07:250</time></pt><pt><x>616</x><y>594</y><time>13-12-21 20:34:07:817</time></pt><pt><x>644</x><y>593</y><time>13-12-21 20:34:08:433</time></pt><pt><x>659</x><y>589</y><time>13-12-21 20:34:08:745</time></pt><pt><x>668</x><y>581</y><time>13-12-21 20:34:08:992</time></pt><pt><x>673</x><y>558</y><time>13-12-21 20:34:09:273</time></pt><pt><x>673</x><y>538</y><time>13-12-21 20:34:09:544</time></pt><pt><x>685</x><y>506</y><time>13-12-21 20:34:15:840</time></pt><pt><x>691</x><y>493</y><time>13-12-21 20:34:16:385</time></pt><pt><x>718</x><y>478</y><time>13-12-21 20:34:16:761</time></pt><pt><x>738</x><y>467</y><time>13-12-21 20:34:17:072</time></pt><pt><x>760</x><y>452</y><time>13-12-21 20:34:17:377</time></pt><pt><x>771</x><y>439</y><time>13-12-21 20:34:17:657</time></pt><pt><x>790</x><y>439</y><time>13-12-21 20:34:17:953</time></pt><pt><x>805</x><y>434</y><time>13-12-21 20:34:18:208</time></pt><pt><x>803</x><y>409</y><time>13-12-21 20:34:18:536</time></pt><pt><x>790</x><y>392</y><time>13-12-21 20:34:18:865</time></pt><pt><x>766</x><y>392</y><time>13-12-21 20:34:19:169</time></pt><pt><x>728</x><y>392</y><time>13-12-21 20:34:19:441</time></pt><pt><x>716</x><y>409</y><time>13-12-21 20:34:19:769</time></pt><pt><x>706</x><y>427</y><time>13-12-21 20:34:20:065</time></pt><pt><x>688</x><y>444</y><time>13-12-21 20:34:20:345</time></pt><pt><x>671</x><y>446</y><time>13-12-21 20:34:20:624</time></pt><pt><x>664</x><y>459</y><time>13-12-21 20:34:21:545</time></pt><pt><x>646</x><y>456</y><time>13-12-21 20:34:21:904</time></pt><pt><x>631</x><y>457</y><time>13-12-21 20:34:22:217</time></pt><pt><x>614</x><y>478</y><time>13-12-21 20:34:22:553</time></pt><pt><x>594</x><y>486</y><time>13-12-21 20:34:22:824</time></pt><pt><x>588</x><y>489</y><time>13-12-21 20:34:23:089</time></pt><pt><x>579</x><y>486</y><time>13-12-21 20:34:23:513</time></pt><pt><x>564</x><y>501</y><time>13-12-21 20:34:23:857</time></pt><pt><x>566</x><y>524</y><time>13-12-21 20:34:24:131</time></pt><closed_date>13-12-21 20:34:25:001</closed_date></polygon></object><object><name>restoration</name><deleted>0</deleted><verified>0</verified><occluded>no</occluded><attributes /><parts><hasparts /><ispartof>0</ispartof></parts><date>13-12-21 20:34:44:054</date><id>12</id><polygon><username>anonymous</username><pt><x>878</x><y>396</y><time>13-12-21 20:34:32:130</time></pt><pt><x>915</x><y>409</y><time>13-12-21 20:34:32:625</time></pt><pt><x>957</x><y>409</y><time>13-12-21 20:34:32:985</time></pt><pt><x>973</x><y>409</y><time>13-12-21 20:34:33:313</time></pt><pt><x>992</x><y>404</y><time>13-12-21 20:34:33:585</time></pt><pt><x>1012</x><y>407</y><time>13-12-21 20:34:33:864</time></pt><pt><x>1025</x><y>397</y><time>13-12-21 20:34:34:144</time></pt><pt><x>1043</x><y>377</y><time>13-12-21 20:34:34:569</time></pt><pt><x>1055</x><y>364</y><time>13-12-21 20:34:34:865</time></pt><pt><x>1080</x><y>364</y><time>13-12-21 20:34:35:137</time></pt><pt><x>1100</x><y>351</y><time>13-12-21 20:34:35:465</time></pt><pt><x>1109</x><y>334</y><time>13-12-21 20:34:35:801</time></pt><pt><x>1110</x><y>312</y><time>13-12-21 20:34:36:122</time></pt><pt><x>1105</x><y>304</y><time>13-12-21 20:34:36:474</time></pt><pt><x>1084</x><y>312</y><time>13-12-21 20:34:36:787</time></pt><pt><x>1065</x><y>332</y><time>13-12-21 20:34:37:154</time></pt><pt><x>1028</x><y>347</y><time>13-12-21 20:34:37:457</time></pt><pt><x>987</x><y>372</y><time>13-12-21 20:34:37:914</time></pt><pt><x>952</x><y>372</y><time>13-12-21 20:34:38:434</time></pt><pt><x>927</x><y>371</y><time>13-12-21 20:34:38:874</time></pt><pt><x>915</x><y>367</y><time>13-12-21 20:34:39:330</time></pt><pt><x>888</x><y>382</y><time>13-12-21 20:34:39:674</time></pt><closed_date>13-12-21 20:34:39:937</closed_date></polygon></object><object><name>restoration</name><deleted>0</deleted><verified>0</verified><occluded>no</occluded><attributes /><parts><hasparts /><ispartof>6</ispartof></parts><date>13-12-21 20:35:15:167</date><id>13</id><polygon><username>anonymous</username><pt><x>653</x><y>88</y><time>13-12-21 20:34:51:908</time></pt><pt><x>636</x><y>102</y><time>13-12-21 20:34:52:642</time></pt><pt><x>634</x><y>132</y><time>13-12-21 20:34:53:114</time></pt><pt><x>634</x><y>160</y><time>13-12-21 20:34:53:490</time></pt><pt><x>634</x><y>180</y><time>13-12-21 20:34:53:850</time></pt><pt><x>623</x><y>194</y><time>13-12-21 20:34:54:154</time></pt><pt><x>613</x><y>210</y><time>13-12-21 20:34:54:666</time></pt><pt><x>589</x><y>220</y><time>13-12-21 20:34:55:170</time></pt><pt><x>554</x><y>219</y><time>13-12-21 20:34:55:594</time></pt><pt><x>526</x><y>214</y><time>13-12-21 20:34:55:914</time></pt><pt><x>476</x><y>234</y><time>13-12-21 20:34:56:762</time></pt><pt><x>456</x><y>232</y><time>13-12-21 20:34:57:226</time></pt><pt><x>449</x><y>202</y><time>13-12-21 20:34:57:979</time></pt><pt><x>439</x><y>192</y><time>13-12-21 20:34:58:394</time></pt><pt><x>427</x><y>185</y><time>13-12-21 20:34:58:802</time></pt><pt><x>416</x><y>182</y><time>13-12-21 20:34:59:130</time></pt><pt><x>387</x><y>190</y><time>13-12-21 20:35:00:690</time></pt><pt><x>384</x><y>205</y><time>13-12-21 20:35:01:098</time></pt><pt><x>384</x><y>274</y><time>13-12-21 20:35:02:746</time></pt><pt><x>427</x><y>316</y><time>13-12-21 20:35:03:570</time></pt><pt><x>461</x><y>341</y><time>13-12-21 20:35:04:354</time></pt><pt><x>479</x><y>347</y><time>13-12-21 20:35:05:994</time></pt><pt><x>531</x><y>319</y><time>13-12-21 20:35:06:714</time></pt><pt><x>549</x><y>316</y><time>13-12-21 20:35:07:651</time></pt><pt><x>571</x><y>331</y><time>13-12-21 20:35:08:194</time></pt><pt><x>608</x><y>334</y><time>13-12-21 20:35:08:474</time></pt><pt><x>621</x><y>336</y><time>13-12-21 20:35:08:777</time></pt><pt><x>644</x><y>327</y><time>13-12-21 20:35:09:026</time></pt><pt><x>659</x><y>301</y><time>13-12-21 20:35:09:338</time></pt><pt><x>675</x><y>274</y><time>13-12-21 20:35:09:682</time></pt><pt><x>685</x><y>235</y><time>13-12-21 20:35:10:026</time></pt><pt><x>676</x><y>120</y><time>13-12-21 20:35:10:834</time></pt><pt><x>670</x><y>93</y><time>13-12-21 20:35:11:339</time></pt><closed_date>13-12-21 20:35:11:658</closed_date></polygon></object><object><name>restoration</name><deleted>0</deleted><verified>0</verified><occluded>no</occluded><attributes /><parts><hasparts /><ispartof>5</ispartof></parts><date>13-12-21 20:35:31:446</date><id>14</id><polygon><username>anonymous</username><pt><x>175</x><y>202</y><time>13-12-21 20:35:17:679</time></pt><pt><x>197</x><y>190</y><time>13-12-21 20:35:18:105</time></pt><pt><x>209</x><y>189</y><time>13-12-21 20:35:18:467</time></pt><pt><x>219</x><y>189</y><time>13-12-21 20:35:18:786</time></pt><pt><x>227</x><y>194</y><time>13-12-21 20:35:19:186</time></pt><pt><x>240</x><y>192</y><time>13-12-21 20:35:19:522</time></pt><pt><x>257</x><y>189</y><time>13-12-21 20:35:20:578</time></pt><pt><x>280</x><y>190</y><time>13-12-21 20:35:20:882</time></pt><pt><x>302</x><y>194</y><time>13-12-21 20:35:21:117</time></pt><pt><x>322</x><y>189</y><time>13-12-21 20:35:21:482</time></pt><pt><x>341</x><y>187</y><time>13-12-21 20:35:21:762</time></pt><pt><x>344</x><y>187</y><time>13-12-21 20:35:22:018</time></pt><pt><x>361</x><y>192</y><time>13-12-21 20:35:22:514</time></pt><pt><x>374</x><y>204</y><time>13-12-21 20:35:22:930</time></pt><pt><x>374</x><y>230</y><time>13-12-21 20:35:23:210</time></pt><pt><x>369</x><y>265</y><time>13-12-21 20:35:23:522</time></pt><pt><x>359</x><y>280</y><time>13-12-21 20:35:23:858</time></pt><pt><x>326</x><y>296</y><time>13-12-21 20:35:24:386</time></pt><pt><x>316</x><y>307</y><time>13-12-21 20:35:24:786</time></pt><pt><x>289</x><y>311</y><time>13-12-21 20:35:25:146</time></pt><pt><x>249</x><y>311</y><time>13-12-21 20:35:25:509</time></pt><pt><x>224</x><y>311</y><time>13-12-21 20:35:25:874</time></pt><pt><x>199</x><y>307</y><time>13-12-21 20:35:26:218</time></pt><pt><x>184</x><y>294</y><time>13-12-21 20:35:26:554</time></pt><pt><x>170</x><y>275</y><time>13-12-21 20:35:26:858</time></pt><pt><x>167</x><y>257</y><time>13-12-21 20:35:27:146</time></pt><closed_date>13-12-21 20:35:27:485</closed_date></polygon></object><object><name>restoration</name><deleted>0</deleted><verified>0</verified><occluded>no</occluded><attributes /><parts><hasparts /><ispartof>4</ispartof></parts><date>13-12-21 20:35:43:562</date><id>15</id><polygon><username>anonymous</username><pt><x>18</x><y>162</y><time>13-12-21 20:35:32:388</time></pt><pt><x>47</x><y>157</y><time>13-12-21 20:35:32:770</time></pt><pt><x>82</x><y>159</y><time>13-12-21 20:35:33:069</time></pt><pt><x>83</x><y>172</y><time>13-12-21 20:35:33:370</time></pt><pt><x>105</x><y>165</y><time>13-12-21 20:35:33:765</time></pt><pt><x>119</x><y>157</y><time>13-12-21 20:35:34:082</time></pt><pt><x>132</x><y>177</y><time>13-12-21 20:35:34:605</time></pt><pt><x>147</x><y>190</y><time>13-12-21 20:35:34:914</time></pt><pt><x>162</x><y>215</y><time>13-12-21 20:35:35:331</time></pt><pt><x>165</x><y>247</y><time>13-12-21 20:35:35:643</time></pt><pt><x>154</x><y>280</y><time>13-12-21 20:35:36:006</time></pt><pt><x>137</x><y>292</y><time>13-12-21 20:35:36:327</time></pt><pt><x>99</x><y>299</y><time>13-12-21 20:35:36:718</time></pt><pt><x>43</x><y>307</y><time>13-12-21 20:35:37:446</time></pt><pt><x>23</x><y>319</y><time>13-12-21 20:35:38:190</time></pt><pt><x>12</x><y>299</y><time>13-12-21 20:35:38:630</time></pt><pt><x>10</x><y>269</y><time>13-12-21 20:35:38:982</time></pt><closed_date>13-12-21 20:35:39:918</closed_date></polygon></object><object><name>restoration</name><deleted>0</deleted><verified>0</verified><occluded>no</occluded><attributes /><parts><hasparts /><ispartof>2</ispartof></parts><date>13-12-21 20:36:00:130</date><id>16</id><polygon><username>anonymous</username><pt><x>539</x><y>539</y><time>13-12-21 20:35:45:959</time></pt><pt><x>501</x><y>533</y><time>13-12-21 20:35:46:750</time></pt><pt><x>466</x><y>541</y><time>13-12-21 20:35:47:118</time></pt><pt><x>449</x><y>549</y><time>13-12-21 20:35:47:454</time></pt><pt><x>417</x><y>551</y><time>13-12-21 20:35:47:846</time></pt><pt><x>407</x><y>546</y><time>13-12-21 20:35:48:254</time></pt><pt><x>374</x><y>541</y><time>13-12-21 20:35:48:598</time></pt><pt><x>356</x><y>538</y><time>13-12-21 20:35:49:094</time></pt><pt><x>326</x><y>544</y><time>13-12-21 20:35:49:454</time></pt><pt><x>316</x><y>553</y><time>13-12-21 20:35:49:742</time></pt><pt><x>280</x><y>561</y><time>13-12-21 20:35:50:013</time></pt><pt><x>259</x><y>564</y><time>13-12-21 20:35:50:294</time></pt><pt><x>247</x><y>563</y><time>13-12-21 20:35:50:646</time></pt><pt><x>237</x><y>536</y><time>13-12-21 20:35:51:014</time></pt><pt><x>237</x><y>503</y><time>13-12-21 20:35:51:366</time></pt><pt><x>252</x><y>476</y><time>13-12-21 20:35:51:734</time></pt><pt><x>274</x><y>469</y><time>13-12-21 20:35:52:222</time></pt><pt><x>299</x><y>464</y><time>13-12-21 20:35:52:511</time></pt><pt><x>327</x><y>467</y><time>13-12-21 20:35:52:783</time></pt><pt><x>357</x><y>467</y><time>13-12-21 20:35:53:070</time></pt><pt><x>381</x><y>469</y><time>13-12-21 20:35:53:381</time></pt><pt><x>391</x><y>494</y><time>13-12-21 20:35:53:678</time></pt><pt><x>422</x><y>499</y><time>13-12-21 20:35:54:102</time></pt><pt><x>451</x><y>491</y><time>13-12-21 20:35:54:461</time></pt><pt><x>474</x><y>474</y><time>13-12-21 20:35:54:894</time></pt><pt><x>501</x><y>467</y><time>13-12-21 20:35:55:190</time></pt><pt><x>536</x><y>462</y><time>13-12-21 20:35:55:512</time></pt><pt><x>558</x><y>484</y><time>13-12-21 20:35:55:838</time></pt><pt><x>569</x><y>498</y><time>13-12-21 20:35:56:190</time></pt><pt><x>559</x><y>524</y><time>13-12-21 20:35:56:510</time></pt><closed_date>13-12-21 20:35:56:766</closed_date></polygon></object><object><name>restoration</name><deleted>0</deleted><verified>0</verified><occluded>no</occluded><attributes /><parts><hasparts /><ispartof>3</ispartof></parts><date>13-12-21 20:36:14:299</date><id>17</id><polygon><username>anonymous</username><pt><x>42</x><y>641</y><time>13-12-21 20:36:01:528</time></pt><pt><x>67</x><y>649</y><time>13-12-21 20:36:01:861</time></pt><pt><x>88</x><y>666</y><time>13-12-21 20:36:02:286</time></pt><pt><x>115</x><y>673</y><time>13-12-21 20:36:02:574</time></pt><pt><x>132</x><y>666</y><time>13-12-21 20:36:02:838</time></pt><pt><x>149</x><y>656</y><time>13-12-21 20:36:03:118</time></pt><pt><x>150</x><y>648</y><time>13-12-21 20:36:03:414</time></pt><pt><x>152</x><y>641</y><time>13-12-21 20:36:03:742</time></pt><pt><x>185</x><y>646</y><time>13-12-21 20:36:04:078</time></pt><pt><x>214</x><y>634</y><time>13-12-21 20:36:04:406</time></pt><pt><x>222</x><y>614</y><time>13-12-21 20:36:04:686</time></pt><pt><x>230</x><y>598</y><time>13-12-21 20:36:04:982</time></pt><pt><x>242</x><y>586</y><time>13-12-21 20:36:05:286</time></pt><pt><x>244</x><y>563</y><time>13-12-21 20:36:05:614</time></pt><pt><x>239</x><y>528</y><time>13-12-21 20:36:05:950</time></pt><pt><x>232</x><y>511</y><time>13-12-21 20:36:06:318</time></pt><pt><x>197</x><y>508</y><time>13-12-21 20:36:06:661</time></pt><pt><x>154</x><y>501</y><time>13-12-21 20:36:06:998</time></pt><pt><x>102</x><y>499</y><time>13-12-21 20:36:07:318</time></pt><pt><x>53</x><y>499</y><time>13-12-21 20:36:07:646</time></pt><pt><x>27</x><y>501</y><time>13-12-21 20:36:07:974</time></pt><pt><x>18</x><y>506</y><time>13-12-21 20:36:08:894</time></pt><pt><x>15</x><y>534</y><time>13-12-21 20:36:09:206</time></pt><pt><x>32</x><y>581</y><time>13-12-21 20:36:09:514</time></pt><pt><x>38</x><y>619</y><time>13-12-21 20:36:09:918</time></pt><closed_date>13-12-21 20:36:10:246</closed_date></polygon></object><object><name>root canal treatment</name><deleted>0</deleted><verified>0</verified><occluded>no</occluded><attributes /><parts><hasparts /><ispartof>5</ispartof></parts><date>13-12-21 20:36:29:859</date><id>18</id><polygon><username>anonymous</username><pt><x>234</x><y>137</y><time>13-12-21 20:36:18:937</time></pt><pt><x>254</x><y>139</y><time>13-12-21 20:36:19:318</time></pt><pt><x>284</x><y>140</y><time>13-12-21 20:36:19:623</time></pt><pt><x>297</x><y>134</y><time>13-12-21 20:36:19:918</time></pt><pt><x>309</x><y>122</y><time>13-12-21 20:36:20:214</time></pt><pt><x>321</x><y>110</y><time>13-12-21 20:36:20:526</time></pt><pt><x>321</x><y>87</y><time>13-12-21 20:36:20:878</time></pt><pt><x>316</x><y>77</y><time>13-12-21 20:36:21:190</time></pt><pt><x>302</x><y>78</y><time>13-12-21 20:36:21:446</time></pt><pt><x>297</x><y>70</y><time>13-12-21 20:36:21:750</time></pt><pt><x>287</x><y>48</y><time>13-12-21 20:36:22:062</time></pt><pt><x>282</x><y>30</y><time>13-12-21 20:36:22:326</time></pt><pt><x>280</x><y>10</y><time>13-12-21 20:36:22:670</time></pt><pt><x>280</x><y>3</y><time>13-12-21 20:36:23:030</time></pt><pt><x>274</x><y>2</y><time>13-12-21 20:36:23:438</time></pt><pt><x>265</x><y>7</y><time>13-12-21 20:36:23:742</time></pt><pt><x>259</x><y>25</y><time>13-12-21 20:36:24:014</time></pt><pt><x>260</x><y>43</y><time>13-12-21 20:36:24:414</time></pt><pt><x>260</x><y>60</y><time>13-12-21 20:36:24:734</time></pt><pt><x>249</x><y>75</y><time>13-12-21 20:36:24:990</time></pt><pt><x>239</x><y>95</y><time>13-12-21 20:36:25:270</time></pt><pt><x>235</x><y>119</y><time>13-12-21 20:36:25:518</time></pt><closed_date>13-12-21 20:36:25:814</closed_date></polygon></object><object><name>root canal treatment</name><deleted>0</deleted><verified>0</verified><occluded>no</occluded><attributes /><parts><hasparts /><ispartof>3</ispartof></parts><date>13-12-21 20:36:44:423</date><id>19</id><polygon><username>anonymous</username><pt><x>115</x><y>681</y><time>13-12-21 20:36:31:512</time></pt><pt><x>127</x><y>736</y><time>13-12-21 20:36:32:014</time></pt><pt><x>129</x><y>768</y><time>13-12-21 20:36:32:374</time></pt><pt><x>132</x><y>773</y><time>13-12-21 20:36:32:734</time></pt><pt><x>140</x><y>791</y><time>13-12-21 20:36:33:054</time></pt><pt><x>160</x><y>915</y><time>13-12-21 20:36:34:590</time></pt><pt><x>164</x><y>935</y><time>13-12-21 20:36:35:134</time></pt><pt><x>167</x><y>942</y><time>13-12-21 20:36:35:471</time></pt><pt><x>189</x><y>940</y><time>13-12-21 20:36:36:194</time></pt><pt><x>184</x><y>922</y><time>13-12-21 20:36:36:747</time></pt><pt><x>177</x><y>887</y><time>13-12-21 20:36:37:114</time></pt><pt><x>175</x><y>855</y><time>13-12-21 20:36:37:450</time></pt><pt><x>170</x><y>825</y><time>13-12-21 20:36:37:786</time></pt><pt><x>170</x><y>793</y><time>13-12-21 20:36:38:122</time></pt><pt><x>172</x><y>758</y><time>13-12-21 20:36:38:418</time></pt><pt><x>177</x><y>720</y><time>13-12-21 20:36:38:738</time></pt><pt><x>172</x><y>685</y><time>13-12-21 20:36:39:210</time></pt><pt><x>167</x><y>664</y><time>13-12-21 20:36:39:674</time></pt><pt><x>157</x><y>656</y><time>13-12-21 20:36:40:067</time></pt><pt><x>132</x><y>671</y><time>13-12-21 20:36:40:410</time></pt><closed_date>13-12-21 20:36:40:754</closed_date></polygon></object></annotation>