<annotation><filename>imagem-087.jpg</filename><folder>segmentation_xray</folder><source><sourceImage>The MIT-CSAIL database of objects and scenes</sourceImage><sourceAnnotation>LabelMe Webtool</sourceAnnotation></source><object><name>tooth</name><deleted>0</deleted><verified>0</verified><occluded>no</occluded><attributes>37</attributes><parts><hasparts /><ispartof /></parts><date>09-12-21 08:56:06:773</date><id>0</id><type>bounding_box</type><polygon><username>anonymous</username><pt><x>1578</x><y>558</y><time>09-12-21 08:55:50:782</time></pt><pt><x>1144</x><y>558</y><time>09-12-21 08:55:56:636</time></pt><pt><x>1144</x><y>1232</y><time>undefined</time></pt><pt><x>1578</x><y>1232</y><time>undefined</time></pt><closed_date>09-12-21 08:55:56:637</closed_date></polygon></object><object><name>tooth</name><deleted>0</deleted><verified>0</verified><occluded>no</occluded><attributes>36</attributes><parts><hasparts>15</hasparts><ispartof /></parts><date>09-12-21 08:56:17:248</date><id>1</id><type>bounding_box</type><polygon><username>anonymous</username><pt><x>735</x><y>562</y><time>09-12-21 08:56:08:544</time></pt><pt><x>1230</x><y>562</y><time>09-12-21 08:56:10:933</time></pt><pt><x>1230</x><y>1225</y><time>undefined</time></pt><pt><x>735</x><y>1225</y><time>undefined</time></pt><closed_date>09-12-21 08:56:10:933</closed_date></polygon></object><object><name>tooth</name><deleted>0</deleted><verified>0</verified><occluded>no</occluded><attributes>35</attributes><parts><hasparts>14</hasparts><ispartof /></parts><date>09-12-21 08:56:26:497</date><id>2</id><type>bounding_box</type><polygon><username>anonymous</username><pt><x>455</x><y>540</y><time>09-12-21 08:56:20:244</time></pt><pt><x>744</x><y>540</y><time>09-12-21 08:56:24:115</time></pt><pt><x>744</x><y>1236</y><time>undefined</time></pt><pt><x>455</x><y>1236</y><time>undefined</time></pt><closed_date>09-12-21 08:56:24:115</closed_date></polygon></object><object><name>tooth</name><deleted>0</deleted><verified>0</verified><occluded>no</occluded><attributes>34</attributes><parts><hasparts>13</hasparts><ispartof /></parts><date>09-12-21 08:56:40:520</date><id>3</id><type>bounding_box</type><polygon><username>anonymous</username><pt><x>166</x><y>516</y><time>09-12-21 08:56:34:646</time></pt><pt><x>449</x><y>516</y><time>09-12-21 08:56:38:692</time></pt><pt><x>449</x><y>1232</y><time>undefined</time></pt><pt><x>166</x><y>1232</y><time>undefined</time></pt><closed_date>09-12-21 08:56:38:693</closed_date></polygon></object><object><name>tooth</name><deleted>0</deleted><verified>0</verified><occluded>no</occluded><attributes>33</attributes><parts><hasparts>16</hasparts><ispartof /></parts><date>09-12-21 08:56:57:937</date><id>4</id><type>bounding_box</type><polygon><username>anonymous</username><pt><x>0</x><y>481</y><time>09-12-21 08:56:49:800</time></pt><pt><x>274</x><y>481</y><time>09-12-21 08:56:52:087</time></pt><pt><x>274</x><y>1241</y><time>undefined</time></pt><pt><x>0</x><y>1241</y><time>undefined</time></pt><closed_date>09-12-21 08:56:52:087</closed_date></polygon></object><object><name>tooth</name><deleted>0</deleted><verified>0</verified><occluded>no</occluded><attributes>26</attributes><parts><hasparts /><ispartof /></parts><date>09-12-21 08:57:09:941</date><id>5</id><type>bounding_box</type><polygon><username>anonymous</username><pt><x>1376</x><y>477</y><time>09-12-21 08:57:00:882</time></pt><pt><x>915</x><y>477</y><time>09-12-21 08:57:03:948</time></pt><pt><x>915</x><y>11</y><time>undefined</time></pt><pt><x>1376</x><y>11</y><time>undefined</time></pt><closed_date>09-12-21 08:57:03:948</closed_date></polygon></object><object><name>tooth</name><deleted>0</deleted><verified>0</verified><occluded>no</occluded><attributes>25</attributes><parts><hasparts>9</hasparts><ispartof /></parts><date>09-12-21 08:57:23:327</date><id>6</id><type>bounding_box</type><polygon><username>anonymous</username><pt><x>624</x><y>435</y><time>09-12-21 08:57:12:212</time></pt><pt><x>923</x><y>435</y><time>09-12-21 08:57:15:639</time></pt><pt><x>923</x><y>24</y><time>undefined</time></pt><pt><x>624</x><y>24</y><time>undefined</time></pt><closed_date>09-12-21 08:57:15:640</closed_date></polygon></object><object><name>tooth</name><deleted>0</deleted><verified>0</verified><occluded>no</occluded><attributes>24</attributes><parts><hasparts>10</hasparts><ispartof /></parts><date>09-12-21 08:57:41:465</date><id>7</id><type>bounding_box</type><polygon><username>anonymous</username><pt><x>317</x><y>433</y><time>09-12-21 08:57:30:950</time></pt><pt><x>624</x><y>433</y><time>09-12-21 08:57:36:314</time></pt><pt><x>624</x><y>22</y><time>undefined</time></pt><pt><x>317</x><y>22</y><time>undefined</time></pt><closed_date>09-12-21 08:57:36:314</closed_date></polygon></object><object><name>tooth</name><deleted>0</deleted><verified>0</verified><occluded>no</occluded><attributes>27</attributes><parts><hasparts /><ispartof /></parts><date>09-12-21 09:19:45:029</date><id>8</id><type>bounding_box</type><polygon><username>anonymous</username><pt><x>1455</x><y>37</y><time>09-12-21 09:19:32:912</time></pt><pt><x>1599</x><y>37</y><time>09-12-21 09:19:37:806</time></pt><pt><x>1599</x><y>282</y><time>undefined</time></pt><pt><x>1455</x><y>282</y><time>undefined</time></pt><closed_date>09-12-21 09:19:37:806</closed_date></polygon></object><object><name>restoration</name><deleted>0</deleted><verified>0</verified><occluded>no</occluded><attributes /><parts><hasparts /><ispartof>6</ispartof></parts><date>09-12-21 09:20:44:202</date><id>9</id><polygon><username>anonymous</username><pt><x>829</x><y>319</y><time>09-12-21 09:20:29:878</time></pt><pt><x>825</x><y>295</y><time>09-12-21 09:20:30:430</time></pt><pt><x>821</x><y>282</y><time>09-12-21 09:20:30:838</time></pt><pt><x>812</x><y>274</y><time>09-12-21 09:20:31:231</time></pt><pt><x>799</x><y>267</y><time>09-12-21 09:20:31:558</time></pt><pt><x>786</x><y>265</y><time>09-12-21 09:20:31:862</time></pt><pt><x>768</x><y>265</y><time>09-12-21 09:20:32:134</time></pt><pt><x>744</x><y>265</y><time>09-12-21 09:20:32:358</time></pt><pt><x>726</x><y>265</y><time>09-12-21 09:20:32:581</time></pt><pt><x>707</x><y>265</y><time>09-12-21 09:20:32:822</time></pt><pt><x>696</x><y>258</y><time>09-12-21 09:20:33:030</time></pt><pt><x>687</x><y>249</y><time>09-12-21 09:20:33:270</time></pt><pt><x>685</x><y>241</y><time>09-12-21 09:20:33:502</time></pt><pt><x>678</x><y>223</y><time>09-12-21 09:20:33:758</time></pt><pt><x>674</x><y>219</y><time>09-12-21 09:20:33:998</time></pt><pt><x>663</x><y>212</y><time>09-12-21 09:20:34:270</time></pt><pt><x>652</x><y>210</y><time>09-12-21 09:20:35:150</time></pt><pt><x>639</x><y>212</y><time>09-12-21 09:20:35:575</time></pt><pt><x>632</x><y>219</y><time>09-12-21 09:20:35:870</time></pt><pt><x>626</x><y>225</y><time>09-12-21 09:20:36:110</time></pt><pt><x>624</x><y>236</y><time>09-12-21 09:20:36:358</time></pt><pt><x>624</x><y>249</y><time>09-12-21 09:20:36:598</time></pt><pt><x>626</x><y>267</y><time>09-12-21 09:20:36:808</time></pt><pt><x>632</x><y>282</y><time>09-12-21 09:20:37:022</time></pt><pt><x>641</x><y>295</y><time>09-12-21 09:20:37:374</time></pt><pt><x>665</x><y>298</y><time>09-12-21 09:20:37:742</time></pt><pt><x>680</x><y>302</y><time>09-12-21 09:20:37:966</time></pt><pt><x>700</x><y>309</y><time>09-12-21 09:20:38:246</time></pt><pt><x>713</x><y>313</y><time>09-12-21 09:20:38:494</time></pt><pt><x>726</x><y>322</y><time>09-12-21 09:20:38:711</time></pt><pt><x>748</x><y>328</y><time>09-12-21 09:20:38:918</time></pt><pt><x>766</x><y>333</y><time>09-12-21 09:20:39:127</time></pt><pt><x>781</x><y>337</y><time>09-12-21 09:20:39:333</time></pt><pt><x>810</x><y>344</y><time>09-12-21 09:20:39:550</time></pt><pt><x>829</x><y>346</y><time>09-12-21 09:20:39:742</time></pt><pt><x>836</x><y>348</y><time>09-12-21 09:20:39:942</time></pt><pt><x>847</x><y>352</y><time>09-12-21 09:20:40:125</time></pt><pt><x>862</x><y>350</y><time>09-12-21 09:20:40:422</time></pt><pt><x>862</x><y>335</y><time>09-12-21 09:20:40:759</time></pt><pt><x>851</x><y>322</y><time>09-12-21 09:20:40:967</time></pt><closed_date>09-12-21 09:20:41:189</closed_date></polygon></object><object><name>restoration</name><deleted>0</deleted><verified>0</verified><occluded>no</occluded><attributes /><parts><hasparts /><ispartof>7</ispartof></parts><date>09-12-21 09:20:58:705</date><id>10</id><polygon><username>anonymous</username><pt><x>606</x><y>293</y><time>09-12-21 09:20:46:535</time></pt><pt><x>584</x><y>289</y><time>09-12-21 09:20:46:981</time></pt><pt><x>575</x><y>302</y><time>09-12-21 09:20:47:374</time></pt><pt><x>567</x><y>315</y><time>09-12-21 09:20:47:702</time></pt><pt><x>560</x><y>324</y><time>09-12-21 09:20:48:062</time></pt><pt><x>554</x><y>326</y><time>09-12-21 09:20:48:406</time></pt><pt><x>536</x><y>313</y><time>09-12-21 09:20:48:750</time></pt><pt><x>534</x><y>304</y><time>09-12-21 09:20:48:998</time></pt><pt><x>534</x><y>291</y><time>09-12-21 09:20:49:262</time></pt><pt><x>534</x><y>280</y><time>09-12-21 09:20:49:471</time></pt><pt><x>527</x><y>265</y><time>09-12-21 09:20:49:734</time></pt><pt><x>521</x><y>252</y><time>09-12-21 09:20:49:974</time></pt><pt><x>521</x><y>243</y><time>09-12-21 09:20:50:222</time></pt><pt><x>519</x><y>223</y><time>09-12-21 09:20:50:471</time></pt><pt><x>519</x><y>206</y><time>09-12-21 09:20:50:687</time></pt><pt><x>519</x><y>190</y><time>09-12-21 09:20:50:918</time></pt><pt><x>527</x><y>168</y><time>09-12-21 09:20:51:197</time></pt><pt><x>534</x><y>162</y><time>09-12-21 09:20:51:462</time></pt><pt><x>549</x><y>153</y><time>09-12-21 09:20:51:726</time></pt><pt><x>562</x><y>153</y><time>09-12-21 09:20:51:981</time></pt><pt><x>573</x><y>158</y><time>09-12-21 09:20:52:207</time></pt><pt><x>586</x><y>164</y><time>09-12-21 09:20:52:454</time></pt><pt><x>591</x><y>164</y><time>09-12-21 09:20:52:735</time></pt><pt><x>595</x><y>160</y><time>09-12-21 09:20:53:014</time></pt><pt><x>595</x><y>149</y><time>09-12-21 09:20:53:318</time></pt><pt><x>600</x><y>142</y><time>09-12-21 09:20:53:598</time></pt><pt><x>613</x><y>160</y><time>09-12-21 09:20:53:862</time></pt><pt><x>619</x><y>177</y><time>09-12-21 09:20:54:119</time></pt><pt><x>619</x><y>197</y><time>09-12-21 09:20:54:350</time></pt><pt><x>619</x><y>223</y><time>09-12-21 09:20:54:599</time></pt><pt><x>621</x><y>245</y><time>09-12-21 09:20:54:831</time></pt><pt><x>624</x><y>274</y><time>09-12-21 09:20:55:230</time></pt><closed_date>09-12-21 09:20:56:182</closed_date></polygon></object><object><name>restoration</name><deleted>0</deleted><verified>0</verified><occluded>no</occluded><attributes /><parts><hasparts /><ispartof>17</ispartof></parts><date>09-12-21 09:21:29:265</date><id>11</id><polygon><username>anonymous</username><pt><x>179</x><y>379</y><time>09-12-21 09:21:17:600</time></pt><pt><x>193</x><y>344</y><time>09-12-21 09:21:18:487</time></pt><pt><x>210</x><y>322</y><time>09-12-21 09:21:19:686</time></pt><pt><x>217</x><y>302</y><time>09-12-21 09:21:20:078</time></pt><pt><x>223</x><y>282</y><time>09-12-21 09:21:20:374</time></pt><pt><x>238</x><y>254</y><time>09-12-21 09:21:20:655</time></pt><pt><x>241</x><y>238</y><time>09-12-21 09:21:20:942</time></pt><pt><x>241</x><y>223</y><time>09-12-21 09:21:21:334</time></pt><pt><x>225</x><y>221</y><time>09-12-21 09:21:21:662</time></pt><pt><x>197</x><y>223</y><time>09-12-21 09:21:21:919</time></pt><pt><x>184</x><y>232</y><time>09-12-21 09:21:22:150</time></pt><pt><x>164</x><y>232</y><time>09-12-21 09:21:22:406</time></pt><pt><x>155</x><y>232</y><time>09-12-21 09:21:22:670</time></pt><pt><x>136</x><y>230</y><time>09-12-21 09:21:22:966</time></pt><pt><x>127</x><y>232</y><time>09-12-21 09:21:23:206</time></pt><pt><x>112</x><y>234</y><time>09-12-21 09:21:23:478</time></pt><pt><x>98</x><y>256</y><time>09-12-21 09:21:23:839</time></pt><pt><x>118</x><y>298</y><time>09-12-21 09:21:24:294</time></pt><pt><x>131</x><y>333</y><time>09-12-21 09:21:24:695</time></pt><pt><x>142</x><y>359</y><time>09-12-21 09:21:25:109</time></pt><pt><x>149</x><y>368</y><time>09-12-21 09:21:25:463</time></pt><closed_date>09-12-21 09:21:25:767</closed_date></polygon></object><object><name>restoration</name><deleted>1</deleted><verified>0</verified><occluded>no</occluded><attributes /><parts><hasparts /><ispartof /></parts><date>09-12-21 09:21:43:697</date><id>12</id><polygon><username>anonymous</username><pt><x>133</x><y>659</y><time>09-12-21 09:21:30:296</time></pt><pt><x>101</x><y>670</y><time>09-12-21 09:21:31:094</time></pt><pt><x>79</x><y>672</y><time>09-12-21 09:21:31:646</time></pt><pt><x>63</x><y>678</y><time>09-12-21 09:21:32:203</time></pt><pt><x>44</x><y>672</y><time>09-12-21 09:21:32:693</time></pt><pt><x>24</x><y>665</y><time>09-12-21 09:21:33:141</time></pt><pt><x>9</x><y>648</y><time>09-12-21 09:21:33:598</time></pt><pt><x>2</x><y>626</y><time>09-12-21 09:21:34:167</time></pt><pt><x>4</x><y>593</y><time>09-12-21 09:21:34:622</time></pt><pt><x>24</x><y>569</y><time>09-12-21 09:21:35:014</time></pt><pt><x>31</x><y>567</y><time>09-12-21 09:21:35:359</time></pt><pt><x>39</x><y>562</y><time>09-12-21 09:21:35:662</time></pt><pt><x>53</x><y>558</y><time>09-12-21 09:21:35:990</time></pt><pt><x>74</x><y>560</y><time>09-12-21 09:21:36:296</time></pt><pt><x>83</x><y>551</y><time>09-12-21 09:21:36:767</time></pt><pt><x>94</x><y>547</y><time>09-12-21 09:21:37:047</time></pt><pt><x>109</x><y>569</y><time>09-12-21 09:21:37:382</time></pt><pt><x>120</x><y>582</y><time>09-12-21 09:21:37:678</time></pt><pt><x>138</x><y>575</y><time>09-12-21 09:21:38:094</time></pt><pt><x>144</x><y>586</y><time>09-12-21 09:21:38:374</time></pt><pt><x>147</x><y>597</y><time>09-12-21 09:21:38:639</time></pt><pt><x>151</x><y>624</y><time>09-12-21 09:21:38:998</time></pt><pt><x>149</x><y>641</y><time>09-12-21 09:21:39:390</time></pt><closed_date>09-12-21 09:21:39:751</closed_date></polygon></object><object><name>restoration</name><deleted>0</deleted><verified>0</verified><occluded>no</occluded><attributes /><parts><hasparts /><ispartof>3</ispartof></parts><date>09-12-21 09:22:05:571</date><id>13</id><polygon><username>anonymous</username><pt><x>385</x><y>687</y><time>09-12-21 09:21:45:873</time></pt><pt><x>400</x><y>659</y><time>09-12-21 09:21:46:487</time></pt><pt><x>405</x><y>635</y><time>09-12-21 09:21:54:790</time></pt><pt><x>405</x><y>626</y><time>09-12-21 09:21:55:518</time></pt><pt><x>365</x><y>619</y><time>09-12-21 09:21:55:895</time></pt><pt><x>333</x><y>610</y><time>09-12-21 09:21:56:606</time></pt><pt><x>309</x><y>608</y><time>09-12-21 09:21:56:935</time></pt><pt><x>289</x><y>602</y><time>09-12-21 09:21:57:390</time></pt><pt><x>278</x><y>602</y><time>09-12-21 09:21:57:758</time></pt><pt><x>252</x><y>610</y><time>09-12-21 09:21:58:070</time></pt><pt><x>236</x><y>615</y><time>09-12-21 09:21:58:495</time></pt><pt><x>236</x><y>619</y><time>09-12-21 09:21:58:862</time></pt><pt><x>241</x><y>641</y><time>09-12-21 09:21:59:358</time></pt><pt><x>254</x><y>652</y><time>09-12-21 09:21:59:798</time></pt><pt><x>265</x><y>656</y><time>09-12-21 09:22:00:054</time></pt><pt><x>293</x><y>652</y><time>09-12-21 09:22:00:398</time></pt><pt><x>309</x><y>656</y><time>09-12-21 09:22:00:672</time></pt><pt><x>317</x><y>663</y><time>09-12-21 09:22:00:934</time></pt><pt><x>326</x><y>670</y><time>09-12-21 09:22:01:287</time></pt><pt><x>348</x><y>680</y><time>09-12-21 09:22:01:688</time></pt><pt><x>357</x><y>683</y><time>09-12-21 09:22:01:926</time></pt><closed_date>09-12-21 09:22:02:167</closed_date></polygon></object><object><name>restoration</name><deleted>0</deleted><verified>0</verified><occluded>no</occluded><attributes /><parts><hasparts /><ispartof>2</ispartof></parts><date>09-12-21 09:23:45:945</date><id>14</id><polygon><username>anonymous</username><pt><x>523</x><y>608</y><time>09-12-21 09:22:06:545</time></pt><pt><x>543</x><y>630</y><time>09-12-21 09:22:06:943</time></pt><pt><x>549</x><y>648</y><time>09-12-21 09:22:07:294</time></pt><pt><x>560</x><y>661</y><time>09-12-21 09:22:07:607</time></pt><pt><x>571</x><y>676</y><time>09-12-21 09:22:08:007</time></pt><pt><x>580</x><y>707</y><time>09-12-21 09:22:08:358</time></pt><pt><x>586</x><y>733</y><time>09-12-21 09:22:08:735</time></pt><pt><x>591</x><y>748</y><time>09-12-21 09:22:09:087</time></pt><pt><x>597</x><y>761</y><time>09-12-21 09:22:09:471</time></pt><pt><x>610</x><y>768</y><time>09-12-21 09:22:09:760</time></pt><pt><x>617</x><y>768</y><time>09-12-21 09:22:13:654</time></pt><pt><x>637</x><y>783</y><time>09-12-21 09:22:15:254</time></pt><pt><x>650</x><y>794</y><time>09-12-21 09:22:15:727</time></pt><pt><x>663</x><y>805</y><time>09-12-21 09:22:16:130</time></pt><pt><x>689</x><y>821</y><time>09-12-21 09:22:16:502</time></pt><pt><x>698</x><y>823</y><time>09-12-21 09:22:16:902</time></pt><pt><x>711</x><y>823</y><time>09-12-21 09:22:17:407</time></pt><pt><x>718</x><y>814</y><time>09-12-21 09:22:17:784</time></pt><pt><x>726</x><y>801</y><time>09-12-21 09:22:18:071</time></pt><pt><x>726</x><y>786</y><time>09-12-21 09:22:18:406</time></pt><pt><x>726</x><y>770</y><time>09-12-21 09:22:18:695</time></pt><pt><x>726</x><y>753</y><time>09-12-21 09:22:18:958</time></pt><pt><x>726</x><y>726</y><time>09-12-21 09:22:19:184</time></pt><pt><x>726</x><y>700</y><time>09-12-21 09:22:19:414</time></pt><pt><x>726</x><y>680</y><time>09-12-21 09:22:19:663</time></pt><pt><x>720</x><y>659</y><time>09-12-21 09:22:19:895</time></pt><pt><x>705</x><y>639</y><time>09-12-21 09:22:20:159</time></pt><pt><x>687</x><y>621</y><time>09-12-21 09:22:20:415</time></pt><pt><x>674</x><y>608</y><time>09-12-21 09:22:20:679</time></pt><pt><x>670</x><y>602</y><time>09-12-21 09:22:21:327</time></pt><pt><x>637</x><y>604</y><time>09-12-21 09:22:21:638</time></pt><pt><x>626</x><y>610</y><time>09-12-21 09:22:21:904</time></pt><pt><x>608</x><y>610</y><time>09-12-21 09:22:22:136</time></pt><pt><x>602</x><y>606</y><time>09-12-21 09:22:22:390</time></pt><pt><x>586</x><y>591</y><time>09-12-21 09:22:22:654</time></pt><pt><x>573</x><y>582</y><time>09-12-21 09:22:22:903</time></pt><pt><x>551</x><y>578</y><time>09-12-21 09:22:23:134</time></pt><pt><x>532</x><y>584</y><time>09-12-21 09:22:23:359</time></pt><closed_date>09-12-21 09:22:23:574</closed_date></polygon></object><object><name>restoration</name><deleted>0</deleted><verified>0</verified><occluded>no</occluded><attributes /><parts><hasparts /><ispartof>1</ispartof></parts><date>09-12-21 09:24:08:500</date><id>15</id><polygon><username>anonymous</username><pt><x>779</x><y>759</y><time>09-12-21 09:23:47:905</time></pt><pt><x>803</x><y>755</y><time>09-12-21 09:23:48:624</time></pt><pt><x>823</x><y>735</y><time>09-12-21 09:23:49:088</time></pt><pt><x>838</x><y>715</y><time>09-12-21 09:23:49:575</time></pt><pt><x>853</x><y>689</y><time>09-12-21 09:23:49:992</time></pt><pt><x>860</x><y>685</y><time>09-12-21 09:23:50:311</time></pt><pt><x>880</x><y>683</y><time>09-12-21 09:23:51:184</time></pt><pt><x>895</x><y>685</y><time>09-12-21 09:23:51:592</time></pt><pt><x>915</x><y>709</y><time>09-12-21 09:23:51:929</time></pt><pt><x>943</x><y>718</y><time>09-12-21 09:23:55:752</time></pt><pt><x>958</x><y>718</y><time>09-12-21 09:23:56:143</time></pt><pt><x>982</x><y>707</y><time>09-12-21 09:23:56:480</time></pt><pt><x>989</x><y>702</y><time>09-12-21 09:23:56:824</time></pt><pt><x>1011</x><y>698</y><time>09-12-21 09:23:57:168</time></pt><pt><x>1044</x><y>698</y><time>09-12-21 09:23:57:455</time></pt><pt><x>1061</x><y>698</y><time>09-12-21 09:23:57:792</time></pt><pt><x>1077</x><y>691</y><time>09-12-21 09:23:58:072</time></pt><pt><x>1085</x><y>676</y><time>09-12-21 09:23:58:383</time></pt><pt><x>1085</x><y>639</y><time>09-12-21 09:23:58:728</time></pt><pt><x>1083</x><y>619</y><time>09-12-21 09:23:59:135</time></pt><pt><x>1057</x><y>604</y><time>09-12-21 09:23:59:513</time></pt><pt><x>1033</x><y>600</y><time>09-12-21 09:23:59:888</time></pt><pt><x>1011</x><y>597</y><time>09-12-21 09:24:00:200</time></pt><pt><x>963</x><y>613</y><time>09-12-21 09:24:00:600</time></pt><pt><x>950</x><y>637</y><time>09-12-21 09:24:00:936</time></pt><pt><x>930</x><y>648</y><time>09-12-21 09:24:01:250</time></pt><pt><x>906</x><y>650</y><time>09-12-21 09:24:01:600</time></pt><pt><x>884</x><y>643</y><time>09-12-21 09:24:01:896</time></pt><pt><x>858</x><y>624</y><time>09-12-21 09:24:02:208</time></pt><pt><x>836</x><y>606</y><time>09-12-21 09:24:02:481</time></pt><pt><x>825</x><y>595</y><time>09-12-21 09:24:02:935</time></pt><pt><x>807</x><y>595</y><time>09-12-21 09:24:03:256</time></pt><pt><x>790</x><y>608</y><time>09-12-21 09:24:03:519</time></pt><pt><x>777</x><y>619</y><time>09-12-21 09:24:03:815</time></pt><pt><x>764</x><y>632</y><time>09-12-21 09:24:04:098</time></pt><pt><x>748</x><y>643</y><time>09-12-21 09:24:04:431</time></pt><pt><x>746</x><y>665</y><time>09-12-21 09:24:04:720</time></pt><pt><x>746</x><y>689</y><time>09-12-21 09:24:05:001</time></pt><pt><x>748</x><y>713</y><time>09-12-21 09:24:05:266</time></pt><pt><x>759</x><y>740</y><time>09-12-21 09:24:05:521</time></pt><closed_date>09-12-21 09:24:05:738</closed_date></polygon></object><object><name>restoration</name><deleted>0</deleted><verified>0</verified><occluded>no</occluded><attributes /><parts><hasparts /><ispartof>4</ispartof></parts><date>09-12-21 09:24:35:227</date><id>16</id><polygon><username>anonymous</username><pt><x>61</x><y>676</y><time>09-12-21 09:24:25:456</time></pt><pt><x>96</x><y>670</y><time>09-12-21 09:24:25:849</time></pt><pt><x>120</x><y>663</y><time>09-12-21 09:24:26:248</time></pt><pt><x>133</x><y>648</y><time>09-12-21 09:24:26:575</time></pt><pt><x>138</x><y>628</y><time>09-12-21 09:24:26:864</time></pt><pt><x>138</x><y>604</y><time>09-12-21 09:24:27:144</time></pt><pt><x>133</x><y>582</y><time>09-12-21 09:24:27:439</time></pt><pt><x>109</x><y>554</y><time>09-12-21 09:24:27:761</time></pt><pt><x>98</x><y>547</y><time>09-12-21 09:24:28:056</time></pt><pt><x>70</x><y>554</y><time>09-12-21 09:24:28:320</time></pt><pt><x>63</x><y>569</y><time>09-12-21 09:24:28:568</time></pt><pt><x>46</x><y>573</y><time>09-12-21 09:24:28:856</time></pt><pt><x>35</x><y>575</y><time>09-12-21 09:24:29:144</time></pt><pt><x>28</x><y>584</y><time>09-12-21 09:24:29:400</time></pt><pt><x>22</x><y>602</y><time>09-12-21 09:24:29:674</time></pt><pt><x>22</x><y>617</y><time>09-12-21 09:24:29:936</time></pt><pt><x>28</x><y>645</y><time>09-12-21 09:24:30:152</time></pt><pt><x>35</x><y>656</y><time>09-12-21 09:24:30:344</time></pt><closed_date>09-12-21 09:24:30:553</closed_date></polygon></object><object><name>tooth</name><deleted>0</deleted><verified>0</verified><occluded>no</occluded><attributes>23</attributes><parts><hasparts>11</hasparts><ispartof /></parts><date>09-12-21 09:25:50:746</date><id>17</id><type>bounding_box</type><polygon><username>anonymous</username><pt><x>15</x><y>389</y><time>09-12-21 09:25:40:305</time></pt><pt><x>335</x><y>389</y><time>09-12-21 09:25:43:592</time></pt><pt><x>335</x><y>22</y><time>undefined</time></pt><pt><x>15</x><y>22</y><time>undefined</time></pt><closed_date>09-12-21 09:25:43:592</closed_date></polygon></object><imagesize><nrows /><ncols /></imagesize></annotation>