<annotation><filename>imagem-131.jpg</filename><folder>segmentation_xray</folder><source><sourceImage>The MIT-CSAIL database of objects and scenes</sourceImage><sourceAnnotation>LabelMe Webtool</sourceAnnotation></source><object><name>tooth</name><deleted>0</deleted><verified>0</verified><occluded>no</occluded><attributes>27</attributes><parts><hasparts>10</hasparts><ispartof /></parts><date>18-01-22 17:54:35:694</date><id>0</id><type>bounding_box</type><polygon><username>anonymous</username><pt><x>1243</x><y>574</y><time>18-01-22 17:54:24:547</time></pt><pt><x>1605</x><y>574</y><time>18-01-22 17:54:28:411</time></pt><pt><x>1605</x><y>9</y><time>undefined</time></pt><pt><x>1243</x><y>9</y><time>undefined</time></pt><closed_date>18-01-22 17:54:28:411</closed_date></polygon></object><object><name>tooth</name><deleted>0</deleted><verified>0</verified><occluded>no</occluded><attributes>26</attributes><parts><hasparts>11,12</hasparts><ispartof /></parts><date>18-01-22 17:54:43:764</date><id>1</id><type>bounding_box</type><polygon><username>anonymous</username><pt><x>1237</x><y>578</y><time>18-01-22 17:54:36:812</time></pt><pt><x>770</x><y>578</y><time>18-01-22 17:54:39:250</time></pt><pt><x>770</x><y>13</y><time>undefined</time></pt><pt><x>1237</x><y>13</y><time>undefined</time></pt><closed_date>18-01-22 17:54:39:250</closed_date></polygon></object><object><name>tooth</name><deleted>0</deleted><verified>0</verified><occluded>no</occluded><attributes>25</attributes><parts><hasparts /><ispartof /></parts><date>18-01-22 17:54:52:012</date><id>2</id><type>bounding_box</type><polygon><username>anonymous</username><pt><x>761</x><y>578</y><time>18-01-22 17:54:45:235</time></pt><pt><x>473</x><y>578</y><time>18-01-22 17:54:48:402</time></pt><pt><x>473</x><y>7</y><time>undefined</time></pt><pt><x>761</x><y>7</y><time>undefined</time></pt><closed_date>18-01-22 17:54:48:403</closed_date></polygon></object><object><name>tooth</name><deleted>0</deleted><verified>0</verified><occluded>no</occluded><attributes>24</attributes><parts><hasparts /><ispartof /></parts><date>18-01-22 17:55:01:516</date><id>3</id><type>bounding_box</type><polygon><username>anonymous</username><pt><x>460</x><y>574</y><time>18-01-22 17:54:54:693</time></pt><pt><x>174</x><y>574</y><time>18-01-22 17:54:58:145</time></pt><pt><x>174</x><y>35</y><time>undefined</time></pt><pt><x>460</x><y>35</y><time>undefined</time></pt><closed_date>18-01-22 17:54:58:146</closed_date></polygon></object><object><name>tooth</name><deleted>0</deleted><verified>0</verified><occluded>no</occluded><attributes>23</attributes><parts><hasparts /><ispartof /></parts><date>18-01-22 17:55:08:127</date><id>4</id><type>bounding_box</type><polygon><username>anonymous</username><pt><x>11</x><y>545</y><time>18-01-22 17:55:02:844</time></pt><pt><x>270</x><y>545</y><time>18-01-22 17:55:04:146</time></pt><pt><x>270</x><y>22</y><time>undefined</time></pt><pt><x>11</x><y>22</y><time>undefined</time></pt><closed_date>18-01-22 17:55:04:146</closed_date></polygon></object><object><name>tooth</name><deleted>0</deleted><verified>0</verified><occluded>no</occluded><attributes>33</attributes><parts><hasparts /><ispartof /></parts><date>18-01-22 17:55:20:244</date><id>5</id><type>bounding_box</type><polygon><username>anonymous</username><pt><x>0</x><y>604</y><time>18-01-22 17:55:11:595</time></pt><pt><x>266</x><y>604</y><time>18-01-22 17:55:14:010</time></pt><pt><x>266</x><y>1237</y><time>undefined</time></pt><pt><x>0</x><y>1237</y><time>undefined</time></pt><closed_date>18-01-22 17:55:14:010</closed_date></polygon></object><object><name>tooth</name><deleted>0</deleted><verified>0</verified><occluded>no</occluded><attributes>34</attributes><parts><hasparts /><ispartof /></parts><date>18-01-22 17:55:29:866</date><id>6</id><type>bounding_box</type><polygon><username>anonymous</username><pt><x>460</x><y>635</y><time>18-01-22 17:55:23:524</time></pt><pt><x>153</x><y>635</y><time>18-01-22 17:55:25:746</time></pt><pt><x>153</x><y>1224</y><time>undefined</time></pt><pt><x>460</x><y>1224</y><time>undefined</time></pt><closed_date>18-01-22 17:55:25:746</closed_date></polygon></object><object><name>tooth</name><deleted>0</deleted><verified>0</verified><occluded>no</occluded><attributes>36</attributes><parts><hasparts>13,14</hasparts><ispartof /></parts><date>18-01-22 17:55:38:099</date><id>7</id><type>bounding_box</type><polygon><username>anonymous</username><pt><x>757</x><y>648</y><time>18-01-22 17:55:31:483</time></pt><pt><x>1285</x><y>648</y><time>18-01-22 17:55:34:155</time></pt><pt><x>1285</x><y>1224</y><time>undefined</time></pt><pt><x>757</x><y>1224</y><time>undefined</time></pt><closed_date>18-01-22 17:55:34:156</closed_date></polygon></object><object><name>tooth</name><deleted>0</deleted><verified>0</verified><occluded>no</occluded><attributes>35</attributes><parts><hasparts /><ispartof /></parts><date>18-01-22 17:55:48:586</date><id>8</id><type>bounding_box</type><polygon><username>anonymous</username><pt><x>829</x><y>1230</y><time>18-01-22 17:55:42:970</time></pt><pt><x>430</x><y>1230</y><time>18-01-22 17:55:44:819</time></pt><pt><x>430</x><y>665</y><time>undefined</time></pt><pt><x>829</x><y>665</y><time>undefined</time></pt><closed_date>18-01-22 17:55:44:819</closed_date></polygon></object><object><name>tooth</name><deleted>0</deleted><verified>0</verified><occluded>no</occluded><attributes>37</attributes><parts><hasparts /><ispartof /></parts><date>18-01-22 17:55:59:826</date><id>9</id><type>bounding_box</type><polygon><username>anonymous</username><pt><x>1612</x><y>1186</y><time>18-01-22 17:55:53:395</time></pt><pt><x>1234</x><y>1186</y><time>18-01-22 17:55:55:978</time></pt><pt><x>1234</x><y>515</y><time>undefined</time></pt><pt><x>1612</x><y>515</y><time>undefined</time></pt><closed_date>18-01-22 17:55:55:978</closed_date></polygon></object><object><name>restoration</name><deleted>0</deleted><verified>0</verified><occluded>no</occluded><attributes /><parts><hasparts /><ispartof>0</ispartof></parts><date>18-01-22 17:56:55:900</date><id>10</id><polygon><username>anonymous</username><pt><x>1383</x><y>449</y><time>18-01-22 17:56:44:877</time></pt><pt><x>1374</x><y>390</y><time>18-01-22 17:56:45:315</time></pt><pt><x>1370</x><y>336</y><time>18-01-22 17:56:45:610</time></pt><pt><x>1381</x><y>299</y><time>18-01-22 17:56:45:882</time></pt><pt><x>1381</x><y>260</y><time>18-01-22 17:56:46:210</time></pt><pt><x>1391</x><y>225</y><time>18-01-22 17:56:46:490</time></pt><pt><x>1426</x><y>196</y><time>18-01-22 17:56:46:771</time></pt><pt><x>1479</x><y>196</y><time>18-01-22 17:56:47:058</time></pt><pt><x>1501</x><y>196</y><time>18-01-22 17:56:47:322</time></pt><pt><x>1525</x><y>192</y><time>18-01-22 17:56:47:570</time></pt><pt><x>1566</x><y>212</y><time>18-01-22 17:56:47:890</time></pt><pt><x>1594</x><y>297</y><time>18-01-22 17:56:48:714</time></pt><pt><x>1601</x><y>371</y><time>18-01-22 17:56:49:362</time></pt><pt><x>1564</x><y>410</y><time>18-01-22 17:56:49:996</time></pt><pt><x>1514</x><y>447</y><time>18-01-22 17:56:50:394</time></pt><pt><x>1487</x><y>454</y><time>18-01-22 17:56:50:658</time></pt><pt><x>1457</x><y>454</y><time>18-01-22 17:56:50:906</time></pt><pt><x>1405</x><y>460</y><time>18-01-22 17:56:51:170</time></pt><pt><x>1394</x><y>462</y><time>18-01-22 17:56:51:571</time></pt><closed_date>18-01-22 17:56:52:195</closed_date></polygon></object><object><name>restoration</name><deleted>0</deleted><verified>0</verified><occluded>no</occluded><attributes /><parts><hasparts /><ispartof>1</ispartof></parts><date>18-01-22 17:57:05:212</date><id>11</id><polygon><username>anonymous</username><pt><x>907</x><y>445</y><time>18-01-22 17:56:57:595</time></pt><pt><x>916</x><y>508</y><time>18-01-22 17:56:58:442</time></pt><pt><x>949</x><y>508</y><time>18-01-22 17:56:58:978</time></pt><pt><x>1001</x><y>519</y><time>18-01-22 17:56:59:578</time></pt><pt><x>1021</x><y>519</y><time>18-01-22 17:56:59:923</time></pt><pt><x>1034</x><y>504</y><time>18-01-22 17:57:00:314</time></pt><pt><x>1023</x><y>447</y><time>18-01-22 17:57:00:970</time></pt><pt><x>1010</x><y>432</y><time>18-01-22 17:57:01:658</time></pt><pt><x>997</x><y>423</y><time>18-01-22 17:57:01:994</time></pt><pt><x>977</x><y>423</y><time>18-01-22 17:57:02:226</time></pt><pt><x>962</x><y>434</y><time>18-01-22 17:57:02:482</time></pt><pt><x>942</x><y>443</y><time>18-01-22 17:57:02:802</time></pt><closed_date>18-01-22 17:57:03:098</closed_date></polygon></object><object><name>restoration</name><deleted>0</deleted><verified>0</verified><occluded>no</occluded><attributes /><parts><hasparts /><ispartof>1</ispartof></parts><date>18-01-22 17:57:13:310</date><id>12</id><polygon><username>anonymous</username><pt><x>1053</x><y>471</y><time>18-01-22 17:57:06:052</time></pt><pt><x>1056</x><y>541</y><time>18-01-22 17:57:06:730</time></pt><pt><x>1082</x><y>550</y><time>18-01-22 17:57:07:362</time></pt><pt><x>1115</x><y>526</y><time>18-01-22 17:57:08:058</time></pt><pt><x>1136</x><y>528</y><time>18-01-22 17:57:08:605</time></pt><pt><x>1152</x><y>523</y><time>18-01-22 17:57:09:026</time></pt><pt><x>1141</x><y>480</y><time>18-01-22 17:57:09:443</time></pt><pt><x>1134</x><y>458</y><time>18-01-22 17:57:09:914</time></pt><pt><x>1075</x><y>456</y><time>18-01-22 17:57:10:458</time></pt><pt><x>1064</x><y>456</y><time>18-01-22 17:57:10:850</time></pt><closed_date>18-01-22 17:57:11:162</closed_date></polygon></object><object><name>restoration</name><deleted>0</deleted><verified>0</verified><occluded>no</occluded><attributes /><parts><hasparts /><ispartof>7</ispartof></parts><date>18-01-22 17:57:28:861</date><id>13</id><polygon><username>anonymous</username><pt><x>957</x><y>696</y><time>18-01-22 17:57:14:420</time></pt><pt><x>955</x><y>720</y><time>18-01-22 17:57:14:819</time></pt><pt><x>951</x><y>733</y><time>18-01-22 17:57:15:130</time></pt><pt><x>944</x><y>748</y><time>18-01-22 17:57:15:420</time></pt><pt><x>944</x><y>757</y><time>18-01-22 17:57:15:706</time></pt><pt><x>964</x><y>768</y><time>18-01-22 17:57:16:003</time></pt><pt><x>955</x><y>774</y><time>18-01-22 17:57:16:490</time></pt><pt><x>931</x><y>783</y><time>18-01-22 17:57:20:810</time></pt><pt><x>931</x><y>805</y><time>18-01-22 17:57:21:291</time></pt><pt><x>957</x><y>818</y><time>18-01-22 17:57:21:658</time></pt><pt><x>992</x><y>816</y><time>18-01-22 17:57:22:515</time></pt><pt><x>1003</x><y>811</y><time>18-01-22 17:57:22:820</time></pt><pt><x>1034</x><y>811</y><time>18-01-22 17:57:23:299</time></pt><pt><x>1049</x><y>785</y><time>18-01-22 17:57:23:691</time></pt><pt><x>1053</x><y>770</y><time>18-01-22 17:57:24:018</time></pt><pt><x>1040</x><y>744</y><time>18-01-22 17:57:24:403</time></pt><pt><x>1023</x><y>735</y><time>18-01-22 17:57:24:771</time></pt><pt><x>1008</x><y>726</y><time>18-01-22 17:57:25:043</time></pt><pt><x>999</x><y>713</y><time>18-01-22 17:57:25:307</time></pt><pt><x>992</x><y>696</y><time>18-01-22 17:57:25:602</time></pt><pt><x>975</x><y>691</y><time>18-01-22 17:57:25:875</time></pt><closed_date>18-01-22 17:57:26:099</closed_date></polygon></object><object><name>restoration</name><deleted>0</deleted><verified>0</verified><occluded>no</occluded><attributes /><parts><hasparts /><ispartof>7</ispartof></parts><date>18-01-22 17:57:35:995</date><id>14</id><polygon><username>anonymous</username><pt><x>1080</x><y>702</y><time>18-01-22 17:57:29:724</time></pt><pt><x>1080</x><y>742</y><time>18-01-22 17:57:30:098</time></pt><pt><x>1069</x><y>763</y><time>18-01-22 17:57:30:635</time></pt><pt><x>1088</x><y>772</y><time>18-01-22 17:57:31:018</time></pt><pt><x>1112</x><y>772</y><time>18-01-22 17:57:31:347</time></pt><pt><x>1138</x><y>772</y><time>18-01-22 17:57:31:610</time></pt><pt><x>1143</x><y>755</y><time>18-01-22 17:57:32:147</time></pt><pt><x>1121</x><y>737</y><time>18-01-22 17:57:32:539</time></pt><pt><x>1119</x><y>707</y><time>18-01-22 17:57:32:859</time></pt><closed_date>18-01-22 17:57:33:197</closed_date></polygon></object><imagesize><nrows /><ncols /></imagesize></annotation>