<annotation><filename>imagem-043.jpg</filename><folder>segmentation_xray</folder><source><sourceImage>The MIT-CSAIL database of objects and scenes</sourceImage><sourceAnnotation>LabelMe Webtool</sourceAnnotation></source><object><name>tooth</name><deleted>0</deleted><verified>0</verified><occluded>no</occluded><attributes>27</attributes><parts><hasparts>7,8</hasparts><ispartof /></parts><date>05-01-22 16:15:15:736</date><id>0</id><type>bounding_box</type><polygon><username>anonymous</username><pt><x>666</x><y>416</y><time>05-01-22 16:14:31:693</time></pt><pt><x>988</x><y>416</y><time>05-01-22 16:14:44:650</time></pt><pt><x>988</x><y>5</y><time>undefined</time></pt><pt><x>666</x><y>5</y><time>undefined</time></pt><closed_date>05-01-22 16:14:44:650</closed_date></polygon></object><object><name>tooth</name><deleted>0</deleted><verified>0</verified><occluded>no</occluded><attributes>26</attributes><parts><hasparts>10,9</hasparts><ispartof /></parts><date>05-01-22 16:15:25:435</date><id>1</id><type>bounding_box</type><polygon><username>anonymous</username><pt><x>312</x><y>0</y><time>05-01-22 16:15:17:581</time></pt><pt><x>668</x><y>0</y><time>05-01-22 16:15:20:514</time></pt><pt><x>668</x><y>409</y><time>undefined</time></pt><pt><x>312</x><y>409</y><time>undefined</time></pt><closed_date>05-01-22 16:15:20:515</closed_date></polygon></object><object><name>tooth</name><deleted>0</deleted><verified>0</verified><occluded>no</occluded><attributes>25</attributes><parts><hasparts>11</hasparts><ispartof /></parts><date>05-01-22 16:15:39:991</date><id>2</id><type>bounding_box</type><polygon><username>anonymous</username><pt><x>122</x><y>5</y><time>05-01-22 16:15:29:412</time></pt><pt><x>339</x><y>5</y><time>05-01-22 16:15:32:491</time></pt><pt><x>339</x><y>439</y><time>undefined</time></pt><pt><x>122</x><y>439</y><time>undefined</time></pt><closed_date>05-01-22 16:15:32:492</closed_date></polygon></object><object><name>tooth</name><deleted>0</deleted><verified>0</verified><occluded>no</occluded><attributes>24</attributes><parts><hasparts>12</hasparts><ispartof /></parts><date>05-01-22 16:15:54:703</date><id>3</id><type>bounding_box</type><polygon><username>anonymous</username><pt><x>8</x><y>499</y><time>05-01-22 16:15:45:544</time></pt><pt><x>125</x><y>499</y><time>05-01-22 16:15:49:803</time></pt><pt><x>125</x><y>70</y><time>undefined</time></pt><pt><x>8</x><y>70</y><time>undefined</time></pt><closed_date>05-01-22 16:15:49:803</closed_date></polygon></object><object><name>tooth</name><deleted>0</deleted><verified>0</verified><occluded>no</occluded><attributes>36</attributes><parts><hasparts>13,16</hasparts><ispartof /></parts><date>05-01-22 16:16:33:255</date><id>4</id><type>bounding_box</type><polygon><username>anonymous</username><pt><x>721</x><y>464</y><time>05-01-22 16:16:17:677</time></pt><pt><x>332</x><y>464</y><time>05-01-22 16:16:25:585</time></pt><pt><x>332</x><y>943</y><time>undefined</time></pt><pt><x>721</x><y>943</y><time>undefined</time></pt><closed_date>05-01-22 16:16:25:585</closed_date></polygon></object><object><name>tooth</name><deleted>0</deleted><verified>0</verified><occluded>no</occluded><attributes>34</attributes><parts><hasparts>14</hasparts><ispartof /></parts><date>05-01-22 16:16:56:622</date><id>5</id><type>bounding_box</type><polygon><username>anonymous</username><pt><x>3</x><y>579</y><time>05-01-22 16:16:44:512</time></pt><pt><x>165</x><y>579</y><time>05-01-22 16:16:47:530</time></pt><pt><x>165</x><y>945</y><time>undefined</time></pt><pt><x>3</x><y>945</y><time>undefined</time></pt><closed_date>05-01-22 16:16:47:531</closed_date></polygon></object><object><name>tooth</name><deleted>0</deleted><verified>0</verified><occluded>no</occluded><attributes>35</attributes><parts><hasparts>15</hasparts><ispartof /></parts><date>05-01-22 16:17:10:054</date><id>6</id><type>bounding_box</type><polygon><username>anonymous</username><pt><x>132</x><y>541</y><time>05-01-22 16:17:01:087</time></pt><pt><x>351</x><y>541</y><time>05-01-22 16:17:04:573</time></pt><pt><x>351</x><y>943</y><time>undefined</time></pt><pt><x>132</x><y>943</y><time>undefined</time></pt><closed_date>05-01-22 16:17:04:573</closed_date></polygon></object><object><name>restoration</name><deleted>0</deleted><verified>0</verified><occluded>no</occluded><attributes /><parts><hasparts /><ispartof>0</ispartof></parts><date>05-01-22 16:18:16:384</date><id>7</id><polygon><username>anonymous</username><pt><x>678</x><y>240</y><time>05-01-22 16:17:17:526</time></pt><pt><x>693</x><y>250</y><time>05-01-22 16:17:18:711</time></pt><pt><x>726</x><y>244</y><time>05-01-22 16:17:20:056</time></pt><pt><x>755</x><y>249</y><time>05-01-22 16:17:21:108</time></pt><pt><x>773</x><y>264</y><time>05-01-22 16:17:21:801</time></pt><pt><x>776</x><y>274</y><time>05-01-22 16:17:25:305</time></pt><pt><x>803</x><y>257</y><time>05-01-22 16:17:26:153</time></pt><pt><x>806</x><y>249</y><time>05-01-22 16:17:27:114</time></pt><pt><x>791</x><y>212</y><time>05-01-22 16:17:28:031</time></pt><pt><x>801</x><y>185</y><time>05-01-22 16:17:29:438</time></pt><pt><x>816</x><y>190</y><time>05-01-22 16:17:30:483</time></pt><pt><x>826</x><y>197</y><time>05-01-22 16:17:31:141</time></pt><pt><x>838</x><y>227</y><time>05-01-22 16:17:32:429</time></pt><pt><x>855</x><y>224</y><time>05-01-22 16:17:33:639</time></pt><pt><x>848</x><y>199</y><time>05-01-22 16:17:34:489</time></pt><pt><x>840</x><y>172</y><time>05-01-22 16:17:35:187</time></pt><pt><x>850</x><y>159</y><time>05-01-22 16:17:35:715</time></pt><pt><x>868</x><y>175</y><time>05-01-22 16:17:41:765</time></pt><pt><x>888</x><y>194</y><time>05-01-22 16:17:42:819</time></pt><pt><x>878</x><y>159</y><time>05-01-22 16:17:43:855</time></pt><pt><x>878</x><y>140</y><time>05-01-22 16:17:44:505</time></pt><pt><x>890</x><y>135</y><time>05-01-22 16:17:45:014</time></pt><pt><x>903</x><y>140</y><time>05-01-22 16:17:45:934</time></pt><pt><x>918</x><y>162</y><time>05-01-22 16:17:46:899</time></pt><pt><x>925</x><y>170</y><time>05-01-22 16:17:47:470</time></pt><pt><x>930</x><y>175</y><time>05-01-22 16:17:54:961</time></pt><pt><x>938</x><y>170</y><time>05-01-22 16:17:56:071</time></pt><pt><x>938</x><y>164</y><time>05-01-22 16:17:56:593</time></pt><pt><x>955</x><y>164</y><time>05-01-22 16:17:57:059</time></pt><pt><x>963</x><y>174</y><time>05-01-22 16:17:57:665</time></pt><pt><x>968</x><y>185</y><time>05-01-22 16:17:58:276</time></pt><pt><x>995</x><y>270</y><time>05-01-22 16:18:00:326</time></pt><pt><x>953</x><y>306</y><time>05-01-22 16:18:01:675</time></pt><pt><x>927</x><y>331</y><time>05-01-22 16:18:02:896</time></pt><pt><x>905</x><y>336</y><time>05-01-22 16:18:03:597</time></pt><pt><x>853</x><y>354</y><time>05-01-22 16:18:04:912</time></pt><pt><x>815</x><y>376</y><time>05-01-22 16:18:05:795</time></pt><pt><x>781</x><y>397</y><time>05-01-22 16:18:06:791</time></pt><pt><x>773</x><y>401</y><time>05-01-22 16:18:07:467</time></pt><pt><x>766</x><y>386</y><time>05-01-22 16:18:08:073</time></pt><pt><x>683</x><y>384</y><time>05-01-22 16:18:09:396</time></pt><pt><x>663</x><y>367</y><time>05-01-22 16:18:10:541</time></pt><pt><x>663</x><y>336</y><time>05-01-22 16:18:11:278</time></pt><pt><x>656</x><y>302</y><time>05-01-22 16:18:11:815</time></pt><pt><x>656</x><y>262</y><time>05-01-22 16:18:12:310</time></pt><pt><x>663</x><y>244</y><time>05-01-22 16:18:12:732</time></pt><closed_date>05-01-22 16:18:13:233</closed_date></polygon></object><object><name>root canal treatment</name><deleted>0</deleted><verified>0</verified><occluded>no</occluded><attributes /><parts><hasparts /><ispartof>0</ispartof></parts><date>05-01-22 16:18:45:269</date><id>8</id><polygon><username>anonymous</username><pt><x>738</x><y>237</y><time>05-01-22 16:18:18:463</time></pt><pt><x>736</x><y>202</y><time>05-01-22 16:18:19:330</time></pt><pt><x>730</x><y>132</y><time>05-01-22 16:18:20:485</time></pt><pt><x>745</x><y>104</y><time>05-01-22 16:18:21:292</time></pt><pt><x>756</x><y>88</y><time>05-01-22 16:18:21:730</time></pt><pt><x>763</x><y>52</y><time>05-01-22 16:18:22:380</time></pt><pt><x>758</x><y>20</y><time>05-01-22 16:18:22:875</time></pt><pt><x>756</x><y>5</y><time>05-01-22 16:18:23:263</time></pt><pt><x>825</x><y>7</y><time>05-01-22 16:18:24:323</time></pt><pt><x>833</x><y>87</y><time>05-01-22 16:18:37:596</time></pt><pt><x>855</x><y>120</y><time>05-01-22 16:18:38:257</time></pt><pt><x>865</x><y>180</y><time>05-01-22 16:18:39:276</time></pt><pt><x>831</x><y>205</y><time>05-01-22 16:18:40:006</time></pt><pt><x>791</x><y>229</y><time>05-01-22 16:18:40:607</time></pt><pt><x>763</x><y>244</y><time>05-01-22 16:18:41:099</time></pt><closed_date>05-01-22 16:18:41:429</closed_date></polygon></object><object><name>root canal treatment</name><deleted>0</deleted><verified>0</verified><occluded>no</occluded><attributes /><parts><hasparts /><ispartof>1</ispartof></parts><date>05-01-22 16:19:13:735</date><id>9</id><polygon><username>anonymous</username><pt><x>407</x><y>267</y><time>05-01-22 16:18:46:489</time></pt><pt><x>422</x><y>190</y><time>05-01-22 16:18:47:144</time></pt><pt><x>431</x><y>159</y><time>05-01-22 16:18:47:612</time></pt><pt><x>441</x><y>104</y><time>05-01-22 16:18:48:031</time></pt><pt><x>424</x><y>18</y><time>05-01-22 16:18:48:687</time></pt><pt><x>441</x><y>3</y><time>05-01-22 16:18:49:355</time></pt><pt><x>464</x><y>37</y><time>05-01-22 16:18:50:260</time></pt><pt><x>481</x><y>95</y><time>05-01-22 16:18:51:112</time></pt><pt><x>508</x><y>85</y><time>05-01-22 16:18:52:260</time></pt><pt><x>556</x><y>15</y><time>05-01-22 16:19:02:478</time></pt><pt><x>579</x><y>2</y><time>05-01-22 16:19:03:148</time></pt><pt><x>579</x><y>33</y><time>05-01-22 16:19:04:248</time></pt><pt><x>556</x><y>73</y><time>05-01-22 16:19:04:860</time></pt><pt><x>549</x><y>114</y><time>05-01-22 16:19:05:423</time></pt><pt><x>551</x><y>160</y><time>05-01-22 16:19:05:932</time></pt><pt><x>549</x><y>199</y><time>05-01-22 16:19:06:421</time></pt><pt><x>539</x><y>242</y><time>05-01-22 16:19:06:868</time></pt><pt><x>509</x><y>252</y><time>05-01-22 16:19:07:389</time></pt><pt><x>472</x><y>264</y><time>05-01-22 16:19:07:826</time></pt><pt><x>439</x><y>282</y><time>05-01-22 16:19:08:217</time></pt><closed_date>05-01-22 16:19:08:781</closed_date></polygon></object><object><name>restoration</name><deleted>0</deleted><verified>0</verified><occluded>no</occluded><attributes /><parts><hasparts /><ispartof>1</ispartof></parts><date>05-01-22 16:20:29:013</date><id>10</id><polygon><username>anonymous</username><pt><x>347</x><y>260</y><time>05-01-22 16:19:52:369</time></pt><pt><x>386</x><y>265</y><time>05-01-22 16:19:53:211</time></pt><pt><x>409</x><y>277</y><time>05-01-22 16:19:54:255</time></pt><pt><x>426</x><y>301</y><time>05-01-22 16:19:54:968</time></pt><pt><x>457</x><y>291</y><time>05-01-22 16:19:55:828</time></pt><pt><x>464</x><y>277</y><time>05-01-22 16:19:56:568</time></pt><pt><x>494</x><y>269</y><time>05-01-22 16:19:57:421</time></pt><pt><x>511</x><y>272</y><time>05-01-22 16:19:57:920</time></pt><pt><x>534</x><y>244</y><time>05-01-22 16:19:58:641</time></pt><pt><x>584</x><y>239</y><time>05-01-22 16:19:59:406</time></pt><pt><x>616</x><y>239</y><time>05-01-22 16:19:59:873</time></pt><pt><x>643</x><y>239</y><time>05-01-22 16:20:00:293</time></pt><pt><x>661</x><y>255</y><time>05-01-22 16:20:00:905</time></pt><pt><x>658</x><y>291</y><time>05-01-22 16:20:01:435</time></pt><pt><x>659</x><y>309</y><time>05-01-22 16:20:01:880</time></pt><pt><x>661</x><y>332</y><time>05-01-22 16:20:02:194</time></pt><pt><x>661</x><y>357</y><time>05-01-22 16:20:02:581</time></pt><pt><x>636</x><y>392</y><time>05-01-22 16:20:03:411</time></pt><pt><x>593</x><y>407</y><time>05-01-22 16:20:05:582</time></pt><pt><x>501</x><y>401</y><time>05-01-22 16:20:13:311</time></pt><pt><x>478</x><y>382</y><time>05-01-22 16:20:14:020</time></pt><pt><x>451</x><y>382</y><time>05-01-22 16:20:14:594</time></pt><pt><x>429</x><y>392</y><time>05-01-22 16:20:14:995</time></pt><pt><x>389</x><y>397</y><time>05-01-22 16:20:15:622</time></pt><pt><x>342</x><y>376</y><time>05-01-22 16:20:22:900</time></pt><pt><x>321</x><y>356</y><time>05-01-22 16:20:23:673</time></pt><pt><x>311</x><y>327</y><time>05-01-22 16:20:24:199</time></pt><pt><x>339</x><y>274</y><time>05-01-22 16:20:25:260</time></pt><closed_date>05-01-22 16:20:25:816</closed_date></polygon></object><object><name>restoration</name><deleted>0</deleted><verified>0</verified><occluded>no</occluded><attributes /><parts><hasparts /><ispartof>2</ispartof></parts><date>05-01-22 16:20:49:769</date><id>11</id><polygon><username>anonymous</username><pt><x>264</x><y>249</y><time>05-01-22 16:20:31:381</time></pt><pt><x>262</x><y>267</y><time>05-01-22 16:20:32:061</time></pt><pt><x>245</x><y>296</y><time>05-01-22 16:20:32:560</time></pt><pt><x>227</x><y>319</y><time>05-01-22 16:20:33:051</time></pt><pt><x>194</x><y>337</y><time>05-01-22 16:20:33:496</time></pt><pt><x>179</x><y>342</y><time>05-01-22 16:20:33:867</time></pt><pt><x>182</x><y>302</y><time>05-01-22 16:20:34:369</time></pt><pt><x>172</x><y>287</y><time>05-01-22 16:20:34:883</time></pt><pt><x>144</x><y>292</y><time>05-01-22 16:20:35:358</time></pt><pt><x>127</x><y>306</y><time>05-01-22 16:20:35:780</time></pt><pt><x>132</x><y>344</y><time>05-01-22 16:20:36:177</time></pt><pt><x>137</x><y>381</y><time>05-01-22 16:20:36:705</time></pt><pt><x>155</x><y>387</y><time>05-01-22 16:20:37:028</time></pt><pt><x>175</x><y>397</y><time>05-01-22 16:20:37:347</time></pt><pt><x>197</x><y>406</y><time>05-01-22 16:20:37:626</time></pt><pt><x>240</x><y>414</y><time>05-01-22 16:20:37:941</time></pt><pt><x>269</x><y>382</y><time>05-01-22 16:20:42:348</time></pt><pt><x>296</x><y>371</y><time>05-01-22 16:20:43:028</time></pt><pt><x>314</x><y>359</y><time>05-01-22 16:20:43:530</time></pt><pt><x>327</x><y>331</y><time>05-01-22 16:20:44:060</time></pt><pt><x>331</x><y>280</y><time>05-01-22 16:20:44:590</time></pt><pt><x>324</x><y>242</y><time>05-01-22 16:20:45:454</time></pt><pt><x>307</x><y>237</y><time>05-01-22 16:20:46:099</time></pt><pt><x>277</x><y>237</y><time>05-01-22 16:20:46:643</time></pt><closed_date>05-01-22 16:20:46:962</closed_date></polygon></object><object><name>restoration</name><deleted>0</deleted><verified>0</verified><occluded>no</occluded><attributes /><parts><hasparts /><ispartof>3</ispartof></parts><date>05-01-22 16:21:09:218</date><id>12</id><polygon><username>anonymous</username><pt><x>70</x><y>311</y><time>05-01-22 16:20:54:255</time></pt><pt><x>112</x><y>289</y><time>05-01-22 16:20:55:327</time></pt><pt><x>120</x><y>296</y><time>05-01-22 16:20:55:868</time></pt><pt><x>130</x><y>327</y><time>05-01-22 16:20:56:464</time></pt><pt><x>134</x><y>349</y><time>05-01-22 16:20:57:027</time></pt><pt><x>129</x><y>386</y><time>05-01-22 16:20:57:802</time></pt><pt><x>105</x><y>404</y><time>05-01-22 16:20:58:430</time></pt><pt><x>88</x><y>397</y><time>05-01-22 16:20:58:941</time></pt><pt><x>57</x><y>431</y><time>05-01-22 16:20:59:587</time></pt><pt><x>22</x><y>432</y><time>05-01-22 16:21:00:178</time></pt><pt><x>7</x><y>429</y><time>05-01-22 16:21:00:610</time></pt><pt><x>3</x><y>404</y><time>05-01-22 16:21:01:217</time></pt><pt><x>0</x><y>362</y><time>05-01-22 16:21:01:676</time></pt><pt><x>22</x><y>364</y><time>05-01-22 16:21:02:497</time></pt><pt><x>47</x><y>346</y><time>05-01-22 16:21:03:033</time></pt><pt><x>52</x><y>326</y><time>05-01-22 16:21:03:403</time></pt><closed_date>05-01-22 16:21:03:871</closed_date></polygon></object><object><name>restoration</name><deleted>1</deleted><verified>0</verified><occluded>no</occluded><attributes /><parts><hasparts /><ispartof>4</ispartof></parts><date>05-01-22 16:21:41:997</date><id>13</id><polygon><username>anonymous</username><pt><x>377</x><y>653</y><time>05-01-22 16:21:15:260</time></pt><pt><x>407</x><y>648</y><time>05-01-22 16:21:15:985</time></pt><pt><x>418</x><y>639</y><time>05-01-22 16:21:16:535</time></pt><pt><x>425</x><y>589</y><time>05-01-22 16:21:17:437</time></pt><pt><x>448</x><y>578</y><time>05-01-22 16:21:17:934</time></pt><pt><x>524</x><y>574</y><time>05-01-22 16:21:18:971</time></pt><pt><x>552</x><y>581</y><time>05-01-22 16:21:19:669</time></pt><pt><x>592</x><y>618</y><time>05-01-22 16:21:20:544</time></pt><pt><x>639</x><y>641</y><time>05-01-22 16:21:21:292</time></pt><pt><x>654</x><y>644</y><time>05-01-22 16:21:24:290</time></pt><pt><x>686</x><y>619</y><time>05-01-22 16:21:25:017</time></pt><pt><x>699</x><y>616</y><time>05-01-22 16:21:25:483</time></pt><pt><x>709</x><y>573</y><time>05-01-22 16:21:26:187</time></pt><pt><x>709</x><y>511</y><time>05-01-22 16:21:26:860</time></pt><pt><x>682</x><y>501</y><time>05-01-22 16:21:28:970</time></pt><pt><x>657</x><y>496</y><time>05-01-22 16:21:29:625</time></pt><pt><x>624</x><y>501</y><time>05-01-22 16:21:30:202</time></pt><pt><x>604</x><y>496</y><time>05-01-22 16:21:30:629</time></pt><pt><x>589</x><y>496</y><time>05-01-22 16:21:30:940</time></pt><pt><x>567</x><y>494</y><time>05-01-22 16:21:31:401</time></pt><pt><x>545</x><y>499</y><time>05-01-22 16:21:31:742</time></pt><pt><x>522</x><y>506</y><time>05-01-22 16:21:32:029</time></pt><pt><x>490</x><y>511</y><time>05-01-22 16:21:32:334</time></pt><pt><x>465</x><y>511</y><time>05-01-22 16:21:32:649</time></pt><pt><x>422</x><y>499</y><time>05-01-22 16:21:32:949</time></pt><pt><x>372</x><y>518</y><time>05-01-22 16:21:33:691</time></pt><pt><x>338</x><y>538</y><time>05-01-22 16:21:34:291</time></pt><pt><x>362</x><y>626</y><time>05-01-22 16:21:35:455</time></pt><closed_date>05-01-22 16:21:36:101</closed_date></polygon></object><object><name>restoration</name><deleted>0</deleted><verified>0</verified><occluded>no</occluded><attributes /><parts><hasparts /><ispartof>5</ispartof></parts><date>05-01-22 16:21:58:351</date><id>14</id><polygon><username>anonymous</username><pt><x>174</x><y>713</y><time>05-01-22 16:21:45:574</time></pt><pt><x>210</x><y>690</y><time>05-01-22 16:21:46:344</time></pt><pt><x>214</x><y>673</y><time>05-01-22 16:21:46:848</time></pt><pt><x>207</x><y>633</y><time>05-01-22 16:21:47:591</time></pt><pt><x>289</x><y>613</y><time>05-01-22 16:21:48:923</time></pt><pt><x>307</x><y>648</y><time>05-01-22 16:21:49:633</time></pt><pt><x>331</x><y>663</y><time>05-01-22 16:21:50:190</time></pt><pt><x>352</x><y>651</y><time>05-01-22 16:21:50:595</time></pt><pt><x>354</x><y>614</y><time>05-01-22 16:21:51:066</time></pt><pt><x>339</x><y>578</y><time>05-01-22 16:21:51:633</time></pt><pt><x>317</x><y>564</y><time>05-01-22 16:21:52:035</time></pt><pt><x>284</x><y>561</y><time>05-01-22 16:21:52:397</time></pt><pt><x>245</x><y>566</y><time>05-01-22 16:21:52:850</time></pt><pt><x>197</x><y>578</y><time>05-01-22 16:21:53:240</time></pt><pt><x>170</x><y>583</y><time>05-01-22 16:21:53:608</time></pt><pt><x>147</x><y>598</y><time>05-01-22 16:21:53:938</time></pt><pt><x>142</x><y>624</y><time>05-01-22 16:21:54:257</time></pt><pt><x>149</x><y>649</y><time>05-01-22 16:21:54:541</time></pt><pt><x>157</x><y>686</y><time>05-01-22 16:21:54:799</time></pt><pt><x>160</x><y>700</y><time>05-01-22 16:21:55:021</time></pt><closed_date>05-01-22 16:21:55:324</closed_date></polygon></object><object><name>restoration</name><deleted>0</deleted><verified>0</verified><occluded>no</occluded><attributes /><parts><hasparts /><ispartof>6</ispartof></parts><date>05-01-22 16:22:10:971</date><id>15</id><polygon><username>anonymous</username><pt><x>40</x><y>673</y><time>05-01-22 16:22:00:082</time></pt><pt><x>75</x><y>666</y><time>05-01-22 16:22:00:674</time></pt><pt><x>95</x><y>683</y><time>05-01-22 16:22:01:180</time></pt><pt><x>122</x><y>696</y><time>05-01-22 16:22:01:551</time></pt><pt><x>144</x><y>696</y><time>05-01-22 16:22:01:969</time></pt><pt><x>160</x><y>685</y><time>05-01-22 16:22:02:480</time></pt><pt><x>142</x><y>626</y><time>05-01-22 16:22:03:218</time></pt><pt><x>117</x><y>619</y><time>05-01-22 16:22:03:670</time></pt><pt><x>83</x><y>621</y><time>05-01-22 16:22:04:054</time></pt><pt><x>55</x><y>626</y><time>05-01-22 16:22:04:402</time></pt><pt><x>25</x><y>629</y><time>05-01-22 16:22:04:746</time></pt><pt><x>3</x><y>636</y><time>05-01-22 16:22:05:058</time></pt><pt><x>0</x><y>654</y><time>05-01-22 16:22:05:419</time></pt><pt><x>2</x><y>676</y><time>05-01-22 16:22:05:763</time></pt><pt><x>27</x><y>683</y><time>05-01-22 16:22:06:013</time></pt><closed_date>05-01-22 16:22:06:327</closed_date></polygon></object><object><name>restoration</name><deleted>0</deleted><verified>0</verified><occluded>no</occluded><attributes /><parts><hasparts /><ispartof>4</ispartof></parts><date>05-01-22 16:25:49:596</date><id>16</id><polygon><username>anonymous</username><pt><x>369</x><y>670</y><time>05-01-22 16:25:23:503</time></pt><pt><x>411</x><y>663</y><time>05-01-22 16:25:24:007</time></pt><pt><x>419</x><y>654</y><time>05-01-22 16:25:25:094</time></pt><pt><x>419</x><y>631</y><time>05-01-22 16:25:25:679</time></pt><pt><x>442</x><y>603</y><time>05-01-22 16:25:26:288</time></pt><pt><x>462</x><y>623</y><time>05-01-22 16:25:26:816</time></pt><pt><x>484</x><y>634</y><time>05-01-22 16:25:27:282</time></pt><pt><x>511</x><y>636</y><time>05-01-22 16:25:27:818</time></pt><pt><x>536</x><y>626</y><time>05-01-22 16:25:28:641</time></pt><pt><x>538</x><y>608</y><time>05-01-22 16:25:29:155</time></pt><pt><x>553</x><y>606</y><time>05-01-22 16:25:34:654</time></pt><pt><x>584</x><y>633</y><time>05-01-22 16:25:35:366</time></pt><pt><x>641</x><y>663</y><time>05-01-22 16:25:36:424</time></pt><pt><x>675</x><y>659</y><time>05-01-22 16:25:37:009</time></pt><pt><x>681</x><y>644</y><time>05-01-22 16:25:37:491</time></pt><pt><x>698</x><y>638</y><time>05-01-22 16:25:37:878</time></pt><pt><x>701</x><y>623</y><time>05-01-22 16:25:38:291</time></pt><pt><x>706</x><y>523</y><time>05-01-22 16:25:39:989</time></pt><pt><x>675</x><y>516</y><time>05-01-22 16:25:40:627</time></pt><pt><x>633</x><y>516</y><time>05-01-22 16:25:41:380</time></pt><pt><x>608</x><y>518</y><time>05-01-22 16:25:41:793</time></pt><pt><x>581</x><y>516</y><time>05-01-22 16:25:42:133</time></pt><pt><x>571</x><y>513</y><time>05-01-22 16:25:42:443</time></pt><pt><x>549</x><y>513</y><time>05-01-22 16:25:42:960</time></pt><pt><x>509</x><y>531</y><time>05-01-22 16:25:43:407</time></pt><pt><x>469</x><y>533</y><time>05-01-22 16:25:43:819</time></pt><pt><x>419</x><y>526</y><time>05-01-22 16:25:44:256</time></pt><pt><x>391</x><y>524</y><time>05-01-22 16:25:44:562</time></pt><pt><x>354</x><y>549</y><time>05-01-22 16:25:44:870</time></pt><pt><x>339</x><y>571</y><time>05-01-22 16:25:45:219</time></pt><pt><x>339</x><y>616</y><time>05-01-22 16:25:45:532</time></pt><pt><x>349</x><y>643</y><time>05-01-22 16:25:45:836</time></pt><pt><x>354</x><y>664</y><time>05-01-22 16:25:46:066</time></pt><closed_date>05-01-22 16:25:46:268</closed_date></polygon></object><imagesize><nrows /><ncols /></imagesize></annotation>