<annotation><filename>imagem-129.jpg</filename><folder>segmentation_xray</folder><source><sourceImage>The MIT-CSAIL database of objects and scenes</sourceImage><sourceAnnotation>LabelMe Webtool</sourceAnnotation></source><object><name>tooth</name><deleted>0</deleted><verified>0</verified><occluded>no</occluded><attributes>27</attributes><parts><hasparts /><ispartof /></parts><date>20-01-22 11:14:24:177</date><id>0</id><type>bounding_box</type><polygon><username>anonymous</username><pt><x>1144</x><y>13</y><time>20-01-22 11:14:18:049</time></pt><pt><x>1567</x><y>13</y><time>20-01-22 11:14:19:759</time></pt><pt><x>1567</x><y>415</y><time>undefined</time></pt><pt><x>1144</x><y>415</y><time>undefined</time></pt><closed_date>20-01-22 11:14:19:760</closed_date></polygon></object><object><name>tooth</name><deleted>0</deleted><verified>0</verified><occluded>no</occluded><attributes>26</attributes><parts><hasparts>10</hasparts><ispartof /></parts><date>20-01-22 11:14:33:968</date><id>1</id><type>bounding_box</type><polygon><username>anonymous</username><pt><x>748</x><y>13</y><time>20-01-22 11:14:25:104</time></pt><pt><x>1170</x><y>13</y><time>20-01-22 11:14:27:807</time></pt><pt><x>1170</x><y>450</y><time>undefined</time></pt><pt><x>748</x><y>450</y><time>undefined</time></pt><closed_date>20-01-22 11:14:27:807</closed_date></polygon></object><object><name>tooth</name><deleted>0</deleted><verified>0</verified><occluded>no</occluded><attributes>25</attributes><parts><hasparts /><ispartof /></parts><date>20-01-22 11:14:43:119</date><id>2</id><type>bounding_box</type><polygon><username>anonymous</username><pt><x>467</x><y>15</y><time>20-01-22 11:14:35:424</time></pt><pt><x>761</x><y>15</y><time>20-01-22 11:14:36:975</time></pt><pt><x>761</x><y>480</y><time>undefined</time></pt><pt><x>467</x><y>480</y><time>undefined</time></pt><closed_date>20-01-22 11:14:36:975</closed_date></polygon></object><object><name>tooth</name><deleted>0</deleted><verified>0</verified><occluded>no</occluded><attributes>24</attributes><parts><hasparts /><ispartof /></parts><date>20-01-22 11:14:49:417</date><id>3</id><type>bounding_box</type><polygon><username>anonymous</username><pt><x>215</x><y>24</y><time>20-01-22 11:14:44:504</time></pt><pt><x>500</x><y>24</y><time>20-01-22 11:14:46:063</time></pt><pt><x>500</x><y>472</y><time>undefined</time></pt><pt><x>215</x><y>472</y><time>undefined</time></pt><closed_date>20-01-22 11:14:46:063</closed_date></polygon></object><object><name>tooth</name><deleted>0</deleted><verified>0</verified><occluded>no</occluded><attributes>23</attributes><parts><hasparts /><ispartof /></parts><date>20-01-22 11:14:54:968</date><id>4</id><type>bounding_box</type><polygon><username>anonymous</username><pt><x>115</x><y>83</y><time>20-01-22 11:14:50:376</time></pt><pt><x>13</x><y>83</y><time>20-01-22 11:14:52:128</time></pt><pt><x>13</x><y>541</y><time>undefined</time></pt><pt><x>115</x><y>541</y><time>undefined</time></pt><closed_date>20-01-22 11:14:52:129</closed_date></polygon></object><object><name>tooth</name><deleted>0</deleted><verified>0</verified><occluded>no</occluded><attributes>33</attributes><parts><hasparts /><ispartof /></parts><date>20-01-22 11:15:03:045</date><id>5</id><type>bounding_box</type><polygon><username>anonymous</username><pt><x>17</x><y>622</y><time>20-01-22 11:14:56:857</time></pt><pt><x>270</x><y>622</y><time>20-01-22 11:14:59:439</time></pt><pt><x>270</x><y>1224</y><time>undefined</time></pt><pt><x>17</x><y>1224</y><time>undefined</time></pt><closed_date>20-01-22 11:14:59:439</closed_date></polygon></object><object><name>tooth</name><deleted>0</deleted><verified>0</verified><occluded>no</occluded><attributes>34</attributes><parts><hasparts /><ispartof /></parts><date>20-01-22 11:15:11:738</date><id>6</id><type>bounding_box</type><polygon><username>anonymous</username><pt><x>454</x><y>596</y><time>20-01-22 11:15:04:359</time></pt><pt><x>193</x><y>596</y><time>20-01-22 11:15:06:950</time></pt><pt><x>193</x><y>1228</y><time>undefined</time></pt><pt><x>454</x><y>1228</y><time>undefined</time></pt><closed_date>20-01-22 11:15:06:950</closed_date></polygon></object><object><name>tooth</name><deleted>0</deleted><verified>0</verified><occluded>no</occluded><attributes>35</attributes><parts><hasparts /><ispartof /></parts><date>20-01-22 11:15:18:575</date><id>7</id><type>bounding_box</type><polygon><username>anonymous</username><pt><x>474</x><y>583</y><time>20-01-22 11:15:12:657</time></pt><pt><x>765</x><y>583</y><time>20-01-22 11:15:14:424</time></pt><pt><x>765</x><y>1230</y><time>undefined</time></pt><pt><x>474</x><y>1230</y><time>undefined</time></pt><closed_date>20-01-22 11:15:14:424</closed_date></polygon></object><object><name>tooth</name><deleted>0</deleted><verified>0</verified><occluded>no</occluded><attributes>37</attributes><parts><hasparts>11</hasparts><ispartof /></parts><date>20-01-22 11:15:51:714</date><id>8</id><type>bounding_box</type><polygon><username>anonymous</username><pt><x>1591</x><y>1165</y><time>20-01-22 11:15:36:395</time></pt><pt><x>941</x><y>1165</y><time>20-01-22 11:15:41:215</time></pt><pt><x>941</x><y>500</y><time>undefined</time></pt><pt><x>1591</x><y>500</y><time>undefined</time></pt><closed_date>20-01-22 11:15:41:216</closed_date></polygon></object><object><name>tooth</name><deleted>0</deleted><verified>0</verified><occluded>no</occluded><attributes>38</attributes><parts><hasparts>12</hasparts><ispartof /></parts><date>20-01-22 11:15:59:461</date><id>9</id><type>bounding_box</type><polygon><username>anonymous</username><pt><x>1602</x><y>370</y><time>20-01-22 11:15:53:457</time></pt><pt><x>1350</x><y>370</y><time>20-01-22 11:15:55:119</time></pt><pt><x>1350</x><y>867</y><time>undefined</time></pt><pt><x>1602</x><y>867</y><time>undefined</time></pt><closed_date>20-01-22 11:15:55:120</closed_date></polygon></object><object><name>restoration</name><deleted>0</deleted><verified>0</verified><occluded>no</occluded><attributes /><parts><hasparts /><ispartof>1</ispartof></parts><date>20-01-22 11:16:19:844</date><id>10</id><polygon><username>anonymous</username><pt><x>800</x><y>261</y><time>20-01-22 11:16:03:368</time></pt><pt><x>859</x><y>263</y><time>20-01-22 11:16:04:023</time></pt><pt><x>889</x><y>291</y><time>20-01-22 11:16:04:367</time></pt><pt><x>885</x><y>352</y><time>20-01-22 11:16:04:751</time></pt><pt><x>887</x><y>385</y><time>20-01-22 11:16:05:081</time></pt><pt><x>835</x><y>396</y><time>20-01-22 11:16:05:520</time></pt><pt><x>789</x><y>398</y><time>20-01-22 11:16:05:823</time></pt><pt><x>780</x><y>378</y><time>20-01-22 11:16:06:183</time></pt><pt><x>772</x><y>324</y><time>20-01-22 11:16:06:504</time></pt><pt><x>789</x><y>274</y><time>20-01-22 11:16:06:815</time></pt><closed_date>20-01-22 11:16:07:111</closed_date></polygon></object><object><name>restoration</name><deleted>0</deleted><verified>0</verified><occluded>no</occluded><attributes /><parts><hasparts /><ispartof>8</ispartof></parts><date>20-01-22 11:16:28:320</date><id>11</id><polygon><username>anonymous</username><pt><x>1102</x><y>698</y><time>20-01-22 11:16:21:057</time></pt><pt><x>1111</x><y>757</y><time>20-01-22 11:16:21:503</time></pt><pt><x>1146</x><y>783</y><time>20-01-22 11:16:21:823</time></pt><pt><x>1183</x><y>804</y><time>20-01-22 11:16:22:097</time></pt><pt><x>1222</x><y>824</y><time>20-01-22 11:16:22:688</time></pt><pt><x>1250</x><y>809</y><time>20-01-22 11:16:23:056</time></pt><pt><x>1263</x><y>778</y><time>20-01-22 11:16:23:328</time></pt><pt><x>1272</x><y>757</y><time>20-01-22 11:16:23:552</time></pt><pt><x>1287</x><y>739</y><time>20-01-22 11:16:23:776</time></pt><pt><x>1283</x><y>683</y><time>20-01-22 11:16:24:088</time></pt><pt><x>1254</x><y>657</y><time>20-01-22 11:16:24:376</time></pt><pt><x>1207</x><y>622</y><time>20-01-22 11:16:24:624</time></pt><pt><x>1183</x><y>600</y><time>20-01-22 11:16:25:064</time></pt><pt><x>1159</x><y>604</y><time>20-01-22 11:16:25:328</time></pt><pt><x>1152</x><y>624</y><time>20-01-22 11:16:25:553</time></pt><pt><x>1135</x><y>646</y><time>20-01-22 11:16:25:746</time></pt><pt><x>1128</x><y>678</y><time>20-01-22 11:16:25:961</time></pt><closed_date>20-01-22 11:16:26:223</closed_date></polygon></object><object><name>restoration</name><deleted>0</deleted><verified>0</verified><occluded>no</occluded><attributes /><parts><hasparts /><ispartof>9</ispartof></parts><date>20-01-22 11:16:36:657</date><id>12</id><polygon><username>anonymous</username><pt><x>1407</x><y>543</y><time>20-01-22 11:16:30:121</time></pt><pt><x>1450</x><y>546</y><time>20-01-22 11:16:30:487</time></pt><pt><x>1491</x><y>552</y><time>20-01-22 11:16:30:752</time></pt><pt><x>1526</x><y>557</y><time>20-01-22 11:16:30:976</time></pt><pt><x>1544</x><y>557</y><time>20-01-22 11:16:31:216</time></pt><pt><x>1576</x><y>552</y><time>20-01-22 11:16:31:513</time></pt><pt><x>1596</x><y>533</y><time>20-01-22 11:16:31:896</time></pt><pt><x>1600</x><y>476</y><time>20-01-22 11:16:32:272</time></pt><pt><x>1600</x><y>426</y><time>20-01-22 11:16:32:624</time></pt><pt><x>1589</x><y>407</y><time>20-01-22 11:16:32:912</time></pt><pt><x>1557</x><y>417</y><time>20-01-22 11:16:33:152</time></pt><pt><x>1530</x><y>443</y><time>20-01-22 11:16:33:360</time></pt><pt><x>1498</x><y>465</y><time>20-01-22 11:16:33:552</time></pt><pt><x>1467</x><y>489</y><time>20-01-22 11:16:33:746</time></pt><pt><x>1437</x><y>509</y><time>20-01-22 11:16:33:953</time></pt><closed_date>20-01-22 11:16:34:191</closed_date></polygon></object><imagesize><nrows /><ncols /></imagesize></annotation>