<annotation><filename>imagem-096.jpg</filename><folder>segmentation_xray</folder><source><sourceImage>The MIT-CSAIL database of objects and scenes</sourceImage><sourceAnnotation>LabelMe Webtool</sourceAnnotation></source><object><name>tooth</name><deleted>0</deleted><verified>0</verified><occluded>no</occluded><attributes>23</attributes><parts><hasparts /><ispartof /></parts><date>15-12-21 18:04:04:701</date><id>0</id><type>bounding_box</type><polygon><username>anonymous</username><pt><x>12</x><y>297</y><time>15-12-21 18:03:53:773</time></pt><pt><x>199</x><y>297</y><time>15-12-21 18:03:55:171</time></pt><pt><x>199</x><y>2</y><time>undefined</time></pt><pt><x>12</x><y>2</y><time>undefined</time></pt><closed_date>15-12-21 18:03:55:171</closed_date></polygon></object><object><name>tooth</name><deleted>0</deleted><verified>0</verified><occluded>no</occluded><attributes>24</attributes><parts><hasparts /><ispartof /></parts><date>15-12-21 18:04:12:750</date><id>1</id><type>bounding_box</type><polygon><username>anonymous</username><pt><x>389</x><y>312</y><time>15-12-21 18:04:06:096</time></pt><pt><x>137</x><y>312</y><time>15-12-21 18:04:09:924</time></pt><pt><x>137</x><y>2</y><time>undefined</time></pt><pt><x>389</x><y>2</y><time>undefined</time></pt><closed_date>15-12-21 18:04:09:924</closed_date></polygon></object><object><name>tooth</name><deleted>0</deleted><verified>0</verified><occluded>no</occluded><attributes>25</attributes><parts><hasparts>10</hasparts><ispartof /></parts><date>15-12-21 18:04:21:222</date><id>2</id><type>bounding_box</type><polygon><username>anonymous</username><pt><x>624</x><y>346</y><time>15-12-21 18:04:15:157</time></pt><pt><x>381</x><y>346</y><time>15-12-21 18:04:17:444</time></pt><pt><x>381</x><y>3</y><time>undefined</time></pt><pt><x>624</x><y>3</y><time>undefined</time></pt><closed_date>15-12-21 18:04:17:444</closed_date></polygon></object><object><name>tooth</name><deleted>0</deleted><verified>0</verified><occluded>no</occluded><attributes>26</attributes><parts><hasparts>11,12</hasparts><ispartof /></parts><date>15-12-21 18:04:36:559</date><id>3</id><type>bounding_box</type><polygon><username>anonymous</username><pt><x>962</x><y>411</y><time>15-12-21 18:04:29:556</time></pt><pt><x>584</x><y>411</y><time>15-12-21 18:04:32:483</time></pt><pt><x>584</x><y>0</y><time>undefined</time></pt><pt><x>962</x><y>0</y><time>undefined</time></pt><closed_date>15-12-21 18:04:32:484</closed_date></polygon></object><object><name>tooth</name><deleted>0</deleted><verified>0</verified><occluded>no</occluded><attributes>27</attributes><parts><hasparts /><ispartof /></parts><date>15-12-21 18:04:43:742</date><id>4</id><type>bounding_box</type><polygon><username>anonymous</username><pt><x>1210</x><y>409</y><time>15-12-21 18:04:37:726</time></pt><pt><x>945</x><y>409</y><time>15-12-21 18:04:39:701</time></pt><pt><x>945</x><y>2</y><time>undefined</time></pt><pt><x>1210</x><y>2</y><time>undefined</time></pt><closed_date>15-12-21 18:04:39:701</closed_date></polygon></object><object><name>tooth</name><deleted>0</deleted><verified>0</verified><occluded>no</occluded><attributes>37</attributes><parts><hasparts /><ispartof /></parts><date>15-12-21 18:04:53:687</date><id>5</id><type>bounding_box</type><polygon><username>anonymous</username><pt><x>1219</x><y>479</y><time>15-12-21 18:04:44:927</time></pt><pt><x>952</x><y>479</y><time>15-12-21 18:04:50:564</time></pt><pt><x>952</x><y>943</y><time>undefined</time></pt><pt><x>1219</x><y>943</y><time>undefined</time></pt><closed_date>15-12-21 18:04:50:565</closed_date></polygon></object><object><name>tooth</name><deleted>0</deleted><verified>0</verified><occluded>no</occluded><attributes>36</attributes><parts><hasparts>13</hasparts><ispartof /></parts><date>15-12-21 18:05:00:584</date><id>6</id><type>bounding_box</type><polygon><username>anonymous</username><pt><x>596</x><y>483</y><time>15-12-21 18:04:54:806</time></pt><pt><x>972</x><y>483</y><time>15-12-21 18:04:57:045</time></pt><pt><x>972</x><y>947</y><time>undefined</time></pt><pt><x>596</x><y>947</y><time>undefined</time></pt><closed_date>15-12-21 18:04:57:046</closed_date></polygon></object><object><name>tooth</name><deleted>0</deleted><verified>0</verified><occluded>no</occluded><attributes>35</attributes><parts><hasparts>14,15</hasparts><ispartof /></parts><date>15-12-21 18:05:14:054</date><id>7</id><type>bounding_box</type><polygon><username>anonymous</username><pt><x>329</x><y>476</y><time>15-12-21 18:05:06:908</time></pt><pt><x>598</x><y>476</y><time>15-12-21 18:05:08:900</time></pt><pt><x>598</x><y>948</y><time>undefined</time></pt><pt><x>329</x><y>948</y><time>undefined</time></pt><closed_date>15-12-21 18:05:08:900</closed_date></polygon></object><object><name>tooth</name><deleted>0</deleted><verified>0</verified><occluded>no</occluded><attributes>34</attributes><parts><hasparts>16</hasparts><ispartof /></parts><date>15-12-21 18:05:22:326</date><id>8</id><type>bounding_box</type><polygon><username>anonymous</username><pt><x>53</x><y>449</y><time>15-12-21 18:05:16:311</time></pt><pt><x>331</x><y>449</y><time>15-12-21 18:05:18:829</time></pt><pt><x>331</x><y>943</y><time>undefined</time></pt><pt><x>53</x><y>943</y><time>undefined</time></pt><closed_date>15-12-21 18:05:18:829</closed_date></polygon></object><object><name>tooth</name><deleted>0</deleted><verified>0</verified><occluded>no</occluded><attributes>33</attributes><parts><hasparts /><ispartof /></parts><date>15-12-21 18:05:29:399</date><id>9</id><type>bounding_box</type><polygon><username>anonymous</username><pt><x>0</x><y>446</y><time>15-12-21 18:05:23:494</time></pt><pt><x>107</x><y>446</y><time>15-12-21 18:05:25:565</time></pt><pt><x>107</x><y>925</y><time>undefined</time></pt><pt><x>0</x><y>925</y><time>undefined</time></pt><closed_date>15-12-21 18:05:25:565</closed_date></polygon></object><object><name>restoration</name><deleted>0</deleted><verified>0</verified><occluded>no</occluded><attributes /><parts><hasparts /><ispartof>2</ispartof></parts><date>15-12-21 18:06:44:639</date><id>10</id><polygon><username>anonymous</username><pt><x>419</x><y>172</y><time>15-12-21 18:06:35:789</time></pt><pt><x>446</x><y>169</y><time>15-12-21 18:06:36:165</time></pt><pt><x>461</x><y>165</y><time>15-12-21 18:06:36:421</time></pt><pt><x>474</x><y>170</y><time>15-12-21 18:06:36:653</time></pt><pt><x>498</x><y>164</y><time>15-12-21 18:06:36:934</time></pt><pt><x>529</x><y>159</y><time>15-12-21 18:06:37:165</time></pt><pt><x>553</x><y>159</y><time>15-12-21 18:06:37:373</time></pt><pt><x>578</x><y>159</y><time>15-12-21 18:06:37:581</time></pt><pt><x>599</x><y>175</y><time>15-12-21 18:06:37:853</time></pt><pt><x>624</x><y>192</y><time>15-12-21 18:06:38:197</time></pt><pt><x>626</x><y>214</y><time>15-12-21 18:06:38:453</time></pt><pt><x>626</x><y>234</y><time>15-12-21 18:06:38:724</time></pt><pt><x>623</x><y>255</y><time>15-12-21 18:06:38:941</time></pt><pt><x>613</x><y>275</y><time>15-12-21 18:06:39:173</time></pt><pt><x>596</x><y>286</y><time>15-12-21 18:06:39:389</time></pt><pt><x>566</x><y>287</y><time>15-12-21 18:06:39:645</time></pt><pt><x>536</x><y>299</y><time>15-12-21 18:06:39:917</time></pt><pt><x>483</x><y>314</y><time>15-12-21 18:06:40:293</time></pt><pt><x>456</x><y>324</y><time>15-12-21 18:06:40:590</time></pt><pt><x>446</x><y>326</y><time>15-12-21 18:06:40:812</time></pt><pt><x>439</x><y>317</y><time>15-12-21 18:06:41:077</time></pt><pt><x>436</x><y>296</y><time>15-12-21 18:06:41:293</time></pt><pt><x>436</x><y>272</y><time>15-12-21 18:06:41:549</time></pt><pt><x>436</x><y>242</y><time>15-12-21 18:06:41:797</time></pt><pt><x>424</x><y>202</y><time>15-12-21 18:06:42:021</time></pt><pt><x>417</x><y>185</y><time>15-12-21 18:06:42:228</time></pt><closed_date>15-12-21 18:06:42:605</closed_date></polygon></object><object><name>restoration</name><deleted>0</deleted><verified>0</verified><occluded>no</occluded><attributes /><parts><hasparts /><ispartof>3</ispartof></parts><date>15-12-21 18:06:56:358</date><id>11</id><polygon><username>anonymous</username><pt><x>670</x><y>286</y><time>15-12-21 18:06:45:575</time></pt><pt><x>675</x><y>304</y><time>15-12-21 18:06:45:965</time></pt><pt><x>688</x><y>317</y><time>15-12-21 18:06:46:413</time></pt><pt><x>690</x><y>321</y><time>15-12-21 18:06:46:693</time></pt><pt><x>700</x><y>312</y><time>15-12-21 18:06:46:956</time></pt><pt><x>708</x><y>304</y><time>15-12-21 18:06:47:190</time></pt><pt><x>708</x><y>304</y><time>15-12-21 18:06:47:421</time></pt><pt><x>730</x><y>312</y><time>15-12-21 18:06:47:662</time></pt><pt><x>736</x><y>319</y><time>15-12-21 18:06:47:934</time></pt><pt><x>755</x><y>321</y><time>15-12-21 18:06:48:205</time></pt><pt><x>758</x><y>321</y><time>15-12-21 18:06:48:436</time></pt><pt><x>768</x><y>321</y><time>15-12-21 18:06:48:663</time></pt><pt><x>778</x><y>317</y><time>15-12-21 18:06:48:902</time></pt><pt><x>775</x><y>306</y><time>15-12-21 18:06:49:205</time></pt><pt><x>763</x><y>294</y><time>15-12-21 18:06:49:502</time></pt><pt><x>755</x><y>286</y><time>15-12-21 18:06:49:766</time></pt><pt><x>751</x><y>282</y><time>15-12-21 18:06:52:269</time></pt><pt><x>718</x><y>272</y><time>15-12-21 18:06:52:901</time></pt><pt><x>691</x><y>270</y><time>15-12-21 18:06:53:557</time></pt><pt><x>673</x><y>267</y><time>15-12-21 18:06:53:877</time></pt><closed_date>15-12-21 18:06:54:197</closed_date></polygon></object><object><name>restoration</name><deleted>0</deleted><verified>0</verified><occluded>no</occluded><attributes /><parts><hasparts /><ispartof>3</ispartof></parts><date>15-12-21 18:07:03:047</date><id>12</id><polygon><username>anonymous</username><pt><x>800</x><y>337</y><time>15-12-21 18:06:57:344</time></pt><pt><x>821</x><y>339</y><time>15-12-21 18:06:57:741</time></pt><pt><x>841</x><y>339</y><time>15-12-21 18:06:58:069</time></pt><pt><x>851</x><y>331</y><time>15-12-21 18:06:58:397</time></pt><pt><x>865</x><y>332</y><time>15-12-21 18:06:58:653</time></pt><pt><x>875</x><y>332</y><time>15-12-21 18:06:58:910</time></pt><pt><x>880</x><y>332</y><time>15-12-21 18:06:59:181</time></pt><pt><x>873</x><y>312</y><time>15-12-21 18:06:59:453</time></pt><pt><x>872</x><y>309</y><time>15-12-21 18:06:59:757</time></pt><pt><x>870</x><y>299</y><time>15-12-21 18:07:00:020</time></pt><pt><x>848</x><y>299</y><time>15-12-21 18:07:00:248</time></pt><pt><x>831</x><y>299</y><time>15-12-21 18:07:00:485</time></pt><pt><x>820</x><y>302</y><time>15-12-21 18:07:00:703</time></pt><pt><x>806</x><y>309</y><time>15-12-21 18:07:00:917</time></pt><closed_date>15-12-21 18:07:01:149</closed_date></polygon></object><object><name>restoration</name><deleted>0</deleted><verified>0</verified><occluded>no</occluded><attributes /><parts><hasparts /><ispartof>6</ispartof></parts><date>15-12-21 18:07:09:190</date><id>13</id><polygon><username>anonymous</username><pt><x>790</x><y>571</y><time>15-12-21 18:07:04:871</time></pt><pt><x>793</x><y>606</y><time>15-12-21 18:07:05:215</time></pt><pt><x>791</x><y>618</y><time>15-12-21 18:07:05:429</time></pt><pt><x>768</x><y>621</y><time>15-12-21 18:07:05:662</time></pt><pt><x>753</x><y>618</y><time>15-12-21 18:07:05:885</time></pt><pt><x>731</x><y>594</y><time>15-12-21 18:07:06:140</time></pt><pt><x>723</x><y>583</y><time>15-12-21 18:07:06:396</time></pt><pt><x>723</x><y>564</y><time>15-12-21 18:07:06:644</time></pt><pt><x>738</x><y>554</y><time>15-12-21 18:07:06:884</time></pt><pt><x>765</x><y>559</y><time>15-12-21 18:07:07:084</time></pt><closed_date>15-12-21 18:07:07:292</closed_date></polygon></object><object><name>restoration</name><deleted>0</deleted><verified>0</verified><occluded>no</occluded><attributes /><parts><hasparts /><ispartof>7</ispartof></parts><date>15-12-21 18:07:21:290</date><id>14</id><polygon><username>anonymous</username><pt><x>574</x><y>670</y><time>15-12-21 18:07:10:255</time></pt><pt><x>548</x><y>670</y><time>15-12-21 18:07:10:605</time></pt><pt><x>516</x><y>661</y><time>15-12-21 18:07:11:125</time></pt><pt><x>498</x><y>639</y><time>15-12-21 18:07:11:461</time></pt><pt><x>498</x><y>613</y><time>15-12-21 18:07:11:789</time></pt><pt><x>474</x><y>588</y><time>15-12-21 18:07:12:062</time></pt><pt><x>459</x><y>571</y><time>15-12-21 18:07:12:470</time></pt><pt><x>431</x><y>559</y><time>15-12-21 18:07:12:807</time></pt><pt><x>417</x><y>556</y><time>15-12-21 18:07:13:101</time></pt><pt><x>402</x><y>533</y><time>15-12-21 18:07:13:542</time></pt><pt><x>392</x><y>519</y><time>15-12-21 18:07:15:021</time></pt><pt><x>449</x><y>514</y><time>15-12-21 18:07:16:182</time></pt><pt><x>464</x><y>511</y><time>15-12-21 18:07:16:853</time></pt><pt><x>486</x><y>506</y><time>15-12-21 18:07:17:165</time></pt><pt><x>514</x><y>514</y><time>15-12-21 18:07:17:397</time></pt><pt><x>528</x><y>541</y><time>15-12-21 18:07:17:781</time></pt><pt><x>563</x><y>541</y><time>15-12-21 18:07:18:173</time></pt><pt><x>584</x><y>544</y><time>15-12-21 18:07:18:422</time></pt><pt><x>586</x><y>578</y><time>15-12-21 18:07:18:701</time></pt><pt><x>584</x><y>624</y><time>15-12-21 18:07:18:957</time></pt><pt><x>583</x><y>653</y><time>15-12-21 18:07:19:253</time></pt><closed_date>15-12-21 18:07:19:495</closed_date></polygon></object><object><name>root canal treatment</name><deleted>0</deleted><verified>0</verified><occluded>no</occluded><attributes /><parts><hasparts /><ispartof>7</ispartof></parts><date>15-12-21 18:07:30:312</date><id>15</id><polygon><username>anonymous</username><pt><x>439</x><y>720</y><time>15-12-21 18:07:22:519</time></pt><pt><x>439</x><y>753</y><time>15-12-21 18:07:22:893</time></pt><pt><x>446</x><y>795</y><time>15-12-21 18:07:23:240</time></pt><pt><x>449</x><y>835</y><time>15-12-21 18:07:23:581</time></pt><pt><x>457</x><y>875</y><time>15-12-21 18:07:24:022</time></pt><pt><x>472</x><y>920</y><time>15-12-21 18:07:24:367</time></pt><pt><x>481</x><y>943</y><time>15-12-21 18:07:24:813</time></pt><pt><x>511</x><y>945</y><time>15-12-21 18:07:25:237</time></pt><pt><x>506</x><y>898</y><time>15-12-21 18:07:25:654</time></pt><pt><x>506</x><y>858</y><time>15-12-21 18:07:25:933</time></pt><pt><x>506</x><y>816</y><time>15-12-21 18:07:26:206</time></pt><pt><x>506</x><y>778</y><time>15-12-21 18:07:26:445</time></pt><pt><x>506</x><y>720</y><time>15-12-21 18:07:26:693</time></pt><pt><x>488</x><y>690</y><time>15-12-21 18:07:27:013</time></pt><pt><x>464</x><y>703</y><time>15-12-21 18:07:27:304</time></pt><closed_date>15-12-21 18:07:27:525</closed_date></polygon></object><object><name>restoration</name><deleted>0</deleted><verified>0</verified><occluded>no</occluded><attributes /><parts><hasparts /><ispartof>8</ispartof></parts><date>15-12-21 18:15:49:860</date><id>16</id><polygon><username>anonymous</username><pt><x>205</x><y>541</y><time>15-12-21 18:15:41:988</time></pt><pt><x>224</x><y>569</y><time>15-12-21 18:15:42:594</time></pt><pt><x>242</x><y>586</y><time>15-12-21 18:15:42:938</time></pt><pt><x>259</x><y>591</y><time>15-12-21 18:15:43:194</time></pt><pt><x>270</x><y>589</y><time>15-12-21 18:15:43:458</time></pt><pt><x>284</x><y>588</y><time>15-12-21 18:15:43:690</time></pt><pt><x>304</x><y>583</y><time>15-12-21 18:15:43:891</time></pt><pt><x>317</x><y>583</y><time>15-12-21 18:15:44:098</time></pt><pt><x>311</x><y>556</y><time>15-12-21 18:15:44:722</time></pt><pt><x>306</x><y>544</y><time>15-12-21 18:15:45:050</time></pt><pt><x>292</x><y>536</y><time>15-12-21 18:15:45:362</time></pt><pt><x>277</x><y>534</y><time>15-12-21 18:15:45:626</time></pt><pt><x>267</x><y>518</y><time>15-12-21 18:15:45:930</time></pt><pt><x>257</x><y>513</y><time>15-12-21 18:15:46:186</time></pt><pt><x>237</x><y>514</y><time>15-12-21 18:15:46:418</time></pt><pt><x>224</x><y>518</y><time>15-12-21 18:15:46:650</time></pt><pt><x>215</x><y>529</y><time>15-12-21 18:15:46:843</time></pt><closed_date>15-12-21 18:15:47:050</closed_date></polygon></object><imagesize><nrows /><ncols /></imagesize></annotation>