<annotation><filename>imagem-094.jpg</filename><folder>segmentation_xray</folder><source><sourceImage>The MIT-CSAIL database of objects and scenes</sourceImage><sourceAnnotation>LabelMe Webtool</sourceAnnotation></source><object><name>tooth</name><deleted>0</deleted><verified>0</verified><occluded>no</occluded><attributes>17</attributes><parts><hasparts>10,12</hasparts><ispartof /></parts><date>13-01-22 11:35:17:608</date><id>0</id><type>bounding_box</type><polygon><username>anonymous</username><pt><x>22</x><y>538</y><time>13-01-22 11:35:11:019</time></pt><pt><x>501</x><y>538</y><time>13-01-22 11:35:13:256</time></pt><pt><x>501</x><y>4</y><time>undefined</time></pt><pt><x>22</x><y>4</y><time>undefined</time></pt><closed_date>13-01-22 11:35:13:257</closed_date></polygon></object><object><name>tooth</name><deleted>0</deleted><verified>0</verified><occluded>no</occluded><attributes>16</attributes><parts><hasparts>11,13</hasparts><ispartof /></parts><date>13-01-22 11:35:26:056</date><id>1</id><type>bounding_box</type><polygon><username>anonymous</username><pt><x>512</x><y>542</y><time>13-01-22 11:35:19:317</time></pt><pt><x>912</x><y>542</y><time>13-01-22 11:35:22:875</time></pt><pt><x>912</x><y>11</y><time>undefined</time></pt><pt><x>512</x><y>11</y><time>undefined</time></pt><closed_date>13-01-22 11:35:22:875</closed_date></polygon></object><object><name>tooth</name><deleted>0</deleted><verified>0</verified><occluded>no</occluded><attributes>15</attributes><parts><hasparts>14</hasparts><ispartof /></parts><date>13-01-22 11:35:35:277</date><id>2</id><type>bounding_box</type><polygon><username>anonymous</username><pt><x>923</x><y>555</y><time>13-01-22 11:35:28:356</time></pt><pt><x>1180</x><y>555</y><time>13-01-22 11:35:30:234</time></pt><pt><x>1180</x><y>11</y><time>undefined</time></pt><pt><x>923</x><y>11</y><time>undefined</time></pt><closed_date>13-01-22 11:35:30:234</closed_date></polygon></object><object><name>tooth</name><deleted>0</deleted><verified>0</verified><occluded>no</occluded><attributes>14</attributes><parts><hasparts>15</hasparts><ispartof /></parts><date>13-01-22 11:35:46:052</date><id>3</id><type>bounding_box</type><polygon><username>anonymous</username><pt><x>1178</x><y>586</y><time>13-01-22 11:35:39:279</time></pt><pt><x>1470</x><y>586</y><time>13-01-22 11:35:42:951</time></pt><pt><x>1470</x><y>11</y><time>undefined</time></pt><pt><x>1178</x><y>11</y><time>undefined</time></pt><closed_date>13-01-22 11:35:42:951</closed_date></polygon></object><object><name>tooth</name><deleted>0</deleted><verified>0</verified><occluded>no</occluded><attributes>13</attributes><parts><hasparts /><ispartof /></parts><date>13-01-22 11:35:51:795</date><id>4</id><type>bounding_box</type><polygon><username>anonymous</username><pt><x>1605</x><y>590</y><time>13-01-22 11:35:47:075</time></pt><pt><x>1439</x><y>590</y><time>13-01-22 11:35:48:582</time></pt><pt><x>1439</x><y>26</y><time>undefined</time></pt><pt><x>1605</x><y>26</y><time>undefined</time></pt><closed_date>13-01-22 11:35:48:582</closed_date></polygon></object><object><name>tooth</name><deleted>0</deleted><verified>0</verified><occluded>no</occluded><attributes>47</attributes><parts><hasparts>20,21,22</hasparts><ispartof /></parts><date>13-01-22 11:36:05:512</date><id>5</id><type>bounding_box</type><polygon><username>anonymous</username><pt><x>15</x><y>542</y><time>13-01-22 11:35:54:535</time></pt><pt><x>501</x><y>542</y><time>13-01-22 11:35:56:657</time></pt><pt><x>501</x><y>1180</y><time>undefined</time></pt><pt><x>15</x><y>1180</y><time>undefined</time></pt><closed_date>13-01-22 11:35:56:657</closed_date></polygon></object><object><name>tooth</name><deleted>0</deleted><verified>0</verified><occluded>no</occluded><attributes>46</attributes><parts><hasparts>17,18,19</hasparts><ispartof /></parts><date>13-01-22 11:36:21:317</date><id>6</id><type>bounding_box</type><polygon><username>anonymous</username><pt><x>908</x><y>618</y><time>13-01-22 11:36:15:197</time></pt><pt><x>392</x><y>618</y><time>13-01-22 11:36:17:956</time></pt><pt><x>392</x><y>1226</y><time>undefined</time></pt><pt><x>908</x><y>1226</y><time>undefined</time></pt><closed_date>13-01-22 11:36:17:957</closed_date></polygon></object><object><name>tooth</name><deleted>0</deleted><verified>0</verified><occluded>no</occluded><attributes>45</attributes><parts><hasparts>16</hasparts><ispartof /></parts><date>13-01-22 11:36:31:834</date><id>7</id><type>bounding_box</type><polygon><username>anonymous</username><pt><x>928</x><y>653</y><time>13-01-22 11:36:23:988</time></pt><pt><x>1204</x><y>653</y><time>13-01-22 11:36:27:573</time></pt><pt><x>1204</x><y>1228</y><time>undefined</time></pt><pt><x>928</x><y>1228</y><time>undefined</time></pt><closed_date>13-01-22 11:36:27:573</closed_date></polygon></object><object><name>tooth</name><deleted>0</deleted><verified>0</verified><occluded>no</occluded><attributes>44</attributes><parts><hasparts /><ispartof /></parts><date>13-01-22 11:36:41:097</date><id>8</id><type>bounding_box</type><polygon><username>anonymous</username><pt><x>1215</x><y>664</y><time>13-01-22 11:36:34:664</time></pt><pt><x>1507</x><y>664</y><time>13-01-22 11:36:37:129</time></pt><pt><x>1507</x><y>1228</y><time>undefined</time></pt><pt><x>1215</x><y>1228</y><time>undefined</time></pt><closed_date>13-01-22 11:36:37:129</closed_date></polygon></object><object><name>tooth</name><deleted>0</deleted><verified>0</verified><occluded>no</occluded><attributes>43</attributes><parts><hasparts /><ispartof /></parts><date>13-01-22 11:36:49:688</date><id>9</id><type>bounding_box</type><polygon><username>anonymous</username><pt><x>1609</x><y>682</y><time>13-01-22 11:36:42:254</time></pt><pt><x>1352</x><y>682</y><time>13-01-22 11:36:44:714</time></pt><pt><x>1352</x><y>1209</y><time>undefined</time></pt><pt><x>1609</x><y>1209</y><time>undefined</time></pt><closed_date>13-01-22 11:36:44:714</closed_date></polygon></object><object><name>root canal treatment</name><deleted>0</deleted><verified>0</verified><occluded>no</occluded><attributes /><parts><hasparts /><ispartof>0</ispartof></parts><date>13-01-22 11:37:07:913</date><id>10</id><polygon><username>anonymous</username><pt><x>205</x><y>226</y><time>13-01-22 11:36:53:802</time></pt><pt><x>139</x><y>61</y><time>13-01-22 11:36:55:023</time></pt><pt><x>152</x><y>48</y><time>13-01-22 11:36:55:591</time></pt><pt><x>165</x><y>46</y><time>13-01-22 11:36:56:063</time></pt><pt><x>240</x><y>165</y><time>13-01-22 11:36:57:133</time></pt><pt><x>274</x><y>198</y><time>13-01-22 11:36:57:608</time></pt><pt><x>292</x><y>165</y><time>13-01-22 11:36:58:076</time></pt><pt><x>277</x><y>46</y><time>13-01-22 11:36:58:515</time></pt><pt><x>277</x><y>9</y><time>13-01-22 11:36:59:004</time></pt><pt><x>296</x><y>17</y><time>13-01-22 11:36:59:474</time></pt><pt><x>309</x><y>54</y><time>13-01-22 11:37:00:050</time></pt><pt><x>327</x><y>148</y><time>13-01-22 11:37:00:959</time></pt><pt><x>340</x><y>15</y><time>13-01-22 11:37:01:825</time></pt><pt><x>364</x><y>15</y><time>13-01-22 11:37:02:269</time></pt><pt><x>361</x><y>72</y><time>13-01-22 11:37:02:807</time></pt><pt><x>348</x><y>185</y><time>13-01-22 11:37:03:693</time></pt><pt><x>329</x><y>209</y><time>13-01-22 11:37:04:126</time></pt><pt><x>307</x><y>218</y><time>13-01-22 11:37:04:475</time></pt><pt><x>272</x><y>220</y><time>13-01-22 11:37:04:782</time></pt><pt><x>244</x><y>229</y><time>13-01-22 11:37:05:042</time></pt><pt><x>224</x><y>235</y><time>13-01-22 11:37:05:286</time></pt><closed_date>13-01-22 11:37:05:538</closed_date></polygon></object><object><name>root canal treatment</name><deleted>0</deleted><verified>0</verified><occluded>no</occluded><attributes /><parts><hasparts /><ispartof>1</ispartof></parts><date>13-01-22 11:37:22:157</date><id>11</id><polygon><username>anonymous</username><pt><x>564</x><y>44</y><time>13-01-22 11:37:09:030</time></pt><pt><x>640</x><y>216</y><time>13-01-22 11:37:09:948</time></pt><pt><x>686</x><y>211</y><time>13-01-22 11:37:10:801</time></pt><pt><x>738</x><y>207</y><time>13-01-22 11:37:11:352</time></pt><pt><x>777</x><y>218</y><time>13-01-22 11:37:11:655</time></pt><pt><x>797</x><y>183</y><time>13-01-22 11:37:12:213</time></pt><pt><x>786</x><y>100</y><time>13-01-22 11:37:12:651</time></pt><pt><x>788</x><y>24</y><time>13-01-22 11:37:13:211</time></pt><pt><x>753</x><y>20</y><time>13-01-22 11:37:13:843</time></pt><pt><x>751</x><y>163</y><time>13-01-22 11:37:15:039</time></pt><pt><x>714</x><y>17</y><time>13-01-22 11:37:15:889</time></pt><pt><x>690</x><y>24</y><time>13-01-22 11:37:16:387</time></pt><pt><x>688</x><y>174</y><time>13-01-22 11:37:17:516</time></pt><pt><x>627</x><y>98</y><time>13-01-22 11:37:18:391</time></pt><pt><x>601</x><y>57</y><time>13-01-22 11:37:19:122</time></pt><closed_date>13-01-22 11:37:19:560</closed_date></polygon></object><object><name>restoration</name><deleted>0</deleted><verified>0</verified><occluded>no</occluded><attributes /><parts><hasparts /><ispartof>0</ispartof></parts><date>13-01-22 11:37:39:432</date><id>12</id><polygon><username>anonymous</username><pt><x>115</x><y>279</y><time>13-01-22 11:37:25:235</time></pt><pt><x>155</x><y>261</y><time>13-01-22 11:37:25:698</time></pt><pt><x>187</x><y>259</y><time>13-01-22 11:37:26:025</time></pt><pt><x>220</x><y>259</y><time>13-01-22 11:37:26:325</time></pt><pt><x>246</x><y>242</y><time>13-01-22 11:37:26:614</time></pt><pt><x>290</x><y>229</y><time>13-01-22 11:37:26:926</time></pt><pt><x>346</x><y>216</y><time>13-01-22 11:37:27:277</time></pt><pt><x>372</x><y>270</y><time>13-01-22 11:37:28:070</time></pt><pt><x>375</x><y>311</y><time>13-01-22 11:37:28:517</time></pt><pt><x>375</x><y>346</y><time>13-01-22 11:37:28:852</time></pt><pt><x>381</x><y>370</y><time>13-01-22 11:37:29:147</time></pt><pt><x>390</x><y>377</y><time>13-01-22 11:37:29:405</time></pt><pt><x>398</x><y>364</y><time>13-01-22 11:37:29:682</time></pt><pt><x>422</x><y>348</y><time>13-01-22 11:37:29:947</time></pt><pt><x>442</x><y>348</y><time>13-01-22 11:37:30:187</time></pt><pt><x>457</x><y>375</y><time>13-01-22 11:37:30:599</time></pt><pt><x>473</x><y>381</y><time>13-01-22 11:37:31:030</time></pt><pt><x>488</x><y>398</y><time>13-01-22 11:37:31:346</time></pt><pt><x>494</x><y>414</y><time>13-01-22 11:37:31:616</time></pt><pt><x>494</x><y>431</y><time>13-01-22 11:37:31:856</time></pt><pt><x>481</x><y>433</y><time>13-01-22 11:37:32:135</time></pt><pt><x>433</x><y>444</y><time>13-01-22 11:37:32:414</time></pt><pt><x>366</x><y>462</y><time>13-01-22 11:37:32:698</time></pt><pt><x>331</x><y>457</y><time>13-01-22 11:37:32:943</time></pt><pt><x>296</x><y>444</y><time>13-01-22 11:37:33:187</time></pt><pt><x>259</x><y>438</y><time>13-01-22 11:37:33:397</time></pt><pt><x>189</x><y>438</y><time>13-01-22 11:37:33:681</time></pt><pt><x>148</x><y>440</y><time>13-01-22 11:37:33:936</time></pt><pt><x>83</x><y>436</y><time>13-01-22 11:37:34:193</time></pt><pt><x>48</x><y>422</y><time>13-01-22 11:37:34:435</time></pt><pt><x>39</x><y>403</y><time>13-01-22 11:37:34:676</time></pt><pt><x>50</x><y>364</y><time>13-01-22 11:37:34:897</time></pt><pt><x>78</x><y>327</y><time>13-01-22 11:37:35:126</time></pt><pt><x>98</x><y>296</y><time>13-01-22 11:37:35:347</time></pt><closed_date>13-01-22 11:37:35:808</closed_date></polygon></object><object><name>restoration</name><deleted>0</deleted><verified>0</verified><occluded>no</occluded><attributes /><parts><hasparts /><ispartof>1</ispartof></parts><date>13-01-22 11:37:58:272</date><id>13</id><polygon><username>anonymous</username><pt><x>679</x><y>224</y><time>13-01-22 11:37:42:294</time></pt><pt><x>666</x><y>246</y><time>13-01-22 11:37:42:688</time></pt><pt><x>651</x><y>279</y><time>13-01-22 11:37:42:980</time></pt><pt><x>649</x><y>322</y><time>13-01-22 11:37:43:241</time></pt><pt><x>649</x><y>377</y><time>13-01-22 11:37:43:508</time></pt><pt><x>579</x><y>422</y><time>13-01-22 11:37:44:189</time></pt><pt><x>562</x><y>375</y><time>13-01-22 11:37:45:850</time></pt><pt><x>518</x><y>427</y><time>13-01-22 11:37:48:205</time></pt><pt><x>525</x><y>455</y><time>13-01-22 11:37:48:623</time></pt><pt><x>566</x><y>490</y><time>13-01-22 11:37:49:078</time></pt><pt><x>605</x><y>510</y><time>13-01-22 11:37:49:390</time></pt><pt><x>658</x><y>516</y><time>13-01-22 11:37:49:676</time></pt><pt><x>701</x><y>516</y><time>13-01-22 11:37:49:940</time></pt><pt><x>740</x><y>518</y><time>13-01-22 11:37:50:179</time></pt><pt><x>817</x><y>536</y><time>13-01-22 11:37:50:544</time></pt><pt><x>864</x><y>505</y><time>13-01-22 11:37:50:883</time></pt><pt><x>923</x><y>459</y><time>13-01-22 11:37:51:604</time></pt><pt><x>910</x><y>392</y><time>13-01-22 11:37:51:974</time></pt><pt><x>897</x><y>348</y><time>13-01-22 11:37:52:259</time></pt><pt><x>884</x><y>355</y><time>13-01-22 11:37:52:691</time></pt><pt><x>871</x><y>353</y><time>13-01-22 11:37:52:969</time></pt><pt><x>854</x><y>333</y><time>13-01-22 11:37:53:257</time></pt><pt><x>823</x><y>281</y><time>13-01-22 11:37:53:688</time></pt><pt><x>797</x><y>233</y><time>13-01-22 11:37:54:144</time></pt><pt><x>764</x><y>218</y><time>13-01-22 11:37:54:507</time></pt><pt><x>712</x><y>218</y><time>13-01-22 11:37:54:896</time></pt><closed_date>13-01-22 11:37:55:153</closed_date></polygon></object><object><name>restoration</name><deleted>0</deleted><verified>0</verified><occluded>no</occluded><attributes /><parts><hasparts /><ispartof>2</ispartof></parts><date>13-01-22 11:38:09:586</date><id>14</id><polygon><username>anonymous</username><pt><x>1152</x><y>379</y><time>13-01-22 11:38:00:095</time></pt><pt><x>1130</x><y>375</y><time>13-01-22 11:38:00:480</time></pt><pt><x>1113</x><y>375</y><time>13-01-22 11:38:00:813</time></pt><pt><x>1095</x><y>396</y><time>13-01-22 11:38:01:079</time></pt><pt><x>1071</x><y>409</y><time>13-01-22 11:38:01:360</time></pt><pt><x>1028</x><y>409</y><time>13-01-22 11:38:01:818</time></pt><pt><x>1006</x><y>409</y><time>13-01-22 11:38:02:079</time></pt><pt><x>980</x><y>409</y><time>13-01-22 11:38:02:356</time></pt><pt><x>971</x><y>403</y><time>13-01-22 11:38:02:594</time></pt><pt><x>967</x><y>390</y><time>13-01-22 11:38:02:824</time></pt><pt><x>960</x><y>379</y><time>13-01-22 11:38:03:040</time></pt><pt><x>943</x><y>381</y><time>13-01-22 11:38:03:326</time></pt><pt><x>928</x><y>403</y><time>13-01-22 11:38:03:592</time></pt><pt><x>925</x><y>433</y><time>13-01-22 11:38:03:858</time></pt><pt><x>934</x><y>479</y><time>13-01-22 11:38:04:129</time></pt><pt><x>967</x><y>516</y><time>13-01-22 11:38:04:457</time></pt><pt><x>1010</x><y>553</y><time>13-01-22 11:38:04:921</time></pt><pt><x>1047</x><y>555</y><time>13-01-22 11:38:05:282</time></pt><pt><x>1089</x><y>544</y><time>13-01-22 11:38:05:577</time></pt><pt><x>1139</x><y>533</y><time>13-01-22 11:38:05:875</time></pt><pt><x>1167</x><y>496</y><time>13-01-22 11:38:06:163</time></pt><pt><x>1171</x><y>444</y><time>13-01-22 11:38:06:541</time></pt><pt><x>1165</x><y>407</y><time>13-01-22 11:38:06:827</time></pt><closed_date>13-01-22 11:38:07:237</closed_date></polygon></object><object><name>restoration</name><deleted>0</deleted><verified>0</verified><occluded>no</occluded><attributes /><parts><hasparts /><ispartof>3</ispartof></parts><date>13-01-22 11:38:24:637</date><id>15</id><polygon><username>anonymous</username><pt><x>1213</x><y>353</y><time>13-01-22 11:38:14:312</time></pt><pt><x>1239</x><y>359</y><time>13-01-22 11:38:14:720</time></pt><pt><x>1252</x><y>377</y><time>13-01-22 11:38:15:035</time></pt><pt><x>1272</x><y>394</y><time>13-01-22 11:38:15:400</time></pt><pt><x>1280</x><y>412</y><time>13-01-22 11:38:15:672</time></pt><pt><x>1280</x><y>436</y><time>13-01-22 11:38:15:992</time></pt><pt><x>1293</x><y>453</y><time>13-01-22 11:38:16:263</time></pt><pt><x>1317</x><y>455</y><time>13-01-22 11:38:16:553</time></pt><pt><x>1346</x><y>446</y><time>13-01-22 11:38:16:927</time></pt><pt><x>1344</x><y>422</y><time>13-01-22 11:38:17:229</time></pt><pt><x>1341</x><y>396</y><time>13-01-22 11:38:17:492</time></pt><pt><x>1367</x><y>390</y><time>13-01-22 11:38:17:719</time></pt><pt><x>1396</x><y>420</y><time>13-01-22 11:38:18:142</time></pt><pt><x>1426</x><y>438</y><time>13-01-22 11:38:18:472</time></pt><pt><x>1444</x><y>479</y><time>13-01-22 11:38:18:966</time></pt><pt><x>1422</x><y>507</y><time>13-01-22 11:38:19:512</time></pt><pt><x>1398</x><y>531</y><time>13-01-22 11:38:19:819</time></pt><pt><x>1372</x><y>555</y><time>13-01-22 11:38:20:089</time></pt><pt><x>1335</x><y>564</y><time>13-01-22 11:38:20:392</time></pt><pt><x>1283</x><y>547</y><time>13-01-22 11:38:20:693</time></pt><pt><x>1250</x><y>531</y><time>13-01-22 11:38:20:983</time></pt><pt><x>1217</x><y>512</y><time>13-01-22 11:38:21:243</time></pt><pt><x>1195</x><y>483</y><time>13-01-22 11:38:21:485</time></pt><pt><x>1191</x><y>459</y><time>13-01-22 11:38:21:729</time></pt><pt><x>1193</x><y>418</y><time>13-01-22 11:38:21:981</time></pt><closed_date>13-01-22 11:38:22:428</closed_date></polygon></object><object><name>root canal treatment</name><deleted>0</deleted><verified>0</verified><occluded>no</occluded><attributes /><parts><hasparts /><ispartof>7</ispartof></parts><date>13-01-22 11:38:40:339</date><id>16</id><polygon><username>anonymous</username><pt><x>1111</x><y>910</y><time>13-01-22 11:38:28:336</time></pt><pt><x>1067</x><y>915</y><time>13-01-22 11:38:28:796</time></pt><pt><x>1026</x><y>917</y><time>13-01-22 11:38:29:181</time></pt><pt><x>1002</x><y>908</y><time>13-01-22 11:38:29:435</time></pt><pt><x>995</x><y>917</y><time>13-01-22 11:38:29:723</time></pt><pt><x>995</x><y>943</y><time>13-01-22 11:38:30:029</time></pt><pt><x>995</x><y>980</y><time>13-01-22 11:38:30:373</time></pt><pt><x>1004</x><y>995</y><time>13-01-22 11:38:30:665</time></pt><pt><x>1010</x><y>1017</y><time>13-01-22 11:38:30:971</time></pt><pt><x>1019</x><y>1054</y><time>13-01-22 11:38:31:295</time></pt><pt><x>1036</x><y>1084</y><time>13-01-22 11:38:31:685</time></pt><pt><x>1065</x><y>1087</y><time>13-01-22 11:38:31:979</time></pt><pt><x>1082</x><y>1165</y><time>13-01-22 11:38:33:177</time></pt><pt><x>1080</x><y>1217</y><time>13-01-22 11:38:33:751</time></pt><pt><x>1104</x><y>1219</y><time>13-01-22 11:38:34:245</time></pt><pt><x>1100</x><y>1106</y><time>13-01-22 11:38:35:206</time></pt><pt><x>1104</x><y>1052</y><time>13-01-22 11:38:35:611</time></pt><pt><x>1108</x><y>1013</y><time>13-01-22 11:38:35:968</time></pt><pt><x>1113</x><y>995</y><time>13-01-22 11:38:36:270</time></pt><pt><x>1124</x><y>984</y><time>13-01-22 11:38:36:527</time></pt><pt><x>1130</x><y>973</y><time>13-01-22 11:38:36:793</time></pt><pt><x>1121</x><y>941</y><time>13-01-22 11:38:37:091</time></pt><closed_date>13-01-22 11:38:37:406</closed_date></polygon></object><object><name>root canal treatment</name><deleted>0</deleted><verified>0</verified><occluded>no</occluded><attributes /><parts><hasparts /><ispartof>6</ispartof></parts><date>13-01-22 11:38:48:675</date><id>17</id><polygon><username>anonymous</username><pt><x>708</x><y>982</y><time>13-01-22 11:38:41:244</time></pt><pt><x>716</x><y>1050</y><time>13-01-22 11:38:41:818</time></pt><pt><x>723</x><y>1139</y><time>13-01-22 11:38:42:571</time></pt><pt><x>719</x><y>1171</y><time>13-01-22 11:38:42:906</time></pt><pt><x>716</x><y>1202</y><time>13-01-22 11:38:43:190</time></pt><pt><x>721</x><y>1217</y><time>13-01-22 11:38:43:534</time></pt><pt><x>743</x><y>1141</y><time>13-01-22 11:38:44:284</time></pt><pt><x>747</x><y>1089</y><time>13-01-22 11:38:44:655</time></pt><pt><x>747</x><y>1041</y><time>13-01-22 11:38:44:955</time></pt><pt><x>749</x><y>1004</y><time>13-01-22 11:38:45:195</time></pt><pt><x>749</x><y>976</y><time>13-01-22 11:38:45:429</time></pt><pt><x>738</x><y>965</y><time>13-01-22 11:38:45:759</time></pt><pt><x>723</x><y>969</y><time>13-01-22 11:38:46:050</time></pt><closed_date>13-01-22 11:38:46:283</closed_date></polygon></object><object><name>root canal treatment</name><deleted>0</deleted><verified>0</verified><occluded>no</occluded><attributes /><parts><hasparts /><ispartof>6</ispartof></parts><date>13-01-22 11:39:03:288</date><id>18</id><polygon><username>anonymous</username><pt><x>566</x><y>923</y><time>13-01-22 11:38:49:262</time></pt><pt><x>536</x><y>1002</y><time>13-01-22 11:38:52:627</time></pt><pt><x>481</x><y>1117</y><time>13-01-22 11:38:54:873</time></pt><pt><x>455</x><y>1165</y><time>13-01-22 11:38:55:466</time></pt><pt><x>451</x><y>1215</y><time>13-01-22 11:38:56:583</time></pt><pt><x>479</x><y>1215</y><time>13-01-22 11:38:57:092</time></pt><pt><x>533</x><y>1121</y><time>13-01-22 11:38:58:053</time></pt><pt><x>547</x><y>1093</y><time>13-01-22 11:38:58:429</time></pt><pt><x>564</x><y>1058</y><time>13-01-22 11:38:58:732</time></pt><pt><x>584</x><y>1028</y><time>13-01-22 11:38:58:973</time></pt><pt><x>597</x><y>1010</y><time>13-01-22 11:38:59:190</time></pt><pt><x>608</x><y>995</y><time>13-01-22 11:38:59:423</time></pt><pt><x>612</x><y>967</y><time>13-01-22 11:38:59:644</time></pt><pt><x>608</x><y>945</y><time>13-01-22 11:38:59:867</time></pt><pt><x>584</x><y>925</y><time>13-01-22 11:39:00:273</time></pt><closed_date>13-01-22 11:39:00:481</closed_date></polygon></object><object><name>crown</name><deleted>0</deleted><verified>0</verified><occluded>no</occluded><attributes /><parts><hasparts /><ispartof>6</ispartof></parts><date>13-01-22 11:40:04:678</date><id>19</id><polygon><username>anonymous</username><pt><x>571</x><y>908</y><time>13-01-22 11:39:34:276</time></pt><pt><x>547</x><y>891</y><time>13-01-22 11:39:34:697</time></pt><pt><x>523</x><y>884</y><time>13-01-22 11:39:34:982</time></pt><pt><x>501</x><y>871</y><time>13-01-22 11:39:35:233</time></pt><pt><x>494</x><y>847</y><time>13-01-22 11:39:35:502</time></pt><pt><x>490</x><y>825</y><time>13-01-22 11:39:35:794</time></pt><pt><x>492</x><y>801</y><time>13-01-22 11:39:36:043</time></pt><pt><x>492</x><y>762</y><time>13-01-22 11:39:36:290</time></pt><pt><x>490</x><y>716</y><time>13-01-22 11:39:36:570</time></pt><pt><x>507</x><y>679</y><time>13-01-22 11:39:36:806</time></pt><pt><x>540</x><y>666</y><time>13-01-22 11:39:37:083</time></pt><pt><x>703</x><y>662</y><time>13-01-22 11:39:38:230</time></pt><pt><x>729</x><y>668</y><time>13-01-22 11:39:38:689</time></pt><pt><x>758</x><y>649</y><time>13-01-22 11:39:39:200</time></pt><pt><x>814</x><y>647</y><time>13-01-22 11:39:39:567</time></pt><pt><x>884</x><y>647</y><time>13-01-22 11:39:39:943</time></pt><pt><x>917</x><y>660</y><time>13-01-22 11:39:40:302</time></pt><pt><x>923</x><y>712</y><time>13-01-22 11:39:40:844</time></pt><pt><x>888</x><y>812</y><time>13-01-22 11:39:41:343</time></pt><pt><x>873</x><y>862</y><time>13-01-22 11:39:42:749</time></pt><pt><x>849</x><y>875</y><time>13-01-22 11:39:43:035</time></pt><pt><x>821</x><y>886</y><time>13-01-22 11:39:43:302</time></pt><pt><x>801</x><y>910</y><time>13-01-22 11:39:43:580</time></pt><pt><x>786</x><y>941</y><time>13-01-22 11:39:43:816</time></pt><pt><x>764</x><y>962</y><time>13-01-22 11:39:44:076</time></pt><pt><x>727</x><y>967</y><time>13-01-22 11:39:44:356</time></pt><pt><x>697</x><y>965</y><time>13-01-22 11:39:44:640</time></pt><pt><x>673</x><y>962</y><time>13-01-22 11:39:44:921</time></pt><pt><x>649</x><y>967</y><time>13-01-22 11:39:45:165</time></pt><pt><x>627</x><y>980</y><time>13-01-22 11:39:45:484</time></pt><pt><x>616</x><y>969</y><time>13-01-22 11:39:45:766</time></pt><pt><x>610</x><y>943</y><time>13-01-22 11:39:46:028</time></pt><pt><x>590</x><y>919</y><time>13-01-22 11:39:46:391</time></pt><closed_date>13-01-22 11:39:47:118</closed_date></polygon></object><object><name>root canal treatment</name><deleted>0</deleted><verified>0</verified><occluded>no</occluded><attributes /><parts><hasparts /><ispartof>5</ispartof></parts><date>13-01-22 11:40:15:228</date><id>20</id><polygon><username>anonymous</username><pt><x>131</x><y>788</y><time>13-01-22 11:40:07:112</time></pt><pt><x>35</x><y>921</y><time>13-01-22 11:40:08:340</time></pt><pt><x>26</x><y>952</y><time>13-01-22 11:40:08:866</time></pt><pt><x>30</x><y>978</y><time>13-01-22 11:40:09:391</time></pt><pt><x>37</x><y>989</y><time>13-01-22 11:40:09:792</time></pt><pt><x>65</x><y>952</y><time>13-01-22 11:40:10:138</time></pt><pt><x>83</x><y>921</y><time>13-01-22 11:40:10:442</time></pt><pt><x>105</x><y>897</y><time>13-01-22 11:40:10:725</time></pt><pt><x>155</x><y>854</y><time>13-01-22 11:40:11:080</time></pt><pt><x>187</x><y>830</y><time>13-01-22 11:40:11:399</time></pt><pt><x>196</x><y>817</y><time>13-01-22 11:40:11:637</time></pt><pt><x>187</x><y>801</y><time>13-01-22 11:40:11:918</time></pt><pt><x>165</x><y>786</y><time>13-01-22 11:40:12:204</time></pt><closed_date>13-01-22 11:40:12:469</closed_date></polygon></object><object><name>root canal treatment</name><deleted>0</deleted><verified>0</verified><occluded>no</occluded><attributes /><parts><hasparts /><ispartof>5</ispartof></parts><date>13-01-22 11:40:27:851</date><id>21</id><polygon><username>anonymous</username><pt><x>279</x><y>856</y><time>13-01-22 11:40:16:113</time></pt><pt><x>272</x><y>910</y><time>13-01-22 11:40:16:686</time></pt><pt><x>229</x><y>986</y><time>13-01-22 11:40:20:587</time></pt><pt><x>216</x><y>1043</y><time>13-01-22 11:40:21:753</time></pt><pt><x>192</x><y>1095</y><time>13-01-22 11:40:22:260</time></pt><pt><x>283</x><y>973</y><time>13-01-22 11:40:23:679</time></pt><pt><x>309</x><y>897</y><time>13-01-22 11:40:24:236</time></pt><pt><x>322</x><y>860</y><time>13-01-22 11:40:24:612</time></pt><pt><x>300</x><y>854</y><time>13-01-22 11:40:25:002</time></pt><closed_date>13-01-22 11:40:25:416</closed_date></polygon></object><object><name>crown</name><deleted>0</deleted><verified>0</verified><occluded>no</occluded><attributes /><parts><hasparts /><ispartof>5</ispartof></parts><date>13-01-22 11:40:40:335</date><id>22</id><polygon><username>anonymous</username><pt><x>203</x><y>836</y><time>13-01-22 11:40:28:831</time></pt><pt><x>248</x><y>836</y><time>13-01-22 11:40:29:183</time></pt><pt><x>296</x><y>845</y><time>13-01-22 11:40:29:491</time></pt><pt><x>327</x><y>849</y><time>13-01-22 11:40:29:770</time></pt><pt><x>359</x><y>849</y><time>13-01-22 11:40:30:041</time></pt><pt><x>398</x><y>849</y><time>13-01-22 11:40:30:337</time></pt><pt><x>431</x><y>843</y><time>13-01-22 11:40:30:624</time></pt><pt><x>451</x><y>814</y><time>13-01-22 11:40:30:881</time></pt><pt><x>468</x><y>782</y><time>13-01-22 11:40:31:133</time></pt><pt><x>490</x><y>740</y><time>13-01-22 11:40:31:389</time></pt><pt><x>501</x><y>699</y><time>13-01-22 11:40:31:641</time></pt><pt><x>507</x><y>642</y><time>13-01-22 11:40:31:956</time></pt><pt><x>494</x><y>614</y><time>13-01-22 11:40:32:221</time></pt><pt><x>470</x><y>599</y><time>13-01-22 11:40:32:522</time></pt><pt><x>444</x><y>586</y><time>13-01-22 11:40:32:780</time></pt><pt><x>409</x><y>584</y><time>13-01-22 11:40:33:072</time></pt><pt><x>381</x><y>588</y><time>13-01-22 11:40:33:324</time></pt><pt><x>351</x><y>592</y><time>13-01-22 11:40:33:574</time></pt><pt><x>322</x><y>586</y><time>13-01-22 11:40:33:860</time></pt><pt><x>300</x><y>577</y><time>13-01-22 11:40:34:124</time></pt><pt><x>272</x><y>571</y><time>13-01-22 11:40:34:356</time></pt><pt><x>226</x><y>557</y><time>13-01-22 11:40:34:641</time></pt><pt><x>179</x><y>553</y><time>13-01-22 11:40:34:928</time></pt><pt><x>142</x><y>573</y><time>13-01-22 11:40:35:199</time></pt><pt><x>111</x><y>616</y><time>13-01-22 11:40:35:458</time></pt><pt><x>98</x><y>653</y><time>13-01-22 11:40:35:702</time></pt><pt><x>98</x><y>690</y><time>13-01-22 11:40:35:948</time></pt><pt><x>105</x><y>732</y><time>13-01-22 11:40:36:282</time></pt><pt><x>131</x><y>764</y><time>13-01-22 11:40:36:574</time></pt><pt><x>155</x><y>782</y><time>13-01-22 11:40:36:813</time></pt><pt><x>183</x><y>797</y><time>13-01-22 11:40:37:057</time></pt><closed_date>13-01-22 11:40:37:608</closed_date></polygon></object><imagesize><nrows /><ncols /></imagesize></annotation>