<annotation><filename>imagem-095.jpg</filename><folder>segmentation_xray</folder><source><sourceImage>The MIT-CSAIL database of objects and scenes</sourceImage><sourceAnnotation>LabelMe Webtool</sourceAnnotation></source><object><name>tooth 17</name><deleted>0</deleted><verified>0</verified><occluded>no</occluded><attributes /><parts><hasparts>13</hasparts><ispartof /></parts><date>10-01-22 17:09:54:599</date><id>0</id><type>bounding_box</type><polygon><username>anonymous</username><pt><x>325</x><y>547</y><time>10-01-22 17:09:45:117</time></pt><pt><x>7</x><y>547</y><time>10-01-22 17:09:48:133</time></pt><pt><x>7</x><y>0</y><time>undefined</time></pt><pt><x>325</x><y>0</y><time>undefined</time></pt><closed_date>10-01-22 17:09:48:134</closed_date></polygon></object><object><name>tooth 16</name><deleted>0</deleted><verified>0</verified><occluded>no</occluded><attributes /><parts><hasparts>10</hasparts><ispartof /></parts><date>10-01-22 17:10:06:092</date><id>1</id><type>bounding_box</type><polygon><username>anonymous</username><pt><x>752</x><y>549</y><time>10-01-22 17:09:57:410</time></pt><pt><x>318</x><y>549</y><time>10-01-22 17:10:02:475</time></pt><pt><x>318</x><y>1</y><time>undefined</time></pt><pt><x>752</x><y>1</y><time>undefined</time></pt><closed_date>10-01-22 17:10:02:475</closed_date></polygon></object><object><name>tooth 15</name><deleted>0</deleted><verified>0</verified><occluded>no</occluded><attributes /><parts><hasparts /><ispartof /></parts><date>10-01-22 17:10:15:195</date><id>2</id><type>bounding_box</type><polygon><username>anonymous</username><pt><x>1034</x><y>531</y><time>10-01-22 17:10:08:312</time></pt><pt><x>734</x><y>531</y><time>10-01-22 17:10:11:081</time></pt><pt><x>734</x><y>5</y><time>undefined</time></pt><pt><x>1034</x><y>5</y><time>undefined</time></pt><closed_date>10-01-22 17:10:11:082</closed_date></polygon></object><object><name>tooth 14</name><deleted>0</deleted><verified>0</verified><occluded>no</occluded><attributes /><parts><hasparts /><ispartof /></parts><date>10-01-22 17:10:24:057</date><id>3</id><type>bounding_box</type><polygon><username>anonymous</username><pt><x>1322</x><y>521</y><time>10-01-22 17:10:18:206</time></pt><pt><x>1031</x><y>521</y><time>10-01-22 17:10:20:995</time></pt><pt><x>1031</x><y>1</y><time>undefined</time></pt><pt><x>1322</x><y>1</y><time>undefined</time></pt><closed_date>10-01-22 17:10:20:995</closed_date></polygon></object><object><name>tooth 13</name><deleted>0</deleted><verified>0</verified><occluded>no</occluded><attributes /><parts><hasparts /><ispartof /></parts><date>10-01-22 17:10:33:018</date><id>4</id><type>bounding_box</type><polygon><username>anonymous</username><pt><x>1248</x><y>473</y><time>10-01-22 17:10:25:663</time></pt><pt><x>1606</x><y>473</y><time>10-01-22 17:10:28:647</time></pt><pt><x>1606</x><y>5</y><time>undefined</time></pt><pt><x>1248</x><y>5</y><time>undefined</time></pt><closed_date>10-01-22 17:10:28:647</closed_date></polygon></object><object><name>tooth 43</name><deleted>0</deleted><verified>0</verified><occluded>no</occluded><attributes /><parts><hasparts /><ispartof /></parts><date>10-01-22 17:10:43:726</date><id>5</id><type>bounding_box</type><polygon><username>anonymous</username><pt><x>1405</x><y>588</y><time>10-01-22 17:10:35:454</time></pt><pt><x>1606</x><y>588</y><time>10-01-22 17:10:38:692</time></pt><pt><x>1606</x><y>1207</y><time>undefined</time></pt><pt><x>1405</x><y>1207</y><time>undefined</time></pt><closed_date>10-01-22 17:10:38:692</closed_date></polygon></object><object><name>tooth 44</name><deleted>0</deleted><verified>0</verified><occluded>no</occluded><attributes /><parts><hasparts /><ispartof /></parts><date>10-01-22 17:10:52:917</date><id>6</id><type>bounding_box</type><polygon><username>anonymous</username><pt><x>1144</x><y>602</y><time>10-01-22 17:10:45:630</time></pt><pt><x>1467</x><y>602</y><time>10-01-22 17:10:48:783</time></pt><pt><x>1467</x><y>1237</y><time>undefined</time></pt><pt><x>1144</x><y>1237</y><time>undefined</time></pt><closed_date>10-01-22 17:10:48:783</closed_date></polygon></object><object><name>tooth 45</name><deleted>0</deleted><verified>0</verified><occluded>no</occluded><attributes /><parts><hasparts>14</hasparts><ispartof /></parts><date>10-01-22 17:11:05:358</date><id>7</id><type>bounding_box</type><polygon><username>anonymous</username><pt><x>828</x><y>621</y><time>10-01-22 17:11:00:294</time></pt><pt><x>1156</x><y>621</y><time>10-01-22 17:11:02:255</time></pt><pt><x>1156</x><y>1230</y><time>undefined</time></pt><pt><x>828</x><y>1230</y><time>undefined</time></pt><closed_date>10-01-22 17:11:02:256</closed_date></polygon></object><object><name>tooth 46</name><deleted>0</deleted><verified>0</verified><occluded>no</occluded><attributes /><parts><hasparts>12</hasparts><ispartof /></parts><date>10-01-22 17:11:14:334</date><id>8</id><type>bounding_box</type><polygon><username>anonymous</username><pt><x>332</x><y>598</y><time>10-01-22 17:11:06:958</time></pt><pt><x>861</x><y>598</y><time>10-01-22 17:11:09:440</time></pt><pt><x>861</x><y>1230</y><time>undefined</time></pt><pt><x>332</x><y>1230</y><time>undefined</time></pt><closed_date>10-01-22 17:11:09:440</closed_date></polygon></object><object><name>tooth 47</name><deleted>0</deleted><verified>0</verified><occluded>no</occluded><attributes /><parts><hasparts>11</hasparts><ispartof /></parts><date>10-01-22 17:11:24:605</date><id>9</id><type>bounding_box</type><polygon><username>anonymous</username><pt><x>383</x><y>554</y><time>10-01-22 17:11:17:528</time></pt><pt><x>2</x><y>554</y><time>10-01-22 17:11:19:983</time></pt><pt><x>2</x><y>1216</y><time>undefined</time></pt><pt><x>383</x><y>1216</y><time>undefined</time></pt><closed_date>10-01-22 17:11:19:983</closed_date></polygon></object><object><name>restoration</name><deleted>0</deleted><verified>0</verified><occluded>no</occluded><attributes /><parts><hasparts /><ispartof>1</ispartof></parts><date>10-01-22 17:12:17:831</date><id>10</id><polygon><username>anonymous</username><pt><x>581</x><y>358</y><time>10-01-22 17:12:03:630</time></pt><pt><x>623</x><y>298</y><time>10-01-22 17:12:04:465</time></pt><pt><x>681</x><y>265</y><time>10-01-22 17:12:05:157</time></pt><pt><x>697</x><y>254</y><time>10-01-22 17:12:05:995</time></pt><pt><x>731</x><y>330</y><time>10-01-22 17:12:10:232</time></pt><pt><x>745</x><y>374</y><time>10-01-22 17:12:10:867</time></pt><pt><x>752</x><y>434</y><time>10-01-22 17:12:11:262</time></pt><pt><x>754</x><y>450</y><time>10-01-22 17:12:11:560</time></pt><pt><x>743</x><y>459</y><time>10-01-22 17:12:11:823</time></pt><pt><x>722</x><y>466</y><time>10-01-22 17:12:12:055</time></pt><pt><x>715</x><y>491</y><time>10-01-22 17:12:12:565</time></pt><pt><x>685</x><y>482</y><time>10-01-22 17:12:13:015</time></pt><pt><x>609</x><y>452</y><time>10-01-22 17:12:13:385</time></pt><pt><x>586</x><y>452</y><time>10-01-22 17:12:13:856</time></pt><closed_date>10-01-22 17:12:14:652</closed_date></polygon></object><object><name>restoration</name><deleted>0</deleted><verified>0</verified><occluded>no</occluded><attributes /><parts><hasparts /><ispartof>9</ispartof></parts><date>10-01-22 17:12:48:314</date><id>11</id><polygon><username>anonymous</username><pt><x>53</x><y>660</y><time>10-01-22 17:12:30:474</time></pt><pt><x>76</x><y>674</y><time>10-01-22 17:12:30:938</time></pt><pt><x>106</x><y>676</y><time>10-01-22 17:12:31:368</time></pt><pt><x>111</x><y>692</y><time>10-01-22 17:12:31:631</time></pt><pt><x>120</x><y>722</y><time>10-01-22 17:12:35:532</time></pt><pt><x>166</x><y>745</y><time>10-01-22 17:12:36:228</time></pt><pt><x>212</x><y>745</y><time>10-01-22 17:12:36:813</time></pt><pt><x>231</x><y>729</y><time>10-01-22 17:12:37:308</time></pt><pt><x>242</x><y>699</y><time>10-01-22 17:12:37:692</time></pt><pt><x>258</x><y>692</y><time>10-01-22 17:12:38:013</time></pt><pt><x>286</x><y>692</y><time>10-01-22 17:12:38:279</time></pt><pt><x>293</x><y>692</y><time>10-01-22 17:12:38:542</time></pt><pt><x>311</x><y>692</y><time>10-01-22 17:12:38:787</time></pt><pt><x>314</x><y>692</y><time>10-01-22 17:12:39:023</time></pt><pt><x>314</x><y>655</y><time>10-01-22 17:12:39:339</time></pt><pt><x>314</x><y>623</y><time>10-01-22 17:12:39:701</time></pt><pt><x>302</x><y>600</y><time>10-01-22 17:12:40:023</time></pt><pt><x>277</x><y>600</y><time>10-01-22 17:12:40:332</time></pt><pt><x>261</x><y>637</y><time>10-01-22 17:12:40:602</time></pt><pt><x>231</x><y>651</y><time>10-01-22 17:12:40:895</time></pt><pt><x>201</x><y>651</y><time>10-01-22 17:12:41:222</time></pt><pt><x>155</x><y>644</y><time>10-01-22 17:12:41:448</time></pt><pt><x>145</x><y>641</y><time>10-01-22 17:12:41:660</time></pt><pt><x>106</x><y>621</y><time>10-01-22 17:12:41:912</time></pt><pt><x>90</x><y>614</y><time>10-01-22 17:12:42:132</time></pt><pt><x>88</x><y>602</y><time>10-01-22 17:12:42:347</time></pt><pt><x>72</x><y>598</y><time>10-01-22 17:12:42:584</time></pt><pt><x>51</x><y>598</y><time>10-01-22 17:12:42:804</time></pt><pt><x>46</x><y>605</y><time>10-01-22 17:12:43:008</time></pt><pt><x>39</x><y>618</y><time>10-01-22 17:12:43:201</time></pt><closed_date>10-01-22 17:12:43:422</closed_date></polygon></object><object><name>restoration</name><deleted>0</deleted><verified>0</verified><occluded>no</occluded><attributes /><parts><hasparts /><ispartof>8</ispartof></parts><date>10-01-22 17:13:22:906</date><id>12</id><polygon><username>anonymous</username><pt><x>459</x><y>692</y><time>10-01-22 17:13:08:814</time></pt><pt><x>461</x><y>729</y><time>10-01-22 17:13:09:769</time></pt><pt><x>475</x><y>764</y><time>10-01-22 17:13:10:807</time></pt><pt><x>503</x><y>778</y><time>10-01-22 17:13:11:279</time></pt><pt><x>551</x><y>812</y><time>10-01-22 17:13:11:631</time></pt><pt><x>591</x><y>847</y><time>10-01-22 17:13:12:279</time></pt><pt><x>651</x><y>863</y><time>10-01-22 17:13:12:887</time></pt><pt><x>711</x><y>833</y><time>10-01-22 17:13:13:473</time></pt><pt><x>736</x><y>750</y><time>10-01-22 17:13:14:099</time></pt><pt><x>775</x><y>704</y><time>10-01-22 17:13:14:839</time></pt><pt><x>775</x><y>669</y><time>10-01-22 17:13:15:328</time></pt><pt><x>764</x><y>653</y><time>10-01-22 17:13:15:735</time></pt><pt><x>724</x><y>662</y><time>10-01-22 17:13:16:159</time></pt><pt><x>683</x><y>653</y><time>10-01-22 17:13:16:683</time></pt><pt><x>662</x><y>653</y><time>10-01-22 17:13:17:069</time></pt><pt><x>630</x><y>653</y><time>10-01-22 17:13:17:423</time></pt><pt><x>588</x><y>651</y><time>10-01-22 17:13:17:711</time></pt><pt><x>533</x><y>623</y><time>10-01-22 17:13:18:615</time></pt><pt><x>501</x><y>625</y><time>10-01-22 17:13:19:193</time></pt><pt><x>487</x><y>634</y><time>10-01-22 17:13:19:495</time></pt><pt><x>468</x><y>651</y><time>10-01-22 17:13:19:864</time></pt><closed_date>10-01-22 17:13:20:396</closed_date></polygon></object><object><name>restoration</name><deleted>0</deleted><verified>0</verified><occluded>no</occluded><attributes /><parts><hasparts /><ispartof>0</ispartof></parts><date>10-01-22 17:13:46:065</date><id>13</id><polygon><username>anonymous</username><pt><x>173</x><y>401</y><time>10-01-22 17:13:35:824</time></pt><pt><x>166</x><y>344</y><time>10-01-22 17:13:36:519</time></pt><pt><x>108</x><y>330</y><time>10-01-22 17:13:37:371</time></pt><pt><x>72</x><y>337</y><time>10-01-22 17:13:37:843</time></pt><pt><x>58</x><y>365</y><time>10-01-22 17:13:38:207</time></pt><pt><x>44</x><y>385</y><time>10-01-22 17:13:38:465</time></pt><pt><x>37</x><y>418</y><time>10-01-22 17:13:38:686</time></pt><pt><x>46</x><y>431</y><time>10-01-22 17:13:38:913</time></pt><pt><x>74</x><y>429</y><time>10-01-22 17:13:39:135</time></pt><pt><x>92</x><y>457</y><time>10-01-22 17:13:39:659</time></pt><pt><x>113</x><y>459</y><time>10-01-22 17:13:39:920</time></pt><pt><x>141</x><y>459</y><time>10-01-22 17:13:40:159</time></pt><pt><x>164</x><y>443</y><time>10-01-22 17:13:40:417</time></pt><closed_date>10-01-22 17:13:40:776</closed_date></polygon></object><object><name>restoration</name><deleted>0</deleted><verified>0</verified><occluded>no</occluded><attributes /><parts><hasparts /><ispartof>7</ispartof></parts><date>10-01-22 17:14:02:439</date><id>14</id><polygon><username>anonymous</username><pt><x>934</x><y>773</y><time>10-01-22 17:13:54:153</time></pt><pt><x>994</x><y>768</y><time>10-01-22 17:13:54:577</time></pt><pt><x>1029</x><y>768</y><time>10-01-22 17:13:54:976</time></pt><pt><x>1054</x><y>764</y><time>10-01-22 17:13:55:374</time></pt><pt><x>1080</x><y>743</y><time>10-01-22 17:13:55:725</time></pt><pt><x>1110</x><y>722</y><time>10-01-22 17:13:56:065</time></pt><pt><x>1075</x><y>713</y><time>10-01-22 17:13:56:642</time></pt><pt><x>1047</x><y>708</y><time>10-01-22 17:13:56:995</time></pt><pt><x>1034</x><y>697</y><time>10-01-22 17:13:57:375</time></pt><pt><x>958</x><y>699</y><time>10-01-22 17:13:57:711</time></pt><pt><x>916</x><y>706</y><time>10-01-22 17:13:58:459</time></pt><pt><x>955</x><y>768</y><time>10-01-22 17:13:58:855</time></pt><closed_date>10-01-22 17:13:59:523</closed_date></polygon></object><imagesize><nrows /><ncols /></imagesize></annotation>