<annotation><filename>imagem-134.jpg</filename><folder>segmentation_xray</folder><source><sourceImage>The MIT-CSAIL database of objects and scenes</sourceImage><sourceAnnotation>LabelMe Webtool</sourceAnnotation></source><object><name>tooth</name><deleted>0</deleted><verified>0</verified><occluded>no</occluded><attributes>17</attributes><parts><hasparts>12</hasparts><ispartof /></parts><date>20-12-21 16:19:00:104</date><id>0</id><type>bounding_box</type><polygon><username>anonymous</username><pt><x>287</x><y>416</y><time>20-12-21 16:18:50:980</time></pt><pt><x>8</x><y>416</y><time>20-12-21 16:18:53:756</time></pt><pt><x>8</x><y>15</y><time>undefined</time></pt><pt><x>287</x><y>15</y><time>undefined</time></pt><closed_date>20-12-21 16:18:53:757</closed_date></polygon></object><object><name>tooth</name><deleted>0</deleted><verified>0</verified><occluded>no</occluded><attributes>16</attributes><parts><hasparts /><ispartof /></parts><date>20-12-21 16:19:11:467</date><id>1</id><type>bounding_box</type><polygon><username>anonymous</username><pt><x>621</x><y>421</y><time>20-12-21 16:19:02:104</time></pt><pt><x>284</x><y>421</y><time>20-12-21 16:19:06:174</time></pt><pt><x>284</x><y>10</y><time>undefined</time></pt><pt><x>621</x><y>10</y><time>undefined</time></pt><closed_date>20-12-21 16:19:06:174</closed_date></polygon></object><object><name>tooth</name><deleted>0</deleted><verified>0</verified><occluded>no</occluded><attributes>15</attributes><parts><hasparts /><ispartof /></parts><date>20-12-21 16:19:27:344</date><id>2</id><type>bounding_box</type><polygon><username>anonymous</username><pt><x>848</x><y>401</y><time>20-12-21 16:19:17:876</time></pt><pt><x>611</x><y>401</y><time>20-12-21 16:19:21:207</time></pt><pt><x>611</x><y>7</y><time>undefined</time></pt><pt><x>848</x><y>7</y><time>undefined</time></pt><closed_date>20-12-21 16:19:21:207</closed_date></polygon></object><object><name>tooth</name><deleted>0</deleted><verified>0</verified><occluded>no</occluded><attributes>14</attributes><parts><hasparts /><ispartof /></parts><date>20-12-21 16:19:38:573</date><id>3</id><type>bounding_box</type><polygon><username>anonymous</username><pt><x>853</x><y>372</y><time>20-12-21 16:19:30:137</time></pt><pt><x>1097</x><y>372</y><time>20-12-21 16:19:33:870</time></pt><pt><x>1097</x><y>5</y><time>undefined</time></pt><pt><x>853</x><y>5</y><time>undefined</time></pt><closed_date>20-12-21 16:19:33:871</closed_date></polygon></object><object><name>tooth</name><deleted>0</deleted><verified>0</verified><occluded>no</occluded><attributes>13</attributes><parts><hasparts /><ispartof /></parts><date>20-12-21 16:19:49:449</date><id>4</id><type>bounding_box</type><polygon><username>anonymous</username><pt><x>1214</x><y>364</y><time>20-12-21 16:19:40:755</time></pt><pt><x>1077</x><y>364</y><time>20-12-21 16:19:43:463</time></pt><pt><x>1077</x><y>27</y><time>undefined</time></pt><pt><x>1214</x><y>27</y><time>undefined</time></pt><closed_date>20-12-21 16:19:43:464</closed_date></polygon></object><object><name>tooth</name><deleted>0</deleted><verified>0</verified><occluded>no</occluded><attributes>43</attributes><parts><hasparts /><ispartof /></parts><date>20-12-21 16:20:01:617</date><id>5</id><type>bounding_box</type><polygon><username>anonymous</username><pt><x>1217</x><y>456</y><time>20-12-21 16:19:51:376</time></pt><pt><x>1062</x><y>456</y><time>20-12-21 16:19:56:175</time></pt><pt><x>1062</x><y>937</y><time>undefined</time></pt><pt><x>1217</x><y>937</y><time>undefined</time></pt><closed_date>20-12-21 16:19:56:175</closed_date></polygon></object><object><name>tooth</name><deleted>0</deleted><verified>0</verified><occluded>no</occluded><attributes>44</attributes><parts><hasparts /><ispartof /></parts><date>20-12-21 16:20:12:125</date><id>6</id><type>bounding_box</type><polygon><username>anonymous</username><pt><x>883</x><y>467</y><time>20-12-21 16:20:02:857</time></pt><pt><x>1070</x><y>467</y><time>20-12-21 16:20:07:395</time></pt><pt><x>1070</x><y>943</y><time>undefined</time></pt><pt><x>883</x><y>943</y><time>undefined</time></pt><closed_date>20-12-21 16:20:07:395</closed_date></polygon></object><object><name>tooth</name><deleted>0</deleted><verified>0</verified><occluded>no</occluded><attributes>45</attributes><parts><hasparts /><ispartof /></parts><date>20-12-21 16:20:25:786</date><id>7</id><type>bounding_box</type><polygon><username>anonymous</username><pt><x>649</x><y>467</y><time>20-12-21 16:20:13:134</time></pt><pt><x>868</x><y>467</y><time>20-12-21 16:20:20:771</time></pt><pt><x>868</x><y>943</y><time>undefined</time></pt><pt><x>649</x><y>943</y><time>undefined</time></pt><closed_date>20-12-21 16:20:20:771</closed_date></polygon></object><object><name>tooth</name><deleted>0</deleted><verified>0</verified><occluded>no</occluded><attributes>46</attributes><parts><hasparts>11</hasparts><ispartof /></parts><date>20-12-21 16:21:02:703</date><id>8</id><type>bounding_box</type><polygon><username>anonymous</username><pt><x>641</x><y>476</y><time>20-12-21 16:20:52:133</time></pt><pt><x>264</x><y>476</y><time>20-12-21 16:20:55:234</time></pt><pt><x>264</x><y>943</y><time>undefined</time></pt><pt><x>641</x><y>943</y><time>undefined</time></pt><closed_date>20-12-21 16:20:55:234</closed_date></polygon></object><object><name>tooth</name><deleted>0</deleted><verified>0</verified><occluded>no</occluded><attributes>47</attributes><parts><hasparts>10</hasparts><ispartof /></parts><date>20-12-21 16:21:15:589</date><id>9</id><type>bounding_box</type><polygon><username>anonymous</username><pt><x>2</x><y>422</y><time>20-12-21 16:21:05:189</time></pt><pt><x>326</x><y>422</y><time>20-12-21 16:21:09:203</time></pt><pt><x>326</x><y>913</y><time>undefined</time></pt><pt><x>2</x><y>913</y><time>undefined</time></pt><closed_date>20-12-21 16:21:09:203</closed_date></polygon></object><object><name>restoration</name><deleted>0</deleted><verified>0</verified><occluded>no</occluded><attributes /><parts><hasparts /><ispartof>9</ispartof></parts><date>20-12-21 16:21:38:819</date><id>10</id><polygon><username>anonymous</username><pt><x>50</x><y>467</y><time>20-12-21 16:21:19:234</time></pt><pt><x>65</x><y>493</y><time>20-12-21 16:21:19:897</time></pt><pt><x>87</x><y>514</y><time>20-12-21 16:21:20:557</time></pt><pt><x>115</x><y>531</y><time>20-12-21 16:21:21:024</time></pt><pt><x>144</x><y>531</y><time>20-12-21 16:21:21:549</time></pt><pt><x>165</x><y>553</y><time>20-12-21 16:21:22:481</time></pt><pt><x>194</x><y>568</y><time>20-12-21 16:21:23:339</time></pt><pt><x>222</x><y>549</y><time>20-12-21 16:21:23:988</time></pt><pt><x>215</x><y>538</y><time>20-12-21 16:21:24:490</time></pt><pt><x>210</x><y>514</y><time>20-12-21 16:21:25:098</time></pt><pt><x>245</x><y>538</y><time>20-12-21 16:21:26:469</time></pt><pt><x>277</x><y>534</y><time>20-12-21 16:21:27:014</time></pt><pt><x>257</x><y>513</y><time>20-12-21 16:21:27:594</time></pt><pt><x>234</x><y>504</y><time>20-12-21 16:21:28:127</time></pt><pt><x>205</x><y>501</y><time>20-12-21 16:21:28:612</time></pt><pt><x>179</x><y>496</y><time>20-12-21 16:21:29:231</time></pt><pt><x>172</x><y>478</y><time>20-12-21 16:21:33:002</time></pt><pt><x>164</x><y>459</y><time>20-12-21 16:21:33:602</time></pt><pt><x>142</x><y>457</y><time>20-12-21 16:21:34:269</time></pt><pt><x>107</x><y>451</y><time>20-12-21 16:21:34:770</time></pt><pt><x>72</x><y>467</y><time>20-12-21 16:21:35:237</time></pt><closed_date>20-12-21 16:21:35:663</closed_date></polygon></object><object><name>restoration</name><deleted>0</deleted><verified>0</verified><occluded>no</occluded><attributes /><parts><hasparts /><ispartof>8</ispartof></parts><date>20-12-21 16:21:56:361</date><id>11</id><polygon><username>anonymous</username><pt><x>387</x><y>499</y><time>20-12-21 16:21:39:879</time></pt><pt><x>371</x><y>524</y><time>20-12-21 16:21:40:362</time></pt><pt><x>406</x><y>556</y><time>20-12-21 16:21:41:018</time></pt><pt><x>432</x><y>573</y><time>20-12-21 16:21:41:585</time></pt><pt><x>456</x><y>586</y><time>20-12-21 16:21:42:434</time></pt><pt><x>513</x><y>593</y><time>20-12-21 16:21:43:119</time></pt><pt><x>521</x><y>569</y><time>20-12-21 16:21:43:501</time></pt><pt><x>583</x><y>569</y><time>20-12-21 16:21:48:027</time></pt><pt><x>604</x><y>556</y><time>20-12-21 16:21:48:697</time></pt><pt><x>599</x><y>544</y><time>20-12-21 16:21:49:398</time></pt><pt><x>568</x><y>538</y><time>20-12-21 16:21:50:641</time></pt><pt><x>543</x><y>538</y><time>20-12-21 16:21:51:058</time></pt><pt><x>523</x><y>526</y><time>20-12-21 16:21:51:456</time></pt><pt><x>501</x><y>514</y><time>20-12-21 16:21:51:803</time></pt><pt><x>476</x><y>518</y><time>20-12-21 16:21:52:140</time></pt><pt><x>462</x><y>513</y><time>20-12-21 16:21:52:501</time></pt><pt><x>426</x><y>503</y><time>20-12-21 16:21:52:900</time></pt><closed_date>20-12-21 16:21:53:193</closed_date></polygon></object><object><name>restoration</name><deleted>0</deleted><verified>0</verified><occluded>no</occluded><attributes /><parts><hasparts /><ispartof>0</ispartof></parts><date>20-12-21 16:22:28:037</date><id>12</id><polygon><username>anonymous</username><pt><x>68</x><y>280</y><time>20-12-21 16:22:13:720</time></pt><pt><x>99</x><y>279</y><time>20-12-21 16:22:17:441</time></pt><pt><x>145</x><y>249</y><time>20-12-21 16:22:18:249</time></pt><pt><x>174</x><y>257</y><time>20-12-21 16:22:18:815</time></pt><pt><x>204</x><y>296</y><time>20-12-21 16:22:19:575</time></pt><pt><x>219</x><y>311</y><time>20-12-21 16:22:19:984</time></pt><pt><x>229</x><y>321</y><time>20-12-21 16:22:20:399</time></pt><pt><x>237</x><y>341</y><time>20-12-21 16:22:20:928</time></pt><pt><x>217</x><y>366</y><time>20-12-21 16:22:21:567</time></pt><pt><x>199</x><y>381</y><time>20-12-21 16:22:22:184</time></pt><pt><x>174</x><y>372</y><time>20-12-21 16:22:22:581</time></pt><pt><x>150</x><y>357</y><time>20-12-21 16:22:22:901</time></pt><pt><x>117</x><y>344</y><time>20-12-21 16:22:23:263</time></pt><pt><x>88</x><y>337</y><time>20-12-21 16:22:23:771</time></pt><pt><x>82</x><y>322</y><time>20-12-21 16:22:24:164</time></pt><pt><x>58</x><y>291</y><time>20-12-21 16:22:24:684</time></pt><closed_date>20-12-21 16:22:25:077</closed_date></polygon></object><imagesize><nrows /><ncols /></imagesize></annotation>