<annotation><filename>imagem-116.jpg</filename><folder>segmentation_xray</folder><source><sourceImage>The MIT-CSAIL database of objects and scenes</sourceImage><sourceAnnotation>LabelMe Webtool</sourceAnnotation></source><object><name>tooth</name><deleted>0</deleted><verified>0</verified><occluded>no</occluded><attributes>47</attributes><parts><hasparts /><ispartof /></parts><date>11-01-22 19:58:43:920</date><id>0</id><type>bounding_box</type><polygon><username>anonymous</username><pt><x>47</x><y>591</y><time>11-01-22 19:58:33:091</time></pt><pt><x>424</x><y>591</y><time>11-01-22 19:58:36:865</time></pt><pt><x>424</x><y>937</y><time>undefined</time></pt><pt><x>47</x><y>937</y><time>undefined</time></pt><closed_date>11-01-22 19:58:36:866</closed_date></polygon></object><object><name>tooth</name><deleted>0</deleted><verified>0</verified><occluded>no</occluded><attributes>46</attributes><parts><hasparts>10,11,9</hasparts><ispartof /></parts><date>11-01-22 19:58:55:506</date><id>1</id><type>bounding_box</type><polygon><username>anonymous</username><pt><x>791</x><y>549</y><time>11-01-22 19:58:45:667</time></pt><pt><x>421</x><y>549</y><time>11-01-22 19:58:50:556</time></pt><pt><x>421</x><y>945</y><time>undefined</time></pt><pt><x>791</x><y>945</y><time>undefined</time></pt><closed_date>11-01-22 19:58:50:556</closed_date></polygon></object><object><name>tooth</name><deleted>0</deleted><verified>0</verified><occluded>no</occluded><attributes>45</attributes><parts><hasparts /><ispartof /></parts><date>11-01-22 19:59:54:542</date><id>2</id><type>bounding_box</type><polygon><username>anonymous</username><pt><x>1038</x><y>516</y><time>11-01-22 19:59:43:418</time></pt><pt><x>798</x><y>516</y><time>11-01-22 19:59:49:207</time></pt><pt><x>798</x><y>943</y><time>undefined</time></pt><pt><x>1038</x><y>943</y><time>undefined</time></pt><closed_date>11-01-22 19:59:49:207</closed_date></polygon></object><object><name>tooth</name><deleted>0</deleted><verified>0</verified><occluded>no</occluded><attributes>44</attributes><parts><hasparts /><ispartof /></parts><date>11-01-22 20:00:06:407</date><id>3</id><type>bounding_box</type><polygon><username>anonymous</username><pt><x>1217</x><y>464</y><time>11-01-22 19:59:56:063</time></pt><pt><x>1042</x><y>464</y><time>11-01-22 19:59:59:418</time></pt><pt><x>1042</x><y>940</y><time>undefined</time></pt><pt><x>1217</x><y>940</y><time>undefined</time></pt><closed_date>11-01-22 19:59:59:418</closed_date></polygon></object><object><name>tooth</name><deleted>0</deleted><verified>0</verified><occluded>no</occluded><attributes>17</attributes><parts><hasparts /><ispartof /></parts><date>11-01-22 20:00:29:756</date><id>4</id><type>bounding_box</type><polygon><username>anonymous</username><pt><x>25</x><y>12</y><time>11-01-22 20:00:18:160</time></pt><pt><x>359</x><y>12</y><time>11-01-22 20:00:21:071</time></pt><pt><x>359</x><y>548</y><time>undefined</time></pt><pt><x>25</x><y>548</y><time>undefined</time></pt><closed_date>11-01-22 20:00:21:071</closed_date></polygon></object><object><name>tooth</name><deleted>0</deleted><verified>0</verified><occluded>no</occluded><attributes>16</attributes><parts><hasparts /><ispartof /></parts><date>11-01-22 20:00:44:323</date><id>5</id><type>bounding_box</type><polygon><username>anonymous</username><pt><x>700</x><y>541</y><time>11-01-22 20:00:35:118</time></pt><pt><x>279</x><y>541</y><time>11-01-22 20:00:38:740</time></pt><pt><x>279</x><y>2</y><time>undefined</time></pt><pt><x>700</x><y>2</y><time>undefined</time></pt><closed_date>11-01-22 20:00:38:740</closed_date></polygon></object><object><name>tooth</name><deleted>0</deleted><verified>0</verified><occluded>no</occluded><attributes>15</attributes><parts><hasparts /><ispartof /></parts><date>11-01-22 20:01:00:769</date><id>6</id><type>bounding_box</type><polygon><username>anonymous</username><pt><x>932</x><y>457</y><time>11-01-22 20:00:52:533</time></pt><pt><x>634</x><y>457</y><time>11-01-22 20:00:55:911</time></pt><pt><x>634</x><y>3</y><time>undefined</time></pt><pt><x>932</x><y>3</y><time>undefined</time></pt><closed_date>11-01-22 20:00:55:911</closed_date></polygon></object><object><name>tooth</name><deleted>0</deleted><verified>0</verified><occluded>no</occluded><attributes>14</attributes><parts><hasparts /><ispartof /></parts><date>11-01-22 20:01:18:870</date><id>7</id><type>bounding_box</type><polygon><username>anonymous</username><pt><x>1170</x><y>417</y><time>11-01-22 20:01:10:973</time></pt><pt><x>811</x><y>417</y><time>11-01-22 20:01:13:838</time></pt><pt><x>811</x><y>3</y><time>undefined</time></pt><pt><x>1170</x><y>3</y><time>undefined</time></pt><closed_date>11-01-22 20:01:13:838</closed_date></polygon></object><object><name>tooth</name><deleted>0</deleted><verified>0</verified><occluded>no</occluded><attributes>13</attributes><parts><hasparts /><ispartof /></parts><date>11-01-22 20:01:26:872</date><id>8</id><type>bounding_box</type><polygon><username>anonymous</username><pt><x>1217</x><y>319</y><time>11-01-22 20:01:20:691</time></pt><pt><x>982</x><y>319</y><time>11-01-22 20:01:22:629</time></pt><pt><x>982</x><y>2</y><time>undefined</time></pt><pt><x>1217</x><y>2</y><time>undefined</time></pt><closed_date>11-01-22 20:01:22:630</closed_date></polygon></object><object><name>restoration</name><deleted>0</deleted><verified>0</verified><occluded>no</occluded><attributes /><parts><hasparts /><ispartof>1</ispartof></parts><date>11-01-22 20:02:07:799</date><id>9</id><polygon><username>anonymous</username><pt><x>478</x><y>673</y><time>11-01-22 20:01:57:038</time></pt><pt><x>511</x><y>658</y><time>11-01-22 20:01:58:025</time></pt><pt><x>526</x><y>643</y><time>11-01-22 20:01:58:894</time></pt><pt><x>518</x><y>619</y><time>11-01-22 20:02:00:813</time></pt><pt><x>488</x><y>619</y><time>11-01-22 20:02:01:399</time></pt><pt><x>467</x><y>631</y><time>11-01-22 20:02:01:763</time></pt><pt><x>459</x><y>641</y><time>11-01-22 20:02:02:113</time></pt><pt><x>471</x><y>658</y><time>11-01-22 20:02:02:485</time></pt><closed_date>11-01-22 20:02:02:761</closed_date></polygon></object><object><name>restoration</name><deleted>0</deleted><verified>0</verified><occluded>no</occluded><attributes /><parts><hasparts /><ispartof>1</ispartof></parts><date>11-01-22 20:02:20:732</date><id>10</id><polygon><username>anonymous</username><pt><x>579</x><y>646</y><time>11-01-22 20:02:08:614</time></pt><pt><x>589</x><y>686</y><time>11-01-22 20:02:09:140</time></pt><pt><x>606</x><y>686</y><time>11-01-22 20:02:09:680</time></pt><pt><x>624</x><y>695</y><time>11-01-22 20:02:10:019</time></pt><pt><x>643</x><y>700</y><time>11-01-22 20:02:10:321</time></pt><pt><x>654</x><y>700</y><time>11-01-22 20:02:10:619</time></pt><pt><x>675</x><y>698</y><time>11-01-22 20:02:10:927</time></pt><pt><x>690</x><y>690</y><time>11-01-22 20:02:11:247</time></pt><pt><x>690</x><y>670</y><time>11-01-22 20:02:11:661</time></pt><pt><x>688</x><y>638</y><time>11-01-22 20:02:12:022</time></pt><pt><x>686</x><y>608</y><time>11-01-22 20:02:12:301</time></pt><pt><x>685</x><y>589</y><time>11-01-22 20:02:12:595</time></pt><pt><x>675</x><y>581</y><time>11-01-22 20:02:12:930</time></pt><pt><x>651</x><y>584</y><time>11-01-22 20:02:13:230</time></pt><pt><x>629</x><y>603</y><time>11-01-22 20:02:13:480</time></pt><pt><x>621</x><y>606</y><time>11-01-22 20:02:13:725</time></pt><pt><x>604</x><y>603</y><time>11-01-22 20:02:13:985</time></pt><pt><x>591</x><y>603</y><time>11-01-22 20:02:14:264</time></pt><pt><x>574</x><y>624</y><time>11-01-22 20:02:14:541</time></pt><closed_date>11-01-22 20:02:14:796</closed_date></polygon></object><object><name>restoration</name><deleted>0</deleted><verified>0</verified><occluded>no</occluded><attributes /><parts><hasparts /><ispartof>1</ispartof></parts><date>11-01-22 20:02:28:301</date><id>11</id><polygon><username>anonymous</username><pt><x>770</x><y>584</y><time>11-01-22 20:02:22:064</time></pt><pt><x>770</x><y>611</y><time>11-01-22 20:02:22:413</time></pt><pt><x>768</x><y>643</y><time>11-01-22 20:02:22:746</time></pt><pt><x>771</x><y>654</y><time>11-01-22 20:02:23:126</time></pt><pt><x>776</x><y>658</y><time>11-01-22 20:02:23:429</time></pt><pt><x>781</x><y>661</y><time>11-01-22 20:02:23:698</time></pt><pt><x>788</x><y>661</y><time>11-01-22 20:02:23:996</time></pt><pt><x>788</x><y>649</y><time>11-01-22 20:02:24:340</time></pt><pt><x>791</x><y>629</y><time>11-01-22 20:02:24:605</time></pt><pt><x>791</x><y>614</y><time>11-01-22 20:02:24:855</time></pt><pt><x>785</x><y>598</y><time>11-01-22 20:02:25:087</time></pt><closed_date>11-01-22 20:02:25:286</closed_date></polygon></object><imagesize><nrows /><ncols /></imagesize></annotation>