<annotation><filename>imagem-009.jpg</filename><folder>segmentation_xray</folder><source><sourceImage>The MIT-CSAIL database of objects and scenes</sourceImage><sourceAnnotation>LabelMe Webtool</sourceAnnotation></source><object><name>tooth</name><deleted>0</deleted><verified>0</verified><occluded>no</occluded><attributes>27</attributes><parts><hasparts>9</hasparts><ispartof /></parts><date>11-01-22 17:34:35:817</date><id>0</id><type>bounding_box</type><polygon><username>anonymous</username><pt><x>731</x><y>354</y><time>11-01-22 17:34:26:838</time></pt><pt><x>1057</x><y>354</y><time>11-01-22 17:34:29:725</time></pt><pt><x>1057</x><y>2</y><time>undefined</time></pt><pt><x>731</x><y>2</y><time>undefined</time></pt><closed_date>11-01-22 17:34:29:725</closed_date></polygon></object><object><name>tooth</name><deleted>0</deleted><verified>0</verified><occluded>no</occluded><attributes>26</attributes><parts><hasparts>10</hasparts><ispartof /></parts><date>11-01-22 17:34:47:016</date><id>1</id><type>bounding_box</type><polygon><username>anonymous</username><pt><x>715</x><y>5</y><time>11-01-22 17:34:38:140</time></pt><pt><x>347</x><y>5</y><time>11-01-22 17:34:42:583</time></pt><pt><x>347</x><y>344</y><time>undefined</time></pt><pt><x>715</x><y>344</y><time>undefined</time></pt><closed_date>11-01-22 17:34:42:583</closed_date></polygon></object><object><name>tooth</name><deleted>0</deleted><verified>0</verified><occluded>no</occluded><attributes>25</attributes><parts><hasparts>8</hasparts><ispartof /></parts><date>11-01-22 17:34:56:387</date><id>2</id><type>bounding_box</type><polygon><username>anonymous</username><pt><x>316</x><y>8</y><time>11-01-22 17:34:48:984</time></pt><pt><x>105</x><y>8</y><time>11-01-22 17:34:51:903</time></pt><pt><x>105</x><y>329</y><time>undefined</time></pt><pt><x>316</x><y>329</y><time>undefined</time></pt><closed_date>11-01-22 17:34:51:903</closed_date></polygon></object><object><name>tooth</name><deleted>0</deleted><verified>0</verified><occluded>no</occluded><attributes>24</attributes><parts><hasparts /><ispartof /></parts><date>11-01-22 17:35:05:050</date><id>3</id><type>bounding_box</type><polygon><username>anonymous</username><pt><x>5</x><y>302</y><time>11-01-22 17:34:57:614</time></pt><pt><x>104</x><y>302</y><time>11-01-22 17:34:59:364</time></pt><pt><x>104</x><y>63</y><time>undefined</time></pt><pt><x>5</x><y>63</y><time>undefined</time></pt><closed_date>11-01-22 17:34:59:364</closed_date></polygon></object><object><name>tooth</name><deleted>0</deleted><verified>0</verified><occluded>no</occluded><attributes>38</attributes><parts><hasparts /><ispartof /></parts><date>11-01-22 17:35:30:182</date><id>4</id><type>bounding_box</type><polygon><username>anonymous</username><pt><x>775</x><y>386</y><time>11-01-22 17:35:20:550</time></pt><pt><x>1175</x><y>386</y><time>11-01-22 17:35:23:231</time></pt><pt><x>1175</x><y>940</y><time>undefined</time></pt><pt><x>775</x><y>940</y><time>undefined</time></pt><closed_date>11-01-22 17:35:23:232</closed_date></polygon></object><object><name>tooth</name><deleted>0</deleted><verified>0</verified><occluded>no</occluded><attributes>37</attributes><parts><hasparts>11</hasparts><ispartof /></parts><date>11-01-22 17:35:40:480</date><id>5</id><type>bounding_box</type><polygon><username>anonymous</username><pt><x>441</x><y>421</y><time>11-01-22 17:35:32:237</time></pt><pt><x>862</x><y>421</y><time>11-01-22 17:35:36:302</time></pt><pt><x>862</x><y>947</y><time>undefined</time></pt><pt><x>441</x><y>947</y><time>undefined</time></pt><closed_date>11-01-22 17:35:36:302</closed_date></polygon></object><object><name>tooth</name><deleted>0</deleted><verified>0</verified><occluded>no</occluded><attributes>36</attributes><parts><hasparts>12,13,14</hasparts><ispartof /></parts><date>11-01-22 17:35:50:871</date><id>6</id><type>bounding_box</type><polygon><username>anonymous</username><pt><x>67</x><y>409</y><time>11-01-22 17:35:42:082</time></pt><pt><x>467</x><y>409</y><time>11-01-22 17:35:45:102</time></pt><pt><x>467</x><y>943</y><time>undefined</time></pt><pt><x>67</x><y>943</y><time>undefined</time></pt><closed_date>11-01-22 17:35:45:102</closed_date></polygon></object><object><name>tooth</name><deleted>0</deleted><verified>0</verified><occluded>no</occluded><attributes>35</attributes><parts><hasparts /><ispartof /></parts><date>11-01-22 17:35:58:958</date><id>7</id><type>bounding_box</type><polygon><username>anonymous</username><pt><x>2</x><y>399</y><time>11-01-22 17:35:51:900</time></pt><pt><x>73</x><y>399</y><time>11-01-22 17:35:53:699</time></pt><pt><x>73</x><y>868</y><time>undefined</time></pt><pt><x>2</x><y>868</y><time>undefined</time></pt><closed_date>11-01-22 17:35:53:699</closed_date></polygon></object><object><name>restoration</name><deleted>0</deleted><verified>0</verified><occluded>no</occluded><attributes /><parts><hasparts /><ispartof>2</ispartof></parts><date>11-01-22 17:36:20:600</date><id>8</id><polygon><username>anonymous</username><pt><x>265</x><y>152</y><time>11-01-22 17:36:04:768</time></pt><pt><x>239</x><y>185</y><time>11-01-22 17:36:05:718</time></pt><pt><x>240</x><y>217</y><time>11-01-22 17:36:06:555</time></pt><pt><x>257</x><y>230</y><time>11-01-22 17:36:07:119</time></pt><pt><x>279</x><y>245</y><time>11-01-22 17:36:07:532</time></pt><pt><x>254</x><y>245</y><time>11-01-22 17:36:11:001</time></pt><pt><x>227</x><y>239</y><time>11-01-22 17:36:11:751</time></pt><pt><x>202</x><y>250</y><time>11-01-22 17:36:12:204</time></pt><pt><x>194</x><y>274</y><time>11-01-22 17:36:12:569</time></pt><pt><x>197</x><y>294</y><time>11-01-22 17:36:12:918</time></pt><pt><x>274</x><y>280</y><time>11-01-22 17:36:13:313</time></pt><pt><x>304</x><y>262</y><time>11-01-22 17:36:13:783</time></pt><pt><x>311</x><y>237</y><time>11-01-22 17:36:14:297</time></pt><pt><x>304</x><y>192</y><time>11-01-22 17:36:14:778</time></pt><pt><x>311</x><y>152</y><time>11-01-22 17:36:15:565</time></pt><pt><x>282</x><y>152</y><time>11-01-22 17:36:16:166</time></pt><closed_date>11-01-22 17:36:16:572</closed_date></polygon></object><object><name>restoration</name><deleted>0</deleted><verified>0</verified><occluded>no</occluded><attributes /><parts><hasparts /><ispartof>0</ispartof></parts><date>11-01-22 17:36:34:038</date><id>9</id><polygon><username>anonymous</username><pt><x>1008</x><y>160</y><time>11-01-22 17:36:23:071</time></pt><pt><x>983</x><y>127</y><time>11-01-22 17:36:23:536</time></pt><pt><x>955</x><y>115</y><time>11-01-22 17:36:24:114</time></pt><pt><x>900</x><y>139</y><time>11-01-22 17:36:24:785</time></pt><pt><x>888</x><y>179</y><time>11-01-22 17:36:25:246</time></pt><pt><x>898</x><y>215</y><time>11-01-22 17:36:25:636</time></pt><pt><x>933</x><y>237</y><time>11-01-22 17:36:26:014</time></pt><pt><x>997</x><y>262</y><time>11-01-22 17:36:27:819</time></pt><pt><x>1018</x><y>190</y><time>11-01-22 17:36:29:818</time></pt><closed_date>11-01-22 17:36:30:236</closed_date></polygon></object><object><name>restoration</name><deleted>0</deleted><verified>0</verified><occluded>no</occluded><attributes /><parts><hasparts /><ispartof>1</ispartof></parts><date>11-01-22 17:36:43:234</date><id>10</id><polygon><username>anonymous</username><pt><x>653</x><y>247</y><time>11-01-22 17:36:35:777</time></pt><pt><x>629</x><y>230</y><time>11-01-22 17:36:36:457</time></pt><pt><x>603</x><y>239</y><time>11-01-22 17:36:37:093</time></pt><pt><x>578</x><y>252</y><time>11-01-22 17:36:37:608</time></pt><pt><x>569</x><y>274</y><time>11-01-22 17:36:37:998</time></pt><pt><x>576</x><y>296</y><time>11-01-22 17:36:38:325</time></pt><pt><x>606</x><y>299</y><time>11-01-22 17:36:38:674</time></pt><pt><x>648</x><y>297</y><time>11-01-22 17:36:39:007</time></pt><pt><x>666</x><y>284</y><time>11-01-22 17:36:39:378</time></pt><pt><x>664</x><y>254</y><time>11-01-22 17:36:39:649</time></pt><closed_date>11-01-22 17:36:40:271</closed_date></polygon></object><object><name>restoration</name><deleted>0</deleted><verified>0</verified><occluded>no</occluded><attributes /><parts><hasparts /><ispartof>5</ispartof></parts><date>11-01-22 17:36:55:897</date><id>11</id><polygon><username>anonymous</username><pt><x>506</x><y>474</y><time>11-01-22 17:36:46:126</time></pt><pt><x>531</x><y>559</y><time>11-01-22 17:36:46:962</time></pt><pt><x>691</x><y>556</y><time>11-01-22 17:36:48:502</time></pt><pt><x>718</x><y>484</y><time>11-01-22 17:36:49:201</time></pt><pt><x>721</x><y>449</y><time>11-01-22 17:36:50:435</time></pt><pt><x>654</x><y>462</y><time>11-01-22 17:36:51:002</time></pt><pt><x>564</x><y>467</y><time>11-01-22 17:36:51:592</time></pt><pt><x>524</x><y>464</y><time>11-01-22 17:36:52:082</time></pt><closed_date>11-01-22 17:36:52:351</closed_date></polygon></object><object><name>root canal treatment</name><deleted>0</deleted><verified>0</verified><occluded>no</occluded><attributes /><parts><hasparts /><ispartof>6</ispartof></parts><date>11-01-22 17:37:14:820</date><id>12</id><polygon><username>anonymous</username><pt><x>175</x><y>673</y><time>11-01-22 17:36:57:165</time></pt><pt><x>160</x><y>813</y><time>11-01-22 17:36:59:378</time></pt><pt><x>169</x><y>930</y><time>11-01-22 17:37:00:982</time></pt><pt><x>174</x><y>942</y><time>11-01-22 17:37:01:706</time></pt><pt><x>202</x><y>710</y><time>11-01-22 17:37:03:031</time></pt><pt><x>202</x><y>726</y><time>11-01-22 17:37:04:398</time></pt><pt><x>204</x><y>755</y><time>11-01-22 17:37:05:110</time></pt><pt><x>202</x><y>790</y><time>11-01-22 17:37:05:582</time></pt><pt><x>194</x><y>892</y><time>11-01-22 17:37:06:714</time></pt><pt><x>192</x><y>933</y><time>11-01-22 17:37:07:450</time></pt><pt><x>199</x><y>938</y><time>11-01-22 17:37:08:030</time></pt><pt><x>235</x><y>675</y><time>11-01-22 17:37:09:342</time></pt><pt><x>225</x><y>664</y><time>11-01-22 17:37:10:185</time></pt><pt><x>199</x><y>664</y><time>11-01-22 17:37:10:518</time></pt><closed_date>11-01-22 17:37:10:848</closed_date></polygon></object><object><name>root canal treatment</name><deleted>0</deleted><verified>0</verified><occluded>no</occluded><attributes /><parts><hasparts /><ispartof>6</ispartof></parts><date>11-01-22 17:37:26:244</date><id>13</id><polygon><username>anonymous</username><pt><x>292</x><y>675</y><time>11-01-22 17:37:15:814</time></pt><pt><x>342</x><y>668</y><time>11-01-22 17:37:16:795</time></pt><pt><x>384</x><y>872</y><time>11-01-22 17:37:18:094</time></pt><pt><x>407</x><y>945</y><time>11-01-22 17:37:18:991</time></pt><pt><x>387</x><y>945</y><time>11-01-22 17:37:19:857</time></pt><pt><x>342</x><y>815</y><time>11-01-22 17:37:21:497</time></pt><pt><x>321</x><y>741</y><time>11-01-22 17:37:22:317</time></pt><closed_date>11-01-22 17:37:22:931</closed_date></polygon></object><object><name>restoration</name><deleted>0</deleted><verified>0</verified><occluded>no</occluded><attributes /><parts><hasparts /><ispartof>6</ispartof></parts><date>11-01-22 17:37:39:574</date><id>14</id><polygon><username>anonymous</username><pt><x>117</x><y>603</y><time>11-01-22 17:37:27:795</time></pt><pt><x>142</x><y>601</y><time>11-01-22 17:37:28:223</time></pt><pt><x>179</x><y>613</y><time>11-01-22 17:37:28:900</time></pt><pt><x>197</x><y>609</y><time>11-01-22 17:37:29:291</time></pt><pt><x>212</x><y>584</y><time>11-01-22 17:37:29:653</time></pt><pt><x>260</x><y>579</y><time>11-01-22 17:37:30:211</time></pt><pt><x>316</x><y>586</y><time>11-01-22 17:37:30:713</time></pt><pt><x>356</x><y>586</y><time>11-01-22 17:37:31:132</time></pt><pt><x>389</x><y>573</y><time>11-01-22 17:37:31:571</time></pt><pt><x>404</x><y>531</y><time>11-01-22 17:37:32:246</time></pt><pt><x>401</x><y>447</y><time>11-01-22 17:37:32:630</time></pt><pt><x>391</x><y>422</y><time>11-01-22 17:37:32:986</time></pt><pt><x>255</x><y>437</y><time>11-01-22 17:37:33:913</time></pt><pt><x>195</x><y>437</y><time>11-01-22 17:37:34:281</time></pt><pt><x>130</x><y>447</y><time>11-01-22 17:37:34:638</time></pt><pt><x>95</x><y>511</y><time>11-01-22 17:37:35:076</time></pt><pt><x>93</x><y>553</y><time>11-01-22 17:37:35:433</time></pt><pt><x>104</x><y>586</y><time>11-01-22 17:37:35:734</time></pt><closed_date>11-01-22 17:37:36:039</closed_date></polygon></object><imagesize><nrows /><ncols /></imagesize></annotation>