<annotation><filename>imagem-108.jpg</filename><folder>segmentation_xray</folder><source><sourceImage>The MIT-CSAIL database of objects and scenes</sourceImage><sourceAnnotation>LabelMe Webtool</sourceAnnotation></source><object><name>tooth</name><deleted>0</deleted><verified>0</verified><occluded>no</occluded><attributes>27</attributes><parts><hasparts /><ispartof /></parts><date>14-12-21 21:45:45:743</date><id>0</id><type>bounding_box</type><polygon><username>anonymous</username><pt><x>830</x><y>352</y><time>14-12-21 21:45:37:909</time></pt><pt><x>509</x><y>352</y><time>14-12-21 21:45:40:291</time></pt><pt><x>509</x><y>0</y><time>undefined</time></pt><pt><x>830</x><y>0</y><time>undefined</time></pt><closed_date>14-12-21 21:45:40:291</closed_date></polygon></object><object><name>tooth</name><deleted>0</deleted><verified>0</verified><occluded>no</occluded><attributes>26</attributes><parts><hasparts /><ispartof /></parts><date>14-12-21 21:45:55:455</date><id>1</id><type>bounding_box</type><polygon><username>anonymous</username><pt><x>157</x><y>397</y><time>14-12-21 21:45:47:549</time></pt><pt><x>511</x><y>397</y><time>14-12-21 21:45:51:243</time></pt><pt><x>511</x><y>8</y><time>undefined</time></pt><pt><x>157</x><y>8</y><time>undefined</time></pt><closed_date>14-12-21 21:45:51:243</closed_date></polygon></object><object><name>tooth</name><deleted>0</deleted><verified>0</verified><occluded>no</occluded><attributes>25</attributes><parts><hasparts /><ispartof /></parts><date>14-12-21 21:46:01:772</date><id>2</id><type>bounding_box</type><polygon><username>anonymous</username><pt><x>3</x><y>334</y><time>14-12-21 21:45:57:245</time></pt><pt><x>212</x><y>334</y><time>14-12-21 21:45:58:451</time></pt><pt><x>212</x><y>12</y><time>undefined</time></pt><pt><x>3</x><y>12</y><time>undefined</time></pt><closed_date>14-12-21 21:45:58:452</closed_date></polygon></object><object><name>tooth</name><deleted>0</deleted><verified>0</verified><occluded>no</occluded><attributes>37</attributes><parts><hasparts /><ispartof /></parts><date>14-12-21 21:46:18:184</date><id>3</id><type>bounding_box</type><polygon><username>anonymous</username><pt><x>489</x><y>439</y><time>14-12-21 21:46:12:354</time></pt><pt><x>873</x><y>439</y><time>14-12-21 21:46:14:291</time></pt><pt><x>873</x><y>942</y><time>undefined</time></pt><pt><x>489</x><y>942</y><time>undefined</time></pt><closed_date>14-12-21 21:46:14:291</closed_date></polygon></object><object><name>tooth</name><deleted>0</deleted><verified>0</verified><occluded>no</occluded><attributes>36</attributes><parts><hasparts>6,7</hasparts><ispartof /></parts><date>14-12-21 21:46:25:751</date><id>4</id><type>bounding_box</type><polygon><username>anonymous</username><pt><x>164</x><y>518</y><time>14-12-21 21:46:19:869</time></pt><pt><x>526</x><y>518</y><time>14-12-21 21:46:22:356</time></pt><pt><x>526</x><y>940</y><time>undefined</time></pt><pt><x>164</x><y>940</y><time>undefined</time></pt><closed_date>14-12-21 21:46:22:356</closed_date></polygon></object><object><name>tooth</name><deleted>0</deleted><verified>0</verified><occluded>no</occluded><attributes>35</attributes><parts><hasparts /><ispartof /></parts><date>14-12-21 21:46:33:976</date><id>5</id><type>bounding_box</type><polygon><username>anonymous</username><pt><x>2</x><y>392</y><time>14-12-21 21:46:26:629</time></pt><pt><x>125</x><y>392</y><time>14-12-21 21:46:28:420</time></pt><pt><x>125</x><y>918</y><time>undefined</time></pt><pt><x>2</x><y>918</y><time>undefined</time></pt><closed_date>14-12-21 21:46:28:420</closed_date></polygon></object><object><name>root canal treatment</name><deleted>0</deleted><verified>0</verified><occluded>no</occluded><attributes /><parts><hasparts /><ispartof>4</ispartof></parts><date>14-12-21 21:46:49:695</date><id>6</id><polygon><username>anonymous</username><pt><x>255</x><y>633</y><time>14-12-21 21:46:35:726</time></pt><pt><x>234</x><y>670</y><time>14-12-21 21:46:36:108</time></pt><pt><x>230</x><y>690</y><time>14-12-21 21:46:40:779</time></pt><pt><x>215</x><y>728</y><time>14-12-21 21:46:41:131</time></pt><pt><x>210</x><y>753</y><time>14-12-21 21:46:41:555</time></pt><pt><x>210</x><y>773</y><time>14-12-21 21:46:41:883</time></pt><pt><x>209</x><y>805</y><time>14-12-21 21:46:42:219</time></pt><pt><x>202</x><y>838</y><time>14-12-21 21:46:42:540</time></pt><pt><x>202</x><y>877</y><time>14-12-21 21:46:42:902</time></pt><pt><x>205</x><y>905</y><time>14-12-21 21:46:43:203</time></pt><pt><x>217</x><y>940</y><time>14-12-21 21:46:43:533</time></pt><pt><x>235</x><y>947</y><time>14-12-21 21:46:43:892</time></pt><pt><x>235</x><y>927</y><time>14-12-21 21:46:44:195</time></pt><pt><x>242</x><y>893</y><time>14-12-21 21:46:44:412</time></pt><pt><x>245</x><y>860</y><time>14-12-21 21:46:44:627</time></pt><pt><x>247</x><y>828</y><time>14-12-21 21:46:44:836</time></pt><pt><x>247</x><y>800</y><time>14-12-21 21:46:45:035</time></pt><pt><x>252</x><y>773</y><time>14-12-21 21:46:45:227</time></pt><pt><x>259</x><y>748</y><time>14-12-21 21:46:45:436</time></pt><pt><x>259</x><y>733</y><time>14-12-21 21:46:45:635</time></pt><pt><x>274</x><y>700</y><time>14-12-21 21:46:45:884</time></pt><pt><x>279</x><y>675</y><time>14-12-21 21:46:46:148</time></pt><pt><x>287</x><y>649</y><time>14-12-21 21:46:46:379</time></pt><pt><x>287</x><y>633</y><time>14-12-21 21:46:46:603</time></pt><pt><x>270</x><y>623</y><time>14-12-21 21:46:46:836</time></pt><closed_date>14-12-21 21:46:47:043</closed_date></polygon></object><object><name>root canal treatment</name><deleted>0</deleted><verified>0</verified><occluded>no</occluded><attributes /><parts><hasparts /><ispartof>4</ispartof></parts><date>14-12-21 21:47:02:749</date><id>7</id><polygon><username>anonymous</username><pt><x>334</x><y>688</y><time>14-12-21 21:46:50:397</time></pt><pt><x>361</x><y>705</y><time>14-12-21 21:46:50:748</time></pt><pt><x>381</x><y>733</y><time>14-12-21 21:46:51:053</time></pt><pt><x>392</x><y>758</y><time>14-12-21 21:46:51:348</time></pt><pt><x>396</x><y>783</y><time>14-12-21 21:46:51:627</time></pt><pt><x>422</x><y>825</y><time>14-12-21 21:46:52:115</time></pt><pt><x>431</x><y>846</y><time>14-12-21 21:46:52:363</time></pt><pt><x>444</x><y>880</y><time>14-12-21 21:46:52:620</time></pt><pt><x>457</x><y>910</y><time>14-12-21 21:46:52:917</time></pt><pt><x>481</x><y>928</y><time>14-12-21 21:46:53:349</time></pt><pt><x>491</x><y>918</y><time>14-12-21 21:46:53:788</time></pt><pt><x>483</x><y>885</y><time>14-12-21 21:46:54:100</time></pt><pt><x>467</x><y>841</y><time>14-12-21 21:46:54:395</time></pt><pt><x>456</x><y>808</y><time>14-12-21 21:46:54:676</time></pt><pt><x>441</x><y>768</y><time>14-12-21 21:46:54:948</time></pt><pt><x>431</x><y>733</y><time>14-12-21 21:46:55:219</time></pt><pt><x>414</x><y>690</y><time>14-12-21 21:46:55:476</time></pt><pt><x>401</x><y>663</y><time>14-12-21 21:46:55:764</time></pt><pt><x>391</x><y>656</y><time>14-12-21 21:46:56:028</time></pt><pt><x>374</x><y>658</y><time>14-12-21 21:46:56:339</time></pt><pt><x>351</x><y>671</y><time>14-12-21 21:46:56:611</time></pt><pt><x>342</x><y>678</y><time>14-12-21 21:46:56:908</time></pt><closed_date>14-12-21 21:46:57:995</closed_date></polygon></object><imagesize><nrows /><ncols /></imagesize></annotation>