<annotation><filename>imagem-089.jpg</filename><folder>segmentation_xray</folder><source><sourceImage>The MIT-CSAIL database of objects and scenes</sourceImage><sourceAnnotation>LabelMe Webtool</sourceAnnotation></source><object><name>tooth</name><deleted>1</deleted><verified>0</verified><occluded>no</occluded><attributes>17</attributes><parts><hasparts /><ispartof /></parts><date>13-01-22 10:01:36:086</date><id>0</id><type>bounding_box</type><polygon><username>anonymous</username><pt><x>219</x><y>20</y><time>13-01-22 10:01:27:439</time></pt><pt><x>594</x><y>20</y><time>13-01-22 10:01:29:960</time></pt><pt><x>594</x><y>573</y><time>undefined</time></pt><pt><x>219</x><y>573</y><time>undefined</time></pt><closed_date>13-01-22 10:01:29:960</closed_date></polygon></object><imagesize><nrows /><ncols /></imagesize><object><name>tooth</name><deleted>0</deleted><verified>0</verified><occluded>no</occluded><attributes>17</attributes><parts><hasparts /><ispartof /></parts><date>13-01-22 19:06:31:842</date><id>1</id><type>bounding_box</type><polygon><username>anonymous</username><pt><x>243</x><y>24</y><time>13-01-22 19:06:24:633</time></pt><pt><x>594</x><y>24</y><time>13-01-22 19:06:26:763</time></pt><pt><x>594</x><y>560</y><time>undefined</time></pt><pt><x>243</x><y>560</y><time>undefined</time></pt><closed_date>13-01-22 19:06:26:764</closed_date></polygon></object><object><name>tooth</name><deleted>0</deleted><verified>0</verified><occluded>no</occluded><attributes>16</attributes><parts><hasparts /><ispartof /></parts><date>13-01-22 19:06:38:657</date><id>2</id><type>bounding_box</type><polygon><username>anonymous</username><pt><x>993</x><y>26</y><time>13-01-22 19:06:33:605</time></pt><pt><x>586</x><y>26</y><time>13-01-22 19:06:35:506</time></pt><pt><x>586</x><y>551</y><time>undefined</time></pt><pt><x>993</x><y>551</y><time>undefined</time></pt><closed_date>13-01-22 19:06:35:506</closed_date></polygon></object><object><name>tooth</name><deleted>0</deleted><verified>0</verified><occluded>no</occluded><attributes>15</attributes><parts><hasparts /><ispartof /></parts><date>13-01-22 19:06:46:171</date><id>3</id><type>bounding_box</type><polygon><username>anonymous</username><pt><x>1269</x><y>30</y><time>13-01-22 19:06:39:829</time></pt><pt><x>995</x><y>30</y><time>13-01-22 19:06:41:903</time></pt><pt><x>995</x><y>544</y><time>undefined</time></pt><pt><x>1269</x><y>544</y><time>undefined</time></pt><closed_date>13-01-22 19:06:41:904</closed_date></polygon></object><object><name>tooth</name><deleted>0</deleted><verified>0</verified><occluded>no</occluded><attributes>14</attributes><parts><hasparts /><ispartof /></parts><date>13-01-22 19:06:54:734</date><id>4</id><type>bounding_box</type><polygon><username>anonymous</username><pt><x>1520</x><y>4</y><time>13-01-22 19:06:49:124</time></pt><pt><x>1271</x><y>4</y><time>13-01-22 19:06:51:300</time></pt><pt><x>1271</x><y>603</y><time>undefined</time></pt><pt><x>1520</x><y>603</y><time>undefined</time></pt><closed_date>13-01-22 19:06:51:300</closed_date></polygon></object><object><name>tooth</name><deleted>0</deleted><verified>0</verified><occluded>no</occluded><attributes>13</attributes><parts><hasparts /><ispartof /></parts><date>13-01-22 19:07:00:812</date><id>5</id><type>bounding_box</type><polygon><username>anonymous</username><pt><x>1609</x><y>516</y><time>13-01-22 19:06:55:621</time></pt><pt><x>1475</x><y>516</y><time>13-01-22 19:06:57:290</time></pt><pt><x>1475</x><y>59</y><time>undefined</time></pt><pt><x>1609</x><y>59</y><time>undefined</time></pt><closed_date>13-01-22 19:06:57:290</closed_date></polygon></object><object><name>tooth</name><deleted>0</deleted><verified>0</verified><occluded>no</occluded><attributes>44</attributes><parts><hasparts /><ispartof /></parts><date>13-01-22 19:07:07:494</date><id>6</id><type>bounding_box</type><polygon><username>anonymous</username><pt><x>1605</x><y>677</y><time>13-01-22 19:07:02:395</time></pt><pt><x>1388</x><y>677</y><time>13-01-22 19:07:04:244</time></pt><pt><x>1388</x><y>1204</y><time>undefined</time></pt><pt><x>1605</x><y>1204</y><time>undefined</time></pt><closed_date>13-01-22 19:07:04:245</closed_date></polygon></object><object><name>tooth</name><deleted>0</deleted><verified>0</verified><occluded>no</occluded><attributes>45</attributes><parts><hasparts /><ispartof /></parts><date>13-01-22 19:07:15:777</date><id>7</id><type>bounding_box</type><polygon><username>anonymous</username><pt><x>1091</x><y>627</y><time>13-01-22 19:07:09:468</time></pt><pt><x>1373</x><y>627</y><time>13-01-22 19:07:11:982</time></pt><pt><x>1373</x><y>1212</y><time>undefined</time></pt><pt><x>1091</x><y>1212</y><time>undefined</time></pt><closed_date>13-01-22 19:07:11:982</closed_date></polygon></object><object><name>tooth</name><deleted>0</deleted><verified>0</verified><occluded>no</occluded><attributes>46</attributes><parts><hasparts>10</hasparts><ispartof /></parts><date>13-01-22 19:07:27:216</date><id>8</id><type>bounding_box</type><polygon><username>anonymous</username><pt><x>586</x><y>1212</y><time>13-01-22 19:07:20:901</time></pt><pt><x>1100</x><y>1212</y><time>13-01-22 19:07:23:853</time></pt><pt><x>1100</x><y>653</y><time>undefined</time></pt><pt><x>586</x><y>653</y><time>undefined</time></pt><closed_date>13-01-22 19:07:23:853</closed_date></polygon></object><object><name>tooth</name><deleted>0</deleted><verified>0</verified><occluded>no</occluded><attributes>47</attributes><parts><hasparts /><ispartof /></parts><date>13-01-22 19:07:36:663</date><id>9</id><type>bounding_box</type><polygon><username>anonymous</username><pt><x>182</x><y>1230</y><time>13-01-22 19:07:29:495</time></pt><pt><x>670</x><y>1230</y><time>13-01-22 19:07:31:820</time></pt><pt><x>670</x><y>620</y><time>undefined</time></pt><pt><x>182</x><y>620</y><time>undefined</time></pt><closed_date>13-01-22 19:07:31:821</closed_date></polygon></object><object><name>restoration</name><deleted>0</deleted><verified>0</verified><occluded>no</occluded><attributes /><parts><hasparts /><ispartof>8</ispartof></parts><date>13-01-22 19:07:57:569</date><id>10</id><polygon><username>anonymous</username><pt><x>690</x><y>757</y><time>13-01-22 19:07:44:240</time></pt><pt><x>724</x><y>768</y><time>13-01-22 19:07:44:720</time></pt><pt><x>733</x><y>750</y><time>13-01-22 19:07:45:265</time></pt><pt><x>753</x><y>750</y><time>13-01-22 19:07:45:634</time></pt><pt><x>785</x><y>759</y><time>13-01-22 19:07:45:940</time></pt><pt><x>818</x><y>759</y><time>13-01-22 19:07:46:200</time></pt><pt><x>841</x><y>766</y><time>13-01-22 19:07:46:436</time></pt><pt><x>859</x><y>774</y><time>13-01-22 19:07:46:660</time></pt><pt><x>894</x><y>733</y><time>13-01-22 19:07:47:093</time></pt><pt><x>911</x><y>716</y><time>13-01-22 19:07:47:348</time></pt><pt><x>967</x><y>711</y><time>13-01-22 19:07:48:062</time></pt><pt><x>987</x><y>735</y><time>13-01-22 19:07:48:431</time></pt><pt><x>1008</x><y>742</y><time>13-01-22 19:07:48:744</time></pt><pt><x>1045</x><y>724</y><time>13-01-22 19:07:48:993</time></pt><pt><x>1058</x><y>714</y><time>13-01-22 19:07:49:245</time></pt><pt><x>1058</x><y>700</y><time>13-01-22 19:07:49:552</time></pt><pt><x>1026</x><y>687</y><time>13-01-22 19:07:49:822</time></pt><pt><x>991</x><y>687</y><time>13-01-22 19:07:50:067</time></pt><pt><x>950</x><y>696</y><time>13-01-22 19:07:50:335</time></pt><pt><x>902</x><y>700</y><time>13-01-22 19:07:50:631</time></pt><pt><x>872</x><y>700</y><time>13-01-22 19:07:50:933</time></pt><pt><x>831</x><y>703</y><time>13-01-22 19:07:51:157</time></pt><pt><x>794</x><y>703</y><time>13-01-22 19:07:51:402</time></pt><pt><x>750</x><y>696</y><time>13-01-22 19:07:51:643</time></pt><pt><x>681</x><y>677</y><time>13-01-22 19:07:51:902</time></pt><pt><x>653</x><y>672</y><time>13-01-22 19:07:52:145</time></pt><pt><x>651</x><y>683</y><time>13-01-22 19:07:52:402</time></pt><pt><x>664</x><y>718</y><time>13-01-22 19:07:52:667</time></pt><closed_date>13-01-22 19:07:52:904</closed_date></polygon></object></annotation>