<annotation><filename>imagem-046.jpg</filename><folder>segmentation_xray</folder><source><sourceImage>The MIT-CSAIL database of objects and scenes</sourceImage><sourceAnnotation>LabelMe Webtool</sourceAnnotation></source><object><name>tooth</name><deleted>0</deleted><verified>0</verified><occluded>no</occluded><attributes>27</attributes><parts><hasparts /><ispartof /></parts><date>13-12-21 22:10:34:961</date><id>0</id><type>bounding_box</type><polygon><username>anonymous</username><pt><x>903</x><y>192</y><time>13-12-21 22:10:27:558</time></pt><pt><x>1179</x><y>192</y><time>13-12-21 22:10:29:821</time></pt><pt><x>1179</x><y>3</y><time>undefined</time></pt><pt><x>903</x><y>3</y><time>undefined</time></pt><closed_date>13-12-21 22:10:29:821</closed_date></polygon></object><object><name>tooth</name><deleted>0</deleted><verified>0</verified><occluded>no</occluded><attributes>26</attributes><parts><hasparts>16</hasparts><ispartof /></parts><date>13-12-21 22:10:43:001</date><id>1</id><type>bounding_box</type><polygon><username>anonymous</username><pt><x>614</x><y>297</y><time>13-12-21 22:10:36:894</time></pt><pt><x>902</x><y>297</y><time>13-12-21 22:10:39:517</time></pt><pt><x>902</x><y>2</y><time>undefined</time></pt><pt><x>614</x><y>2</y><time>undefined</time></pt><closed_date>13-12-21 22:10:39:517</closed_date></polygon></object><object><name>tooth</name><deleted>0</deleted><verified>0</verified><occluded>no</occluded><attributes>25</attributes><parts><hasparts>12,13</hasparts><ispartof /></parts><date>13-12-21 22:10:54:001</date><id>2</id><type>bounding_box</type><polygon><username>anonymous</username><pt><x>396</x><y>339</y><time>13-12-21 22:10:45:487</time></pt><pt><x>608</x><y>339</y><time>13-12-21 22:10:48:565</time></pt><pt><x>608</x><y>5</y><time>undefined</time></pt><pt><x>396</x><y>5</y><time>undefined</time></pt><closed_date>13-12-21 22:10:48:565</closed_date></polygon></object><object><name>tooth</name><deleted>0</deleted><verified>0</verified><occluded>no</occluded><attributes>24</attributes><parts><hasparts>11</hasparts><ispartof /></parts><date>13-12-21 22:11:09:417</date><id>3</id><type>bounding_box</type><polygon><username>anonymous</username><pt><x>172</x><y>411</y><time>13-12-21 22:11:02:605</time></pt><pt><x>396</x><y>411</y><time>13-12-21 22:11:05:301</time></pt><pt><x>396</x><y>3</y><time>undefined</time></pt><pt><x>172</x><y>3</y><time>undefined</time></pt><closed_date>13-12-21 22:11:05:301</closed_date></polygon></object><object><name>tooth</name><deleted>0</deleted><verified>0</verified><occluded>no</occluded><attributes>23</attributes><parts><hasparts /><ispartof /></parts><date>13-12-21 22:11:17:041</date><id>4</id><type>bounding_box</type><polygon><username>anonymous</username><pt><x>7</x><y>431</y><time>13-12-21 22:11:10:944</time></pt><pt><x>164</x><y>431</y><time>13-12-21 22:11:13:660</time></pt><pt><x>164</x><y>7</y><time>undefined</time></pt><pt><x>7</x><y>7</y><time>undefined</time></pt><closed_date>13-12-21 22:11:13:661</closed_date></polygon></object><object><name>tooth</name><deleted>0</deleted><verified>0</verified><occluded>no</occluded><attributes>37</attributes><parts><hasparts>14</hasparts><ispartof /></parts><date>13-12-21 22:11:39:537</date><id>5</id><type>bounding_box</type><polygon><username>anonymous</username><pt><x>1215</x><y>222</y><time>13-12-21 22:11:30:337</time></pt><pt><x>867</x><y>222</y><time>13-12-21 22:11:33:828</time></pt><pt><x>867</x><y>796</y><time>undefined</time></pt><pt><x>1215</x><y>796</y><time>undefined</time></pt><closed_date>13-12-21 22:11:33:828</closed_date></polygon></object><object><name>tooth</name><deleted>0</deleted><verified>0</verified><occluded>no</occluded><attributes>36</attributes><parts><hasparts>15</hasparts><ispartof /></parts><date>13-12-21 22:11:55:513</date><id>6</id><type>bounding_box</type><polygon><username>anonymous</username><pt><x>544</x><y>369</y><time>13-12-21 22:11:49:207</time></pt><pt><x>1095</x><y>369</y><time>13-12-21 22:11:51:437</time></pt><pt><x>1095</x><y>940</y><time>undefined</time></pt><pt><x>544</x><y>940</y><time>undefined</time></pt><closed_date>13-12-21 22:11:51:437</closed_date></polygon></object><object><name>tooth</name><deleted>0</deleted><verified>0</verified><occluded>no</occluded><attributes>35</attributes><parts><hasparts>17</hasparts><ispartof /></parts><date>13-12-21 22:12:08:898</date><id>7</id><type>bounding_box</type><polygon><username>anonymous</username><pt><x>301</x><y>466</y><time>13-12-21 22:12:03:190</time></pt><pt><x>700</x><y>466</y><time>13-12-21 22:12:05:174</time></pt><pt><x>700</x><y>948</y><time>undefined</time></pt><pt><x>301</x><y>948</y><time>undefined</time></pt><closed_date>13-12-21 22:12:05:174</closed_date></polygon></object><object><name>tooth</name><deleted>0</deleted><verified>0</verified><occluded>no</occluded><attributes>34</attributes><parts><hasparts /><ispartof /></parts><date>13-12-21 22:12:20:801</date><id>8</id><type>bounding_box</type><polygon><username>anonymous</username><pt><x>72</x><y>524</y><time>13-12-21 22:12:12:452</time></pt><pt><x>396</x><y>524</y><time>13-12-21 22:12:14:622</time></pt><pt><x>396</x><y>942</y><time>undefined</time></pt><pt><x>72</x><y>942</y><time>undefined</time></pt><closed_date>13-12-21 22:12:14:622</closed_date></polygon></object><object><name>tooth</name><deleted>0</deleted><verified>0</verified><occluded>no</occluded><attributes>33</attributes><parts><hasparts /><ispartof /></parts><date>13-12-21 22:12:27:160</date><id>9</id><type>bounding_box</type><polygon><username>anonymous</username><pt><x>0</x><y>584</y><time>13-12-21 22:12:22:152</time></pt><pt><x>232</x><y>584</y><time>13-12-21 22:12:23:686</time></pt><pt><x>232</x><y>940</y><time>undefined</time></pt><pt><x>0</x><y>940</y><time>undefined</time></pt><closed_date>13-12-21 22:12:23:686</closed_date></polygon></object><object><name>tooth</name><deleted>0</deleted><verified>0</verified><occluded>no</occluded><attributes>38</attributes><parts><hasparts /><ispartof /></parts><date>13-12-21 22:12:35:474</date><id>10</id><type>bounding_box</type><polygon><username>anonymous</username><pt><x>1214</x><y>144</y><time>13-12-21 22:12:29:152</time></pt><pt><x>1152</x><y>144</y><time>13-12-21 22:12:30:918</time></pt><pt><x>1152</x><y>366</y><time>undefined</time></pt><pt><x>1214</x><y>366</y><time>undefined</time></pt><closed_date>13-12-21 22:12:30:918</closed_date></polygon></object><object><name>restoration</name><deleted>0</deleted><verified>0</verified><occluded>no</occluded><attributes /><parts><hasparts /><ispartof>3</ispartof></parts><date>13-12-21 22:13:12:937</date><id>11</id><polygon><username>anonymous</username><pt><x>349</x><y>175</y><time>13-12-21 22:12:55:008</time></pt><pt><x>342</x><y>190</y><time>13-12-21 22:12:55:504</time></pt><pt><x>344</x><y>205</y><time>13-12-21 22:12:56:014</time></pt><pt><x>334</x><y>205</y><time>13-12-21 22:12:56:534</time></pt><pt><x>316</x><y>209</y><time>13-12-21 22:12:56:854</time></pt><pt><x>311</x><y>222</y><time>13-12-21 22:12:57:152</time></pt><pt><x>314</x><y>244</y><time>13-12-21 22:12:57:440</time></pt><pt><x>314</x><y>270</y><time>13-12-21 22:12:57:734</time></pt><pt><x>317</x><y>280</y><time>13-12-21 22:12:58:118</time></pt><pt><x>287</x><y>282</y><time>13-12-21 22:12:58:494</time></pt><pt><x>259</x><y>286</y><time>13-12-21 22:12:58:784</time></pt><pt><x>239</x><y>294</y><time>13-12-21 22:12:59:071</time></pt><pt><x>222</x><y>312</y><time>13-12-21 22:12:59:520</time></pt><pt><x>220</x><y>324</y><time>13-12-21 22:12:59:857</time></pt><pt><x>227</x><y>344</y><time>13-12-21 22:13:00:270</time></pt><pt><x>240</x><y>346</y><time>13-12-21 22:13:00:680</time></pt><pt><x>264</x><y>334</y><time>13-12-21 22:13:00:951</time></pt><pt><x>265</x><y>314</y><time>13-12-21 22:13:01:206</time></pt><pt><x>297</x><y>311</y><time>13-12-21 22:13:01:470</time></pt><pt><x>321</x><y>316</y><time>13-12-21 22:13:01:759</time></pt><pt><x>342</x><y>302</y><time>13-12-21 22:13:02:093</time></pt><pt><x>364</x><y>304</y><time>13-12-21 22:13:02:341</time></pt><pt><x>371</x><y>306</y><time>13-12-21 22:13:02:565</time></pt><pt><x>384</x><y>302</y><time>13-12-21 22:13:02:909</time></pt><pt><x>387</x><y>280</y><time>13-12-21 22:13:07:381</time></pt><pt><x>389</x><y>254</y><time>13-12-21 22:13:07:790</time></pt><pt><x>382</x><y>217</y><time>13-12-21 22:13:08:366</time></pt><pt><x>377</x><y>200</y><time>13-12-21 22:13:08:774</time></pt><pt><x>359</x><y>185</y><time>13-12-21 22:13:09:118</time></pt><pt><x>357</x><y>185</y><time>13-12-21 22:13:09:470</time></pt><closed_date>13-12-21 22:13:10:254</closed_date></polygon></object><object><name>root canal treatment</name><deleted>0</deleted><verified>0</verified><occluded>no</occluded><attributes /><parts><hasparts /><ispartof>2</ispartof></parts><date>13-12-21 22:13:25:706</date><id>12</id><polygon><username>anonymous</username><pt><x>461</x><y>160</y><time>13-12-21 22:13:14:511</time></pt><pt><x>459</x><y>125</y><time>13-12-21 22:13:17:279</time></pt><pt><x>466</x><y>100</y><time>13-12-21 22:13:17:727</time></pt><pt><x>464</x><y>55</y><time>13-12-21 22:13:18:231</time></pt><pt><x>462</x><y>25</y><time>13-12-21 22:13:18:646</time></pt><pt><x>461</x><y>8</y><time>13-12-21 22:13:19:039</time></pt><pt><x>474</x><y>8</y><time>13-12-21 22:13:19:510</time></pt><pt><x>481</x><y>23</y><time>13-12-21 22:13:19:920</time></pt><pt><x>483</x><y>63</y><time>13-12-21 22:13:20:288</time></pt><pt><x>486</x><y>88</y><time>13-12-21 22:13:20:638</time></pt><pt><x>499</x><y>124</y><time>13-12-21 22:13:21:136</time></pt><pt><x>504</x><y>139</y><time>13-12-21 22:13:21:488</time></pt><pt><x>501</x><y>159</y><time>13-12-21 22:13:21:863</time></pt><pt><x>478</x><y>160</y><time>13-12-21 22:13:22:216</time></pt><closed_date>13-12-21 22:13:22:550</closed_date></polygon></object><object><name>restoration</name><deleted>0</deleted><verified>0</verified><occluded>no</occluded><attributes /><parts><hasparts /><ispartof>2</ispartof></parts><date>13-12-21 22:13:39:779</date><id>13</id><polygon><username>anonymous</username><pt><x>518</x><y>127</y><time>13-12-21 22:13:26:858</time></pt><pt><x>543</x><y>127</y><time>13-12-21 22:13:27:230</time></pt><pt><x>558</x><y>132</y><time>13-12-21 22:13:27:569</time></pt><pt><x>563</x><y>145</y><time>13-12-21 22:13:27:896</time></pt><pt><x>559</x><y>165</y><time>13-12-21 22:13:28:238</time></pt><pt><x>559</x><y>179</y><time>13-12-21 22:13:28:633</time></pt><pt><x>578</x><y>179</y><time>13-12-21 22:13:28:929</time></pt><pt><x>591</x><y>180</y><time>13-12-21 22:13:29:238</time></pt><pt><x>604</x><y>210</y><time>13-12-21 22:13:29:583</time></pt><pt><x>608</x><y>235</y><time>13-12-21 22:13:29:911</time></pt><pt><x>608</x><y>255</y><time>13-12-21 22:13:30:335</time></pt><pt><x>573</x><y>259</y><time>13-12-21 22:13:30:687</time></pt><pt><x>563</x><y>274</y><time>13-12-21 22:13:31:022</time></pt><pt><x>549</x><y>289</y><time>13-12-21 22:13:31:351</time></pt><pt><x>528</x><y>296</y><time>13-12-21 22:13:31:647</time></pt><pt><x>494</x><y>291</y><time>13-12-21 22:13:31:927</time></pt><pt><x>462</x><y>284</y><time>13-12-21 22:13:32:167</time></pt><pt><x>444</x><y>297</y><time>13-12-21 22:13:32:454</time></pt><pt><x>434</x><y>299</y><time>13-12-21 22:13:32:727</time></pt><pt><x>421</x><y>289</y><time>13-12-21 22:13:33:039</time></pt><pt><x>404</x><y>287</y><time>13-12-21 22:13:34:247</time></pt><pt><x>397</x><y>239</y><time>13-12-21 22:13:34:807</time></pt><pt><x>404</x><y>205</y><time>13-12-21 22:13:35:167</time></pt><pt><x>419</x><y>197</y><time>13-12-21 22:13:35:470</time></pt><pt><x>446</x><y>204</y><time>13-12-21 22:13:35:785</time></pt><pt><x>456</x><y>175</y><time>13-12-21 22:13:36:247</time></pt><pt><x>459</x><y>164</y><time>13-12-21 22:13:36:559</time></pt><pt><x>488</x><y>165</y><time>13-12-21 22:13:36:935</time></pt><pt><x>501</x><y>154</y><time>13-12-21 22:13:37:318</time></pt><closed_date>13-12-21 22:13:37:583</closed_date></polygon></object><object><name>restoration</name><deleted>0</deleted><verified>0</verified><occluded>no</occluded><attributes /><parts><hasparts /><ispartof>5</ispartof></parts><date>13-12-21 22:13:49:395</date><id>14</id><polygon><username>anonymous</username><pt><x>1084</x><y>284</y><time>13-12-21 22:13:41:792</time></pt><pt><x>1092</x><y>299</y><time>13-12-21 22:13:42:142</time></pt><pt><x>1092</x><y>322</y><time>13-12-21 22:13:42:454</time></pt><pt><x>1077</x><y>327</y><time>13-12-21 22:13:42:727</time></pt><pt><x>1062</x><y>344</y><time>13-12-21 22:13:42:991</time></pt><pt><x>1055</x><y>357</y><time>13-12-21 22:13:43:239</time></pt><pt><x>1043</x><y>372</y><time>13-12-21 22:13:43:495</time></pt><pt><x>1032</x><y>386</y><time>13-12-21 22:13:43:775</time></pt><pt><x>985</x><y>384</y><time>13-12-21 22:13:44:030</time></pt><pt><x>967</x><y>376</y><time>13-12-21 22:13:44:431</time></pt><pt><x>955</x><y>356</y><time>13-12-21 22:13:44:743</time></pt><pt><x>972</x><y>341</y><time>13-12-21 22:13:45:045</time></pt><pt><x>990</x><y>341</y><time>13-12-21 22:13:45:336</time></pt><pt><x>993</x><y>344</y><time>13-12-21 22:13:45:567</time></pt><pt><x>1012</x><y>337</y><time>13-12-21 22:13:45:831</time></pt><pt><x>1025</x><y>311</y><time>13-12-21 22:13:46:119</time></pt><pt><x>1045</x><y>301</y><time>13-12-21 22:13:46:383</time></pt><pt><x>1065</x><y>302</y><time>13-12-21 22:13:46:664</time></pt><pt><x>1077</x><y>301</y><time>13-12-21 22:13:46:942</time></pt><closed_date>13-12-21 22:13:47:230</closed_date></polygon></object><object><name>restoration</name><deleted>0</deleted><verified>0</verified><occluded>no</occluded><attributes /><parts><hasparts /><ispartof>6</ispartof></parts><date>13-12-21 22:14:31:236</date><id>15</id><polygon><username>anonymous</username><pt><x>800</x><y>417</y><time>13-12-21 22:14:22:769</time></pt><pt><x>810</x><y>434</y><time>13-12-21 22:14:23:095</time></pt><pt><x>813</x><y>452</y><time>13-12-21 22:14:23:368</time></pt><pt><x>805</x><y>469</y><time>13-12-21 22:14:23:655</time></pt><pt><x>778</x><y>474</y><time>13-12-21 22:14:23:934</time></pt><pt><x>755</x><y>489</y><time>13-12-21 22:14:24:209</time></pt><pt><x>736</x><y>501</y><time>13-12-21 22:14:24:462</time></pt><pt><x>723</x><y>509</y><time>13-12-21 22:14:24:718</time></pt><pt><x>703</x><y>499</y><time>13-12-21 22:14:25:030</time></pt><pt><x>673</x><y>494</y><time>13-12-21 22:14:25:255</time></pt><pt><x>626</x><y>493</y><time>13-12-21 22:14:25:687</time></pt><pt><x>596</x><y>494</y><time>13-12-21 22:14:25:991</time></pt><pt><x>581</x><y>483</y><time>13-12-21 22:14:26:279</time></pt><pt><x>586</x><y>467</y><time>13-12-21 22:14:26:558</time></pt><pt><x>606</x><y>456</y><time>13-12-21 22:14:26:862</time></pt><pt><x>639</x><y>449</y><time>13-12-21 22:14:27:175</time></pt><pt><x>661</x><y>446</y><time>13-12-21 22:14:27:432</time></pt><pt><x>686</x><y>449</y><time>13-12-21 22:14:27:702</time></pt><pt><x>710</x><y>457</y><time>13-12-21 22:14:27:970</time></pt><pt><x>718</x><y>456</y><time>13-12-21 22:14:28:206</time></pt><pt><x>738</x><y>446</y><time>13-12-21 22:14:28:431</time></pt><pt><x>763</x><y>437</y><time>13-12-21 22:14:28:697</time></pt><pt><x>780</x><y>424</y><time>13-12-21 22:14:28:920</time></pt><closed_date>13-12-21 22:14:29:118</closed_date></polygon></object><object><name>restoration</name><deleted>0</deleted><verified>0</verified><occluded>no</occluded><attributes /><parts><hasparts /><ispartof>1</ispartof></parts><date>13-12-21 22:14:43:722</date><id>16</id><polygon><username>anonymous</username><pt><x>853</x><y>155</y><time>13-12-21 22:14:33:601</time></pt><pt><x>831</x><y>144</y><time>13-12-21 22:14:33:982</time></pt><pt><x>808</x><y>144</y><time>13-12-21 22:14:34:318</time></pt><pt><x>791</x><y>160</y><time>13-12-21 22:14:34:582</time></pt><pt><x>788</x><y>177</y><time>13-12-21 22:14:34:814</time></pt><pt><x>768</x><y>167</y><time>13-12-21 22:14:35:127</time></pt><pt><x>741</x><y>154</y><time>13-12-21 22:14:35:383</time></pt><pt><x>728</x><y>160</y><time>13-12-21 22:14:35:623</time></pt><pt><x>715</x><y>172</y><time>13-12-21 22:14:35:823</time></pt><pt><x>695</x><y>179</y><time>13-12-21 22:14:36:014</time></pt><pt><x>673</x><y>185</y><time>13-12-21 22:14:36:359</time></pt><pt><x>654</x><y>199</y><time>13-12-21 22:14:36:625</time></pt><pt><x>643</x><y>217</y><time>13-12-21 22:14:36:895</time></pt><pt><x>633</x><y>237</y><time>13-12-21 22:14:37:191</time></pt><pt><x>644</x><y>255</y><time>13-12-21 22:14:37:543</time></pt><pt><x>666</x><y>247</y><time>13-12-21 22:14:37:831</time></pt><pt><x>675</x><y>250</y><time>13-12-21 22:14:38:094</time></pt><pt><x>686</x><y>265</y><time>13-12-21 22:14:38:407</time></pt><pt><x>705</x><y>267</y><time>13-12-21 22:14:38:638</time></pt><pt><x>731</x><y>264</y><time>13-12-21 22:14:38:847</time></pt><pt><x>753</x><y>254</y><time>13-12-21 22:14:39:065</time></pt><pt><x>765</x><y>245</y><time>13-12-21 22:14:39:271</time></pt><pt><x>766</x><y>235</y><time>13-12-21 22:14:39:502</time></pt><pt><x>783</x><y>229</y><time>13-12-21 22:14:39:743</time></pt><pt><x>791</x><y>229</y><time>13-12-21 22:14:39:950</time></pt><pt><x>803</x><y>229</y><time>13-12-21 22:14:40:161</time></pt><pt><x>820</x><y>210</y><time>13-12-21 22:14:40:391</time></pt><pt><x>830</x><y>197</y><time>13-12-21 22:14:40:601</time></pt><pt><x>853</x><y>195</y><time>13-12-21 22:14:40:814</time></pt><pt><x>860</x><y>192</y><time>13-12-21 22:14:41:063</time></pt><closed_date>13-12-21 22:14:41:423</closed_date></polygon></object><object><name>restoration</name><deleted>0</deleted><verified>0</verified><occluded>no</occluded><attributes /><parts><hasparts /><ispartof>7</ispartof></parts><date>13-12-21 22:15:06:257</date><id>17</id><polygon><username>anonymous</username><pt><x>498</x><y>509</y><time>13-12-21 22:14:56:264</time></pt><pt><x>493</x><y>526</y><time>13-12-21 22:14:56:703</time></pt><pt><x>483</x><y>544</y><time>13-12-21 22:14:57:063</time></pt><pt><x>456</x><y>549</y><time>13-12-21 22:14:57:375</time></pt><pt><x>431</x><y>549</y><time>13-12-21 22:14:57:703</time></pt><pt><x>424</x><y>544</y><time>13-12-21 22:14:58:023</time></pt><pt><x>411</x><y>544</y><time>13-12-21 22:14:58:391</time></pt><pt><x>396</x><y>558</y><time>13-12-21 22:14:58:671</time></pt><pt><x>377</x><y>564</y><time>13-12-21 22:14:58:959</time></pt><pt><x>356</x><y>568</y><time>13-12-21 22:14:59:263</time></pt><pt><x>341</x><y>554</y><time>13-12-21 22:14:59:655</time></pt><pt><x>327</x><y>539</y><time>13-12-21 22:15:00:070</time></pt><pt><x>354</x><y>531</y><time>13-12-21 22:15:00:455</time></pt><pt><x>369</x><y>528</y><time>13-12-21 22:15:00:862</time></pt><pt><x>377</x><y>518</y><time>13-12-21 22:15:01:159</time></pt><pt><x>384</x><y>501</y><time>13-12-21 22:15:01:439</time></pt><pt><x>396</x><y>486</y><time>13-12-21 22:15:01:735</time></pt><pt><x>414</x><y>483</y><time>13-12-21 22:15:02:014</time></pt><pt><x>431</x><y>484</y><time>13-12-21 22:15:02:247</time></pt><pt><x>442</x><y>494</y><time>13-12-21 22:15:02:526</time></pt><pt><x>447</x><y>498</y><time>13-12-21 22:15:02:735</time></pt><pt><x>457</x><y>493</y><time>13-12-21 22:15:03:038</time></pt><pt><x>469</x><y>483</y><time>13-12-21 22:15:03:294</time></pt><pt><x>483</x><y>479</y><time>13-12-21 22:15:03:511</time></pt><pt><x>499</x><y>483</y><time>13-12-21 22:15:03:727</time></pt><pt><x>508</x><y>493</y><time>13-12-21 22:15:03:983</time></pt><closed_date>13-12-21 22:15:04:278</closed_date></polygon></object><imagesize><nrows /><ncols /></imagesize></annotation>