<annotation><filename>imagem-020.jpg</filename><folder>segmentation_xray</folder><source><sourceImage>The MIT-CSAIL database of objects and scenes</sourceImage><sourceAnnotation>LabelMe Webtool</sourceAnnotation></source><object><name>tooth</name><deleted>0</deleted><verified>0</verified><occluded>no</occluded><attributes>18</attributes><parts><hasparts>9</hasparts><ispartof /></parts><date>14-12-21 22:00:03:935</date><id>0</id><type>bounding_box</type><polygon><username>anonymous</username><pt><x>5</x><y>362</y><time>14-12-21 21:59:54:972</time></pt><pt><x>229</x><y>362</y><time>14-12-21 21:59:57:659</time></pt><pt><x>229</x><y>3</y><time>undefined</time></pt><pt><x>5</x><y>3</y><time>undefined</time></pt><closed_date>14-12-21 21:59:57:659</closed_date></polygon></object><object><name>tooth</name><deleted>0</deleted><verified>0</verified><occluded>no</occluded><attributes>17</attributes><parts><hasparts>10</hasparts><ispartof /></parts><date>14-12-21 22:00:20:216</date><id>1</id><type>bounding_box</type><polygon><username>anonymous</username><pt><x>498</x><y>446</y><time>14-12-21 22:00:13:316</time></pt><pt><x>197</x><y>446</y><time>14-12-21 22:00:16:395</time></pt><pt><x>197</x><y>15</y><time>undefined</time></pt><pt><x>498</x><y>15</y><time>undefined</time></pt><closed_date>14-12-21 22:00:16:395</closed_date></polygon></object><object><name>tooth</name><deleted>0</deleted><verified>0</verified><occluded>no</occluded><attributes>16</attributes><parts><hasparts>11</hasparts><ispartof /></parts><date>14-12-21 22:00:55:928</date><id>2</id><type>bounding_box</type><polygon><username>anonymous</username><pt><x>801</x><y>526</y><time>14-12-21 22:00:44:683</time></pt><pt><x>499</x><y>526</y><time>14-12-21 22:00:48:332</time></pt><pt><x>499</x><y>5</y><time>undefined</time></pt><pt><x>801</x><y>5</y><time>undefined</time></pt><closed_date>14-12-21 22:00:48:332</closed_date></polygon></object><object><name>tooth</name><deleted>0</deleted><verified>0</verified><occluded>no</occluded><attributes>15</attributes><parts><hasparts>12</hasparts><ispartof /></parts><date>14-12-21 22:01:02:694</date><id>3</id><type>bounding_box</type><polygon><username>anonymous</username><pt><x>1012</x><y>536</y><time>14-12-21 22:00:57:652</time></pt><pt><x>806</x><y>536</y><time>14-12-21 22:00:59:252</time></pt><pt><x>806</x><y>0</y><time>undefined</time></pt><pt><x>1012</x><y>0</y><time>undefined</time></pt><closed_date>14-12-21 22:00:59:252</closed_date></polygon></object><object><name>tooth</name><deleted>0</deleted><verified>0</verified><occluded>no</occluded><attributes>14</attributes><parts><hasparts>13</hasparts><ispartof /></parts><date>14-12-21 22:01:10:007</date><id>4</id><type>bounding_box</type><polygon><username>anonymous</username><pt><x>1212</x><y>539</y><time>14-12-21 22:01:04:332</time></pt><pt><x>1003</x><y>539</y><time>14-12-21 22:01:05:939</time></pt><pt><x>1003</x><y>0</y><time>undefined</time></pt><pt><x>1212</x><y>0</y><time>undefined</time></pt><closed_date>14-12-21 22:01:05:939</closed_date></polygon></object><object><name>tooth</name><deleted>0</deleted><verified>0</verified><occluded>no</occluded><attributes>44</attributes><parts><hasparts /><ispartof /></parts><date>14-12-21 22:01:20:751</date><id>5</id><type>bounding_box</type><polygon><username>anonymous</username><pt><x>1215</x><y>589</y><time>14-12-21 22:01:11:109</time></pt><pt><x>1072</x><y>589</y><time>14-12-21 22:01:13:092</time></pt><pt><x>1072</x><y>930</y><time>undefined</time></pt><pt><x>1215</x><y>930</y><time>undefined</time></pt><closed_date>14-12-21 22:01:13:092</closed_date></polygon></object><object><name>tooth</name><deleted>0</deleted><verified>0</verified><occluded>no</occluded><attributes>45</attributes><parts><hasparts>14</hasparts><ispartof /></parts><date>14-12-21 22:01:27:376</date><id>6</id><type>bounding_box</type><polygon><username>anonymous</username><pt><x>846</x><y>604</y><time>14-12-21 22:01:21:725</time></pt><pt><x>1077</x><y>604</y><time>14-12-21 22:01:22:980</time></pt><pt><x>1077</x><y>938</y><time>undefined</time></pt><pt><x>846</x><y>938</y><time>undefined</time></pt><closed_date>14-12-21 22:01:22:980</closed_date></polygon></object><object><name>tooth</name><deleted>0</deleted><verified>0</verified><occluded>no</occluded><attributes>47</attributes><parts><hasparts>15,17,18</hasparts><ispartof /></parts><date>14-12-21 22:01:54:641</date><id>7</id><type>bounding_box</type><polygon><username>anonymous</username><pt><x>132</x><y>509</y><time>14-12-21 22:01:42:454</time></pt><pt><x>638</x><y>509</y><time>14-12-21 22:01:46:220</time></pt><pt><x>638</x><y>943</y><time>undefined</time></pt><pt><x>132</x><y>943</y><time>undefined</time></pt><closed_date>14-12-21 22:01:46:220</closed_date></polygon></object><object><name>tooth</name><deleted>0</deleted><verified>0</verified><occluded>no</occluded><attributes>48</attributes><parts><hasparts>16</hasparts><ispartof /></parts><date>14-12-21 22:02:03:448</date><id>8</id><type>bounding_box</type><polygon><username>anonymous</username><pt><x>0</x><y>374</y><time>14-12-21 22:01:57:301</time></pt><pt><x>349</x><y>374</y><time>14-12-21 22:02:00:171</time></pt><pt><x>349</x><y>831</y><time>undefined</time></pt><pt><x>0</x><y>831</y><time>undefined</time></pt><closed_date>14-12-21 22:02:00:172</closed_date></polygon></object><object><name>restoration</name><deleted>0</deleted><verified>0</verified><occluded>no</occluded><attributes /><parts><hasparts /><ispartof>0</ispartof></parts><date>14-12-21 22:02:20:631</date><id>9</id><polygon><username>anonymous</username><pt><x>139</x><y>265</y><time>14-12-21 22:02:11:083</time></pt><pt><x>129</x><y>237</y><time>14-12-21 22:02:11:540</time></pt><pt><x>104</x><y>220</y><time>14-12-21 22:02:12:012</time></pt><pt><x>88</x><y>214</y><time>14-12-21 22:02:12:380</time></pt><pt><x>58</x><y>207</y><time>14-12-21 22:02:12:692</time></pt><pt><x>18</x><y>207</y><time>14-12-21 22:02:12:964</time></pt><pt><x>2</x><y>217</y><time>14-12-21 22:02:13:292</time></pt><pt><x>10</x><y>264</y><time>14-12-21 22:02:14:124</time></pt><pt><x>43</x><y>279</y><time>14-12-21 22:02:14:492</time></pt><pt><x>68</x><y>289</y><time>14-12-21 22:02:14:772</time></pt><pt><x>77</x><y>309</y><time>14-12-21 22:02:15:125</time></pt><pt><x>93</x><y>312</y><time>14-12-21 22:02:15:340</time></pt><pt><x>114</x><y>294</y><time>14-12-21 22:02:15:646</time></pt><pt><x>137</x><y>304</y><time>14-12-21 22:02:15:900</time></pt><pt><x>164</x><y>307</y><time>14-12-21 22:02:16:190</time></pt><pt><x>172</x><y>272</y><time>14-12-21 22:02:16:548</time></pt><closed_date>14-12-21 22:02:16:980</closed_date></polygon></object><object><name>restoration</name><deleted>0</deleted><verified>0</verified><occluded>no</occluded><attributes /><parts><hasparts /><ispartof>1</ispartof></parts><date>14-12-21 22:02:30:343</date><id>10</id><polygon><username>anonymous</username><pt><x>239</x><y>294</y><time>14-12-21 22:02:21:750</time></pt><pt><x>257</x><y>282</y><time>14-12-21 22:02:22:380</time></pt><pt><x>280</x><y>301</y><time>14-12-21 22:02:22:702</time></pt><pt><x>291</x><y>312</y><time>14-12-21 22:02:22:972</time></pt><pt><x>319</x><y>312</y><time>14-12-21 22:02:23:244</time></pt><pt><x>337</x><y>312</y><time>14-12-21 22:02:23:461</time></pt><pt><x>364</x><y>319</y><time>14-12-21 22:02:23:668</time></pt><pt><x>386</x><y>331</y><time>14-12-21 22:02:23:876</time></pt><pt><x>402</x><y>341</y><time>14-12-21 22:02:24:086</time></pt><pt><x>439</x><y>349</y><time>14-12-21 22:02:24:325</time></pt><pt><x>444</x><y>371</y><time>14-12-21 22:02:24:644</time></pt><pt><x>427</x><y>389</y><time>14-12-21 22:02:25:036</time></pt><pt><x>387</x><y>401</y><time>14-12-21 22:02:25:340</time></pt><pt><x>366</x><y>401</y><time>14-12-21 22:02:25:620</time></pt><pt><x>327</x><y>372</y><time>14-12-21 22:02:25:940</time></pt><pt><x>319</x><y>361</y><time>14-12-21 22:02:26:205</time></pt><pt><x>286</x><y>354</y><time>14-12-21 22:02:26:436</time></pt><pt><x>269</x><y>356</y><time>14-12-21 22:02:26:660</time></pt><pt><x>237</x><y>356</y><time>14-12-21 22:02:26:877</time></pt><pt><x>229</x><y>354</y><time>14-12-21 22:02:27:108</time></pt><pt><x>224</x><y>332</y><time>14-12-21 22:02:27:412</time></pt><pt><x>229</x><y>302</y><time>14-12-21 22:02:27:668</time></pt><closed_date>14-12-21 22:02:28:116</closed_date></polygon></object><object><name>restoration</name><deleted>0</deleted><verified>0</verified><occluded>no</occluded><attributes /><parts><hasparts /><ispartof>2</ispartof></parts><date>14-12-21 22:02:50:888</date><id>11</id><polygon><username>anonymous</username><pt><x>556</x><y>402</y><time>14-12-21 22:02:31:614</time></pt><pt><x>604</x><y>411</y><time>14-12-21 22:02:32:340</time></pt><pt><x>624</x><y>402</y><time>14-12-21 22:02:32:749</time></pt><pt><x>638</x><y>387</y><time>14-12-21 22:02:33:100</time></pt><pt><x>664</x><y>381</y><time>14-12-21 22:02:33:356</time></pt><pt><x>686</x><y>396</y><time>14-12-21 22:02:33:620</time></pt><pt><x>706</x><y>399</y><time>14-12-21 22:02:33:893</time></pt><pt><x>733</x><y>399</y><time>14-12-21 22:02:34:143</time></pt><pt><x>745</x><y>392</y><time>14-12-21 22:02:34:382</time></pt><pt><x>758</x><y>381</y><time>14-12-21 22:02:34:604</time></pt><pt><x>770</x><y>366</y><time>14-12-21 22:02:34:900</time></pt><pt><x>781</x><y>362</y><time>14-12-21 22:02:35:116</time></pt><pt><x>806</x><y>374</y><time>14-12-21 22:02:35:380</time></pt><pt><x>806</x><y>392</y><time>14-12-21 22:02:37:524</time></pt><pt><x>805</x><y>432</y><time>14-12-21 22:02:37:892</time></pt><pt><x>796</x><y>451</y><time>14-12-21 22:02:38:252</time></pt><pt><x>773</x><y>471</y><time>14-12-21 22:02:38:572</time></pt><pt><x>741</x><y>486</y><time>14-12-21 22:02:38:900</time></pt><pt><x>721</x><y>493</y><time>14-12-21 22:02:44:669</time></pt><pt><x>698</x><y>484</y><time>14-12-21 22:02:45:109</time></pt><pt><x>680</x><y>479</y><time>14-12-21 22:02:45:412</time></pt><pt><x>663</x><y>469</y><time>14-12-21 22:02:45:693</time></pt><pt><x>638</x><y>469</y><time>14-12-21 22:02:45:924</time></pt><pt><x>631</x><y>476</y><time>14-12-21 22:02:46:157</time></pt><pt><x>614</x><y>483</y><time>14-12-21 22:02:46:388</time></pt><pt><x>601</x><y>486</y><time>14-12-21 22:02:46:596</time></pt><pt><x>584</x><y>484</y><time>14-12-21 22:02:46:828</time></pt><pt><x>563</x><y>478</y><time>14-12-21 22:02:47:060</time></pt><pt><x>541</x><y>459</y><time>14-12-21 22:02:47:340</time></pt><pt><x>521</x><y>437</y><time>14-12-21 22:02:47:589</time></pt><pt><x>518</x><y>422</y><time>14-12-21 22:02:47:844</time></pt><pt><x>526</x><y>406</y><time>14-12-21 22:02:48:148</time></pt><closed_date>14-12-21 22:02:48:397</closed_date></polygon></object><object><name>restoration</name><deleted>0</deleted><verified>0</verified><occluded>no</occluded><attributes /><parts><hasparts /><ispartof>3</ispartof></parts><date>14-12-21 22:03:02:879</date><id>12</id><polygon><username>anonymous</username><pt><x>823</x><y>371</y><time>14-12-21 22:02:51:767</time></pt><pt><x>843</x><y>379</y><time>14-12-21 22:02:52:093</time></pt><pt><x>862</x><y>392</y><time>14-12-21 22:02:52:469</time></pt><pt><x>875</x><y>411</y><time>14-12-21 22:02:52:813</time></pt><pt><x>877</x><y>436</y><time>14-12-21 22:02:53:069</time></pt><pt><x>892</x><y>447</y><time>14-12-21 22:02:53:349</time></pt><pt><x>907</x><y>447</y><time>14-12-21 22:02:53:589</time></pt><pt><x>915</x><y>441</y><time>14-12-21 22:02:53:813</time></pt><pt><x>927</x><y>424</y><time>14-12-21 22:02:54:046</time></pt><pt><x>930</x><y>407</y><time>14-12-21 22:02:54:285</time></pt><pt><x>947</x><y>389</y><time>14-12-21 22:02:54:533</time></pt><pt><x>975</x><y>386</y><time>14-12-21 22:02:54:773</time></pt><pt><x>1003</x><y>384</y><time>14-12-21 22:02:54:989</time></pt><pt><x>1013</x><y>387</y><time>14-12-21 22:02:55:212</time></pt><pt><x>1007</x><y>437</y><time>14-12-21 22:02:55:605</time></pt><pt><x>1002</x><y>467</y><time>14-12-21 22:02:55:885</time></pt><pt><x>983</x><y>479</y><time>14-12-21 22:02:56:149</time></pt><pt><x>972</x><y>499</y><time>14-12-21 22:02:56:413</time></pt><pt><x>955</x><y>516</y><time>14-12-21 22:02:56:813</time></pt><pt><x>927</x><y>519</y><time>14-12-21 22:02:57:127</time></pt><pt><x>897</x><y>518</y><time>14-12-21 22:02:57:397</time></pt><pt><x>870</x><y>504</y><time>14-12-21 22:02:57:645</time></pt><pt><x>857</x><y>491</y><time>14-12-21 22:02:57:917</time></pt><pt><x>836</x><y>478</y><time>14-12-21 22:02:58:165</time></pt><pt><x>816</x><y>461</y><time>14-12-21 22:02:58:389</time></pt><pt><x>808</x><y>439</y><time>14-12-21 22:02:58:637</time></pt><pt><x>808</x><y>414</y><time>14-12-21 22:02:58:869</time></pt><pt><x>813</x><y>382</y><time>14-12-21 22:02:59:111</time></pt><closed_date>14-12-21 22:02:59:397</closed_date></polygon></object><object><name>restoration</name><deleted>0</deleted><verified>0</verified><occluded>no</occluded><attributes /><parts><hasparts /><ispartof>4</ispartof></parts><date>14-12-21 22:03:19:097</date><id>13</id><polygon><username>anonymous</username><pt><x>1032</x><y>362</y><time>14-12-21 22:03:04:319</time></pt><pt><x>1060</x><y>371</y><time>14-12-21 22:03:05:374</time></pt><pt><x>1075</x><y>387</y><time>14-12-21 22:03:05:652</time></pt><pt><x>1079</x><y>414</y><time>14-12-21 22:03:05:924</time></pt><pt><x>1080</x><y>436</y><time>14-12-21 22:03:06:156</time></pt><pt><x>1090</x><y>442</y><time>14-12-21 22:03:06:348</time></pt><pt><x>1109</x><y>439</y><time>14-12-21 22:03:06:588</time></pt><pt><x>1124</x><y>436</y><time>14-12-21 22:03:06:780</time></pt><pt><x>1134</x><y>422</y><time>14-12-21 22:03:07:045</time></pt><pt><x>1155</x><y>419</y><time>14-12-21 22:03:07:245</time></pt><pt><x>1172</x><y>421</y><time>14-12-21 22:03:07:444</time></pt><pt><x>1185</x><y>426</y><time>14-12-21 22:03:07:638</time></pt><pt><x>1197</x><y>436</y><time>14-12-21 22:03:08:109</time></pt><pt><x>1195</x><y>451</y><time>14-12-21 22:03:08:471</time></pt><pt><x>1175</x><y>456</y><time>14-12-21 22:03:08:725</time></pt><pt><x>1175</x><y>472</y><time>14-12-21 22:03:08:926</time></pt><pt><x>1169</x><y>488</y><time>14-12-21 22:03:09:157</time></pt><pt><x>1145</x><y>494</y><time>14-12-21 22:03:09:485</time></pt><pt><x>1124</x><y>503</y><time>14-12-21 22:03:12:044</time></pt><pt><x>1105</x><y>506</y><time>14-12-21 22:03:12:293</time></pt><pt><x>1084</x><y>506</y><time>14-12-21 22:03:12:533</time></pt><pt><x>1072</x><y>489</y><time>14-12-21 22:03:12:773</time></pt><pt><x>1042</x><y>483</y><time>14-12-21 22:03:12:973</time></pt><pt><x>1028</x><y>474</y><time>14-12-21 22:03:13:205</time></pt><pt><x>1018</x><y>454</y><time>14-12-21 22:03:13:469</time></pt><pt><x>1008</x><y>442</y><time>14-12-21 22:03:13:733</time></pt><pt><x>1007</x><y>429</y><time>14-12-21 22:03:13:941</time></pt><pt><x>1010</x><y>401</y><time>14-12-21 22:03:14:190</time></pt><pt><x>1017</x><y>379</y><time>14-12-21 22:03:14:453</time></pt><closed_date>14-12-21 22:03:14:693</closed_date></polygon></object><object><name>restoration</name><deleted>0</deleted><verified>0</verified><occluded>no</occluded><attributes /><parts><hasparts /><ispartof>6</ispartof></parts><date>14-12-21 22:03:43:153</date><id>14</id><polygon><username>anonymous</username><pt><x>1049</x><y>713</y><time>14-12-21 22:03:32:670</time></pt><pt><x>1022</x><y>701</y><time>14-12-21 22:03:33:077</time></pt><pt><x>1002</x><y>696</y><time>14-12-21 22:03:33:469</time></pt><pt><x>982</x><y>673</y><time>14-12-21 22:03:33:837</time></pt><pt><x>975</x><y>664</y><time>14-12-21 22:03:34:181</time></pt><pt><x>947</x><y>666</y><time>14-12-21 22:03:34:461</time></pt><pt><x>938</x><y>678</y><time>14-12-21 22:03:34:876</time></pt><pt><x>920</x><y>690</y><time>14-12-21 22:03:35:765</time></pt><pt><x>913</x><y>705</y><time>14-12-21 22:03:36:141</time></pt><pt><x>895</x><y>711</y><time>14-12-21 22:03:36:469</time></pt><pt><x>873</x><y>711</y><time>14-12-21 22:03:36:773</time></pt><pt><x>868</x><y>708</y><time>14-12-21 22:03:37:093</time></pt><pt><x>851</x><y>690</y><time>14-12-21 22:03:37:453</time></pt><pt><x>855</x><y>671</y><time>14-12-21 22:03:37:749</time></pt><pt><x>878</x><y>651</y><time>14-12-21 22:03:38:102</time></pt><pt><x>900</x><y>631</y><time>14-12-21 22:03:38:429</time></pt><pt><x>927</x><y>619</y><time>14-12-21 22:03:38:703</time></pt><pt><x>947</x><y>613</y><time>14-12-21 22:03:38:949</time></pt><pt><x>975</x><y>609</y><time>14-12-21 22:03:39:189</time></pt><pt><x>990</x><y>611</y><time>14-12-21 22:03:39:397</time></pt><pt><x>1017</x><y>633</y><time>14-12-21 22:03:39:933</time></pt><pt><x>1032</x><y>649</y><time>14-12-21 22:03:40:174</time></pt><pt><x>1047</x><y>678</y><time>14-12-21 22:03:40:453</time></pt><pt><x>1054</x><y>696</y><time>14-12-21 22:03:40:765</time></pt><closed_date>14-12-21 22:03:41:061</closed_date></polygon></object><object><name>restoration</name><deleted>0</deleted><verified>0</verified><occluded>no</occluded><attributes /><parts><hasparts /><ispartof>7</ispartof></parts><date>14-12-21 22:04:16:506</date><id>15</id><polygon><username>anonymous</username><pt><x>381</x><y>548</y><time>14-12-21 22:04:07:128</time></pt><pt><x>397</x><y>579</y><time>14-12-21 22:04:07:789</time></pt><pt><x>417</x><y>593</y><time>14-12-21 22:04:08:141</time></pt><pt><x>432</x><y>603</y><time>14-12-21 22:04:08:438</time></pt><pt><x>454</x><y>618</y><time>14-12-21 22:04:08:686</time></pt><pt><x>471</x><y>633</y><time>14-12-21 22:04:08:910</time></pt><pt><x>504</x><y>634</y><time>14-12-21 22:04:09:126</time></pt><pt><x>521</x><y>639</y><time>14-12-21 22:04:09:318</time></pt><pt><x>548</x><y>648</y><time>14-12-21 22:04:09:526</time></pt><pt><x>561</x><y>656</y><time>14-12-21 22:04:09:750</time></pt><pt><x>566</x><y>675</y><time>14-12-21 22:04:09:974</time></pt><pt><x>588</x><y>710</y><time>14-12-21 22:04:10:190</time></pt><pt><x>594</x><y>718</y><time>14-12-21 22:04:10:422</time></pt><pt><x>619</x><y>718</y><time>14-12-21 22:04:10:765</time></pt><pt><x>628</x><y>695</y><time>14-12-21 22:04:11:070</time></pt><pt><x>628</x><y>673</y><time>14-12-21 22:04:11:333</time></pt><pt><x>618</x><y>651</y><time>14-12-21 22:04:11:605</time></pt><pt><x>599</x><y>634</y><time>14-12-21 22:04:11:861</time></pt><pt><x>581</x><y>618</y><time>14-12-21 22:04:12:134</time></pt><pt><x>571</x><y>604</y><time>14-12-21 22:04:12:366</time></pt><pt><x>559</x><y>591</y><time>14-12-21 22:04:12:614</time></pt><pt><x>528</x><y>591</y><time>14-12-21 22:04:12:870</time></pt><pt><x>513</x><y>581</y><time>14-12-21 22:04:13:094</time></pt><pt><x>499</x><y>559</y><time>14-12-21 22:04:13:318</time></pt><pt><x>472</x><y>548</y><time>14-12-21 22:04:13:565</time></pt><pt><x>452</x><y>538</y><time>14-12-21 22:04:13:839</time></pt><pt><x>416</x><y>538</y><time>14-12-21 22:04:14:093</time></pt><closed_date>14-12-21 22:04:14:350</closed_date></polygon></object><object><name>restoration</name><deleted>0</deleted><verified>0</verified><occluded>no</occluded><attributes /><parts><hasparts /><ispartof>8</ispartof></parts><date>14-12-21 22:04:35:836</date><id>16</id><polygon><username>anonymous</username><pt><x>275</x><y>551</y><time>14-12-21 22:04:22:493</time></pt><pt><x>242</x><y>543</y><time>14-12-21 22:04:22:853</time></pt><pt><x>232</x><y>534</y><time>14-12-21 22:04:23:198</time></pt><pt><x>214</x><y>543</y><time>14-12-21 22:04:23:454</time></pt><pt><x>204</x><y>538</y><time>14-12-21 22:04:23:750</time></pt><pt><x>182</x><y>513</y><time>14-12-21 22:04:24:062</time></pt><pt><x>160</x><y>509</y><time>14-12-21 22:04:24:405</time></pt><pt><x>134</x><y>511</y><time>14-12-21 22:04:24:686</time></pt><pt><x>105</x><y>518</y><time>14-12-21 22:04:24:926</time></pt><pt><x>75</x><y>516</y><time>14-12-21 22:04:25:173</time></pt><pt><x>57</x><y>488</y><time>14-12-21 22:04:25:478</time></pt><pt><x>45</x><y>452</y><time>14-12-21 22:04:25:805</time></pt><pt><x>82</x><y>444</y><time>14-12-21 22:04:26:149</time></pt><pt><x>112</x><y>434</y><time>14-12-21 22:04:26:472</time></pt><pt><x>139</x><y>444</y><time>14-12-21 22:04:26:726</time></pt><pt><x>165</x><y>452</y><time>14-12-21 22:04:29:173</time></pt><pt><x>184</x><y>461</y><time>14-12-21 22:04:29:486</time></pt><pt><x>207</x><y>471</y><time>14-12-21 22:04:29:806</time></pt><pt><x>220</x><y>484</y><time>14-12-21 22:04:30:167</time></pt><pt><x>242</x><y>489</y><time>14-12-21 22:04:30:614</time></pt><pt><x>274</x><y>491</y><time>14-12-21 22:04:30:903</time></pt><pt><x>297</x><y>498</y><time>14-12-21 22:04:31:230</time></pt><pt><x>322</x><y>509</y><time>14-12-21 22:04:31:487</time></pt><pt><x>339</x><y>529</y><time>14-12-21 22:04:31:782</time></pt><pt><x>337</x><y>554</y><time>14-12-21 22:04:32:101</time></pt><pt><x>329</x><y>569</y><time>14-12-21 22:04:32:398</time></pt><pt><x>306</x><y>568</y><time>14-12-21 22:04:32:630</time></pt><closed_date>14-12-21 22:04:32:950</closed_date></polygon></object><object><name>root canal treatment</name><deleted>0</deleted><verified>0</verified><occluded>no</occluded><attributes /><parts><hasparts /><ispartof>7</ispartof></parts><date>14-12-21 22:04:49:971</date><id>17</id><polygon><username>anonymous</username><pt><x>366</x><y>696</y><time>14-12-21 22:04:37:055</time></pt><pt><x>344</x><y>715</y><time>14-12-21 22:04:37:470</time></pt><pt><x>331</x><y>735</y><time>14-12-21 22:04:37:797</time></pt><pt><x>319</x><y>748</y><time>14-12-21 22:04:38:094</time></pt><pt><x>257</x><y>785</y><time>14-12-21 22:04:40:926</time></pt><pt><x>239</x><y>805</y><time>14-12-21 22:04:41:430</time></pt><pt><x>215</x><y>828</y><time>14-12-21 22:04:41:862</time></pt><pt><x>200</x><y>848</y><time>14-12-21 22:04:42:254</time></pt><pt><x>182</x><y>863</y><time>14-12-21 22:04:42:590</time></pt><pt><x>164</x><y>877</y><time>14-12-21 22:04:42:902</time></pt><pt><x>149</x><y>900</y><time>14-12-21 22:04:43:333</time></pt><pt><x>150</x><y>917</y><time>14-12-21 22:04:43:717</time></pt><pt><x>159</x><y>925</y><time>14-12-21 22:04:44:094</time></pt><pt><x>187</x><y>910</y><time>14-12-21 22:04:44:455</time></pt><pt><x>214</x><y>882</y><time>14-12-21 22:04:44:871</time></pt><pt><x>247</x><y>851</y><time>14-12-21 22:04:45:215</time></pt><pt><x>275</x><y>831</y><time>14-12-21 22:04:45:552</time></pt><pt><x>299</x><y>798</y><time>14-12-21 22:04:45:934</time></pt><pt><x>331</x><y>780</y><time>14-12-21 22:04:46:190</time></pt><pt><x>344</x><y>765</y><time>14-12-21 22:04:46:446</time></pt><pt><x>367</x><y>753</y><time>14-12-21 22:04:46:686</time></pt><pt><x>389</x><y>741</y><time>14-12-21 22:04:46:918</time></pt><pt><x>396</x><y>728</y><time>14-12-21 22:04:47:158</time></pt><pt><x>396</x><y>710</y><time>14-12-21 22:04:47:398</time></pt><closed_date>14-12-21 22:04:47:646</closed_date></polygon></object><object><name>root canal treatment</name><deleted>0</deleted><verified>0</verified><occluded>no</occluded><attributes /><parts><hasparts /><ispartof>7</ispartof></parts><date>14-12-21 22:05:00:307</date><id>18</id><polygon><username>anonymous</username><pt><x>417</x><y>763</y><time>14-12-21 22:04:50:904</time></pt><pt><x>427</x><y>788</y><time>14-12-21 22:04:51:246</time></pt><pt><x>414</x><y>808</y><time>14-12-21 22:04:51:542</time></pt><pt><x>402</x><y>836</y><time>14-12-21 22:04:51:790</time></pt><pt><x>387</x><y>860</y><time>14-12-21 22:04:52:006</time></pt><pt><x>377</x><y>883</y><time>14-12-21 22:04:52:256</time></pt><pt><x>359</x><y>902</y><time>14-12-21 22:04:52:486</time></pt><pt><x>351</x><y>915</y><time>14-12-21 22:04:52:758</time></pt><pt><x>341</x><y>930</y><time>14-12-21 22:04:53:030</time></pt><pt><x>336</x><y>940</y><time>14-12-21 22:04:53:414</time></pt><pt><x>369</x><y>942</y><time>14-12-21 22:04:53:806</time></pt><pt><x>381</x><y>942</y><time>14-12-21 22:04:54:110</time></pt><pt><x>394</x><y>925</y><time>14-12-21 22:04:54:366</time></pt><pt><x>407</x><y>902</y><time>14-12-21 22:04:54:615</time></pt><pt><x>422</x><y>875</y><time>14-12-21 22:04:54:855</time></pt><pt><x>437</x><y>846</y><time>14-12-21 22:04:55:134</time></pt><pt><x>454</x><y>818</y><time>14-12-21 22:04:55:374</time></pt><pt><x>476</x><y>790</y><time>14-12-21 22:04:55:591</time></pt><pt><x>481</x><y>765</y><time>14-12-21 22:04:55:862</time></pt><pt><x>478</x><y>750</y><time>14-12-21 22:04:56:118</time></pt><pt><x>452</x><y>741</y><time>14-12-21 22:04:56:382</time></pt><pt><x>436</x><y>753</y><time>14-12-21 22:04:56:654</time></pt><closed_date>14-12-21 22:04:56:886</closed_date></polygon></object><imagesize><nrows /><ncols /></imagesize></annotation>