<annotation><filename>imagem-063.jpg</filename><folder>segmentation_xray</folder><source><sourceImage>The MIT-CSAIL database of objects and scenes</sourceImage><sourceAnnotation>LabelMe Webtool</sourceAnnotation></source><object><name>tooth</name><deleted>0</deleted><verified>0</verified><occluded>no</occluded><attributes>27</attributes><parts><hasparts /><ispartof /></parts><date>05-01-22 15:48:59:225</date><id>0</id><type>bounding_box</type><polygon><username>anonymous</username><pt><x>1054</x><y>5</y><time>05-01-22 15:48:45:769</time></pt><pt><x>695</x><y>5</y><time>05-01-22 15:48:49:685</time></pt><pt><x>695</x><y>421</y><time>undefined</time></pt><pt><x>1054</x><y>421</y><time>undefined</time></pt><closed_date>05-01-22 15:48:49:686</closed_date></polygon></object><object><name>tooth</name><deleted>0</deleted><verified>0</verified><occluded>no</occluded><attributes>26</attributes><parts><hasparts>7,8</hasparts><ispartof /></parts><date>05-01-22 15:49:11:046</date><id>1</id><type>bounding_box</type><polygon><username>anonymous</username><pt><x>349</x><y>397</y><time>05-01-22 15:49:02:090</time></pt><pt><x>713</x><y>397</y><time>05-01-22 15:49:06:174</time></pt><pt><x>713</x><y>5</y><time>undefined</time></pt><pt><x>349</x><y>5</y><time>undefined</time></pt><closed_date>05-01-22 15:49:06:174</closed_date></polygon></object><object><name>tooth</name><deleted>0</deleted><verified>0</verified><occluded>no</occluded><attributes>25</attributes><parts><hasparts /><ispartof /></parts><date>05-01-22 15:49:21:983</date><id>2</id><type>bounding_box</type><polygon><username>anonymous</username><pt><x>114</x><y>346</y><time>05-01-22 15:49:13:849</time></pt><pt><x>367</x><y>346</y><time>05-01-22 15:49:16:325</time></pt><pt><x>367</x><y>5</y><time>undefined</time></pt><pt><x>114</x><y>5</y><time>undefined</time></pt><closed_date>05-01-22 15:49:16:325</closed_date></polygon></object><object><name>tooth</name><deleted>0</deleted><verified>0</verified><occluded>no</occluded><attributes>24</attributes><parts><hasparts /><ispartof /></parts><date>05-01-22 15:49:33:124</date><id>3</id><type>bounding_box</type><polygon><username>anonymous</username><pt><x>7</x><y>321</y><time>05-01-22 15:49:23:897</time></pt><pt><x>124</x><y>321</y><time>05-01-22 15:49:27:358</time></pt><pt><x>124</x><y>18</y><time>undefined</time></pt><pt><x>7</x><y>18</y><time>undefined</time></pt><closed_date>05-01-22 15:49:27:358</closed_date></polygon></object><object><name>tooth</name><deleted>0</deleted><verified>0</verified><occluded>no</occluded><attributes>36</attributes><parts><hasparts>9</hasparts><ispartof /></parts><date>05-01-22 15:49:49:858</date><id>4</id><type>bounding_box</type><polygon><username>anonymous</username><pt><x>401</x><y>459</y><time>05-01-22 15:49:37:060</time></pt><pt><x>880</x><y>459</y><time>05-01-22 15:49:39:452</time></pt><pt><x>880</x><y>948</y><time>undefined</time></pt><pt><x>401</x><y>948</y><time>undefined</time></pt><closed_date>05-01-22 15:49:39:453</closed_date></polygon></object><object><name>tooth</name><deleted>0</deleted><verified>0</verified><occluded>no</occluded><attributes>35</attributes><parts><hasparts>10</hasparts><ispartof /></parts><date>05-01-22 15:50:04:036</date><id>5</id><type>bounding_box</type><polygon><username>anonymous</username><pt><x>147</x><y>436</y><time>05-01-22 15:49:51:875</time></pt><pt><x>409</x><y>436</y><time>05-01-22 15:49:57:507</time></pt><pt><x>409</x><y>943</y><time>undefined</time></pt><pt><x>147</x><y>943</y><time>undefined</time></pt><closed_date>05-01-22 15:49:57:507</closed_date></polygon></object><object><name>tooth</name><deleted>0</deleted><verified>0</verified><occluded>no</occluded><attributes>34</attributes><parts><hasparts>11</hasparts><ispartof /></parts><date>05-01-22 15:50:17:558</date><id>6</id><type>bounding_box</type><polygon><username>anonymous</username><pt><x>2</x><y>436</y><time>05-01-22 15:50:05:923</time></pt><pt><x>160</x><y>436</y><time>05-01-22 15:50:08:440</time></pt><pt><x>160</x><y>907</y><time>undefined</time></pt><pt><x>2</x><y>907</y><time>undefined</time></pt><closed_date>05-01-22 15:50:08:441</closed_date></polygon></object><object><name>restoration</name><deleted>0</deleted><verified>0</verified><occluded>no</occluded><attributes /><parts><hasparts /><ispartof>1</ispartof></parts><date>05-01-22 15:50:47:063</date><id>7</id><polygon><username>anonymous</username><pt><x>449</x><y>244</y><time>05-01-22 15:50:21:453</time></pt><pt><x>444</x><y>227</y><time>05-01-22 15:50:21:995</time></pt><pt><x>461</x><y>209</y><time>05-01-22 15:50:22:567</time></pt><pt><x>476</x><y>185</y><time>05-01-22 15:50:23:128</time></pt><pt><x>488</x><y>174</y><time>05-01-22 15:50:26:936</time></pt><pt><x>526</x><y>162</y><time>05-01-22 15:50:27:720</time></pt><pt><x>574</x><y>150</y><time>05-01-22 15:50:28:675</time></pt><pt><x>623</x><y>152</y><time>05-01-22 15:50:29:335</time></pt><pt><x>654</x><y>174</y><time>05-01-22 15:50:29:946</time></pt><pt><x>668</x><y>210</y><time>05-01-22 15:50:31:546</time></pt><pt><x>685</x><y>207</y><time>05-01-22 15:50:32:312</time></pt><pt><x>701</x><y>215</y><time>05-01-22 15:50:32:826</time></pt><pt><x>686</x><y>255</y><time>05-01-22 15:50:33:573</time></pt><pt><x>686</x><y>291</y><time>05-01-22 15:50:34:199</time></pt><pt><x>688</x><y>317</y><time>05-01-22 15:50:34:714</time></pt><pt><x>673</x><y>327</y><time>05-01-22 15:50:35:396</time></pt><pt><x>648</x><y>321</y><time>05-01-22 15:50:35:940</time></pt><pt><x>629</x><y>316</y><time>05-01-22 15:50:36:337</time></pt><pt><x>604</x><y>319</y><time>05-01-22 15:50:36:747</time></pt><pt><x>553</x><y>336</y><time>05-01-22 15:50:37:714</time></pt><pt><x>521</x><y>351</y><time>05-01-22 15:50:38:564</time></pt><pt><x>486</x><y>351</y><time>05-01-22 15:50:39:162</time></pt><pt><x>449</x><y>354</y><time>05-01-22 15:50:39:729</time></pt><pt><x>407</x><y>356</y><time>05-01-22 15:50:40:464</time></pt><pt><x>384</x><y>344</y><time>05-01-22 15:50:41:003</time></pt><pt><x>411</x><y>291</y><time>05-01-22 15:50:41:565</time></pt><pt><x>427</x><y>260</y><time>05-01-22 15:50:42:178</time></pt><closed_date>05-01-22 15:50:42:820</closed_date></polygon></object><object><name>root canal treatment</name><deleted>0</deleted><verified>0</verified><occluded>no</occluded><attributes /><parts><hasparts /><ispartof>1</ispartof></parts><date>05-01-22 15:51:25:548</date><id>8</id><polygon><username>anonymous</username><pt><x>494</x><y>155</y><time>05-01-22 15:50:48:159</time></pt><pt><x>516</x><y>115</y><time>05-01-22 15:50:49:151</time></pt><pt><x>521</x><y>92</y><time>05-01-22 15:50:50:495</time></pt><pt><x>524</x><y>65</y><time>05-01-22 15:50:51:024</time></pt><pt><x>526</x><y>28</y><time>05-01-22 15:50:51:986</time></pt><pt><x>526</x><y>7</y><time>05-01-22 15:50:52:701</time></pt><pt><x>566</x><y>10</y><time>05-01-22 15:50:57:379</time></pt><pt><x>574</x><y>15</y><time>05-01-22 15:50:59:970</time></pt><pt><x>584</x><y>73</y><time>05-01-22 15:51:00:909</time></pt><pt><x>591</x><y>110</y><time>05-01-22 15:51:01:842</time></pt><pt><x>601</x><y>78</y><time>05-01-22 15:51:02:552</time></pt><pt><x>626</x><y>38</y><time>05-01-22 15:51:06:742</time></pt><pt><x>641</x><y>7</y><time>05-01-22 15:51:07:437</time></pt><pt><x>671</x><y>10</y><time>05-01-22 15:51:08:183</time></pt><pt><x>646</x><y>47</y><time>05-01-22 15:51:08:907</time></pt><pt><x>626</x><y>83</y><time>05-01-22 15:51:11:433</time></pt><pt><x>621</x><y>117</y><time>05-01-22 15:51:18:869</time></pt><pt><x>636</x><y>145</y><time>05-01-22 15:51:19:479</time></pt><pt><x>638</x><y>152</y><time>05-01-22 15:51:20:776</time></pt><closed_date>05-01-22 15:51:21:890</closed_date></polygon></object><object><name>restoration</name><deleted>0</deleted><verified>0</verified><occluded>no</occluded><attributes /><parts><hasparts /><ispartof>4</ispartof></parts><date>05-01-22 15:51:46:225</date><id>9</id><polygon><username>anonymous</username><pt><x>579</x><y>638</y><time>05-01-22 15:51:28:992</time></pt><pt><x>616</x><y>614</y><time>05-01-22 15:51:30:620</time></pt><pt><x>614</x><y>599</y><time>05-01-22 15:51:31:266</time></pt><pt><x>676</x><y>574</y><time>05-01-22 15:51:33:067</time></pt><pt><x>654</x><y>531</y><time>05-01-22 15:51:34:218</time></pt><pt><x>641</x><y>506</y><time>05-01-22 15:51:34:911</time></pt><pt><x>596</x><y>503</y><time>05-01-22 15:51:35:785</time></pt><pt><x>558</x><y>501</y><time>05-01-22 15:51:36:548</time></pt><pt><x>489</x><y>523</y><time>05-01-22 15:51:37:268</time></pt><pt><x>471</x><y>551</y><time>05-01-22 15:51:38:109</time></pt><pt><x>447</x><y>571</y><time>05-01-22 15:51:39:498</time></pt><pt><x>452</x><y>603</y><time>05-01-22 15:51:41:305</time></pt><pt><x>513</x><y>611</y><time>05-01-22 15:51:42:156</time></pt><pt><x>551</x><y>618</y><time>05-01-22 15:51:42:962</time></pt><closed_date>05-01-22 15:51:43:610</closed_date></polygon></object><object><name>restoration</name><deleted>0</deleted><verified>0</verified><occluded>no</occluded><attributes /><parts><hasparts /><ispartof>5</ispartof></parts><date>05-01-22 15:55:50:653</date><id>10</id><polygon><username>anonymous</username><pt><x>200</x><y>528</y><time>05-01-22 15:55:34:664</time></pt><pt><x>219</x><y>543</y><time>05-01-22 15:55:35:676</time></pt><pt><x>230</x><y>559</y><time>05-01-22 15:55:36:448</time></pt><pt><x>257</x><y>558</y><time>05-01-22 15:55:37:066</time></pt><pt><x>277</x><y>546</y><time>05-01-22 15:55:37:715</time></pt><pt><x>279</x><y>531</y><time>05-01-22 15:55:38:258</time></pt><pt><x>296</x><y>543</y><time>05-01-22 15:55:38:909</time></pt><pt><x>304</x><y>573</y><time>05-01-22 15:55:39:417</time></pt><pt><x>344</x><y>569</y><time>05-01-22 15:55:40:093</time></pt><pt><x>366</x><y>553</y><time>05-01-22 15:55:40:781</time></pt><pt><x>359</x><y>523</y><time>05-01-22 15:55:41:564</time></pt><pt><x>359</x><y>499</y><time>05-01-22 15:55:42:200</time></pt><pt><x>331</x><y>486</y><time>05-01-22 15:55:42:983</time></pt><pt><x>284</x><y>478</y><time>05-01-22 15:55:43:880</time></pt><pt><x>249</x><y>484</y><time>05-01-22 15:55:44:492</time></pt><pt><x>210</x><y>501</y><time>05-01-22 15:55:45:233</time></pt><closed_date>05-01-22 15:55:45:749</closed_date></polygon></object><object><name>restoration</name><deleted>0</deleted><verified>0</verified><occluded>no</occluded><attributes /><parts><hasparts /><ispartof>6</ispartof></parts><date>05-01-22 15:56:02:557</date><id>11</id><polygon><username>anonymous</username><pt><x>7</x><y>503</y><time>05-01-22 15:55:52:100</time></pt><pt><x>33</x><y>503</y><time>05-01-22 15:55:52:715</time></pt><pt><x>60</x><y>513</y><time>05-01-22 15:55:53:379</time></pt><pt><x>95</x><y>513</y><time>05-01-22 15:55:54:101</time></pt><pt><x>122</x><y>493</y><time>05-01-22 15:55:54:999</time></pt><pt><x>114</x><y>483</y><time>05-01-22 15:55:55:598</time></pt><pt><x>83</x><y>474</y><time>05-01-22 15:55:56:454</time></pt><pt><x>55</x><y>466</y><time>05-01-22 15:55:57:031</time></pt><pt><x>30</x><y>466</y><time>05-01-22 15:55:57:481</time></pt><pt><x>8</x><y>478</y><time>05-01-22 15:55:57:990</time></pt><pt><x>2</x><y>491</y><time>05-01-22 15:55:58:563</time></pt><closed_date>05-01-22 15:55:58:910</closed_date></polygon></object><imagesize><nrows /><ncols /></imagesize></annotation>