<annotation><filename>imagem-037.jpg</filename><folder>segmentation_xray</folder><source><sourceImage>The MIT-CSAIL database of objects and scenes</sourceImage><sourceAnnotation>LabelMe Webtool</sourceAnnotation></source><object><name>tooth</name><deleted>0</deleted><verified>0</verified><occluded>no</occluded><attributes>17</attributes><parts><hasparts>13</hasparts><ispartof /></parts><date>10-01-22 15:06:52:405</date><id>0</id><type>bounding_box</type><polygon><username>anonymous</username><pt><x>232</x><y>543</y><time>10-01-22 15:06:43:010</time></pt><pt><x>2</x><y>543</y><time>10-01-22 15:06:47:126</time></pt><pt><x>2</x><y>12</y><time>undefined</time></pt><pt><x>232</x><y>12</y><time>undefined</time></pt><closed_date>10-01-22 15:06:47:126</closed_date></polygon></object><object><name>tooth</name><deleted>0</deleted><verified>0</verified><occluded>no</occluded><attributes>16</attributes><parts><hasparts>10</hasparts><ispartof /></parts><date>10-01-22 15:07:17:619</date><id>1</id><type>bounding_box</type><polygon><username>anonymous</username><pt><x>559</x><y>523</y><time>10-01-22 15:07:04:901</time></pt><pt><x>145</x><y>523</y><time>10-01-22 15:07:12:470</time></pt><pt><x>145</x><y>12</y><time>undefined</time></pt><pt><x>559</x><y>12</y><time>undefined</time></pt><closed_date>10-01-22 15:07:12:470</closed_date></polygon></object><object><name>tooth</name><deleted>0</deleted><verified>0</verified><occluded>no</occluded><attributes>15</attributes><parts><hasparts>11</hasparts><ispartof /></parts><date>10-01-22 15:07:33:452</date><id>2</id><type>bounding_box</type><polygon><username>anonymous</username><pt><x>763</x><y>476</y><time>10-01-22 15:07:26:207</time></pt><pt><x>488</x><y>476</y><time>10-01-22 15:07:28:998</time></pt><pt><x>488</x><y>2</y><time>undefined</time></pt><pt><x>763</x><y>2</y><time>undefined</time></pt><closed_date>10-01-22 15:07:28:998</closed_date></polygon></object><object><name>tooth</name><deleted>0</deleted><verified>0</verified><occluded>no</occluded><attributes>14</attributes><parts><hasparts>12</hasparts><ispartof /></parts><date>10-01-22 15:07:45:568</date><id>3</id><type>bounding_box</type><polygon><username>anonymous</username><pt><x>978</x><y>436</y><time>10-01-22 15:07:38:771</time></pt><pt><x>700</x><y>436</y><time>10-01-22 15:07:41:923</time></pt><pt><x>700</x><y>8</y><time>undefined</time></pt><pt><x>978</x><y>8</y><time>undefined</time></pt><closed_date>10-01-22 15:07:41:923</closed_date></polygon></object><object><name>tooth</name><deleted>0</deleted><verified>0</verified><occluded>no</occluded><attributes>13</attributes><parts><hasparts /><ispartof /></parts><date>10-01-22 15:08:02:610</date><id>4</id><type>bounding_box</type><polygon><username>anonymous</username><pt><x>1217</x><y>367</y><time>10-01-22 15:07:55:874</time></pt><pt><x>841</x><y>367</y><time>10-01-22 15:07:57:692</time></pt><pt><x>841</x><y>2</y><time>undefined</time></pt><pt><x>1217</x><y>2</y><time>undefined</time></pt><closed_date>10-01-22 15:07:57:692</closed_date></polygon></object><object><name>tooth</name><deleted>0</deleted><verified>0</verified><occluded>no</occluded><attributes>43</attributes><parts><hasparts /><ispartof /></parts><date>10-01-22 15:08:23:746</date><id>5</id><type>bounding_box</type><polygon><username>anonymous</username><pt><x>1215</x><y>421</y><time>10-01-22 15:08:14:018</time></pt><pt><x>1080</x><y>421</y><time>10-01-22 15:08:16:655</time></pt><pt><x>1080</x><y>913</y><time>undefined</time></pt><pt><x>1215</x><y>913</y><time>undefined</time></pt><closed_date>10-01-22 15:08:16:655</closed_date></polygon></object><object><name>tooth</name><deleted>0</deleted><verified>0</verified><occluded>no</occluded><attributes>44</attributes><parts><hasparts /><ispartof /></parts><date>10-01-22 15:08:34:096</date><id>6</id><type>bounding_box</type><polygon><username>anonymous</username><pt><x>836</x><y>499</y><time>10-01-22 15:08:24:850</time></pt><pt><x>1054</x><y>499</y><time>10-01-22 15:08:29:245</time></pt><pt><x>1054</x><y>948</y><time>undefined</time></pt><pt><x>836</x><y>948</y><time>undefined</time></pt><closed_date>10-01-22 15:08:29:245</closed_date></polygon></object><object><name>tooth</name><deleted>0</deleted><verified>0</verified><occluded>no</occluded><attributes>45</attributes><parts><hasparts /><ispartof /></parts><date>10-01-22 15:08:43:192</date><id>7</id><type>bounding_box</type><polygon><username>anonymous</username><pt><x>608</x><y>539</y><time>10-01-22 15:08:35:624</time></pt><pt><x>830</x><y>539</y><time>10-01-22 15:08:38:523</time></pt><pt><x>830</x><y>947</y><time>undefined</time></pt><pt><x>608</x><y>947</y><time>undefined</time></pt><closed_date>10-01-22 15:08:38:523</closed_date></polygon></object><object><name>tooth</name><deleted>0</deleted><verified>0</verified><occluded>no</occluded><attributes>46</attributes><parts><hasparts>15</hasparts><ispartof /></parts><date>10-01-22 15:08:53:355</date><id>8</id><type>bounding_box</type><polygon><username>anonymous</username><pt><x>259</x><y>554</y><time>10-01-22 15:08:45:567</time></pt><pt><x>599</x><y>554</y><time>10-01-22 15:08:48:844</time></pt><pt><x>599</x><y>947</y><time>undefined</time></pt><pt><x>259</x><y>947</y><time>undefined</time></pt><closed_date>10-01-22 15:08:48:844</closed_date></polygon></object><object><name>tooth</name><deleted>0</deleted><verified>0</verified><occluded>no</occluded><attributes>47</attributes><parts><hasparts>14</hasparts><ispartof /></parts><date>10-01-22 15:09:03:491</date><id>9</id><type>bounding_box</type><polygon><username>anonymous</username><pt><x>0</x><y>553</y><time>10-01-22 15:08:55:639</time></pt><pt><x>255</x><y>553</y><time>10-01-22 15:08:58:373</time></pt><pt><x>255</x><y>947</y><time>undefined</time></pt><pt><x>0</x><y>947</y><time>undefined</time></pt><closed_date>10-01-22 15:08:58:373</closed_date></polygon></object><object><name>restoration</name><deleted>0</deleted><verified>0</verified><occluded>no</occluded><attributes /><parts><hasparts /><ispartof>1</ispartof></parts><date>10-01-22 15:10:40:231</date><id>10</id><polygon><username>anonymous</username><pt><x>282</x><y>471</y><time>10-01-22 15:10:21:322</time></pt><pt><x>289</x><y>434</y><time>10-01-22 15:10:22:394</time></pt><pt><x>352</x><y>434</y><time>10-01-22 15:10:23:084</time></pt><pt><x>372</x><y>422</y><time>10-01-22 15:10:23:788</time></pt><pt><x>409</x><y>409</y><time>10-01-22 15:10:24:729</time></pt><pt><x>431</x><y>414</y><time>10-01-22 15:10:26:499</time></pt><pt><x>454</x><y>412</y><time>10-01-22 15:10:27:182</time></pt><pt><x>476</x><y>419</y><time>10-01-22 15:10:27:822</time></pt><pt><x>484</x><y>432</y><time>10-01-22 15:10:28:380</time></pt><pt><x>483</x><y>452</y><time>10-01-22 15:10:28:854</time></pt><pt><x>382</x><y>476</y><time>10-01-22 15:10:32:590</time></pt><pt><x>364</x><y>486</y><time>10-01-22 15:10:33:772</time></pt><pt><x>364</x><y>467</y><time>10-01-22 15:10:34:345</time></pt><pt><x>299</x><y>484</y><time>10-01-22 15:10:35:613</time></pt><closed_date>10-01-22 15:10:36:135</closed_date></polygon></object><object><name>restoration</name><deleted>0</deleted><verified>0</verified><occluded>no</occluded><attributes /><parts><hasparts /><ispartof>2</ispartof></parts><date>10-01-22 15:11:05:673</date><id>11</id><polygon><username>anonymous</username><pt><x>594</x><y>386</y><time>10-01-22 15:10:56:146</time></pt><pt><x>613</x><y>352</y><time>10-01-22 15:10:56:819</time></pt><pt><x>634</x><y>339</y><time>10-01-22 15:10:57:383</time></pt><pt><x>675</x><y>339</y><time>10-01-22 15:10:58:022</time></pt><pt><x>715</x><y>357</y><time>10-01-22 15:10:58:734</time></pt><pt><x>721</x><y>394</y><time>10-01-22 15:10:59:522</time></pt><pt><x>716</x><y>416</y><time>10-01-22 15:11:00:035</time></pt><pt><x>654</x><y>394</y><time>10-01-22 15:11:01:089</time></pt><pt><x>619</x><y>406</y><time>10-01-22 15:11:01:684</time></pt><pt><x>601</x><y>412</y><time>10-01-22 15:11:02:234</time></pt><closed_date>10-01-22 15:11:02:631</closed_date></polygon></object><object><name>restoration</name><deleted>0</deleted><verified>0</verified><occluded>no</occluded><attributes /><parts><hasparts /><ispartof>3</ispartof></parts><date>10-01-22 15:11:15:302</date><id>12</id><polygon><username>anonymous</username><pt><x>801</x><y>342</y><time>10-01-22 15:11:06:660</time></pt><pt><x>835</x><y>316</y><time>10-01-22 15:11:07:237</time></pt><pt><x>863</x><y>306</y><time>10-01-22 15:11:07:642</time></pt><pt><x>890</x><y>302</y><time>10-01-22 15:11:07:962</time></pt><pt><x>907</x><y>302</y><time>10-01-22 15:11:08:256</time></pt><pt><x>920</x><y>307</y><time>10-01-22 15:11:08:567</time></pt><pt><x>927</x><y>319</y><time>10-01-22 15:11:08:883</time></pt><pt><x>928</x><y>336</y><time>10-01-22 15:11:09:271</time></pt><pt><x>912</x><y>344</y><time>10-01-22 15:11:09:613</time></pt><pt><x>892</x><y>352</y><time>10-01-22 15:11:09:900</time></pt><pt><x>877</x><y>351</y><time>10-01-22 15:11:10:143</time></pt><pt><x>867</x><y>349</y><time>10-01-22 15:11:10:414</time></pt><pt><x>848</x><y>362</y><time>10-01-22 15:11:10:666</time></pt><pt><x>835</x><y>367</y><time>10-01-22 15:11:10:922</time></pt><pt><x>816</x><y>367</y><time>10-01-22 15:11:11:183</time></pt><pt><x>805</x><y>356</y><time>10-01-22 15:11:11:416</time></pt><closed_date>10-01-22 15:11:11:781</closed_date></polygon></object><object><name>restoration</name><deleted>0</deleted><verified>0</verified><occluded>no</occluded><attributes /><parts><hasparts /><ispartof>0</ispartof></parts><date>10-01-22 15:11:26:438</date><id>13</id><polygon><username>anonymous</username><pt><x>23</x><y>429</y><time>10-01-22 15:11:16:516</time></pt><pt><x>50</x><y>409</y><time>10-01-22 15:11:17:079</time></pt><pt><x>77</x><y>406</y><time>10-01-22 15:11:17:552</time></pt><pt><x>115</x><y>414</y><time>10-01-22 15:11:17:983</time></pt><pt><x>144</x><y>424</y><time>10-01-22 15:11:18:332</time></pt><pt><x>172</x><y>431</y><time>10-01-22 15:11:18:743</time></pt><pt><x>185</x><y>444</y><time>10-01-22 15:11:19:163</time></pt><pt><x>169</x><y>499</y><time>10-01-22 15:11:19:983</time></pt><pt><x>152</x><y>499</y><time>10-01-22 15:11:20:534</time></pt><pt><x>124</x><y>493</y><time>10-01-22 15:11:20:902</time></pt><pt><x>90</x><y>486</y><time>10-01-22 15:11:21:236</time></pt><pt><x>73</x><y>484</y><time>10-01-22 15:11:21:572</time></pt><pt><x>57</x><y>486</y><time>10-01-22 15:11:21:849</time></pt><pt><x>42</x><y>493</y><time>10-01-22 15:11:22:129</time></pt><pt><x>27</x><y>491</y><time>10-01-22 15:11:22:442</time></pt><pt><x>10</x><y>478</y><time>10-01-22 15:11:22:721</time></pt><pt><x>3</x><y>467</y><time>10-01-22 15:11:22:993</time></pt><pt><x>10</x><y>442</y><time>10-01-22 15:11:23:263</time></pt><closed_date>10-01-22 15:11:23:514</closed_date></polygon></object><object><name>restoration</name><deleted>0</deleted><verified>0</verified><occluded>no</occluded><attributes /><parts><hasparts /><ispartof>9</ispartof></parts><date>10-01-22 15:11:46:675</date><id>14</id><polygon><username>anonymous</username><pt><x>140</x><y>619</y><time>10-01-22 15:11:28:286</time></pt><pt><x>169</x><y>603</y><time>10-01-22 15:11:28:829</time></pt><pt><x>187</x><y>608</y><time>10-01-22 15:11:29:350</time></pt><pt><x>194</x><y>631</y><time>10-01-22 15:11:29:755</time></pt><pt><x>192</x><y>648</y><time>10-01-22 15:11:30:354</time></pt><pt><x>159</x><y>658</y><time>10-01-22 15:11:32:624</time></pt><pt><x>137</x><y>673</y><time>10-01-22 15:11:33:007</time></pt><pt><x>109</x><y>676</y><time>10-01-22 15:11:33:410</time></pt><pt><x>88</x><y>678</y><time>10-01-22 15:11:33:802</time></pt><pt><x>57</x><y>693</y><time>10-01-22 15:11:34:304</time></pt><pt><x>33</x><y>685</y><time>10-01-22 15:11:39:713</time></pt><pt><x>27</x><y>673</y><time>10-01-22 15:11:40:203</time></pt><pt><x>17</x><y>659</y><time>10-01-22 15:11:40:681</time></pt><pt><x>17</x><y>631</y><time>10-01-22 15:11:41:093</time></pt><pt><x>17</x><y>591</y><time>10-01-22 15:11:41:623</time></pt><pt><x>45</x><y>613</y><time>10-01-22 15:11:42:144</time></pt><pt><x>73</x><y>608</y><time>10-01-22 15:11:42:612</time></pt><pt><x>88</x><y>616</y><time>10-01-22 15:11:42:939</time></pt><pt><x>107</x><y>616</y><time>10-01-22 15:11:43:281</time></pt><pt><x>127</x><y>621</y><time>10-01-22 15:11:43:655</time></pt><closed_date>10-01-22 15:11:44:011</closed_date></polygon></object><object><name>restoration</name><deleted>0</deleted><verified>0</verified><occluded>no</occluded><attributes /><parts><hasparts /><ispartof>8</ispartof></parts><date>10-01-22 15:12:15:937</date><id>15</id><polygon><username>anonymous</username><pt><x>336</x><y>623</y><time>10-01-22 15:11:56:278</time></pt><pt><x>354</x><y>633</y><time>10-01-22 15:11:56:782</time></pt><pt><x>362</x><y>629</y><time>10-01-22 15:11:57:973</time></pt><pt><x>384</x><y>638</y><time>10-01-22 15:11:58:579</time></pt><pt><x>364</x><y>675</y><time>10-01-22 15:11:59:944</time></pt><pt><x>366</x><y>700</y><time>10-01-22 15:12:00:629</time></pt><pt><x>381</x><y>713</y><time>10-01-22 15:12:01:302</time></pt><pt><x>397</x><y>728</y><time>10-01-22 15:12:01:888</time></pt><pt><x>416</x><y>728</y><time>10-01-22 15:12:02:466</time></pt><pt><x>439</x><y>711</y><time>10-01-22 15:12:03:240</time></pt><pt><x>449</x><y>701</y><time>10-01-22 15:12:03:755</time></pt><pt><x>449</x><y>666</y><time>10-01-22 15:12:04:599</time></pt><pt><x>437</x><y>651</y><time>10-01-22 15:12:05:192</time></pt><pt><x>434</x><y>644</y><time>10-01-22 15:12:05:693</time></pt><pt><x>467</x><y>641</y><time>10-01-22 15:12:06:821</time></pt><pt><x>484</x><y>643</y><time>10-01-22 15:12:07:336</time></pt><pt><x>508</x><y>634</y><time>10-01-22 15:12:07:761</time></pt><pt><x>509</x><y>619</y><time>10-01-22 15:12:08:248</time></pt><pt><x>509</x><y>606</y><time>10-01-22 15:12:08:813</time></pt><pt><x>489</x><y>598</y><time>10-01-22 15:12:09:540</time></pt><pt><x>469</x><y>598</y><time>10-01-22 15:12:09:972</time></pt><pt><x>446</x><y>598</y><time>10-01-22 15:12:10:397</time></pt><pt><x>411</x><y>608</y><time>10-01-22 15:12:11:154</time></pt><pt><x>404</x><y>601</y><time>10-01-22 15:12:11:603</time></pt><pt><x>396</x><y>613</y><time>10-01-22 15:12:12:034</time></pt><pt><x>362</x><y>611</y><time>10-01-22 15:12:12:535</time></pt><pt><x>349</x><y>614</y><time>10-01-22 15:12:12:848</time></pt><closed_date>10-01-22 15:12:13:128</closed_date></polygon></object><object><name>tooth</name><deleted>1</deleted><verified>0</verified><occluded>no</occluded><attributes>47</attributes><parts><hasparts /><ispartof /></parts><date>10-01-22 15:13:07:545</date><id>16</id><type>bounding_box</type><polygon><username>anonymous</username><pt><x>52</x><y>548</y><time>10-01-22 15:12:57:927</time></pt><pt><x>462</x><y>548</y><time>10-01-22 15:13:01:296</time></pt><pt><x>462</x><y>943</y><time>undefined</time></pt><pt><x>52</x><y>943</y><time>undefined</time></pt><closed_date>10-01-22 15:13:01:297</closed_date></polygon></object><object><name>tooth</name><deleted>1</deleted><verified>0</verified><occluded>no</occluded><attributes>46</attributes><parts><hasparts /><ispartof /></parts><date>10-01-22 15:13:32:347</date><id>17</id><type>bounding_box</type><polygon><username>anonymous</username><pt><x>821</x><y>948</y><time>10-01-22 15:13:16:853</time></pt><pt><x>397</x><y>948</y><time>10-01-22 15:13:21:845</time></pt><pt><x>397</x><y>548</y><time>undefined</time></pt><pt><x>821</x><y>548</y><time>undefined</time></pt><closed_date>10-01-22 15:13:21:846</closed_date></polygon></object><imagesize><nrows /><ncols /></imagesize></annotation>