<annotation><filename>imagem-044.jpg</filename><folder>segmentation_xray</folder><source><sourceImage>The MIT-CSAIL database of objects and scenes</sourceImage><sourceAnnotation>LabelMe Webtool</sourceAnnotation></source><object><name>tooth</name><deleted>0</deleted><verified>0</verified><occluded>no</occluded><attributes>12</attributes><parts><hasparts /><ispartof /></parts><date>20-01-22 11:18:01:077</date><id>0</id><type>bounding_box</type><polygon><username>anonymous</username><pt><x>1130</x><y>50</y><time>20-01-22 11:17:49:692</time></pt><pt><x>1217</x><y>50</y><time>20-01-22 11:17:52:801</time></pt><pt><x>1217</x><y>488</y><time>undefined</time></pt><pt><x>1130</x><y>488</y><time>undefined</time></pt><closed_date>20-01-22 11:17:52:802</closed_date></polygon></object><object><name>tooth</name><deleted>0</deleted><verified>0</verified><occluded>no</occluded><attributes>13</attributes><parts><hasparts /><ispartof /></parts><date>20-01-22 11:18:14:500</date><id>1</id><type>bounding_box</type><polygon><username>anonymous</username><pt><x>918</x><y>538</y><time>20-01-22 11:18:08:079</time></pt><pt><x>1174</x><y>538</y><time>20-01-22 11:18:11:473</time></pt><pt><x>1174</x><y>3</y><time>undefined</time></pt><pt><x>918</x><y>3</y><time>undefined</time></pt><closed_date>20-01-22 11:18:11:474</closed_date></polygon></object><object><name>tooth</name><deleted>0</deleted><verified>0</verified><occluded>no</occluded><attributes>14</attributes><parts><hasparts /><ispartof /></parts><date>20-01-22 11:18:21:741</date><id>2</id><type>bounding_box</type><polygon><username>anonymous</username><pt><x>678</x><y>5</y><time>20-01-22 11:18:16:050</time></pt><pt><x>917</x><y>5</y><time>20-01-22 11:18:17:617</time></pt><pt><x>917</x><y>486</y><time>undefined</time></pt><pt><x>678</x><y>486</y><time>undefined</time></pt><closed_date>20-01-22 11:18:17:617</closed_date></polygon></object><object><name>tooth</name><deleted>0</deleted><verified>0</verified><occluded>no</occluded><attributes>15</attributes><parts><hasparts /><ispartof /></parts><date>20-01-22 11:18:29:885</date><id>3</id><type>bounding_box</type><polygon><username>anonymous</username><pt><x>459</x><y>8</y><time>20-01-22 11:18:24:843</time></pt><pt><x>685</x><y>8</y><time>20-01-22 11:18:26:752</time></pt><pt><x>685</x><y>476</y><time>undefined</time></pt><pt><x>459</x><y>476</y><time>undefined</time></pt><closed_date>20-01-22 11:18:26:753</closed_date></polygon></object><object><name>tooth</name><deleted>0</deleted><verified>0</verified><occluded>no</occluded><attributes>16</attributes><parts><hasparts /><ispartof /></parts><date>20-01-22 11:18:41:092</date><id>4</id><type>bounding_box</type><polygon><username>anonymous</username><pt><x>496</x><y>486</y><time>20-01-22 11:18:34:762</time></pt><pt><x>182</x><y>486</y><time>20-01-22 11:18:37:897</time></pt><pt><x>182</x><y>0</y><time>undefined</time></pt><pt><x>496</x><y>0</y><time>undefined</time></pt><closed_date>20-01-22 11:18:37:897</closed_date></polygon></object><object><name>tooth</name><deleted>0</deleted><verified>0</verified><occluded>no</occluded><attributes>17</attributes><parts><hasparts>11</hasparts><ispartof /></parts><date>20-01-22 11:18:52:029</date><id>5</id><type>bounding_box</type><polygon><username>anonymous</username><pt><x>5</x><y>391</y><time>20-01-22 11:18:42:258</time></pt><pt><x>311</x><y>391</y><time>20-01-22 11:18:45:121</time></pt><pt><x>311</x><y>2</y><time>undefined</time></pt><pt><x>5</x><y>2</y><time>undefined</time></pt><closed_date>20-01-22 11:18:45:122</closed_date></polygon></object><object><name>tooth</name><deleted>0</deleted><verified>0</verified><occluded>no</occluded><attributes>47</attributes><parts><hasparts>13</hasparts><ispartof /></parts><date>20-01-22 11:18:58:345</date><id>6</id><type>bounding_box</type><polygon><username>anonymous</username><pt><x>2</x><y>459</y><time>20-01-22 11:18:52:914</time></pt><pt><x>341</x><y>459</y><time>20-01-22 11:18:54:777</time></pt><pt><x>341</x><y>948</y><time>undefined</time></pt><pt><x>2</x><y>948</y><time>undefined</time></pt><closed_date>20-01-22 11:18:54:777</closed_date></polygon></object><object><name>tooth</name><deleted>0</deleted><verified>0</verified><occluded>no</occluded><attributes>45</attributes><parts><hasparts>14</hasparts><ispartof /></parts><date>20-01-22 11:19:06:669</date><id>7</id><type>bounding_box</type><polygon><username>anonymous</username><pt><x>634</x><y>948</y><time>20-01-22 11:19:00:394</time></pt><pt><x>887</x><y>948</y><time>20-01-22 11:19:03:369</time></pt><pt><x>887</x><y>576</y><time>undefined</time></pt><pt><x>634</x><y>576</y><time>undefined</time></pt><closed_date>20-01-22 11:19:03:369</closed_date></polygon></object><object><name>tooth</name><deleted>0</deleted><verified>0</verified><occluded>no</occluded><attributes>46</attributes><parts><hasparts>12</hasparts><ispartof /></parts><date>20-01-22 11:19:22:989</date><id>8</id><type>bounding_box</type><polygon><username>anonymous</username><pt><x>234</x><y>935</y><time>20-01-22 11:19:14:570</time></pt><pt><x>654</x><y>935</y><time>20-01-22 11:19:19:155</time></pt><pt><x>654</x><y>538</y><time>undefined</time></pt><pt><x>234</x><y>538</y><time>undefined</time></pt><closed_date>20-01-22 11:19:19:155</closed_date></polygon></object><object><name>tooth</name><deleted>0</deleted><verified>0</verified><occluded>no</occluded><attributes>44</attributes><parts><hasparts /><ispartof /></parts><date>20-01-22 11:19:34:557</date><id>9</id><type>bounding_box</type><polygon><username>anonymous</username><pt><x>1129</x><y>581</y><time>20-01-22 11:19:27:817</time></pt><pt><x>882</x><y>581</y><time>20-01-22 11:19:31:379</time></pt><pt><x>882</x><y>947</y><time>undefined</time></pt><pt><x>1129</x><y>947</y><time>undefined</time></pt><closed_date>20-01-22 11:19:31:379</closed_date></polygon></object><object><name>tooth</name><deleted>0</deleted><verified>0</verified><occluded>no</occluded><attributes>43</attributes><parts><hasparts /><ispartof /></parts><date>20-01-22 11:19:40:766</date><id>10</id><type>bounding_box</type><polygon><username>anonymous</username><pt><x>1217</x><y>584</y><time>20-01-22 11:19:35:459</time></pt><pt><x>1075</x><y>584</y><time>20-01-22 11:19:36:901</time></pt><pt><x>1075</x><y>927</y><time>undefined</time></pt><pt><x>1217</x><y>927</y><time>undefined</time></pt><closed_date>20-01-22 11:19:36:901</closed_date></polygon></object><object><name>restoration</name><deleted>0</deleted><verified>0</verified><occluded>no</occluded><attributes /><parts><hasparts /><ispartof>5</ispartof></parts><date>20-01-22 11:19:59:710</date><id>11</id><polygon><username>anonymous</username><pt><x>90</x><y>341</y><time>20-01-22 11:19:48:675</time></pt><pt><x>99</x><y>316</y><time>20-01-22 11:19:49:738</time></pt><pt><x>90</x><y>299</y><time>20-01-22 11:19:50:306</time></pt><pt><x>73</x><y>294</y><time>20-01-22 11:19:50:698</time></pt><pt><x>68</x><y>284</y><time>20-01-22 11:19:51:130</time></pt><pt><x>72</x><y>267</y><time>20-01-22 11:19:51:562</time></pt><pt><x>58</x><y>247</y><time>20-01-22 11:19:52:026</time></pt><pt><x>37</x><y>237</y><time>20-01-22 11:19:52:546</time></pt><pt><x>32</x><y>235</y><time>20-01-22 11:19:52:826</time></pt><pt><x>22</x><y>224</y><time>20-01-22 11:19:53:322</time></pt><pt><x>10</x><y>215</y><time>20-01-22 11:19:53:714</time></pt><pt><x>8</x><y>327</y><time>20-01-22 11:19:55:047</time></pt><pt><x>35</x><y>332</y><time>20-01-22 11:19:55:642</time></pt><pt><x>55</x><y>354</y><time>20-01-22 11:19:56:082</time></pt><pt><x>77</x><y>359</y><time>20-01-22 11:19:56:386</time></pt><closed_date>20-01-22 11:19:56:682</closed_date></polygon></object><object><name>restoration</name><deleted>0</deleted><verified>0</verified><occluded>no</occluded><attributes /><parts><hasparts /><ispartof>8</ispartof></parts><date>20-01-22 11:20:15:838</date><id>12</id><polygon><username>anonymous</username><pt><x>461</x><y>606</y><time>20-01-22 11:20:02:178</time></pt><pt><x>449</x><y>666</y><time>20-01-22 11:20:03:385</time></pt><pt><x>469</x><y>690</y><time>20-01-22 11:20:04:177</time></pt><pt><x>491</x><y>696</y><time>20-01-22 11:20:04:794</time></pt><pt><x>534</x><y>691</y><time>20-01-22 11:20:08:410</time></pt><pt><x>544</x><y>671</y><time>20-01-22 11:20:09:154</time></pt><pt><x>551</x><y>659</y><time>20-01-22 11:20:09:467</time></pt><pt><x>556</x><y>656</y><time>20-01-22 11:20:09:762</time></pt><pt><x>574</x><y>651</y><time>20-01-22 11:20:10:010</time></pt><pt><x>588</x><y>644</y><time>20-01-22 11:20:10:234</time></pt><pt><x>603</x><y>644</y><time>20-01-22 11:20:10:498</time></pt><pt><x>609</x><y>628</y><time>20-01-22 11:20:10:882</time></pt><pt><x>596</x><y>619</y><time>20-01-22 11:20:11:218</time></pt><pt><x>569</x><y>619</y><time>20-01-22 11:20:11:483</time></pt><pt><x>551</x><y>613</y><time>20-01-22 11:20:11:722</time></pt><pt><x>538</x><y>603</y><time>20-01-22 11:20:11:994</time></pt><pt><x>521</x><y>596</y><time>20-01-22 11:20:12:250</time></pt><pt><x>491</x><y>596</y><time>20-01-22 11:20:12:506</time></pt><closed_date>20-01-22 11:20:12:746</closed_date></polygon></object><object><name>restoration</name><deleted>0</deleted><verified>0</verified><occluded>no</occluded><attributes /><parts><hasparts /><ispartof>6</ispartof></parts><date>20-01-22 11:20:27:994</date><id>13</id><polygon><username>anonymous</username><pt><x>90</x><y>519</y><time>20-01-22 11:20:17:140</time></pt><pt><x>92</x><y>543</y><time>20-01-22 11:20:17:809</time></pt><pt><x>105</x><y>554</y><time>20-01-22 11:20:18:211</time></pt><pt><x>127</x><y>554</y><time>20-01-22 11:20:18:602</time></pt><pt><x>144</x><y>559</y><time>20-01-22 11:20:18:868</time></pt><pt><x>159</x><y>568</y><time>20-01-22 11:20:19:226</time></pt><pt><x>185</x><y>581</y><time>20-01-22 11:20:20:178</time></pt><pt><x>212</x><y>569</y><time>20-01-22 11:20:20:594</time></pt><pt><x>247</x><y>578</y><time>20-01-22 11:20:21:203</time></pt><pt><x>274</x><y>578</y><time>20-01-22 11:20:21:826</time></pt><pt><x>287</x><y>553</y><time>20-01-22 11:20:22:258</time></pt><pt><x>280</x><y>533</y><time>20-01-22 11:20:22:602</time></pt><pt><x>260</x><y>528</y><time>20-01-22 11:20:22:883</time></pt><pt><x>239</x><y>528</y><time>20-01-22 11:20:23:122</time></pt><pt><x>210</x><y>518</y><time>20-01-22 11:20:23:410</time></pt><pt><x>172</x><y>524</y><time>20-01-22 11:20:23:674</time></pt><pt><x>155</x><y>523</y><time>20-01-22 11:20:24:090</time></pt><pt><x>144</x><y>518</y><time>20-01-22 11:20:24:420</time></pt><pt><x>117</x><y>518</y><time>20-01-22 11:20:24:684</time></pt><closed_date>20-01-22 11:20:24:914</closed_date></polygon></object><object><name>restoration</name><deleted>0</deleted><verified>0</verified><occluded>no</occluded><attributes /><parts><hasparts /><ispartof>7</ispartof></parts><date>20-01-22 11:20:36:782</date><id>14</id><polygon><username>anonymous</username><pt><x>700</x><y>623</y><time>20-01-22 11:20:29:268</time></pt><pt><x>706</x><y>641</y><time>20-01-22 11:20:29:786</time></pt><pt><x>726</x><y>651</y><time>20-01-22 11:20:30:178</time></pt><pt><x>740</x><y>651</y><time>20-01-22 11:20:30:465</time></pt><pt><x>760</x><y>641</y><time>20-01-22 11:20:30:772</time></pt><pt><x>778</x><y>638</y><time>20-01-22 11:20:31:018</time></pt><pt><x>793</x><y>651</y><time>20-01-22 11:20:31:402</time></pt><pt><x>820</x><y>648</y><time>20-01-22 11:20:31:769</time></pt><pt><x>830</x><y>641</y><time>20-01-22 11:20:32:089</time></pt><pt><x>831</x><y>626</y><time>20-01-22 11:20:32:402</time></pt><pt><x>821</x><y>609</y><time>20-01-22 11:20:32:706</time></pt><pt><x>795</x><y>606</y><time>20-01-22 11:20:32:948</time></pt><pt><x>776</x><y>606</y><time>20-01-22 11:20:33:154</time></pt><pt><x>763</x><y>606</y><time>20-01-22 11:20:33:362</time></pt><pt><x>751</x><y>599</y><time>20-01-22 11:20:33:610</time></pt><pt><x>716</x><y>603</y><time>20-01-22 11:20:33:874</time></pt><closed_date>20-01-22 11:20:34:138</closed_date></polygon></object><imagesize><nrows /><ncols /></imagesize></annotation>