<annotation><filename>imagem-015.jpg</filename><folder>segmentation_xray</folder><source><sourceImage>The MIT-CSAIL database of objects and scenes</sourceImage><sourceAnnotation>LabelMe Webtool</sourceAnnotation></source><object><name>tooth 38</name><deleted>0</deleted><verified>0</verified><occluded>no</occluded><attributes /><parts><hasparts /><ispartof /></parts><date>10-01-22 16:56:35:664</date><id>0</id><type>bounding_box</type><polygon><username>anonymous</username><pt><x>1038</x><y>103</y><time>10-01-22 16:56:26:854</time></pt><pt><x>1219</x><y>103</y><time>10-01-22 16:56:29:403</time></pt><pt><x>1219</x><y>464</y><time>undefined</time></pt><pt><x>1038</x><y>464</y><time>undefined</time></pt><closed_date>10-01-22 16:56:29:405</closed_date></polygon></object><object><name>tooth 37</name><deleted>0</deleted><verified>0</verified><occluded>no</occluded><attributes /><parts><hasparts>10,11,9</hasparts><ispartof /></parts><date>10-01-22 16:56:47:379</date><id>1</id><type>bounding_box</type><polygon><username>anonymous</username><pt><x>713</x><y>179</y><time>10-01-22 16:56:37:453</time></pt><pt><x>1217</x><y>179</y><time>10-01-22 16:56:42:403</time></pt><pt><x>1217</x><y>803</y><time>undefined</time></pt><pt><x>713</x><y>803</y><time>undefined</time></pt><closed_date>10-01-22 16:56:42:403</closed_date></polygon></object><object><name>tooth 35</name><deleted>0</deleted><verified>0</verified><occluded>no</occluded><attributes /><parts><hasparts>12</hasparts><ispartof /></parts><date>10-01-22 16:56:58:559</date><id>2</id><type>bounding_box</type><polygon><username>anonymous</username><pt><x>499</x><y>334</y><time>10-01-22 16:56:49:621</time></pt><pt><x>191</x><y>334</y><time>10-01-22 16:56:54:615</time></pt><pt><x>191</x><y>945</y><time>undefined</time></pt><pt><x>499</x><y>945</y><time>undefined</time></pt><closed_date>10-01-22 16:56:54:616</closed_date></polygon></object><object><name>tooth 34</name><deleted>0</deleted><verified>0</verified><occluded>no</occluded><attributes /><parts><hasparts /><ispartof /></parts><date>10-01-22 16:57:06:140</date><id>3</id><type>bounding_box</type><polygon><username>anonymous</username><pt><x>1</x><y>338</y><time>10-01-22 16:57:00:586</time></pt><pt><x>223</x><y>338</y><time>10-01-22 16:57:03:011</time></pt><pt><x>223</x><y>943</y><time>undefined</time></pt><pt><x>1</x><y>943</y><time>undefined</time></pt><closed_date>10-01-22 16:57:03:011</closed_date></polygon></object><object><name>tooth 28</name><deleted>0</deleted><verified>0</verified><occluded>no</occluded><attributes /><parts><hasparts /><ispartof /></parts><date>10-01-22 16:57:15:845</date><id>4</id><type>bounding_box</type><polygon><username>anonymous</username><pt><x>943</x><y>161</y><time>10-01-22 16:57:08:117</time></pt><pt><x>1185</x><y>161</y><time>10-01-22 16:57:10:582</time></pt><pt><x>1185</x><y>2</y><time>undefined</time></pt><pt><x>943</x><y>2</y><time>undefined</time></pt><closed_date>10-01-22 16:57:10:583</closed_date></polygon></object><object><name>tooth 27</name><deleted>0</deleted><verified>0</verified><occluded>no</occluded><attributes /><parts><hasparts /><ispartof /></parts><date>10-01-22 16:57:23:109</date><id>5</id><type>bounding_box</type><polygon><username>anonymous</username><pt><x>646</x><y>196</y><time>10-01-22 16:57:17:518</time></pt><pt><x>964</x><y>196</y><time>10-01-22 16:57:19:567</time></pt><pt><x>964</x><y>4</y><time>undefined</time></pt><pt><x>646</x><y>4</y><time>undefined</time></pt><closed_date>10-01-22 16:57:19:567</closed_date></polygon></object><object><name>tooth 26</name><deleted>0</deleted><verified>0</verified><occluded>no</occluded><attributes /><parts><hasparts /><ispartof /></parts><date>10-01-22 16:57:30:224</date><id>6</id><type>bounding_box</type><polygon><username>anonymous</username><pt><x>334</x><y>241</y><time>10-01-22 16:57:24:877</time></pt><pt><x>667</x><y>241</y><time>10-01-22 16:57:27:003</time></pt><pt><x>667</x><y>4</y><time>undefined</time></pt><pt><x>334</x><y>4</y><time>undefined</time></pt><closed_date>10-01-22 16:57:27:003</closed_date></polygon></object><object><name>tooth 25</name><deleted>0</deleted><verified>0</verified><occluded>no</occluded><attributes /><parts><hasparts>13</hasparts><ispartof /></parts><date>10-01-22 16:57:37:361</date><id>7</id><type>bounding_box</type><polygon><username>anonymous</username><pt><x>119</x><y>249</y><time>10-01-22 16:57:31:590</time></pt><pt><x>338</x><y>249</y><time>10-01-22 16:57:34:107</time></pt><pt><x>338</x><y>2</y><time>undefined</time></pt><pt><x>119</x><y>2</y><time>undefined</time></pt><closed_date>10-01-22 16:57:34:107</closed_date></polygon></object><object><name>tooth 24</name><deleted>0</deleted><verified>0</verified><occluded>no</occluded><attributes /><parts><hasparts /><ispartof /></parts><date>10-01-22 16:57:45:100</date><id>8</id><type>bounding_box</type><polygon><username>anonymous</username><pt><x>119.00000000000001</x><y>265</y><time>10-01-22 16:57:39:005</time></pt><pt><x>2</x><y>265</y><time>10-01-22 16:57:42:234</time></pt><pt><x>2</x><y>18</y><time>undefined</time></pt><pt><x>119.00000000000001</x><y>18</y><time>undefined</time></pt><closed_date>10-01-22 16:57:42:235</closed_date></polygon></object><object><name>restoration</name><deleted>0</deleted><verified>0</verified><occluded>no</occluded><attributes /><parts><hasparts /><ispartof>1</ispartof></parts><date>10-01-22 16:58:29:188</date><id>9</id><polygon><username>anonymous</username><pt><x>739</x><y>410</y><time>10-01-22 16:58:14:909</time></pt><pt><x>791</x><y>409</y><time>10-01-22 16:58:16:625</time></pt><pt><x>793</x><y>366</y><time>10-01-22 16:58:17:365</time></pt><pt><x>793</x><y>327</y><time>10-01-22 16:58:18:051</time></pt><pt><x>837</x><y>329</y><time>10-01-22 16:58:18:696</time></pt><pt><x>867</x><y>333</y><time>10-01-22 16:58:19:306</time></pt><pt><x>902</x><y>297</y><time>10-01-22 16:58:19:969</time></pt><pt><x>902</x><y>290</y><time>10-01-22 16:58:20:555</time></pt><pt><x>847</x><y>285</y><time>10-01-22 16:58:21:280</time></pt><pt><x>803</x><y>278</y><time>10-01-22 16:58:21:932</time></pt><pt><x>762</x><y>271</y><time>10-01-22 16:58:22:599</time></pt><pt><x>734</x><y>295</y><time>10-01-22 16:58:23:243</time></pt><pt><x>724</x><y>334</y><time>10-01-22 16:58:23:891</time></pt><pt><x>724</x><y>359</y><time>10-01-22 16:58:24:473</time></pt><pt><x>727</x><y>386</y><time>10-01-22 16:58:25:041</time></pt><closed_date>10-01-22 16:58:25:682</closed_date></polygon></object><object><name>dental implant</name><deleted>0</deleted><verified>0</verified><occluded>no</occluded><attributes /><parts><hasparts /><ispartof>1</ispartof></parts><date>10-01-22 16:58:53:204</date><id>10</id><polygon><username>anonymous</username><pt><x>550</x><y>561</y><time>10-01-22 16:58:31:003</time></pt><pt><x>609</x><y>750</y><time>10-01-22 16:58:33:702</time></pt><pt><x>651</x><y>847</y><time>10-01-22 16:58:35:321</time></pt><pt><x>690</x><y>927</y><time>10-01-22 16:58:36:739</time></pt><pt><x>724</x><y>936</y><time>10-01-22 16:58:37:557</time></pt><pt><x>766</x><y>920</y><time>10-01-22 16:58:38:642</time></pt><pt><x>770</x><y>892</y><time>10-01-22 16:58:39:480</time></pt><pt><x>764</x><y>837</y><time>10-01-22 16:58:40:234</time></pt><pt><x>738</x><y>736</y><time>10-01-22 16:58:41:010</time></pt><pt><x>727</x><y>674</y><time>10-01-22 16:58:42:753</time></pt><pt><x>686</x><y>541</y><time>10-01-22 16:58:44:558</time></pt><pt><x>681</x><y>515</y><time>10-01-22 16:58:45:896</time></pt><pt><x>628</x><y>543</y><time>10-01-22 16:58:47:568</time></pt><pt><x>591</x><y>552</y><time>10-01-22 16:58:48:296</time></pt><closed_date>10-01-22 16:58:49:113</closed_date></polygon></object><object><name>crown</name><deleted>0</deleted><verified>0</verified><occluded>no</occluded><attributes /><parts><hasparts /><ispartof>1</ispartof></parts><date>10-01-22 16:59:15:192</date><id>11</id><polygon><username>anonymous</username><pt><x>550</x><y>555</y><time>10-01-22 16:58:54:654</time></pt><pt><x>485</x><y>513</y><time>10-01-22 16:58:56:002</time></pt><pt><x>442</x><y>462</y><time>10-01-22 16:58:57:193</time></pt><pt><x>407</x><y>354</y><time>10-01-22 16:58:58:326</time></pt><pt><x>432</x><y>326</y><time>10-01-22 16:59:00:697</time></pt><pt><x>456</x><y>313</y><time>10-01-22 16:59:01:302</time></pt><pt><x>515</x><y>308</y><time>10-01-22 16:59:02:126</time></pt><pt><x>547</x><y>315</y><time>10-01-22 16:59:02:829</time></pt><pt><x>568</x><y>299</y><time>10-01-22 16:59:03:430</time></pt><pt><x>619</x><y>295</y><time>10-01-22 16:59:03:942</time></pt><pt><x>709</x><y>295</y><time>10-01-22 16:59:04:676</time></pt><pt><x>720</x><y>334</y><time>10-01-22 16:59:05:492</time></pt><pt><x>701</x><y>467</y><time>10-01-22 16:59:07:312</time></pt><pt><x>690</x><y>508</y><time>10-01-22 16:59:07:947</time></pt><pt><x>678</x><y>525</y><time>10-01-22 16:59:08:505</time></pt><closed_date>10-01-22 16:59:09:711</closed_date></polygon></object><object><name>restoration</name><deleted>0</deleted><verified>0</verified><occluded>no</occluded><attributes /><parts><hasparts /><ispartof>2</ispartof></parts><date>10-01-22 16:59:48:392</date><id>12</id><polygon><username>anonymous</username><pt><x>265</x><y>407</y><time>10-01-22 16:59:34:429</time></pt><pt><x>288</x><y>416</y><time>10-01-22 16:59:34:889</time></pt><pt><x>315</x><y>400</y><time>10-01-22 16:59:35:433</time></pt><pt><x>347</x><y>405</y><time>10-01-22 16:59:36:015</time></pt><pt><x>354</x><y>437</y><time>10-01-22 16:59:36:539</time></pt><pt><x>364</x><y>462</y><time>10-01-22 16:59:37:070</time></pt><pt><x>384</x><y>472</y><time>10-01-22 16:59:37:546</time></pt><pt><x>423</x><y>458</y><time>10-01-22 16:59:38:212</time></pt><pt><x>442</x><y>453</y><time>10-01-22 16:59:38:790</time></pt><pt><x>428</x><y>410</y><time>10-01-22 16:59:39:512</time></pt><pt><x>423</x><y>366</y><time>10-01-22 16:59:40:211</time></pt><pt><x>382</x><y>359</y><time>10-01-22 16:59:40:812</time></pt><pt><x>338</x><y>349</y><time>10-01-22 16:59:41:406</time></pt><pt><x>267</x><y>368</y><time>10-01-22 16:59:42:384</time></pt><pt><x>228</x><y>379</y><time>10-01-22 16:59:44:080</time></pt><closed_date>10-01-22 16:59:44:919</closed_date></polygon></object><object><name>restoration</name><deleted>0</deleted><verified>0</verified><occluded>no</occluded><attributes /><parts><hasparts /><ispartof>7</ispartof></parts><date>10-01-22 17:00:30:459</date><id>13</id><polygon><username>anonymous</username><pt><x>265</x><y>117</y><time>10-01-22 17:00:17:758</time></pt><pt><x>265</x><y>65</y><time>10-01-22 17:00:18:459</time></pt><pt><x>285</x><y>57</y><time>10-01-22 17:00:19:028</time></pt><pt><x>318</x><y>62</y><time>10-01-22 17:00:19:583</time></pt><pt><x>331</x><y>76</y><time>10-01-22 17:00:20:136</time></pt><pt><x>331</x><y>189</y><time>10-01-22 17:00:21:362</time></pt><pt><x>303</x><y>207</y><time>10-01-22 17:00:22:189</time></pt><pt><x>278</x><y>186</y><time>10-01-22 17:00:23:204</time></pt><pt><x>294</x><y>156</y><time>10-01-22 17:00:23:776</time></pt><pt><x>276</x><y>134</y><time>10-01-22 17:00:24:434</time></pt><closed_date>10-01-22 17:00:25:225</closed_date></polygon></object><imagesize><nrows /><ncols /></imagesize></annotation>