<annotation><filename>imagem-118.jpg</filename><folder>segmentation_xray</folder><source><sourceImage>The MIT-CSAIL database of objects and scenes</sourceImage><sourceAnnotation>LabelMe Webtool</sourceAnnotation></source><object><name>tooth</name><deleted>0</deleted><verified>0</verified><occluded>no</occluded><attributes>27</attributes><parts><hasparts>19</hasparts><ispartof /></parts><date>10-12-21 21:17:01:772</date><id>0</id><type>bounding_box</type><polygon><username>anonymous</username><pt><x>1360</x><y>606</y><time>10-12-21 21:16:49:121</time></pt><pt><x>1601</x><y>606</y><time>10-12-21 21:16:52:813</time></pt><pt><x>1601</x><y>26</y><time>undefined</time></pt><pt><x>1360</x><y>26</y><time>undefined</time></pt><closed_date>10-12-21 21:16:52:814</closed_date></polygon></object><object><name>tooth</name><deleted>0</deleted><verified>0</verified><occluded>no</occluded><attributes>26</attributes><parts><hasparts>12,18</hasparts><ispartof /></parts><date>10-12-21 21:17:25:667</date><id>1</id><type>bounding_box</type><polygon><username>anonymous</username><pt><x>934</x><y>588</y><time>10-12-21 21:17:13:070</time></pt><pt><x>1428</x><y>588</y><time>10-12-21 21:17:20:094</time></pt><pt><x>1428</x><y>14</y><time>undefined</time></pt><pt><x>934</x><y>14</y><time>undefined</time></pt><closed_date>10-12-21 21:17:20:094</closed_date></polygon></object><object><name>tooth</name><deleted>0</deleted><verified>0</verified><occluded>no</occluded><attributes>25</attributes><parts><hasparts>10,11</hasparts><ispartof /></parts><date>10-12-21 21:17:47:332</date><id>2</id><type>bounding_box</type><polygon><username>anonymous</username><pt><x>669</x><y>555</y><time>10-12-21 21:17:36:422</time></pt><pt><x>1016</x><y>555</y><time>10-12-21 21:17:42:178</time></pt><pt><x>1016</x><y>9</y><time>undefined</time></pt><pt><x>669</x><y>9</y><time>undefined</time></pt><closed_date>10-12-21 21:17:42:178</closed_date></polygon></object><object><name>tooth</name><deleted>0</deleted><verified>0</verified><occluded>no</occluded><attributes>24</attributes><parts><hasparts>17</hasparts><ispartof /></parts><date>10-12-21 21:18:10:623</date><id>3</id><type>bounding_box</type><polygon><username>anonymous</username><pt><x>398</x><y>513</y><time>10-12-21 21:18:00:006</time></pt><pt><x>787</x><y>513</y><time>10-12-21 21:18:03:500</time></pt><pt><x>787</x><y>16</y><time>undefined</time></pt><pt><x>398</x><y>16</y><time>undefined</time></pt><closed_date>10-12-21 21:18:03:500</closed_date></polygon></object><object><name>tooth</name><deleted>0</deleted><verified>0</verified><occluded>no</occluded><attributes>23</attributes><parts><hasparts /><ispartof /></parts><date>10-12-21 21:18:20:424</date><id>4</id><type>bounding_box</type><polygon><username>anonymous</username><pt><x>66</x><y>475</y><time>10-12-21 21:18:13:772</time></pt><pt><x>508</x><y>475</y><time>10-12-21 21:18:16:000</time></pt><pt><x>508</x><y>2</y><time>undefined</time></pt><pt><x>66</x><y>2</y><time>undefined</time></pt><closed_date>10-12-21 21:18:16:000</closed_date></polygon></object><object><name>tooth</name><deleted>0</deleted><verified>0</verified><occluded>no</occluded><attributes>37</attributes><parts><hasparts>14</hasparts><ispartof /></parts><date>10-12-21 21:18:41:287</date><id>5</id><type>bounding_box</type><polygon><username>anonymous</username><pt><x>1608</x><y>674</y><time>10-12-21 21:18:28:545</time></pt><pt><x>1278</x><y>674</y><time>10-12-21 21:18:33:590</time></pt><pt><x>1278</x><y>1255</y><time>undefined</time></pt><pt><x>1608</x><y>1255</y><time>undefined</time></pt><closed_date>10-12-21 21:18:33:590</closed_date></polygon></object><object><name>tooth</name><deleted>0</deleted><verified>0</verified><occluded>no</occluded><attributes>36</attributes><parts><hasparts>13</hasparts><ispartof /></parts><date>10-12-21 21:19:06:211</date><id>6</id><type>bounding_box</type><polygon><username>anonymous</username><pt><x>824</x><y>641</y><time>10-12-21 21:18:43:411</time></pt><pt><x>1299</x><y>641</y><time>10-12-21 21:18:54:607</time></pt><pt><x>1299</x><y>1248</y><time>undefined</time></pt><pt><x>824</x><y>1248</y><time>undefined</time></pt><closed_date>10-12-21 21:18:54:607</closed_date></polygon></object><object><name>tooth</name><deleted>0</deleted><verified>0</verified><occluded>no</occluded><attributes>35</attributes><parts><hasparts>15</hasparts><ispartof /></parts><date>10-12-21 21:19:26:673</date><id>7</id><type>bounding_box</type><polygon><username>anonymous</username><pt><x>536</x><y>634</y><time>10-12-21 21:19:13:225</time></pt><pt><x>840</x><y>634</y><time>10-12-21 21:19:16:664</time></pt><pt><x>840</x><y>1252</y><time>undefined</time></pt><pt><x>536</x><y>1252</y><time>undefined</time></pt><closed_date>10-12-21 21:19:16:665</closed_date></polygon></object><object><name>tooth</name><deleted>0</deleted><verified>0</verified><occluded>no</occluded><attributes>34</attributes><parts><hasparts>16</hasparts><ispartof /></parts><date>10-12-21 21:19:34:812</date><id>8</id><type>bounding_box</type><polygon><username>anonymous</username><pt><x>234</x><y>597</y><time>10-12-21 21:19:28:057</time></pt><pt><x>534</x><y>597</y><time>10-12-21 21:19:30:760</time></pt><pt><x>534</x><y>1248</y><time>undefined</time></pt><pt><x>234</x><y>1248</y><time>undefined</time></pt><closed_date>10-12-21 21:19:30:761</closed_date></polygon></object><object><name>tooth</name><deleted>0</deleted><verified>0</verified><occluded>no</occluded><attributes>33</attributes><parts><hasparts /><ispartof /></parts><date>10-12-21 21:19:48:170</date><id>9</id><type>bounding_box</type><polygon><username>anonymous</username><pt><x>0</x><y>541</y><time>10-12-21 21:19:37:683</time></pt><pt><x>236</x><y>541</y><time>10-12-21 21:19:41:677</time></pt><pt><x>236</x><y>1243</y><time>undefined</time></pt><pt><x>0</x><y>1243</y><time>undefined</time></pt><closed_date>10-12-21 21:19:41:677</closed_date></polygon></object><object><name>restoration</name><deleted>0</deleted><verified>0</verified><occluded>no</occluded><attributes /><parts><hasparts /><ispartof>2</ispartof></parts><date>10-12-21 21:20:28:304</date><id>10</id><polygon><username>anonymous</username><pt><x>714</x><y>447</y><time>10-12-21 21:20:16:584</time></pt><pt><x>772</x><y>466</y><time>10-12-21 21:20:17:665</time></pt><pt><x>789</x><y>440</y><time>10-12-21 21:20:18:612</time></pt><pt><x>791</x><y>414</y><time>10-12-21 21:20:19:112</time></pt><pt><x>791</x><y>375</y><time>10-12-21 21:20:19:592</time></pt><pt><x>782</x><y>353</y><time>10-12-21 21:20:20:060</time></pt><pt><x>765</x><y>332</y><time>10-12-21 21:20:20:511</time></pt><pt><x>740</x><y>314</y><time>10-12-21 21:20:21:145</time></pt><pt><x>707</x><y>311</y><time>10-12-21 21:20:21:730</time></pt><pt><x>691</x><y>311</y><time>10-12-21 21:20:22:189</time></pt><pt><x>679</x><y>325</y><time>10-12-21 21:20:22:753</time></pt><pt><x>679</x><y>379</y><time>10-12-21 21:20:23:340</time></pt><pt><x>676</x><y>417</y><time>10-12-21 21:20:23:823</time></pt><pt><x>693</x><y>442</y><time>10-12-21 21:20:24:267</time></pt><closed_date>10-12-21 21:20:24:748</closed_date></polygon></object><object><name>restoration</name><deleted>0</deleted><verified>0</verified><occluded>no</occluded><attributes /><parts><hasparts /><ispartof>2</ispartof></parts><date>10-12-21 21:20:45:752</date><id>11</id><polygon><username>anonymous</username><pt><x>861</x><y>414</y><time>10-12-21 21:20:31:297</time></pt><pt><x>873</x><y>372</y><time>10-12-21 21:20:32:036</time></pt><pt><x>894</x><y>351</y><time>10-12-21 21:20:32:490</time></pt><pt><x>911</x><y>342</y><time>10-12-21 21:20:32:983</time></pt><pt><x>927</x><y>330</y><time>10-12-21 21:20:33:380</time></pt><pt><x>943</x><y>318</y><time>10-12-21 21:20:33:890</time></pt><pt><x>948</x><y>309</y><time>10-12-21 21:20:34:342</time></pt><pt><x>955</x><y>318</y><time>10-12-21 21:20:34:831</time></pt><pt><x>962</x><y>356</y><time>10-12-21 21:20:35:708</time></pt><pt><x>962</x><y>384</y><time>10-12-21 21:20:36:074</time></pt><pt><x>962</x><y>417</y><time>10-12-21 21:20:36:484</time></pt><pt><x>960</x><y>445</y><time>10-12-21 21:20:36:860</time></pt><pt><x>955</x><y>482</y><time>10-12-21 21:20:37:223</time></pt><pt><x>946</x><y>494</y><time>10-12-21 21:20:37:568</time></pt><pt><x>918</x><y>480</y><time>10-12-21 21:20:38:108</time></pt><pt><x>908</x><y>480</y><time>10-12-21 21:20:38:448</time></pt><pt><x>887</x><y>480</y><time>10-12-21 21:20:38:809</time></pt><pt><x>871</x><y>494</y><time>10-12-21 21:20:39:147</time></pt><pt><x>857</x><y>501</y><time>10-12-21 21:20:39:513</time></pt><pt><x>854</x><y>499</y><time>10-12-21 21:20:40:049</time></pt><pt><x>854</x><y>463</y><time>10-12-21 21:20:40:636</time></pt><pt><x>854</x><y>447</y><time>10-12-21 21:20:40:884</time></pt><closed_date>10-12-21 21:20:41:151</closed_date></polygon></object><object><name>restoration</name><deleted>1</deleted><verified>0</verified><occluded>no</occluded><attributes /><parts><hasparts /><ispartof>1</ispartof></parts><date>10-12-21 21:21:48:542</date><id>12</id><polygon><username>anonymous</username><pt><x>1173</x><y>543</y><time>10-12-21 21:21:31:148</time></pt><pt><x>1189</x><y>501</y><time>10-12-21 21:21:31:942</time></pt><pt><x>1177</x><y>478</y><time>10-12-21 21:21:32:533</time></pt><pt><x>1168</x><y>461</y><time>10-12-21 21:21:33:153</time></pt><pt><x>1152</x><y>447</y><time>10-12-21 21:21:33:621</time></pt><pt><x>1119</x><y>445</y><time>10-12-21 21:21:34:157</time></pt><pt><x>1093</x><y>445</y><time>10-12-21 21:21:34:677</time></pt><pt><x>1074</x><y>442</y><time>10-12-21 21:21:35:048</time></pt><pt><x>1044</x><y>428</y><time>10-12-21 21:21:35:354</time></pt><pt><x>1025</x><y>431</y><time>10-12-21 21:21:35:731</time></pt><pt><x>1021</x><y>442</y><time>10-12-21 21:21:38:350</time></pt><pt><x>1007</x><y>470</y><time>10-12-21 21:21:38:837</time></pt><pt><x>1007</x><y>492</y><time>10-12-21 21:21:39:234</time></pt><pt><x>983</x><y>508</y><time>10-12-21 21:21:39:645</time></pt><pt><x>1018</x><y>538</y><time>10-12-21 21:21:40:531</time></pt><pt><x>1063</x><y>536</y><time>10-12-21 21:21:41:127</time></pt><pt><x>1093</x><y>536</y><time>10-12-21 21:21:41:517</time></pt><pt><x>1124</x><y>536</y><time>10-12-21 21:21:41:871</time></pt><closed_date>10-12-21 21:21:42:291</closed_date></polygon></object><object><name>restoration</name><deleted>0</deleted><verified>0</verified><occluded>no</occluded><attributes /><parts><hasparts /><ispartof>6</ispartof></parts><date>10-12-21 21:22:17:118</date><id>13</id><polygon><username>anonymous</username><pt><x>904</x><y>714</y><time>10-12-21 21:21:51:351</time></pt><pt><x>911</x><y>754</y><time>10-12-21 21:21:52:123</time></pt><pt><x>941</x><y>805</y><time>10-12-21 21:21:53:102</time></pt><pt><x>962</x><y>836</y><time>10-12-21 21:21:53:955</time></pt><pt><x>990</x><y>840</y><time>10-12-21 21:21:54:509</time></pt><pt><x>1030</x><y>847</y><time>10-12-21 21:21:54:986</time></pt><pt><x>1056</x><y>861</y><time>10-12-21 21:21:55:409</time></pt><pt><x>1079</x><y>857</y><time>10-12-21 21:21:55:876</time></pt><pt><x>1117</x><y>852</y><time>10-12-21 21:21:56:323</time></pt><pt><x>1147</x><y>854</y><time>10-12-21 21:21:56:682</time></pt><pt><x>1163</x><y>920</y><time>10-12-21 21:22:00:748</time></pt><pt><x>1201</x><y>955</y><time>10-12-21 21:22:01:335</time></pt><pt><x>1238</x><y>955</y><time>10-12-21 21:22:01:935</time></pt><pt><x>1266</x><y>927</y><time>10-12-21 21:22:02:435</time></pt><pt><x>1290</x><y>901</y><time>10-12-21 21:22:02:818</time></pt><pt><x>1299</x><y>864</y><time>10-12-21 21:22:03:327</time></pt><pt><x>1294</x><y>784</y><time>10-12-21 21:22:04:135</time></pt><pt><x>1290</x><y>761</y><time>10-12-21 21:22:04:999</time></pt><pt><x>1250</x><y>742</y><time>10-12-21 21:22:05:577</time></pt><pt><x>1236</x><y>733</y><time>10-12-21 21:22:06:196</time></pt><pt><x>1191</x><y>733</y><time>10-12-21 21:22:06:721</time></pt><pt><x>1149</x><y>747</y><time>10-12-21 21:22:07:339</time></pt><pt><x>1112</x><y>742</y><time>10-12-21 21:22:07:798</time></pt><pt><x>1112</x><y>716</y><time>10-12-21 21:22:08:319</time></pt><pt><x>1114</x><y>712</y><time>10-12-21 21:22:09:643</time></pt><pt><x>1098</x><y>716</y><time>10-12-21 21:22:10:013</time></pt><pt><x>1081</x><y>721</y><time>10-12-21 21:22:10:381</time></pt><pt><x>1065</x><y>712</y><time>10-12-21 21:22:10:697</time></pt><pt><x>1042</x><y>698</y><time>10-12-21 21:22:10:987</time></pt><pt><x>1035</x><y>698</y><time>10-12-21 21:22:11:313</time></pt><pt><x>1023</x><y>712</y><time>10-12-21 21:22:11:621</time></pt><pt><x>1004</x><y>709</y><time>10-12-21 21:22:11:930</time></pt><pt><x>983</x><y>698</y><time>10-12-21 21:22:12:186</time></pt><pt><x>962</x><y>698</y><time>10-12-21 21:22:12:445</time></pt><pt><x>934</x><y>700</y><time>10-12-21 21:22:12:713</time></pt><closed_date>10-12-21 21:22:12:974</closed_date></polygon></object><object><name>restoration</name><deleted>0</deleted><verified>0</verified><occluded>no</occluded><attributes /><parts><hasparts /><ispartof>5</ispartof></parts><date>10-12-21 21:24:32:331</date><id>14</id><polygon><username>anonymous</username><pt><x>1308</x><y>904</y><time>10-12-21 21:22:19:491</time></pt><pt><x>1390</x><y>922</y><time>10-12-21 21:22:20:531</time></pt><pt><x>1400</x><y>915</y><time>10-12-21 21:22:21:062</time></pt><pt><x>1433</x><y>915</y><time>10-12-21 21:22:21:497</time></pt><pt><x>1465</x><y>925</y><time>10-12-21 21:22:21:827</time></pt><pt><x>1510</x><y>925</y><time>10-12-21 21:22:22:132</time></pt><pt><x>1543</x><y>915</y><time>10-12-21 21:22:22:454</time></pt><pt><x>1566</x><y>901</y><time>10-12-21 21:22:22:750</time></pt><pt><x>1587</x><y>875</y><time>10-12-21 21:22:23:008</time></pt><pt><x>1599</x><y>843</y><time>10-12-21 21:22:23:301</time></pt><pt><x>1603</x><y>798</y><time>10-12-21 21:22:23:568</time></pt><pt><x>1603</x><y>770</y><time>10-12-21 21:22:23:830</time></pt><pt><x>1599</x><y>747</y><time>10-12-21 21:22:24:104</time></pt><pt><x>1589</x><y>719</y><time>10-12-21 21:22:24:390</time></pt><pt><x>1589</x><y>700</y><time>10-12-21 21:22:29:877</time></pt><pt><x>1582</x><y>686</y><time>10-12-21 21:22:30:377</time></pt><pt><x>1561</x><y>686</y><time>10-12-21 21:24:20:971</time></pt><pt><x>1545</x><y>698</y><time>10-12-21 21:24:21:474</time></pt><pt><x>1507</x><y>698</y><time>10-12-21 21:24:21:952</time></pt><pt><x>1458</x><y>714</y><time>10-12-21 21:24:22:552</time></pt><pt><x>1423</x><y>716</y><time>10-12-21 21:24:23:177</time></pt><pt><x>1390</x><y>707</y><time>10-12-21 21:24:23:685</time></pt><pt><x>1369</x><y>714</y><time>10-12-21 21:24:24:099</time></pt><pt><x>1332</x><y>733</y><time>10-12-21 21:24:24:598</time></pt><pt><x>1299</x><y>751</y><time>10-12-21 21:24:25:008</time></pt><pt><x>1285</x><y>770</y><time>10-12-21 21:24:25:392</time></pt><closed_date>10-12-21 21:24:27:156</closed_date></polygon></object><object><name>restoration</name><deleted>0</deleted><verified>0</verified><occluded>no</occluded><attributes /><parts><hasparts /><ispartof>7</ispartof></parts><date>10-12-21 21:24:53:049</date><id>15</id><polygon><username>anonymous</username><pt><x>772</x><y>756</y><time>10-12-21 21:24:33:747</time></pt><pt><x>756</x><y>787</y><time>10-12-21 21:24:34:400</time></pt><pt><x>714</x><y>787</y><time>10-12-21 21:24:35:000</time></pt><pt><x>681</x><y>777</y><time>10-12-21 21:24:35:522</time></pt><pt><x>681</x><y>756</y><time>10-12-21 21:24:38:007</time></pt><pt><x>651</x><y>756</y><time>10-12-21 21:24:38:622</time></pt><pt><x>625</x><y>758</y><time>10-12-21 21:24:39:157</time></pt><pt><x>599</x><y>751</y><time>10-12-21 21:24:39:581</time></pt><pt><x>588</x><y>728</y><time>10-12-21 21:24:39:964</time></pt><pt><x>588</x><y>702</y><time>10-12-21 21:24:40:331</time></pt><pt><x>613</x><y>686</y><time>10-12-21 21:24:40:861</time></pt><pt><x>639</x><y>684</y><time>10-12-21 21:24:41:425</time></pt><pt><x>667</x><y>679</y><time>10-12-21 21:24:41:968</time></pt><pt><x>688</x><y>679</y><time>10-12-21 21:24:42:298</time></pt><pt><x>721</x><y>691</y><time>10-12-21 21:24:42:604</time></pt><pt><x>744</x><y>700</y><time>10-12-21 21:24:42:942</time></pt><pt><x>770</x><y>702</y><time>10-12-21 21:24:43:272</time></pt><pt><x>803</x><y>702</y><time>10-12-21 21:24:43:674</time></pt><pt><x>819</x><y>721</y><time>10-12-21 21:24:44:146</time></pt><pt><x>831</x><y>754</y><time>10-12-21 21:24:44:552</time></pt><pt><x>833</x><y>789</y><time>10-12-21 21:24:44:949</time></pt><pt><x>831</x><y>810</y><time>10-12-21 21:24:45:441</time></pt><pt><x>805</x><y>803</y><time>10-12-21 21:24:45:944</time></pt><pt><x>791</x><y>794</y><time>10-12-21 21:24:46:305</time></pt><pt><x>787</x><y>779</y><time>10-12-21 21:24:46:625</time></pt><closed_date>10-12-21 21:24:46:990</closed_date></polygon></object><object><name>restoration</name><deleted>0</deleted><verified>0</verified><occluded>no</occluded><attributes /><parts><hasparts /><ispartof>8</ispartof></parts><date>10-12-21 21:27:39:372</date><id>16</id><polygon><username>anonymous</username><pt><x>293</x><y>684</y><time>10-12-21 21:27:21:163</time></pt><pt><x>314</x><y>721</y><time>10-12-21 21:27:21:868</time></pt><pt><x>346</x><y>737</y><time>10-12-21 21:27:22:339</time></pt><pt><x>363</x><y>737</y><time>10-12-21 21:27:22:863</time></pt><pt><x>379</x><y>728</y><time>10-12-21 21:27:23:237</time></pt><pt><x>396</x><y>714</y><time>10-12-21 21:27:23:620</time></pt><pt><x>414</x><y>712</y><time>10-12-21 21:27:23:993</time></pt><pt><x>426</x><y>737</y><time>10-12-21 21:27:24:470</time></pt><pt><x>442</x><y>761</y><time>10-12-21 21:27:24:863</time></pt><pt><x>452</x><y>782</y><time>10-12-21 21:27:25:215</time></pt><pt><x>473</x><y>791</y><time>10-12-21 21:27:27:597</time></pt><pt><x>487</x><y>791</y><time>10-12-21 21:27:28:086</time></pt><pt><x>501</x><y>775</y><time>10-12-21 21:27:28:875</time></pt><pt><x>501</x><y>744</y><time>10-12-21 21:27:29:653</time></pt><pt><x>501</x><y>719</y><time>10-12-21 21:27:30:001</time></pt><pt><x>503</x><y>709</y><time>10-12-21 21:27:30:464</time></pt><pt><x>468</x><y>698</y><time>10-12-21 21:27:30:945</time></pt><pt><x>454</x><y>686</y><time>10-12-21 21:27:31:305</time></pt><pt><x>426</x><y>672</y><time>10-12-21 21:27:31:619</time></pt><pt><x>412</x><y>669</y><time>10-12-21 21:27:31:934</time></pt><pt><x>389</x><y>667</y><time>10-12-21 21:27:32:414</time></pt><pt><x>372</x><y>667</y><time>10-12-21 21:27:32:719</time></pt><pt><x>349</x><y>667</y><time>10-12-21 21:27:32:975</time></pt><pt><x>328</x><y>669</y><time>10-12-21 21:27:33:234</time></pt><pt><x>311</x><y>674</y><time>10-12-21 21:27:33:459</time></pt><closed_date>10-12-21 21:27:33:910</closed_date></polygon></object><object><name>restoration</name><deleted>0</deleted><verified>0</verified><occluded>no</occluded><attributes /><parts><hasparts /><ispartof>3</ispartof></parts><date>10-12-21 21:27:59:300</date><id>17</id><polygon><username>anonymous</username><pt><x>653</x><y>360</y><time>10-12-21 21:27:43:944</time></pt><pt><x>641</x><y>382</y><time>10-12-21 21:27:44:486</time></pt><pt><x>627</x><y>403</y><time>10-12-21 21:27:45:153</time></pt><pt><x>627</x><y>389</y><time>10-12-21 21:27:45:660</time></pt><pt><x>609</x><y>379</y><time>10-12-21 21:27:46:048</time></pt><pt><x>597</x><y>379</y><time>10-12-21 21:27:46:386</time></pt><pt><x>583</x><y>377</y><time>10-12-21 21:27:46:681</time></pt><pt><x>564</x><y>379</y><time>10-12-21 21:27:47:000</time></pt><pt><x>552</x><y>384</y><time>10-12-21 21:27:47:286</time></pt><pt><x>541</x><y>386</y><time>10-12-21 21:27:47:565</time></pt><pt><x>522</x><y>372</y><time>10-12-21 21:27:47:885</time></pt><pt><x>506</x><y>365</y><time>10-12-21 21:27:48:113</time></pt><pt><x>478</x><y>346</y><time>10-12-21 21:27:48:511</time></pt><pt><x>470</x><y>337</y><time>10-12-21 21:27:48:845</time></pt><pt><x>466</x><y>318</y><time>10-12-21 21:27:49:116</time></pt><pt><x>466</x><y>290</y><time>10-12-21 21:27:49:352</time></pt><pt><x>470</x><y>262</y><time>10-12-21 21:27:49:645</time></pt><pt><x>466</x><y>262</y><time>10-12-21 21:27:49:966</time></pt><pt><x>445</x><y>290</y><time>10-12-21 21:27:50:354</time></pt><pt><x>433</x><y>316</y><time>10-12-21 21:27:50:675</time></pt><pt><x>424</x><y>335</y><time>10-12-21 21:27:50:948</time></pt><pt><x>426</x><y>365</y><time>10-12-21 21:27:51:297</time></pt><pt><x>433</x><y>389</y><time>10-12-21 21:27:51:575</time></pt><pt><x>447</x><y>398</y><time>10-12-21 21:27:51:859</time></pt><pt><x>463</x><y>400</y><time>10-12-21 21:27:52:136</time></pt><pt><x>480</x><y>407</y><time>10-12-21 21:27:52:447</time></pt><pt><x>506</x><y>419</y><time>10-12-21 21:27:52:750</time></pt><pt><x>538</x><y>424</y><time>10-12-21 21:27:53:058</time></pt><pt><x>573</x><y>433</y><time>10-12-21 21:27:53:343</time></pt><pt><x>637</x><y>445</y><time>10-12-21 21:27:53:682</time></pt><pt><x>676</x><y>438</y><time>10-12-21 21:27:54:493</time></pt><pt><x>686</x><y>403</y><time>10-12-21 21:27:54:923</time></pt><pt><x>686</x><y>377</y><time>10-12-21 21:27:55:230</time></pt><pt><x>672</x><y>363</y><time>10-12-21 21:27:55:523</time></pt><closed_date>10-12-21 21:27:55:775</closed_date></polygon></object><object><name>restoration</name><deleted>0</deleted><verified>0</verified><occluded>no</occluded><attributes /><parts><hasparts /><ispartof>1</ispartof></parts><date>10-12-21 21:29:19:801</date><id>18</id><polygon><username>anonymous</username><pt><x>1348</x><y>365</y><time>10-12-21 21:28:52:375</time></pt><pt><x>1348</x><y>389</y><time>10-12-21 21:28:52:904</time></pt><pt><x>1330</x><y>396</y><time>10-12-21 21:29:00:479</time></pt><pt><x>1299</x><y>377</y><time>10-12-21 21:29:01:625</time></pt><pt><x>1280</x><y>368</y><time>10-12-21 21:29:02:311</time></pt><pt><x>1257</x><y>379</y><time>10-12-21 21:29:02:712</time></pt><pt><x>1236</x><y>391</y><time>10-12-21 21:29:03:045</time></pt><pt><x>1210</x><y>400</y><time>10-12-21 21:29:03:331</time></pt><pt><x>1177</x><y>410</y><time>10-12-21 21:29:03:631</time></pt><pt><x>1149</x><y>414</y><time>10-12-21 21:29:03:874</time></pt><pt><x>1128</x><y>417</y><time>10-12-21 21:29:04:154</time></pt><pt><x>1112</x><y>428</y><time>10-12-21 21:29:04:418</time></pt><pt><x>1098</x><y>438</y><time>10-12-21 21:29:04:718</time></pt><pt><x>1079</x><y>438</y><time>10-12-21 21:29:05:003</time></pt><pt><x>1060</x><y>431</y><time>10-12-21 21:29:05:276</time></pt><pt><x>1037</x><y>431</y><time>10-12-21 21:29:05:574</time></pt><pt><x>1014</x><y>442</y><time>10-12-21 21:29:05:881</time></pt><pt><x>1002</x><y>463</y><time>10-12-21 21:29:06:165</time></pt><pt><x>1000</x><y>494</y><time>10-12-21 21:29:06:444</time></pt><pt><x>1000</x><y>515</y><time>10-12-21 21:29:06:749</time></pt><pt><x>1000</x><y>529</y><time>10-12-21 21:29:07:077</time></pt><pt><x>1039</x><y>531</y><time>10-12-21 21:29:07:441</time></pt><pt><x>1065</x><y>538</y><time>10-12-21 21:29:07:801</time></pt><pt><x>1081</x><y>541</y><time>10-12-21 21:29:08:067</time></pt><pt><x>1103</x><y>538</y><time>10-12-21 21:29:08:310</time></pt><pt><x>1135</x><y>538</y><time>10-12-21 21:29:08:673</time></pt><pt><x>1159</x><y>545</y><time>10-12-21 21:29:08:943</time></pt><pt><x>1173</x><y>550</y><time>10-12-21 21:29:09:228</time></pt><pt><x>1194</x><y>552</y><time>10-12-21 21:29:09:542</time></pt><pt><x>1210</x><y>564</y><time>10-12-21 21:29:09:848</time></pt><pt><x>1255</x><y>564</y><time>10-12-21 21:29:10:141</time></pt><pt><x>1280</x><y>573</y><time>10-12-21 21:29:10:405</time></pt><pt><x>1306</x><y>573</y><time>10-12-21 21:29:10:698</time></pt><pt><x>1351</x><y>529</y><time>10-12-21 21:29:14:576</time></pt><pt><x>1358</x><y>482</y><time>10-12-21 21:29:15:329</time></pt><pt><x>1360</x><y>433</y><time>10-12-21 21:29:15:753</time></pt><pt><x>1362</x><y>389</y><time>10-12-21 21:29:16:213</time></pt><closed_date>10-12-21 21:29:16:557</closed_date></polygon></object><object><name>restoration</name><deleted>0</deleted><verified>0</verified><occluded>no</occluded><attributes /><parts><hasparts /><ispartof>0</ispartof></parts><date>10-12-21 21:29:45:301</date><id>19</id><polygon><username>anonymous</username><pt><x>1468</x><y>492</y><time>10-12-21 21:29:30:440</time></pt><pt><x>1491</x><y>470</y><time>10-12-21 21:29:30:928</time></pt><pt><x>1505</x><y>449</y><time>10-12-21 21:29:31:382</time></pt><pt><x>1524</x><y>447</y><time>10-12-21 21:29:31:819</time></pt><pt><x>1568</x><y>461</y><time>10-12-21 21:29:32:243</time></pt><pt><x>1578</x><y>470</y><time>10-12-21 21:29:32:692</time></pt><pt><x>1585</x><y>482</y><time>10-12-21 21:29:33:060</time></pt><pt><x>1596</x><y>489</y><time>10-12-21 21:29:33:436</time></pt><pt><x>1601</x><y>501</y><time>10-12-21 21:29:33:796</time></pt><pt><x>1606</x><y>527</y><time>10-12-21 21:29:34:209</time></pt><pt><x>1606</x><y>550</y><time>10-12-21 21:29:34:549</time></pt><pt><x>1594</x><y>562</y><time>10-12-21 21:29:34:835</time></pt><pt><x>1585</x><y>569</y><time>10-12-21 21:29:35:107</time></pt><pt><x>1573</x><y>566</y><time>10-12-21 21:29:35:375</time></pt><pt><x>1568</x><y>555</y><time>10-12-21 21:29:35:678</time></pt><pt><x>1552</x><y>545</y><time>10-12-21 21:29:35:987</time></pt><pt><x>1543</x><y>541</y><time>10-12-21 21:29:36:276</time></pt><pt><x>1522</x><y>538</y><time>10-12-21 21:29:37:700</time></pt><pt><x>1507</x><y>534</y><time>10-12-21 21:29:38:069</time></pt><pt><x>1489</x><y>531</y><time>10-12-21 21:29:38:348</time></pt><pt><x>1468</x><y>538</y><time>10-12-21 21:29:38:624</time></pt><pt><x>1444</x><y>541</y><time>10-12-21 21:29:38:882</time></pt><pt><x>1409</x><y>538</y><time>10-12-21 21:29:39:159</time></pt><pt><x>1376</x><y>538</y><time>10-12-21 21:29:39:487</time></pt><pt><x>1367</x><y>538</y><time>10-12-21 21:29:39:748</time></pt><pt><x>1360</x><y>520</y><time>10-12-21 21:29:39:995</time></pt><pt><x>1360</x><y>501</y><time>10-12-21 21:29:40:282</time></pt><pt><x>1369</x><y>470</y><time>10-12-21 21:29:40:576</time></pt><pt><x>1386</x><y>449</y><time>10-12-21 21:29:40:916</time></pt><pt><x>1400</x><y>461</y><time>10-12-21 21:29:41:277</time></pt><pt><x>1407</x><y>480</y><time>10-12-21 21:29:41:558</time></pt><pt><x>1426</x><y>489</y><time>10-12-21 21:29:41:802</time></pt><closed_date>10-12-21 21:29:42:059</closed_date></polygon></object><imagesize><nrows /><ncols /></imagesize></annotation>