<annotation><filename>imagem-138.jpg</filename><folder>segmentation_xray</folder><source><sourceImage>The MIT-CSAIL database of objects and scenes</sourceImage><sourceAnnotation>LabelMe Webtool</sourceAnnotation></source><object><name>tooth</name><deleted>0</deleted><verified>0</verified><occluded>no</occluded><attributes>17</attributes><parts><hasparts /><ispartof /></parts><date>15-12-21 18:18:54:839</date><id>0</id><type>bounding_box</type><polygon><username>anonymous</username><pt><x>375</x><y>467</y><time>15-12-21 18:18:48:158</time></pt><pt><x>9</x><y>467</y><time>15-12-21 18:18:51:133</time></pt><pt><x>9</x><y>11</y><time>undefined</time></pt><pt><x>375</x><y>11</y><time>undefined</time></pt><closed_date>15-12-21 18:18:51:133</closed_date></polygon></object><object><name>tooth</name><deleted>0</deleted><verified>0</verified><occluded>no</occluded><attributes>16</attributes><parts><hasparts /><ispartof /></parts><date>15-12-21 18:19:03:183</date><id>1</id><type>bounding_box</type><polygon><username>anonymous</username><pt><x>379</x><y>495</y><time>15-12-21 18:18:57:845</time></pt><pt><x>839</x><y>495</y><time>15-12-21 18:19:00:740</time></pt><pt><x>839</x><y>26</y><time>undefined</time></pt><pt><x>379</x><y>26</y><time>undefined</time></pt><closed_date>15-12-21 18:19:00:740</closed_date></polygon></object><object><name>tooth</name><deleted>0</deleted><verified>0</verified><occluded>no</occluded><attributes>15</attributes><parts><hasparts /><ispartof /></parts><date>15-12-21 18:19:10:504</date><id>2</id><type>bounding_box</type><polygon><username>anonymous</username><pt><x>848</x><y>495</y><time>15-12-21 18:19:05:941</time></pt><pt><x>1155</x><y>495</y><time>15-12-21 18:19:08:428</time></pt><pt><x>1155</x><y>13</y><time>undefined</time></pt><pt><x>848</x><y>13</y><time>undefined</time></pt><closed_date>15-12-21 18:19:08:428</closed_date></polygon></object><object><name>tooth</name><deleted>0</deleted><verified>0</verified><occluded>no</occluded><attributes>14</attributes><parts><hasparts /><ispartof /></parts><date>15-12-21 18:19:17:567</date><id>3</id><type>bounding_box</type><polygon><username>anonymous</username><pt><x>1162</x><y>469</y><time>15-12-21 18:19:12:733</time></pt><pt><x>1440</x><y>469</y><time>15-12-21 18:19:16:013</time></pt><pt><x>1440</x><y>11</y><time>undefined</time></pt><pt><x>1162</x><y>11</y><time>undefined</time></pt><closed_date>15-12-21 18:19:16:013</closed_date></polygon></object><object><name>tooth</name><deleted>0</deleted><verified>0</verified><occluded>no</occluded><attributes>13</attributes><parts><hasparts /><ispartof /></parts><date>15-12-21 18:19:22:279</date><id>4</id><type>bounding_box</type><polygon><username>anonymous</username><pt><x>1598</x><y>427</y><time>15-12-21 18:19:18:278</time></pt><pt><x>1444</x><y>427</y><time>15-12-21 18:19:20:395</time></pt><pt><x>1444</x><y>31</y><time>undefined</time></pt><pt><x>1598</x><y>31</y><time>undefined</time></pt><closed_date>15-12-21 18:19:20:396</closed_date></polygon></object><object><name>tooth</name><deleted>0</deleted><verified>0</verified><occluded>no</occluded><attributes>43</attributes><parts><hasparts /><ispartof /></parts><date>15-12-21 18:19:26:191</date><id>5</id><type>bounding_box</type><polygon><username>anonymous</username><pt><x>1595</x><y>535</y><time>15-12-21 18:19:23:159</time></pt><pt><x>1376</x><y>535</y><time>15-12-21 18:19:24:309</time></pt><pt><x>1376</x><y>1232</y><time>undefined</time></pt><pt><x>1595</x><y>1232</y><time>undefined</time></pt><closed_date>15-12-21 18:19:24:309</closed_date></polygon></object><object><name>tooth</name><deleted>0</deleted><verified>0</verified><occluded>no</occluded><attributes>45</attributes><parts><hasparts /><ispartof /></parts><date>15-12-21 18:19:36:326</date><id>6</id><type>bounding_box</type><polygon><username>anonymous</username><pt><x>1194</x><y>554</y><time>15-12-21 18:19:27:828</time></pt><pt><x>842</x><y>554</y><time>15-12-21 18:19:33:901</time></pt><pt><x>842</x><y>1229</y><time>undefined</time></pt><pt><x>1194</x><y>1229</y><time>undefined</time></pt><closed_date>15-12-21 18:19:33:902</closed_date></polygon></object><object><name>tooth</name><deleted>0</deleted><verified>0</verified><occluded>no</occluded><attributes>44</attributes><parts><hasparts /><ispartof /></parts><date>15-12-21 18:20:05:439</date><id>7</id><type>bounding_box</type><polygon><username>anonymous</username><pt><x>1488</x><y>548</y><time>15-12-21 18:19:53:014</time></pt><pt><x>1142</x><y>548</y><time>15-12-21 18:19:55:541</time></pt><pt><x>1142</x><y>1234</y><time>undefined</time></pt><pt><x>1488</x><y>1234</y><time>undefined</time></pt><closed_date>15-12-21 18:19:55:541</closed_date></polygon></object><object><name>tooth</name><deleted>1</deleted><verified>0</verified><occluded>no</occluded><attributes>47</attributes><parts><hasparts /><ispartof /></parts><date>15-12-21 18:20:48:577</date><id>8</id><type>bounding_box</type><polygon><username>anonymous</username><pt><x>2</x><y>1168</y><time>15-12-21 18:20:40:463</time></pt><pt><x>401</x><y>1168</y><time>15-12-21 18:20:43:613</time></pt><pt><x>401</x><y>445</y><time>undefined</time></pt><pt><x>2</x><y>445</y><time>undefined</time></pt><closed_date>15-12-21 18:20:43:614</closed_date></polygon></object><object><name>tooth</name><deleted>0</deleted><verified>0</verified><occluded>no</occluded><attributes>46</attributes><parts><hasparts>10</hasparts><ispartof /></parts><date>15-12-21 18:20:56:703</date><id>9</id><type>bounding_box</type><polygon><username>anonymous</username><pt><x>265</x><y>1214</y><time>15-12-21 18:20:50:687</time></pt><pt><x>879</x><y>1214</y><time>15-12-21 18:20:52:789</time></pt><pt><x>879</x><y>515</y><time>undefined</time></pt><pt><x>265</x><y>515</y><time>undefined</time></pt><closed_date>15-12-21 18:20:52:789</closed_date></polygon></object><object><name>restoration</name><deleted>0</deleted><verified>0</verified><occluded>no</occluded><attributes /><parts><hasparts /><ispartof>9</ispartof></parts><date>15-12-21 18:27:58:406</date><id>10</id><polygon><username>anonymous</username><pt><x>476</x><y>631</y><time>15-12-21 18:27:48:443</time></pt><pt><x>497</x><y>664</y><time>15-12-21 18:27:48:825</time></pt><pt><x>524</x><y>682</y><time>15-12-21 18:27:49:122</time></pt><pt><x>544</x><y>697</y><time>15-12-21 18:27:49:426</time></pt><pt><x>563</x><y>697</y><time>15-12-21 18:27:49:652</time></pt><pt><x>572</x><y>699</y><time>15-12-21 18:27:49:881</time></pt><pt><x>583</x><y>710</y><time>15-12-21 18:27:50:113</time></pt><pt><x>596</x><y>730</y><time>15-12-21 18:27:50:299</time></pt><pt><x>618</x><y>747</y><time>15-12-21 18:27:50:497</time></pt><pt><x>644</x><y>756</y><time>15-12-21 18:27:50:684</time></pt><pt><x>686</x><y>765</y><time>15-12-21 18:27:50:885</time></pt><pt><x>712</x><y>767</y><time>15-12-21 18:27:51:091</time></pt><pt><x>717</x><y>767</y><time>15-12-21 18:27:51:289</time></pt><pt><x>745</x><y>730</y><time>15-12-21 18:27:51:536</time></pt><pt><x>745</x><y>699</y><time>15-12-21 18:27:51:810</time></pt><pt><x>745</x><y>671</y><time>15-12-21 18:27:52:049</time></pt><pt><x>752</x><y>636</y><time>15-12-21 18:27:52:318</time></pt><pt><x>756</x><y>625</y><time>15-12-21 18:27:52:553</time></pt><pt><x>725</x><y>616</y><time>15-12-21 18:27:52:841</time></pt><pt><x>701</x><y>616</y><time>15-12-21 18:27:53:065</time></pt><pt><x>686</x><y>616</y><time>15-12-21 18:27:53:313</time></pt><pt><x>682</x><y>596</y><time>15-12-21 18:27:53:537</time></pt><pt><x>655</x><y>590</y><time>15-12-21 18:27:53:761</time></pt><pt><x>629</x><y>592</y><time>15-12-21 18:27:53:969</time></pt><pt><x>629</x><y>600</y><time>15-12-21 18:27:54:129</time></pt><pt><x>598</x><y>579</y><time>15-12-21 18:27:54:401</time></pt><pt><x>565</x><y>568</y><time>15-12-21 18:27:54:617</time></pt><pt><x>524</x><y>568</y><time>15-12-21 18:27:54:840</time></pt><pt><x>491</x><y>574</y><time>15-12-21 18:27:55:041</time></pt><pt><x>484</x><y>611</y><time>15-12-21 18:27:55:242</time></pt><closed_date>15-12-21 18:27:55:427</closed_date></polygon></object><imagesize><nrows /><ncols /></imagesize><object><name>tooth</name><deleted>1</deleted><verified>0</verified><occluded>no</occluded><attributes /><parts><hasparts /><ispartof /></parts><date>30-03-22 20:23:36:213</date><id>11</id><type>bounding_box</type><polygon><username>admin</username><pt><x>77</x><y>606</y><time>30-03-22 20:23:21:585</time></pt><pt><x>207</x><y>606</y><time>30-03-22 20:23:23:074</time></pt><pt><x>207</x><y>952</y><time>undefined</time></pt><pt><x>77</x><y>952</y><time>undefined</time></pt><closed_date>30-03-22 20:23:23:074</closed_date></polygon></object></annotation>