<annotation><filename>imagem-041.jpg</filename><folder>segmentation_xray</folder><source><sourceImage>The MIT-CSAIL database of objects and scenes</sourceImage><sourceAnnotation>LabelMe Webtool</sourceAnnotation></source><object><name>tooth</name><deleted>0</deleted><verified>0</verified><occluded>no</occluded><attributes>17</attributes><parts><hasparts>9</hasparts><ispartof /></parts><date>14-01-22 14:28:44:598</date><id>0</id><type>bounding_box</type><polygon><username>anonymous</username><pt><x>107</x><y>392</y><time>14-01-22 14:28:35:770</time></pt><pt><x>441</x><y>392</y><time>14-01-22 14:28:39:488</time></pt><pt><x>441</x><y>10</y><time>undefined</time></pt><pt><x>107</x><y>10</y><time>undefined</time></pt><closed_date>14-01-22 14:28:39:489</closed_date></polygon></object><object><name>tooth</name><deleted>0</deleted><verified>0</verified><occluded>no</occluded><attributes>16</attributes><parts><hasparts>10</hasparts><ispartof /></parts><date>14-01-22 14:28:56:916</date><id>1</id><type>bounding_box</type><polygon><username>anonymous</username><pt><x>775</x><y>437</y><time>14-01-22 14:28:50:865</time></pt><pt><x>437</x><y>437</y><time>14-01-22 14:28:53:049</time></pt><pt><x>437</x><y>2</y><time>undefined</time></pt><pt><x>775</x><y>2</y><time>undefined</time></pt><closed_date>14-01-22 14:28:53:049</closed_date></polygon></object><object><name>tooth</name><deleted>0</deleted><verified>0</verified><occluded>no</occluded><attributes>15</attributes><parts><hasparts>11,12</hasparts><ispartof /></parts><date>14-01-22 14:29:03:400</date><id>2</id><type>bounding_box</type><polygon><username>anonymous</username><pt><x>980</x><y>452</y><time>14-01-22 14:28:58:442</time></pt><pt><x>778</x><y>452</y><time>14-01-22 14:28:59:984</time></pt><pt><x>778</x><y>5</y><time>undefined</time></pt><pt><x>980</x><y>5</y><time>undefined</time></pt><closed_date>14-01-22 14:28:59:985</closed_date></polygon></object><object><name>tooth</name><deleted>0</deleted><verified>0</verified><occluded>no</occluded><attributes>14</attributes><parts><hasparts>13</hasparts><ispartof /></parts><date>14-01-22 14:29:11:373</date><id>3</id><type>bounding_box</type><polygon><username>anonymous</username><pt><x>1185</x><y>451</y><time>14-01-22 14:29:04:891</time></pt><pt><x>972</x><y>451</y><time>14-01-22 14:29:08:441</time></pt><pt><x>972</x><y>0</y><time>undefined</time></pt><pt><x>1185</x><y>0</y><time>undefined</time></pt><closed_date>14-01-22 14:29:08:441</closed_date></polygon></object><object><name>tooth</name><deleted>0</deleted><verified>0</verified><occluded>no</occluded><attributes>13</attributes><parts><hasparts /><ispartof /></parts><date>14-01-22 14:29:16:861</date><id>4</id><type>bounding_box</type><polygon><username>anonymous</username><pt><x>1219</x><y>439</y><time>14-01-22 14:29:12:571</time></pt><pt><x>1147</x><y>439</y><time>14-01-22 14:29:13:681</time></pt><pt><x>1147</x><y>50</y><time>undefined</time></pt><pt><x>1219</x><y>50</y><time>undefined</time></pt><closed_date>14-01-22 14:29:13:681</closed_date></polygon></object><object><name>tooth</name><deleted>0</deleted><verified>0</verified><occluded>no</occluded><attributes>44</attributes><parts><hasparts /><ispartof /></parts><date>14-01-22 14:29:26:148</date><id>5</id><type>bounding_box</type><polygon><username>anonymous</username><pt><x>1210</x><y>509</y><time>14-01-22 14:29:18:538</time></pt><pt><x>1010</x><y>509</y><time>14-01-22 14:29:21:872</time></pt><pt><x>1010</x><y>945</y><time>undefined</time></pt><pt><x>1210</x><y>945</y><time>undefined</time></pt><closed_date>14-01-22 14:29:21:873</closed_date></polygon></object><object><name>tooth</name><deleted>0</deleted><verified>0</verified><occluded>no</occluded><attributes>46</attributes><parts><hasparts>16</hasparts><ispartof /></parts><date>14-01-22 14:29:38:415</date><id>6</id><type>bounding_box</type><polygon><username>anonymous</username><pt><x>825</x><y>509</y><time>14-01-22 14:29:29:898</time></pt><pt><x>359</x><y>509</y><time>14-01-22 14:29:33:538</time></pt><pt><x>359</x><y>945</y><time>undefined</time></pt><pt><x>825</x><y>945</y><time>undefined</time></pt><closed_date>14-01-22 14:29:33:538</closed_date></polygon></object><object><name>tooth</name><deleted>0</deleted><verified>0</verified><occluded>no</occluded><attributes>45</attributes><parts><hasparts>14,15</hasparts><ispartof /></parts><date>14-01-22 14:29:50:149</date><id>7</id><type>bounding_box</type><polygon><username>anonymous</username><pt><x>785</x><y>938</y><time>14-01-22 14:29:44:002</time></pt><pt><x>1038</x><y>938</y><time>14-01-22 14:29:45:898</time></pt><pt><x>1038</x><y>526</y><time>undefined</time></pt><pt><x>785</x><y>526</y><time>undefined</time></pt><closed_date>14-01-22 14:29:45:898</closed_date></polygon></object><object><name>tooth</name><deleted>0</deleted><verified>0</verified><occluded>no</occluded><attributes>47</attributes><parts><hasparts>17</hasparts><ispartof /></parts><date>14-01-22 14:30:06:172</date><id>8</id><type>bounding_box</type><polygon><username>anonymous</username><pt><x>57</x><y>948</y><time>14-01-22 14:29:53:273</time></pt><pt><x>481</x><y>948</y><time>14-01-22 14:29:56:362</time></pt><pt><x>481</x><y>409</y><time>undefined</time></pt><pt><x>57</x><y>409</y><time>undefined</time></pt><closed_date>14-01-22 14:29:56:362</closed_date></polygon></object><object><name>restoration</name><deleted>0</deleted><verified>0</verified><occluded>no</occluded><attributes /><parts><hasparts /><ispartof>0</ispartof></parts><date>14-01-22 14:30:48:181</date><id>9</id><polygon><username>anonymous</username><pt><x>174</x><y>269</y><time>14-01-22 14:30:25:962</time></pt><pt><x>162</x><y>291</y><time>14-01-22 14:30:26:857</time></pt><pt><x>172</x><y>299</y><time>14-01-22 14:30:27:376</time></pt><pt><x>177</x><y>314</y><time>14-01-22 14:30:28:224</time></pt><pt><x>185</x><y>354</y><time>14-01-22 14:30:28:938</time></pt><pt><x>222</x><y>364</y><time>14-01-22 14:30:29:737</time></pt><pt><x>247</x><y>364</y><time>14-01-22 14:30:30:113</time></pt><pt><x>277</x><y>371</y><time>14-01-22 14:30:30:417</time></pt><pt><x>296</x><y>377</y><time>14-01-22 14:30:30:761</time></pt><pt><x>324</x><y>361</y><time>14-01-22 14:30:35:729</time></pt><pt><x>356</x><y>354</y><time>14-01-22 14:30:36:497</time></pt><pt><x>379</x><y>341</y><time>14-01-22 14:30:36:993</time></pt><pt><x>402</x><y>334</y><time>14-01-22 14:30:37:376</time></pt><pt><x>422</x><y>331</y><time>14-01-22 14:30:37:617</time></pt><pt><x>434</x><y>322</y><time>14-01-22 14:30:37:969</time></pt><pt><x>442</x><y>287</y><time>14-01-22 14:30:38:329</time></pt><pt><x>447</x><y>240</y><time>14-01-22 14:30:38:761</time></pt><pt><x>436</x><y>210</y><time>14-01-22 14:30:39:169</time></pt><pt><x>416</x><y>202</y><time>14-01-22 14:30:39:609</time></pt><pt><x>389</x><y>192</y><time>14-01-22 14:30:40:033</time></pt><pt><x>369</x><y>192</y><time>14-01-22 14:30:40:505</time></pt><pt><x>352</x><y>202</y><time>14-01-22 14:30:40:865</time></pt><pt><x>352</x><y>229</y><time>14-01-22 14:30:41:289</time></pt><pt><x>339</x><y>252</y><time>14-01-22 14:30:41:587</time></pt><pt><x>329</x><y>260</y><time>14-01-22 14:30:41:897</time></pt><pt><x>311</x><y>269</y><time>14-01-22 14:30:42:177</time></pt><pt><x>292</x><y>270</y><time>14-01-22 14:30:42:481</time></pt><pt><x>267</x><y>269</y><time>14-01-22 14:30:42:808</time></pt><pt><x>215</x><y>267</y><time>14-01-22 14:30:43:129</time></pt><pt><x>182</x><y>259</y><time>14-01-22 14:30:43:442</time></pt><closed_date>14-01-22 14:30:43:793</closed_date></polygon></object><object><name>restoration</name><deleted>0</deleted><verified>0</verified><occluded>no</occluded><attributes /><parts><hasparts /><ispartof>1</ispartof></parts><date>14-01-22 14:31:06:349</date><id>10</id><polygon><username>anonymous</username><pt><x>462</x><y>225</y><time>14-01-22 14:30:49:251</time></pt><pt><x>479</x><y>207</y><time>14-01-22 14:30:49:705</time></pt><pt><x>493</x><y>225</y><time>14-01-22 14:30:50:201</time></pt><pt><x>506</x><y>240</y><time>14-01-22 14:30:50:505</time></pt><pt><x>509</x><y>264</y><time>14-01-22 14:30:50:793</time></pt><pt><x>524</x><y>280</y><time>14-01-22 14:30:51:305</time></pt><pt><x>536</x><y>286</y><time>14-01-22 14:30:51:649</time></pt><pt><x>548</x><y>306</y><time>14-01-22 14:30:52:051</time></pt><pt><x>554</x><y>316</y><time>14-01-22 14:30:52:409</time></pt><pt><x>573</x><y>327</y><time>14-01-22 14:30:52:881</time></pt><pt><x>608</x><y>314</y><time>14-01-22 14:30:53:393</time></pt><pt><x>616</x><y>321</y><time>14-01-22 14:30:53:713</time></pt><pt><x>629</x><y>329</y><time>14-01-22 14:30:53:945</time></pt><pt><x>641</x><y>334</y><time>14-01-22 14:30:54:185</time></pt><pt><x>659</x><y>337</y><time>14-01-22 14:30:54:434</time></pt><pt><x>695</x><y>341</y><time>14-01-22 14:30:54:658</time></pt><pt><x>718</x><y>341</y><time>14-01-22 14:30:55:025</time></pt><pt><x>741</x><y>306</y><time>14-01-22 14:30:55:481</time></pt><pt><x>771</x><y>306</y><time>14-01-22 14:30:56:577</time></pt><pt><x>783</x><y>369</y><time>14-01-22 14:30:57:401</time></pt><pt><x>773</x><y>396</y><time>14-01-22 14:30:57:817</time></pt><pt><x>751</x><y>406</y><time>14-01-22 14:30:58:129</time></pt><pt><x>720</x><y>409</y><time>14-01-22 14:30:58:833</time></pt><pt><x>671</x><y>404</y><time>14-01-22 14:30:59:193</time></pt><pt><x>616</x><y>407</y><time>14-01-22 14:30:59:553</time></pt><pt><x>591</x><y>412</y><time>14-01-22 14:30:59:881</time></pt><pt><x>568</x><y>416</y><time>14-01-22 14:31:00:321</time></pt><pt><x>548</x><y>417</y><time>14-01-22 14:31:01:633</time></pt><pt><x>529</x><y>411</y><time>14-01-22 14:31:01:937</time></pt><pt><x>501</x><y>404</y><time>14-01-22 14:31:02:248</time></pt><pt><x>483</x><y>397</y><time>14-01-22 14:31:02:488</time></pt><pt><x>444</x><y>377</y><time>14-01-22 14:31:02:880</time></pt><pt><x>422</x><y>351</y><time>14-01-22 14:31:03:272</time></pt><pt><x>432</x><y>326</y><time>14-01-22 14:31:03:585</time></pt><pt><x>436</x><y>304</y><time>14-01-22 14:31:03:864</time></pt><pt><x>442</x><y>252</y><time>14-01-22 14:31:04:161</time></pt><closed_date>14-01-22 14:31:04:426</closed_date></polygon></object><object><name>restoration</name><deleted>0</deleted><verified>0</verified><occluded>no</occluded><attributes /><parts><hasparts /><ispartof>2</ispartof></parts><date>14-01-22 14:34:56:797</date><id>11</id><polygon><username>anonymous</username><pt><x>788</x><y>257</y><time>14-01-22 14:34:42:975</time></pt><pt><x>805</x><y>232</y><time>14-01-22 14:34:43:466</time></pt><pt><x>826</x><y>227</y><time>14-01-22 14:34:43:786</time></pt><pt><x>846</x><y>230</y><time>14-01-22 14:34:44:092</time></pt><pt><x>870</x><y>240</y><time>14-01-22 14:34:44:611</time></pt><pt><x>882</x><y>254</y><time>14-01-22 14:34:44:955</time></pt><pt><x>895</x><y>294</y><time>14-01-22 14:34:45:907</time></pt><pt><x>912</x><y>361</y><time>14-01-22 14:34:46:684</time></pt><pt><x>922</x><y>376</y><time>14-01-22 14:34:47:068</time></pt><pt><x>930</x><y>371</y><time>14-01-22 14:34:47:389</time></pt><pt><x>940</x><y>364</y><time>14-01-22 14:34:48:043</time></pt><pt><x>943</x><y>337</y><time>14-01-22 14:34:48:363</time></pt><pt><x>943</x><y>311</y><time>14-01-22 14:34:48:635</time></pt><pt><x>943</x><y>286</y><time>14-01-22 14:34:48:899</time></pt><pt><x>943</x><y>284</y><time>14-01-22 14:34:49:291</time></pt><pt><x>955</x><y>301</y><time>14-01-22 14:34:49:627</time></pt><pt><x>962</x><y>319</y><time>14-01-22 14:34:49:988</time></pt><pt><x>968</x><y>371</y><time>14-01-22 14:34:50:563</time></pt><pt><x>960</x><y>402</y><time>14-01-22 14:34:51:195</time></pt><pt><x>938</x><y>414</y><time>14-01-22 14:34:51:603</time></pt><pt><x>890</x><y>419</y><time>14-01-22 14:34:52:074</time></pt><pt><x>838</x><y>412</y><time>14-01-22 14:34:52:475</time></pt><pt><x>815</x><y>402</y><time>14-01-22 14:34:52:811</time></pt><pt><x>785</x><y>391</y><time>14-01-22 14:34:53:323</time></pt><pt><x>773</x><y>369</y><time>14-01-22 14:34:53:827</time></pt><pt><x>781</x><y>321</y><time>14-01-22 14:34:54:179</time></pt><pt><x>783</x><y>275</y><time>14-01-22 14:34:54:531</time></pt><closed_date>14-01-22 14:34:54:731</closed_date></polygon></object><object><name>root canal treatment</name><deleted>0</deleted><verified>0</verified><occluded>no</occluded><attributes /><parts><hasparts /><ispartof>2</ispartof></parts><date>14-01-22 14:35:05:430</date><id>12</id><polygon><username>anonymous</username><pt><x>843</x><y>219</y><time>14-01-22 14:34:58:005</time></pt><pt><x>840</x><y>5</y><time>14-01-22 14:34:59:283</time></pt><pt><x>851</x><y>5</y><time>14-01-22 14:34:59:795</time></pt><pt><x>862</x><y>5</y><time>14-01-22 14:35:01:219</time></pt><pt><x>878</x><y>240</y><time>14-01-22 14:35:02:323</time></pt><pt><x>857</x><y>227</y><time>14-01-22 14:35:02:811</time></pt><closed_date>14-01-22 14:35:03:402</closed_date></polygon></object><object><name>restoration</name><deleted>0</deleted><verified>0</verified><occluded>no</occluded><attributes /><parts><hasparts /><ispartof>3</ispartof></parts><date>14-01-22 14:35:17:334</date><id>13</id><polygon><username>anonymous</username><pt><x>988</x><y>377</y><time>14-01-22 14:35:06:541</time></pt><pt><x>1003</x><y>356</y><time>14-01-22 14:35:06:898</time></pt><pt><x>1047</x><y>347</y><time>14-01-22 14:35:07:178</time></pt><pt><x>1057</x><y>347</y><time>14-01-22 14:35:07:410</time></pt><pt><x>1087</x><y>347</y><time>14-01-22 14:35:07:650</time></pt><pt><x>1110</x><y>352</y><time>14-01-22 14:35:07:874</time></pt><pt><x>1130</x><y>362</y><time>14-01-22 14:35:08:082</time></pt><pt><x>1157</x><y>372</y><time>14-01-22 14:35:08:378</time></pt><pt><x>1147</x><y>382</y><time>14-01-22 14:35:08:779</time></pt><pt><x>1137</x><y>392</y><time>14-01-22 14:35:09:020</time></pt><pt><x>1132</x><y>406</y><time>14-01-22 14:35:09:387</time></pt><pt><x>1109</x><y>424</y><time>14-01-22 14:35:12:867</time></pt><pt><x>1094</x><y>429</y><time>14-01-22 14:35:13:251</time></pt><pt><x>1072</x><y>431</y><time>14-01-22 14:35:13:524</time></pt><pt><x>1043</x><y>431</y><time>14-01-22 14:35:13:780</time></pt><pt><x>1023</x><y>431</y><time>14-01-22 14:35:14:035</time></pt><pt><x>1010</x><y>432</y><time>14-01-22 14:35:14:283</time></pt><pt><x>990</x><y>422</y><time>14-01-22 14:35:14:587</time></pt><pt><x>987</x><y>402</y><time>14-01-22 14:35:14:811</time></pt><closed_date>14-01-22 14:35:15:027</closed_date></polygon></object><object><name>crown</name><deleted>0</deleted><verified>0</verified><occluded>no</occluded><attributes /><parts><hasparts /><ispartof>7</ispartof></parts><date>14-01-22 14:35:31:247</date><id>14</id><polygon><username>anonymous</username><pt><x>838</x><y>616</y><time>14-01-22 14:35:18:965</time></pt><pt><x>858</x><y>589</y><time>14-01-22 14:35:19:379</time></pt><pt><x>882</x><y>549</y><time>14-01-22 14:35:19:859</time></pt><pt><x>900</x><y>533</y><time>14-01-22 14:35:20:235</time></pt><pt><x>943</x><y>526</y><time>14-01-22 14:35:20:555</time></pt><pt><x>975</x><y>533</y><time>14-01-22 14:35:20:979</time></pt><pt><x>992</x><y>541</y><time>14-01-22 14:35:21:276</time></pt><pt><x>1003</x><y>553</y><time>14-01-22 14:35:21:579</time></pt><pt><x>1013</x><y>573</y><time>14-01-22 14:35:21:915</time></pt><pt><x>1030</x><y>618</y><time>14-01-22 14:35:23:787</time></pt><pt><x>1028</x><y>641</y><time>14-01-22 14:35:24:259</time></pt><pt><x>1013</x><y>668</y><time>14-01-22 14:35:24:715</time></pt><pt><x>1005</x><y>686</y><time>14-01-22 14:35:25:203</time></pt><pt><x>977</x><y>706</y><time>14-01-22 14:35:25:643</time></pt><pt><x>948</x><y>711</y><time>14-01-22 14:35:26:267</time></pt><pt><x>915</x><y>711</y><time>14-01-22 14:35:26:884</time></pt><pt><x>880</x><y>711</y><time>14-01-22 14:35:27:260</time></pt><pt><x>853</x><y>703</y><time>14-01-22 14:35:27:636</time></pt><pt><x>833</x><y>676</y><time>14-01-22 14:35:28:035</time></pt><pt><x>833</x><y>658</y><time>14-01-22 14:35:28:395</time></pt><pt><x>828</x><y>633</y><time>14-01-22 14:35:28:700</time></pt><closed_date>14-01-22 14:35:28:916</closed_date></polygon></object><object><name>root canal treatment</name><deleted>0</deleted><verified>0</verified><occluded>no</occluded><attributes /><parts><hasparts /><ispartof>7</ispartof></parts><date>14-01-22 14:35:38:703</date><id>15</id><polygon><username>anonymous</username><pt><x>875</x><y>720</y><time>14-01-22 14:35:31:901</time></pt><pt><x>838</x><y>943</y><time>14-01-22 14:35:34:004</time></pt><pt><x>867</x><y>947</y><time>14-01-22 14:35:34:844</time></pt><pt><x>933</x><y>716</y><time>14-01-22 14:35:35:772</time></pt><pt><x>888</x><y>718</y><time>14-01-22 14:35:36:364</time></pt><closed_date>14-01-22 14:35:36:812</closed_date></polygon></object><object><name>restoration</name><deleted>0</deleted><verified>0</verified><occluded>no</occluded><attributes /><parts><hasparts /><ispartof>6</ispartof></parts><date>14-01-22 14:35:59:327</date><id>16</id><polygon><username>anonymous</username><pt><x>494</x><y>604</y><time>14-01-22 14:35:42:308</time></pt><pt><x>486</x><y>521</y><time>14-01-22 14:35:43:084</time></pt><pt><x>514</x><y>514</y><time>14-01-22 14:35:43:540</time></pt><pt><x>569</x><y>514</y><time>14-01-22 14:35:44:108</time></pt><pt><x>591</x><y>514</y><time>14-01-22 14:35:44:357</time></pt><pt><x>614</x><y>531</y><time>14-01-22 14:35:44:596</time></pt><pt><x>649</x><y>543</y><time>14-01-22 14:35:44:988</time></pt><pt><x>681</x><y>546</y><time>14-01-22 14:35:45:284</time></pt><pt><x>743</x><y>533</y><time>14-01-22 14:35:45:748</time></pt><pt><x>790</x><y>529</y><time>14-01-22 14:35:46:156</time></pt><pt><x>813</x><y>539</y><time>14-01-22 14:35:46:604</time></pt><pt><x>831</x><y>548</y><time>14-01-22 14:35:46:941</time></pt><pt><x>833</x><y>603</y><time>14-01-22 14:35:47:302</time></pt><pt><x>811</x><y>641</y><time>14-01-22 14:35:48:261</time></pt><pt><x>771</x><y>705</y><time>14-01-22 14:35:53:421</time></pt><pt><x>715</x><y>718</y><time>14-01-22 14:35:54:083</time></pt><pt><x>631</x><y>720</y><time>14-01-22 14:35:54:611</time></pt><pt><x>571</x><y>710</y><time>14-01-22 14:35:55:244</time></pt><pt><x>541</x><y>683</y><time>14-01-22 14:35:55:772</time></pt><pt><x>514</x><y>653</y><time>14-01-22 14:35:56:261</time></pt><closed_date>14-01-22 14:35:56:757</closed_date></polygon></object><object><name>restoration</name><deleted>0</deleted><verified>0</verified><occluded>no</occluded><attributes /><parts><hasparts /><ispartof>8</ispartof></parts><date>14-01-22 14:36:17:297</date><id>17</id><polygon><username>anonymous</username><pt><x>220</x><y>478</y><time>14-01-22 14:36:00:254</time></pt><pt><x>235</x><y>451</y><time>14-01-22 14:36:00:741</time></pt><pt><x>255</x><y>461</y><time>14-01-22 14:36:01:157</time></pt><pt><x>267</x><y>454</y><time>14-01-22 14:36:01:548</time></pt><pt><x>279</x><y>437</y><time>14-01-22 14:36:01:868</time></pt><pt><x>297</x><y>437</y><time>14-01-22 14:36:02:140</time></pt><pt><x>304</x><y>446</y><time>14-01-22 14:36:02:412</time></pt><pt><x>332</x><y>447</y><time>14-01-22 14:36:02:884</time></pt><pt><x>339</x><y>456</y><time>14-01-22 14:36:03:139</time></pt><pt><x>336</x><y>461</y><time>14-01-22 14:36:04:035</time></pt><pt><x>356</x><y>461</y><time>14-01-22 14:36:04:411</time></pt><pt><x>366</x><y>456</y><time>14-01-22 14:36:04:764</time></pt><pt><x>372</x><y>476</y><time>14-01-22 14:36:05:070</time></pt><pt><x>387</x><y>479</y><time>14-01-22 14:36:05:468</time></pt><pt><x>394</x><y>478</y><time>14-01-22 14:36:05:716</time></pt><pt><x>404</x><y>471</y><time>14-01-22 14:36:05:997</time></pt><pt><x>419</x><y>476</y><time>14-01-22 14:36:06:268</time></pt><pt><x>447</x><y>511</y><time>14-01-22 14:36:07:547</time></pt><pt><x>447</x><y>533</y><time>14-01-22 14:36:07:891</time></pt><pt><x>441</x><y>546</y><time>14-01-22 14:36:08:251</time></pt><pt><x>419</x><y>554</y><time>14-01-22 14:36:08:572</time></pt><pt><x>402</x><y>549</y><time>14-01-22 14:36:08:932</time></pt><pt><x>392</x><y>548</y><time>14-01-22 14:36:09:205</time></pt><pt><x>379</x><y>559</y><time>14-01-22 14:36:09:516</time></pt><pt><x>369</x><y>564</y><time>14-01-22 14:36:09:829</time></pt><pt><x>352</x><y>559</y><time>14-01-22 14:36:10:092</time></pt><pt><x>327</x><y>549</y><time>14-01-22 14:36:10:716</time></pt><pt><x>317</x><y>546</y><time>14-01-22 14:36:11:068</time></pt><pt><x>317</x><y>538</y><time>14-01-22 14:36:11:412</time></pt><pt><x>314</x><y>531</y><time>14-01-22 14:36:12:468</time></pt><pt><x>304</x><y>541</y><time>14-01-22 14:36:12:780</time></pt><pt><x>287</x><y>531</y><time>14-01-22 14:36:13:300</time></pt><pt><x>265</x><y>523</y><time>14-01-22 14:36:13:724</time></pt><pt><x>254</x><y>514</y><time>14-01-22 14:36:14:197</time></pt><pt><x>234</x><y>506</y><time>14-01-22 14:36:14:516</time></pt><pt><x>224</x><y>501</y><time>14-01-22 14:36:14:892</time></pt><closed_date>14-01-22 14:36:15:181</closed_date></polygon></object><imagesize><nrows /><ncols /></imagesize></annotation>