<annotation><filename>imagem-033.jpg</filename><folder>segmentation_xray</folder><source><sourceImage>The MIT-CSAIL database of objects and scenes</sourceImage><sourceAnnotation>LabelMe Webtool</sourceAnnotation></source><object><name>tooth</name><deleted>0</deleted><verified>0</verified><occluded>no</occluded><attributes>17</attributes><parts><hasparts /><ispartof /></parts><date>14-01-22 14:38:38:027</date><id>0</id><type>bounding_box</type><polygon><username>anonymous</username><pt><x>200</x><y>476</y><time>14-01-22 14:38:18:839</time></pt><pt><x>7</x><y>476</y><time>14-01-22 14:38:21:950</time></pt><pt><x>7</x><y>8</y><time>undefined</time></pt><pt><x>200</x><y>8</y><time>undefined</time></pt><closed_date>14-01-22 14:38:21:950</closed_date></polygon></object><object><name>tooth</name><deleted>0</deleted><verified>0</verified><occluded>no</occluded><attributes>16</attributes><parts><hasparts /><ispartof /></parts><date>14-01-22 14:38:49:059</date><id>1</id><type>bounding_box</type><polygon><username>anonymous</username><pt><x>207</x><y>459</y><time>14-01-22 14:38:41:726</time></pt><pt><x>526</x><y>459</y><time>14-01-22 14:38:45:349</time></pt><pt><x>526</x><y>0</y><time>undefined</time></pt><pt><x>207</x><y>0</y><time>undefined</time></pt><closed_date>14-01-22 14:38:45:350</closed_date></polygon></object><object><name>tooth</name><deleted>0</deleted><verified>0</verified><occluded>no</occluded><attributes>14</attributes><parts><hasparts /><ispartof /></parts><date>14-01-22 14:38:56:993</date><id>2</id><type>bounding_box</type><polygon><username>anonymous</username><pt><x>691</x><y>3</y><time>14-01-22 14:38:50:815</time></pt><pt><x>933</x><y>3</y><time>14-01-22 14:38:53:782</time></pt><pt><x>933</x><y>396</y><time>undefined</time></pt><pt><x>691</x><y>396</y><time>undefined</time></pt><closed_date>14-01-22 14:38:53:782</closed_date></polygon></object><object><name>tooth</name><deleted>0</deleted><verified>0</verified><occluded>no</occluded><attributes>15</attributes><parts><hasparts /><ispartof /></parts><date>14-01-22 14:39:03:279</date><id>3</id><type>bounding_box</type><polygon><username>anonymous</username><pt><x>519</x><y>10</y><time>14-01-22 14:38:58:615</time></pt><pt><x>730</x><y>10</y><time>14-01-22 14:39:00:494</time></pt><pt><x>730</x><y>402</y><time>undefined</time></pt><pt><x>519</x><y>402</y><time>undefined</time></pt><closed_date>14-01-22 14:39:00:494</closed_date></polygon></object><object><name>tooth</name><deleted>0</deleted><verified>0</verified><occluded>no</occluded><attributes>13</attributes><parts><hasparts /><ispartof /></parts><date>14-01-22 14:39:13:708</date><id>4</id><type>bounding_box</type><polygon><username>anonymous</username><pt><x>1169</x><y>351</y><time>14-01-22 14:39:06:678</time></pt><pt><x>851</x><y>351</y><time>14-01-22 14:39:08:849</time></pt><pt><x>851</x><y>7</y><time>undefined</time></pt><pt><x>1169</x><y>7</y><time>undefined</time></pt><closed_date>14-01-22 14:39:08:849</closed_date></polygon></object><object><name>tooth</name><deleted>0</deleted><verified>0</verified><occluded>no</occluded><attributes>12</attributes><parts><hasparts>12</hasparts><ispartof /></parts><date>14-01-22 14:39:18:851</date><id>5</id><type>bounding_box</type><polygon><username>anonymous</username><pt><x>1215</x><y>264</y><time>14-01-22 14:39:14:666</time></pt><pt><x>1015</x><y>264</y><time>14-01-22 14:39:15:761</time></pt><pt><x>1015</x><y>0</y><time>undefined</time></pt><pt><x>1215</x><y>0</y><time>undefined</time></pt><closed_date>14-01-22 14:39:15:761</closed_date></polygon></object><object><name>tooth</name><deleted>0</deleted><verified>0</verified><occluded>no</occluded><attributes>43</attributes><parts><hasparts /><ispartof /></parts><date>14-01-22 14:39:26:565</date><id>6</id><type>bounding_box</type><polygon><username>anonymous</username><pt><x>1214</x><y>462</y><time>14-01-22 14:39:19:579</time></pt><pt><x>977</x><y>462</y><time>14-01-22 14:39:20:985</time></pt><pt><x>977</x><y>942</y><time>undefined</time></pt><pt><x>1214</x><y>942</y><time>undefined</time></pt><closed_date>14-01-22 14:39:20:985</closed_date></polygon></object><object><name>tooth</name><deleted>0</deleted><verified>0</verified><occluded>no</occluded><attributes>44</attributes><parts><hasparts /><ispartof /></parts><date>14-01-22 14:39:44:645</date><id>7</id><type>bounding_box</type><polygon><username>anonymous</username><pt><x>820</x><y>459</y><time>14-01-22 14:39:38:740</time></pt><pt><x>1030</x><y>459</y><time>14-01-22 14:39:41:353</time></pt><pt><x>1030</x><y>945</y><time>undefined</time></pt><pt><x>820</x><y>945</y><time>undefined</time></pt><closed_date>14-01-22 14:39:41:353</closed_date></polygon></object><object><name>tooth</name><deleted>0</deleted><verified>0</verified><occluded>no</occluded><attributes>45</attributes><parts><hasparts /><ispartof /></parts><date>14-01-22 14:39:51:708</date><id>8</id><type>bounding_box</type><polygon><username>anonymous</username><pt><x>593</x><y>486</y><time>14-01-22 14:39:46:530</time></pt><pt><x>813</x><y>486</y><time>14-01-22 14:39:48:785</time></pt><pt><x>813</x><y>947</y><time>undefined</time></pt><pt><x>593</x><y>947</y><time>undefined</time></pt><closed_date>14-01-22 14:39:48:785</closed_date></polygon></object><object><name>tooth</name><deleted>0</deleted><verified>0</verified><occluded>no</occluded><attributes>46</attributes><parts><hasparts>11</hasparts><ispartof /></parts><date>14-01-22 14:40:00:965</date><id>9</id><type>bounding_box</type><polygon><username>anonymous</username><pt><x>584</x><y>514</y><time>14-01-22 14:39:53:915</time></pt><pt><x>240</x><y>514</y><time>14-01-22 14:39:57:905</time></pt><pt><x>240</x><y>948</y><time>undefined</time></pt><pt><x>584</x><y>948</y><time>undefined</time></pt><closed_date>14-01-22 14:39:57:905</closed_date></polygon></object><object><name>tooth</name><deleted>0</deleted><verified>0</verified><occluded>no</occluded><attributes>47</attributes><parts><hasparts /><ispartof /></parts><date>14-01-22 14:40:08:912</date><id>10</id><type>bounding_box</type><polygon><username>anonymous</username><pt><x>5</x><y>506</y><time>14-01-22 14:40:02:057</time></pt><pt><x>239</x><y>506</y><time>14-01-22 14:40:05:193</time></pt><pt><x>239</x><y>947</y><time>undefined</time></pt><pt><x>5</x><y>947</y><time>undefined</time></pt><closed_date>14-01-22 14:40:05:194</closed_date></polygon></object><object><name>restoration</name><deleted>0</deleted><verified>0</verified><occluded>no</occluded><attributes /><parts><hasparts /><ispartof>9</ispartof></parts><date>14-01-22 14:40:24:401</date><id>11</id><polygon><username>anonymous</username><pt><x>309</x><y>579</y><time>14-01-22 14:40:14:896</time></pt><pt><x>326</x><y>616</y><time>14-01-22 14:40:15:663</time></pt><pt><x>344</x><y>623</y><time>14-01-22 14:40:16:118</time></pt><pt><x>361</x><y>623</y><time>14-01-22 14:40:16:430</time></pt><pt><x>376</x><y>611</y><time>14-01-22 14:40:19:046</time></pt><pt><x>379</x><y>591</y><time>14-01-22 14:40:19:430</time></pt><pt><x>384</x><y>584</y><time>14-01-22 14:40:19:726</time></pt><pt><x>381</x><y>573</y><time>14-01-22 14:40:20:710</time></pt><pt><x>322</x><y>574</y><time>14-01-22 14:40:21:254</time></pt><closed_date>14-01-22 14:40:22:198</closed_date></polygon></object><object><name>restoration</name><deleted>0</deleted><verified>0</verified><occluded>no</occluded><attributes /><parts><hasparts /><ispartof>5</ispartof></parts><date>14-01-22 14:40:37:498</date><id>12</id><polygon><username>anonymous</username><pt><x>1124</x><y>220</y><time>14-01-22 14:40:30:872</time></pt><pt><x>1160</x><y>229</y><time>14-01-22 14:40:31:686</time></pt><pt><x>1180</x><y>225</y><time>14-01-22 14:40:32:102</time></pt><pt><x>1194</x><y>214</y><time>14-01-22 14:40:32:486</time></pt><pt><x>1202</x><y>210</y><time>14-01-22 14:40:32:950</time></pt><pt><x>1207</x><y>210</y><time>14-01-22 14:40:33:310</time></pt><pt><x>1214</x><y>210</y><time>14-01-22 14:40:33:782</time></pt><pt><x>1215</x><y>262</y><time>14-01-22 14:40:34:454</time></pt><closed_date>14-01-22 14:40:35:238</closed_date></polygon></object><imagesize><nrows /><ncols /></imagesize></annotation>