<annotation><filename>imagem-140.jpg</filename><folder>segmentation_xray</folder><source><sourceImage>The MIT-CSAIL database of objects and scenes</sourceImage><sourceAnnotation>LabelMe Webtool</sourceAnnotation></source><object><name>tooth</name><deleted>0</deleted><verified>0</verified><occluded>no</occluded><attributes>27</attributes><parts><hasparts /><ispartof /></parts><date>13-12-21 20:30:28:117</date><id>0</id><type>bounding_box</type><polygon><username>anonymous</username><pt><x>1604</x><y>377</y><time>13-12-21 20:30:17:622</time></pt><pt><x>1260</x><y>377</y><time>13-12-21 20:30:21:557</time></pt><pt><x>1260</x><y>9</y><time>undefined</time></pt><pt><x>1604</x><y>9</y><time>undefined</time></pt><closed_date>13-12-21 20:30:21:557</closed_date></polygon></object><object><name>tooth</name><deleted>0</deleted><verified>0</verified><occluded>no</occluded><attributes>26</attributes><parts><hasparts>9</hasparts><ispartof /></parts><date>13-12-21 20:30:38:346</date><id>1</id><type>bounding_box</type><polygon><username>anonymous</username><pt><x>1273</x><y>419</y><time>13-12-21 20:30:30:375</time></pt><pt><x>818</x><y>419</y><time>13-12-21 20:30:33:732</time></pt><pt><x>818</x><y>22</y><time>undefined</time></pt><pt><x>1273</x><y>22</y><time>undefined</time></pt><closed_date>13-12-21 20:30:33:733</closed_date></polygon></object><object><name>tooth</name><deleted>0</deleted><verified>0</verified><occluded>no</occluded><attributes>25</attributes><parts><hasparts /><ispartof /></parts><date>13-12-21 20:30:49:858</date><id>2</id><type>bounding_box</type><polygon><username>anonymous</username><pt><x>517</x><y>437</y><time>13-12-21 20:30:41:256</time></pt><pt><x>839</x><y>437</y><time>13-12-21 20:30:43:614</time></pt><pt><x>839</x><y>25</y><time>undefined</time></pt><pt><x>517</x><y>25</y><time>undefined</time></pt><closed_date>13-12-21 20:30:43:615</closed_date></polygon></object><object><name>tooth</name><deleted>0</deleted><verified>0</verified><occluded>no</occluded><attributes>24</attributes><parts><hasparts /><ispartof /></parts><date>13-12-21 20:30:59:762</date><id>3</id><type>bounding_box</type><polygon><username>anonymous</username><pt><x>176</x><y>446</y><time>13-12-21 20:30:52:239</time></pt><pt><x>526</x><y>446</y><time>13-12-21 20:30:55:478</time></pt><pt><x>526</x><y>42</y><time>undefined</time></pt><pt><x>176</x><y>42</y><time>undefined</time></pt><closed_date>13-12-21 20:30:55:478</closed_date></polygon></object><object><name>tooth</name><deleted>0</deleted><verified>0</verified><occluded>no</occluded><attributes>23</attributes><parts><hasparts /><ispartof /></parts><date>13-12-21 20:31:09:043</date><id>4</id><type>bounding_box</type><polygon><username>anonymous</username><pt><x>9</x><y>393</y><time>13-12-21 20:31:01:193</time></pt><pt><x>203</x><y>393</y><time>13-12-21 20:31:03:303</time></pt><pt><x>203</x><y>20</y><time>undefined</time></pt><pt><x>9</x><y>20</y><time>undefined</time></pt><closed_date>13-12-21 20:31:03:303</closed_date></polygon></object><object><name>tooth</name><deleted>0</deleted><verified>0</verified><occluded>no</occluded><attributes>37</attributes><parts><hasparts>10</hasparts><ispartof /></parts><date>13-12-21 20:31:21:619</date><id>5</id><type>bounding_box</type><polygon><username>anonymous</username><pt><x>1612</x><y>401</y><time>13-12-21 20:31:10:696</time></pt><pt><x>1157</x><y>401</y><time>13-12-21 20:31:15:439</time></pt><pt><x>1157</x><y>1142</y><time>undefined</time></pt><pt><x>1612</x><y>1142</y><time>undefined</time></pt><closed_date>13-12-21 20:31:15:439</closed_date></polygon></object><object><name>tooth</name><deleted>0</deleted><verified>0</verified><occluded>no</occluded><attributes>36</attributes><parts><hasparts>11</hasparts><ispartof /></parts><date>13-12-21 20:31:32:683</date><id>6</id><type>bounding_box</type><polygon><username>anonymous</username><pt><x>660</x><y>475</y><time>13-12-21 20:31:24:374</time></pt><pt><x>1298</x><y>475</y><time>13-12-21 20:31:26:927</time></pt><pt><x>1298</x><y>1240</y><time>undefined</time></pt><pt><x>660</x><y>1240</y><time>undefined</time></pt><closed_date>13-12-21 20:31:26:927</closed_date></polygon></object><object><name>tooth</name><deleted>0</deleted><verified>0</verified><occluded>no</occluded><attributes>35</attributes><parts><hasparts>12</hasparts><ispartof /></parts><date>13-12-21 20:31:42:779</date><id>7</id><type>bounding_box</type><polygon><username>anonymous</username><pt><x>341</x><y>500</y><time>13-12-21 20:31:34:729</time></pt><pt><x>685</x><y>500</y><time>13-12-21 20:31:36:639</time></pt><pt><x>685</x><y>1249</y><time>undefined</time></pt><pt><x>341</x><y>1249</y><time>undefined</time></pt><closed_date>13-12-21 20:31:36:640</closed_date></polygon></object><object><name>tooth</name><deleted>0</deleted><verified>0</verified><occluded>no</occluded><attributes>34</attributes><parts><hasparts /><ispartof /></parts><date>13-12-21 20:31:53:676</date><id>8</id><type>bounding_box</type><polygon><username>anonymous</username><pt><x>42</x><y>457</y><time>13-12-21 20:31:44:657</time></pt><pt><x>355</x><y>457</y><time>13-12-21 20:31:48:344</time></pt><pt><x>355</x><y>1251</y><time>undefined</time></pt><pt><x>42</x><y>1251</y><time>undefined</time></pt><closed_date>13-12-21 20:31:48:344</closed_date></polygon></object><object><name>restoration</name><deleted>0</deleted><verified>0</verified><occluded>no</occluded><attributes /><parts><hasparts /><ispartof>1</ispartof></parts><date>13-12-21 20:32:07:386</date><id>9</id><polygon><username>anonymous</username><pt><x>934</x><y>241</y><time>13-12-21 20:31:59:210</time></pt><pt><x>930</x><y>210</y><time>13-12-21 20:31:59:792</time></pt><pt><x>905</x><y>194</y><time>13-12-21 20:32:00:248</time></pt><pt><x>892</x><y>194</y><time>13-12-21 20:32:00:631</time></pt><pt><x>865</x><y>201</y><time>13-12-21 20:32:00:912</time></pt><pt><x>852</x><y>210</y><time>13-12-21 20:32:01:247</time></pt><pt><x>856</x><y>236</y><time>13-12-21 20:32:01:570</time></pt><pt><x>861</x><y>259</y><time>13-12-21 20:32:01:872</time></pt><pt><x>879</x><y>261</y><time>13-12-21 20:32:02:247</time></pt><pt><x>894</x><y>261</y><time>13-12-21 20:32:02:559</time></pt><pt><x>910</x><y>256</y><time>13-12-21 20:32:02:911</time></pt><pt><x>921</x><y>252</y><time>13-12-21 20:32:03:240</time></pt><closed_date>13-12-21 20:32:03:576</closed_date></polygon></object><object><name>restoration</name><deleted>0</deleted><verified>0</verified><occluded>no</occluded><attributes /><parts><hasparts /><ispartof>5</ispartof></parts><date>13-12-21 20:32:36:722</date><id>10</id><polygon><username>anonymous</username><pt><x>1240</x><y>645</y><time>13-12-21 20:32:22:721</time></pt><pt><x>1271</x><y>656</y><time>13-12-21 20:32:23:352</time></pt><pt><x>1300</x><y>649</y><time>13-12-21 20:32:23:792</time></pt><pt><x>1307</x><y>631</y><time>13-12-21 20:32:24:192</time></pt><pt><x>1309</x><y>622</y><time>13-12-21 20:32:24:528</time></pt><pt><x>1329</x><y>593</y><time>13-12-21 20:32:24:904</time></pt><pt><x>1329</x><y>584</y><time>13-12-21 20:32:25:192</time></pt><pt><x>1363</x><y>609</y><time>13-12-21 20:32:25:784</time></pt><pt><x>1378</x><y>604</y><time>13-12-21 20:32:26:223</time></pt><pt><x>1403</x><y>595</y><time>13-12-21 20:32:26:648</time></pt><pt><x>1416</x><y>575</y><time>13-12-21 20:32:26:936</time></pt><pt><x>1427</x><y>560</y><time>13-12-21 20:32:27:264</time></pt><pt><x>1441</x><y>558</y><time>13-12-21 20:32:27:672</time></pt><pt><x>1450</x><y>529</y><time>13-12-21 20:32:28:056</time></pt><pt><x>1452</x><y>517</y><time>13-12-21 20:32:28:448</time></pt><pt><x>1450</x><y>502</y><time>13-12-21 20:32:29:032</time></pt><pt><x>1412</x><y>513</y><time>13-12-21 20:32:29:352</time></pt><pt><x>1369</x><y>540</y><time>13-12-21 20:32:29:776</time></pt><pt><x>1340</x><y>551</y><time>13-12-21 20:32:30:098</time></pt><pt><x>1318</x><y>558</y><time>13-12-21 20:32:30:448</time></pt><pt><x>1285</x><y>562</y><time>13-12-21 20:32:30:776</time></pt><pt><x>1260</x><y>571</y><time>13-12-21 20:32:31:088</time></pt><pt><x>1249</x><y>578</y><time>13-12-21 20:32:31:376</time></pt><pt><x>1238</x><y>602</y><time>13-12-21 20:32:31:647</time></pt><closed_date>13-12-21 20:32:31:928</closed_date></polygon></object><object><name>restoration</name><deleted>0</deleted><verified>0</verified><occluded>no</occluded><attributes /><parts><hasparts /><ispartof>6</ispartof></parts><date>13-12-21 20:33:12:858</date><id>11</id><polygon><username>anonymous</username><pt><x>1071</x><y>564</y><time>13-12-21 20:32:40:287</time></pt><pt><x>1035</x><y>593</y><time>13-12-21 20:32:40:933</time></pt><pt><x>1006</x><y>602</y><time>13-12-21 20:32:41:357</time></pt><pt><x>984</x><y>629</y><time>13-12-21 20:32:42:061</time></pt><pt><x>972</x><y>638</y><time>13-12-21 20:32:42:453</time></pt><pt><x>957</x><y>662</y><time>13-12-21 20:32:42:808</time></pt><pt><x>921</x><y>685</y><time>13-12-21 20:32:43:221</time></pt><pt><x>888</x><y>696</y><time>13-12-21 20:32:43:557</time></pt><pt><x>847</x><y>694</y><time>13-12-21 20:32:43:909</time></pt><pt><x>818</x><y>667</y><time>13-12-21 20:32:47:678</time></pt><pt><x>803</x><y>640</y><time>13-12-21 20:32:48:221</time></pt><pt><x>783</x><y>638</y><time>13-12-21 20:32:48:694</time></pt><pt><x>767</x><y>653</y><time>13-12-21 20:32:49:069</time></pt><pt><x>758</x><y>669</y><time>13-12-21 20:32:49:390</time></pt><pt><x>752</x><y>694</y><time>13-12-21 20:32:51:189</time></pt><pt><x>734</x><y>705</y><time>13-12-21 20:32:51:613</time></pt><pt><x>711</x><y>709</y><time>13-12-21 20:32:51:925</time></pt><pt><x>700</x><y>705</y><time>13-12-21 20:32:52:270</time></pt><pt><x>682</x><y>658</y><time>13-12-21 20:32:52:605</time></pt><pt><x>678</x><y>636</y><time>13-12-21 20:32:52:942</time></pt><pt><x>676</x><y>618</y><time>13-12-21 20:32:53:221</time></pt><pt><x>676</x><y>598</y><time>13-12-21 20:32:53:533</time></pt><pt><x>685</x><y>589</y><time>13-12-21 20:33:03:990</time></pt><pt><x>700</x><y>566</y><time>13-12-21 20:33:04:438</time></pt><pt><x>745</x><y>560</y><time>13-12-21 20:33:04:862</time></pt><pt><x>776</x><y>553</y><time>13-12-21 20:33:05:718</time></pt><pt><x>801</x><y>553</y><time>13-12-21 20:33:06:070</time></pt><pt><x>839</x><y>555</y><time>13-12-21 20:33:06:422</time></pt><pt><x>868</x><y>560</y><time>13-12-21 20:33:06:750</time></pt><pt><x>901</x><y>571</y><time>13-12-21 20:33:07:070</time></pt><pt><x>923</x><y>573</y><time>13-12-21 20:33:07:381</time></pt><pt><x>946</x><y>571</y><time>13-12-21 20:33:07:677</time></pt><pt><x>963</x><y>553</y><time>13-12-21 20:33:08:022</time></pt><pt><x>977</x><y>540</y><time>13-12-21 20:33:08:390</time></pt><pt><x>997</x><y>531</y><time>13-12-21 20:33:08:670</time></pt><pt><x>1035</x><y>533</y><time>13-12-21 20:33:08:936</time></pt><closed_date>13-12-21 20:33:09:302</closed_date></polygon></object><object><name>restoration</name><deleted>0</deleted><verified>0</verified><occluded>no</occluded><attributes /><parts><hasparts /><ispartof>7</ispartof></parts><date>13-12-21 20:33:30:443</date><id>12</id><polygon><username>anonymous</username><pt><x>640</x><y>729</y><time>13-12-21 20:33:15:864</time></pt><pt><x>616</x><y>696</y><time>13-12-21 20:33:16:334</time></pt><pt><x>587</x><y>653</y><time>13-12-21 20:33:16:862</time></pt><pt><x>573</x><y>636</y><time>13-12-21 20:33:17:318</time></pt><pt><x>558</x><y>627</y><time>13-12-21 20:33:17:686</time></pt><pt><x>520</x><y>611</y><time>13-12-21 20:33:18:030</time></pt><pt><x>486</x><y>624</y><time>13-12-21 20:33:18:374</time></pt><pt><x>471</x><y>647</y><time>13-12-21 20:33:18:678</time></pt><pt><x>448</x><y>665</y><time>13-12-21 20:33:19:174</time></pt><pt><x>426</x><y>671</y><time>13-12-21 20:33:19:590</time></pt><pt><x>406</x><y>651</y><time>13-12-21 20:33:19:934</time></pt><pt><x>393</x><y>665</y><time>13-12-21 20:33:20:526</time></pt><pt><x>368</x><y>660</y><time>13-12-21 20:33:20:853</time></pt><pt><x>357</x><y>627</y><time>13-12-21 20:33:21:302</time></pt><pt><x>390</x><y>595</y><time>13-12-21 20:33:21:702</time></pt><pt><x>430</x><y>607</y><time>13-12-21 20:33:22:621</time></pt><pt><x>446</x><y>591</y><time>13-12-21 20:33:23:030</time></pt><pt><x>462</x><y>566</y><time>13-12-21 20:33:23:382</time></pt><pt><x>486</x><y>549</y><time>13-12-21 20:33:23:711</time></pt><pt><x>515</x><y>537</y><time>13-12-21 20:33:24:046</time></pt><pt><x>564</x><y>540</y><time>13-12-21 20:33:24:358</time></pt><pt><x>593</x><y>573</y><time>13-12-21 20:33:24:728</time></pt><pt><x>616</x><y>598</y><time>13-12-21 20:33:25:086</time></pt><pt><x>645</x><y>600</y><time>13-12-21 20:33:25:374</time></pt><pt><x>662</x><y>600</y><time>13-12-21 20:33:25:630</time></pt><pt><x>680</x><y>602</y><time>13-12-21 20:33:25:862</time></pt><pt><x>687</x><y>624</y><time>13-12-21 20:33:26:222</time></pt><pt><x>694</x><y>651</y><time>13-12-21 20:33:26:470</time></pt><pt><x>689</x><y>694</y><time>13-12-21 20:33:26:766</time></pt><pt><x>680</x><y>725</y><time>13-12-21 20:33:27:070</time></pt><pt><x>667</x><y>745</y><time>13-12-21 20:33:27:374</time></pt><closed_date>13-12-21 20:33:27:790</closed_date></polygon></object><imagesize><nrows /><ncols /></imagesize></annotation>