<annotation><filename>imagem-061.jpg</filename><folder>segmentation_xray</folder><source><sourceImage>The MIT-CSAIL database of objects and scenes</sourceImage><sourceAnnotation>LabelMe Webtool</sourceAnnotation></source><object><name>tooth 17</name><deleted>0</deleted><verified>0</verified><occluded>no</occluded><attributes /><parts><hasparts /><ispartof>6</ispartof></parts><date>06-12-21 11:28:39:216</date><id>0</id><type>bounding_box</type><polygon><username>anonymous</username><pt><x>64</x><y>402</y><time>06-12-21 11:28:31:558</time></pt><pt><x>364</x><y>402</y><time>06-12-21 11:28:34:947</time></pt><pt><x>364</x><y>1</y><time>undefined</time></pt><pt><x>64</x><y>1</y><time>undefined</time></pt><closed_date>06-12-21 11:28:34:947</closed_date></polygon></object><object><name>tooth 16</name><deleted>0</deleted><verified>0</verified><occluded>no</occluded><attributes /><parts><hasparts /><ispartof>6</ispartof></parts><date>06-12-21 11:28:47:233</date><id>1</id><type>bounding_box</type><polygon><username>anonymous</username><pt><x>340</x><y>532</y><time>06-12-21 11:28:41:087</time></pt><pt><x>665</x><y>532</y><time>06-12-21 11:28:44:048</time></pt><pt><x>665</x><y>2</y><time>undefined</time></pt><pt><x>340</x><y>2</y><time>undefined</time></pt><closed_date>06-12-21 11:28:44:048</closed_date></polygon></object><object><name>tooth 15</name><deleted>0</deleted><verified>0</verified><occluded>no</occluded><attributes /><parts><hasparts /><ispartof>6</ispartof></parts><date>06-12-21 11:28:56:491</date><id>2</id><type>bounding_box</type><polygon><username>anonymous</username><pt><x>851</x><y>518</y><time>06-12-21 11:28:49:473</time></pt><pt><x>644</x><y>518</y><time>06-12-21 11:28:53:332</time></pt><pt><x>644</x><y>1</y><time>undefined</time></pt><pt><x>851</x><y>1</y><time>undefined</time></pt><closed_date>06-12-21 11:28:53:332</closed_date></polygon></object><object><name>tooth 14</name><deleted>0</deleted><verified>0</verified><occluded>no</occluded><attributes /><parts><hasparts /><ispartof>6</ispartof></parts><date>06-12-21 11:29:04:250</date><id>3</id><type>bounding_box</type><polygon><username>anonymous</username><pt><x>1061</x><y>554</y><time>06-12-21 11:28:58:102</time></pt><pt><x>826</x><y>554</y><time>06-12-21 11:29:01:287</time></pt><pt><x>826</x><y>4</y><time>undefined</time></pt><pt><x>1061</x><y>4</y><time>undefined</time></pt><closed_date>06-12-21 11:29:01:287</closed_date></polygon></object><object><name>tooth 13</name><deleted>0</deleted><verified>0</verified><occluded>no</occluded><attributes /><parts><hasparts /><ispartof>6</ispartof></parts><date>06-12-21 11:29:11:923</date><id>4</id><type>bounding_box</type><polygon><username>anonymous</username><pt><x>1021</x><y>568</y><time>06-12-21 11:29:06:437</time></pt><pt><x>1212</x><y>568</y><time>06-12-21 11:29:08:835</time></pt><pt><x>1212</x><y>1</y><time>undefined</time></pt><pt><x>1021</x><y>1</y><time>undefined</time></pt><closed_date>06-12-21 11:29:08:835</closed_date></polygon></object><object><name>tooth 43</name><deleted>0</deleted><verified>0</verified><occluded>no</occluded><attributes /><parts><hasparts /><ispartof>6</ispartof></parts><date>06-12-21 11:29:21:462</date><id>5</id><type>bounding_box</type><polygon><username>anonymous</username><pt><x>923</x><y>626</y><time>06-12-21 11:29:14:438</time></pt><pt><x>1178</x><y>626</y><time>06-12-21 11:29:17:411</time></pt><pt><x>1178</x><y>946</y><time>undefined</time></pt><pt><x>923</x><y>946</y><time>undefined</time></pt><closed_date>06-12-21 11:29:17:411</closed_date></polygon></object><object><name>tooth 44</name><deleted>1</deleted><verified>0</verified><occluded>no</occluded><attributes /><parts><hasparts>6,7,8</hasparts><ispartof>6</ispartof></parts><date>06-12-21 11:29:29:358</date><id>6</id><type>bounding_box</type><polygon><username>anonymous</username><pt><x>759</x><y>649</y><time>06-12-21 11:29:23:383</time></pt><pt><x>962</x><y>649</y><time>06-12-21 11:29:25:872</time></pt><pt><x>962</x><y>948</y><time>undefined</time></pt><pt><x>759</x><y>948</y><time>undefined</time></pt><closed_date>06-12-21 11:29:25:873</closed_date></polygon></object><object><name>tooth 45</name><deleted>1</deleted><verified>0</verified><occluded>no</occluded><attributes /><parts><hasparts /><ispartof>6</ispartof></parts><date>06-12-21 11:29:36:226</date><id>7</id><type>bounding_box</type><polygon><username>anonymous</username><pt><x>520</x><y>598</y><time>06-12-21 11:29:30:946</time></pt><pt><x>764</x><y>598</y><time>06-12-21 11:29:33:266</time></pt><pt><x>764</x><y>948</y><time>undefined</time></pt><pt><x>520</x><y>948</y><time>undefined</time></pt><closed_date>06-12-21 11:29:33:266</closed_date></polygon></object><object><name>tooth 47</name><deleted>1</deleted><verified>0</verified><occluded>no</occluded><attributes /><parts><hasparts /><ispartof>6</ispartof></parts><date>06-12-21 11:29:45:149</date><id>8</id><type>bounding_box</type><polygon><username>anonymous</username><pt><x>2</x><y>414</y><time>06-12-21 11:29:38:142</time></pt><pt><x>310</x><y>414</y><time>06-12-21 11:29:41:980</time></pt><pt><x>310</x><y>847</y><time>undefined</time></pt><pt><x>2</x><y>847</y><time>undefined</time></pt><closed_date>06-12-21 11:29:41:980</closed_date></polygon></object><object><name>restoration</name><deleted>0</deleted><verified>0</verified><occluded>no</occluded><attributes /><parts><hasparts /><ispartof>12</ispartof></parts><date>06-12-21 11:33:55:006</date><id>9</id><polygon><username>anonymous</username><pt><x>584</x><y>683</y><time>06-12-21 11:33:42:642</time></pt><pt><x>616</x><y>695</y><time>06-12-21 11:33:42:645</time></pt><pt><x>639</x><y>690</y><time>06-12-21 11:33:43:450</time></pt><pt><x>640</x><y>683</y><time>06-12-21 11:33:43:938</time></pt><pt><x>663</x><y>681</y><time>06-12-21 11:33:44:307</time></pt><pt><x>685</x><y>683</y><time>06-12-21 11:33:44:699</time></pt><pt><x>699</x><y>685</y><time>06-12-21 11:33:44:953</time></pt><pt><x>709</x><y>656</y><time>06-12-21 11:33:45:714</time></pt><pt><x>704</x><y>630</y><time>06-12-21 11:33:46:147</time></pt><pt><x>679</x><y>630</y><time>06-12-21 11:33:46:609</time></pt><pt><x>655</x><y>626</y><time>06-12-21 11:33:46:955</time></pt><pt><x>639</x><y>626</y><time>06-12-21 11:33:47:310</time></pt><pt><x>647</x><y>637</y><time>06-12-21 11:33:48:267</time></pt><pt><x>619</x><y>647</y><time>06-12-21 11:33:48:875</time></pt><pt><x>617</x><y>635</y><time>06-12-21 11:33:49:554</time></pt><pt><x>605</x><y>633</y><time>06-12-21 11:33:49:922</time></pt><pt><x>593</x><y>640</y><time>06-12-21 11:33:50:306</time></pt><pt><x>589</x><y>640</y><time>06-12-21 11:33:50:579</time></pt><pt><x>577</x><y>644</y><time>06-12-21 11:33:50:978</time></pt><closed_date>06-12-21 11:33:51:875</closed_date></polygon></object><object><name>restoration</name><deleted>0</deleted><verified>0</verified><occluded>no</occluded><attributes /><parts><hasparts /><ispartof>14</ispartof></parts><date>06-12-21 11:34:41:895</date><id>10</id><polygon><username>anonymous</username><pt><x>120</x><y>478</y><time>06-12-21 11:34:21:066</time></pt><pt><x>115</x><y>502</y><time>06-12-21 11:34:21:755</time></pt><pt><x>111</x><y>515</y><time>06-12-21 11:34:22:227</time></pt><pt><x>126</x><y>529</y><time>06-12-21 11:34:22:658</time></pt><pt><x>126</x><y>540</y><time>06-12-21 11:34:23:020</time></pt><pt><x>126</x><y>554</y><time>06-12-21 11:34:23:283</time></pt><pt><x>127</x><y>563</y><time>06-12-21 11:34:23:499</time></pt><pt><x>149</x><y>578</y><time>06-12-21 11:34:23:897</time></pt><pt><x>154</x><y>598</y><time>06-12-21 11:34:24:125</time></pt><pt><x>170</x><y>607</y><time>06-12-21 11:34:24:373</time></pt><pt><x>182</x><y>612</y><time>06-12-21 11:34:24:715</time></pt><pt><x>202</x><y>600</y><time>06-12-21 11:34:26:219</time></pt><pt><x>235</x><y>594</y><time>06-12-21 11:34:27:219</time></pt><pt><x>249</x><y>617</y><time>06-12-21 11:34:27:971</time></pt><pt><x>271</x><y>624</y><time>06-12-21 11:34:28:410</time></pt><pt><x>276</x><y>624</y><time>06-12-21 11:34:28:762</time></pt><pt><x>283</x><y>610</y><time>06-12-21 11:34:29:209</time></pt><pt><x>281</x><y>594</y><time>06-12-21 11:34:29:627</time></pt><pt><x>274</x><y>580</y><time>06-12-21 11:34:30:035</time></pt><pt><x>218</x><y>532</y><time>06-12-21 11:34:31:195</time></pt><pt><x>211</x><y>518</y><time>06-12-21 11:34:31:867</time></pt><pt><x>203</x><y>502</y><time>06-12-21 11:34:35:179</time></pt><pt><x>184</x><y>497</y><time>06-12-21 11:34:35:627</time></pt><pt><x>159</x><y>467</y><time>06-12-21 11:34:36:547</time></pt><pt><x>134</x><y>453</y><time>06-12-21 11:34:37:276</time></pt><pt><x>117</x><y>448</y><time>06-12-21 11:34:37:769</time></pt><pt><x>106</x><y>451</y><time>06-12-21 11:34:38:253</time></pt><closed_date>06-12-21 11:34:38:716</closed_date></polygon></object><imagesize><nrows /><ncols /></imagesize><object><name>tooth</name><deleted>1</deleted><verified>0</verified><occluded>no</occluded><attributes>47</attributes><parts><hasparts /><ispartof /></parts><date>02-03-22 11:06:28:275</date><id>11</id><type>bounding_box</type><polygon><username>anonymous</username><pt><x>2</x><y>401</y><time>02-03-22 11:06:16:612</time></pt><pt><x>316</x><y>401</y><time>02-03-22 11:06:18:815</time></pt><pt><x>316</x><y>851</y><time>undefined</time></pt><pt><x>2</x><y>851</y><time>undefined</time></pt><closed_date>02-03-22 11:06:18:816</closed_date></polygon></object><object><name>tooth</name><deleted>0</deleted><verified>0</verified><occluded>no</occluded><attributes>45</attributes><parts><hasparts>9</hasparts><ispartof /></parts><date>02-03-22 11:06:38:385</date><id>12</id><type>bounding_box</type><polygon><username>anonymous</username><pt><x>514</x><y>603</y><time>02-03-22 11:06:29:554</time></pt><pt><x>755</x><y>603</y><time>02-03-22 11:06:32:238</time></pt><pt><x>755</x><y>943</y><time>undefined</time></pt><pt><x>514</x><y>943</y><time>undefined</time></pt><closed_date>02-03-22 11:06:32:238</closed_date></polygon></object><object><name>tooth</name><deleted>0</deleted><verified>0</verified><occluded>no</occluded><attributes>44</attributes><parts><hasparts /><ispartof /></parts><date>02-03-22 11:06:52:282</date><id>13</id><type>bounding_box</type><polygon><username>anonymous</username><pt><x>965</x><y>646</y><time>02-03-22 11:06:43:925</time></pt><pt><x>749</x><y>646</y><time>02-03-22 11:06:46:819</time></pt><pt><x>749</x><y>945</y><time>undefined</time></pt><pt><x>965</x><y>945</y><time>undefined</time></pt><closed_date>02-03-22 11:06:46:819</closed_date></polygon></object><object><name>tooth</name><deleted>0</deleted><verified>0</verified><occluded>no</occluded><attributes>47</attributes><parts><hasparts>10</hasparts><ispartof /></parts><date>11-04-22 17:15:33:978</date><id>14</id><type>bounding_box</type><polygon><username>admin</username><pt><x>2</x><y>414</y><time>11-04-22 17:15:25:439</time></pt><pt><x>302</x><y>414</y><time>11-04-22 17:15:29:002</time></pt><pt><x>302</x><y>867</y><time>undefined</time></pt><pt><x>2</x><y>867</y><time>undefined</time></pt><closed_date>11-04-22 17:15:29:003</closed_date></polygon></object></annotation>