<annotation><filename>imagem-045.jpg</filename><folder>segmentation_xray</folder><source><sourceImage>The MIT-CSAIL database of objects and scenes</sourceImage><sourceAnnotation>LabelMe Webtool</sourceAnnotation></source><object><name>tooth</name><deleted>0</deleted><verified>0</verified><occluded>no</occluded><attributes>17</attributes><parts><hasparts /><ispartof /></parts><date>11-01-22 19:52:25:884</date><id>0</id><type>bounding_box</type><polygon><username>anonymous</username><pt><x>180</x><y>18</y><time>11-01-22 19:52:13:669</time></pt><pt><x>524</x><y>18</y><time>11-01-22 19:52:18:782</time></pt><pt><x>524</x><y>394</y><time>undefined</time></pt><pt><x>180</x><y>394</y><time>undefined</time></pt><closed_date>11-01-22 19:52:18:783</closed_date></polygon></object><object><name>tooth</name><deleted>0</deleted><verified>0</verified><occluded>no</occluded><attributes>16</attributes><parts><hasparts>8,9</hasparts><ispartof /></parts><date>11-01-22 19:52:41:489</date><id>1</id><type>bounding_box</type><polygon><username>anonymous</username><pt><x>918</x><y>394</y><time>11-01-22 19:52:29:149</time></pt><pt><x>523</x><y>394</y><time>11-01-22 19:52:36:708</time></pt><pt><x>523</x><y>7</y><time>undefined</time></pt><pt><x>918</x><y>7</y><time>undefined</time></pt><closed_date>11-01-22 19:52:36:709</closed_date></polygon></object><object><name>tooth</name><deleted>0</deleted><verified>0</verified><occluded>no</occluded><attributes>15</attributes><parts><hasparts /><ispartof /></parts><date>11-01-22 19:53:01:546</date><id>2</id><type>bounding_box</type><polygon><username>anonymous</username><pt><x>1154</x><y>386</y><time>11-01-22 19:52:49:063</time></pt><pt><x>912</x><y>386</y><time>11-01-22 19:52:55:117</time></pt><pt><x>912</x><y>0</y><time>undefined</time></pt><pt><x>1154</x><y>0</y><time>undefined</time></pt><closed_date>11-01-22 19:52:55:117</closed_date></polygon></object><object><name>tooth</name><deleted>0</deleted><verified>0</verified><occluded>no</occluded><attributes>14</attributes><parts><hasparts /><ispartof /></parts><date>11-01-22 19:53:10:466</date><id>3</id><type>bounding_box</type><polygon><username>anonymous</username><pt><x>1215</x><y>309</y><time>11-01-22 19:53:02:920</time></pt><pt><x>1124</x><y>309</y><time>11-01-22 19:53:04:845</time></pt><pt><x>1124</x><y>35</y><time>undefined</time></pt><pt><x>1215</x><y>35</y><time>undefined</time></pt><closed_date>11-01-22 19:53:04:846</closed_date></polygon></object><object><name>tooth</name><deleted>0</deleted><verified>0</verified><occluded>no</occluded><attributes>44</attributes><parts><hasparts /><ispartof /></parts><date>11-01-22 19:53:22:178</date><id>4</id><type>bounding_box</type><polygon><username>anonymous</username><pt><x>1217</x><y>456</y><time>11-01-22 19:53:11:488</time></pt><pt><x>1164</x><y>456</y><time>11-01-22 19:53:14:654</time></pt><pt><x>1164</x><y>830</y><time>undefined</time></pt><pt><x>1217</x><y>830</y><time>undefined</time></pt><closed_date>11-01-22 19:53:14:654</closed_date></polygon></object><object><name>tooth</name><deleted>0</deleted><verified>0</verified><occluded>no</occluded><attributes>45</attributes><parts><hasparts /><ispartof /></parts><date>11-01-22 19:53:33:870</date><id>5</id><type>bounding_box</type><polygon><username>anonymous</username><pt><x>918</x><y>449</y><time>11-01-22 19:53:24:704</time></pt><pt><x>1164</x><y>449</y><time>11-01-22 19:53:28:999</time></pt><pt><x>1164</x><y>948</y><time>undefined</time></pt><pt><x>918</x><y>948</y><time>undefined</time></pt><closed_date>11-01-22 19:53:28:999</closed_date></polygon></object><object><name>tooth</name><deleted>0</deleted><verified>0</verified><occluded>no</occluded><attributes>46</attributes><parts><hasparts>11</hasparts><ispartof /></parts><date>11-01-22 19:54:18:228</date><id>6</id><type>bounding_box</type><polygon><username>anonymous</username><pt><x>493</x><y>943</y><time>11-01-22 19:54:09:430</time></pt><pt><x>927</x><y>943</y><time>11-01-22 19:54:12:646</time></pt><pt><x>927</x><y>451</y><time>undefined</time></pt><pt><x>493</x><y>451</y><time>undefined</time></pt><closed_date>11-01-22 19:54:12:647</closed_date></polygon></object><object><name>tooth</name><deleted>0</deleted><verified>0</verified><occluded>no</occluded><attributes>47</attributes><parts><hasparts>10</hasparts><ispartof /></parts><date>11-01-22 19:54:30:717</date><id>7</id><type>bounding_box</type><polygon><username>anonymous</username><pt><x>182</x><y>402</y><time>11-01-22 19:54:19:812</time></pt><pt><x>563</x><y>402</y><time>11-01-22 19:54:24:733</time></pt><pt><x>563</x><y>945</y><time>undefined</time></pt><pt><x>182</x><y>945</y><time>undefined</time></pt><closed_date>11-01-22 19:54:24:733</closed_date></polygon></object><object><name>restoration</name><deleted>0</deleted><verified>0</verified><occluded>no</occluded><attributes /><parts><hasparts /><ispartof>1</ispartof></parts><date>11-01-22 19:54:58:087</date><id>8</id><polygon><username>anonymous</username><pt><x>624</x><y>112</y><time>11-01-22 19:54:37:004</time></pt><pt><x>604</x><y>124</y><time>11-01-22 19:54:37:448</time></pt><pt><x>589</x><y>142</y><time>11-01-22 19:54:37:806</time></pt><pt><x>583</x><y>167</y><time>11-01-22 19:54:38:124</time></pt><pt><x>584</x><y>195</y><time>11-01-22 19:54:38:393</time></pt><pt><x>586</x><y>215</y><time>11-01-22 19:54:38:613</time></pt><pt><x>584</x><y>242</y><time>11-01-22 19:54:38:838</time></pt><pt><x>581</x><y>262</y><time>11-01-22 19:54:39:026</time></pt><pt><x>574</x><y>286</y><time>11-01-22 19:54:39:233</time></pt><pt><x>574</x><y>301</y><time>11-01-22 19:54:39:465</time></pt><pt><x>581</x><y>321</y><time>11-01-22 19:54:42:480</time></pt><pt><x>634</x><y>327</y><time>11-01-22 19:54:42:907</time></pt><pt><x>675</x><y>329</y><time>11-01-22 19:54:43:295</time></pt><pt><x>718</x><y>332</y><time>11-01-22 19:54:43:588</time></pt><pt><x>738</x><y>334</y><time>11-01-22 19:54:43:839</time></pt><pt><x>776</x><y>337</y><time>11-01-22 19:54:44:203</time></pt><pt><x>811</x><y>342</y><time>11-01-22 19:54:44:480</time></pt><pt><x>848</x><y>334</y><time>11-01-22 19:54:44:726</time></pt><pt><x>828</x><y>301</y><time>11-01-22 19:54:48:562</time></pt><pt><x>825</x><y>286</y><time>11-01-22 19:54:48:892</time></pt><pt><x>830</x><y>270</y><time>11-01-22 19:54:49:184</time></pt><pt><x>841</x><y>237</y><time>11-01-22 19:54:49:566</time></pt><pt><x>843</x><y>217</y><time>11-01-22 19:54:49:852</time></pt><pt><x>835</x><y>190</y><time>11-01-22 19:54:50:194</time></pt><pt><x>826</x><y>172</y><time>11-01-22 19:54:50:418</time></pt><pt><x>815</x><y>145</y><time>11-01-22 19:54:50:662</time></pt><pt><x>801</x><y>117</y><time>11-01-22 19:54:50:874</time></pt><pt><x>791</x><y>100</y><time>11-01-22 19:54:51:095</time></pt><pt><x>783</x><y>97</y><time>11-01-22 19:54:51:457</time></pt><pt><x>750</x><y>97</y><time>11-01-22 19:54:51:843</time></pt><pt><x>736</x><y>100</y><time>11-01-22 19:54:52:072</time></pt><pt><x>718</x><y>109</y><time>11-01-22 19:54:52:309</time></pt><pt><x>686</x><y>109</y><time>11-01-22 19:54:52:541</time></pt><pt><x>670</x><y>107</y><time>11-01-22 19:54:52:761</time></pt><pt><x>651</x><y>100</y><time>11-01-22 19:54:53:033</time></pt><closed_date>11-01-22 19:54:53:263</closed_date></polygon></object><object><name>root canal treatment</name><deleted>0</deleted><verified>0</verified><occluded>no</occluded><attributes /><parts><hasparts /><ispartof>1</ispartof></parts><date>11-01-22 19:55:11:631</date><id>9</id><polygon><username>anonymous</username><pt><x>629</x><y>90</y><time>11-01-22 19:54:59:132</time></pt><pt><x>616</x><y>5</y><time>11-01-22 19:55:00:616</time></pt><pt><x>661</x><y>7</y><time>11-01-22 19:55:01:495</time></pt><pt><x>696</x><y>72</y><time>11-01-22 19:55:02:441</time></pt><pt><x>750</x><y>73</y><time>11-01-22 19:55:03:349</time></pt><pt><x>771</x><y>3</y><time>11-01-22 19:55:04:136</time></pt><pt><x>796</x><y>5</y><time>11-01-22 19:55:04:856</time></pt><pt><x>800</x><y>82</y><time>11-01-22 19:55:05:462</time></pt><pt><x>798</x><y>97</y><time>11-01-22 19:55:06:685</time></pt><pt><x>723</x><y>102</y><time>11-01-22 19:55:07:421</time></pt><pt><x>681</x><y>99</y><time>11-01-22 19:55:07:881</time></pt><pt><x>648</x><y>88</y><time>11-01-22 19:55:08:279</time></pt><closed_date>11-01-22 19:55:08:608</closed_date></polygon></object><object><name>restoration</name><deleted>0</deleted><verified>0</verified><occluded>no</occluded><attributes /><parts><hasparts /><ispartof>7</ispartof></parts><date>11-01-22 19:55:25:224</date><id>10</id><polygon><username>anonymous</username><pt><x>260</x><y>498</y><time>11-01-22 19:55:13:080</time></pt><pt><x>267</x><y>524</y><time>11-01-22 19:55:13:561</time></pt><pt><x>280</x><y>546</y><time>11-01-22 19:55:13:952</time></pt><pt><x>292</x><y>558</y><time>11-01-22 19:55:14:294</time></pt><pt><x>309</x><y>558</y><time>11-01-22 19:55:14:578</time></pt><pt><x>324</x><y>558</y><time>11-01-22 19:55:14:887</time></pt><pt><x>339</x><y>554</y><time>11-01-22 19:55:15:137</time></pt><pt><x>356</x><y>553</y><time>11-01-22 19:55:15:380</time></pt><pt><x>372</x><y>553</y><time>11-01-22 19:55:15:593</time></pt><pt><x>392</x><y>553</y><time>11-01-22 19:55:15:814</time></pt><pt><x>419</x><y>553</y><time>11-01-22 19:55:16:066</time></pt><pt><x>476</x><y>559</y><time>11-01-22 19:55:16:618</time></pt><pt><x>493</x><y>556</y><time>11-01-22 19:55:16:855</time></pt><pt><x>513</x><y>541</y><time>11-01-22 19:55:17:112</time></pt><pt><x>526</x><y>526</y><time>11-01-22 19:55:17:349</time></pt><pt><x>536</x><y>514</y><time>11-01-22 19:55:17:591</time></pt><pt><x>536</x><y>488</y><time>11-01-22 19:55:18:101</time></pt><pt><x>523</x><y>479</y><time>11-01-22 19:55:18:428</time></pt><pt><x>504</x><y>479</y><time>11-01-22 19:55:18:683</time></pt><pt><x>462</x><y>488</y><time>11-01-22 19:55:18:912</time></pt><pt><x>436</x><y>488</y><time>11-01-22 19:55:19:150</time></pt><pt><x>409</x><y>488</y><time>11-01-22 19:55:19:387</time></pt><pt><x>391</x><y>479</y><time>11-01-22 19:55:19:608</time></pt><pt><x>379</x><y>464</y><time>11-01-22 19:55:19:811</time></pt><pt><x>364</x><y>459</y><time>11-01-22 19:55:20:027</time></pt><pt><x>344</x><y>446</y><time>11-01-22 19:55:20:224</time></pt><pt><x>331</x><y>437</y><time>11-01-22 19:55:20:439</time></pt><pt><x>302</x><y>447</y><time>11-01-22 19:55:20:654</time></pt><pt><x>280</x><y>462</y><time>11-01-22 19:55:20:887</time></pt><pt><x>262</x><y>478</y><time>11-01-22 19:55:21:111</time></pt><closed_date>11-01-22 19:55:21:478</closed_date></polygon></object><object><name>restoration</name><deleted>0</deleted><verified>0</verified><occluded>no</occluded><attributes /><parts><hasparts /><ispartof>6</ispartof></parts><date>11-01-22 19:55:38:102</date><id>11</id><polygon><username>anonymous</username><pt><x>579</x><y>596</y><time>11-01-22 19:55:26:835</time></pt><pt><x>608</x><y>614</y><time>11-01-22 19:55:27:274</time></pt><pt><x>636</x><y>624</y><time>11-01-22 19:55:27:627</time></pt><pt><x>651</x><y>633</y><time>11-01-22 19:55:27:945</time></pt><pt><x>664</x><y>644</y><time>11-01-22 19:55:28:235</time></pt><pt><x>680</x><y>648</y><time>11-01-22 19:55:28:577</time></pt><pt><x>715</x><y>643</y><time>11-01-22 19:55:28:911</time></pt><pt><x>728</x><y>633</y><time>11-01-22 19:55:29:200</time></pt><pt><x>735</x><y>613</y><time>11-01-22 19:55:29:474</time></pt><pt><x>755</x><y>593</y><time>11-01-22 19:55:29:726</time></pt><pt><x>785</x><y>569</y><time>11-01-22 19:55:29:989</time></pt><pt><x>808</x><y>544</y><time>11-01-22 19:55:30:276</time></pt><pt><x>820</x><y>533</y><time>11-01-22 19:55:30:549</time></pt><pt><x>810</x><y>528</y><time>11-01-22 19:55:30:846</time></pt><pt><x>776</x><y>528</y><time>11-01-22 19:55:31:119</time></pt><pt><x>751</x><y>518</y><time>11-01-22 19:55:31:390</time></pt><pt><x>735</x><y>499</y><time>11-01-22 19:55:31:641</time></pt><pt><x>721</x><y>488</y><time>11-01-22 19:55:31:887</time></pt><pt><x>701</x><y>484</y><time>11-01-22 19:55:32:143</time></pt><pt><x>680</x><y>491</y><time>11-01-22 19:55:32:377</time></pt><pt><x>666</x><y>503</y><time>11-01-22 19:55:32:606</time></pt><pt><x>649</x><y>498</y><time>11-01-22 19:55:32:870</time></pt><pt><x>641</x><y>484</y><time>11-01-22 19:55:33:108</time></pt><pt><x>618</x><y>481</y><time>11-01-22 19:55:33:371</time></pt><pt><x>599</x><y>499</y><time>11-01-22 19:55:33:601</time></pt><pt><x>593</x><y>514</y><time>11-01-22 19:55:33:838</time></pt><pt><x>581</x><y>536</y><time>11-01-22 19:55:34:098</time></pt><pt><x>574</x><y>556</y><time>11-01-22 19:55:34:342</time></pt><pt><x>579</x><y>578</y><time>11-01-22 19:55:34:563</time></pt><closed_date>11-01-22 19:55:34:790</closed_date></polygon></object><imagesize><nrows /><ncols /></imagesize></annotation>