<annotation><filename>imagem-109.jpg</filename><folder>segmentation_xray</folder><source><sourceImage>The MIT-CSAIL database of objects and scenes</sourceImage><sourceAnnotation>LabelMe Webtool</sourceAnnotation></source><object><name>tooth</name><deleted>0</deleted><verified>0</verified><occluded>no</occluded><attributes>27</attributes><parts><hasparts /><ispartof /></parts><date>14-12-21 22:06:11:921</date><id>0</id><type>bounding_box</type><polygon><username>anonymous</username><pt><x>710</x><y>336</y><time>14-12-21 22:06:03:883</time></pt><pt><x>1023</x><y>336</y><time>14-12-21 22:06:05:982</time></pt><pt><x>1023</x><y>5</y><time>undefined</time></pt><pt><x>710</x><y>5</y><time>undefined</time></pt><closed_date>14-12-21 22:06:05:982</closed_date></polygon></object><object><name>tooth</name><deleted>0</deleted><verified>0</verified><occluded>no</occluded><attributes>26</attributes><parts><hasparts /><ispartof /></parts><date>14-12-21 22:06:21:284</date><id>1</id><type>bounding_box</type><polygon><username>anonymous</username><pt><x>382</x><y>339</y><time>14-12-21 22:06:13:873</time></pt><pt><x>733</x><y>339</y><time>14-12-21 22:06:17:287</time></pt><pt><x>733</x><y>3</y><time>undefined</time></pt><pt><x>382</x><y>3</y><time>undefined</time></pt><closed_date>14-12-21 22:06:17:287</closed_date></polygon></object><object><name>tooth</name><deleted>0</deleted><verified>0</verified><occluded>no</occluded><attributes>25</attributes><parts><hasparts /><ispartof /></parts><date>14-12-21 22:06:28:313</date><id>2</id><type>bounding_box</type><polygon><username>anonymous</username><pt><x>160</x><y>321</y><time>14-12-21 22:06:23:176</time></pt><pt><x>396</x><y>321</y><time>14-12-21 22:06:25:031</time></pt><pt><x>396</x><y>8</y><time>undefined</time></pt><pt><x>160</x><y>8</y><time>undefined</time></pt><closed_date>14-12-21 22:06:25:031</closed_date></polygon></object><object><name>tooth</name><deleted>0</deleted><verified>0</verified><occluded>no</occluded><attributes>24</attributes><parts><hasparts /><ispartof /></parts><date>14-12-21 22:06:34:306</date><id>3</id><type>bounding_box</type><polygon><username>anonymous</username><pt><x>7</x><y>316</y><time>14-12-21 22:06:29:136</time></pt><pt><x>220</x><y>316</y><time>14-12-21 22:06:30:471</time></pt><pt><x>220</x><y>5</y><time>undefined</time></pt><pt><x>7</x><y>5</y><time>undefined</time></pt><closed_date>14-12-21 22:06:30:471</closed_date></polygon></object><object><name>tooth</name><deleted>0</deleted><verified>0</verified><occluded>no</occluded><attributes>37</attributes><parts><hasparts /><ispartof /></parts><date>14-12-21 22:06:43:625</date><id>4</id><type>bounding_box</type><polygon><username>anonymous</username><pt><x>1217</x><y>311</y><time>14-12-21 22:06:35:519</time></pt><pt><x>953</x><y>311</y><time>14-12-21 22:06:38:400</time></pt><pt><x>953</x><y>882</y><time>undefined</time></pt><pt><x>1217</x><y>882</y><time>undefined</time></pt><closed_date>14-12-21 22:06:38:400</closed_date></polygon></object><object><name>tooth</name><deleted>0</deleted><verified>0</verified><occluded>no</occluded><attributes>36</attributes><parts><hasparts /><ispartof /></parts><date>14-12-21 22:06:51:155</date><id>5</id><type>bounding_box</type><polygon><username>anonymous</username><pt><x>591</x><y>392</y><time>14-12-21 22:06:44:896</time></pt><pt><x>1042</x><y>392</y><time>14-12-21 22:06:46:591</time></pt><pt><x>1042</x><y>945</y><time>undefined</time></pt><pt><x>591</x><y>945</y><time>undefined</time></pt><closed_date>14-12-21 22:06:46:592</closed_date></polygon></object><object><name>tooth</name><deleted>0</deleted><verified>0</verified><occluded>no</occluded><attributes>35</attributes><parts><hasparts /><ispartof /></parts><date>14-12-21 22:07:03:147</date><id>6</id><type>bounding_box</type><polygon><username>anonymous</username><pt><x>354</x><y>386</y><time>14-12-21 22:06:57:449</time></pt><pt><x>601</x><y>386</y><time>14-12-21 22:06:59:408</time></pt><pt><x>601</x><y>942</y><time>undefined</time></pt><pt><x>354</x><y>942</y><time>undefined</time></pt><closed_date>14-12-21 22:06:59:408</closed_date></polygon></object><object><name>tooth</name><deleted>0</deleted><verified>0</verified><occluded>no</occluded><attributes>34</attributes><parts><hasparts /><ispartof /></parts><date>14-12-21 22:07:12:729</date><id>7</id><type>bounding_box</type><polygon><username>anonymous</username><pt><x>129</x><y>427</y><time>14-12-21 22:07:04:439</time></pt><pt><x>361</x><y>427</y><time>14-12-21 22:07:07:127</time></pt><pt><x>361</x><y>942</y><time>undefined</time></pt><pt><x>129</x><y>942</y><time>undefined</time></pt><closed_date>14-12-21 22:07:07:127</closed_date></polygon></object><object><name>tooth</name><deleted>0</deleted><verified>0</verified><occluded>no</occluded><attributes>33</attributes><parts><hasparts /><ispartof /></parts><date>14-12-21 22:07:19:875</date><id>8</id><type>bounding_box</type><polygon><username>anonymous</username><pt><x>7</x><y>422</y><time>14-12-21 22:07:14:296</time></pt><pt><x>200</x><y>422</y><time>14-12-21 22:07:16:591</time></pt><pt><x>200</x><y>945</y><time>undefined</time></pt><pt><x>7</x><y>945</y><time>undefined</time></pt><closed_date>14-12-21 22:07:16:592</closed_date></polygon></object><imagesize><nrows /><ncols /></imagesize></annotation>