<annotation><filename>imagem-106.jpg</filename><folder>segmentation_xray</folder><source><sourceImage>The MIT-CSAIL database of objects and scenes</sourceImage><sourceAnnotation>LabelMe Webtool</sourceAnnotation></source><object><name>tooth 17</name><deleted>0</deleted><verified>0</verified><occluded>no</occluded><attributes /><parts><hasparts>14</hasparts><ispartof /></parts><date>13-01-22 11:39:21:273</date><id>0</id><type>bounding_box</type><polygon><username>anonymous</username><pt><x>9</x><y>547</y><time>13-01-22 11:39:15:631</time></pt><pt><x>337</x><y>547</y><time>13-01-22 11:39:17:747</time></pt><pt><x>337</x><y>7</y><time>undefined</time></pt><pt><x>9</x><y>7</y><time>undefined</time></pt><closed_date>13-01-22 11:39:17:748</closed_date></polygon></object><object><name>tooth 16</name><deleted>0</deleted><verified>0</verified><occluded>no</occluded><attributes /><parts><hasparts>13</hasparts><ispartof /></parts><date>13-01-22 11:39:32:463</date><id>1</id><type>bounding_box</type><polygon><username>anonymous</username><pt><x>759</x><y>556</y><time>13-01-22 11:39:24:081</time></pt><pt><x>323</x><y>556</y><time>13-01-22 11:39:29:547</time></pt><pt><x>323</x><y>5</y><time>undefined</time></pt><pt><x>759</x><y>5</y><time>undefined</time></pt><closed_date>13-01-22 11:39:29:548</closed_date></polygon></object><object><name>tooth 15</name><deleted>0</deleted><verified>0</verified><occluded>no</occluded><attributes /><parts><hasparts /><ispartof /></parts><date>13-01-22 11:39:41:057</date><id>2</id><type>bounding_box</type><polygon><username>anonymous</username><pt><x>1031</x><y>547</y><time>13-01-22 11:39:35:982</time></pt><pt><x>731</x><y>547</y><time>13-01-22 11:39:38:436</time></pt><pt><x>731</x><y>2</y><time>undefined</time></pt><pt><x>1031</x><y>2</y><time>undefined</time></pt><closed_date>13-01-22 11:39:38:437</closed_date></polygon></object><object><name>tooth 14</name><deleted>0</deleted><verified>0</verified><occluded>no</occluded><attributes /><parts><hasparts /><ispartof /></parts><date>13-01-22 11:39:50:127</date><id>3</id><type>bounding_box</type><polygon><username>anonymous</username><pt><x>1331</x><y>542</y><time>13-01-22 11:39:43:531</time></pt><pt><x>1006</x><y>542</y><time>13-01-22 11:39:46:948</time></pt><pt><x>1006</x><y>2</y><time>undefined</time></pt><pt><x>1331</x><y>2</y><time>undefined</time></pt><closed_date>13-01-22 11:39:46:949</closed_date></polygon></object><object><name>tooth 13</name><deleted>0</deleted><verified>0</verified><occluded>no</occluded><attributes /><parts><hasparts /><ispartof /></parts><date>13-01-22 11:39:57:462</date><id>4</id><type>bounding_box</type><polygon><username>anonymous</username><pt><x>1608</x><y>498</y><time>13-01-22 11:39:52:481</time></pt><pt><x>1237</x><y>498</y><time>13-01-22 11:39:54:569</time></pt><pt><x>1237</x><y>2</y><time>undefined</time></pt><pt><x>1608</x><y>2</y><time>undefined</time></pt><closed_date>13-01-22 11:39:54:569</closed_date></polygon></object><object><name>tooth 43</name><deleted>0</deleted><verified>0</verified><occluded>no</occluded><attributes /><parts><hasparts /><ispartof /></parts><date>13-01-22 11:40:09:387</date><id>5</id><type>bounding_box</type><polygon><username>anonymous</username><pt><x>1610</x><y>1214</y><time>13-01-22 11:40:03:350</time></pt><pt><x>1417</x><y>1214</y><time>13-01-22 11:40:06:412</time></pt><pt><x>1417</x><y>593</y><time>undefined</time></pt><pt><x>1610</x><y>593</y><time>undefined</time></pt><closed_date>13-01-22 11:40:06:412</closed_date></polygon></object><object><name>tooth 44</name><deleted>0</deleted><verified>0</verified><occluded>no</occluded><attributes /><parts><hasparts /><ispartof /></parts><date>13-01-22 11:40:20:556</date><id>6</id><type>bounding_box</type><polygon><username>anonymous</username><pt><x>1147</x><y>618</y><time>13-01-22 11:40:12:811</time></pt><pt><x>1463</x><y>618</y><time>13-01-22 11:40:16:716</time></pt><pt><x>1463</x><y>1237</y><time>undefined</time></pt><pt><x>1147</x><y>1237</y><time>undefined</time></pt><closed_date>13-01-22 11:40:16:717</closed_date></polygon></object><object><name>tooth 45</name><deleted>0</deleted><verified>0</verified><occluded>no</occluded><attributes /><parts><hasparts>11</hasparts><ispartof /></parts><date>13-01-22 11:40:36:301</date><id>7</id><type>bounding_box</type><polygon><username>anonymous</username><pt><x>842</x><y>618</y><time>13-01-22 11:40:28:329</time></pt><pt><x>1154</x><y>618</y><time>13-01-22 11:40:31:951</time></pt><pt><x>1154</x><y>1234</y><time>undefined</time></pt><pt><x>842</x><y>1234</y><time>undefined</time></pt><closed_date>13-01-22 11:40:31:952</closed_date></polygon></object><object><name>tooth 46</name><deleted>0</deleted><verified>0</verified><occluded>no</occluded><attributes /><parts><hasparts>10</hasparts><ispartof /></parts><date>13-01-22 11:40:52:641</date><id>8</id><type>bounding_box</type><polygon><username>anonymous</username><pt><x>314</x><y>1234</y><time>13-01-22 11:40:44:568</time></pt><pt><x>872</x><y>1234</y><time>13-01-22 11:40:48:818</time></pt><pt><x>872</x><y>588</y><time>undefined</time></pt><pt><x>314</x><y>588</y><time>undefined</time></pt><closed_date>13-01-22 11:40:48:819</closed_date></polygon></object><object><name>tooth 47</name><deleted>0</deleted><verified>0</verified><occluded>no</occluded><attributes /><parts><hasparts>12</hasparts><ispartof /></parts><date>13-01-22 11:41:04:122</date><id>9</id><type>bounding_box</type><polygon><username>anonymous</username><pt><x>2</x><y>1223</y><time>13-01-22 11:40:58:248</time></pt><pt><x>385</x><y>1223</y><time>13-01-22 11:41:01:213</time></pt><pt><x>385</x><y>556</y><time>undefined</time></pt><pt><x>2</x><y>556</y><time>undefined</time></pt><closed_date>13-01-22 11:41:01:213</closed_date></polygon></object><object><name>restoration</name><deleted>0</deleted><verified>0</verified><occluded>no</occluded><attributes /><parts><hasparts /><ispartof>8</ispartof></parts><date>13-01-22 11:41:23:808</date><id>10</id><polygon><username>anonymous</username><pt><x>448</x><y>734</y><time>13-01-22 11:41:10:204</time></pt><pt><x>480</x><y>773</y><time>13-01-22 11:41:10:949</time></pt><pt><x>533</x><y>805</y><time>13-01-22 11:41:11:500</time></pt><pt><x>584</x><y>842</y><time>13-01-22 11:41:12:138</time></pt><pt><x>688</x><y>849</y><time>13-01-22 11:41:13:096</time></pt><pt><x>741</x><y>787</y><time>13-01-22 11:41:14:304</time></pt><pt><x>741</x><y>748</y><time>13-01-22 11:41:14:934</time></pt><pt><x>771</x><y>683</y><time>13-01-22 11:41:15:954</time></pt><pt><x>775</x><y>648</y><time>13-01-22 11:41:16:590</time></pt><pt><x>694</x><y>660</y><time>13-01-22 11:41:17:241</time></pt><pt><x>655</x><y>646</y><time>13-01-22 11:41:17:912</time></pt><pt><x>621</x><y>646</y><time>13-01-22 11:41:18:533</time></pt><pt><x>600</x><y>651</y><time>13-01-22 11:41:19:132</time></pt><pt><x>579</x><y>634</y><time>13-01-22 11:41:19:670</time></pt><pt><x>528</x><y>616</y><time>13-01-22 11:41:20:287</time></pt><pt><x>482</x><y>644</y><time>13-01-22 11:41:20:905</time></pt><closed_date>13-01-22 11:41:21:856</closed_date></polygon></object><object><name>restoration</name><deleted>0</deleted><verified>0</verified><occluded>no</occluded><attributes /><parts><hasparts /><ispartof>7</ispartof></parts><date>13-01-22 11:41:37:976</date><id>11</id><polygon><username>anonymous</username><pt><x>904</x><y>720</y><time>13-01-22 11:41:29:728</time></pt><pt><x>921</x><y>766</y><time>13-01-22 11:41:30:305</time></pt><pt><x>999</x><y>775</y><time>13-01-22 11:41:30:844</time></pt><pt><x>1064</x><y>754</y><time>13-01-22 11:41:31:438</time></pt><pt><x>1091</x><y>727</y><time>13-01-22 11:41:32:221</time></pt><pt><x>1047</x><y>708</y><time>13-01-22 11:41:32:884</time></pt><pt><x>1034</x><y>708</y><time>13-01-22 11:41:33:437</time></pt><pt><x>981</x><y>678</y><time>13-01-22 11:41:34:066</time></pt><pt><x>951</x><y>676</y><time>13-01-22 11:41:34:738</time></pt><pt><x>907</x><y>697</y><time>13-01-22 11:41:35:339</time></pt><closed_date>13-01-22 11:41:35:804</closed_date></polygon></object><object><name>restoration</name><deleted>0</deleted><verified>0</verified><occluded>no</occluded><attributes /><parts><hasparts /><ispartof>9</ispartof></parts><date>13-01-22 11:41:52:065</date><id>12</id><polygon><username>anonymous</username><pt><x>35</x><y>674</y><time>13-01-22 11:41:42:056</time></pt><pt><x>122</x><y>692</y><time>13-01-22 11:41:42:809</time></pt><pt><x>162</x><y>752</y><time>13-01-22 11:41:43:499</time></pt><pt><x>247</x><y>720</y><time>13-01-22 11:41:44:496</time></pt><pt><x>245</x><y>681</y><time>13-01-22 11:41:45:191</time></pt><pt><x>339</x><y>681</y><time>13-01-22 11:41:45:799</time></pt><pt><x>258</x><y>641</y><time>13-01-22 11:41:46:589</time></pt><pt><x>173</x><y>639</y><time>13-01-22 11:41:47:396</time></pt><pt><x>104</x><y>602</y><time>13-01-22 11:41:48:044</time></pt><pt><x>65</x><y>584</y><time>13-01-22 11:41:48:685</time></pt><pt><x>39</x><y>591</y><time>13-01-22 11:41:49:247</time></pt><closed_date>13-01-22 11:41:50:022</closed_date></polygon></object><object><name>restoration</name><deleted>0</deleted><verified>0</verified><occluded>no</occluded><attributes /><parts><hasparts /><ispartof>1</ispartof></parts><date>13-01-22 11:42:06:647</date><id>13</id><polygon><username>anonymous</username><pt><x>591</x><y>355</y><time>13-01-22 11:41:57:808</time></pt><pt><x>632</x><y>272</y><time>13-01-22 11:41:58:883</time></pt><pt><x>681</x><y>242</y><time>13-01-22 11:41:59:539</time></pt><pt><x>720</x><y>316</y><time>13-01-22 11:42:00:174</time></pt><pt><x>757</x><y>399</y><time>13-01-22 11:42:00:867</time></pt><pt><x>761</x><y>457</y><time>13-01-22 11:42:01:802</time></pt><pt><x>706</x><y>450</y><time>13-01-22 11:42:02:389</time></pt><pt><x>658</x><y>475</y><time>13-01-22 11:42:02:982</time></pt><pt><x>584</x><y>468</y><time>13-01-22 11:42:03:505</time></pt><pt><x>598</x><y>431</y><time>13-01-22 11:42:04:122</time></pt><closed_date>13-01-22 11:42:04:799</closed_date></polygon></object><object><name>restoration</name><deleted>0</deleted><verified>0</verified><occluded>no</occluded><attributes /><parts><hasparts /><ispartof>0</ispartof></parts><date>13-01-22 11:42:29:350</date><id>14</id><polygon><username>anonymous</username><pt><x>173</x><y>383</y><time>13-01-22 11:42:18:537</time></pt><pt><x>143</x><y>328</y><time>13-01-22 11:42:19:639</time></pt><pt><x>111</x><y>325</y><time>13-01-22 11:42:21:350</time></pt><pt><x>69</x><y>348</y><time>13-01-22 11:42:22:853</time></pt><pt><x>46</x><y>404</y><time>13-01-22 11:42:23:501</time></pt><pt><x>55</x><y>431</y><time>13-01-22 11:42:24:208</time></pt><pt><x>81</x><y>457</y><time>13-01-22 11:42:24:913</time></pt><pt><x>127</x><y>468</y><time>13-01-22 11:42:25:635</time></pt><pt><x>168</x><y>420</y><time>13-01-22 11:42:26:279</time></pt><closed_date>13-01-22 11:42:26:895</closed_date></polygon></object><imagesize><nrows /><ncols /></imagesize></annotation>