<annotation><filename>imagem-135.jpg</filename><folder>segmentation_xray</folder><source><sourceImage>The MIT-CSAIL database of objects and scenes</sourceImage><sourceAnnotation>LabelMe Webtool</sourceAnnotation></source><object><name>tooth</name><deleted>0</deleted><verified>0</verified><occluded>no</occluded><attributes>23</attributes><parts><hasparts /><ispartof /></parts><date>16-01-22 21:10:17:535</date><id>0</id><type>bounding_box</type><polygon><username>anonymous</username><pt><x>319</x><y>3</y><time>16-01-22 21:10:05:384</time></pt><pt><x>22</x><y>3</y><time>16-01-22 21:10:07:407</time></pt><pt><x>22</x><y>376</y><time>undefined</time></pt><pt><x>319</x><y>376</y><time>undefined</time></pt><closed_date>16-01-22 21:10:07:408</closed_date></polygon></object><object><name>tooth</name><deleted>0</deleted><verified>0</verified><occluded>no</occluded><attributes>24</attributes><parts><hasparts>14</hasparts><ispartof /></parts><date>16-01-22 21:10:27:157</date><id>1</id><type>bounding_box</type><polygon><username>anonymous</username><pt><x>491</x><y>367</y><time>16-01-22 21:10:19:240</time></pt><pt><x>282</x><y>367</y><time>16-01-22 21:10:22:686</time></pt><pt><x>282</x><y>2</y><time>undefined</time></pt><pt><x>491</x><y>2</y><time>undefined</time></pt><closed_date>16-01-22 21:10:22:686</closed_date></polygon></object><object><name>tooth</name><deleted>0</deleted><verified>0</verified><occluded>no</occluded><attributes>25</attributes><parts><hasparts>13</hasparts><ispartof /></parts><date>16-01-22 21:10:36:060</date><id>2</id><type>bounding_box</type><polygon><username>anonymous</username><pt><x>708</x><y>359</y><time>16-01-22 21:10:28:848</time></pt><pt><x>498</x><y>359</y><time>16-01-22 21:10:31:422</time></pt><pt><x>498</x><y>5</y><time>undefined</time></pt><pt><x>708</x><y>5</y><time>undefined</time></pt><closed_date>16-01-22 21:10:31:422</closed_date></polygon></object><object><name>tooth</name><deleted>0</deleted><verified>0</verified><occluded>no</occluded><attributes>26</attributes><parts><hasparts>10,11,12</hasparts><ispartof /></parts><date>16-01-22 21:10:45:686</date><id>3</id><type>bounding_box</type><polygon><username>anonymous</username><pt><x>1020</x><y>2</y><time>16-01-22 21:10:38:424</time></pt><pt><x>710</x><y>2</y><time>16-01-22 21:10:40:511</time></pt><pt><x>710</x><y>351</y><time>undefined</time></pt><pt><x>1020</x><y>351</y><time>undefined</time></pt><closed_date>16-01-22 21:10:40:511</closed_date></polygon></object><object><name>tooth</name><deleted>0</deleted><verified>0</verified><occluded>no</occluded><attributes>27</attributes><parts><hasparts /><ispartof /></parts><date>16-01-22 21:10:52:053</date><id>4</id><type>bounding_box</type><polygon><username>anonymous</username><pt><x>1219</x><y>377</y><time>16-01-22 21:10:46:735</time></pt><pt><x>1012</x><y>377</y><time>16-01-22 21:10:48:902</time></pt><pt><x>1012</x><y>7</y><time>undefined</time></pt><pt><x>1219</x><y>7</y><time>undefined</time></pt><closed_date>16-01-22 21:10:48:903</closed_date></polygon></object><object><name>tooth</name><deleted>0</deleted><verified>0</verified><occluded>no</occluded><attributes>38</attributes><parts><hasparts>15,16,17</hasparts><ispartof /></parts><date>16-01-22 21:11:01:896</date><id>5</id><type>bounding_box</type><polygon><username>anonymous</username><pt><x>1219</x><y>426</y><time>16-01-22 21:10:52:924</time></pt><pt><x>935</x><y>426</y><time>16-01-22 21:10:54:922</time></pt><pt><x>935</x><y>902</y><time>undefined</time></pt><pt><x>1219</x><y>902</y><time>undefined</time></pt><closed_date>16-01-22 21:10:54:922</closed_date></polygon></object><object><name>tooth</name><deleted>0</deleted><verified>0</verified><occluded>no</occluded><attributes>36</attributes><parts><hasparts>18,19</hasparts><ispartof /></parts><date>16-01-22 21:11:08:753</date><id>6</id><type>bounding_box</type><polygon><username>anonymous</username><pt><x>488</x><y>442</y><time>16-01-22 21:11:03:428</time></pt><pt><x>895</x><y>442</y><time>16-01-22 21:11:05:034</time></pt><pt><x>895</x><y>948</y><time>undefined</time></pt><pt><x>488</x><y>948</y><time>undefined</time></pt><closed_date>16-01-22 21:11:05:035</closed_date></polygon></object><object><name>tooth</name><deleted>0</deleted><verified>0</verified><occluded>no</occluded><attributes>35</attributes><parts><hasparts>21,22</hasparts><ispartof /></parts><date>16-01-22 21:11:16:401</date><id>7</id><type>bounding_box</type><polygon><username>anonymous</username><pt><x>264</x><y>436</y><time>16-01-22 21:11:10:098</time></pt><pt><x>503</x><y>436</y><time>16-01-22 21:11:12:603</time></pt><pt><x>503</x><y>947</y><time>undefined</time></pt><pt><x>264</x><y>947</y><time>undefined</time></pt><closed_date>16-01-22 21:11:12:603</closed_date></polygon></object><object><name>tooth</name><deleted>0</deleted><verified>0</verified><occluded>no</occluded><attributes>34</attributes><parts><hasparts>20</hasparts><ispartof /></parts><date>16-01-22 21:11:23:801</date><id>8</id><type>bounding_box</type><polygon><username>anonymous</username><pt><x>37</x><y>427</y><time>16-01-22 21:11:17:588</time></pt><pt><x>292</x><y>427</y><time>16-01-22 21:11:20:434</time></pt><pt><x>292</x><y>925</y><time>undefined</time></pt><pt><x>37</x><y>925</y><time>undefined</time></pt><closed_date>16-01-22 21:11:20:435</closed_date></polygon></object><object><name>tooth</name><deleted>0</deleted><verified>0</verified><occluded>no</occluded><attributes>33</attributes><parts><hasparts /><ispartof /></parts><date>16-01-22 21:11:31:513</date><id>9</id><type>bounding_box</type><polygon><username>anonymous</username><pt><x>8</x><y>454</y><time>16-01-22 21:11:25:524</time></pt><pt><x>124</x><y>454</y><time>16-01-22 21:11:27:938</time></pt><pt><x>124</x><y>943</y><time>undefined</time></pt><pt><x>8</x><y>943</y><time>undefined</time></pt><closed_date>16-01-22 21:11:27:938</closed_date></polygon></object><object><name>restoration</name><deleted>0</deleted><verified>0</verified><occluded>no</occluded><attributes /><parts><hasparts /><ispartof>3</ispartof></parts><date>16-01-22 21:11:44:505</date><id>10</id><polygon><username>anonymous</username><pt><x>716</x><y>227</y><time>16-01-22 21:11:35:244</time></pt><pt><x>735</x><y>222</y><time>16-01-22 21:11:36:026</time></pt><pt><x>741</x><y>205</y><time>16-01-22 21:11:36:522</time></pt><pt><x>758</x><y>202</y><time>16-01-22 21:11:36:866</time></pt><pt><x>785</x><y>205</y><time>16-01-22 21:11:37:779</time></pt><pt><x>803</x><y>230</y><time>16-01-22 21:11:38:202</time></pt><pt><x>815</x><y>262</y><time>16-01-22 21:11:38:685</time></pt><pt><x>805</x><y>287</y><time>16-01-22 21:11:39:122</time></pt><pt><x>790</x><y>302</y><time>16-01-22 21:11:39:714</time></pt><pt><x>753</x><y>299</y><time>16-01-22 21:11:40:370</time></pt><pt><x>721</x><y>299</y><time>16-01-22 21:11:40:874</time></pt><pt><x>710</x><y>287</y><time>16-01-22 21:11:41:234</time></pt><closed_date>16-01-22 21:11:41:666</closed_date></polygon></object><object><name>restoration</name><deleted>0</deleted><verified>0</verified><occluded>no</occluded><attributes /><parts><hasparts /><ispartof>3</ispartof></parts><date>16-01-22 21:12:04:935</date><id>11</id><polygon><username>anonymous</username><pt><x>845</x><y>311</y><time>16-01-22 21:11:57:362</time></pt><pt><x>882</x><y>307</y><time>16-01-22 21:11:58:072</time></pt><pt><x>897</x><y>255</y><time>16-01-22 21:11:59:287</time></pt><pt><x>883</x><y>237</y><time>16-01-22 21:12:00:023</time></pt><pt><x>865</x><y>234</y><time>16-01-22 21:12:00:423</time></pt><pt><x>853</x><y>239</y><time>16-01-22 21:12:00:792</time></pt><pt><x>831</x><y>250</y><time>16-01-22 21:12:01:424</time></pt><pt><x>828</x><y>275</y><time>16-01-22 21:12:01:856</time></pt><pt><x>826</x><y>301</y><time>16-01-22 21:12:02:231</time></pt><closed_date>16-01-22 21:12:02:591</closed_date></polygon></object><object><name>restoration</name><deleted>0</deleted><verified>0</verified><occluded>no</occluded><attributes /><parts><hasparts /><ispartof>3</ispartof></parts><date>16-01-22 21:12:11:541</date><id>12</id><polygon><username>anonymous</username><pt><x>900</x><y>306</y><time>16-01-22 21:12:05:858</time></pt><pt><x>910</x><y>275</y><time>16-01-22 21:12:06:256</time></pt><pt><x>932</x><y>264</y><time>16-01-22 21:12:06:584</time></pt><pt><x>938</x><y>250</y><time>16-01-22 21:12:06:952</time></pt><pt><x>957</x><y>245</y><time>16-01-22 21:12:07:288</time></pt><pt><x>975</x><y>249</y><time>16-01-22 21:12:07:560</time></pt><pt><x>985</x><y>260</y><time>16-01-22 21:12:07:848</time></pt><pt><x>988</x><y>277</y><time>16-01-22 21:12:08:160</time></pt><pt><x>973</x><y>280</y><time>16-01-22 21:12:08:473</time></pt><pt><x>948</x><y>280</y><time>16-01-22 21:12:08:695</time></pt><pt><x>920</x><y>287</y><time>16-01-22 21:12:08:984</time></pt><closed_date>16-01-22 21:12:09:288</closed_date></polygon></object><object><name>restoration</name><deleted>0</deleted><verified>0</verified><occluded>no</occluded><attributes /><parts><hasparts /><ispartof>2</ispartof></parts><date>16-01-22 21:12:22:551</date><id>13</id><polygon><username>anonymous</username><pt><x>588</x><y>277</y><time>16-01-22 21:12:12:897</time></pt><pt><x>593</x><y>247</y><time>16-01-22 21:12:13:352</time></pt><pt><x>626</x><y>244</y><time>16-01-22 21:12:13:648</time></pt><pt><x>634</x><y>255</y><time>16-01-22 21:12:13:976</time></pt><pt><x>651</x><y>245</y><time>16-01-22 21:12:17:591</time></pt><pt><x>659</x><y>232</y><time>16-01-22 21:12:18:031</time></pt><pt><x>673</x><y>255</y><time>16-01-22 21:12:18:472</time></pt><pt><x>683</x><y>274</y><time>16-01-22 21:12:18:920</time></pt><pt><x>683</x><y>287</y><time>16-01-22 21:12:19:279</time></pt><pt><x>643</x><y>287</y><time>16-01-22 21:12:19:623</time></pt><pt><x>609</x><y>292</y><time>16-01-22 21:12:19:904</time></pt><closed_date>16-01-22 21:12:20:296</closed_date></polygon></object><object><name>restoration</name><deleted>0</deleted><verified>0</verified><occluded>no</occluded><attributes /><parts><hasparts /><ispartof>1</ispartof></parts><date>16-01-22 21:12:28:983</date><id>14</id><polygon><username>anonymous</username><pt><x>344</x><y>296</y><time>16-01-22 21:12:24:130</time></pt><pt><x>369</x><y>302</y><time>16-01-22 21:12:24:711</time></pt><pt><x>374</x><y>287</y><time>16-01-22 21:12:25:016</time></pt><pt><x>371</x><y>279</y><time>16-01-22 21:12:25:360</time></pt><pt><x>339</x><y>270</y><time>16-01-22 21:12:25:696</time></pt><pt><x>314</x><y>269</y><time>16-01-22 21:12:26:152</time></pt><pt><x>304</x><y>291</y><time>16-01-22 21:12:26:506</time></pt><closed_date>16-01-22 21:12:26:889</closed_date></polygon></object><object><name>restoration</name><deleted>0</deleted><verified>0</verified><occluded>no</occluded><attributes /><parts><hasparts /><ispartof>5</ispartof></parts><date>16-01-22 21:12:42:005</date><id>15</id><polygon><username>anonymous</username><pt><x>1035</x><y>574</y><time>16-01-22 21:12:30:066</time></pt><pt><x>1047</x><y>618</y><time>16-01-22 21:12:32:104</time></pt><pt><x>1069</x><y>629</y><time>16-01-22 21:12:32:688</time></pt><pt><x>1089</x><y>624</y><time>16-01-22 21:12:33:026</time></pt><pt><x>1105</x><y>621</y><time>16-01-22 21:12:33:392</time></pt><pt><x>1125</x><y>604</y><time>16-01-22 21:12:33:720</time></pt><pt><x>1129</x><y>578</y><time>16-01-22 21:12:34:080</time></pt><pt><x>1130</x><y>561</y><time>16-01-22 21:12:34:448</time></pt><pt><x>1127</x><y>539</y><time>16-01-22 21:12:34:840</time></pt><pt><x>1092</x><y>514</y><time>16-01-22 21:12:35:224</time></pt><pt><x>1055</x><y>511</y><time>16-01-22 21:12:37:153</time></pt><pt><x>1049</x><y>536</y><time>16-01-22 21:12:37:529</time></pt><pt><x>1043</x><y>564</y><time>16-01-22 21:12:37:871</time></pt><closed_date>16-01-22 21:12:38:415</closed_date></polygon></object><object><name>restoration</name><deleted>0</deleted><verified>0</verified><occluded>no</occluded><attributes /><parts><hasparts /><ispartof>5</ispartof></parts><date>16-01-22 21:12:47:285</date><id>16</id><polygon><username>anonymous</username><pt><x>983</x><y>558</y><time>16-01-22 21:12:42:882</time></pt><pt><x>1007</x><y>564</y><time>16-01-22 21:12:43:504</time></pt><pt><x>1025</x><y>553</y><time>16-01-22 21:12:43:872</time></pt><pt><x>1035</x><y>531</y><time>16-01-22 21:12:44:255</time></pt><pt><x>1023</x><y>528</y><time>16-01-22 21:12:44:639</time></pt><pt><x>997</x><y>536</y><time>16-01-22 21:12:44:936</time></pt><closed_date>16-01-22 21:12:45:255</closed_date></polygon></object><object><name>restoration</name><deleted>0</deleted><verified>0</verified><occluded>no</occluded><attributes /><parts><hasparts /><ispartof>5</ispartof></parts><date>16-01-22 21:12:53:761</date><id>17</id><polygon><username>anonymous</username><pt><x>1117</x><y>519</y><time>16-01-22 21:12:48:210</time></pt><pt><x>1150</x><y>534</y><time>16-01-22 21:12:48:672</time></pt><pt><x>1154</x><y>534</y><time>16-01-22 21:12:49:008</time></pt><pt><x>1170</x><y>521</y><time>16-01-22 21:12:49:610</time></pt><pt><x>1175</x><y>506</y><time>16-01-22 21:12:49:962</time></pt><pt><x>1179</x><y>467</y><time>16-01-22 21:12:50:787</time></pt><closed_date>16-01-22 21:12:51:539</closed_date></polygon></object><object><name>restoration</name><deleted>0</deleted><verified>0</verified><occluded>no</occluded><attributes /><parts><hasparts /><ispartof>6</ispartof></parts><date>16-01-22 21:13:12:575</date><id>18</id><polygon><username>anonymous</username><pt><x>553</x><y>589</y><time>16-01-22 21:12:55:083</time></pt><pt><x>588</x><y>574</y><time>16-01-22 21:12:56:466</time></pt><pt><x>598</x><y>558</y><time>16-01-22 21:12:56:922</time></pt><pt><x>598</x><y>553</y><time>16-01-22 21:12:58:619</time></pt><pt><x>624</x><y>564</y><time>16-01-22 21:12:59:067</time></pt><pt><x>658</x><y>559</y><time>16-01-22 21:12:59:468</time></pt><pt><x>675</x><y>544</y><time>16-01-22 21:12:59:842</time></pt><pt><x>700</x><y>531</y><time>16-01-22 21:13:00:186</time></pt><pt><x>718</x><y>511</y><time>16-01-22 21:13:00:570</time></pt><pt><x>725</x><y>493</y><time>16-01-22 21:13:01:258</time></pt><pt><x>708</x><y>489</y><time>16-01-22 21:13:01:690</time></pt><pt><x>691</x><y>483</y><time>16-01-22 21:13:02:091</time></pt><pt><x>686</x><y>471</y><time>16-01-22 21:13:02:490</time></pt><pt><x>670</x><y>467</y><time>16-01-22 21:13:02:771</time></pt><pt><x>651</x><y>467</y><time>16-01-22 21:13:03:026</time></pt><pt><x>624</x><y>457</y><time>16-01-22 21:13:03:482</time></pt><pt><x>598</x><y>469</y><time>16-01-22 21:13:04:002</time></pt><pt><x>588</x><y>467</y><time>16-01-22 21:13:04:474</time></pt><pt><x>581</x><y>456</y><time>16-01-22 21:13:04:827</time></pt><pt><x>566</x><y>466</y><time>16-01-22 21:13:05:114</time></pt><pt><x>526</x><y>469</y><time>16-01-22 21:13:05:426</time></pt><pt><x>514</x><y>486</y><time>16-01-22 21:13:07:771</time></pt><pt><x>506</x><y>513</y><time>16-01-22 21:13:08:691</time></pt><pt><x>508</x><y>548</y><time>16-01-22 21:13:09:130</time></pt><pt><x>521</x><y>579</y><time>16-01-22 21:13:09:787</time></pt><closed_date>16-01-22 21:13:10:202</closed_date></polygon></object><object><name>restoration</name><deleted>0</deleted><verified>0</verified><occluded>no</occluded><attributes /><parts><hasparts /><ispartof>6</ispartof></parts><date>16-01-22 21:13:23:545</date><id>19</id><polygon><username>anonymous</username><pt><x>738</x><y>518</y><time>16-01-22 21:13:13:524</time></pt><pt><x>756</x><y>526</y><time>16-01-22 21:13:14:003</time></pt><pt><x>771</x><y>524</y><time>16-01-22 21:13:14:362</time></pt><pt><x>778</x><y>538</y><time>16-01-22 21:13:14:835</time></pt><pt><x>776</x><y>558</y><time>16-01-22 21:13:15:235</time></pt><pt><x>791</x><y>578</y><time>16-01-22 21:13:15:787</time></pt><pt><x>816</x><y>586</y><time>16-01-22 21:13:16:194</time></pt><pt><x>838</x><y>576</y><time>16-01-22 21:13:16:587</time></pt><pt><x>851</x><y>546</y><time>16-01-22 21:13:17:347</time></pt><pt><x>846</x><y>494</y><time>16-01-22 21:13:18:163</time></pt><pt><x>833</x><y>474</y><time>16-01-22 21:13:18:682</time></pt><pt><x>793</x><y>472</y><time>16-01-22 21:13:19:107</time></pt><pt><x>758</x><y>471</y><time>16-01-22 21:13:19:490</time></pt><pt><x>730</x><y>484</y><time>16-01-22 21:13:20:115</time></pt><pt><x>730</x><y>493</y><time>16-01-22 21:13:20:563</time></pt><pt><x>735</x><y>498</y><time>16-01-22 21:13:20:939</time></pt><closed_date>16-01-22 21:13:21:221</closed_date></polygon></object><object><name>restoration</name><deleted>0</deleted><verified>0</verified><occluded>no</occluded><attributes /><parts><hasparts /><ispartof>8</ispartof></parts><date>16-01-22 21:13:38:258</date><id>20</id><polygon><username>anonymous</username><pt><x>159</x><y>501</y><time>16-01-22 21:13:28:335</time></pt><pt><x>175</x><y>511</y><time>16-01-22 21:13:28:795</time></pt><pt><x>190</x><y>496</y><time>16-01-22 21:13:29:715</time></pt><pt><x>195</x><y>516</y><time>16-01-22 21:13:30:237</time></pt><pt><x>205</x><y>531</y><time>16-01-22 21:13:30:579</time></pt><pt><x>225</x><y>533</y><time>16-01-22 21:13:30:819</time></pt><pt><x>227</x><y>544</y><time>16-01-22 21:13:31:277</time></pt><pt><x>229</x><y>564</y><time>16-01-22 21:13:31:653</time></pt><pt><x>247</x><y>581</y><time>16-01-22 21:13:32:139</time></pt><pt><x>279</x><y>569</y><time>16-01-22 21:13:32:523</time></pt><pt><x>280</x><y>539</y><time>16-01-22 21:13:33:002</time></pt><pt><x>274</x><y>511</y><time>16-01-22 21:13:33:379</time></pt><pt><x>250</x><y>503</y><time>16-01-22 21:13:33:739</time></pt><pt><x>224</x><y>488</y><time>16-01-22 21:13:34:203</time></pt><pt><x>184</x><y>478</y><time>16-01-22 21:13:34:611</time></pt><pt><x>165</x><y>481</y><time>16-01-22 21:13:34:987</time></pt><pt><x>155</x><y>488</y><time>16-01-22 21:13:35:379</time></pt><closed_date>16-01-22 21:13:35:723</closed_date></polygon></object><object><name>restoration</name><deleted>0</deleted><verified>0</verified><occluded>no</occluded><attributes /><parts><hasparts /><ispartof>7</ispartof></parts><date>16-01-22 21:13:46:833</date><id>21</id><polygon><username>anonymous</username><pt><x>306</x><y>556</y><time>16-01-22 21:13:41:724</time></pt><pt><x>316</x><y>543</y><time>16-01-22 21:13:42:082</time></pt><pt><x>316</x><y>521</y><time>16-01-22 21:13:42:451</time></pt><pt><x>302</x><y>513</y><time>16-01-22 21:13:42:802</time></pt><pt><x>296</x><y>516</y><time>16-01-22 21:13:43:163</time></pt><pt><x>280</x><y>526</y><time>16-01-22 21:13:43:563</time></pt><pt><x>277</x><y>548</y><time>16-01-22 21:13:43:938</time></pt><pt><x>292</x><y>558</y><time>16-01-22 21:13:44:338</time></pt><closed_date>16-01-22 21:13:44:667</closed_date></polygon></object><object><name>restoration</name><deleted>0</deleted><verified>0</verified><occluded>no</occluded><attributes /><parts><hasparts /><ispartof>7</ispartof></parts><date>16-01-22 21:13:58:674</date><id>22</id><polygon><username>anonymous</username><pt><x>319</x><y>494</y><time>16-01-22 21:13:49:700</time></pt><pt><x>336</x><y>518</y><time>16-01-22 21:13:50:034</time></pt><pt><x>367</x><y>529</y><time>16-01-22 21:13:50:306</time></pt><pt><x>389</x><y>526</y><time>16-01-22 21:13:50:563</time></pt><pt><x>406</x><y>529</y><time>16-01-22 21:13:50:859</time></pt><pt><x>434</x><y>541</y><time>16-01-22 21:13:51:282</time></pt><pt><x>472</x><y>524</y><time>16-01-22 21:13:51:701</time></pt><pt><x>494</x><y>526</y><time>16-01-22 21:13:51:991</time></pt><pt><x>504</x><y>498</y><time>16-01-22 21:13:52:907</time></pt><pt><x>467</x><y>478</y><time>16-01-22 21:13:53:451</time></pt><pt><x>439</x><y>499</y><time>16-01-22 21:13:54:317</time></pt><pt><x>421</x><y>484</y><time>16-01-22 21:13:54:851</time></pt><pt><x>404</x><y>469</y><time>16-01-22 21:13:55:211</time></pt><pt><x>371</x><y>464</y><time>16-01-22 21:13:55:531</time></pt><pt><x>332</x><y>471</y><time>16-01-22 21:13:56:051</time></pt><closed_date>16-01-22 21:13:56:407</closed_date></polygon></object><imagesize><nrows /><ncols /></imagesize></annotation>