<annotation><filename>imagem-066.jpg</filename><folder>segmentation_xray</folder><source><sourceImage>The MIT-CSAIL database of objects and scenes</sourceImage><sourceAnnotation>LabelMe Webtool</sourceAnnotation></source><object><name>tooth 17</name><deleted>0</deleted><verified>0</verified><occluded>no</occluded><attributes /><parts><hasparts /><ispartof /></parts><date>17-01-22 20:06:24:413</date><id>0</id><type>bounding_box</type><polygon><username>anonymous</username><pt><x>129</x><y>449</y><time>17-01-22 20:06:19:046</time></pt><pt><x>464</x><y>449</y><time>17-01-22 20:06:20:624</time></pt><pt><x>464</x><y>1</y><time>undefined</time></pt><pt><x>129</x><y>1</y><time>undefined</time></pt><closed_date>17-01-22 20:06:20:626</closed_date></polygon></object><object><name>tooth 16</name><deleted>0</deleted><verified>0</verified><occluded>no</occluded><attributes /><parts><hasparts /><ispartof /></parts><date>17-01-22 20:06:33:075</date><id>1</id><type>bounding_box</type><polygon><username>anonymous</username><pt><x>456</x><y>504</y><time>17-01-22 20:06:26:169</time></pt><pt><x>807</x><y>504</y><time>17-01-22 20:06:30:608</time></pt><pt><x>807</x><y>2</y><time>undefined</time></pt><pt><x>456</x><y>2</y><time>undefined</time></pt><closed_date>17-01-22 20:06:30:608</closed_date></polygon></object><object><name>tooth 15</name><deleted>0</deleted><verified>0</verified><occluded>no</occluded><attributes /><parts><hasparts /><ispartof /></parts><date>17-01-22 20:06:39:350</date><id>2</id><type>bounding_box</type><polygon><username>anonymous</username><pt><x>800</x><y>552</y><time>17-01-22 20:06:34:750</time></pt><pt><x>1047</x><y>552</y><time>17-01-22 20:06:36:691</time></pt><pt><x>1047</x><y>4</y><time>undefined</time></pt><pt><x>800</x><y>4</y><time>undefined</time></pt><closed_date>17-01-22 20:06:36:692</closed_date></polygon></object><object><name>tooth 14</name><deleted>0</deleted><verified>0</verified><occluded>no</occluded><attributes /><parts><hasparts /><ispartof /></parts><date>17-01-22 20:06:46:869</date><id>3</id><type>bounding_box</type><polygon><username>anonymous</username><pt><x>1033</x><y>578</y><time>17-01-22 20:06:41:034</time></pt><pt><x>1217</x><y>578</y><time>17-01-22 20:06:44:405</time></pt><pt><x>1217</x><y>11</y><time>undefined</time></pt><pt><x>1033</x><y>11</y><time>undefined</time></pt><closed_date>17-01-22 20:06:44:405</closed_date></polygon></object><object><name>tooth 44</name><deleted>0</deleted><verified>0</verified><occluded>no</occluded><attributes /><parts><hasparts /><ispartof /></parts><date>17-01-22 20:06:52:878</date><id>4</id><type>bounding_box</type><polygon><username>anonymous</username><pt><x>1070</x><y>658</y><time>17-01-22 20:06:48:442</time></pt><pt><x>1219</x><y>658</y><time>17-01-22 20:06:50:334</time></pt><pt><x>1219</x><y>925</y><time>undefined</time></pt><pt><x>1070</x><y>925</y><time>undefined</time></pt><closed_date>17-01-22 20:06:50:334</closed_date></polygon></object><object><name>tooth 45</name><deleted>0</deleted><verified>0</verified><occluded>no</occluded><attributes /><parts><hasparts /><ispartof /></parts><date>17-01-22 20:06:59:319</date><id>5</id><type>bounding_box</type><polygon><username>anonymous</username><pt><x>833</x><y>617</y><time>17-01-22 20:06:54:518</time></pt><pt><x>1092</x><y>617</y><time>17-01-22 20:06:56:571</time></pt><pt><x>1092</x><y>948</y><time>undefined</time></pt><pt><x>833</x><y>948</y><time>undefined</time></pt><closed_date>17-01-22 20:06:56:571</closed_date></polygon></object><object><name>tooth 46</name><deleted>0</deleted><verified>0</verified><occluded>no</occluded><attributes /><parts><hasparts>8</hasparts><ispartof /></parts><date>17-01-22 20:07:07:018</date><id>6</id><type>bounding_box</type><polygon><username>anonymous</username><pt><x>464</x><y>573</y><time>17-01-22 20:07:01:389</time></pt><pt><x>833</x><y>573</y><time>17-01-22 20:07:04:217</time></pt><pt><x>833</x><y>946</y><time>undefined</time></pt><pt><x>464</x><y>946</y><time>undefined</time></pt><closed_date>17-01-22 20:07:04:217</closed_date></polygon></object><object><name>tooth 47</name><deleted>0</deleted><verified>0</verified><occluded>no</occluded><attributes /><parts><hasparts /><ispartof /></parts><date>17-01-22 20:07:13:392</date><id>7</id><type>bounding_box</type><polygon><username>anonymous</username><pt><x>69</x><y>460</y><time>17-01-22 20:07:08:806</time></pt><pt><x>492</x><y>460</y><time>17-01-22 20:07:10:348</time></pt><pt><x>492</x><y>945</y><time>undefined</time></pt><pt><x>69</x><y>945</y><time>undefined</time></pt><closed_date>17-01-22 20:07:10:348</closed_date></polygon></object><object><name>restoration</name><deleted>0</deleted><verified>0</verified><occluded>no</occluded><attributes /><parts><hasparts /><ispartof>6</ispartof></parts><date>17-01-22 20:08:03:749</date><id>8</id><polygon><username>anonymous</username><pt><x>649</x><y>663</y><time>17-01-22 20:07:55:925</time></pt><pt><x>656</x><y>701</y><time>17-01-22 20:07:56:481</time></pt><pt><x>672</x><y>734</y><time>17-01-22 20:07:56:907</time></pt><pt><x>708</x><y>722</y><time>17-01-22 20:07:57:323</time></pt><pt><x>731</x><y>692</y><time>17-01-22 20:07:57:778</time></pt><pt><x>736</x><y>667</y><time>17-01-22 20:07:58:243</time></pt><pt><x>748</x><y>640</y><time>17-01-22 20:07:58:624</time></pt><pt><x>731</x><y>626</y><time>17-01-22 20:07:59:109</time></pt><pt><x>678</x><y>623</y><time>17-01-22 20:07:59:571</time></pt><pt><x>672</x><y>647</y><time>17-01-22 20:08:00:008</time></pt><closed_date>17-01-22 20:08:00:403</closed_date></polygon></object><imagesize><nrows /><ncols /></imagesize></annotation>