<annotation><filename>imagem-097.jpg</filename><folder>segmentation_xray</folder><source><sourceImage>The MIT-CSAIL database of objects and scenes</sourceImage><sourceAnnotation>LabelMe Webtool</sourceAnnotation></source><object><name>tooth 27</name><deleted>0</deleted><verified>0</verified><occluded>no</occluded><attributes /><parts><hasparts>9</hasparts><ispartof /></parts><date>13-01-22 11:27:46:194</date><id>0</id><type>bounding_box</type><polygon><username>anonymous</username><pt><x>1269</x><y>542</y><time>13-01-22 11:27:40:030</time></pt><pt><x>1599</x><y>542</y><time>13-01-22 11:27:41:817</time></pt><pt><x>1599</x><y>7</y><time>undefined</time></pt><pt><x>1269</x><y>7</y><time>undefined</time></pt><closed_date>13-01-22 11:27:41:819</closed_date></polygon></object><object><name>tooth 26</name><deleted>0</deleted><verified>0</verified><occluded>no</occluded><attributes /><parts><hasparts>10</hasparts><ispartof /></parts><date>13-01-22 11:27:53:593</date><id>1</id><type>bounding_box</type><polygon><username>anonymous</username><pt><x>838</x><y>558</y><time>13-01-22 11:27:47:983</time></pt><pt><x>1290</x><y>558</y><time>13-01-22 11:27:50:645</time></pt><pt><x>1290</x><y>1</y><time>undefined</time></pt><pt><x>838</x><y>1</y><time>undefined</time></pt><closed_date>13-01-22 11:27:50:645</closed_date></polygon></object><object><name>tooth 24</name><deleted>0</deleted><verified>0</verified><occluded>no</occluded><attributes /><parts><hasparts>11</hasparts><ispartof /></parts><date>13-01-22 11:28:00:960</date><id>2</id><type>bounding_box</type><polygon><username>anonymous</username><pt><x>341</x><y>598</y><time>13-01-22 11:27:56:094</time></pt><pt><x>637</x><y>598</y><time>13-01-22 11:27:58:379</time></pt><pt><x>637</x><y>5</y><time>undefined</time></pt><pt><x>341</x><y>5</y><time>undefined</time></pt><closed_date>13-01-22 11:27:58:380</closed_date></polygon></object><object><name>tooth 23</name><deleted>0</deleted><verified>0</verified><occluded>no</occluded><attributes /><parts><hasparts /><ispartof /></parts><date>13-01-22 11:28:08:664</date><id>3</id><type>bounding_box</type><polygon><username>anonymous</username><pt><x>5</x><y>572</y><time>13-01-22 11:28:03:458</time></pt><pt><x>431</x><y>572</y><time>13-01-22 11:28:05:595</time></pt><pt><x>431</x><y>7</y><time>undefined</time></pt><pt><x>5</x><y>7</y><time>undefined</time></pt><closed_date>13-01-22 11:28:05:596</closed_date></polygon></object><object><name>tooth 37</name><deleted>0</deleted><verified>0</verified><occluded>no</occluded><attributes /><parts><hasparts>12</hasparts><ispartof /></parts><date>13-01-22 11:28:16:063</date><id>4</id><type>bounding_box</type><polygon><username>anonymous</username><pt><x>1281</x><y>577</y><time>13-01-22 11:28:10:813</time></pt><pt><x>1604</x><y>577</y><time>13-01-22 11:28:13:082</time></pt><pt><x>1604</x><y>1186</y><time>undefined</time></pt><pt><x>1281</x><y>1186</y><time>undefined</time></pt><closed_date>13-01-22 11:28:13:083</closed_date></polygon></object><object><name>tooth 36</name><deleted>0</deleted><verified>0</verified><occluded>no</occluded><attributes /><parts><hasparts>13</hasparts><ispartof /></parts><date>13-01-22 11:28:27:202</date><id>5</id><type>bounding_box</type><polygon><username>anonymous</username><pt><x>798</x><y>651</y><time>13-01-22 11:28:18:152</time></pt><pt><x>1359</x><y>651</y><time>13-01-22 11:28:20:843</time></pt><pt><x>1359</x><y>1232</y><time>undefined</time></pt><pt><x>798</x><y>1232</y><time>undefined</time></pt><closed_date>13-01-22 11:28:20:843</closed_date></polygon></object><object><name>tooth 35</name><deleted>0</deleted><verified>0</verified><occluded>no</occluded><attributes /><parts><hasparts>14</hasparts><ispartof /></parts><date>13-01-22 11:28:40:713</date><id>6</id><type>bounding_box</type><polygon><username>anonymous</username><pt><x>510</x><y>671</y><time>13-01-22 11:28:30:559</time></pt><pt><x>847</x><y>671</y><time>13-01-22 11:28:33:116</time></pt><pt><x>847</x><y>1237</y><time>undefined</time></pt><pt><x>510</x><y>1237</y><time>undefined</time></pt><closed_date>13-01-22 11:28:33:116</closed_date></polygon></object><object><name>tooth 34</name><deleted>0</deleted><verified>0</verified><occluded>no</occluded><attributes /><parts><hasparts /><ispartof /></parts><date>13-01-22 11:28:47:729</date><id>7</id><type>bounding_box</type><polygon><username>anonymous</username><pt><x>187</x><y>681</y><time>13-01-22 11:28:42:635</time></pt><pt><x>538</x><y>681</y><time>13-01-22 11:28:45:421</time></pt><pt><x>538</x><y>1237</y><time>undefined</time></pt><pt><x>187</x><y>1237</y><time>undefined</time></pt><closed_date>13-01-22 11:28:45:421</closed_date></polygon></object><object><name>tooth 33</name><deleted>0</deleted><verified>0</verified><occluded>no</occluded><attributes /><parts><hasparts /><ispartof /></parts><date>13-01-22 11:28:53:945</date><id>8</id><type>bounding_box</type><polygon><username>anonymous</username><pt><x>0</x><y>648</y><time>13-01-22 11:28:49:709</time></pt><pt><x>362</x><y>648</y><time>13-01-22 11:28:51:251</time></pt><pt><x>362</x><y>1234</y><time>undefined</time></pt><pt><x>0</x><y>1234</y><time>undefined</time></pt><closed_date>13-01-22 11:28:51:252</closed_date></polygon></object><object><name>restoration</name><deleted>0</deleted><verified>0</verified><occluded>no</occluded><attributes /><parts><hasparts /><ispartof>0</ispartof></parts><date>13-01-22 11:29:26:432</date><id>9</id><polygon><username>anonymous</username><pt><x>1421</x><y>362</y><time>13-01-22 11:29:11:708</time></pt><pt><x>1472</x><y>332</y><time>13-01-22 11:29:13:189</time></pt><pt><x>1534</x><y>321</y><time>13-01-22 11:29:14:042</time></pt><pt><x>1590</x><y>307</y><time>13-01-22 11:29:14:776</time></pt><pt><x>1604</x><y>378</y><time>13-01-22 11:29:15:811</time></pt><pt><x>1599</x><y>485</y><time>13-01-22 11:29:17:343</time></pt><pt><x>1585</x><y>510</y><time>13-01-22 11:29:18:133</time></pt><pt><x>1537</x><y>503</y><time>13-01-22 11:29:18:944</time></pt><pt><x>1511</x><y>489</y><time>13-01-22 11:29:19:601</time></pt><pt><x>1437</x><y>519</y><time>13-01-22 11:29:20:336</time></pt><pt><x>1401</x><y>547</y><time>13-01-22 11:29:20:947</time></pt><pt><x>1331</x><y>519</y><time>13-01-22 11:29:21:506</time></pt><pt><x>1336</x><y>418</y><time>13-01-22 11:29:22:857</time></pt><closed_date>13-01-22 11:29:24:023</closed_date></polygon></object><object><name>restoration</name><deleted>0</deleted><verified>0</verified><occluded>no</occluded><attributes /><parts><hasparts /><ispartof>1</ispartof></parts><date>13-01-22 11:30:05:310</date><id>10</id><polygon><username>anonymous</username><pt><x>1112</x><y>425</y><time>13-01-22 11:29:46:551</time></pt><pt><x>1119</x><y>371</y><time>13-01-22 11:29:47:373</time></pt><pt><x>1154</x><y>371</y><time>13-01-22 11:29:47:995</time></pt><pt><x>1186</x><y>383</y><time>13-01-22 11:29:48:624</time></pt><pt><x>1216</x><y>392</y><time>13-01-22 11:29:49:271</time></pt><pt><x>1209</x><y>459</y><time>13-01-22 11:29:50:220</time></pt><pt><x>1248</x><y>489</y><time>13-01-22 11:29:51:098</time></pt><pt><x>1188</x><y>556</y><time>13-01-22 11:29:51:816</time></pt><pt><x>1105</x><y>517</y><time>13-01-22 11:29:52:761</time></pt><pt><x>1052</x><y>515</y><time>13-01-22 11:29:53:769</time></pt><pt><x>1036</x><y>466</y><time>13-01-22 11:29:54:353</time></pt><pt><x>948</x><y>468</y><time>13-01-22 11:29:55:081</time></pt><pt><x>907</x><y>515</y><time>13-01-22 11:29:55:730</time></pt><pt><x>877</x><y>427</y><time>13-01-22 11:29:56:349</time></pt><pt><x>842</x><y>427</y><time>13-01-22 11:29:57:244</time></pt><pt><x>844</x><y>337</y><time>13-01-22 11:29:57:885</time></pt><pt><x>854</x><y>328</y><time>13-01-22 11:29:58:628</time></pt><pt><x>888</x><y>344</y><time>13-01-22 11:29:59:283</time></pt><pt><x>909</x><y>401</y><time>13-01-22 11:30:00:229</time></pt><pt><x>941</x><y>399</y><time>13-01-22 11:30:00:829</time></pt><pt><x>1004</x><y>399</y><time>13-01-22 11:30:01:438</time></pt><pt><x>1041</x><y>408</y><time>13-01-22 11:30:01:943</time></pt><pt><x>1075</x><y>443</y><time>13-01-22 11:30:02:865</time></pt><closed_date>13-01-22 11:30:03:537</closed_date></polygon></object><object><name>restoration</name><deleted>0</deleted><verified>0</verified><occluded>no</occluded><attributes /><parts><hasparts /><ispartof>2</ispartof></parts><date>13-01-22 11:30:19:357</date><id>11</id><polygon><username>anonymous</username><pt><x>475</x><y>388</y><time>13-01-22 11:30:10:663</time></pt><pt><x>545</x><y>418</y><time>13-01-22 11:30:11:723</time></pt><pt><x>547</x><y>480</y><time>13-01-22 11:30:12:504</time></pt><pt><x>565</x><y>510</y><time>13-01-22 11:30:13:162</time></pt><pt><x>487</x><y>554</y><time>13-01-22 11:30:13:985</time></pt><pt><x>431</x><y>561</y><time>13-01-22 11:30:14:702</time></pt><pt><x>392</x><y>519</y><time>13-01-22 11:30:15:530</time></pt><pt><x>392</x><y>475</y><time>13-01-22 11:30:16:141</time></pt><pt><x>397</x><y>434</y><time>13-01-22 11:30:16:684</time></pt><closed_date>13-01-22 11:30:17:439</closed_date></polygon></object><object><name>restoration</name><deleted>0</deleted><verified>0</verified><occluded>no</occluded><attributes /><parts><hasparts /><ispartof>4</ispartof></parts><date>13-01-22 11:30:48:128</date><id>12</id><polygon><username>anonymous</username><pt><x>1327</x><y>701</y><time>13-01-22 11:30:36:341</time></pt><pt><x>1387</x><y>718</y><time>13-01-22 11:30:36:981</time></pt><pt><x>1449</x><y>718</y><time>13-01-22 11:30:37:610</time></pt><pt><x>1479</x><y>768</y><time>13-01-22 11:30:38:309</time></pt><pt><x>1546</x><y>759</y><time>13-01-22 11:30:39:187</time></pt><pt><x>1553</x><y>718</y><time>13-01-22 11:30:39:745</time></pt><pt><x>1604</x><y>697</y><time>13-01-22 11:30:41:233</time></pt><pt><x>1604</x><y>579</y><time>13-01-22 11:30:42:285</time></pt><pt><x>1527</x><y>602</y><time>13-01-22 11:30:43:067</time></pt><pt><x>1479</x><y>637</y><time>13-01-22 11:30:43:970</time></pt><pt><x>1426</x><y>651</y><time>13-01-22 11:30:44:726</time></pt><pt><x>1371</x><y>641</y><time>13-01-22 11:30:45:398</time></pt><closed_date>13-01-22 11:30:46:291</closed_date></polygon></object><object><name>restoration</name><deleted>0</deleted><verified>0</verified><occluded>no</occluded><attributes /><parts><hasparts /><ispartof>5</ispartof></parts><date>13-01-22 11:31:26:008</date><id>13</id><polygon><username>anonymous</username><pt><x>1209</x><y>690</y><time>13-01-22 11:31:07:921</time></pt><pt><x>1170</x><y>761</y><time>13-01-22 11:31:08:779</time></pt><pt><x>1050</x><y>826</y><time>13-01-22 11:31:10:715</time></pt><pt><x>969</x><y>828</y><time>13-01-22 11:31:11:440</time></pt><pt><x>921</x><y>835</y><time>13-01-22 11:31:12:264</time></pt><pt><x>874</x><y>842</y><time>13-01-22 11:31:13:832</time></pt><pt><x>833</x><y>849</y><time>13-01-22 11:31:17:405</time></pt><pt><x>833</x><y>789</y><time>13-01-22 11:31:18:111</time></pt><pt><x>819</x><y>741</y><time>13-01-22 11:31:18:844</time></pt><pt><x>884</x><y>701</y><time>13-01-22 11:31:19:542</time></pt><pt><x>976</x><y>715</y><time>13-01-22 11:31:20:388</time></pt><pt><x>1008</x><y>718</y><time>13-01-22 11:31:20:988</time></pt><pt><x>1045</x><y>671</y><time>13-01-22 11:31:21:585</time></pt><pt><x>1133</x><y>653</y><time>13-01-22 11:31:22:235</time></pt><pt><x>1177</x><y>669</y><time>13-01-22 11:31:22:820</time></pt><closed_date>13-01-22 11:31:23:382</closed_date></polygon></object><object><name>restoration</name><deleted>0</deleted><verified>0</verified><occluded>no</occluded><attributes /><parts><hasparts /><ispartof>6</ispartof></parts><date>13-01-22 11:31:44:515</date><id>14</id><polygon><username>anonymous</username><pt><x>588</x><y>791</y><time>13-01-22 11:31:31:591</time></pt><pt><x>623</x><y>803</y><time>13-01-22 11:31:32:146</time></pt><pt><x>701</x><y>787</y><time>13-01-22 11:31:32:718</time></pt><pt><x>743</x><y>787</y><time>13-01-22 11:31:33:267</time></pt><pt><x>771</x><y>803</y><time>13-01-22 11:31:33:995</time></pt><pt><x>778</x><y>831</y><time>13-01-22 11:31:34:588</time></pt><pt><x>805</x><y>840</y><time>13-01-22 11:31:35:303</time></pt><pt><x>831</x><y>840</y><time>13-01-22 11:31:35:869</time></pt><pt><x>833</x><y>791</y><time>13-01-22 11:31:36:464</time></pt><pt><x>812</x><y>754</y><time>13-01-22 11:31:37:042</time></pt><pt><x>801</x><y>729</y><time>13-01-22 11:31:37:610</time></pt><pt><x>761</x><y>731</y><time>13-01-22 11:31:38:142</time></pt><pt><x>711</x><y>736</y><time>13-01-22 11:31:38:663</time></pt><pt><x>706</x><y>724</y><time>13-01-22 11:31:39:197</time></pt><pt><x>660</x><y>715</y><time>13-01-22 11:31:39:805</time></pt><pt><x>618</x><y>718</y><time>13-01-22 11:31:40:370</time></pt><pt><x>588</x><y>752</y><time>13-01-22 11:31:40:895</time></pt><closed_date>13-01-22 11:31:41:538</closed_date></polygon></object><imagesize><nrows /><ncols /></imagesize></annotation>