<annotation><filename>imagem-081.jpg</filename><folder>segmentation_xray</folder><source><sourceImage>The MIT-CSAIL database of objects and scenes</sourceImage><sourceAnnotation>LabelMe Webtool</sourceAnnotation></source><object><name>tooth</name><deleted>0</deleted><verified>0</verified><occluded>no</occluded><attributes>17</attributes><parts><hasparts /><ispartof /></parts><date>15-12-21 14:23:39:413</date><id>0</id><type>bounding_box</type><polygon><username>anonymous</username><pt><x>266</x><y>17</y><time>15-12-21 14:23:09:108</time></pt><pt><x>691</x><y>17</y><time>15-12-21 14:23:12:786</time></pt><pt><x>691</x><y>643</y><time>undefined</time></pt><pt><x>266</x><y>643</y><time>undefined</time></pt><closed_date>15-12-21 14:23:12:787</closed_date></polygon></object><object><name>tooth</name><deleted>0</deleted><verified>0</verified><occluded>no</occluded><attributes>16</attributes><parts><hasparts>11,12,8</hasparts><ispartof /></parts><date>15-12-21 14:23:49:590</date><id>1</id><type>bounding_box</type><polygon><username>anonymous</username><pt><x>1074</x><y>610</y><time>15-12-21 14:23:41:595</time></pt><pt><x>676</x><y>610</y><time>15-12-21 14:23:44:865</time></pt><pt><x>676</x><y>13</y><time>undefined</time></pt><pt><x>1074</x><y>13</y><time>undefined</time></pt><closed_date>15-12-21 14:23:44:866</closed_date></polygon></object><object><name>tooth</name><deleted>0</deleted><verified>0</verified><occluded>no</occluded><attributes>15</attributes><parts><hasparts>10,9</hasparts><ispartof /></parts><date>15-12-21 14:23:59:309</date><id>2</id><type>bounding_box</type><polygon><username>anonymous</username><pt><x>1345</x><y>649</y><time>15-12-21 14:23:51:889</time></pt><pt><x>1057</x><y>649</y><time>15-12-21 14:23:55:276</time></pt><pt><x>1057</x><y>13</y><time>undefined</time></pt><pt><x>1345</x><y>13</y><time>undefined</time></pt><closed_date>15-12-21 14:23:55:277</closed_date></polygon></object><object><name>tooth</name><deleted>0</deleted><verified>0</verified><occluded>no</occluded><attributes>14</attributes><parts><hasparts /><ispartof /></parts><date>15-12-21 14:24:08:822</date><id>3</id><type>bounding_box</type><polygon><username>anonymous</username><pt><x>1602</x><y>702</y><time>15-12-21 14:24:01:900</time></pt><pt><x>1277</x><y>702</y><time>15-12-21 14:24:03:937</time></pt><pt><x>1277</x><y>7</y><time>undefined</time></pt><pt><x>1602</x><y>7</y><time>undefined</time></pt><closed_date>15-12-21 14:24:03:937</closed_date></polygon></object><object><name>tooth</name><deleted>0</deleted><verified>0</verified><occluded>no</occluded><attributes>44</attributes><parts><hasparts>13</hasparts><ispartof /></parts><date>15-12-21 14:24:34:269</date><id>4</id><type>bounding_box</type><polygon><username>anonymous</username><pt><x>1593</x><y>741</y><time>15-12-21 14:24:11:471</time></pt><pt><x>1445</x><y>741</y><time>15-12-21 14:24:17:433</time></pt><pt><x>1445</x><y>1175</y><time>undefined</time></pt><pt><x>1593</x><y>1175</y><time>undefined</time></pt><closed_date>15-12-21 14:24:17:433</closed_date></polygon></object><object><name>tooth</name><deleted>0</deleted><verified>0</verified><occluded>no</occluded><attributes>45</attributes><parts><hasparts>14</hasparts><ispartof /></parts><date>15-12-21 14:24:56:057</date><id>5</id><type>bounding_box</type><polygon><username>anonymous</username><pt><x>1131</x><y>710</y><time>15-12-21 14:24:48:353</time></pt><pt><x>1440</x><y>710</y><time>15-12-21 14:24:51:561</time></pt><pt><x>1440</x><y>1229</y><time>undefined</time></pt><pt><x>1131</x><y>1229</y><time>undefined</time></pt><closed_date>15-12-21 14:24:51:561</closed_date></polygon></object><object><name>tooth</name><deleted>0</deleted><verified>0</verified><occluded>no</occluded><attributes>46</attributes><parts><hasparts /><ispartof /></parts><date>15-12-21 14:25:07:410</date><id>6</id><type>bounding_box</type><polygon><username>anonymous</username><pt><x>719</x><y>682</y><time>15-12-21 14:24:58:647</time></pt><pt><x>1138</x><y>682</y><time>15-12-21 14:25:02:547</time></pt><pt><x>1138</x><y>1233</y><time>undefined</time></pt><pt><x>719</x><y>1233</y><time>undefined</time></pt><closed_date>15-12-21 14:25:02:547</closed_date></polygon></object><object><name>tooth</name><deleted>0</deleted><verified>0</verified><occluded>no</occluded><attributes>47</attributes><parts><hasparts /><ispartof /></parts><date>15-12-21 14:25:27:907</date><id>7</id><type>bounding_box</type><polygon><username>anonymous</username><pt><x>242</x><y>654</y><time>15-12-21 14:25:16:389</time></pt><pt><x>719</x><y>654</y><time>15-12-21 14:25:22:315</time></pt><pt><x>719</x><y>1238</y><time>undefined</time></pt><pt><x>242</x><y>1238</y><time>undefined</time></pt><closed_date>15-12-21 14:25:22:316</closed_date></polygon></object><object><name>restoration</name><deleted>0</deleted><verified>0</verified><occluded>no</occluded><attributes /><parts><hasparts /><ispartof>1</ispartof></parts><date>15-12-21 14:25:56:922</date><id>8</id><polygon><username>anonymous</username><pt><x>704</x><y>438</y><time>15-12-21 14:25:34:091</time></pt><pt><x>737</x><y>431</y><time>15-12-21 14:25:34:537</time></pt><pt><x>771</x><y>410</y><time>15-12-21 14:25:34:837</time></pt><pt><x>761</x><y>397</y><time>15-12-21 14:25:35:827</time></pt><pt><x>778</x><y>355</y><time>15-12-21 14:25:36:117</time></pt><pt><x>798</x><y>325</y><time>15-12-21 14:25:36:397</time></pt><pt><x>813</x><y>301</y><time>15-12-21 14:25:36:687</time></pt><pt><x>832</x><y>281</y><time>15-12-21 14:25:36:996</time></pt><pt><x>865</x><y>270</y><time>15-12-21 14:25:37:287</time></pt><pt><x>889</x><y>275</y><time>15-12-21 14:25:37:587</time></pt><pt><x>913</x><y>283</y><time>15-12-21 14:25:37:879</time></pt><pt><x>935</x><y>292</y><time>15-12-21 14:25:38:156</time></pt><pt><x>952</x><y>294</y><time>15-12-21 14:25:38:554</time></pt><pt><x>968</x><y>312</y><time>15-12-21 14:25:38:943</time></pt><pt><x>978</x><y>342</y><time>15-12-21 14:25:39:248</time></pt><pt><x>987</x><y>379</y><time>15-12-21 14:25:39:547</time></pt><pt><x>996</x><y>399</y><time>15-12-21 14:25:39:847</time></pt><pt><x>1009</x><y>412</y><time>15-12-21 14:25:40:182</time></pt><pt><x>1029</x><y>436</y><time>15-12-21 14:25:40:536</time></pt><pt><x>1037</x><y>447</y><time>15-12-21 14:25:40:710</time></pt><pt><x>1040</x><y>471</y><time>15-12-21 14:25:41:004</time></pt><pt><x>1055</x><y>486</y><time>15-12-21 14:25:41:337</time></pt><pt><x>1063</x><y>499</y><time>15-12-21 14:25:41:664</time></pt><pt><x>1066</x><y>527</y><time>15-12-21 14:25:42:003</time></pt><pt><x>1042</x><y>554</y><time>15-12-21 14:25:42:358</time></pt><pt><x>1026</x><y>573</y><time>15-12-21 14:25:42:650</time></pt><pt><x>1000</x><y>573</y><time>15-12-21 14:25:48:544</time></pt><pt><x>948</x><y>573</y><time>15-12-21 14:25:49:105</time></pt><pt><x>915</x><y>567</y><time>15-12-21 14:25:49:747</time></pt><pt><x>883</x><y>545</y><time>15-12-21 14:25:50:316</time></pt><pt><x>856</x><y>554</y><time>15-12-21 14:25:50:990</time></pt><pt><x>835</x><y>569</y><time>15-12-21 14:25:51:336</time></pt><pt><x>802</x><y>580</y><time>15-12-21 14:25:51:624</time></pt><pt><x>761</x><y>584</y><time>15-12-21 14:25:51:926</time></pt><pt><x>739</x><y>573</y><time>15-12-21 14:25:52:214</time></pt><pt><x>702</x><y>558</y><time>15-12-21 14:25:52:453</time></pt><pt><x>676</x><y>538</y><time>15-12-21 14:25:52:760</time></pt><pt><x>665</x><y>523</y><time>15-12-21 14:25:53:029</time></pt><pt><x>682</x><y>495</y><time>15-12-21 14:25:53:320</time></pt><pt><x>691</x><y>462</y><time>15-12-21 14:25:53:687</time></pt><closed_date>15-12-21 14:25:53:994</closed_date></polygon></object><object><name>restoration</name><deleted>0</deleted><verified>0</verified><occluded>no</occluded><attributes /><parts><hasparts /><ispartof>2</ispartof></parts><date>15-12-21 14:26:19:293</date><id>9</id><polygon><username>anonymous</username><pt><x>1085</x><y>551</y><time>15-12-21 14:25:58:588</time></pt><pt><x>1122</x><y>582</y><time>15-12-21 14:25:58:992</time></pt><pt><x>1151</x><y>599</y><time>15-12-21 14:25:59:284</time></pt><pt><x>1183</x><y>615</y><time>15-12-21 14:25:59:586</time></pt><pt><x>1220</x><y>619</y><time>15-12-21 14:25:59:886</time></pt><pt><x>1279</x><y>604</y><time>15-12-21 14:26:00:195</time></pt><pt><x>1314</x><y>599</y><time>15-12-21 14:26:00:456</time></pt><pt><x>1338</x><y>586</y><time>15-12-21 14:26:00:783</time></pt><pt><x>1336</x><y>543</y><time>15-12-21 14:26:01:103</time></pt><pt><x>1336</x><y>503</y><time>15-12-21 14:26:01:377</time></pt><pt><x>1336</x><y>471</y><time>15-12-21 14:26:01:641</time></pt><pt><x>1316</x><y>453</y><time>15-12-21 14:26:01:869</time></pt><pt><x>1290</x><y>421</y><time>15-12-21 14:26:02:129</time></pt><pt><x>1271</x><y>381</y><time>15-12-21 14:26:02:420</time></pt><pt><x>1262</x><y>338</y><time>15-12-21 14:26:02:726</time></pt><pt><x>1236</x><y>281</y><time>15-12-21 14:26:03:560</time></pt><pt><x>1199</x><y>198</y><time>15-12-21 14:26:06:728</time></pt><pt><x>1175</x><y>198</y><time>15-12-21 14:26:07:505</time></pt><pt><x>1159</x><y>216</y><time>15-12-21 14:26:07:869</time></pt><pt><x>1155</x><y>251</y><time>15-12-21 14:26:08:186</time></pt><pt><x>1146</x><y>270</y><time>15-12-21 14:26:08:428</time></pt><pt><x>1135</x><y>303</y><time>15-12-21 14:26:08:700</time></pt><pt><x>1127</x><y>342</y><time>15-12-21 14:26:08:943</time></pt><pt><x>1124</x><y>381</y><time>15-12-21 14:26:09:199</time></pt><pt><x>1120</x><y>416</y><time>15-12-21 14:26:09:469</time></pt><pt><x>1105</x><y>436</y><time>15-12-21 14:26:09:736</time></pt><pt><x>1094</x><y>462</y><time>15-12-21 14:26:09:936</time></pt><pt><x>1079</x><y>499</y><time>15-12-21 14:26:10:222</time></pt><pt><x>1072</x><y>523</y><time>15-12-21 14:26:10:465</time></pt><closed_date>15-12-21 14:26:15:713</closed_date></polygon></object><object><name>root canal treatment</name><deleted>0</deleted><verified>0</verified><occluded>no</occluded><attributes /><parts><hasparts /><ispartof>2</ispartof></parts><date>15-12-21 14:26:29:658</date><id>10</id><polygon><username>anonymous</username><pt><x>1170</x><y>190</y><time>15-12-21 14:26:20:606</time></pt><pt><x>1159</x><y>131</y><time>15-12-21 14:26:21:413</time></pt><pt><x>1159</x><y>85</y><time>15-12-21 14:26:21:952</time></pt><pt><x>1151</x><y>22</y><time>15-12-21 14:26:22:553</time></pt><pt><x>1168</x><y>9</y><time>15-12-21 14:26:23:116</time></pt><pt><x>1172</x><y>44</y><time>15-12-21 14:26:23:736</time></pt><pt><x>1188</x><y>157</y><time>15-12-21 14:26:24:924</time></pt><pt><x>1188</x><y>187</y><time>15-12-21 14:26:25:497</time></pt><pt><x>1186</x><y>198</y><time>15-12-21 14:26:26:132</time></pt><closed_date>15-12-21 14:26:26:525</closed_date></polygon></object><object><name>root canal treatment</name><deleted>0</deleted><verified>0</verified><occluded>no</occluded><attributes /><parts><hasparts /><ispartof>1</ispartof></parts><date>15-12-21 14:26:42:453</date><id>11</id><polygon><username>anonymous</username><pt><x>824</x><y>264</y><time>15-12-21 14:26:31:100</time></pt><pt><x>800</x><y>207</y><time>15-12-21 14:26:31:718</time></pt><pt><x>791</x><y>155</y><time>15-12-21 14:26:32:194</time></pt><pt><x>778</x><y>113</y><time>15-12-21 14:26:32:532</time></pt><pt><x>776</x><y>74</y><time>15-12-21 14:26:32:818</time></pt><pt><x>767</x><y>37</y><time>15-12-21 14:26:33:085</time></pt><pt><x>765</x><y>17</y><time>15-12-21 14:26:33:448</time></pt><pt><x>785</x><y>35</y><time>15-12-21 14:26:33:810</time></pt><pt><x>795</x><y>70</y><time>15-12-21 14:26:34:101</time></pt><pt><x>809</x><y>120</y><time>15-12-21 14:26:34:543</time></pt><pt><x>811</x><y>100</y><time>15-12-21 14:26:34:918</time></pt><pt><x>811</x><y>70</y><time>15-12-21 14:26:35:210</time></pt><pt><x>811</x><y>41</y><time>15-12-21 14:26:35:438</time></pt><pt><x>813</x><y>24</y><time>15-12-21 14:26:35:698</time></pt><pt><x>828</x><y>11</y><time>15-12-21 14:26:36:010</time></pt><pt><x>856</x><y>17</y><time>15-12-21 14:26:36:419</time></pt><pt><x>850</x><y>57</y><time>15-12-21 14:26:36:811</time></pt><pt><x>863</x><y>139</y><time>15-12-21 14:26:37:326</time></pt><pt><x>870</x><y>203</y><time>15-12-21 14:26:37:735</time></pt><pt><x>872</x><y>244</y><time>15-12-21 14:26:38:063</time></pt><pt><x>854</x><y>268</y><time>15-12-21 14:26:38:352</time></pt><closed_date>15-12-21 14:26:38:818</closed_date></polygon></object><object><name>root canal treatment</name><deleted>0</deleted><verified>0</verified><occluded>no</occluded><attributes /><parts><hasparts /><ispartof>1</ispartof></parts><date>15-12-21 14:26:53:579</date><id>12</id><polygon><username>anonymous</username><pt><x>948</x><y>266</y><time>15-12-21 14:26:43:730</time></pt><pt><x>957</x><y>211</y><time>15-12-21 14:26:44:293</time></pt><pt><x>965</x><y>161</y><time>15-12-21 14:26:44:682</time></pt><pt><x>970</x><y>118</y><time>15-12-21 14:26:45:035</time></pt><pt><x>978</x><y>81</y><time>15-12-21 14:26:45:382</time></pt><pt><x>978</x><y>37</y><time>15-12-21 14:26:45:725</time></pt><pt><x>992</x><y>22</y><time>15-12-21 14:26:46:330</time></pt><pt><x>1011</x><y>24</y><time>15-12-21 14:26:46:797</time></pt><pt><x>1011</x><y>54</y><time>15-12-21 14:26:47:151</time></pt><pt><x>1002</x><y>148</y><time>15-12-21 14:26:48:014</time></pt><pt><x>992</x><y>242</y><time>15-12-21 14:26:48:598</time></pt><pt><x>987</x><y>305</y><time>15-12-21 14:26:49:067</time></pt><pt><x>970</x><y>320</y><time>15-12-21 14:26:49:577</time></pt><pt><x>959</x><y>292</y><time>15-12-21 14:26:50:060</time></pt><closed_date>15-12-21 14:26:50:344</closed_date></polygon></object><object><name>restoration</name><deleted>0</deleted><verified>0</verified><occluded>no</occluded><attributes /><parts><hasparts /><ispartof>4</ispartof></parts><date>15-12-21 14:27:03:163</date><id>13</id><polygon><username>anonymous</username><pt><x>1560</x><y>798</y><time>15-12-21 14:26:55:238</time></pt><pt><x>1556</x><y>865</y><time>15-12-21 14:26:55:768</time></pt><pt><x>1554</x><y>917</y><time>15-12-21 14:26:56:359</time></pt><pt><x>1517</x><y>915</y><time>15-12-21 14:26:56:930</time></pt><pt><x>1484</x><y>902</y><time>15-12-21 14:26:57:344</time></pt><pt><x>1475</x><y>874</y><time>15-12-21 14:26:57:750</time></pt><pt><x>1484</x><y>835</y><time>15-12-21 14:26:58:126</time></pt><pt><x>1493</x><y>819</y><time>15-12-21 14:26:58:476</time></pt><pt><x>1521</x><y>822</y><time>15-12-21 14:26:58:794</time></pt><pt><x>1541</x><y>817</y><time>15-12-21 14:26:59:061</time></pt><closed_date>15-12-21 14:26:59:279</closed_date></polygon></object><object><name>restoration</name><deleted>0</deleted><verified>0</verified><occluded>no</occluded><attributes /><parts><hasparts /><ispartof>5</ispartof></parts><date>15-12-21 14:27:13:456</date><id>14</id><polygon><username>anonymous</username><pt><x>1192</x><y>828</y><time>15-12-21 14:27:04:606</time></pt><pt><x>1227</x><y>846</y><time>15-12-21 14:27:05:051</time></pt><pt><x>1273</x><y>846</y><time>15-12-21 14:27:05:433</time></pt><pt><x>1323</x><y>846</y><time>15-12-21 14:27:05:828</time></pt><pt><x>1356</x><y>846</y><time>15-12-21 14:27:06:151</time></pt><pt><x>1403</x><y>817</y><time>15-12-21 14:27:06:468</time></pt><pt><x>1403</x><y>793</y><time>15-12-21 14:27:06:972</time></pt><pt><x>1379</x><y>780</y><time>15-12-21 14:27:07:333</time></pt><pt><x>1358</x><y>774</y><time>15-12-21 14:27:07:652</time></pt><pt><x>1338</x><y>752</y><time>15-12-21 14:27:08:023</time></pt><pt><x>1323</x><y>734</y><time>15-12-21 14:27:08:356</time></pt><pt><x>1305</x><y>734</y><time>15-12-21 14:27:08:664</time></pt><pt><x>1284</x><y>754</y><time>15-12-21 14:27:08:975</time></pt><pt><x>1262</x><y>769</y><time>15-12-21 14:27:09:289</time></pt><pt><x>1244</x><y>771</y><time>15-12-21 14:27:09:547</time></pt><pt><x>1227</x><y>782</y><time>15-12-21 14:27:09:817</time></pt><pt><x>1205</x><y>804</y><time>15-12-21 14:27:10:139</time></pt><closed_date>15-12-21 14:27:10:384</closed_date></polygon></object><imagesize><nrows /><ncols /></imagesize></annotation>