<annotation><filename>imagem-032.jpg</filename><folder>segmentation_xray</folder><source><sourceImage>The MIT-CSAIL database of objects and scenes</sourceImage><sourceAnnotation>LabelMe Webtool</sourceAnnotation></source><object><name>tooth</name><deleted>0</deleted><verified>0</verified><occluded>no</occluded><attributes>37</attributes><parts><hasparts /><ispartof /></parts><date>13-12-21 18:00:53:359</date><id>0</id><type>bounding_box</type><polygon><username>anonymous</username><pt><x>1214</x><y>319</y><time>13-12-21 18:00:31:778</time></pt><pt><x>1025</x><y>319</y><time>13-12-21 18:00:39:689</time></pt><pt><x>1025</x><y>867</y><time>undefined</time></pt><pt><x>1214</x><y>867</y><time>undefined</time></pt><closed_date>13-12-21 18:00:39:690</closed_date></polygon></object><object><name>tooth</name><deleted>0</deleted><verified>0</verified><occluded>no</occluded><attributes>36</attributes><parts><hasparts /><ispartof /></parts><date>13-12-21 18:01:07:156</date><id>1</id><type>bounding_box</type><polygon><username>anonymous</username><pt><x>1100</x><y>935</y><time>13-12-21 18:00:59:866</time></pt><pt><x>644</x><y>935</y><time>13-12-21 18:01:03:233</time></pt><pt><x>644</x><y>396</y><time>undefined</time></pt><pt><x>1100</x><y>396</y><time>undefined</time></pt><closed_date>13-12-21 18:01:03:233</closed_date></polygon></object><object><name>tooth</name><deleted>0</deleted><verified>0</verified><occluded>no</occluded><attributes>35</attributes><parts><hasparts /><ispartof /></parts><date>13-12-21 18:01:23:567</date><id>2</id><type>bounding_box</type><polygon><username>anonymous</username><pt><x>399</x><y>404</y><time>13-12-21 18:01:14:059</time></pt><pt><x>658</x><y>404</y><time>13-12-21 18:01:18:064</time></pt><pt><x>658</x><y>942</y><time>undefined</time></pt><pt><x>399</x><y>942</y><time>undefined</time></pt><closed_date>13-12-21 18:01:18:064</closed_date></polygon></object><object><name>tooth</name><deleted>0</deleted><verified>0</verified><occluded>no</occluded><attributes>34</attributes><parts><hasparts /><ispartof /></parts><date>13-12-21 18:01:36:860</date><id>3</id><type>bounding_box</type><polygon><username>anonymous</username><pt><x>145</x><y>386</y><time>13-12-21 18:01:29:642</time></pt><pt><x>362</x><y>386</y><time>13-12-21 18:01:32:089</time></pt><pt><x>362</x><y>942</y><time>undefined</time></pt><pt><x>145</x><y>942</y><time>undefined</time></pt><closed_date>13-12-21 18:01:32:089</closed_date></polygon></object><object><name>tooth</name><deleted>0</deleted><verified>0</verified><occluded>no</occluded><attributes>33</attributes><parts><hasparts /><ispartof /></parts><date>13-12-21 18:01:44:645</date><id>4</id><type>bounding_box</type><polygon><username>anonymous</username><pt><x>2</x><y>387</y><time>13-12-21 18:01:38:579</time></pt><pt><x>144</x><y>387</y><time>13-12-21 18:01:40:881</time></pt><pt><x>144</x><y>948</y><time>undefined</time></pt><pt><x>2</x><y>948</y><time>undefined</time></pt><closed_date>13-12-21 18:01:40:881</closed_date></polygon></object><object><name>tooth</name><deleted>0</deleted><verified>0</verified><occluded>no</occluded><attributes>27</attributes><parts><hasparts /><ispartof /></parts><date>13-12-21 18:01:55:516</date><id>5</id><type>bounding_box</type><polygon><username>anonymous</username><pt><x>1204</x><y>199</y><time>13-12-21 18:01:49:018</time></pt><pt><x>920</x><y>199</y><time>13-12-21 18:01:50:561</time></pt><pt><x>920</x><y>0</y><time>undefined</time></pt><pt><x>1204</x><y>0</y><time>undefined</time></pt><closed_date>13-12-21 18:01:50:561</closed_date></polygon></object><object><name>tooth</name><deleted>0</deleted><verified>0</verified><occluded>no</occluded><attributes>26</attributes><parts><hasparts /><ispartof /></parts><date>13-12-21 18:02:09:207</date><id>6</id><type>bounding_box</type><polygon><username>anonymous</username><pt><x>643</x><y>357</y><time>13-12-21 18:02:02:301</time></pt><pt><x>985</x><y>357</y><time>13-12-21 18:02:05:395</time></pt><pt><x>985</x><y>2</y><time>undefined</time></pt><pt><x>643</x><y>2</y><time>undefined</time></pt><closed_date>13-12-21 18:02:05:395</closed_date></polygon></object><object><name>tooth</name><deleted>0</deleted><verified>0</verified><occluded>no</occluded><attributes>25</attributes><parts><hasparts /><ispartof /></parts><date>13-12-21 18:02:20:047</date><id>7</id><type>bounding_box</type><polygon><username>anonymous</username><pt><x>426</x><y>331</y><time>13-12-21 18:02:11:293</time></pt><pt><x>643</x><y>331</y><time>13-12-21 18:02:16:082</time></pt><pt><x>643</x><y>5</y><time>undefined</time></pt><pt><x>426</x><y>5</y><time>undefined</time></pt><closed_date>13-12-21 18:02:16:082</closed_date></polygon></object><object><name>tooth</name><deleted>0</deleted><verified>0</verified><occluded>no</occluded><attributes>24</attributes><parts><hasparts /><ispartof /></parts><date>13-12-21 18:02:28:855</date><id>8</id><type>bounding_box</type><polygon><username>anonymous</username><pt><x>187</x><y>322</y><time>13-12-21 18:02:21:741</time></pt><pt><x>426</x><y>322</y><time>13-12-21 18:02:24:339</time></pt><pt><x>426</x><y>5</y><time>undefined</time></pt><pt><x>187</x><y>5</y><time>undefined</time></pt><closed_date>13-12-21 18:02:24:339</closed_date></polygon></object><object><name>tooth</name><deleted>0</deleted><verified>0</verified><occluded>no</occluded><attributes>23</attributes><parts><hasparts /><ispartof /></parts><date>13-12-21 18:02:35:616</date><id>9</id><type>bounding_box</type><polygon><username>anonymous</username><pt><x>3</x><y>324</y><time>13-12-21 18:02:29:853</time></pt><pt><x>219</x><y>324</y><time>13-12-21 18:02:31:923</time></pt><pt><x>219</x><y>5</y><time>undefined</time></pt><pt><x>3</x><y>5</y><time>undefined</time></pt><closed_date>13-12-21 18:02:31:923</closed_date></polygon></object><imagesize><nrows /><ncols /></imagesize></annotation>