<annotation><filename>imagem-127.jpg</filename><folder>segmentation_xray</folder><source><sourceImage>The MIT-CSAIL database of objects and scenes</sourceImage><sourceAnnotation>LabelMe Webtool</sourceAnnotation></source><object><name>root canal treatment</name><deleted>1</deleted><verified>0</verified><occluded>no</occluded><attributes /><parts><hasparts /><ispartof /></parts><date>06-12-21 10:36:27:949</date><id>0</id><polygon><username>anonymous</username><pt><x>297</x><y>197</y><time>06-12-21 10:36:07:121</time></pt><pt><x>299</x><y>121</y><time>06-12-21 10:36:08:137</time></pt><pt><x>278</x><y>19</y><time>06-12-21 10:36:09:249</time></pt><pt><x>276</x><y>5</y><time>06-12-21 10:36:10:524</time></pt><pt><x>353</x><y>5</y><time>06-12-21 10:36:11:633</time></pt><pt><x>355</x><y>63</y><time>06-12-21 10:36:12:665</time></pt><pt><x>357</x><y>123</y><time>06-12-21 10:36:13:376</time></pt><pt><x>362</x><y>172</y><time>06-12-21 10:36:14:012</time></pt><pt><x>362</x><y>204</y><time>06-12-21 10:36:14:616</time></pt><pt><x>364</x><y>213</y><time>06-12-21 10:36:16:593</time></pt><closed_date>06-12-21 10:36:17:707</closed_date></polygon></object><object><name>tooth 17</name><deleted>0</deleted><verified>0</verified><occluded>no</occluded><attributes /><parts><hasparts>13,14,15</hasparts><ispartof /></parts><date>06-12-21 10:37:43:675</date><id>1</id><type>bounding_box</type><polygon><username>anonymous</username><pt><x>148</x><y>538</y><time>06-12-21 10:37:06:136</time></pt><pt><x>510</x><y>538</y><time>06-12-21 10:37:08:354</time></pt><pt><x>510</x><y>1</y><time>undefined</time></pt><pt><x>148</x><y>1</y><time>undefined</time></pt><closed_date>06-12-21 10:37:08:354</closed_date></polygon></object><object><name>tooth 16</name><deleted>0</deleted><verified>0</verified><occluded>no</occluded><attributes /><parts><hasparts /><ispartof /></parts><date>06-12-21 10:37:55:263</date><id>2</id><type>bounding_box</type><polygon><username>anonymous</username><pt><x>517</x><y>601</y><time>06-12-21 10:37:45:908</time></pt><pt><x>914</x><y>601</y><time>06-12-21 10:37:50:984</time></pt><pt><x>914</x><y>5</y><time>undefined</time></pt><pt><x>517</x><y>5</y><time>undefined</time></pt><closed_date>06-12-21 10:37:50:985</closed_date></polygon></object><object><name>tooth 15</name><deleted>0</deleted><verified>0</verified><occluded>no</occluded><attributes /><parts><hasparts /><ispartof /></parts><date>06-12-21 10:38:05:797</date><id>3</id><type>bounding_box</type><polygon><username>anonymous</username><pt><x>905</x><y>601</y><time>06-12-21 10:37:57:883</time></pt><pt><x>1186</x><y>601</y><time>06-12-21 10:38:01:213</time></pt><pt><x>1186</x><y>2</y><time>undefined</time></pt><pt><x>905</x><y>2</y><time>undefined</time></pt><closed_date>06-12-21 10:38:01:213</closed_date></polygon></object><object><name>tooth 14</name><deleted>0</deleted><verified>0</verified><occluded>no</occluded><attributes /><parts><hasparts /><ispartof /></parts><date>06-12-21 10:38:15:143</date><id>4</id><type>bounding_box</type><polygon><username>anonymous</username><pt><x>1478</x><y>608</y><time>06-12-21 10:38:08:874</time></pt><pt><x>1174</x><y>608</y><time>06-12-21 10:38:12:041</time></pt><pt><x>1174</x><y>5</y><time>undefined</time></pt><pt><x>1478</x><y>5</y><time>undefined</time></pt><closed_date>06-12-21 10:38:12:041</closed_date></polygon></object><object><name>tooth 13</name><deleted>0</deleted><verified>0</verified><occluded>no</occluded><attributes /><parts><hasparts /><ispartof /></parts><date>06-12-21 10:38:23:754</date><id>5</id><type>bounding_box</type><polygon><username>anonymous</username><pt><x>1508</x><y>599</y><time>06-12-21 10:38:16:867</time></pt><pt><x>1610</x><y>599</y><time>06-12-21 10:38:20:504</time></pt><pt><x>1610</x><y>84</y><time>undefined</time></pt><pt><x>1508</x><y>84</y><time>undefined</time></pt><closed_date>06-12-21 10:38:20:505</closed_date></polygon></object><object><name>tooth 47</name><deleted>0</deleted><verified>0</verified><occluded>no</occluded><attributes /><parts><hasparts>10,11,12</hasparts><ispartof /></parts><date>06-12-21 10:38:35:540</date><id>6</id><type>bounding_box</type><polygon><username>anonymous</username><pt><x>5</x><y>504</y><time>06-12-21 10:38:28:421</time></pt><pt><x>573</x><y>504</y><time>06-12-21 10:38:31:656</time></pt><pt><x>573</x><y>1202</y><time>undefined</time></pt><pt><x>5</x><y>1202</y><time>undefined</time></pt><closed_date>06-12-21 10:38:31:656</closed_date></polygon></object><object><name>tooth 45</name><deleted>0</deleted><verified>0</verified><occluded>no</occluded><attributes /><parts><hasparts /><ispartof /></parts><date>06-12-21 10:38:42:110</date><id>7</id><type>bounding_box</type><polygon><username>anonymous</username><pt><x>930</x><y>678</y><time>06-12-21 10:38:36:975</time></pt><pt><x>1246</x><y>678</y><time>06-12-21 10:38:38:690</time></pt><pt><x>1246</x><y>1241</y><time>undefined</time></pt><pt><x>930</x><y>1241</y><time>undefined</time></pt><closed_date>06-12-21 10:38:38:690</closed_date></polygon></object><object><name>tooth 44</name><deleted>0</deleted><verified>0</verified><occluded>no</occluded><attributes /><parts><hasparts /><ispartof /></parts><date>06-12-21 10:38:51:978</date><id>8</id><type>bounding_box</type><polygon><username>anonymous</username><pt><x>1246</x><y>680</y><time>06-12-21 10:38:44:007</time></pt><pt><x>1513</x><y>680</y><time>06-12-21 10:38:46:922</time></pt><pt><x>1513</x><y>1239</y><time>undefined</time></pt><pt><x>1246</x><y>1239</y><time>undefined</time></pt><closed_date>06-12-21 10:38:46:922</closed_date></polygon></object><object><name>tooth 43</name><deleted>0</deleted><verified>0</verified><occluded>no</occluded><attributes /><parts><hasparts /><ispartof /></parts><date>06-12-21 10:39:02:164</date><id>9</id><type>bounding_box</type><polygon><username>anonymous</username><pt><x>1490</x><y>640</y><time>06-12-21 10:38:53:826</time></pt><pt><x>1610</x><y>640</y><time>06-12-21 10:38:57:630</time></pt><pt><x>1610</x><y>1169</y><time>undefined</time></pt><pt><x>1490</x><y>1169</y><time>undefined</time></pt><closed_date>06-12-21 10:38:57:630</closed_date></polygon></object><object><name>root canal treatment</name><deleted>0</deleted><verified>0</verified><occluded>no</occluded><attributes /><parts><hasparts /><ispartof>6</ispartof></parts><date>06-12-21 10:44:42:702</date><id>10</id><polygon><username>anonymous</username><pt><x>56</x><y>914</y><time>06-12-21 10:43:07:194</time></pt><pt><x>123</x><y>840</y><time>06-12-21 10:43:08:483</time></pt><pt><x>144</x><y>794</y><time>06-12-21 10:44:24:588</time></pt><pt><x>167</x><y>831</y><time>06-12-21 10:44:25:356</time></pt><pt><x>202</x><y>840</y><time>06-12-21 10:44:25:905</time></pt><pt><x>204</x><y>863</y><time>06-12-21 10:44:26:498</time></pt><pt><x>167</x><y>893</y><time>06-12-21 10:44:27:236</time></pt><pt><x>125</x><y>944</y><time>06-12-21 10:44:28:168</time></pt><pt><x>97</x><y>988</y><time>06-12-21 10:44:28:976</time></pt><pt><x>39</x><y>1035</y><time>06-12-21 10:44:34:040</time></pt><pt><x>30</x><y>1042</y><time>06-12-21 10:44:35:940</time></pt><pt><x>9</x><y>1005</y><time>06-12-21 10:44:36:542</time></pt><pt><x>9</x><y>979</y><time>06-12-21 10:44:37:175</time></pt><closed_date>06-12-21 10:44:37:994</closed_date></polygon></object><object><name>root canal treatment</name><deleted>0</deleted><verified>0</verified><occluded>no</occluded><attributes /><parts><hasparts /><ispartof>6</ispartof></parts><date>06-12-21 10:45:03:150</date><id>11</id><polygon><username>anonymous</username><pt><x>285</x><y>914</y><time>06-12-21 10:44:47:034</time></pt><pt><x>285</x><y>968</y><time>06-12-21 10:44:48:003</time></pt><pt><x>265</x><y>1005</y><time>06-12-21 10:44:48:652</time></pt><pt><x>244</x><y>1037</y><time>06-12-21 10:44:49:526</time></pt><pt><x>209</x><y>1063</y><time>06-12-21 10:44:50:082</time></pt><pt><x>165</x><y>1081</y><time>06-12-21 10:44:50:516</time></pt><pt><x>144</x><y>1104</y><time>06-12-21 10:44:50:933</time></pt><pt><x>116</x><y>1144</y><time>06-12-21 10:44:51:461</time></pt><pt><x>111</x><y>1165</y><time>06-12-21 10:44:52:600</time></pt><pt><x>132</x><y>1167</y><time>06-12-21 10:44:53:145</time></pt><pt><x>162</x><y>1130</y><time>06-12-21 10:44:53:889</time></pt><pt><x>227</x><y>1098</y><time>06-12-21 10:44:54:473</time></pt><pt><x>223</x><y>1100</y><time>06-12-21 10:44:55:523</time></pt><pt><x>246</x><y>1074</y><time>06-12-21 10:44:56:192</time></pt><pt><x>283</x><y>1044</y><time>06-12-21 10:44:56:681</time></pt><pt><x>297</x><y>1007</y><time>06-12-21 10:44:57:206</time></pt><pt><x>313</x><y>968</y><time>06-12-21 10:44:57:749</time></pt><pt><x>348</x><y>907</y><time>06-12-21 10:44:58:892</time></pt><closed_date>06-12-21 10:44:59:832</closed_date></polygon></object><object><name>restoration</name><deleted>0</deleted><verified>0</verified><occluded>no</occluded><attributes /><parts><hasparts /><ispartof>6</ispartof></parts><date>06-12-21 10:45:34:078</date><id>12</id><polygon><username>anonymous</username><pt><x>151</x><y>626</y><time>06-12-21 10:45:06:182</time></pt><pt><x>197</x><y>659</y><time>06-12-21 10:45:06:825</time></pt><pt><x>204</x><y>712</y><time>06-12-21 10:45:07:656</time></pt><pt><x>241</x><y>731</y><time>06-12-21 10:45:08:149</time></pt><pt><x>281</x><y>761</y><time>06-12-21 10:45:08:713</time></pt><pt><x>336</x><y>777</y><time>06-12-21 10:45:09:256</time></pt><pt><x>348</x><y>796</y><time>06-12-21 10:45:12:835</time></pt><pt><x>392</x><y>817</y><time>06-12-21 10:45:13:556</time></pt><pt><x>429</x><y>814</y><time>06-12-21 10:45:14:802</time></pt><pt><x>471</x><y>787</y><time>06-12-21 10:45:15:528</time></pt><pt><x>485</x><y>766</y><time>06-12-21 10:45:15:953</time></pt><pt><x>513</x><y>719</y><time>06-12-21 10:45:16:800</time></pt><pt><x>534</x><y>689</y><time>06-12-21 10:45:17:499</time></pt><pt><x>520</x><y>666</y><time>06-12-21 10:45:17:996</time></pt><pt><x>517</x><y>645</y><time>06-12-21 10:45:18:433</time></pt><pt><x>480</x><y>643</y><time>06-12-21 10:45:18:964</time></pt><pt><x>420</x><y>664</y><time>06-12-21 10:45:20:568</time></pt><pt><x>397</x><y>657</y><time>06-12-21 10:45:22:668</time></pt><pt><x>408</x><y>640</y><time>06-12-21 10:45:23:540</time></pt><pt><x>411</x><y>617</y><time>06-12-21 10:45:24:028</time></pt><pt><x>374</x><y>594</y><time>06-12-21 10:45:24:769</time></pt><pt><x>313</x><y>564</y><time>06-12-21 10:45:25:668</time></pt><pt><x>260</x><y>536</y><time>06-12-21 10:45:27:371</time></pt><pt><x>246</x><y>527</y><time>06-12-21 10:45:28:005</time></pt><pt><x>218</x><y>527</y><time>06-12-21 10:45:28:498</time></pt><pt><x>211</x><y>536</y><time>06-12-21 10:45:28:993</time></pt><pt><x>207</x><y>555</y><time>06-12-21 10:45:29:460</time></pt><pt><x>193</x><y>571</y><time>06-12-21 10:45:30:020</time></pt><pt><x>172</x><y>599</y><time>06-12-21 10:45:30:646</time></pt><closed_date>06-12-21 10:45:31:287</closed_date></polygon></object><object><name>root canal treatment</name><deleted>0</deleted><verified>0</verified><occluded>no</occluded><attributes /><parts><hasparts /><ispartof>1</ispartof></parts><date>06-12-21 10:49:33:602</date><id>13</id><polygon><username>anonymous</username><pt><x>292</x><y>197</y><time>06-12-21 10:49:04:575</time></pt><pt><x>309</x><y>139</y><time>06-12-21 10:49:05:276</time></pt><pt><x>295</x><y>79</y><time>06-12-21 10:49:06:011</time></pt><pt><x>288</x><y>14</y><time>06-12-21 10:49:06:818</time></pt><pt><x>288</x><y>0</y><time>06-12-21 10:49:07:448</time></pt><pt><x>350</x><y>5</y><time>06-12-21 10:49:08:611</time></pt><pt><x>360</x><y>56</y><time>06-12-21 10:49:09:241</time></pt><pt><x>360</x><y>114</y><time>06-12-21 10:49:09:752</time></pt><pt><x>360</x><y>165</y><time>06-12-21 10:49:10:178</time></pt><pt><x>371</x><y>207</y><time>06-12-21 10:49:10:618</time></pt><pt><x>371</x><y>223</y><time>06-12-21 10:49:11:113</time></pt><pt><x>281</x><y>211</y><time>06-12-21 10:49:12:119</time></pt><closed_date>06-12-21 10:49:13:148</closed_date></polygon></object><object><name>root canal treatment</name><deleted>0</deleted><verified>0</verified><occluded>no</occluded><attributes /><parts><hasparts /><ispartof>1</ispartof></parts><date>06-12-21 10:49:43:216</date><id>14</id><polygon><username>anonymous</username><pt><x>413</x><y>121</y><time>06-12-21 10:49:34:798</time></pt><pt><x>425</x><y>63</y><time>06-12-21 10:49:35:577</time></pt><pt><x>432</x><y>7</y><time>06-12-21 10:49:36:626</time></pt><pt><x>473</x><y>2</y><time>06-12-21 10:49:37:515</time></pt><pt><x>469</x><y>49</y><time>06-12-21 10:49:38:073</time></pt><pt><x>448</x><y>109</y><time>06-12-21 10:49:38:665</time></pt><pt><x>436</x><y>172</y><time>06-12-21 10:49:39:200</time></pt><pt><x>436</x><y>188</y><time>06-12-21 10:49:39:626</time></pt><closed_date>06-12-21 10:49:40:386</closed_date></polygon></object><object><name>restoration</name><deleted>0</deleted><verified>0</verified><occluded>no</occluded><attributes /><parts><hasparts /><ispartof>1</ispartof></parts><date>06-12-21 10:50:00:158</date><id>15</id><polygon><username>anonymous</username><pt><x>193</x><y>213</y><time>06-12-21 10:49:44:517</time></pt><pt><x>225</x><y>211</y><time>06-12-21 10:49:45:064</time></pt><pt><x>262</x><y>234</y><time>06-12-21 10:49:45:548</time></pt><pt><x>285</x><y>274</y><time>06-12-21 10:49:46:098</time></pt><pt><x>313</x><y>274</y><time>06-12-21 10:49:46:594</time></pt><pt><x>318</x><y>260</y><time>06-12-21 10:49:47:802</time></pt><pt><x>339</x><y>285</y><time>06-12-21 10:49:48:360</time></pt><pt><x>364</x><y>299</y><time>06-12-21 10:49:48:761</time></pt><pt><x>394</x><y>288</y><time>06-12-21 10:49:49:229</time></pt><pt><x>422</x><y>267</y><time>06-12-21 10:49:49:610</time></pt><pt><x>452</x><y>304</y><time>06-12-21 10:49:50:370</time></pt><pt><x>480</x><y>329</y><time>06-12-21 10:49:50:915</time></pt><pt><x>464</x><y>374</y><time>06-12-21 10:49:51:369</time></pt><pt><x>476</x><y>439</y><time>06-12-21 10:49:51:896</time></pt><pt><x>476</x><y>455</y><time>06-12-21 10:49:52:363</time></pt><pt><x>462</x><y>471</y><time>06-12-21 10:49:53:125</time></pt><pt><x>441</x><y>471</y><time>06-12-21 10:49:53:499</time></pt><pt><x>362</x><y>429</y><time>06-12-21 10:49:54:242</time></pt><pt><x>283</x><y>378</y><time>06-12-21 10:49:55:049</time></pt><pt><x>241</x><y>325</y><time>06-12-21 10:49:56:226</time></pt><pt><x>204</x><y>302</y><time>06-12-21 10:49:56:905</time></pt><pt><x>195</x><y>248</y><time>06-12-21 10:49:57:521</time></pt><closed_date>06-12-21 10:49:58:180</closed_date></polygon></object><imagesize><nrows /><ncols /></imagesize></annotation>