<annotation><filename>imagem-025.jpg</filename><folder>segmentation_xray</folder><source><sourceImage>The MIT-CSAIL database of objects and scenes</sourceImage><sourceAnnotation>LabelMe Webtool</sourceAnnotation></source><object><name>tooth</name><deleted>0</deleted><verified>0</verified><occluded>no</occluded><attributes>27</attributes><parts><hasparts /><ispartof /></parts><date>11-01-22 20:48:15:544</date><id>0</id><type>bounding_box</type><polygon><username>anonymous</username><pt><x>1099</x><y>5</y><time>11-01-22 20:48:02:159</time></pt><pt><x>746</x><y>5</y><time>11-01-22 20:48:06:308</time></pt><pt><x>746</x><y>317</y><time>undefined</time></pt><pt><x>1099</x><y>317</y><time>undefined</time></pt><closed_date>11-01-22 20:48:06:308</closed_date></polygon></object><object><name>tooth</name><deleted>0</deleted><verified>0</verified><occluded>no</occluded><attributes>26</attributes><parts><hasparts /><ispartof /></parts><date>11-01-22 20:48:25:997</date><id>1</id><type>bounding_box</type><polygon><username>anonymous</username><pt><x>337</x><y>5</y><time>11-01-22 20:48:18:123</time></pt><pt><x>741</x><y>5</y><time>11-01-22 20:48:20:834</time></pt><pt><x>741</x><y>339</y><time>undefined</time></pt><pt><x>337</x><y>339</y><time>undefined</time></pt><closed_date>11-01-22 20:48:20:835</closed_date></polygon></object><object><name>tooth</name><deleted>0</deleted><verified>0</verified><occluded>no</occluded><attributes>25</attributes><parts><hasparts /><ispartof /></parts><date>11-01-22 20:48:50:191</date><id>2</id><type>bounding_box</type><polygon><username>anonymous</username><pt><x>85</x><y>284</y><time>11-01-22 20:48:36:698</time></pt><pt><x>362</x><y>284</y><time>11-01-22 20:48:41:471</time></pt><pt><x>362</x><y>5</y><time>undefined</time></pt><pt><x>85</x><y>5</y><time>undefined</time></pt><closed_date>11-01-22 20:48:41:471</closed_date></polygon></object><object><name>tooth</name><deleted>0</deleted><verified>0</verified><occluded>no</occluded><attributes>24</attributes><parts><hasparts /><ispartof /></parts><date>11-01-22 20:48:58:873</date><id>3</id><type>bounding_box</type><polygon><username>anonymous</username><pt><x>7</x><y>232</y><time>11-01-22 20:48:52:034</time></pt><pt><x>114</x><y>232</y><time>11-01-22 20:48:54:911</time></pt><pt><x>114</x><y>22</y><time>undefined</time></pt><pt><x>7</x><y>22</y><time>undefined</time></pt><closed_date>11-01-22 20:48:54:912</closed_date></polygon></object><object><name>tooth</name><deleted>0</deleted><verified>0</verified><occluded>no</occluded><attributes>38</attributes><parts><hasparts /><ispartof /></parts><date>11-01-22 20:49:17:444</date><id>4</id><type>bounding_box</type><polygon><username>anonymous</username><pt><x>1210</x><y>454</y><time>11-01-22 20:49:00:497</time></pt><pt><x>1007</x><y>454</y><time>11-01-22 20:49:07:277</time></pt><pt><x>1007</x><y>853</y><time>undefined</time></pt><pt><x>1210</x><y>853</y><time>undefined</time></pt><closed_date>11-01-22 20:49:07:277</closed_date></polygon></object><object><name>tooth</name><deleted>0</deleted><verified>0</verified><occluded>no</occluded><attributes>37</attributes><parts><hasparts>9</hasparts><ispartof /></parts><date>11-01-22 20:49:28:834</date><id>5</id><type>bounding_box</type><polygon><username>anonymous</username><pt><x>591</x><y>397</y><time>11-01-22 20:49:19:998</time></pt><pt><x>1057</x><y>397</y><time>11-01-22 20:49:22:204</time></pt><pt><x>1057</x><y>945</y><time>undefined</time></pt><pt><x>591</x><y>945</y><time>undefined</time></pt><closed_date>11-01-22 20:49:22:204</closed_date></polygon></object><object><name>tooth</name><deleted>0</deleted><verified>0</verified><occluded>no</occluded><attributes>36</attributes><parts><hasparts>8</hasparts><ispartof /></parts><date>11-01-22 20:49:40:288</date><id>6</id><type>bounding_box</type><polygon><username>anonymous</username><pt><x>157</x><y>391</y><time>11-01-22 20:49:30:466</time></pt><pt><x>591</x><y>391</y><time>11-01-22 20:49:34:063</time></pt><pt><x>591</x><y>942</y><time>undefined</time></pt><pt><x>157</x><y>942</y><time>undefined</time></pt><closed_date>11-01-22 20:49:34:063</closed_date></polygon></object><object><name>tooth</name><deleted>0</deleted><verified>0</verified><occluded>no</occluded><attributes>35</attributes><parts><hasparts /><ispartof /></parts><date>11-01-22 20:50:16:732</date><id>7</id><type>bounding_box</type><polygon><username>anonymous</username><pt><x>7</x><y>349</y><time>11-01-22 20:49:41:148</time></pt><pt><x>175</x><y>349</y><time>11-01-22 20:49:44:113</time></pt><pt><x>175</x><y>915</y><time>undefined</time></pt><pt><x>7</x><y>915</y><time>undefined</time></pt><closed_date>11-01-22 20:49:44:113</closed_date></polygon></object><object><name>restoration</name><deleted>0</deleted><verified>0</verified><occluded>no</occluded><attributes /><parts><hasparts /><ispartof>6</ispartof></parts><date>11-01-22 20:50:35:642</date><id>8</id><polygon><username>anonymous</username><pt><x>264</x><y>538</y><time>11-01-22 20:50:27:491</time></pt><pt><x>314</x><y>583</y><time>11-01-22 20:50:28:330</time></pt><pt><x>349</x><y>578</y><time>11-01-22 20:50:29:036</time></pt><pt><x>357</x><y>561</y><time>11-01-22 20:50:29:495</time></pt><pt><x>354</x><y>534</y><time>11-01-22 20:50:29:905</time></pt><pt><x>352</x><y>509</y><time>11-01-22 20:50:30:284</time></pt><pt><x>334</x><y>491</y><time>11-01-22 20:50:30:690</time></pt><pt><x>312</x><y>489</y><time>11-01-22 20:50:31:035</time></pt><pt><x>257</x><y>519</y><time>11-01-22 20:50:31:532</time></pt><closed_date>11-01-22 20:50:32:039</closed_date></polygon></object><object><name>restoration</name><deleted>0</deleted><verified>0</verified><occluded>no</occluded><attributes /><parts><hasparts /><ispartof>5</ispartof></parts><date>11-01-22 20:50:46:791</date><id>9</id><polygon><username>anonymous</username><pt><x>716</x><y>511</y><time>11-01-22 20:50:37:909</time></pt><pt><x>740</x><y>569</y><time>11-01-22 20:50:38:704</time></pt><pt><x>758</x><y>581</y><time>11-01-22 20:50:39:145</time></pt><pt><x>793</x><y>578</y><time>11-01-22 20:50:39:606</time></pt><pt><x>816</x><y>571</y><time>11-01-22 20:50:40:035</time></pt><pt><x>823</x><y>561</y><time>11-01-22 20:50:40:411</time></pt><pt><x>811</x><y>511</y><time>11-01-22 20:50:41:105</time></pt><pt><x>810</x><y>461</y><time>11-01-22 20:50:41:582</time></pt><pt><x>798</x><y>431</y><time>11-01-22 20:50:41:996</time></pt><pt><x>775</x><y>431</y><time>11-01-22 20:50:42:335</time></pt><pt><x>753</x><y>431</y><time>11-01-22 20:50:42:622</time></pt><pt><x>738</x><y>446</y><time>11-01-22 20:50:42:928</time></pt><pt><x>735</x><y>461</y><time>11-01-22 20:50:43:499</time></pt><pt><x>730</x><y>478</y><time>11-01-22 20:50:43:953</time></pt><pt><x>725</x><y>493</y><time>11-01-22 20:50:44:282</time></pt><closed_date>11-01-22 20:50:44:567</closed_date></polygon></object><imagesize><nrows /><ncols /></imagesize></annotation>