<annotation><filename>imagem-111.jpg</filename><folder>segmentation_xray</folder><source><sourceImage>The MIT-CSAIL database of objects and scenes</sourceImage><sourceAnnotation>LabelMe Webtool</sourceAnnotation></source><object><name>tooth</name><deleted>0</deleted><verified>0</verified><occluded>no</occluded><attributes>47</attributes><parts><hasparts>10</hasparts><ispartof /></parts><date>08-12-21 19:05:43:040</date><id>0</id><type>bounding_box</type><polygon><username>anonymous</username><pt><x>26</x><y>583</y><time>08-12-21 19:05:26:731</time></pt><pt><x>505</x><y>583</y><time>08-12-21 19:05:29:847</time></pt><pt><x>505</x><y>1223</y><time>undefined</time></pt><pt><x>26</x><y>1223</y><time>undefined</time></pt><closed_date>08-12-21 19:05:29:848</closed_date></polygon></object><object><name>tooth</name><deleted>0</deleted><verified>0</verified><occluded>no</occluded><attributes>46</attributes><parts><hasparts>11</hasparts><ispartof /></parts><date>08-12-21 19:05:54:850</date><id>1</id><type>bounding_box</type><polygon><username>anonymous</username><pt><x>490</x><y>574</y><time>08-12-21 19:05:44:580</time></pt><pt><x>981</x><y>574</y><time>08-12-21 19:05:49:132</time></pt><pt><x>981</x><y>1225</y><time>undefined</time></pt><pt><x>490</x><y>1225</y><time>undefined</time></pt><closed_date>08-12-21 19:05:49:132</closed_date></polygon></object><object><name>tooth</name><deleted>0</deleted><verified>0</verified><occluded>no</occluded><attributes>45</attributes><parts><hasparts>12</hasparts><ispartof /></parts><date>08-12-21 19:06:07:387</date><id>2</id><type>bounding_box</type><polygon><username>anonymous</username><pt><x>1288</x><y>590</y><time>08-12-21 19:05:57:505</time></pt><pt><x>953</x><y>590</y><time>08-12-21 19:06:00:345</time></pt><pt><x>953</x><y>1234</y><time>undefined</time></pt><pt><x>1288</x><y>1234</y><time>undefined</time></pt><closed_date>08-12-21 19:06:00:345</closed_date></polygon></object><object><name>tooth</name><deleted>0</deleted><verified>0</verified><occluded>no</occluded><attributes>44</attributes><parts><hasparts /><ispartof /></parts><date>08-12-21 19:06:16:306</date><id>3</id><type>bounding_box</type><polygon><username>anonymous</username><pt><x>1584</x><y>629</y><time>08-12-21 19:06:08:891</time></pt><pt><x>1255</x><y>629</y><time>08-12-21 19:06:10:998</time></pt><pt><x>1255</x><y>1231</y><time>undefined</time></pt><pt><x>1584</x><y>1231</y><time>undefined</time></pt><closed_date>08-12-21 19:06:10:999</closed_date></polygon></object><object><name>tooth</name><deleted>0</deleted><verified>0</verified><occluded>no</occluded><attributes>13</attributes><parts><hasparts /><ispartof /></parts><date>08-12-21 19:06:45:931</date><id>4</id><type>bounding_box</type><polygon><username>anonymous</username><pt><x>1521</x><y>598</y><time>08-12-21 19:06:30:553</time></pt><pt><x>1588</x><y>598</y><time>08-12-21 19:06:34:082</time></pt><pt><x>1588</x><y>41</y><time>undefined</time></pt><pt><x>1521</x><y>41</y><time>undefined</time></pt><closed_date>08-12-21 19:06:34:082</closed_date></polygon></object><object><name>tooth</name><deleted>0</deleted><verified>0</verified><occluded>no</occluded><attributes>18</attributes><parts><hasparts /><ispartof /></parts><date>08-12-21 19:07:06:602</date><id>5</id><type>bounding_box</type><polygon><username>anonymous</username><pt><x>189</x><y>470</y><time>08-12-21 19:06:57:481</time></pt><pt><x>11</x><y>470</y><time>08-12-21 19:07:00:530</time></pt><pt><x>11</x><y>28</y><time>undefined</time></pt><pt><x>189</x><y>28</y><time>undefined</time></pt><closed_date>08-12-21 19:07:00:531</closed_date></polygon></object><object><name>tooth</name><deleted>0</deleted><verified>0</verified><occluded>no</occluded><attributes>17</attributes><parts><hasparts>13</hasparts><ispartof /></parts><date>08-12-21 19:07:27:274</date><id>6</id><type>bounding_box</type><polygon><username>anonymous</username><pt><x>574</x><y>20</y><time>08-12-21 19:07:11:643</time></pt><pt><x>139</x><y>20</y><time>08-12-21 19:07:15:807</time></pt><pt><x>139</x><y>596</y><time>undefined</time></pt><pt><x>574</x><y>596</y><time>undefined</time></pt><closed_date>08-12-21 19:07:15:807</closed_date></polygon></object><object><name>tooth</name><deleted>0</deleted><verified>0</verified><occluded>no</occluded><attributes>16</attributes><parts><hasparts>14</hasparts><ispartof /></parts><date>08-12-21 19:08:03:737</date><id>7</id><type>bounding_box</type><polygon><username>anonymous</username><pt><x>966</x><y>20</y><time>08-12-21 19:07:53:070</time></pt><pt><x>520</x><y>20</y><time>08-12-21 19:07:57:782</time></pt><pt><x>520</x><y>574</y><time>undefined</time></pt><pt><x>966</x><y>574</y><time>undefined</time></pt><closed_date>08-12-21 19:07:57:783</closed_date></polygon></object><object><name>tooth</name><deleted>0</deleted><verified>0</verified><occluded>no</occluded><attributes>15</attributes><parts><hasparts /><ispartof /></parts><date>08-12-21 19:08:52:916</date><id>8</id><type>bounding_box</type><polygon><username>anonymous</username><pt><x>1225</x><y>555</y><time>08-12-21 19:08:41:400</time></pt><pt><x>933</x><y>555</y><time>08-12-21 19:08:48:192</time></pt><pt><x>933</x><y>13</y><time>undefined</time></pt><pt><x>1225</x><y>13</y><time>undefined</time></pt><closed_date>08-12-21 19:08:48:192</closed_date></polygon></object><object><name>tooth</name><deleted>0</deleted><verified>0</verified><occluded>no</occluded><attributes>14</attributes><parts><hasparts /><ispartof /></parts><date>08-12-21 19:09:16:326</date><id>9</id><type>bounding_box</type><polygon><username>anonymous</username><pt><x>1516</x><y>9</y><time>08-12-21 19:09:05:334</time></pt><pt><x>1227</x><y>9</y><time>08-12-21 19:09:10:130</time></pt><pt><x>1227</x><y>585</y><time>undefined</time></pt><pt><x>1516</x><y>585</y><time>undefined</time></pt><closed_date>08-12-21 19:09:10:131</closed_date></polygon></object><object><name>restoration</name><deleted>0</deleted><verified>0</verified><occluded>no</occluded><attributes /><parts><hasparts /><ispartof>0</ispartof></parts><date>08-12-21 19:19:10:020</date><id>10</id><polygon><username>anonymous</username><pt><x>107</x><y>705</y><time>08-12-21 19:18:33:911</time></pt><pt><x>131</x><y>705</y><time>08-12-21 19:18:34:305</time></pt><pt><x>141</x><y>711</y><time>08-12-21 19:18:34:778</time></pt><pt><x>152</x><y>725</y><time>08-12-21 19:18:35:169</time></pt><pt><x>154</x><y>753</y><time>08-12-21 19:18:35:634</time></pt><pt><x>159</x><y>777</y><time>08-12-21 19:18:35:995</time></pt><pt><x>161</x><y>790</y><time>08-12-21 19:18:36:297</time></pt><pt><x>161</x><y>809</y><time>08-12-21 19:18:36:523</time></pt><pt><x>163</x><y>827</y><time>08-12-21 19:18:36:706</time></pt><pt><x>170</x><y>840</y><time>08-12-21 19:18:37:010</time></pt><pt><x>185</x><y>862</y><time>08-12-21 19:18:37:506</time></pt><pt><x>211</x><y>875</y><time>08-12-21 19:18:37:931</time></pt><pt><x>242</x><y>883</y><time>08-12-21 19:18:38:522</time></pt><pt><x>285</x><y>888</y><time>08-12-21 19:18:39:772</time></pt><pt><x>298</x><y>886</y><time>08-12-21 19:18:40:178</time></pt><pt><x>315</x><y>872</y><time>08-12-21 19:18:40:482</time></pt><pt><x>326</x><y>862</y><time>08-12-21 19:18:40:754</time></pt><pt><x>337</x><y>849</y><time>08-12-21 19:18:40:970</time></pt><pt><x>348</x><y>835</y><time>08-12-21 19:18:41:178</time></pt><pt><x>366</x><y>818</y><time>08-12-21 19:18:41:370</time></pt><pt><x>379</x><y>807</y><time>08-12-21 19:18:41:570</time></pt><pt><x>398</x><y>794</y><time>08-12-21 19:18:41:770</time></pt><pt><x>413</x><y>785</y><time>08-12-21 19:18:41:970</time></pt><pt><x>431</x><y>772</y><time>08-12-21 19:18:42:242</time></pt><pt><x>440</x><y>762</y><time>08-12-21 19:18:42:618</time></pt><pt><x>457</x><y>792</y><time>08-12-21 19:18:42:930</time></pt><pt><x>457</x><y>827</y><time>08-12-21 19:18:43:874</time></pt><pt><x>457</x><y>844</y><time>08-12-21 19:18:44:290</time></pt><pt><x>457</x><y>875</y><time>08-12-21 19:18:44:610</time></pt><pt><x>457</x><y>892</y><time>08-12-21 19:18:44:874</time></pt><pt><x>457</x><y>899</y><time>08-12-21 19:18:45:098</time></pt><pt><x>455</x><y>916</y><time>08-12-21 19:18:45:645</time></pt><pt><x>453</x><y>949</y><time>08-12-21 19:18:46:554</time></pt><pt><x>457</x><y>929</y><time>08-12-21 19:18:47:153</time></pt><pt><x>466</x><y>903</y><time>08-12-21 19:18:47:513</time></pt><pt><x>468</x><y>872</y><time>08-12-21 19:18:47:866</time></pt><pt><x>474</x><y>851</y><time>08-12-21 19:18:48:146</time></pt><pt><x>476</x><y>829</y><time>08-12-21 19:18:48:434</time></pt><pt><x>487</x><y>812</y><time>08-12-21 19:18:48:730</time></pt><pt><x>487</x><y>790</y><time>08-12-21 19:18:49:034</time></pt><pt><x>492</x><y>759</y><time>08-12-21 19:18:49:330</time></pt><pt><x>492</x><y>738</y><time>08-12-21 19:18:49:610</time></pt><pt><x>466</x><y>709</y><time>08-12-21 19:18:57:322</time></pt><pt><x>457</x><y>705</y><time>08-12-21 19:18:58:962</time></pt><pt><x>448</x><y>705</y><time>08-12-21 19:18:59:378</time></pt><pt><x>433</x><y>705</y><time>08-12-21 19:18:59:761</time></pt><pt><x>418</x><y>694</y><time>08-12-21 19:19:00:098</time></pt><pt><x>396</x><y>685</y><time>08-12-21 19:19:00:474</time></pt><pt><x>389</x><y>685</y><time>08-12-21 19:19:00:818</time></pt><pt><x>363</x><y>688</y><time>08-12-21 19:19:01:114</time></pt><pt><x>348</x><y>696</y><time>08-12-21 19:19:01:380</time></pt><pt><x>318</x><y>698</y><time>08-12-21 19:19:01:674</time></pt><pt><x>309</x><y>703</y><time>08-12-21 19:19:01:970</time></pt><pt><x>287</x><y>711</y><time>08-12-21 19:19:02:345</time></pt><pt><x>268</x><y>718</y><time>08-12-21 19:19:02:618</time></pt><pt><x>250</x><y>725</y><time>08-12-21 19:19:02:890</time></pt><pt><x>239</x><y>725</y><time>08-12-21 19:19:03:177</time></pt><pt><x>231</x><y>725</y><time>08-12-21 19:19:03:425</time></pt><pt><x>209</x><y>722</y><time>08-12-21 19:19:03:634</time></pt><pt><x>207</x><y>722</y><time>08-12-21 19:19:03:834</time></pt><pt><x>198</x><y>716</y><time>08-12-21 19:19:04:042</time></pt><pt><x>189</x><y>711</y><time>08-12-21 19:19:04:418</time></pt><pt><x>165</x><y>698</y><time>08-12-21 19:19:04:874</time></pt><pt><x>148</x><y>694</y><time>08-12-21 19:19:05:346</time></pt><pt><x>128</x><y>694</y><time>08-12-21 19:19:05:746</time></pt><closed_date>08-12-21 19:19:06:058</closed_date></polygon></object><object><name>restoration</name><deleted>0</deleted><verified>0</verified><occluded>no</occluded><attributes /><parts><hasparts /><ispartof>1</ispartof></parts><date>08-12-21 19:19:57:421</date><id>11</id><polygon><username>anonymous</username><pt><x>594</x><y>711</y><time>08-12-21 19:19:16:485</time></pt><pt><x>651</x><y>805</y><time>08-12-21 19:19:35:123</time></pt><pt><x>672</x><y>807</y><time>08-12-21 19:19:35:947</time></pt><pt><x>685</x><y>807</y><time>08-12-21 19:19:36:331</time></pt><pt><x>698</x><y>807</y><time>08-12-21 19:19:36:619</time></pt><pt><x>711</x><y>807</y><time>08-12-21 19:19:36:939</time></pt><pt><x>742</x><y>820</y><time>08-12-21 19:19:37:379</time></pt><pt><x>746</x><y>825</y><time>08-12-21 19:19:37:836</time></pt><pt><x>770</x><y>825</y><time>08-12-21 19:19:38:154</time></pt><pt><x>794</x><y>805</y><time>08-12-21 19:19:39:635</time></pt><pt><x>812</x><y>827</y><time>08-12-21 19:19:40:139</time></pt><pt><x>818</x><y>840</y><time>08-12-21 19:19:40:588</time></pt><pt><x>818</x><y>855</y><time>08-12-21 19:19:41:027</time></pt><pt><x>814</x><y>879</y><time>08-12-21 19:19:41:354</time></pt><pt><x>816</x><y>901</y><time>08-12-21 19:19:41:611</time></pt><pt><x>822</x><y>918</y><time>08-12-21 19:19:41:853</time></pt><pt><x>827</x><y>923</y><time>08-12-21 19:19:42:094</time></pt><pt><x>857</x><y>923</y><time>08-12-21 19:19:42:797</time></pt><pt><x>879</x><y>912</y><time>08-12-21 19:19:43:206</time></pt><pt><x>892</x><y>905</y><time>08-12-21 19:19:43:558</time></pt><pt><x>909</x><y>903</y><time>08-12-21 19:19:43:901</time></pt><pt><x>929</x><y>894</y><time>08-12-21 19:19:44:203</time></pt><pt><x>933</x><y>886</y><time>08-12-21 19:19:44:491</time></pt><pt><x>951</x><y>870</y><time>08-12-21 19:19:44:739</time></pt><pt><x>957</x><y>851</y><time>08-12-21 19:19:45:011</time></pt><pt><x>970</x><y>840</y><time>08-12-21 19:19:45:260</time></pt><pt><x>973</x><y>812</y><time>08-12-21 19:19:45:595</time></pt><pt><x>973</x><y>792</y><time>08-12-21 19:19:45:939</time></pt><pt><x>973</x><y>759</y><time>08-12-21 19:19:46:491</time></pt><pt><x>964</x><y>735</y><time>08-12-21 19:19:46:867</time></pt><pt><x>949</x><y>725</y><time>08-12-21 19:19:47:251</time></pt><pt><x>936</x><y>720</y><time>08-12-21 19:19:47:612</time></pt><pt><x>899</x><y>705</y><time>08-12-21 19:19:48:618</time></pt><pt><x>890</x><y>694</y><time>08-12-21 19:19:49:027</time></pt><pt><x>868</x><y>683</y><time>08-12-21 19:19:49:403</time></pt><pt><x>853</x><y>681</y><time>08-12-21 19:19:49:731</time></pt><pt><x>833</x><y>679</y><time>08-12-21 19:19:50:027</time></pt><pt><x>822</x><y>677</y><time>08-12-21 19:19:50:307</time></pt><pt><x>812</x><y>677</y><time>08-12-21 19:19:50:595</time></pt><pt><x>790</x><y>674</y><time>08-12-21 19:19:50:859</time></pt><pt><x>766</x><y>670</y><time>08-12-21 19:19:51:083</time></pt><pt><x>740</x><y>670</y><time>08-12-21 19:19:51:339</time></pt><pt><x>725</x><y>666</y><time>08-12-21 19:19:51:691</time></pt><pt><x>711</x><y>659</y><time>08-12-21 19:19:51:955</time></pt><pt><x>692</x><y>651</y><time>08-12-21 19:19:52:283</time></pt><pt><x>661</x><y>651</y><time>08-12-21 19:19:52:531</time></pt><pt><x>624</x><y>672</y><time>08-12-21 19:19:53:483</time></pt><closed_date>08-12-21 19:19:54:059</closed_date></polygon></object><object><name>restoration</name><deleted>0</deleted><verified>0</verified><occluded>no</occluded><attributes /><parts><hasparts /><ispartof>2</ispartof></parts><date>08-12-21 19:20:43:974</date><id>12</id><polygon><username>anonymous</username><pt><x>1020</x><y>868</y><time>08-12-21 19:20:09:597</time></pt><pt><x>1040</x><y>846</y><time>08-12-21 19:20:10:059</time></pt><pt><x>1047</x><y>827</y><time>08-12-21 19:20:10:483</time></pt><pt><x>1047</x><y>805</y><time>08-12-21 19:20:10:867</time></pt><pt><x>1042</x><y>788</y><time>08-12-21 19:20:11:203</time></pt><pt><x>1042</x><y>759</y><time>08-12-21 19:20:11:547</time></pt><pt><x>1049</x><y>733</y><time>08-12-21 19:20:11:867</time></pt><pt><x>1064</x><y>727</y><time>08-12-21 19:20:12:163</time></pt><pt><x>1086</x><y>740</y><time>08-12-21 19:20:12:516</time></pt><pt><x>1097</x><y>755</y><time>08-12-21 19:20:12:853</time></pt><pt><x>1103</x><y>759</y><time>08-12-21 19:20:13:355</time></pt><pt><x>1118</x><y>759</y><time>08-12-21 19:20:13:650</time></pt><pt><x>1131</x><y>755</y><time>08-12-21 19:20:13:891</time></pt><pt><x>1153</x><y>748</y><time>08-12-21 19:20:14:131</time></pt><pt><x>1168</x><y>733</y><time>08-12-21 19:20:14:379</time></pt><pt><x>1188</x><y>720</y><time>08-12-21 19:20:14:627</time></pt><pt><x>1214</x><y>716</y><time>08-12-21 19:20:14:869</time></pt><pt><x>1225</x><y>731</y><time>08-12-21 19:20:15:131</time></pt><pt><x>1231</x><y>746</y><time>08-12-21 19:20:15:395</time></pt><pt><x>1234</x><y>777</y><time>08-12-21 19:20:15:684</time></pt><pt><x>1234</x><y>801</y><time>08-12-21 19:20:16:005</time></pt><pt><x>1225</x><y>827</y><time>08-12-21 19:20:16:331</time></pt><pt><x>1225</x><y>842</y><time>08-12-21 19:20:16:611</time></pt><pt><x>1223</x><y>868</y><time>08-12-21 19:20:16:867</time></pt><pt><x>1234</x><y>851</y><time>08-12-21 19:20:26:668</time></pt><pt><x>1247</x><y>831</y><time>08-12-21 19:20:27:035</time></pt><pt><x>1251</x><y>812</y><time>08-12-21 19:20:27:395</time></pt><pt><x>1260</x><y>785</y><time>08-12-21 19:20:27:707</time></pt><pt><x>1264</x><y>755</y><time>08-12-21 19:20:28:051</time></pt><pt><x>1271</x><y>722</y><time>08-12-21 19:20:28:467</time></pt><pt><x>1271</x><y>694</y><time>08-12-21 19:20:28:851</time></pt><pt><x>1258</x><y>670</y><time>08-12-21 19:20:29:227</time></pt><pt><x>1236</x><y>666</y><time>08-12-21 19:20:29:723</time></pt><pt><x>1199</x><y>664</y><time>08-12-21 19:20:30:148</time></pt><pt><x>1173</x><y>679</y><time>08-12-21 19:20:30:515</time></pt><pt><x>1153</x><y>685</y><time>08-12-21 19:20:30:803</time></pt><pt><x>1112</x><y>688</y><time>08-12-21 19:20:33:251</time></pt><pt><x>1092</x><y>692</y><time>08-12-21 19:20:33:891</time></pt><pt><x>1062</x><y>685</y><time>08-12-21 19:20:35:539</time></pt><pt><x>1040</x><y>690</y><time>08-12-21 19:20:36:099</time></pt><pt><x>1023</x><y>688</y><time>08-12-21 19:20:36:491</time></pt><pt><x>999</x><y>685</y><time>08-12-21 19:20:36:796</time></pt><pt><x>983</x><y>685</y><time>08-12-21 19:20:37:195</time></pt><pt><x>975</x><y>694</y><time>08-12-21 19:20:37:531</time></pt><pt><x>973</x><y>711</y><time>08-12-21 19:20:37:867</time></pt><pt><x>970</x><y>729</y><time>08-12-21 19:20:38:211</time></pt><pt><x>970</x><y>748</y><time>08-12-21 19:20:38:459</time></pt><pt><x>970</x><y>781</y><time>08-12-21 19:20:38:725</time></pt><pt><x>973</x><y>803</y><time>08-12-21 19:20:38:979</time></pt><pt><x>986</x><y>822</y><time>08-12-21 19:20:39:389</time></pt><pt><x>992</x><y>838</y><time>08-12-21 19:20:39:733</time></pt><closed_date>08-12-21 19:20:40:173</closed_date></polygon></object><object><name>restoration</name><deleted>0</deleted><verified>0</verified><occluded>no</occluded><attributes /><parts><hasparts /><ispartof>6</ispartof></parts><date>08-12-21 19:21:19:016</date><id>13</id><polygon><username>anonymous</username><pt><x>431</x><y>487</y><time>08-12-21 19:20:58:294</time></pt><pt><x>405</x><y>450</y><time>08-12-21 19:20:59:003</time></pt><pt><x>387</x><y>429</y><time>08-12-21 19:20:59:467</time></pt><pt><x>370</x><y>418</y><time>08-12-21 19:20:59:891</time></pt><pt><x>355</x><y>394</y><time>08-12-21 19:21:00:307</time></pt><pt><x>348</x><y>387</y><time>08-12-21 19:21:00:660</time></pt><pt><x>320</x><y>387</y><time>08-12-21 19:21:00:995</time></pt><pt><x>298</x><y>389</y><time>08-12-21 19:21:01:371</time></pt><pt><x>278</x><y>398</y><time>08-12-21 19:21:01:723</time></pt><pt><x>263</x><y>407</y><time>08-12-21 19:21:02:059</time></pt><pt><x>261</x><y>435</y><time>08-12-21 19:21:02:395</time></pt><pt><x>263</x><y>463</y><time>08-12-21 19:21:02:787</time></pt><pt><x>278</x><y>487</y><time>08-12-21 19:21:03:116</time></pt><pt><x>298</x><y>500</y><time>08-12-21 19:21:03:435</time></pt><pt><x>320</x><y>509</y><time>08-12-21 19:21:03:731</time></pt><pt><x>344</x><y>524</y><time>08-12-21 19:21:03:980</time></pt><pt><x>350</x><y>529</y><time>08-12-21 19:21:04:197</time></pt><pt><x>374</x><y>542</y><time>08-12-21 19:21:04:444</time></pt><pt><x>379</x><y>544</y><time>08-12-21 19:21:04:675</time></pt><pt><x>394</x><y>544</y><time>08-12-21 19:21:05:251</time></pt><pt><x>407</x><y>524</y><time>08-12-21 19:21:05:659</time></pt><pt><x>418</x><y>509</y><time>08-12-21 19:21:06:020</time></pt><closed_date>08-12-21 19:21:13:636</closed_date></polygon></object><object><name>restoration</name><deleted>0</deleted><verified>0</verified><occluded>no</occluded><attributes /><parts><hasparts /><ispartof>7</ispartof></parts><date>08-12-21 19:21:46:173</date><id>14</id><polygon><username>anonymous</username><pt><x>864</x><y>494</y><time>08-12-21 19:21:27:878</time></pt><pt><x>877</x><y>459</y><time>08-12-21 19:21:28:476</time></pt><pt><x>877</x><y>435</y><time>08-12-21 19:21:28:867</time></pt><pt><x>862</x><y>424</y><time>08-12-21 19:21:29:412</time></pt><pt><x>851</x><y>411</y><time>08-12-21 19:21:29:787</time></pt><pt><x>846</x><y>389</y><time>08-12-21 19:21:30:156</time></pt><pt><x>822</x><y>374</y><time>08-12-21 19:21:30:572</time></pt><pt><x>816</x><y>370</y><time>08-12-21 19:21:31:076</time></pt><pt><x>792</x><y>370</y><time>08-12-21 19:21:31:428</time></pt><pt><x>772</x><y>370</y><time>08-12-21 19:21:31:892</time></pt><pt><x>757</x><y>370</y><time>08-12-21 19:21:32:436</time></pt><pt><x>740</x><y>370</y><time>08-12-21 19:21:32:804</time></pt><pt><x>692</x><y>379</y><time>08-12-21 19:21:33:092</time></pt><pt><x>685</x><y>379</y><time>08-12-21 19:21:34:660</time></pt><pt><x>657</x><y>370</y><time>08-12-21 19:21:35:083</time></pt><pt><x>629</x><y>381</y><time>08-12-21 19:21:35:404</time></pt><pt><x>620</x><y>396</y><time>08-12-21 19:21:35:924</time></pt><pt><x>614</x><y>435</y><time>08-12-21 19:21:36:309</time></pt><pt><x>616</x><y>459</y><time>08-12-21 19:21:36:725</time></pt><pt><x>622</x><y>481</y><time>08-12-21 19:21:37:188</time></pt><pt><x>631</x><y>483</y><time>08-12-21 19:21:37:724</time></pt><pt><x>668</x><y>461</y><time>08-12-21 19:21:38:132</time></pt><pt><x>690</x><y>446</y><time>08-12-21 19:21:38:468</time></pt><pt><x>735</x><y>444</y><time>08-12-21 19:21:38:828</time></pt><pt><x>755</x><y>450</y><time>08-12-21 19:21:39:180</time></pt><pt><x>770</x><y>487</y><time>08-12-21 19:21:39:509</time></pt><pt><x>775</x><y>507</y><time>08-12-21 19:21:39:901</time></pt><pt><x>790</x><y>529</y><time>08-12-21 19:21:40:237</time></pt><pt><x>809</x><y>529</y><time>08-12-21 19:21:40:556</time></pt><pt><x>831</x><y>524</y><time>08-12-21 19:21:40:829</time></pt><pt><x>853</x><y>507</y><time>08-12-21 19:21:41:092</time></pt><closed_date>08-12-21 19:21:42:868</closed_date></polygon></object><imagesize><nrows /><ncols /></imagesize></annotation>