<annotation><filename>imagem-050.jpg</filename><folder>segmentation_xray</folder><source><sourceImage>The MIT-CSAIL database of objects and scenes</sourceImage><sourceAnnotation>LabelMe Webtool</sourceAnnotation></source><object><name>tooth</name><deleted>0</deleted><verified>0</verified><occluded>no</occluded><attributes>38</attributes><parts><hasparts>5</hasparts><ispartof /></parts><date>13-01-22 19:24:56:981</date><id>0</id><type>bounding_box</type><polygon><username>anonymous</username><pt><x>1207</x><y>935</y><time>13-01-22 19:24:46:847</time></pt><pt><x>783</x><y>935</y><time>13-01-22 19:24:51:018</time></pt><pt><x>783</x><y>282</y><time>undefined</time></pt><pt><x>1207</x><y>282</y><time>undefined</time></pt><closed_date>13-01-22 19:24:51:018</closed_date></polygon></object><object><name>tooth</name><deleted>0</deleted><verified>0</verified><occluded>no</occluded><attributes>37</attributes><parts><hasparts>4</hasparts><ispartof /></parts><date>13-01-22 19:25:07:466</date><id>1</id><type>bounding_box</type><polygon><username>anonymous</username><pt><x>437</x><y>354</y><time>13-01-22 19:24:59:249</time></pt><pt><x>965</x><y>354</y><time>13-01-22 19:25:02:391</time></pt><pt><x>965</x><y>948</y><time>undefined</time></pt><pt><x>437</x><y>948</y><time>undefined</time></pt><closed_date>13-01-22 19:25:02:391</closed_date></polygon></object><object><name>tooth</name><deleted>0</deleted><verified>0</verified><occluded>no</occluded><attributes>36</attributes><parts><hasparts>6</hasparts><ispartof /></parts><date>13-01-22 19:25:16:974</date><id>2</id><type>bounding_box</type><polygon><username>anonymous</username><pt><x>78</x><y>406</y><time>13-01-22 19:25:11:310</time></pt><pt><x>604</x><y>406</y><time>13-01-22 19:25:13:230</time></pt><pt><x>604</x><y>937</y><time>undefined</time></pt><pt><x>78</x><y>937</y><time>undefined</time></pt><closed_date>13-01-22 19:25:13:230</closed_date></polygon></object><object><name>tooth</name><deleted>0</deleted><verified>0</verified><occluded>no</occluded><attributes>35</attributes><parts><hasparts>7</hasparts><ispartof /></parts><date>13-01-22 19:25:25:752</date><id>3</id><type>bounding_box</type><polygon><username>anonymous</username><pt><x>0</x><y>483</y><time>13-01-22 19:25:18:184</time></pt><pt><x>180</x><y>483</y><time>13-01-22 19:25:19:523</time></pt><pt><x>180</x><y>942</y><time>undefined</time></pt><pt><x>0</x><y>942</y><time>undefined</time></pt><closed_date>13-01-22 19:25:19:523</closed_date></polygon></object><object><name>restoration</name><deleted>0</deleted><verified>0</verified><occluded>no</occluded><attributes /><parts><hasparts /><ispartof>1</ispartof></parts><date>13-01-22 19:26:08:088</date><id>4</id><polygon><username>anonymous</username><pt><x>488</x><y>471</y><time>13-01-22 19:25:58:239</time></pt><pt><x>509</x><y>476</y><time>13-01-22 19:25:58:682</time></pt><pt><x>549</x><y>471</y><time>13-01-22 19:25:59:069</time></pt><pt><x>576</x><y>464</y><time>13-01-22 19:25:59:334</time></pt><pt><x>611</x><y>464</y><time>13-01-22 19:25:59:625</time></pt><pt><x>644</x><y>444</y><time>13-01-22 19:25:59:896</time></pt><pt><x>710</x><y>401</y><time>13-01-22 19:26:00:504</time></pt><pt><x>725</x><y>376</y><time>13-01-22 19:26:00:903</time></pt><pt><x>705</x><y>387</y><time>13-01-22 19:26:01:258</time></pt><pt><x>664</x><y>382</y><time>13-01-22 19:26:01:556</time></pt><pt><x>648</x><y>372</y><time>13-01-22 19:26:01:798</time></pt><pt><x>608</x><y>382</y><time>13-01-22 19:26:02:246</time></pt><pt><x>588</x><y>407</y><time>13-01-22 19:26:02:560</time></pt><pt><x>568</x><y>421</y><time>13-01-22 19:26:02:864</time></pt><pt><x>539</x><y>421</y><time>13-01-22 19:26:03:200</time></pt><pt><x>538</x><y>441</y><time>13-01-22 19:26:03:460</time></pt><pt><x>503</x><y>444</y><time>13-01-22 19:26:03:821</time></pt><closed_date>13-01-22 19:26:04:274</closed_date></polygon></object><object><name>restoration</name><deleted>0</deleted><verified>0</verified><occluded>no</occluded><attributes /><parts><hasparts /><ispartof>0</ispartof></parts><date>13-01-22 19:26:28:562</date><id>5</id><polygon><username>anonymous</username><pt><x>900</x><y>337</y><time>13-01-22 19:26:10:522</time></pt><pt><x>925</x><y>329</y><time>13-01-22 19:26:10:951</time></pt><pt><x>950</x><y>324</y><time>13-01-22 19:26:11:334</time></pt><pt><x>968</x><y>332</y><time>13-01-22 19:26:11:674</time></pt><pt><x>982</x><y>329</y><time>13-01-22 19:26:11:970</time></pt><pt><x>1018</x><y>312</y><time>13-01-22 19:26:12:388</time></pt><pt><x>1057</x><y>309</y><time>13-01-22 19:26:12:687</time></pt><pt><x>1085</x><y>319</y><time>13-01-22 19:26:13:021</time></pt><pt><x>1095</x><y>332</y><time>13-01-22 19:26:13:335</time></pt><pt><x>1089</x><y>357</y><time>13-01-22 19:26:13:564</time></pt><pt><x>1080</x><y>377</y><time>13-01-22 19:26:13:860</time></pt><pt><x>1075</x><y>401</y><time>13-01-22 19:26:14:145</time></pt><pt><x>1047</x><y>411</y><time>13-01-22 19:26:14:423</time></pt><pt><x>1010</x><y>411</y><time>13-01-22 19:26:14:679</time></pt><pt><x>988</x><y>412</y><time>13-01-22 19:26:14:966</time></pt><pt><x>943</x><y>411</y><time>13-01-22 19:26:15:362</time></pt><pt><x>928</x><y>402</y><time>13-01-22 19:26:15:670</time></pt><pt><x>917</x><y>404</y><time>13-01-22 19:26:16:012</time></pt><pt><x>908</x><y>412</y><time>13-01-22 19:26:16:300</time></pt><pt><x>882</x><y>412</y><time>13-01-22 19:26:16:572</time></pt><pt><x>863</x><y>401</y><time>13-01-22 19:26:16:823</time></pt><pt><x>867</x><y>374</y><time>13-01-22 19:26:17:156</time></pt><pt><x>882</x><y>367</y><time>13-01-22 19:26:17:422</time></pt><pt><x>895</x><y>359</y><time>13-01-22 19:26:17:694</time></pt><closed_date>13-01-22 19:26:17:963</closed_date></polygon></object><object><name>restoration</name><deleted>0</deleted><verified>0</verified><occluded>no</occluded><attributes /><parts><hasparts /><ispartof>2</ispartof></parts><date>13-01-22 19:26:42:850</date><id>6</id><polygon><username>anonymous</username><pt><x>105</x><y>524</y><time>13-01-22 19:26:32:608</time></pt><pt><x>140</x><y>534</y><time>13-01-22 19:26:33:035</time></pt><pt><x>162</x><y>534</y><time>13-01-22 19:26:33:324</time></pt><pt><x>189</x><y>534</y><time>13-01-22 19:26:33:576</time></pt><pt><x>219</x><y>534</y><time>13-01-22 19:26:33:812</time></pt><pt><x>235</x><y>536</y><time>13-01-22 19:26:34:052</time></pt><pt><x>254</x><y>538</y><time>13-01-22 19:26:34:303</time></pt><pt><x>297</x><y>524</y><time>13-01-22 19:26:34:657</time></pt><pt><x>326</x><y>533</y><time>13-01-22 19:26:34:971</time></pt><pt><x>354</x><y>514</y><time>13-01-22 19:26:35:250</time></pt><pt><x>376</x><y>496</y><time>13-01-22 19:26:35:543</time></pt><pt><x>389</x><y>472</y><time>13-01-22 19:26:35:812</time></pt><pt><x>391</x><y>454</y><time>13-01-22 19:26:36:043</time></pt><pt><x>382</x><y>437</y><time>13-01-22 19:26:36:300</time></pt><pt><x>372</x><y>426</y><time>13-01-22 19:26:36:531</time></pt><pt><x>364</x><y>419</y><time>13-01-22 19:26:36:769</time></pt><pt><x>336</x><y>426</y><time>13-01-22 19:26:36:996</time></pt><pt><x>312</x><y>442</y><time>13-01-22 19:26:37:235</time></pt><pt><x>292</x><y>447</y><time>13-01-22 19:26:37:439</time></pt><pt><x>275</x><y>442</y><time>13-01-22 19:26:37:605</time></pt><pt><x>255</x><y>434</y><time>13-01-22 19:26:37:896</time></pt><pt><x>230</x><y>444</y><time>13-01-22 19:26:38:205</time></pt><pt><x>197</x><y>457</y><time>13-01-22 19:26:38:489</time></pt><pt><x>155</x><y>484</y><time>13-01-22 19:26:38:761</time></pt><closed_date>13-01-22 19:26:39:326</closed_date></polygon></object><object><name>restoration</name><deleted>0</deleted><verified>0</verified><occluded>no</occluded><attributes /><parts><hasparts /><ispartof>3</ispartof></parts><date>13-01-22 19:26:53:226</date><id>7</id><polygon><username>anonymous</username><pt><x>33</x><y>579</y><time>13-01-22 19:26:45:381</time></pt><pt><x>57</x><y>569</y><time>13-01-22 19:26:45:937</time></pt><pt><x>57</x><y>554</y><time>13-01-22 19:26:46:423</time></pt><pt><x>60</x><y>538</y><time>13-01-22 19:26:46:940</time></pt><pt><x>55</x><y>531</y><time>13-01-22 19:26:47:275</time></pt><pt><x>38</x><y>529</y><time>13-01-22 19:26:47:569</time></pt><pt><x>28</x><y>524</y><time>13-01-22 19:26:47:831</time></pt><pt><x>22</x><y>523</y><time>13-01-22 19:26:48:110</time></pt><pt><x>5</x><y>526</y><time>13-01-22 19:26:48:425</time></pt><pt><x>8</x><y>583</y><time>13-01-22 19:26:50:091</time></pt><closed_date>13-01-22 19:26:50:838</closed_date></polygon></object><object><name>tooth</name><deleted>0</deleted><verified>0</verified><occluded>no</occluded><attributes>28</attributes><parts><hasparts>14</hasparts><ispartof /></parts><date>13-01-22 19:27:05:419</date><id>8</id><type>bounding_box</type><polygon><username>anonymous</username><pt><x>661</x><y>5</y><time>13-01-22 19:26:56:778</time></pt><pt><x>967</x><y>5</y><time>13-01-22 19:26:58:387</time></pt><pt><x>967</x><y>240</y><time>undefined</time></pt><pt><x>661</x><y>240</y><time>undefined</time></pt><closed_date>13-01-22 19:26:58:387</closed_date></polygon></object><object><name>tooth</name><deleted>0</deleted><verified>0</verified><occluded>no</occluded><attributes>27</attributes><parts><hasparts>13</hasparts><ispartof /></parts><date>13-01-22 19:27:14:548</date><id>9</id><type>bounding_box</type><polygon><username>anonymous</username><pt><x>354</x><y>2</y><time>13-01-22 19:27:06:403</time></pt><pt><x>698</x><y>2</y><time>13-01-22 19:27:08:474</time></pt><pt><x>698</x><y>314</y><time>undefined</time></pt><pt><x>354</x><y>314</y><time>undefined</time></pt><closed_date>13-01-22 19:27:08:475</closed_date></polygon></object><object><name>tooth</name><deleted>0</deleted><verified>0</verified><occluded>no</occluded><attributes>26</attributes><parts><hasparts>12</hasparts><ispartof /></parts><date>13-01-22 19:27:22:990</date><id>10</id><type>bounding_box</type><polygon><username>anonymous</username><pt><x>40</x><y>10</y><time>13-01-22 19:27:17:062</time></pt><pt><x>386</x><y>10</y><time>13-01-22 19:27:18:828</time></pt><pt><x>386</x><y>349</y><time>undefined</time></pt><pt><x>40</x><y>349</y><time>undefined</time></pt><closed_date>13-01-22 19:27:18:828</closed_date></polygon></object><object><name>tooth</name><deleted>0</deleted><verified>0</verified><occluded>no</occluded><attributes>25</attributes><parts><hasparts>15</hasparts><ispartof /></parts><date>13-01-22 19:27:34:549</date><id>11</id><type>bounding_box</type><polygon><username>anonymous</username><pt><x>5</x><y>352</y><time>13-01-22 19:27:23:979</time></pt><pt><x>45</x><y>352</y><time>13-01-22 19:27:26:147</time></pt><pt><x>45</x><y>117</y><time>undefined</time></pt><pt><x>5</x><y>117</y><time>undefined</time></pt><closed_date>13-01-22 19:27:26:148</closed_date></polygon></object><object><name>restoration</name><deleted>0</deleted><verified>0</verified><occluded>no</occluded><attributes /><parts><hasparts /><ispartof>10</ispartof></parts><date>13-01-22 19:27:49:785</date><id>12</id><polygon><username>anonymous</username><pt><x>75</x><y>274</y><time>13-01-22 19:27:36:465</time></pt><pt><x>90</x><y>259</y><time>13-01-22 19:27:36:944</time></pt><pt><x>95</x><y>252</y><time>13-01-22 19:27:37:253</time></pt><pt><x>110</x><y>249</y><time>13-01-22 19:27:37:524</time></pt><pt><x>124</x><y>247</y><time>13-01-22 19:27:37:782</time></pt><pt><x>147</x><y>239</y><time>13-01-22 19:27:38:136</time></pt><pt><x>165</x><y>239</y><time>13-01-22 19:27:38:409</time></pt><pt><x>187</x><y>235</y><time>13-01-22 19:27:38:703</time></pt><pt><x>215</x><y>234</y><time>13-01-22 19:27:38:973</time></pt><pt><x>237</x><y>227</y><time>13-01-22 19:27:39:260</time></pt><pt><x>280</x><y>234</y><time>13-01-22 19:27:39:795</time></pt><pt><x>294</x><y>239</y><time>13-01-22 19:27:40:349</time></pt><pt><x>337</x><y>255</y><time>13-01-22 19:27:40:960</time></pt><pt><x>334</x><y>282</y><time>13-01-22 19:27:41:352</time></pt><pt><x>316</x><y>296</y><time>13-01-22 19:27:41:642</time></pt><pt><x>301</x><y>307</y><time>13-01-22 19:27:41:915</time></pt><pt><x>287</x><y>316</y><time>13-01-22 19:27:42:158</time></pt><pt><x>269</x><y>324</y><time>13-01-22 19:27:42:467</time></pt><pt><x>247</x><y>322</y><time>13-01-22 19:27:42:726</time></pt><pt><x>242</x><y>312</y><time>13-01-22 19:27:42:976</time></pt><pt><x>219</x><y>307</y><time>13-01-22 19:27:43:260</time></pt><pt><x>159</x><y>307</y><time>13-01-22 19:27:43:708</time></pt><pt><x>145</x><y>309</y><time>13-01-22 19:27:44:124</time></pt><pt><x>134</x><y>321</y><time>13-01-22 19:27:44:460</time></pt><pt><x>117</x><y>321</y><time>13-01-22 19:27:44:727</time></pt><pt><x>114</x><y>309</y><time>13-01-22 19:27:44:991</time></pt><pt><x>97</x><y>297</y><time>13-01-22 19:27:45:269</time></pt><pt><x>80</x><y>289</y><time>13-01-22 19:27:45:521</time></pt><pt><x>68</x><y>260</y><time>13-01-22 19:27:46:266</time></pt><closed_date>13-01-22 19:27:47:591</closed_date></polygon></object><object><name>restoration</name><deleted>0</deleted><verified>0</verified><occluded>no</occluded><attributes /><parts><hasparts /><ispartof>9</ispartof></parts><date>13-01-22 19:28:11:322</date><id>13</id><polygon><username>anonymous</username><pt><x>466</x><y>222</y><time>13-01-22 19:27:56:019</time></pt><pt><x>489</x><y>217</y><time>13-01-22 19:27:56:614</time></pt><pt><x>483</x><y>184</y><time>13-01-22 19:27:57:035</time></pt><pt><x>488</x><y>152</y><time>13-01-22 19:27:57:440</time></pt><pt><x>504</x><y>134</y><time>13-01-22 19:27:57:731</time></pt><pt><x>523</x><y>125</y><time>13-01-22 19:27:58:026</time></pt><pt><x>543</x><y>127</y><time>13-01-22 19:27:58:282</time></pt><pt><x>568</x><y>147</y><time>13-01-22 19:27:58:560</time></pt><pt><x>576</x><y>172</y><time>13-01-22 19:27:58:833</time></pt><pt><x>593</x><y>177</y><time>13-01-22 19:27:59:120</time></pt><pt><x>591</x><y>154</y><time>13-01-22 19:27:59:483</time></pt><pt><x>598</x><y>130</y><time>13-01-22 19:27:59:830</time></pt><pt><x>606</x><y>127</y><time>13-01-22 19:28:00:700</time></pt><pt><x>619</x><y>120</y><time>13-01-22 19:28:01:001</time></pt><pt><x>651</x><y>117</y><time>13-01-22 19:28:03:575</time></pt><pt><x>666</x><y>144</y><time>13-01-22 19:28:03:992</time></pt><pt><x>680</x><y>187</y><time>13-01-22 19:28:04:576</time></pt><pt><x>664</x><y>205</y><time>13-01-22 19:28:04:994</time></pt><pt><x>644</x><y>214</y><time>13-01-22 19:28:05:349</time></pt><pt><x>623</x><y>214</y><time>13-01-22 19:28:05:677</time></pt><pt><x>604</x><y>220</y><time>13-01-22 19:28:05:977</time></pt><pt><x>571</x><y>220</y><time>13-01-22 19:28:06:249</time></pt><pt><x>541</x><y>215</y><time>13-01-22 19:28:06:646</time></pt><pt><x>521</x><y>220</y><time>13-01-22 19:28:06:961</time></pt><pt><x>504</x><y>232</y><time>13-01-22 19:28:07:269</time></pt><pt><x>493</x><y>254</y><time>13-01-22 19:28:07:626</time></pt><pt><x>472</x><y>264</y><time>13-01-22 19:28:07:992</time></pt><pt><x>446</x><y>252</y><time>13-01-22 19:28:08:364</time></pt><pt><x>442</x><y>232</y><time>13-01-22 19:28:08:692</time></pt><closed_date>13-01-22 19:28:08:956</closed_date></polygon></object><object><name>restoration</name><deleted>0</deleted><verified>0</verified><occluded>no</occluded><attributes /><parts><hasparts /><ispartof>8</ispartof></parts><date>13-01-22 19:28:21:666</date><id>14</id><polygon><username>anonymous</username><pt><x>800</x><y>122</y><time>13-01-22 19:28:12:626</time></pt><pt><x>795</x><y>142</y><time>13-01-22 19:28:13:058</time></pt><pt><x>803</x><y>169</y><time>13-01-22 19:28:14:168</time></pt><pt><x>820</x><y>172</y><time>13-01-22 19:28:14:558</time></pt><pt><x>845</x><y>172</y><time>13-01-22 19:28:14:876</time></pt><pt><x>868</x><y>172</y><time>13-01-22 19:28:15:206</time></pt><pt><x>888</x><y>159</y><time>13-01-22 19:28:15:525</time></pt><pt><x>912</x><y>132</y><time>13-01-22 19:28:15:972</time></pt><pt><x>908</x><y>105</y><time>13-01-22 19:28:16:347</time></pt><pt><x>905</x><y>83</y><time>13-01-22 19:28:16:664</time></pt><pt><x>890</x><y>63</y><time>13-01-22 19:28:16:995</time></pt><pt><x>867</x><y>57</y><time>13-01-22 19:28:17:464</time></pt><pt><x>840</x><y>65</y><time>13-01-22 19:28:17:800</time></pt><pt><x>811</x><y>90</y><time>13-01-22 19:28:18:163</time></pt><closed_date>13-01-22 19:28:18:455</closed_date></polygon></object><object><name>restoration</name><deleted>0</deleted><verified>0</verified><occluded>no</occluded><attributes /><parts><hasparts /><ispartof>11</ispartof></parts><date>13-01-22 19:28:49:151</date><id>15</id><polygon><username>anonymous</username><pt><x>13</x><y>192</y><time>13-01-22 19:28:38:442</time></pt><pt><x>33</x><y>204</y><time>13-01-22 19:28:40:545</time></pt><pt><x>40</x><y>227</y><time>13-01-22 19:28:41:158</time></pt><pt><x>40</x><y>254</y><time>13-01-22 19:28:41:626</time></pt><pt><x>40</x><y>280</y><time>13-01-22 19:28:42:128</time></pt><pt><x>40</x><y>317</y><time>13-01-22 19:28:42:646</time></pt><pt><x>30</x><y>326</y><time>13-01-22 19:28:43:371</time></pt><pt><x>15</x><y>321</y><time>13-01-22 19:28:43:971</time></pt><pt><x>12</x><y>296</y><time>13-01-22 19:28:44:487</time></pt><pt><x>7</x><y>269</y><time>13-01-22 19:28:44:935</time></pt><pt><x>5</x><y>240</y><time>13-01-22 19:28:45:366</time></pt><pt><x>5</x><y>207</y><time>13-01-22 19:28:45:764</time></pt><closed_date>13-01-22 19:28:46:090</closed_date></polygon></object><imagesize><nrows /><ncols /></imagesize></annotation>