<annotation><filename>imagem-026.jpg</filename><folder>segmentation_xray</folder><source><sourceImage>The MIT-CSAIL database of objects and scenes</sourceImage><sourceAnnotation>LabelMe Webtool</sourceAnnotation></source><object><name>tooth</name><deleted>0</deleted><verified>0</verified><occluded>no</occluded><attributes>24</attributes><parts><hasparts /><ispartof /></parts><date>06-12-21 11:45:16:315</date><id>0</id><type>bounding_box</type><polygon><username>anonymous</username><pt><x>57</x><y>4</y><time>06-12-21 11:44:59:974</time></pt><pt><x>274</x><y>4</y><time>06-12-21 11:45:03:654</time></pt><pt><x>274</x><y>311</y><time>undefined</time></pt><pt><x>57</x><y>311</y><time>undefined</time></pt><closed_date>06-12-21 11:45:03:655</closed_date></polygon></object><object><name>tooth</name><deleted>0</deleted><verified>0</verified><occluded>no</occluded><attributes>25</attributes><parts><hasparts /><ispartof /></parts><date>06-12-21 11:46:12:490</date><id>1</id><type>bounding_box</type><polygon><username>anonymous</username><pt><x>281</x><y>3</y><time>06-12-21 11:46:02:296</time></pt><pt><x>482</x><y>3</y><time>06-12-21 11:46:05:207</time></pt><pt><x>482</x><y>328</y><time>undefined</time></pt><pt><x>281</x><y>328</y><time>undefined</time></pt><closed_date>06-12-21 11:46:05:208</closed_date></polygon></object><object><name>tooth</name><deleted>0</deleted><verified>0</verified><occluded>no</occluded><attributes>26</attributes><parts><hasparts /><ispartof /></parts><date>06-12-21 11:46:28:507</date><id>2</id><type>bounding_box</type><polygon><username>anonymous</username><pt><x>820</x><y>310</y><time>06-12-21 11:46:16:048</time></pt><pt><x>474</x><y>310</y><time>06-12-21 11:46:19:640</time></pt><pt><x>474</x><y>8</y><time>undefined</time></pt><pt><x>820</x><y>8</y><time>undefined</time></pt><closed_date>06-12-21 11:46:19:640</closed_date></polygon></object><object><name>tooth</name><deleted>0</deleted><verified>0</verified><occluded>no</occluded><attributes>26</attributes><parts><hasparts>4</hasparts><ispartof /></parts><date>06-12-21 11:46:50:316</date><id>3</id><type>bounding_box</type><polygon><username>anonymous</username><pt><x>1090</x><y>310</y><time>06-12-21 11:46:40:947</time></pt><pt><x>786</x><y>310</y><time>06-12-21 11:46:44:025</time></pt><pt><x>786</x><y>1</y><time>undefined</time></pt><pt><x>1090</x><y>1</y><time>undefined</time></pt><closed_date>06-12-21 11:46:44:025</closed_date></polygon></object><object><name>restoration</name><deleted>0</deleted><verified>0</verified><occluded>no</occluded><attributes /><parts><hasparts /><ispartof>3</ispartof></parts><date>06-12-21 11:47:14:811</date><id>4</id><polygon><username>anonymous</username><pt><x>991</x><y>181</y><time>06-12-21 11:46:58:970</time></pt><pt><x>973</x><y>201</y><time>06-12-21 11:47:00:145</time></pt><pt><x>981</x><y>229</y><time>06-12-21 11:47:00:689</time></pt><pt><x>981</x><y>257</y><time>06-12-21 11:47:01:289</time></pt><pt><x>988</x><y>264</y><time>06-12-21 11:47:01:937</time></pt><pt><x>1008</x><y>240</y><time>06-12-21 11:47:02:433</time></pt><pt><x>1022</x><y>235</y><time>06-12-21 11:47:02:921</time></pt><pt><x>1042</x><y>238</y><time>06-12-21 11:47:03:521</time></pt><pt><x>1057</x><y>228</y><time>06-12-21 11:47:03:921</time></pt><pt><x>1072</x><y>215</y><time>06-12-21 11:47:04:441</time></pt><pt><x>1062</x><y>204</y><time>06-12-21 11:47:05:009</time></pt><pt><x>1048</x><y>184</y><time>06-12-21 11:47:05:633</time></pt><pt><x>1026</x><y>175</y><time>06-12-21 11:47:06:209</time></pt><closed_date>06-12-21 11:47:07:137</closed_date></polygon></object><object><name>tooth</name><deleted>0</deleted><verified>0</verified><occluded>no</occluded><attributes>37</attributes><parts><hasparts>6</hasparts><ispartof /></parts><date>06-12-21 11:49:35:098</date><id>5</id><type>bounding_box</type><polygon><username>anonymous</username><pt><x>1196</x><y>908</y><time>06-12-21 11:49:14:422</time></pt><pt><x>794</x><y>908</y><time>06-12-21 11:49:21:418</time></pt><pt><x>794</x><y>310</y><time>undefined</time></pt><pt><x>1196</x><y>310</y><time>undefined</time></pt><closed_date>06-12-21 11:49:21:419</closed_date></polygon></object><object><name>restoration</name><deleted>0</deleted><verified>0</verified><occluded>no</occluded><attributes /><parts><hasparts /><ispartof>5</ispartof></parts><date>06-12-21 11:50:01:400</date><id>6</id><polygon><username>anonymous</username><pt><x>916</x><y>424</y><time>06-12-21 11:49:49:022</time></pt><pt><x>917</x><y>486</y><time>06-12-21 11:49:49:861</time></pt><pt><x>905</x><y>496</y><time>06-12-21 11:49:50:293</time></pt><pt><x>898</x><y>496</y><time>06-12-21 11:49:50:461</time></pt><pt><x>878</x><y>492</y><time>06-12-21 11:49:50:741</time></pt><pt><x>855</x><y>491</y><time>06-12-21 11:49:51:157</time></pt><pt><x>827</x><y>488</y><time>06-12-21 11:49:51:621</time></pt><pt><x>811</x><y>482</y><time>06-12-21 11:49:52:317</time></pt><pt><x>813</x><y>461</y><time>06-12-21 11:49:52:693</time></pt><pt><x>811</x><y>418</y><time>06-12-21 11:49:52:989</time></pt><pt><x>820</x><y>413</y><time>06-12-21 11:49:53:453</time></pt><pt><x>854</x><y>394</y><time>06-12-21 11:49:53:821</time></pt><pt><x>869</x><y>387</y><time>06-12-21 11:49:54:213</time></pt><pt><x>895</x><y>380</y><time>06-12-21 11:49:54:549</time></pt><pt><x>913</x><y>383</y><time>06-12-21 11:49:54:861</time></pt><pt><x>925</x><y>396</y><time>06-12-21 11:49:55:141</time></pt><pt><x>925</x><y>404</y><time>06-12-21 11:49:55:413</time></pt><closed_date>06-12-21 11:49:55:637</closed_date></polygon></object><object><name>tooth</name><deleted>0</deleted><verified>0</verified><occluded>no</occluded><attributes>36</attributes><parts><hasparts>8</hasparts><ispartof /></parts><date>06-12-21 11:50:22:671</date><id>7</id><type>bounding_box</type><polygon><username>anonymous</username><pt><x>435</x><y>366</y><time>06-12-21 11:50:10:126</time></pt><pt><x>886</x><y>366</y><time>06-12-21 11:50:13:757</time></pt><pt><x>886</x><y>947</y><time>undefined</time></pt><pt><x>435</x><y>947</y><time>undefined</time></pt><closed_date>06-12-21 11:50:13:757</closed_date></polygon></object><object><name>restoration</name><deleted>0</deleted><verified>0</verified><occluded>no</occluded><attributes /><parts><hasparts /><ispartof>7</ispartof></parts><date>06-12-21 11:51:07:633</date><id>8</id><polygon><username>anonymous</username><pt><x>491</x><y>427</y><time>06-12-21 11:50:47:367</time></pt><pt><x>495</x><y>478</y><time>06-12-21 11:50:48:125</time></pt><pt><x>515</x><y>500</y><time>06-12-21 11:50:48:733</time></pt><pt><x>546</x><y>513</y><time>06-12-21 11:50:49:246</time></pt><pt><x>587</x><y>510</y><time>06-12-21 11:50:49:645</time></pt><pt><x>623</x><y>502</y><time>06-12-21 11:50:50:021</time></pt><pt><x>629</x><y>476</y><time>06-12-21 11:50:50:333</time></pt><pt><x>636</x><y>461</y><time>06-12-21 11:50:50:645</time></pt><pt><x>652</x><y>455</y><time>06-12-21 11:50:50:950</time></pt><pt><x>677</x><y>454</y><time>06-12-21 11:50:51:229</time></pt><pt><x>700</x><y>447</y><time>06-12-21 11:50:51:549</time></pt><pt><x>705</x><y>438</y><time>06-12-21 11:50:51:893</time></pt><pt><x>713</x><y>440</y><time>06-12-21 11:50:52:197</time></pt><pt><x>729</x><y>450</y><time>06-12-21 11:50:53:742</time></pt><pt><x>729</x><y>479</y><time>06-12-21 11:50:54:133</time></pt><pt><x>731</x><y>495</y><time>06-12-21 11:50:54:462</time></pt><pt><x>756</x><y>513</y><time>06-12-21 11:50:54:813</time></pt><pt><x>775</x><y>527</y><time>06-12-21 11:50:55:134</time></pt><pt><x>780</x><y>520</y><time>06-12-21 11:50:55:566</time></pt><pt><x>790</x><y>500</y><time>06-12-21 11:50:56:102</time></pt><pt><x>799</x><y>475</y><time>06-12-21 11:50:56:550</time></pt><pt><x>799</x><y>457</y><time>06-12-21 11:50:56:982</time></pt><pt><x>799</x><y>438</y><time>06-12-21 11:50:57:334</time></pt><pt><x>797</x><y>423</y><time>06-12-21 11:50:57:662</time></pt><pt><x>796</x><y>407</y><time>06-12-21 11:50:57:958</time></pt><pt><x>787</x><y>403</y><time>06-12-21 11:50:58:342</time></pt><pt><x>775</x><y>410</y><time>06-12-21 11:50:58:718</time></pt><pt><x>763</x><y>413</y><time>06-12-21 11:50:59:166</time></pt><pt><x>735</x><y>413</y><time>06-12-21 11:50:59:678</time></pt><pt><x>698</x><y>417</y><time>06-12-21 11:51:00:006</time></pt><pt><x>647</x><y>418</y><time>06-12-21 11:51:00:286</time></pt><pt><x>633</x><y>433</y><time>06-12-21 11:51:00:686</time></pt><pt><x>611</x><y>427</y><time>06-12-21 11:51:01:038</time></pt><pt><x>590</x><y>417</y><time>06-12-21 11:51:01:350</time></pt><pt><x>561</x><y>400</y><time>06-12-21 11:51:01:982</time></pt><pt><x>533</x><y>400</y><time>06-12-21 11:51:02:286</time></pt><pt><x>503</x><y>404</y><time>06-12-21 11:51:02:566</time></pt><closed_date>06-12-21 11:51:02:950</closed_date></polygon></object><object><name>tooth</name><deleted>0</deleted><verified>0</verified><occluded>no</occluded><attributes>35</attributes><parts><hasparts /><ispartof /></parts><date>06-12-21 11:51:23:866</date><id>9</id><type>bounding_box</type><polygon><username>anonymous</username><pt><x>223</x><y>396</y><time>06-12-21 11:51:14:087</time></pt><pt><x>467</x><y>396</y><time>06-12-21 11:51:19:102</time></pt><pt><x>467</x><y>944</y><time>undefined</time></pt><pt><x>223</x><y>944</y><time>undefined</time></pt><closed_date>06-12-21 11:51:19:103</closed_date></polygon></object><object><name>tooth</name><deleted>0</deleted><verified>0</verified><occluded>no</occluded><attributes>34</attributes><parts><hasparts /><ispartof /></parts><date>06-12-21 11:51:41:009</date><id>10</id><type>bounding_box</type><polygon><username>anonymous</username><pt><x>16</x><y>393</y><time>06-12-21 11:51:25:896</time></pt><pt><x>246</x><y>393</y><time>06-12-21 11:51:31:983</time></pt><pt><x>246</x><y>950</y><time>undefined</time></pt><pt><x>16</x><y>950</y><time>undefined</time></pt><closed_date>06-12-21 11:51:31:983</closed_date></polygon></object><imagesize><nrows /><ncols /></imagesize></annotation>