<annotation><filename>imagem-059.jpg</filename><folder>segmentation_xray</folder><source><sourceImage>The MIT-CSAIL database of objects and scenes</sourceImage><sourceAnnotation>LabelMe Webtool</sourceAnnotation></source><object><name>tooth 17</name><deleted>0</deleted><verified>0</verified><occluded>no</occluded><attributes /><parts><hasparts /><ispartof>9</ispartof></parts><date>13-01-22 11:26:06:382</date><id>0</id><type>bounding_box</type><polygon><username>anonymous</username><pt><x>347</x><y>622</y><time>13-01-22 11:26:00:675</time></pt><pt><x>5</x><y>622</y><time>13-01-22 11:26:03:376</time></pt><pt><x>5</x><y>5</y><time>undefined</time></pt><pt><x>347</x><y>5</y><time>undefined</time></pt><closed_date>13-01-22 11:26:03:376</closed_date></polygon></object><object><name>tooth 16</name><deleted>0</deleted><verified>0</verified><occluded>no</occluded><attributes /><parts><hasparts>10,11</hasparts><ispartof>9</ispartof></parts><date>13-01-22 11:26:13:308</date><id>1</id><type>bounding_box</type><polygon><username>anonymous</username><pt><x>823</x><y>615</y><time>13-01-22 11:26:08:000</time></pt><pt><x>307</x><y>615</y><time>13-01-22 11:26:10:749</time></pt><pt><x>307</x><y>5</y><time>undefined</time></pt><pt><x>823</x><y>5</y><time>undefined</time></pt><closed_date>13-01-22 11:26:10:749</closed_date></polygon></object><object><name>tooth 15</name><deleted>0</deleted><verified>0</verified><occluded>no</occluded><attributes /><parts><hasparts /><ispartof>9</ispartof></parts><date>13-01-22 11:26:21:024</date><id>2</id><type>bounding_box</type><polygon><username>anonymous</username><pt><x>1121</x><y>605</y><time>13-01-22 11:26:15:692</time></pt><pt><x>770</x><y>605</y><time>13-01-22 11:26:18:507</time></pt><pt><x>770</x><y>12</y><time>undefined</time></pt><pt><x>1121</x><y>12</y><time>undefined</time></pt><closed_date>13-01-22 11:26:18:507</closed_date></polygon></object><object><name>tooth 14</name><deleted>0</deleted><verified>0</verified><occluded>no</occluded><attributes /><parts><hasparts /><ispartof>9</ispartof></parts><date>13-01-22 11:26:27:350</date><id>3</id><type>bounding_box</type><polygon><username>anonymous</username><pt><x>1461</x><y>603</y><time>13-01-22 11:26:22:931</time></pt><pt><x>1070</x><y>603</y><time>13-01-22 11:26:24:777</time></pt><pt><x>1070</x><y>12</y><time>undefined</time></pt><pt><x>1461</x><y>12</y><time>undefined</time></pt><closed_date>13-01-22 11:26:24:777</closed_date></polygon></object><object><name>tooth 13</name><deleted>0</deleted><verified>0</verified><occluded>no</occluded><attributes /><parts><hasparts /><ispartof>9</ispartof></parts><date>13-01-22 11:26:36:250</date><id>4</id><type>bounding_box</type><polygon><username>anonymous</username><pt><x>1315</x><y>622</y><time>13-01-22 11:26:30:219</time></pt><pt><x>1611</x><y>622</y><time>13-01-22 11:26:32:832</time></pt><pt><x>1611</x><y>12</y><time>undefined</time></pt><pt><x>1315</x><y>12</y><time>undefined</time></pt><closed_date>13-01-22 11:26:32:833</closed_date></polygon></object><object><name>tooth 43</name><deleted>0</deleted><verified>0</verified><occluded>no</occluded><attributes /><parts><hasparts /><ispartof>9</ispartof></parts><date>13-01-22 11:26:43:489</date><id>5</id><type>bounding_box</type><polygon><username>anonymous</username><pt><x>1396</x><y>707</y><time>13-01-22 11:26:38:489</time></pt><pt><x>1608</x><y>707</y><time>13-01-22 11:26:40:710</time></pt><pt><x>1608</x><y>1223</y><time>undefined</time></pt><pt><x>1396</x><y>1223</y><time>undefined</time></pt><closed_date>13-01-22 11:26:40:710</closed_date></polygon></object><object><name>tooth 44</name><deleted>0</deleted><verified>0</verified><occluded>no</occluded><attributes /><parts><hasparts /><ispartof>9</ispartof></parts><date>13-01-22 11:26:52:238</date><id>6</id><type>bounding_box</type><polygon><username>anonymous</username><pt><x>1167</x><y>693</y><time>13-01-22 11:26:46:504</time></pt><pt><x>1488</x><y>693</y><time>13-01-22 11:26:49:728</time></pt><pt><x>1488</x><y>1234</y><time>undefined</time></pt><pt><x>1167</x><y>1234</y><time>undefined</time></pt><closed_date>13-01-22 11:26:49:728</closed_date></polygon></object><object><name>tooth 45</name><deleted>0</deleted><verified>0</verified><occluded>no</occluded><attributes /><parts><hasparts /><ispartof>9</ispartof></parts><date>13-01-22 11:26:59:518</date><id>7</id><type>bounding_box</type><polygon><username>anonymous</username><pt><x>839</x><y>696</y><time>13-01-22 11:26:54:028</time></pt><pt><x>1186</x><y>696</y><time>13-01-22 11:26:56:829</time></pt><pt><x>1186</x><y>1236</y><time>undefined</time></pt><pt><x>839</x><y>1236</y><time>undefined</time></pt><closed_date>13-01-22 11:26:56:830</closed_date></polygon></object><object><name>tooth 46</name><deleted>0</deleted><verified>0</verified><occluded>no</occluded><attributes /><parts><hasparts>12</hasparts><ispartof>9</ispartof></parts><date>13-01-22 11:27:08:405</date><id>8</id><type>bounding_box</type><polygon><username>anonymous</username><pt><x>326</x><y>684</y><time>13-01-22 11:27:01:720</time></pt><pt><x>860</x><y>684</y><time>13-01-22 11:27:05:640</time></pt><pt><x>860</x><y>1234</y><time>undefined</time></pt><pt><x>326</x><y>1234</y><time>undefined</time></pt><closed_date>13-01-22 11:27:05:641</closed_date></polygon></object><object><name>tooth 47</name><deleted>1</deleted><verified>0</verified><occluded>no</occluded><attributes /><parts><hasparts>9</hasparts><ispartof>9</ispartof></parts><date>13-01-22 11:27:18:200</date><id>9</id><type>bounding_box</type><polygon><username>anonymous</username><pt><x>400</x><y>636</y><time>13-01-22 11:27:10:364</time></pt><pt><x>2</x><y>636</y><time>13-01-22 11:27:13:889</time></pt><pt><x>2</x><y>1232</y><time>undefined</time></pt><pt><x>400</x><y>1232</y><time>undefined</time></pt><closed_date>13-01-22 11:27:13:889</closed_date></polygon></object><imagesize><nrows /><ncols /></imagesize><object><name>root canal treatment</name><deleted>0</deleted><verified>0</verified><occluded>no</occluded><attributes /><parts><hasparts /><ispartof>1</ispartof></parts><date>13-01-22 18:49:45:467</date><id>10</id><polygon><username>anonymous</username><pt><x>384</x><y>41</y><time>13-01-22 18:49:22:433</time></pt><pt><x>449</x><y>179</y><time>13-01-22 18:49:24:910</time></pt><pt><x>467</x><y>240</y><time>13-01-22 18:49:25:674</time></pt><pt><x>482</x><y>299</y><time>13-01-22 18:49:26:150</time></pt><pt><x>495</x><y>332</y><time>13-01-22 18:49:26:622</time></pt><pt><x>526</x><y>351</y><time>13-01-22 18:49:27:034</time></pt><pt><x>547</x><y>369</y><time>13-01-22 18:49:27:334</time></pt><pt><x>567</x><y>403</y><time>13-01-22 18:49:27:631</time></pt><pt><x>602</x><y>390</y><time>13-01-22 18:49:27:932</time></pt><pt><x>637</x><y>371</y><time>13-01-22 18:49:28:964</time></pt><pt><x>632</x><y>297</y><time>13-01-22 18:49:30:472</time></pt><pt><x>656</x><y>22</y><time>13-01-22 18:49:31:788</time></pt><pt><x>624</x><y>11</y><time>13-01-22 18:49:32:557</time></pt><pt><x>613</x><y>63</y><time>13-01-22 18:49:33:146</time></pt><pt><x>593</x><y>218</y><time>13-01-22 18:49:33:771</time></pt><pt><x>585</x><y>266</y><time>13-01-22 18:49:34:225</time></pt><pt><x>558</x><y>242</y><time>13-01-22 18:49:34:734</time></pt><pt><x>519</x><y>103</y><time>13-01-22 18:49:35:443</time></pt><pt><x>486</x><y>15</y><time>13-01-22 18:49:35:952</time></pt><pt><x>462</x><y>15</y><time>13-01-22 18:49:36:432</time></pt><pt><x>493</x><y>179</y><time>13-01-22 18:49:37:268</time></pt><pt><x>447</x><y>111</y><time>13-01-22 18:49:37:791</time></pt><pt><x>419</x><y>52</y><time>13-01-22 18:49:38:244</time></pt><closed_date>13-01-22 18:49:38:618</closed_date></polygon></object><object><name>restoration</name><deleted>0</deleted><verified>0</verified><occluded>no</occluded><attributes /><parts><hasparts /><ispartof>1</ispartof></parts><date>13-01-22 18:50:02:385</date><id>11</id><polygon><username>anonymous</username><pt><x>484</x><y>336</y><time>13-01-22 18:49:49:809</time></pt><pt><x>460</x><y>379</y><time>13-01-22 18:49:50:524</time></pt><pt><x>395</x><y>377</y><time>13-01-22 18:49:51:091</time></pt><pt><x>377</x><y>399</y><time>13-01-22 18:49:51:487</time></pt><pt><x>375</x><y>436</y><time>13-01-22 18:49:51:861</time></pt><pt><x>384</x><y>465</y><time>13-01-22 18:49:52:146</time></pt><pt><x>406</x><y>506</y><time>13-01-22 18:49:53:030</time></pt><pt><x>432</x><y>517</y><time>13-01-22 18:49:53:332</time></pt><pt><x>473</x><y>526</y><time>13-01-22 18:49:53:679</time></pt><pt><x>545</x><y>532</y><time>13-01-22 18:49:53:979</time></pt><pt><x>711</x><y>539</y><time>13-01-22 18:49:54:315</time></pt><pt><x>787</x><y>554</y><time>13-01-22 18:49:54:753</time></pt><pt><x>814</x><y>528</y><time>13-01-22 18:49:55:202</time></pt><pt><x>798</x><y>478</y><time>13-01-22 18:49:55:649</time></pt><pt><x>768</x><y>484</y><time>13-01-22 18:49:55:999</time></pt><pt><x>724</x><y>491</y><time>13-01-22 18:49:56:283</time></pt><pt><x>696</x><y>484</y><time>13-01-22 18:49:56:567</time></pt><pt><x>667</x><y>482</y><time>13-01-22 18:49:56:818</time></pt><pt><x>650</x><y>456</y><time>13-01-22 18:49:57:071</time></pt><pt><x>650</x><y>417</y><time>13-01-22 18:49:57:315</time></pt><pt><x>632</x><y>375</y><time>13-01-22 18:49:57:614</time></pt><pt><x>576</x><y>399</y><time>13-01-22 18:49:58:346</time></pt><pt><x>545</x><y>371</y><time>13-01-22 18:49:58:820</time></pt><closed_date>13-01-22 18:49:59:208</closed_date></polygon></object><object><name>restoration</name><deleted>0</deleted><verified>0</verified><occluded>no</occluded><attributes /><parts><hasparts /><ispartof>8</ispartof></parts><date>13-01-22 18:51:30:225</date><id>12</id><polygon><username>anonymous</username><pt><x>436</x><y>755</y><time>13-01-22 18:51:19:806</time></pt><pt><x>478</x><y>807</y><time>13-01-22 18:51:20:578</time></pt><pt><x>508</x><y>809</y><time>13-01-22 18:51:20:932</time></pt><pt><x>543</x><y>811</y><time>13-01-22 18:51:21:240</time></pt><pt><x>565</x><y>824</y><time>13-01-22 18:51:21:497</time></pt><pt><x>578</x><y>844</y><time>13-01-22 18:51:21:745</time></pt><pt><x>593</x><y>855</y><time>13-01-22 18:51:22:023</time></pt><pt><x>626</x><y>857</y><time>13-01-22 18:51:22:688</time></pt><pt><x>663</x><y>840</y><time>13-01-22 18:51:23:097</time></pt><pt><x>685</x><y>824</y><time>13-01-22 18:51:23:354</time></pt><pt><x>722</x><y>800</y><time>13-01-22 18:51:23:618</time></pt><pt><x>742</x><y>772</y><time>13-01-22 18:51:23:913</time></pt><pt><x>748</x><y>744</y><time>13-01-22 18:51:24:602</time></pt><pt><x>728</x><y>744</y><time>13-01-22 18:51:24:918</time></pt><pt><x>687</x><y>750</y><time>13-01-22 18:51:25:167</time></pt><pt><x>654</x><y>752</y><time>13-01-22 18:51:25:381</time></pt><pt><x>619</x><y>755</y><time>13-01-22 18:51:25:596</time></pt><pt><x>589</x><y>750</y><time>13-01-22 18:51:25:834</time></pt><pt><x>567</x><y>737</y><time>13-01-22 18:51:26:060</time></pt><pt><x>541</x><y>720</y><time>13-01-22 18:51:26:317</time></pt><pt><x>519</x><y>711</y><time>13-01-22 18:51:26:538</time></pt><pt><x>506</x><y>711</y><time>13-01-22 18:51:26:784</time></pt><pt><x>482</x><y>720</y><time>13-01-22 18:51:27:019</time></pt><pt><x>460</x><y>737</y><time>13-01-22 18:51:27:258</time></pt><closed_date>13-01-22 18:51:27:491</closed_date></polygon></object><object><name>restoration</name><deleted>0</deleted><verified>0</verified><occluded>no</occluded><attributes /><parts><hasparts /><ispartof>14</ispartof></parts><date>13-01-22 18:56:43:455</date><id>13</id><polygon><username>anonymous</username><pt><x>52</x><y>702</y><time>13-01-22 18:56:32:169</time></pt><pt><x>87</x><y>748</y><time>13-01-22 18:56:32:175</time></pt><pt><x>124</x><y>776</y><time>13-01-22 18:56:32:177</time></pt><pt><x>177</x><y>816</y><time>13-01-22 18:56:32:898</time></pt><pt><x>198</x><y>827</y><time>13-01-22 18:56:33:421</time></pt><pt><x>233</x><y>805</y><time>13-01-22 18:56:33:824</time></pt><pt><x>273</x><y>809</y><time>13-01-22 18:56:34:261</time></pt><pt><x>325</x><y>794</y><time>13-01-22 18:56:34:681</time></pt><pt><x>358</x><y>752</y><time>13-01-22 18:56:35:064</time></pt><pt><x>329</x><y>685</y><time>13-01-22 18:56:35:947</time></pt><pt><x>281</x><y>689</y><time>13-01-22 18:56:36:431</time></pt><pt><x>251</x><y>718</y><time>13-01-22 18:56:36:770</time></pt><pt><x>205</x><y>713</y><time>13-01-22 18:56:37:073</time></pt><pt><x>157</x><y>687</y><time>13-01-22 18:56:37:398</time></pt><pt><x>129</x><y>663</y><time>13-01-22 18:56:37:711</time></pt><pt><x>98</x><y>661</y><time>13-01-22 18:56:38:024</time></pt><pt><x>35</x><y>683</y><time>13-01-22 18:56:38:667</time></pt><pt><x>74</x><y>713</y><time>13-01-22 18:56:39:160</time></pt><closed_date>13-01-22 18:56:40:064</closed_date></polygon></object><object><name>tooth</name><deleted>0</deleted><verified>0</verified><occluded>no</occluded><attributes>47</attributes><parts><hasparts>13</hasparts><ispartof /></parts><date>14-03-22 22:35:35:779</date><id>14</id><type>bounding_box</type><polygon><username>anonymous</username><pt><x>9</x><y>648</y><time>14-03-22 22:35:25:915</time></pt><pt><x>403</x><y>648</y><time>14-03-22 22:35:28:584</time></pt><pt><x>403</x><y>1239</y><time>undefined</time></pt><pt><x>9</x><y>1239</y><time>undefined</time></pt><closed_date>14-03-22 22:35:28:585</closed_date></polygon></object></annotation>