<annotation><filename>imagem-010.jpg</filename><folder>segmentation_xray</folder><source><sourceImage>The MIT-CSAIL database of objects and scenes</sourceImage><sourceAnnotation>LabelMe Webtool</sourceAnnotation></source><object><name>tooth 27</name><deleted>0</deleted><verified>0</verified><occluded>no</occluded><attributes /><parts><hasparts>10</hasparts><ispartof>6</ispartof></parts><date>17-01-22 20:08:17:079</date><id>0</id><type>bounding_box</type><polygon><username>anonymous</username><pt><x>877</x><y>253</y><time>17-01-22 20:08:11:245</time></pt><pt><x>1203</x><y>253</y><time>17-01-22 20:08:13:819</time></pt><pt><x>1203</x><y>2</y><time>undefined</time></pt><pt><x>877</x><y>2</y><time>undefined</time></pt><closed_date>17-01-22 20:08:13:819</closed_date></polygon></object><object><name>tooth 26</name><deleted>0</deleted><verified>0</verified><occluded>no</occluded><attributes /><parts><hasparts>11</hasparts><ispartof>6</ispartof></parts><date>17-01-22 20:08:24:447</date><id>1</id><type>bounding_box</type><polygon><username>anonymous</username><pt><x>593</x><y>267</y><time>17-01-22 20:08:18:918</time></pt><pt><x>892</x><y>267</y><time>17-01-22 20:08:21:584</time></pt><pt><x>892</x><y>9</y><time>undefined</time></pt><pt><x>593</x><y>9</y><time>undefined</time></pt><closed_date>17-01-22 20:08:21:584</closed_date></polygon></object><object><name>tooth 25</name><deleted>0</deleted><verified>0</verified><occluded>no</occluded><attributes /><parts><hasparts>12,13</hasparts><ispartof>6</ispartof></parts><date>17-01-22 20:08:32:089</date><id>2</id><type>bounding_box</type><polygon><username>anonymous</username><pt><x>400</x><y>285</y><time>17-01-22 20:08:26:133</time></pt><pt><x>609</x><y>285</y><time>17-01-22 20:08:29:250</time></pt><pt><x>609</x><y>4</y><time>undefined</time></pt><pt><x>400</x><y>4</y><time>undefined</time></pt><closed_date>17-01-22 20:08:29:250</closed_date></polygon></object><object><name>tooth 24</name><deleted>0</deleted><verified>0</verified><occluded>no</occluded><attributes /><parts><hasparts>18</hasparts><ispartof>6</ispartof></parts><date>17-01-22 20:08:38:774</date><id>3</id><type>bounding_box</type><polygon><username>anonymous</username><pt><x>193</x><y>292</y><time>17-01-22 20:08:33:885</time></pt><pt><x>414</x><y>292</y><time>17-01-22 20:08:36:107</time></pt><pt><x>414</x><y>4</y><time>undefined</time></pt><pt><x>193</x><y>4</y><time>undefined</time></pt><closed_date>17-01-22 20:08:36:107</closed_date></polygon></object><object><name>tooth 23</name><deleted>0</deleted><verified>0</verified><occluded>no</occluded><attributes /><parts><hasparts>20</hasparts><ispartof>6</ispartof></parts><date>17-01-22 20:08:46:972</date><id>4</id><type>bounding_box</type><polygon><username>anonymous</username><pt><x>2</x><y>230</y><time>17-01-22 20:08:42:254</time></pt><pt><x>203</x><y>230</y><time>17-01-22 20:08:44:411</time></pt><pt><x>203</x><y>5</y><time>undefined</time></pt><pt><x>2</x><y>5</y><time>undefined</time></pt><closed_date>17-01-22 20:08:44:411</closed_date></polygon></object><object><name>tooth 37</name><deleted>0</deleted><verified>0</verified><occluded>no</occluded><attributes /><parts><hasparts>17</hasparts><ispartof>6</ispartof></parts><date>17-01-22 20:08:55:231</date><id>5</id><type>bounding_box</type><polygon><username>anonymous</username><pt><x>831</x><y>327</y><time>17-01-22 20:08:48:629</time></pt><pt><x>1219</x><y>327</y><time>17-01-22 20:08:52:123</time></pt><pt><x>1219</x><y>925</y><time>undefined</time></pt><pt><x>831</x><y>925</y><time>undefined</time></pt><closed_date>17-01-22 20:08:52:123</closed_date></polygon></object><object><name>tooth 36</name><deleted>1</deleted><verified>0</verified><occluded>no</occluded><attributes /><parts><hasparts>6,7,8,9</hasparts><ispartof>6</ispartof></parts><date>17-01-22 20:09:02:572</date><id>6</id><type>bounding_box</type><polygon><username>anonymous</username><pt><x>522</x><y>418</y><time>17-01-22 20:08:57:558</time></pt><pt><x>911</x><y>418</y><time>17-01-22 20:08:59:855</time></pt><pt><x>911</x><y>945</y><time>undefined</time></pt><pt><x>522</x><y>945</y><time>undefined</time></pt><closed_date>17-01-22 20:08:59:855</closed_date></polygon></object><object><name>tooth 35</name><deleted>1</deleted><verified>0</verified><occluded>no</occluded><attributes /><parts><hasparts /><ispartof>6</ispartof></parts><date>17-01-22 20:09:09:345</date><id>7</id><type>bounding_box</type><polygon><username>anonymous</username><pt><x>303</x><y>368</y><time>17-01-22 20:09:04:677</time></pt><pt><x>550</x><y>368</y><time>17-01-22 20:09:06:755</time></pt><pt><x>550</x><y>943</y><time>undefined</time></pt><pt><x>303</x><y>943</y><time>undefined</time></pt><closed_date>17-01-22 20:09:06:755</closed_date></polygon></object><object><name>tooth 34</name><deleted>1</deleted><verified>0</verified><occluded>no</occluded><attributes /><parts><hasparts /><ispartof>6</ispartof></parts><date>17-01-22 20:09:16:591</date><id>8</id><type>bounding_box</type><polygon><username>anonymous</username><pt><x>83</x><y>341</y><time>17-01-22 20:09:11:394</time></pt><pt><x>313</x><y>341</y><time>17-01-22 20:09:14:179</time></pt><pt><x>313</x><y>946</y><time>undefined</time></pt><pt><x>83</x><y>946</y><time>undefined</time></pt><closed_date>17-01-22 20:09:14:179</closed_date></polygon></object><object><name>tooth 33</name><deleted>1</deleted><verified>0</verified><occluded>no</occluded><attributes /><parts><hasparts /><ispartof>6</ispartof></parts><date>17-01-22 20:09:23:150</date><id>9</id><type>bounding_box</type><polygon><username>anonymous</username><pt><x>2</x><y>313</y><time>17-01-22 20:09:18:549</time></pt><pt><x>149</x><y>313</y><time>17-01-22 20:09:20:516</time></pt><pt><x>149</x><y>936</y><time>undefined</time></pt><pt><x>2</x><y>936</y><time>undefined</time></pt><closed_date>17-01-22 20:09:20:516</closed_date></polygon></object><object><name>restoration</name><deleted>0</deleted><verified>0</verified><occluded>no</occluded><attributes /><parts><hasparts /><ispartof>0</ispartof></parts><date>17-01-22 20:09:44:829</date><id>10</id><polygon><username>anonymous</username><pt><x>904</x><y>131</y><time>17-01-22 20:09:30:942</time></pt><pt><x>945</x><y>138</y><time>17-01-22 20:09:31:473</time></pt><pt><x>1037</x><y>152</y><time>17-01-22 20:09:32:177</time></pt><pt><x>1093</x><y>149</y><time>17-01-22 20:09:32:994</time></pt><pt><x>1129</x><y>136</y><time>17-01-22 20:09:33:915</time></pt><pt><x>1150</x><y>85</y><time>17-01-22 20:09:34:859</time></pt><pt><x>1189</x><y>113</y><time>17-01-22 20:09:35:940</time></pt><pt><x>1199</x><y>170</y><time>17-01-22 20:09:36:460</time></pt><pt><x>1199</x><y>205</y><time>17-01-22 20:09:36:835</time></pt><pt><x>1171</x><y>234</y><time>17-01-22 20:09:37:264</time></pt><pt><x>1077</x><y>249</y><time>17-01-22 20:09:37:991</time></pt><pt><x>987</x><y>257</y><time>17-01-22 20:09:38:587</time></pt><pt><x>943</x><y>242</y><time>17-01-22 20:09:39:107</time></pt><pt><x>913</x><y>214</y><time>17-01-22 20:09:39:699</time></pt><pt><x>899</x><y>205</y><time>17-01-22 20:09:40:523</time></pt><pt><x>890</x><y>173</y><time>17-01-22 20:09:41:947</time></pt><closed_date>17-01-22 20:09:42:480</closed_date></polygon></object><object><name>restoration</name><deleted>0</deleted><verified>0</verified><occluded>no</occluded><attributes /><parts><hasparts /><ispartof>1</ispartof></parts><date>17-01-22 20:10:01:885</date><id>11</id><polygon><username>anonymous</username><pt><x>614</x><y>138</y><time>17-01-22 20:09:48:582</time></pt><pt><x>624</x><y>157</y><time>17-01-22 20:09:49:147</time></pt><pt><x>679</x><y>152</y><time>17-01-22 20:09:49:641</time></pt><pt><x>686</x><y>168</y><time>17-01-22 20:09:50:168</time></pt><pt><x>716</x><y>170</y><time>17-01-22 20:09:50:667</time></pt><pt><x>778</x><y>170</y><time>17-01-22 20:09:51:123</time></pt><pt><x>819</x><y>152</y><time>17-01-22 20:09:51:569</time></pt><pt><x>828</x><y>126</y><time>17-01-22 20:09:52:051</time></pt><pt><x>856</x><y>122</y><time>17-01-22 20:09:52:360</time></pt><pt><x>877</x><y>126</y><time>17-01-22 20:09:52:596</time></pt><pt><x>886</x><y>127</y><time>17-01-22 20:09:52:810</time></pt><pt><x>895</x><y>136</y><time>17-01-22 20:09:53:054</time></pt><pt><x>897</x><y>173</y><time>17-01-22 20:09:53:361</time></pt><pt><x>897</x><y>225</y><time>17-01-22 20:09:53:748</time></pt><pt><x>858</x><y>244</y><time>17-01-22 20:09:54:222</time></pt><pt><x>808</x><y>262</y><time>17-01-22 20:09:54:673</time></pt><pt><x>789</x><y>251</y><time>17-01-22 20:09:55:105</time></pt><pt><x>745</x><y>257</y><time>17-01-22 20:09:55:708</time></pt><pt><x>709</x><y>262</y><time>17-01-22 20:09:56:090</time></pt><pt><x>662</x><y>264</y><time>17-01-22 20:09:56:674</time></pt><pt><x>621</x><y>257</y><time>17-01-22 20:09:57:165</time></pt><pt><x>603</x><y>244</y><time>17-01-22 20:09:57:635</time></pt><pt><x>594</x><y>228</y><time>17-01-22 20:09:58:083</time></pt><pt><x>598</x><y>191</y><time>17-01-22 20:09:58:585</time></pt><pt><x>600</x><y>157</y><time>17-01-22 20:09:59:083</time></pt><closed_date>17-01-22 20:09:59:627</closed_date></polygon></object><object><name>root canal treatment</name><deleted>0</deleted><verified>0</verified><occluded>no</occluded><attributes /><parts><hasparts /><ispartof>2</ispartof></parts><date>17-01-22 20:10:12:118</date><id>12</id><polygon><username>anonymous</username><pt><x>494</x><y>48</y><time>17-01-22 20:10:04:414</time></pt><pt><x>502</x><y>9</y><time>17-01-22 20:10:05:147</time></pt><pt><x>541</x><y>4</y><time>17-01-22 20:10:05:866</time></pt><pt><x>545</x><y>39</y><time>17-01-22 20:10:06:426</time></pt><pt><x>543</x><y>64</y><time>17-01-22 20:10:06:852</time></pt><pt><x>550</x><y>73</y><time>17-01-22 20:10:07:823</time></pt><pt><x>495</x><y>73</y><time>17-01-22 20:10:08:458</time></pt><pt><x>490</x><y>71</y><time>17-01-22 20:10:08:961</time></pt><closed_date>17-01-22 20:10:09:883</closed_date></polygon></object><object><name>restoration</name><deleted>0</deleted><verified>0</verified><occluded>no</occluded><attributes /><parts><hasparts /><ispartof>2</ispartof></parts><date>17-01-22 20:14:40:321</date><id>13</id><polygon><username>anonymous</username><pt><x>472</x><y>191</y><time>17-01-22 20:14:31:455</time></pt><pt><x>476</x><y>159</y><time>17-01-22 20:14:31:457</time></pt><pt><x>486</x><y>99</y><time>17-01-22 20:14:31:458</time></pt><pt><x>508</x><y>88</y><time>17-01-22 20:14:31:459</time></pt><pt><x>555</x><y>104</y><time>17-01-22 20:14:31:460</time></pt><pt><x>545</x><y>142</y><time>17-01-22 20:14:31:461</time></pt><pt><x>596</x><y>163</y><time>17-01-22 20:14:34:467</time></pt><pt><x>586</x><y>221</y><time>17-01-22 20:14:34:965</time></pt><pt><x>564</x><y>249</y><time>17-01-22 20:14:35:357</time></pt><pt><x>517</x><y>260</y><time>17-01-22 20:14:35:732</time></pt><pt><x>464</x><y>264</y><time>17-01-22 20:14:36:028</time></pt><pt><x>471</x><y>239</y><time>17-01-22 20:14:36:604</time></pt><closed_date>17-01-22 20:14:37:204</closed_date></polygon></object><imagesize><nrows /><ncols /></imagesize><object><name>root canal treatment</name><deleted>0</deleted><verified>0</verified><occluded>no</occluded><attributes /><parts><hasparts /><ispartof>22</ispartof></parts><date>18-01-22 18:04:30:514</date><id>14</id><polygon><username>anonymous</username><pt><x>651</x><y>664</y><time>18-01-22 18:04:17:169</time></pt><pt><x>663</x><y>816</y><time>18-01-22 18:04:22:884</time></pt><pt><x>690</x><y>912</y><time>18-01-22 18:04:23:983</time></pt><pt><x>696</x><y>940</y><time>18-01-22 18:04:24:846</time></pt><pt><x>720</x><y>940</y><time>18-01-22 18:04:25:471</time></pt><pt><x>708</x><y>865</y><time>18-01-22 18:04:26:078</time></pt><pt><x>691</x><y>766</y><time>18-01-22 18:04:26:463</time></pt><pt><x>691</x><y>705</y><time>18-01-22 18:04:26:855</time></pt><pt><x>678</x><y>661</y><time>18-01-22 18:04:27:239</time></pt><closed_date>18-01-22 18:04:27:576</closed_date></polygon></object><object><name>root canal treatment</name><deleted>0</deleted><verified>0</verified><occluded>no</occluded><attributes /><parts><hasparts /><ispartof>22</ispartof></parts><date>18-01-22 18:04:41:824</date><id>15</id><polygon><username>anonymous</username><pt><x>770</x><y>658</y><time>18-01-22 18:04:31:480</time></pt><pt><x>796</x><y>649</y><time>18-01-22 18:04:32:183</time></pt><pt><x>848</x><y>775</y><time>18-01-22 18:04:34:305</time></pt><pt><x>872</x><y>843</y><time>18-01-22 18:04:35:046</time></pt><pt><x>885</x><y>895</y><time>18-01-22 18:04:35:622</time></pt><pt><x>893</x><y>935</y><time>18-01-22 18:04:36:190</time></pt><pt><x>882</x><y>947</y><time>18-01-22 18:04:36:920</time></pt><pt><x>870</x><y>922</y><time>18-01-22 18:04:37:446</time></pt><pt><x>826</x><y>781</y><time>18-01-22 18:04:38:262</time></pt><closed_date>18-01-22 18:04:39:199</closed_date></polygon></object><object><name>restoration</name><deleted>0</deleted><verified>0</verified><occluded>no</occluded><attributes /><parts><hasparts /><ispartof>21</ispartof></parts><date>18-01-22 18:04:52:373</date><id>16</id><polygon><username>anonymous</username><pt><x>331</x><y>484</y><time>18-01-22 18:04:42:704</time></pt><pt><x>362</x><y>466</y><time>18-01-22 18:04:43:166</time></pt><pt><x>382</x><y>449</y><time>18-01-22 18:04:43:639</time></pt><pt><x>409</x><y>446</y><time>18-01-22 18:04:44:014</time></pt><pt><x>441</x><y>457</y><time>18-01-22 18:04:44:327</time></pt><pt><x>474</x><y>478</y><time>18-01-22 18:04:44:647</time></pt><pt><x>496</x><y>496</y><time>18-01-22 18:04:44:991</time></pt><pt><x>509</x><y>504</y><time>18-01-22 18:04:45:735</time></pt><pt><x>519</x><y>478</y><time>18-01-22 18:04:46:174</time></pt><pt><x>514</x><y>426</y><time>18-01-22 18:04:46:622</time></pt><pt><x>493</x><y>419</y><time>18-01-22 18:04:47:031</time></pt><pt><x>454</x><y>419</y><time>18-01-22 18:04:47:335</time></pt><pt><x>414</x><y>404</y><time>18-01-22 18:04:47:662</time></pt><pt><x>382</x><y>387</y><time>18-01-22 18:04:48:038</time></pt><pt><x>349</x><y>392</y><time>18-01-22 18:04:48:375</time></pt><pt><x>334</x><y>399</y><time>18-01-22 18:04:48:598</time></pt><pt><x>322</x><y>427</y><time>18-01-22 18:04:49:094</time></pt><pt><x>324</x><y>469</y><time>18-01-22 18:04:49:703</time></pt><closed_date>18-01-22 18:04:50:087</closed_date></polygon></object><object><name>restoration</name><deleted>0</deleted><verified>0</verified><occluded>no</occluded><attributes /><parts><hasparts /><ispartof>5</ispartof></parts><date>18-01-22 18:35:25:460</date><id>17</id><polygon><username>anonymous</username><pt><x>873</x><y>427</y><time>18-01-22 18:35:14:990</time></pt><pt><x>902</x><y>444</y><time>18-01-22 18:35:15:003</time></pt><pt><x>932</x><y>429</y><time>18-01-22 18:35:15:007</time></pt><pt><x>965</x><y>437</y><time>18-01-22 18:35:15:010</time></pt><pt><x>1013</x><y>411</y><time>18-01-22 18:35:16:143</time></pt><pt><x>1064</x><y>404</y><time>18-01-22 18:35:16:663</time></pt><pt><x>1125</x><y>384</y><time>18-01-22 18:35:17:208</time></pt><pt><x>1140</x><y>344</y><time>18-01-22 18:35:17:696</time></pt><pt><x>1102</x><y>332</y><time>18-01-22 18:35:18:231</time></pt><pt><x>1025</x><y>332</y><time>18-01-22 18:35:18:727</time></pt><pt><x>977</x><y>352</y><time>18-01-22 18:35:19:143</time></pt><pt><x>930</x><y>346</y><time>18-01-22 18:35:19:656</time></pt><pt><x>888</x><y>341</y><time>18-01-22 18:35:20:136</time></pt><pt><x>863</x><y>369</y><time>18-01-22 18:35:20:527</time></pt><pt><x>857</x><y>391</y><time>18-01-22 18:35:20:887</time></pt><closed_date>18-01-22 18:35:21:286</closed_date></polygon></object><object><name>restoration</name><deleted>0</deleted><verified>0</verified><occluded>no</occluded><attributes /><parts><hasparts /><ispartof>3</ispartof></parts><date>18-01-22 18:36:30:172</date><id>18</id><polygon><username>anonymous</username><pt><x>245</x><y>182</y><time>18-01-22 18:36:25:892</time></pt><pt><x>342</x><y>194</y><time>18-01-22 18:36:25:900</time></pt><pt><x>359</x><y>154</y><time>18-01-22 18:36:25:904</time></pt><pt><x>374</x><y>154</y><time>18-01-22 18:36:25:907</time></pt><pt><x>397</x><y>162</y><time>18-01-22 18:36:25:910</time></pt><pt><x>406</x><y>202</y><time>18-01-22 18:36:25:917</time></pt><pt><x>407</x><y>230</y><time>18-01-22 18:36:25:920</time></pt><pt><x>311</x><y>245</y><time>18-01-22 18:36:25:923</time></pt><pt><x>269</x><y>250</y><time>18-01-22 18:36:25:925</time></pt><pt><x>237</x><y>225</y><time>18-01-22 18:36:26:124</time></pt><pt><x>210</x><y>204</y><time>18-01-22 18:36:26:535</time></pt><closed_date>18-01-22 18:36:27:008</closed_date></polygon></object><object><name>restoration</name><deleted>0</deleted><verified>0</verified><occluded>no</occluded><attributes /><parts><hasparts /><ispartof>23</ispartof></parts><date>18-01-22 18:36:51:004</date><id>19</id><polygon><username>anonymous</username><pt><x>132</x><y>436</y><time>18-01-22 18:36:47:582</time></pt><pt><x>155</x><y>447</y><time>18-01-22 18:36:47:596</time></pt><pt><x>172</x><y>446</y><time>18-01-22 18:36:47:602</time></pt><pt><x>180</x><y>429</y><time>18-01-22 18:36:47:605</time></pt><pt><x>192</x><y>434</y><time>18-01-22 18:36:47:609</time></pt><pt><x>205</x><y>459</y><time>18-01-22 18:36:47:613</time></pt><pt><x>229</x><y>464</y><time>18-01-22 18:36:47:616</time></pt><pt><x>245</x><y>471</y><time>18-01-22 18:36:47:619</time></pt><pt><x>264</x><y>469</y><time>18-01-22 18:36:47:622</time></pt><pt><x>279</x><y>451</y><time>18-01-22 18:36:47:625</time></pt><pt><x>260</x><y>424</y><time>18-01-22 18:36:47:632</time></pt><pt><x>227</x><y>419</y><time>18-01-22 18:36:47:636</time></pt><pt><x>199</x><y>414</y><time>18-01-22 18:36:47:639</time></pt><pt><x>175</x><y>409</y><time>18-01-22 18:36:47:642</time></pt><pt><x>149</x><y>417</y><time>18-01-22 18:36:47:646</time></pt><pt><x>142</x><y>427</y><time>18-01-22 18:36:47:863</time></pt><closed_date>18-01-22 18:36:48:512</closed_date></polygon></object><object><name>restoration</name><deleted>0</deleted><verified>0</verified><occluded>no</occluded><attributes /><parts><hasparts /><ispartof>4</ispartof></parts><date>18-01-22 19:22:12:002</date><id>20</id><polygon><username>anonymous</username><pt><x>35</x><y>110</y><time>18-01-22 19:22:08:446</time></pt><pt><x>62</x><y>114</y><time>18-01-22 19:22:08:460</time></pt><pt><x>75</x><y>125</y><time>18-01-22 19:22:08:466</time></pt><pt><x>62</x><y>135</y><time>18-01-22 19:22:08:470</time></pt><pt><x>62</x><y>164</y><time>18-01-22 19:22:08:473</time></pt><pt><x>55</x><y>189</y><time>18-01-22 19:22:08:478</time></pt><pt><x>38</x><y>190</y><time>18-01-22 19:22:08:482</time></pt><pt><x>20</x><y>194</y><time>18-01-22 19:22:08:751</time></pt><pt><x>8</x><y>170</y><time>18-01-22 19:22:08:931</time></pt><pt><x>20</x><y>137</y><time>18-01-22 19:22:09:322</time></pt><closed_date>18-01-22 19:22:09:700</closed_date></polygon></object><object><name>tooth</name><deleted>0</deleted><verified>0</verified><occluded>no</occluded><attributes>35</attributes><parts><hasparts>16</hasparts><ispartof /></parts><date>17-02-22 11:19:18:650</date><id>21</id><type>bounding_box</type><polygon><username>anonymous</username><pt><x>558</x><y>364</y><time>17-02-22 11:19:06:864</time></pt><pt><x>306</x><y>364</y><time>17-02-22 11:19:09:652</time></pt><pt><x>306</x><y>925</y><time>undefined</time></pt><pt><x>558</x><y>925</y><time>undefined</time></pt><closed_date>17-02-22 11:19:09:652</closed_date></polygon></object><object><name>tooth</name><deleted>0</deleted><verified>0</verified><occluded>no</occluded><attributes>36</attributes><parts><hasparts>14,15</hasparts><ispartof /></parts><date>17-02-22 11:19:47:068</date><id>22</id><type>bounding_box</type><polygon><username>anonymous</username><pt><x>930</x><y>932</y><time>17-02-22 11:19:40:534</time></pt><pt><x>506</x><y>932</y><time>17-02-22 11:19:40:542</time></pt><pt><x>506</x><y>409</y><time>undefined</time></pt><pt><x>930</x><y>409</y><time>undefined</time></pt><closed_date>17-02-22 11:19:40:543</closed_date></polygon></object><object><name>tooth</name><deleted>0</deleted><verified>0</verified><occluded>no</occluded><attributes>34</attributes><parts><hasparts>19</hasparts><ispartof /></parts><date>17-02-22 11:20:10:033</date><id>23</id><type>bounding_box</type><polygon><username>anonymous</username><pt><x>77</x><y>331</y><time>17-02-22 11:20:01:184</time></pt><pt><x>326</x><y>331</y><time>17-02-22 11:20:03:909</time></pt><pt><x>326</x><y>948</y><time>undefined</time></pt><pt><x>77</x><y>948</y><time>undefined</time></pt><closed_date>17-02-22 11:20:03:909</closed_date></polygon></object><object><name>tooth</name><deleted>0</deleted><verified>0</verified><occluded>no</occluded><attributes>33</attributes><parts><hasparts /><ispartof /></parts><date>04-04-22 22:56:04:388</date><id>24</id><type>bounding_box</type><polygon><username>admin</username><pt><x>5</x><y>316</y><time>04-04-22 22:55:59:386</time></pt><pt><x>160</x><y>316</y><time>04-04-22 22:56:01:138</time></pt><pt><x>160</x><y>935</y><time>undefined</time></pt><pt><x>5</x><y>935</y><time>undefined</time></pt><closed_date>04-04-22 22:56:01:138</closed_date></polygon></object></annotation>