<annotation><filename>imagem-049.jpg</filename><folder>segmentation_xray</folder><source><sourceImage>The MIT-CSAIL database of objects and scenes</sourceImage><sourceAnnotation>LabelMe Webtool</sourceAnnotation></source><object><name>tooth</name><deleted>0</deleted><verified>0</verified><occluded>no</occluded><attributes>27</attributes><parts><hasparts>13</hasparts><ispartof /></parts><date>21-12-21 10:16:13:170</date><id>0</id><type>bounding_box</type><polygon><username>anonymous</username><pt><x>1219</x><y>387</y><time>21-12-21 10:16:03:785</time></pt><pt><x>982</x><y>387</y><time>21-12-21 10:16:06:942</time></pt><pt><x>982</x><y>0</y><time>undefined</time></pt><pt><x>1219</x><y>0</y><time>undefined</time></pt><closed_date>21-12-21 10:16:06:942</closed_date></polygon></object><object><name>tooth</name><deleted>0</deleted><verified>0</verified><occluded>no</occluded><attributes>26</attributes><parts><hasparts /><ispartof /></parts><date>21-12-21 10:16:24:586</date><id>1</id><type>bounding_box</type><polygon><username>anonymous</username><pt><x>654</x><y>397</y><time>21-12-21 10:16:17:232</time></pt><pt><x>975</x><y>397</y><time>21-12-21 10:16:21:366</time></pt><pt><x>975</x><y>2</y><time>undefined</time></pt><pt><x>654</x><y>2</y><time>undefined</time></pt><closed_date>21-12-21 10:16:21:366</closed_date></polygon></object><object><name>tooth</name><deleted>0</deleted><verified>0</verified><occluded>no</occluded><attributes>25</attributes><parts><hasparts>10</hasparts><ispartof /></parts><date>21-12-21 10:16:32:187</date><id>2</id><type>bounding_box</type><polygon><username>anonymous</username><pt><x>472</x><y>362</y><time>21-12-21 10:16:25:839</time></pt><pt><x>663</x><y>362</y><time>21-12-21 10:16:28:966</time></pt><pt><x>663</x><y>7</y><time>undefined</time></pt><pt><x>472</x><y>7</y><time>undefined</time></pt><closed_date>21-12-21 10:16:28:967</closed_date></polygon></object><object><name>tooth</name><deleted>0</deleted><verified>0</verified><occluded>no</occluded><attributes>24</attributes><parts><hasparts>11,12</hasparts><ispartof /></parts><date>21-12-21 10:20:28:259</date><id>3</id><type>bounding_box</type><polygon><username>anonymous</username><pt><x>464</x><y>367</y><time>21-12-21 10:20:22:649</time></pt><pt><x>250</x><y>367</y><time>21-12-21 10:20:24:680</time></pt><pt><x>250</x><y>7</y><time>undefined</time></pt><pt><x>464</x><y>7</y><time>undefined</time></pt><closed_date>21-12-21 10:20:24:680</closed_date></polygon></object><object><name>tooth</name><deleted>0</deleted><verified>0</verified><occluded>no</occluded><attributes>23</attributes><parts><hasparts /><ispartof /></parts><date>21-12-21 10:20:50:932</date><id>4</id><type>bounding_box</type><polygon><username>anonymous</username><pt><x>13</x><y>366</y><time>21-12-21 10:20:44:922</time></pt><pt><x>267</x><y>366</y><time>21-12-21 10:20:47:104</time></pt><pt><x>267</x><y>3</y><time>undefined</time></pt><pt><x>13</x><y>3</y><time>undefined</time></pt><closed_date>21-12-21 10:20:47:105</closed_date></polygon></object><object><name>tooth</name><deleted>0</deleted><verified>0</verified><occluded>no</occluded><attributes>47</attributes><parts><hasparts /><ispartof /></parts><date>21-12-21 10:21:06:658</date><id>5</id><type>bounding_box</type><polygon><username>anonymous</username><pt><x>1210</x><y>391</y><time>21-12-21 10:20:54:977</time></pt><pt><x>900</x><y>391</y><time>21-12-21 10:20:59:881</time></pt><pt><x>900</x><y>910</y><time>undefined</time></pt><pt><x>1210</x><y>910</y><time>undefined</time></pt><closed_date>21-12-21 10:20:59:881</closed_date></polygon></object><object><name>tooth</name><deleted>0</deleted><verified>0</verified><occluded>no</occluded><attributes>46</attributes><parts><hasparts>14</hasparts><ispartof /></parts><date>21-12-21 10:21:15:650</date><id>6</id><type>bounding_box</type><polygon><username>anonymous</username><pt><x>579</x><y>457</y><time>21-12-21 10:21:09:192</time></pt><pt><x>985</x><y>457</y><time>21-12-21 10:21:11:432</time></pt><pt><x>985</x><y>948</y><time>undefined</time></pt><pt><x>579</x><y>948</y><time>undefined</time></pt><closed_date>21-12-21 10:21:11:433</closed_date></polygon></object><object><name>tooth</name><deleted>0</deleted><verified>0</verified><occluded>no</occluded><attributes>45</attributes><parts><hasparts>15</hasparts><ispartof /></parts><date>21-12-21 10:21:25:523</date><id>7</id><type>bounding_box</type><polygon><username>anonymous</username><pt><x>342</x><y>447</y><time>21-12-21 10:21:17:090</time></pt><pt><x>574</x><y>447</y><time>21-12-21 10:21:21:312</time></pt><pt><x>574</x><y>943</y><time>undefined</time></pt><pt><x>342</x><y>943</y><time>undefined</time></pt><closed_date>21-12-21 10:21:21:312</closed_date></polygon></object><object><name>tooth</name><deleted>0</deleted><verified>0</verified><occluded>no</occluded><attributes>44</attributes><parts><hasparts>16</hasparts><ispartof /></parts><date>21-12-21 10:21:35:470</date><id>8</id><type>bounding_box</type><polygon><username>anonymous</username><pt><x>120</x><y>437</y><time>21-12-21 10:21:28:827</time></pt><pt><x>372</x><y>437</y><time>21-12-21 10:21:31:168</time></pt><pt><x>372</x><y>943</y><time>undefined</time></pt><pt><x>120</x><y>943</y><time>undefined</time></pt><closed_date>21-12-21 10:21:31:168</closed_date></polygon></object><object><name>tooth</name><deleted>0</deleted><verified>0</verified><occluded>no</occluded><attributes>43</attributes><parts><hasparts /><ispartof /></parts><date>21-12-21 10:21:42:170</date><id>9</id><type>bounding_box</type><polygon><username>anonymous</username><pt><x>0</x><y>446</y><time>21-12-21 10:21:36:330</time></pt><pt><x>205</x><y>446</y><time>21-12-21 10:21:37:580</time></pt><pt><x>205</x><y>938</y><time>undefined</time></pt><pt><x>0</x><y>938</y><time>undefined</time></pt><closed_date>21-12-21 10:21:37:581</closed_date></polygon></object><object><name>restoration</name><deleted>0</deleted><verified>0</verified><occluded>no</occluded><attributes /><parts><hasparts /><ispartof>2</ispartof></parts><date>21-12-21 10:31:25:579</date><id>10</id><polygon><username>anonymous</username><pt><x>619</x><y>284</y><time>21-12-21 10:31:13:239</time></pt><pt><x>576</x><y>272</y><time>21-12-21 10:31:14:038</time></pt><pt><x>561</x><y>282</y><time>21-12-21 10:31:15:653</time></pt><pt><x>549</x><y>294</y><time>21-12-21 10:31:16:350</time></pt><pt><x>544</x><y>287</y><time>21-12-21 10:31:16:909</time></pt><pt><x>528</x><y>292</y><time>21-12-21 10:31:17:229</time></pt><pt><x>508</x><y>307</y><time>21-12-21 10:31:17:533</time></pt><pt><x>509</x><y>321</y><time>21-12-21 10:31:18:005</time></pt><pt><x>521</x><y>326</y><time>21-12-21 10:31:18:389</time></pt><pt><x>553</x><y>319</y><time>21-12-21 10:31:18:678</time></pt><pt><x>569</x><y>314</y><time>21-12-21 10:31:18:998</time></pt><pt><x>628</x><y>314</y><time>21-12-21 10:31:19:422</time></pt><pt><x>639</x><y>299</y><time>21-12-21 10:31:19:973</time></pt><pt><x>633</x><y>291</y><time>21-12-21 10:31:20:246</time></pt><closed_date>21-12-21 10:31:20:623</closed_date></polygon></object><object><name>restoration</name><deleted>0</deleted><verified>0</verified><occluded>no</occluded><attributes /><parts><hasparts /><ispartof>3</ispartof></parts><date>21-12-21 10:31:34:538</date><id>11</id><polygon><username>anonymous</username><pt><x>409</x><y>294</y><time>21-12-21 10:31:27:841</time></pt><pt><x>411</x><y>272</y><time>21-12-21 10:31:28:533</time></pt><pt><x>389</x><y>264</y><time>21-12-21 10:31:29:013</time></pt><pt><x>344</x><y>269</y><time>21-12-21 10:31:29:366</time></pt><pt><x>307</x><y>277</y><time>21-12-21 10:31:29:926</time></pt><pt><x>302</x><y>287</y><time>21-12-21 10:31:30:325</time></pt><pt><x>311</x><y>311</y><time>21-12-21 10:31:31:006</time></pt><pt><x>349</x><y>312</y><time>21-12-21 10:31:31:390</time></pt><pt><x>381</x><y>307</y><time>21-12-21 10:31:31:766</time></pt><closed_date>21-12-21 10:31:32:086</closed_date></polygon></object><object><name>restoration</name><deleted>0</deleted><verified>0</verified><occluded>no</occluded><attributes /><parts><hasparts /><ispartof>3</ispartof></parts><date>21-12-21 10:31:42:074</date><id>12</id><polygon><username>anonymous</username><pt><x>280</x><y>232</y><time>21-12-21 10:31:36:687</time></pt><pt><x>302</x><y>234</y><time>21-12-21 10:31:37:349</time></pt><pt><x>306</x><y>249</y><time>21-12-21 10:31:37:718</time></pt><pt><x>302</x><y>262</y><time>21-12-21 10:31:37:998</time></pt><pt><x>292</x><y>274</y><time>21-12-21 10:31:38:229</time></pt><pt><x>282</x><y>280</y><time>21-12-21 10:31:38:344</time></pt><pt><x>277</x><y>280</y><time>21-12-21 10:31:38:381</time></pt><pt><x>277</x><y>280</y><time>21-12-21 10:31:38:613</time></pt><pt><x>252</x><y>280</y><time>21-12-21 10:31:38:870</time></pt><pt><x>250</x><y>274</y><time>21-12-21 10:31:39:150</time></pt><pt><x>255</x><y>259</y><time>21-12-21 10:31:39:390</time></pt><pt><x>270</x><y>244</y><time>21-12-21 10:31:39:623</time></pt><closed_date>21-12-21 10:31:39:846</closed_date></polygon></object><object><name>restoration</name><deleted>0</deleted><verified>0</verified><occluded>no</occluded><attributes /><parts><hasparts /><ispartof>0</ispartof></parts><date>21-12-21 10:31:52:347</date><id>13</id><polygon><username>anonymous</username><pt><x>1215</x><y>269</y><time>21-12-21 10:31:43:560</time></pt><pt><x>1190</x><y>259</y><time>21-12-21 10:31:44:086</time></pt><pt><x>1164</x><y>259</y><time>21-12-21 10:31:44:510</time></pt><pt><x>1139</x><y>240</y><time>21-12-21 10:31:44:966</time></pt><pt><x>1125</x><y>240</y><time>21-12-21 10:31:45:382</time></pt><pt><x>1079</x><y>242</y><time>21-12-21 10:31:45:630</time></pt><pt><x>1059</x><y>250</y><time>21-12-21 10:31:45:846</time></pt><pt><x>1040</x><y>257</y><time>21-12-21 10:31:46:062</time></pt><pt><x>1023</x><y>270</y><time>21-12-21 10:31:46:254</time></pt><pt><x>1010</x><y>282</y><time>21-12-21 10:31:46:470</time></pt><pt><x>1007</x><y>297</y><time>21-12-21 10:31:46:685</time></pt><pt><x>1005</x><y>304</y><time>21-12-21 10:31:46:904</time></pt><pt><x>1007</x><y>312</y><time>21-12-21 10:31:47:094</time></pt><pt><x>1040</x><y>324</y><time>21-12-21 10:31:47:430</time></pt><pt><x>1070</x><y>327</y><time>21-12-21 10:31:47:709</time></pt><pt><x>1122</x><y>327</y><time>21-12-21 10:31:47:926</time></pt><pt><x>1129</x><y>322</y><time>21-12-21 10:31:48:183</time></pt><pt><x>1129</x><y>319</y><time>21-12-21 10:31:48:438</time></pt><pt><x>1132</x><y>317</y><time>21-12-21 10:31:48:655</time></pt><pt><x>1149</x><y>317</y><time>21-12-21 10:31:48:790</time></pt><pt><x>1159</x><y>327</y><time>21-12-21 10:31:49:246</time></pt><pt><x>1177</x><y>329</y><time>21-12-21 10:31:49:478</time></pt><pt><x>1192</x><y>314</y><time>21-12-21 10:31:49:734</time></pt><pt><x>1214</x><y>294</y><time>21-12-21 10:31:49:933</time></pt><closed_date>21-12-21 10:31:50:142</closed_date></polygon></object><object><name>restoration</name><deleted>0</deleted><verified>0</verified><occluded>no</occluded><attributes /><parts><hasparts /><ispartof>6</ispartof></parts><date>21-12-21 10:32:02:507</date><id>14</id><polygon><username>anonymous</username><pt><x>1180</x><y>454</y><time>21-12-21 10:31:53:888</time></pt><pt><x>1162</x><y>481</y><time>21-12-21 10:31:54:294</time></pt><pt><x>1157</x><y>504</y><time>21-12-21 10:31:54:590</time></pt><pt><x>1154</x><y>513</y><time>21-12-21 10:31:54:830</time></pt><pt><x>1124</x><y>516</y><time>21-12-21 10:31:55:078</time></pt><pt><x>1094</x><y>524</y><time>21-12-21 10:31:55:294</time></pt><pt><x>1054</x><y>538</y><time>21-12-21 10:31:55:494</time></pt><pt><x>1018</x><y>544</y><time>21-12-21 10:31:55:710</time></pt><pt><x>983</x><y>536</y><time>21-12-21 10:31:55:942</time></pt><pt><x>938</x><y>528</y><time>21-12-21 10:31:56:318</time></pt><pt><x>917</x><y>496</y><time>21-12-21 10:31:56:798</time></pt><pt><x>925</x><y>481</y><time>21-12-21 10:31:57:111</time></pt><pt><x>950</x><y>464</y><time>21-12-21 10:31:57:350</time></pt><pt><x>972</x><y>459</y><time>21-12-21 10:31:57:558</time></pt><pt><x>998</x><y>442</y><time>21-12-21 10:31:57:926</time></pt><pt><x>1018</x><y>436</y><time>21-12-21 10:31:58:182</time></pt><pt><x>1052</x><y>436</y><time>21-12-21 10:31:58:423</time></pt><pt><x>1079</x><y>436</y><time>21-12-21 10:31:58:646</time></pt><pt><x>1104</x><y>434</y><time>21-12-21 10:31:59:078</time></pt><pt><x>1122</x><y>444</y><time>21-12-21 10:31:59:318</time></pt><pt><x>1129</x><y>452</y><time>21-12-21 10:31:59:550</time></pt><pt><x>1150</x><y>452</y><time>21-12-21 10:31:59:822</time></pt><closed_date>21-12-21 10:32:00:014</closed_date></polygon></object><object><name>restoration</name><deleted>0</deleted><verified>0</verified><occluded>no</occluded><attributes /><parts><hasparts /><ispartof>7</ispartof></parts><date>21-12-21 10:32:27:869</date><id>15</id><polygon><username>anonymous</username><pt><x>892</x><y>516</y><time>21-12-21 10:32:08:900</time></pt><pt><x>873</x><y>546</y><time>21-12-21 10:32:09:687</time></pt><pt><x>857</x><y>561</y><time>21-12-21 10:32:10:127</time></pt><pt><x>843</x><y>573</y><time>21-12-21 10:32:10:424</time></pt><pt><x>823</x><y>568</y><time>21-12-21 10:32:10:967</time></pt><pt><x>781</x><y>559</y><time>21-12-21 10:32:11:303</time></pt><pt><x>765</x><y>559</y><time>21-12-21 10:32:11:728</time></pt><pt><x>740</x><y>559</y><time>21-12-21 10:32:11:999</time></pt><pt><x>741</x><y>576</y><time>21-12-21 10:32:12:519</time></pt><pt><x>738</x><y>593</y><time>21-12-21 10:32:12:783</time></pt><pt><x>721</x><y>596</y><time>21-12-21 10:32:13:039</time></pt><pt><x>708</x><y>596</y><time>21-12-21 10:32:13:312</time></pt><pt><x>686</x><y>579</y><time>21-12-21 10:32:13:567</time></pt><pt><x>683</x><y>553</y><time>21-12-21 10:32:16:215</time></pt><pt><x>683</x><y>549</y><time>21-12-21 10:32:16:671</time></pt><pt><x>671</x><y>559</y><time>21-12-21 10:32:17:007</time></pt><pt><x>666</x><y>568</y><time>21-12-21 10:32:17:255</time></pt><pt><x>659</x><y>584</y><time>21-12-21 10:32:17:482</time></pt><pt><x>651</x><y>601</y><time>21-12-21 10:32:17:703</time></pt><pt><x>651</x><y>609</y><time>21-12-21 10:32:17:895</time></pt><pt><x>636</x><y>623</y><time>21-12-21 10:32:18:112</time></pt><pt><x>621</x><y>631</y><time>21-12-21 10:32:18:407</time></pt><pt><x>594</x><y>624</y><time>21-12-21 10:32:18:735</time></pt><pt><x>594</x><y>609</y><time>21-12-21 10:32:19:120</time></pt><pt><x>588</x><y>603</y><time>21-12-21 10:32:19:407</time></pt><pt><x>584</x><y>574</y><time>21-12-21 10:32:19:727</time></pt><pt><x>586</x><y>548</y><time>21-12-21 10:32:19:951</time></pt><pt><x>588</x><y>519</y><time>21-12-21 10:32:20:215</time></pt><pt><x>613</x><y>488</y><time>21-12-21 10:32:20:991</time></pt><pt><x>648</x><y>471</y><time>21-12-21 10:32:21:598</time></pt><pt><x>683</x><y>474</y><time>21-12-21 10:32:21:918</time></pt><pt><x>718</x><y>494</y><time>21-12-21 10:32:22:248</time></pt><pt><x>725</x><y>508</y><time>21-12-21 10:32:23:071</time></pt><pt><x>771</x><y>489</y><time>21-12-21 10:32:23:400</time></pt><pt><x>801</x><y>488</y><time>21-12-21 10:32:23:663</time></pt><pt><x>810</x><y>484</y><time>21-12-21 10:32:23:912</time></pt><pt><x>821</x><y>476</y><time>21-12-21 10:32:24:167</time></pt><pt><x>855</x><y>461</y><time>21-12-21 10:32:24:399</time></pt><pt><x>870</x><y>461</y><time>21-12-21 10:32:24:655</time></pt><pt><x>890</x><y>469</y><time>21-12-21 10:32:24:888</time></pt><pt><x>897</x><y>494</y><time>21-12-21 10:32:25:113</time></pt><closed_date>21-12-21 10:32:25:303</closed_date></polygon></object><object><name>restoration</name><deleted>0</deleted><verified>0</verified><occluded>no</occluded><attributes /><parts><hasparts /><ispartof>8</ispartof></parts><date>21-12-21 10:32:39:492</date><id>16</id><polygon><username>anonymous</username><pt><x>566</x><y>574</y><time>21-12-21 10:32:28:929</time></pt><pt><x>546</x><y>578</y><time>21-12-21 10:32:29:559</time></pt><pt><x>534</x><y>549</y><time>21-12-21 10:32:29:944</time></pt><pt><x>521</x><y>529</y><time>21-12-21 10:32:30:415</time></pt><pt><x>508</x><y>521</y><time>21-12-21 10:32:30:704</time></pt><pt><x>489</x><y>503</y><time>21-12-21 10:32:31:151</time></pt><pt><x>467</x><y>494</y><time>21-12-21 10:32:31:567</time></pt><pt><x>434</x><y>496</y><time>21-12-21 10:32:31:871</time></pt><pt><x>404</x><y>496</y><time>21-12-21 10:32:32:151</time></pt><pt><x>404</x><y>478</y><time>21-12-21 10:32:32:535</time></pt><pt><x>421</x><y>478</y><time>21-12-21 10:32:32:824</time></pt><pt><x>457</x><y>479</y><time>21-12-21 10:32:33:079</time></pt><pt><x>478</x><y>483</y><time>21-12-21 10:32:33:312</time></pt><pt><x>516</x><y>486</y><time>21-12-21 10:32:33:647</time></pt><pt><x>539</x><y>488</y><time>21-12-21 10:32:33:919</time></pt><pt><x>558</x><y>488</y><time>21-12-21 10:32:34:159</time></pt><pt><x>576</x><y>489</y><time>21-12-21 10:32:34:455</time></pt><pt><x>579</x><y>491</y><time>21-12-21 10:32:34:744</time></pt><pt><x>606</x><y>491</y><time>21-12-21 10:32:34:975</time></pt><pt><x>601</x><y>501</y><time>21-12-21 10:32:35:279</time></pt><pt><x>591</x><y>521</y><time>21-12-21 10:32:35:496</time></pt><pt><x>584</x><y>529</y><time>21-12-21 10:32:35:695</time></pt><pt><x>584</x><y>539</y><time>21-12-21 10:32:35:895</time></pt><pt><x>579</x><y>553</y><time>21-12-21 10:32:36:104</time></pt><pt><x>573</x><y>559</y><time>21-12-21 10:32:36:311</time></pt><pt><x>571</x><y>561</y><time>21-12-21 10:32:36:584</time></pt><closed_date>21-12-21 10:32:36:840</closed_date></polygon></object><imagesize><nrows /><ncols /></imagesize></annotation>