<annotation><filename>imagem-136.jpg</filename><folder>segmentation_xray</folder><source><sourceImage>The MIT-CSAIL database of objects and scenes</sourceImage><sourceAnnotation>LabelMe Webtool</sourceAnnotation></source><object><name>tooth</name><deleted>0</deleted><verified>0</verified><occluded>no</occluded><attributes>47</attributes><parts><hasparts>16</hasparts><ispartof /></parts><date>08-12-21 19:26:02:688</date><id>0</id><type>bounding_box</type><polygon><username>anonymous</username><pt><x>50</x><y>609</y><time>08-12-21 19:25:48:351</time></pt><pt><x>550</x><y>609</y><time>08-12-21 19:25:50:375</time></pt><pt><x>550</x><y>1238</y><time>undefined</time></pt><pt><x>50</x><y>1238</y><time>undefined</time></pt><closed_date>08-12-21 19:25:50:375</closed_date></polygon></object><object><name>tooth</name><deleted>0</deleted><verified>0</verified><occluded>no</occluded><attributes>46</attributes><parts><hasparts>17,18,19</hasparts><ispartof /></parts><date>08-12-21 19:26:22:782</date><id>1</id><type>bounding_box</type><polygon><username>anonymous</username><pt><x>978</x><y>670</y><time>08-12-21 19:26:10:287</time></pt><pt><x>471</x><y>670</y><time>08-12-21 19:26:14:391</time></pt><pt><x>471</x><y>1240</y><time>undefined</time></pt><pt><x>978</x><y>1240</y><time>undefined</time></pt><closed_date>08-12-21 19:26:14:391</closed_date></polygon></object><object><name>tooth</name><deleted>0</deleted><verified>0</verified><occluded>no</occluded><attributes>45</attributes><parts><hasparts>20</hasparts><ispartof /></parts><date>08-12-21 19:26:40:882</date><id>2</id><type>bounding_box</type><polygon><username>anonymous</username><pt><x>1279</x><y>674</y><time>08-12-21 19:26:32:401</time></pt><pt><x>978</x><y>674</y><time>08-12-21 19:26:36:735</time></pt><pt><x>978</x><y>1235</y><time>undefined</time></pt><pt><x>1279</x><y>1235</y><time>undefined</time></pt><closed_date>08-12-21 19:26:36:736</closed_date></polygon></object><object><name>tooth</name><deleted>0</deleted><verified>0</verified><occluded>no</occluded><attributes>44</attributes><parts><hasparts /><ispartof /></parts><date>08-12-21 19:26:48:937</date><id>3</id><type>bounding_box</type><polygon><username>anonymous</username><pt><x>1565</x><y>701</y><time>08-12-21 19:26:42:112</time></pt><pt><x>1266</x><y>701</y><time>08-12-21 19:26:44:807</time></pt><pt><x>1266</x><y>1238</y><time>undefined</time></pt><pt><x>1565</x><y>1238</y><time>undefined</time></pt><closed_date>08-12-21 19:26:44:807</closed_date></polygon></object><object><name>tooth</name><deleted>0</deleted><verified>0</verified><occluded>no</occluded><attributes>43</attributes><parts><hasparts /><ispartof /></parts><date>08-12-21 19:26:58:793</date><id>4</id><type>bounding_box</type><polygon><username>anonymous</username><pt><x>1609</x><y>681</y><time>08-12-21 19:26:50:560</time></pt><pt><x>1532</x><y>681</y><time>08-12-21 19:26:54:463</time></pt><pt><x>1532</x><y>1229</y><time>undefined</time></pt><pt><x>1609</x><y>1229</y><time>undefined</time></pt><closed_date>08-12-21 19:26:54:463</closed_date></polygon></object><object><name>tooth</name><deleted>0</deleted><verified>0</verified><occluded>no</occluded><attributes>13</attributes><parts><hasparts /><ispartof /></parts><date>08-12-21 19:38:24:333</date><id>5</id><type>bounding_box</type><polygon><username>anonymous</username><pt><x>1609</x><y>616</y><time>08-12-21 19:27:00:384</time></pt><pt><x>1417</x><y>616</y><time>08-12-21 19:27:03:991</time></pt><pt><x>1417</x><y>11</y><time>undefined</time></pt><pt><x>1609</x><y>11</y><time>undefined</time></pt><closed_date>08-12-21 19:27:03:991</closed_date></polygon></object><object><name>tooth</name><deleted>0</deleted><verified>0</verified><occluded>no</occluded><attributes>14</attributes><parts><hasparts>14</hasparts><ispartof /></parts><date>08-12-21 19:38:35:127</date><id>6</id><type>bounding_box</type><polygon><username>anonymous</username><pt><x>1159</x><y>631</y><time>08-12-21 19:38:26:087</time></pt><pt><x>1449</x><y>631</y><time>08-12-21 19:38:30:511</time></pt><pt><x>1449</x><y>2</y><time>undefined</time></pt><pt><x>1159</x><y>2</y><time>undefined</time></pt><closed_date>08-12-21 19:38:30:511</closed_date></polygon></object><object><name>tooth</name><deleted>0</deleted><verified>0</verified><occluded>no</occluded><attributes>15</attributes><parts><hasparts>12,13</hasparts><ispartof /></parts><date>08-12-21 19:38:44:576</date><id>7</id><type>bounding_box</type><polygon><username>anonymous</username><pt><x>882</x><y>624</y><time>08-12-21 19:38:36:528</time></pt><pt><x>1168</x><y>624</y><time>08-12-21 19:38:39:334</time></pt><pt><x>1168</x><y>11</y><time>undefined</time></pt><pt><x>882</x><y>11</y><time>undefined</time></pt><closed_date>08-12-21 19:38:39:334</closed_date></polygon></object><object><name>tooth</name><deleted>0</deleted><verified>0</verified><occluded>no</occluded><attributes>16</attributes><parts><hasparts>10,11</hasparts><ispartof /></parts><date>08-12-21 19:38:56:984</date><id>8</id><type>bounding_box</type><polygon><username>anonymous</username><pt><x>480</x><y>600</y><time>08-12-21 19:38:46:095</time></pt><pt><x>897</x><y>600</y><time>08-12-21 19:38:51:166</time></pt><pt><x>897</x><y>35</y><time>undefined</time></pt><pt><x>480</x><y>35</y><time>undefined</time></pt><closed_date>08-12-21 19:38:51:166</closed_date></polygon></object><object><name>tooth</name><deleted>0</deleted><verified>0</verified><occluded>no</occluded><attributes>17</attributes><parts><hasparts>15</hasparts><ispartof /></parts><date>08-12-21 19:39:11:610</date><id>9</id><type>bounding_box</type><polygon><username>anonymous</username><pt><x>65</x><y>585</y><time>08-12-21 19:39:02:262</time></pt><pt><x>495</x><y>585</y><time>08-12-21 19:39:06:238</time></pt><pt><x>495</x><y>4</y><time>undefined</time></pt><pt><x>65</x><y>4</y><time>undefined</time></pt><closed_date>08-12-21 19:39:06:238</closed_date></polygon></object><object><name>root canal treatment</name><deleted>0</deleted><verified>0</verified><occluded>no</occluded><attributes /><parts><hasparts /><ispartof>8</ispartof></parts><date>08-12-21 19:39:59:537</date><id>10</id><polygon><username>anonymous</username><pt><x>742</x><y>314</y><time>08-12-21 19:39:36:014</time></pt><pt><x>705</x><y>310</y><time>08-12-21 19:39:37:333</time></pt><pt><x>653</x><y>321</y><time>08-12-21 19:39:37:670</time></pt><pt><x>642</x><y>332</y><time>08-12-21 19:39:38:222</time></pt><pt><x>631</x><y>343</y><time>08-12-21 19:39:38:518</time></pt><pt><x>611</x><y>338</y><time>08-12-21 19:39:38:846</time></pt><pt><x>616</x><y>303</y><time>08-12-21 19:39:39:774</time></pt><pt><x>616</x><y>292</y><time>08-12-21 19:39:40:190</time></pt><pt><x>607</x><y>273</y><time>08-12-21 19:39:40:582</time></pt><pt><x>596</x><y>247</y><time>08-12-21 19:39:40:958</time></pt><pt><x>572</x><y>212</y><time>08-12-21 19:39:41:309</time></pt><pt><x>559</x><y>177</y><time>08-12-21 19:39:41:758</time></pt><pt><x>554</x><y>157</y><time>08-12-21 19:39:42:102</time></pt><pt><x>537</x><y>124</y><time>08-12-21 19:39:42:478</time></pt><pt><x>517</x><y>85</y><time>08-12-21 19:39:42:814</time></pt><pt><x>506</x><y>57</y><time>08-12-21 19:39:43:182</time></pt><pt><x>502</x><y>37</y><time>08-12-21 19:39:43:934</time></pt><pt><x>509</x><y>28</y><time>08-12-21 19:39:44:462</time></pt><pt><x>524</x><y>55</y><time>08-12-21 19:39:44:848</time></pt><pt><x>544</x><y>85</y><time>08-12-21 19:39:45:224</time></pt><pt><x>563</x><y>122</y><time>08-12-21 19:39:45:694</time></pt><pt><x>585</x><y>157</y><time>08-12-21 19:39:46:104</time></pt><pt><x>602</x><y>186</y><time>08-12-21 19:39:46:438</time></pt><pt><x>618</x><y>220</y><time>08-12-21 19:39:46:830</time></pt><pt><x>631</x><y>244</y><time>08-12-21 19:39:47:174</time></pt><pt><x>635</x><y>255</y><time>08-12-21 19:39:47:470</time></pt><pt><x>640</x><y>271</y><time>08-12-21 19:39:48:214</time></pt><pt><x>640</x><y>216</y><time>08-12-21 19:39:48:558</time></pt><pt><x>637</x><y>183</y><time>08-12-21 19:39:48:902</time></pt><pt><x>640</x><y>144</y><time>08-12-21 19:39:49:198</time></pt><pt><x>646</x><y>122</y><time>08-12-21 19:39:49:470</time></pt><pt><x>648</x><y>85</y><time>08-12-21 19:39:49:742</time></pt><pt><x>650</x><y>65</y><time>08-12-21 19:39:50:014</time></pt><pt><x>650</x><y>46</y><time>08-12-21 19:39:50:310</time></pt><pt><x>655</x><y>26</y><time>08-12-21 19:39:50:694</time></pt><pt><x>655</x><y>20</y><time>08-12-21 19:39:51:142</time></pt><pt><x>670</x><y>41</y><time>08-12-21 19:39:51:510</time></pt><pt><x>681</x><y>61</y><time>08-12-21 19:39:51:806</time></pt><pt><x>694</x><y>89</y><time>08-12-21 19:39:52:094</time></pt><pt><x>701</x><y>114</y><time>08-12-21 19:39:52:350</time></pt><pt><x>705</x><y>142</y><time>08-12-21 19:39:52:632</time></pt><pt><x>709</x><y>186</y><time>08-12-21 19:39:53:016</time></pt><pt><x>714</x><y>218</y><time>08-12-21 19:39:53:312</time></pt><pt><x>714</x><y>244</y><time>08-12-21 19:39:53:600</time></pt><pt><x>709</x><y>262</y><time>08-12-21 19:39:53:832</time></pt><pt><x>714</x><y>268</y><time>08-12-21 19:39:54:158</time></pt><pt><x>729</x><y>279</y><time>08-12-21 19:39:54:478</time></pt><pt><x>738</x><y>290</y><time>08-12-21 19:39:54:728</time></pt><closed_date>08-12-21 19:39:54:968</closed_date></polygon></object><object><name>restoration</name><deleted>0</deleted><verified>0</verified><occluded>no</occluded><attributes /><parts><hasparts /><ispartof>8</ispartof></parts><date>08-12-21 19:40:28:003</date><id>11</id><polygon><username>anonymous</username><pt><x>847</x><y>308</y><time>08-12-21 19:40:02:391</time></pt><pt><x>851</x><y>334</y><time>08-12-21 19:40:02:806</time></pt><pt><x>856</x><y>356</y><time>08-12-21 19:40:03:223</time></pt><pt><x>853</x><y>378</y><time>08-12-21 19:40:03:638</time></pt><pt><x>843</x><y>367</y><time>08-12-21 19:40:04:230</time></pt><pt><x>834</x><y>345</y><time>08-12-21 19:40:04:590</time></pt><pt><x>821</x><y>336</y><time>08-12-21 19:40:04:926</time></pt><pt><x>795</x><y>334</y><time>08-12-21 19:40:05:270</time></pt><pt><x>773</x><y>345</y><time>08-12-21 19:40:05:534</time></pt><pt><x>760</x><y>358</y><time>08-12-21 19:40:05:774</time></pt><pt><x>753</x><y>373</y><time>08-12-21 19:40:05:990</time></pt><pt><x>751</x><y>391</y><time>08-12-21 19:40:06:174</time></pt><pt><x>753</x><y>410</y><time>08-12-21 19:40:06:367</time></pt><pt><x>755</x><y>421</y><time>08-12-21 19:40:06:606</time></pt><pt><x>757</x><y>428</y><time>08-12-21 19:40:06:814</time></pt><pt><x>740</x><y>430</y><time>08-12-21 19:40:07:182</time></pt><pt><x>733</x><y>426</y><time>08-12-21 19:40:07:438</time></pt><pt><x>712</x><y>417</y><time>08-12-21 19:40:07:678</time></pt><pt><x>688</x><y>408</y><time>08-12-21 19:40:08:471</time></pt><pt><x>661</x><y>404</y><time>08-12-21 19:40:08:782</time></pt><pt><x>640</x><y>413</y><time>08-12-21 19:40:09:063</time></pt><pt><x>624</x><y>415</y><time>08-12-21 19:40:09:351</time></pt><pt><x>618</x><y>430</y><time>08-12-21 19:40:09:654</time></pt><pt><x>613</x><y>432</y><time>08-12-21 19:40:09:959</time></pt><pt><x>594</x><y>439</y><time>08-12-21 19:40:10:198</time></pt><pt><x>578</x><y>447</y><time>08-12-21 19:40:10:406</time></pt><pt><x>563</x><y>463</y><time>08-12-21 19:40:10:654</time></pt><pt><x>552</x><y>474</y><time>08-12-21 19:40:10:854</time></pt><pt><x>546</x><y>485</y><time>08-12-21 19:40:11:766</time></pt><pt><x>515</x><y>530</y><time>08-12-21 19:40:16:471</time></pt><pt><x>522</x><y>541</y><time>08-12-21 19:40:17:095</time></pt><pt><x>533</x><y>548</y><time>08-12-21 19:40:17:623</time></pt><pt><x>548</x><y>561</y><time>08-12-21 19:40:17:975</time></pt><pt><x>581</x><y>570</y><time>08-12-21 19:40:18:286</time></pt><pt><x>605</x><y>578</y><time>08-12-21 19:40:18:783</time></pt><pt><x>624</x><y>576</y><time>08-12-21 19:40:19:135</time></pt><pt><x>646</x><y>561</y><time>08-12-21 19:40:19:447</time></pt><pt><x>655</x><y>548</y><time>08-12-21 19:40:19:735</time></pt><pt><x>677</x><y>533</y><time>08-12-21 19:40:20:086</time></pt><pt><x>703</x><y>520</y><time>08-12-21 19:40:20:375</time></pt><pt><x>727</x><y>520</y><time>08-12-21 19:40:20:655</time></pt><pt><x>755</x><y>526</y><time>08-12-21 19:40:20:895</time></pt><pt><x>775</x><y>528</y><time>08-12-21 19:40:21:095</time></pt><pt><x>821</x><y>535</y><time>08-12-21 19:40:21:295</time></pt><pt><x>827</x><y>535</y><time>08-12-21 19:40:21:486</time></pt><pt><x>860</x><y>528</y><time>08-12-21 19:40:21:695</time></pt><pt><x>873</x><y>520</y><time>08-12-21 19:40:21:919</time></pt><pt><x>893</x><y>504</y><time>08-12-21 19:40:22:151</time></pt><pt><x>899</x><y>482</y><time>08-12-21 19:40:22:415</time></pt><pt><x>906</x><y>447</y><time>08-12-21 19:40:22:783</time></pt><pt><x>904</x><y>408</y><time>08-12-21 19:40:23:135</time></pt><pt><x>891</x><y>367</y><time>08-12-21 19:40:23:495</time></pt><pt><x>875</x><y>332</y><time>08-12-21 19:40:23:855</time></pt><closed_date>08-12-21 19:40:24:207</closed_date></polygon></object><object><name>restoration</name><deleted>0</deleted><verified>0</verified><occluded>no</occluded><attributes /><parts><hasparts /><ispartof>7</ispartof></parts><date>08-12-21 19:40:50:388</date><id>12</id><polygon><username>anonymous</username><pt><x>919</x><y>410</y><time>08-12-21 19:40:30:137</time></pt><pt><x>952</x><y>395</y><time>08-12-21 19:40:30:639</time></pt><pt><x>974</x><y>395</y><time>08-12-21 19:40:31:007</time></pt><pt><x>1011</x><y>399</y><time>08-12-21 19:40:31:607</time></pt><pt><x>1019</x><y>406</y><time>08-12-21 19:40:31:983</time></pt><pt><x>1037</x><y>421</y><time>08-12-21 19:40:32:263</time></pt><pt><x>1046</x><y>439</y><time>08-12-21 19:40:32:528</time></pt><pt><x>1050</x><y>452</y><time>08-12-21 19:40:32:816</time></pt><pt><x>1078</x><y>465</y><time>08-12-21 19:40:33:127</time></pt><pt><x>1094</x><y>474</y><time>08-12-21 19:40:33:487</time></pt><pt><x>1100</x><y>480</y><time>08-12-21 19:40:33:775</time></pt><pt><x>1109</x><y>463</y><time>08-12-21 19:40:34:127</time></pt><pt><x>1109</x><y>437</y><time>08-12-21 19:40:34:423</time></pt><pt><x>1113</x><y>402</y><time>08-12-21 19:40:34:896</time></pt><pt><x>1118</x><y>397</y><time>08-12-21 19:40:35:255</time></pt><pt><x>1133</x><y>395</y><time>08-12-21 19:40:35:527</time></pt><pt><x>1144</x><y>404</y><time>08-12-21 19:40:35:838</time></pt><pt><x>1153</x><y>415</y><time>08-12-21 19:40:36:072</time></pt><pt><x>1157</x><y>426</y><time>08-12-21 19:40:36:287</time></pt><pt><x>1159</x><y>445</y><time>08-12-21 19:40:36:520</time></pt><pt><x>1166</x><y>461</y><time>08-12-21 19:40:36:745</time></pt><pt><x>1166</x><y>482</y><time>08-12-21 19:40:36:969</time></pt><pt><x>1157</x><y>506</y><time>08-12-21 19:40:37:199</time></pt><pt><x>1148</x><y>526</y><time>08-12-21 19:40:37:406</time></pt><pt><x>1139</x><y>546</y><time>08-12-21 19:40:37:655</time></pt><pt><x>1133</x><y>563</y><time>08-12-21 19:40:37:921</time></pt><pt><x>1122</x><y>578</y><time>08-12-21 19:40:38:207</time></pt><pt><x>1111</x><y>592</y><time>08-12-21 19:40:38:456</time></pt><pt><x>1094</x><y>598</y><time>08-12-21 19:40:38:703</time></pt><pt><x>1080</x><y>598</y><time>08-12-21 19:40:39:031</time></pt><pt><x>1024</x><y>583</y><time>08-12-21 19:40:42:311</time></pt><pt><x>1000</x><y>576</y><time>08-12-21 19:40:42:783</time></pt><pt><x>971</x><y>554</y><time>08-12-21 19:40:43:135</time></pt><pt><x>945</x><y>533</y><time>08-12-21 19:40:43:479</time></pt><pt><x>930</x><y>517</y><time>08-12-21 19:40:43:815</time></pt><pt><x>899</x><y>506</y><time>08-12-21 19:40:44:127</time></pt><pt><x>893</x><y>487</y><time>08-12-21 19:40:44:559</time></pt><pt><x>891</x><y>461</y><time>08-12-21 19:40:44:959</time></pt><pt><x>897</x><y>432</y><time>08-12-21 19:40:45:327</time></pt><pt><x>901</x><y>415</y><time>08-12-21 19:40:45:671</time></pt><closed_date>08-12-21 19:40:46:199</closed_date></polygon></object><object><name>root canal treatment</name><deleted>0</deleted><verified>0</verified><occluded>no</occluded><attributes /><parts><hasparts /><ispartof>7</ispartof></parts><date>08-12-21 19:41:06:114</date><id>13</id><polygon><username>anonymous</username><pt><x>1037</x><y>393</y><time>08-12-21 19:40:52:313</time></pt><pt><x>1037</x><y>371</y><time>08-12-21 19:40:52:671</time></pt><pt><x>1035</x><y>325</y><time>08-12-21 19:40:52:975</time></pt><pt><x>1035</x><y>279</y><time>08-12-21 19:40:53:343</time></pt><pt><x>1032</x><y>240</y><time>08-12-21 19:40:53:663</time></pt><pt><x>1032</x><y>210</y><time>08-12-21 19:40:53:959</time></pt><pt><x>1030</x><y>164</y><time>08-12-21 19:40:54:263</time></pt><pt><x>1024</x><y>133</y><time>08-12-21 19:40:54:559</time></pt><pt><x>1013</x><y>92</y><time>08-12-21 19:40:54:839</time></pt><pt><x>1008</x><y>44</y><time>08-12-21 19:40:55:167</time></pt><pt><x>1002</x><y>24</y><time>08-12-21 19:40:55:623</time></pt><pt><x>998</x><y>22</y><time>08-12-21 19:40:56:280</time></pt><pt><x>989</x><y>31</y><time>08-12-21 19:40:56:559</time></pt><pt><x>989</x><y>48</y><time>08-12-21 19:40:56:817</time></pt><pt><x>989</x><y>70</y><time>08-12-21 19:40:57:079</time></pt><pt><x>987</x><y>94</y><time>08-12-21 19:40:57:351</time></pt><pt><x>987</x><y>116</y><time>08-12-21 19:40:57:599</time></pt><pt><x>987</x><y>140</y><time>08-12-21 19:40:57:831</time></pt><pt><x>987</x><y>159</y><time>08-12-21 19:40:58:039</time></pt><pt><x>991</x><y>188</y><time>08-12-21 19:40:58:240</time></pt><pt><x>987</x><y>214</y><time>08-12-21 19:40:58:447</time></pt><pt><x>982</x><y>249</y><time>08-12-21 19:40:58:784</time></pt><pt><x>982</x><y>268</y><time>08-12-21 19:40:58:991</time></pt><pt><x>982</x><y>297</y><time>08-12-21 19:40:59:192</time></pt><pt><x>982</x><y>325</y><time>08-12-21 19:40:59:383</time></pt><pt><x>989</x><y>349</y><time>08-12-21 19:40:59:863</time></pt><pt><x>1006</x><y>371</y><time>08-12-21 19:41:00:336</time></pt><closed_date>08-12-21 19:41:00:711</closed_date></polygon></object><object><name>restoration</name><deleted>0</deleted><verified>0</verified><occluded>no</occluded><attributes /><parts><hasparts /><ispartof>6</ispartof></parts><date>08-12-21 19:49:17:285</date><id>14</id><polygon><username>anonymous</username><pt><x>1179</x><y>386</y><time>08-12-21 19:48:37:775</time></pt><pt><x>1218</x><y>380</y><time>08-12-21 19:48:38:340</time></pt><pt><x>1235</x><y>395</y><time>08-12-21 19:48:38:852</time></pt><pt><x>1251</x><y>408</y><time>08-12-21 19:48:39:196</time></pt><pt><x>1259</x><y>432</y><time>08-12-21 19:48:39:484</time></pt><pt><x>1277</x><y>476</y><time>08-12-21 19:48:59:283</time></pt><pt><x>1299</x><y>487</y><time>08-12-21 19:48:59:916</time></pt><pt><x>1321</x><y>480</y><time>08-12-21 19:49:00:372</time></pt><pt><x>1342</x><y>476</y><time>08-12-21 19:49:00:685</time></pt><pt><x>1360</x><y>476</y><time>08-12-21 19:49:00:971</time></pt><pt><x>1375</x><y>478</y><time>08-12-21 19:49:01:243</time></pt><pt><x>1388</x><y>487</y><time>08-12-21 19:49:01:507</time></pt><pt><x>1397</x><y>504</y><time>08-12-21 19:49:01:852</time></pt><pt><x>1399</x><y>513</y><time>08-12-21 19:49:02:252</time></pt><pt><x>1380</x><y>513</y><time>08-12-21 19:49:03:027</time></pt><pt><x>1369</x><y>509</y><time>08-12-21 19:49:03:515</time></pt><pt><x>1358</x><y>511</y><time>08-12-21 19:49:03:860</time></pt><pt><x>1345</x><y>528</y><time>08-12-21 19:49:04:149</time></pt><pt><x>1334</x><y>533</y><time>08-12-21 19:49:04:468</time></pt><pt><x>1316</x><y>530</y><time>08-12-21 19:49:04:820</time></pt><pt><x>1297</x><y>533</y><time>08-12-21 19:49:05:108</time></pt><pt><x>1277</x><y>535</y><time>08-12-21 19:49:05:371</time></pt><pt><x>1253</x><y>522</y><time>08-12-21 19:49:05:667</time></pt><pt><x>1253</x><y>517</y><time>08-12-21 19:49:08:364</time></pt><pt><x>1240</x><y>511</y><time>08-12-21 19:49:08:732</time></pt><pt><x>1218</x><y>502</y><time>08-12-21 19:49:09:124</time></pt><pt><x>1192</x><y>495</y><time>08-12-21 19:49:09:427</time></pt><pt><x>1170</x><y>487</y><time>08-12-21 19:49:09:780</time></pt><pt><x>1163</x><y>471</y><time>08-12-21 19:49:10:100</time></pt><pt><x>1161</x><y>432</y><time>08-12-21 19:49:10:468</time></pt><pt><x>1163</x><y>399</y><time>08-12-21 19:49:10:812</time></pt><closed_date>08-12-21 19:49:11:060</closed_date></polygon></object><object><name>restoration</name><deleted>0</deleted><verified>0</verified><occluded>no</occluded><attributes /><parts><hasparts /><ispartof>9</ispartof></parts><date>08-12-21 19:49:45:985</date><id>15</id><polygon><username>anonymous</username><pt><x>262</x><y>541</y><time>08-12-21 19:49:33:843</time></pt><pt><x>262</x><y>502</y><time>08-12-21 19:49:34:532</time></pt><pt><x>247</x><y>480</y><time>08-12-21 19:49:34:924</time></pt><pt><x>227</x><y>463</y><time>08-12-21 19:49:35:299</time></pt><pt><x>196</x><y>441</y><time>08-12-21 19:49:35:716</time></pt><pt><x>177</x><y>430</y><time>08-12-21 19:49:36:100</time></pt><pt><x>151</x><y>423</y><time>08-12-21 19:49:36:419</time></pt><pt><x>129</x><y>426</y><time>08-12-21 19:49:36:764</time></pt><pt><x>120</x><y>430</y><time>08-12-21 19:49:37:036</time></pt><pt><x>127</x><y>454</y><time>08-12-21 19:49:37:852</time></pt><pt><x>133</x><y>463</y><time>08-12-21 19:49:38:508</time></pt><pt><x>138</x><y>471</y><time>08-12-21 19:49:38:956</time></pt><pt><x>151</x><y>474</y><time>08-12-21 19:49:39:220</time></pt><pt><x>181</x><y>485</y><time>08-12-21 19:49:39:580</time></pt><pt><x>210</x><y>504</y><time>08-12-21 19:49:39:932</time></pt><pt><x>231</x><y>515</y><time>08-12-21 19:49:40:252</time></pt><closed_date>08-12-21 19:49:40:692</closed_date></polygon></object><object><name>restoration</name><deleted>0</deleted><verified>0</verified><occluded>no</occluded><attributes /><parts><hasparts /><ispartof>0</ispartof></parts><date>08-12-21 19:52:27:825</date><id>16</id><polygon><username>anonymous</username><pt><x>172</x><y>677</y><time>08-12-21 19:49:50:516</time></pt><pt><x>186</x><y>714</y><time>08-12-21 19:49:50:979</time></pt><pt><x>207</x><y>740</y><time>08-12-21 19:52:11:653</time></pt><pt><x>229</x><y>760</y><time>08-12-21 19:52:12:084</time></pt><pt><x>247</x><y>781</y><time>08-12-21 19:52:12:398</time></pt><pt><x>255</x><y>801</y><time>08-12-21 19:52:12:678</time></pt><pt><x>277</x><y>803</y><time>08-12-21 19:52:13:029</time></pt><pt><x>306</x><y>801</y><time>08-12-21 19:52:13:389</time></pt><pt><x>334</x><y>795</y><time>08-12-21 19:52:13:807</time></pt><pt><x>356</x><y>797</y><time>08-12-21 19:52:14:149</time></pt><pt><x>365</x><y>795</y><time>08-12-21 19:52:14:477</time></pt><pt><x>367</x><y>779</y><time>08-12-21 19:52:14:717</time></pt><pt><x>384</x><y>773</y><time>08-12-21 19:52:14:965</time></pt><pt><x>402</x><y>766</y><time>08-12-21 19:52:15:261</time></pt><pt><x>408</x><y>753</y><time>08-12-21 19:52:16:285</time></pt><pt><x>441</x><y>742</y><time>08-12-21 19:52:16:637</time></pt><pt><x>471</x><y>733</y><time>08-12-21 19:52:17:085</time></pt><pt><x>493</x><y>720</y><time>08-12-21 19:52:17:413</time></pt><pt><x>515</x><y>705</y><time>08-12-21 19:52:17:757</time></pt><pt><x>517</x><y>698</y><time>08-12-21 19:52:18:181</time></pt><pt><x>450</x><y>703</y><time>08-12-21 19:52:18:813</time></pt><pt><x>397</x><y>712</y><time>08-12-21 19:52:19:197</time></pt><pt><x>369</x><y>714</y><time>08-12-21 19:52:19:501</time></pt><pt><x>356</x><y>698</y><time>08-12-21 19:52:19:869</time></pt><pt><x>330</x><y>681</y><time>08-12-21 19:52:20:325</time></pt><pt><x>310</x><y>683</y><time>08-12-21 19:52:21:093</time></pt><pt><x>284</x><y>679</y><time>08-12-21 19:52:21:445</time></pt><pt><x>268</x><y>668</y><time>08-12-21 19:52:21:797</time></pt><pt><x>262</x><y>650</y><time>08-12-21 19:52:22:189</time></pt><pt><x>262</x><y>646</y><time>08-12-21 19:52:22:581</time></pt><pt><x>249</x><y>644</y><time>08-12-21 19:52:22:853</time></pt><pt><x>227</x><y>650</y><time>08-12-21 19:52:23:149</time></pt><pt><x>216</x><y>657</y><time>08-12-21 19:52:23:380</time></pt><pt><x>199</x><y>666</y><time>08-12-21 19:52:23:677</time></pt><closed_date>08-12-21 19:52:24:013</closed_date></polygon></object><object><name>restoration</name><deleted>0</deleted><verified>0</verified><occluded>no</occluded><attributes /><parts><hasparts /><ispartof>1</ispartof></parts><date>08-12-21 19:53:36:727</date><id>17</id><polygon><username>anonymous</username><pt><x>561</x><y>882</y><time>08-12-21 19:53:15:741</time></pt><pt><x>578</x><y>901</y><time>08-12-21 19:53:16:173</time></pt><pt><x>600</x><y>912</y><time>08-12-21 19:53:16:621</time></pt><pt><x>618</x><y>901</y><time>08-12-21 19:53:16:998</time></pt><pt><x>637</x><y>884</y><time>08-12-21 19:53:17:325</time></pt><pt><x>659</x><y>867</y><time>08-12-21 19:53:17:629</time></pt><pt><x>674</x><y>840</y><time>08-12-21 19:53:17:925</time></pt><pt><x>692</x><y>819</y><time>08-12-21 19:53:18:293</time></pt><pt><x>692</x><y>803</y><time>08-12-21 19:53:18:837</time></pt><pt><x>690</x><y>784</y><time>08-12-21 19:53:19:213</time></pt><pt><x>672</x><y>762</y><time>08-12-21 19:53:19:622</time></pt><pt><x>664</x><y>749</y><time>08-12-21 19:53:19:925</time></pt><pt><x>664</x><y>740</y><time>08-12-21 19:53:24:062</time></pt><pt><x>679</x><y>722</y><time>08-12-21 19:53:24:341</time></pt><pt><x>668</x><y>703</y><time>08-12-21 19:53:24:725</time></pt><pt><x>646</x><y>692</y><time>08-12-21 19:53:25:053</time></pt><pt><x>616</x><y>698</y><time>08-12-21 19:53:25:541</time></pt><pt><x>592</x><y>712</y><time>08-12-21 19:53:25:909</time></pt><pt><x>578</x><y>716</y><time>08-12-21 19:53:26:302</time></pt><pt><x>572</x><y>722</y><time>08-12-21 19:53:26:575</time></pt><pt><x>552</x><y>731</y><time>08-12-21 19:53:26:877</time></pt><pt><x>539</x><y>738</y><time>08-12-21 19:53:27:310</time></pt><pt><x>528</x><y>747</y><time>08-12-21 19:53:27:702</time></pt><pt><x>520</x><y>760</y><time>08-12-21 19:53:28:030</time></pt><pt><x>520</x><y>786</y><time>08-12-21 19:53:28:286</time></pt><pt><x>526</x><y>808</y><time>08-12-21 19:53:28:629</time></pt><pt><x>528</x><y>832</y><time>08-12-21 19:53:28:997</time></pt><pt><x>530</x><y>851</y><time>08-12-21 19:53:29:332</time></pt><pt><x>544</x><y>858</y><time>08-12-21 19:53:29:629</time></pt><closed_date>08-12-21 19:53:29:975</closed_date></polygon></object><object><name>restoration</name><deleted>0</deleted><verified>0</verified><occluded>no</occluded><attributes /><parts><hasparts /><ispartof>1</ispartof></parts><date>08-12-21 19:53:46:944</date><id>18</id><polygon><username>anonymous</username><pt><x>705</x><y>812</y><time>08-12-21 19:53:37:728</time></pt><pt><x>733</x><y>832</y><time>08-12-21 19:53:38:181</time></pt><pt><x>744</x><y>851</y><time>08-12-21 19:53:38:470</time></pt><pt><x>755</x><y>871</y><time>08-12-21 19:53:38:725</time></pt><pt><x>760</x><y>877</y><time>08-12-21 19:53:38:959</time></pt><pt><x>771</x><y>882</y><time>08-12-21 19:53:39:213</time></pt><pt><x>790</x><y>869</y><time>08-12-21 19:53:39:557</time></pt><pt><x>805</x><y>871</y><time>08-12-21 19:53:39:902</time></pt><pt><x>810</x><y>871</y><time>08-12-21 19:53:40:181</time></pt><pt><x>823</x><y>864</y><time>08-12-21 19:53:40:422</time></pt><pt><x>825</x><y>836</y><time>08-12-21 19:53:40:741</time></pt><pt><x>825</x><y>805</y><time>08-12-21 19:53:41:070</time></pt><pt><x>825</x><y>788</y><time>08-12-21 19:53:41:318</time></pt><pt><x>823</x><y>771</y><time>08-12-21 19:53:41:582</time></pt><pt><x>805</x><y>757</y><time>08-12-21 19:53:41:782</time></pt><pt><x>790</x><y>751</y><time>08-12-21 19:53:42:006</time></pt><pt><x>788</x><y>749</y><time>08-12-21 19:53:42:246</time></pt><pt><x>777</x><y>747</y><time>08-12-21 19:53:42:494</time></pt><pt><x>747</x><y>751</y><time>08-12-21 19:53:42:797</time></pt><pt><x>733</x><y>762</y><time>08-12-21 19:53:43:070</time></pt><pt><x>714</x><y>775</y><time>08-12-21 19:53:43:318</time></pt><pt><x>707</x><y>788</y><time>08-12-21 19:53:43:542</time></pt><closed_date>08-12-21 19:53:43:773</closed_date></polygon></object><object><name>restoration</name><deleted>0</deleted><verified>0</verified><occluded>no</occluded><attributes /><parts><hasparts /><ispartof>1</ispartof></parts><date>08-12-21 19:53:59:553</date><id>19</id><polygon><username>anonymous</username><pt><x>871</x><y>736</y><time>08-12-21 19:53:48:424</time></pt><pt><x>884</x><y>762</y><time>08-12-21 19:53:48:933</time></pt><pt><x>888</x><y>795</y><time>08-12-21 19:53:49:270</time></pt><pt><x>884</x><y>812</y><time>08-12-21 19:53:49:550</time></pt><pt><x>880</x><y>827</y><time>08-12-21 19:53:49:767</time></pt><pt><x>875</x><y>840</y><time>08-12-21 19:53:50:022</time></pt><pt><x>875</x><y>849</y><time>08-12-21 19:53:50:286</time></pt><pt><x>877</x><y>858</y><time>08-12-21 19:53:50:542</time></pt><pt><x>897</x><y>858</y><time>08-12-21 19:53:50:838</time></pt><pt><x>901</x><y>858</y><time>08-12-21 19:53:51:078</time></pt><pt><x>912</x><y>858</y><time>08-12-21 19:53:51:254</time></pt><pt><x>919</x><y>877</y><time>08-12-21 19:53:51:501</time></pt><pt><x>919</x><y>906</y><time>08-12-21 19:53:51:847</time></pt><pt><x>917</x><y>919</y><time>08-12-21 19:53:52:110</time></pt><pt><x>912</x><y>936</y><time>08-12-21 19:53:52:334</time></pt><pt><x>912</x><y>952</y><time>08-12-21 19:53:52:742</time></pt><pt><x>910</x><y>967</y><time>08-12-21 19:53:53:015</time></pt><pt><x>921</x><y>941</y><time>08-12-21 19:53:53:598</time></pt><pt><x>936</x><y>910</y><time>08-12-21 19:53:53:934</time></pt><pt><x>947</x><y>891</y><time>08-12-21 19:53:54:254</time></pt><pt><x>960</x><y>858</y><time>08-12-21 19:53:54:550</time></pt><pt><x>969</x><y>834</y><time>08-12-21 19:53:54:854</time></pt><pt><x>969</x><y>788</y><time>08-12-21 19:53:55:254</time></pt><pt><x>960</x><y>757</y><time>08-12-21 19:53:55:710</time></pt><pt><x>941</x><y>738</y><time>08-12-21 19:53:56:078</time></pt><pt><x>910</x><y>733</y><time>08-12-21 19:53:56:398</time></pt><closed_date>08-12-21 19:53:56:686</closed_date></polygon></object><object><name>restoration</name><deleted>0</deleted><verified>0</verified><occluded>no</occluded><attributes /><parts><hasparts /><ispartof>2</ispartof></parts><date>08-12-21 19:54:17:928</date><id>20</id><polygon><username>anonymous</username><pt><x>1011</x><y>932</y><time>08-12-21 19:54:00:518</time></pt><pt><x>1013</x><y>893</y><time>08-12-21 19:54:01:013</time></pt><pt><x>1019</x><y>882</y><time>08-12-21 19:54:01:469</time></pt><pt><x>1024</x><y>882</y><time>08-12-21 19:54:01:933</time></pt><pt><x>1030</x><y>886</y><time>08-12-21 19:54:02:175</time></pt><pt><x>1037</x><y>886</y><time>08-12-21 19:54:02:469</time></pt><pt><x>1050</x><y>882</y><time>08-12-21 19:54:02:733</time></pt><pt><x>1061</x><y>869</y><time>08-12-21 19:54:02:989</time></pt><pt><x>1065</x><y>840</y><time>08-12-21 19:54:03:238</time></pt><pt><x>1065</x><y>821</y><time>08-12-21 19:54:03:494</time></pt><pt><x>1061</x><y>801</y><time>08-12-21 19:54:03:750</time></pt><pt><x>1080</x><y>790</y><time>08-12-21 19:54:10:262</time></pt><pt><x>1094</x><y>775</y><time>08-12-21 19:54:10:654</time></pt><pt><x>1091</x><y>757</y><time>08-12-21 19:54:10:974</time></pt><pt><x>1067</x><y>755</y><time>08-12-21 19:54:11:494</time></pt><pt><x>1028</x><y>762</y><time>08-12-21 19:54:11:854</time></pt><pt><x>1011</x><y>764</y><time>08-12-21 19:54:12:254</time></pt><pt><x>993</x><y>773</y><time>08-12-21 19:54:12:614</time></pt><pt><x>987</x><y>792</y><time>08-12-21 19:54:12:926</time></pt><pt><x>978</x><y>827</y><time>08-12-21 19:54:13:382</time></pt><pt><x>978</x><y>853</y><time>08-12-21 19:54:13:645</time></pt><pt><x>987</x><y>880</y><time>08-12-21 19:54:13:877</time></pt><pt><x>991</x><y>893</y><time>08-12-21 19:54:14:064</time></pt><pt><x>1000</x><y>908</y><time>08-12-21 19:54:14:286</time></pt><closed_date>08-12-21 19:54:14:503</closed_date></polygon></object><imagesize><nrows /><ncols /></imagesize></annotation>