<annotation><filename>imagem-120.jpg</filename><folder>segmentation_xray</folder><source><sourceImage>The MIT-CSAIL database of objects and scenes</sourceImage><sourceAnnotation>LabelMe Webtool</sourceAnnotation></source><object><name>tooth</name><deleted>0</deleted><verified>0</verified><occluded>no</occluded><attributes>17</attributes><parts><hasparts /><ispartof /></parts><date>18-01-22 14:35:18:805</date><id>0</id><type>bounding_box</type><polygon><username>anonymous</username><pt><x>382</x><y>444</y><time>18-01-22 14:35:07:475</time></pt><pt><x>88</x><y>444</y><time>18-01-22 14:35:12:526</time></pt><pt><x>88</x><y>2</y><time>undefined</time></pt><pt><x>382</x><y>2</y><time>undefined</time></pt><closed_date>18-01-22 14:35:12:527</closed_date></polygon></object><object><name>tooth</name><deleted>0</deleted><verified>0</verified><occluded>no</occluded><attributes>16</attributes><parts><hasparts /><ispartof /></parts><date>18-01-22 14:35:29:253</date><id>1</id><type>bounding_box</type><polygon><username>anonymous</username><pt><x>386</x><y>2</y><time>18-01-22 14:35:20:399</time></pt><pt><x>706</x><y>2</y><time>18-01-22 14:35:22:797</time></pt><pt><x>706</x><y>466</y><time>undefined</time></pt><pt><x>386</x><y>466</y><time>undefined</time></pt><closed_date>18-01-22 14:35:22:797</closed_date></polygon></object><object><name>tooth</name><deleted>0</deleted><verified>0</verified><occluded>no</occluded><attributes>15</attributes><parts><hasparts /><ispartof /></parts><date>18-01-22 14:35:44:771</date><id>2</id><type>bounding_box</type><polygon><username>anonymous</username><pt><x>898</x><y>504</y><time>18-01-22 14:35:32:795</time></pt><pt><x>690</x><y>504</y><time>18-01-22 14:35:37:029</time></pt><pt><x>690</x><y>5</y><time>undefined</time></pt><pt><x>898</x><y>5</y><time>undefined</time></pt><closed_date>18-01-22 14:35:37:029</closed_date></polygon></object><object><name>tooth</name><deleted>0</deleted><verified>0</verified><occluded>no</occluded><attributes>14</attributes><parts><hasparts /><ispartof /></parts><date>18-01-22 14:35:59:892</date><id>3</id><type>bounding_box</type><polygon><username>anonymous</username><pt><x>1124</x><y>499</y><time>18-01-22 14:35:49:425</time></pt><pt><x>887</x><y>499</y><time>18-01-22 14:35:53:432</time></pt><pt><x>887</x><y>8</y><time>undefined</time></pt><pt><x>1124</x><y>8</y><time>undefined</time></pt><closed_date>18-01-22 14:35:53:433</closed_date></polygon></object><object><name>tooth</name><deleted>0</deleted><verified>0</verified><occluded>no</occluded><attributes>13</attributes><parts><hasparts /><ispartof /></parts><date>18-01-22 14:36:09:335</date><id>4</id><type>bounding_box</type><polygon><username>anonymous</username><pt><x>1219</x><y>488</y><time>18-01-22 14:36:00:969</time></pt><pt><x>1102</x><y>488</y><time>18-01-22 14:36:02:968</time></pt><pt><x>1102</x><y>17</y><time>undefined</time></pt><pt><x>1219</x><y>17</y><time>undefined</time></pt><closed_date>18-01-22 14:36:02:968</closed_date></polygon></object><object><name>tooth</name><deleted>0</deleted><verified>0</verified><occluded>no</occluded><attributes>47</attributes><parts><hasparts /><ispartof /></parts><date>18-01-22 14:36:55:609</date><id>5</id><type>bounding_box</type><polygon><username>anonymous</username><pt><x>2</x><y>387</y><time>18-01-22 14:36:47:191</time></pt><pt><x>155</x><y>387</y><time>18-01-22 14:36:49:493</time></pt><pt><x>155</x><y>841</y><time>undefined</time></pt><pt><x>2</x><y>841</y><time>undefined</time></pt><closed_date>18-01-22 14:36:49:493</closed_date></polygon></object><object><name>tooth</name><deleted>0</deleted><verified>0</verified><occluded>no</occluded><attributes>46</attributes><parts><hasparts /><ispartof /></parts><date>18-01-22 14:37:09:491</date><id>6</id><type>bounding_box</type><polygon><username>anonymous</username><pt><x>462</x><y>945</y><time>18-01-22 14:36:59:854</time></pt><pt><x>40</x><y>945</y><time>18-01-22 14:37:05:221</time></pt><pt><x>40</x><y>446</y><time>undefined</time></pt><pt><x>462</x><y>446</y><time>undefined</time></pt><closed_date>18-01-22 14:37:05:222</closed_date></polygon></object><object><name>tooth</name><deleted>0</deleted><verified>0</verified><occluded>no</occluded><attributes>45</attributes><parts><hasparts /><ispartof /></parts><date>18-01-22 14:37:18:385</date><id>7</id><type>bounding_box</type><polygon><username>anonymous</username><pt><x>658</x><y>534</y><time>18-01-22 14:37:11:399</time></pt><pt><x>427</x><y>534</y><time>18-01-22 14:37:14:109</time></pt><pt><x>427</x><y>943</y><time>undefined</time></pt><pt><x>658</x><y>943</y><time>undefined</time></pt><closed_date>18-01-22 14:37:14:110</closed_date></polygon></object><imagesize><nrows /><ncols /></imagesize><object><name>tooth</name><deleted>0</deleted><verified>0</verified><occluded>no</occluded><attributes>44</attributes><parts><hasparts /><ispartof /></parts><date>04-04-22 22:13:44:224</date><id>8</id><type>bounding_box</type><polygon><username>admin</username><pt><x>663</x><y>563</y><time>04-04-22 22:13:37:699</time></pt><pt><x>883</x><y>563</y><time>04-04-22 22:13:40:408</time></pt><pt><x>883</x><y>942</y><time>undefined</time></pt><pt><x>663</x><y>942</y><time>undefined</time></pt><closed_date>04-04-22 22:13:40:409</closed_date></polygon></object><object><name>tooth</name><deleted>0</deleted><verified>0</verified><occluded>no</occluded><attributes>43</attributes><parts><hasparts /><ispartof /></parts><date>04-04-22 22:13:52:600</date><id>9</id><type>bounding_box</type><polygon><username>admin</username><pt><x>890</x><y>561</y><time>04-04-22 22:13:45:778</time></pt><pt><x>1082</x><y>561</y><time>04-04-22 22:13:48:137</time></pt><pt><x>1082</x><y>945</y><time>undefined</time></pt><pt><x>890</x><y>945</y><time>undefined</time></pt><closed_date>04-04-22 22:13:48:137</closed_date></polygon></object><object><name>tooth</name><deleted>0</deleted><verified>0</verified><occluded>no</occluded><attributes>42</attributes><parts><hasparts /><ispartof /></parts><date>04-04-22 22:14:01:545</date><id>10</id><type>bounding_box</type><polygon><username>admin</username><pt><x>1210</x><y>571</y><time>04-04-22 22:13:54:810</time></pt><pt><x>1040</x><y>571</y><time>04-04-22 22:13:58:073</time></pt><pt><x>1040</x><y>940</y><time>undefined</time></pt><pt><x>1210</x><y>940</y><time>undefined</time></pt><closed_date>04-04-22 22:13:58:074</closed_date></polygon></object></annotation>