<annotation><filename>imagem-008.jpg</filename><folder>segmentation_xray</folder><source><sourceImage>The MIT-CSAIL database of objects and scenes</sourceImage><sourceAnnotation>LabelMe Webtool</sourceAnnotation></source><object><name>tooth</name><deleted>0</deleted><verified>0</verified><occluded>no</occluded><attributes>27</attributes><parts><hasparts>13</hasparts><ispartof /></parts><date>10-01-22 15:26:25:248</date><id>0</id><type>bounding_box</type><polygon><username>anonymous</username><pt><x>1042</x><y>7</y><time>10-01-22 15:26:08:734</time></pt><pt><x>1215</x><y>7</y><time>10-01-22 15:26:11:406</time></pt><pt><x>1215</x><y>286</y><time>undefined</time></pt><pt><x>1042</x><y>286</y><time>undefined</time></pt><closed_date>10-01-22 15:26:11:407</closed_date></polygon></object><object><name>tooth</name><deleted>0</deleted><verified>0</verified><occluded>no</occluded><attributes>26</attributes><parts><hasparts>12</hasparts><ispartof /></parts><date>10-01-22 15:26:35:926</date><id>1</id><type>bounding_box</type><polygon><username>anonymous</username><pt><x>753</x><y>7</y><time>10-01-22 15:26:27:855</time></pt><pt><x>1082</x><y>7</y><time>10-01-22 15:26:30:376</time></pt><pt><x>1082</x><y>311</y><time>undefined</time></pt><pt><x>753</x><y>311</y><time>undefined</time></pt><closed_date>10-01-22 15:26:30:376</closed_date></polygon></object><object><name>tooth</name><deleted>0</deleted><verified>0</verified><occluded>no</occluded><attributes>25</attributes><parts><hasparts /><ispartof /></parts><date>10-01-22 15:26:47:753</date><id>2</id><type>bounding_box</type><polygon><username>anonymous</username><pt><x>546</x><y>5</y><time>10-01-22 15:26:37:985</time></pt><pt><x>760</x><y>5</y><time>10-01-22 15:26:40:962</time></pt><pt><x>760</x><y>297</y><time>undefined</time></pt><pt><x>546</x><y>297</y><time>undefined</time></pt><closed_date>10-01-22 15:26:40:962</closed_date></polygon></object><object><name>tooth</name><deleted>0</deleted><verified>0</verified><occluded>no</occluded><attributes>24</attributes><parts><hasparts /><ispartof /></parts><date>10-01-22 15:26:56:345</date><id>3</id><type>bounding_box</type><polygon><username>anonymous</username><pt><x>337</x><y>8</y><time>10-01-22 15:26:49:347</time></pt><pt><x>554</x><y>8</y><time>10-01-22 15:26:50:915</time></pt><pt><x>554</x><y>317</y><time>undefined</time></pt><pt><x>337</x><y>317</y><time>undefined</time></pt><closed_date>10-01-22 15:26:50:915</closed_date></polygon></object><object><name>tooth</name><deleted>0</deleted><verified>0</verified><occluded>no</occluded><attributes>23</attributes><parts><hasparts /><ispartof /></parts><date>10-01-22 15:27:06:260</date><id>4</id><type>bounding_box</type><polygon><username>anonymous</username><pt><x>124</x><y>1</y><time>10-01-22 15:26:57:861</time></pt><pt><x>339</x><y>1</y><time>10-01-22 15:26:59:951</time></pt><pt><x>339</x><y>311</y><time>undefined</time></pt><pt><x>124</x><y>311</y><time>undefined</time></pt><closed_date>10-01-22 15:26:59:951</closed_date></polygon></object><object><name>tooth</name><deleted>0</deleted><verified>0</verified><occluded>no</occluded><attributes>22</attributes><parts><hasparts /><ispartof /></parts><date>10-01-22 15:27:22:626</date><id>5</id><type>bounding_box</type><polygon><username>anonymous</username><pt><x>10</x><y>296</y><time>10-01-22 15:27:14:228</time></pt><pt><x>127</x><y>296</y><time>10-01-22 15:27:15:835</time></pt><pt><x>127</x><y>2</y><time>undefined</time></pt><pt><x>10</x><y>2</y><time>undefined</time></pt><closed_date>10-01-22 15:27:15:835</closed_date></polygon></object><object><name>tooth</name><deleted>0</deleted><verified>0</verified><occluded>no</occluded><attributes>37</attributes><parts><hasparts>14</hasparts><ispartof /></parts><date>10-01-22 15:27:54:255</date><id>6</id><type>bounding_box</type><polygon><username>anonymous</username><pt><x>1219</x><y>294</y><time>10-01-22 15:27:40:940</time></pt><pt><x>990</x><y>294</y><time>10-01-22 15:27:44:239</time></pt><pt><x>990</x><y>826</y><time>undefined</time></pt><pt><x>1219</x><y>826</y><time>undefined</time></pt><closed_date>10-01-22 15:27:44:239</closed_date></polygon></object><object><name>tooth</name><deleted>0</deleted><verified>0</verified><occluded>no</occluded><attributes>36</attributes><parts><hasparts /><ispartof /></parts><date>10-01-22 15:28:13:053</date><id>7</id><type>bounding_box</type><polygon><username>anonymous</username><pt><x>656</x><y>352</y><time>10-01-22 15:27:57:341</time></pt><pt><x>1099</x><y>352</y><time>10-01-22 15:28:00:408</time></pt><pt><x>1099</x><y>947</y><time>undefined</time></pt><pt><x>656</x><y>947</y><time>undefined</time></pt><closed_date>10-01-22 15:28:00:409</closed_date></polygon></object><object><name>tooth</name><deleted>0</deleted><verified>0</verified><occluded>no</occluded><attributes>35</attributes><parts><hasparts /><ispartof /></parts><date>10-01-22 15:28:36:349</date><id>8</id><type>bounding_box</type><polygon><username>anonymous</username><pt><x>451</x><y>341</y><time>10-01-22 15:28:26:605</time></pt><pt><x>700</x><y>341</y><time>10-01-22 15:28:28:609</time></pt><pt><x>700</x><y>947</y><time>undefined</time></pt><pt><x>451</x><y>947</y><time>undefined</time></pt><closed_date>10-01-22 15:28:28:610</closed_date></polygon></object><object><name>tooth</name><deleted>0</deleted><verified>0</verified><occluded>no</occluded><attributes>34</attributes><parts><hasparts /><ispartof /></parts><date>10-01-22 15:28:50:304</date><id>9</id><type>bounding_box</type><polygon><username>anonymous</username><pt><x>232</x><y>344</y><time>10-01-22 15:28:43:477</time></pt><pt><x>471</x><y>344</y><time>10-01-22 15:28:45:585</time></pt><pt><x>471</x><y>948</y><time>undefined</time></pt><pt><x>232</x><y>948</y><time>undefined</time></pt><closed_date>10-01-22 15:28:45:585</closed_date></polygon></object><object><name>tooth</name><deleted>0</deleted><verified>0</verified><occluded>no</occluded><attributes>33</attributes><parts><hasparts /><ispartof /></parts><date>10-01-22 15:28:59:201</date><id>10</id><type>bounding_box</type><polygon><username>anonymous</username><pt><x>32</x><y>381</y><time>10-01-22 15:28:52:102</time></pt><pt><x>344</x><y>381</y><time>10-01-22 15:28:53:974</time></pt><pt><x>344</x><y>947</y><time>undefined</time></pt><pt><x>32</x><y>947</y><time>undefined</time></pt><closed_date>10-01-22 15:28:53:975</closed_date></polygon></object><object><name>tooth</name><deleted>0</deleted><verified>0</verified><occluded>no</occluded><attributes>32</attributes><parts><hasparts /><ispartof /></parts><date>10-01-22 15:29:08:527</date><id>11</id><type>bounding_box</type><polygon><username>anonymous</username><pt><x>3</x><y>406</y><time>10-01-22 15:29:00:494</time></pt><pt><x>107</x><y>406</y><time>10-01-22 15:29:02:780</time></pt><pt><x>107</x><y>928</y><time>undefined</time></pt><pt><x>3</x><y>928</y><time>undefined</time></pt><closed_date>10-01-22 15:29:02:780</closed_date></polygon></object><object><name>restoration</name><deleted>0</deleted><verified>0</verified><occluded>no</occluded><attributes /><parts><hasparts /><ispartof>1</ispartof></parts><date>10-01-22 15:29:30:859</date><id>12</id><polygon><username>anonymous</username><pt><x>798</x><y>199</y><time>10-01-22 15:29:12:162</time></pt><pt><x>813</x><y>182</y><time>10-01-22 15:29:12:663</time></pt><pt><x>838</x><y>194</y><time>10-01-22 15:29:13:232</time></pt><pt><x>878</x><y>177</y><time>10-01-22 15:29:14:123</time></pt><pt><x>908</x><y>165</y><time>10-01-22 15:29:14:854</time></pt><pt><x>940</x><y>164</y><time>10-01-22 15:29:15:405</time></pt><pt><x>967</x><y>177</y><time>10-01-22 15:29:15:921</time></pt><pt><x>982</x><y>184</y><time>10-01-22 15:29:16:340</time></pt><pt><x>1008</x><y>175</y><time>10-01-22 15:29:16:903</time></pt><pt><x>1038</x><y>207</y><time>10-01-22 15:29:21:785</time></pt><pt><x>1065</x><y>225</y><time>10-01-22 15:29:22:249</time></pt><pt><x>1062</x><y>242</y><time>10-01-22 15:29:22:652</time></pt><pt><x>1025</x><y>229</y><time>10-01-22 15:29:23:142</time></pt><pt><x>995</x><y>245</y><time>10-01-22 15:29:23:785</time></pt><pt><x>942</x><y>229</y><time>10-01-22 15:29:24:622</time></pt><pt><x>918</x><y>214</y><time>10-01-22 15:29:25:053</time></pt><pt><x>903</x><y>242</y><time>10-01-22 15:29:25:521</time></pt><pt><x>890</x><y>255</y><time>10-01-22 15:29:25:848</time></pt><pt><x>858</x><y>260</y><time>10-01-22 15:29:26:155</time></pt><pt><x>826</x><y>254</y><time>10-01-22 15:29:26:508</time></pt><pt><x>791</x><y>247</y><time>10-01-22 15:29:27:005</time></pt><pt><x>765</x><y>242</y><time>10-01-22 15:29:27:309</time></pt><pt><x>776</x><y>217</y><time>10-01-22 15:29:27:636</time></pt><closed_date>10-01-22 15:29:27:908</closed_date></polygon></object><object><name>restoration</name><deleted>0</deleted><verified>0</verified><occluded>no</occluded><attributes /><parts><hasparts /><ispartof>0</ispartof></parts><date>10-01-22 15:29:42:030</date><id>13</id><polygon><username>anonymous</username><pt><x>1104</x><y>180</y><time>10-01-22 15:29:32:483</time></pt><pt><x>1132</x><y>152</y><time>10-01-22 15:29:33:321</time></pt><pt><x>1149</x><y>144</y><time>10-01-22 15:29:33:724</time></pt><pt><x>1159</x><y>140</y><time>10-01-22 15:29:33:974</time></pt><pt><x>1182</x><y>137</y><time>10-01-22 15:29:34:342</time></pt><pt><x>1199</x><y>135</y><time>10-01-22 15:29:34:652</time></pt><pt><x>1212</x><y>140</y><time>10-01-22 15:29:35:008</time></pt><pt><x>1212</x><y>182</y><time>10-01-22 15:29:35:488</time></pt><pt><x>1207</x><y>229</y><time>10-01-22 15:29:36:409</time></pt><pt><x>1177</x><y>227</y><time>10-01-22 15:29:36:874</time></pt><pt><x>1162</x><y>220</y><time>10-01-22 15:29:37:191</time></pt><pt><x>1139</x><y>215</y><time>10-01-22 15:29:37:521</time></pt><pt><x>1120</x><y>212</y><time>10-01-22 15:29:37:831</time></pt><pt><x>1107</x><y>215</y><time>10-01-22 15:29:38:075</time></pt><pt><x>1092</x><y>210</y><time>10-01-22 15:29:38:341</time></pt><pt><x>1092</x><y>192</y><time>10-01-22 15:29:38:589</time></pt><closed_date>10-01-22 15:29:39:104</closed_date></polygon></object><object><name>restoration</name><deleted>0</deleted><verified>0</verified><occluded>no</occluded><attributes /><parts><hasparts /><ispartof>6</ispartof></parts><date>10-01-22 15:29:58:952</date><id>14</id><polygon><username>anonymous</username><pt><x>1045</x><y>447</y><time>10-01-22 15:29:44:461</time></pt><pt><x>1060</x><y>456</y><time>10-01-22 15:29:44:922</time></pt><pt><x>1080</x><y>444</y><time>10-01-22 15:29:45:360</time></pt><pt><x>1107</x><y>442</y><time>10-01-22 15:29:45:805</time></pt><pt><x>1132</x><y>444</y><time>10-01-22 15:29:46:148</time></pt><pt><x>1175</x><y>432</y><time>10-01-22 15:29:46:753</time></pt><pt><x>1204</x><y>422</y><time>10-01-22 15:29:47:157</time></pt><pt><x>1219</x><y>406</y><time>10-01-22 15:29:47:555</time></pt><pt><x>1217</x><y>341</y><time>10-01-22 15:29:48:739</time></pt><pt><x>1209</x><y>331</y><time>10-01-22 15:29:51:699</time></pt><pt><x>1190</x><y>322</y><time>10-01-22 15:29:52:156</time></pt><pt><x>1165</x><y>339</y><time>10-01-22 15:29:52:607</time></pt><pt><x>1140</x><y>364</y><time>10-01-22 15:29:52:974</time></pt><pt><x>1120</x><y>374</y><time>10-01-22 15:29:53:341</time></pt><pt><x>1100</x><y>377</y><time>10-01-22 15:29:53:642</time></pt><pt><x>1069</x><y>372</y><time>10-01-22 15:29:54:153</time></pt><pt><x>1049</x><y>411</y><time>10-01-22 15:29:54:640</time></pt><pt><x>1033</x><y>437</y><time>10-01-22 15:29:55:074</time></pt><closed_date>10-01-22 15:29:55:401</closed_date></polygon></object><imagesize><nrows /><ncols /></imagesize></annotation>