<annotation><filename>imagem-132.jpg</filename><folder>segmentation_xray</folder><source><sourceImage>The MIT-CSAIL database of objects and scenes</sourceImage><sourceAnnotation>LabelMe Webtool</sourceAnnotation></source><object><name>tooth</name><deleted>0</deleted><verified>0</verified><occluded>no</occluded><attributes>17</attributes><parts><hasparts /><ispartof /></parts><date>15-12-21 14:36:21:187</date><id>0</id><type>bounding_box</type><polygon><username>anonymous</username><pt><x>4</x><y>2</y><time>15-12-21 14:36:10:269</time></pt><pt><x>473</x><y>2</y><time>15-12-21 14:36:15:066</time></pt><pt><x>473</x><y>517</y><time>undefined</time></pt><pt><x>4</x><y>517</y><time>undefined</time></pt><closed_date>15-12-21 14:36:15:067</closed_date></polygon></object><object><name>tooth</name><deleted>0</deleted><verified>0</verified><occluded>no</occluded><attributes>16</attributes><parts><hasparts>10</hasparts><ispartof /></parts><date>15-12-21 14:36:33:708</date><id>1</id><type>bounding_box</type><polygon><username>anonymous</username><pt><x>395</x><y>601</y><time>15-12-21 14:36:24:504</time></pt><pt><x>877</x><y>601</y><time>15-12-21 14:36:26:752</time></pt><pt><x>877</x><y>11</y><time>undefined</time></pt><pt><x>395</x><y>11</y><time>undefined</time></pt><closed_date>15-12-21 14:36:26:752</closed_date></polygon></object><object><name>tooth</name><deleted>0</deleted><verified>0</verified><occluded>no</occluded><attributes>15</attributes><parts><hasparts /><ispartof /></parts><date>15-12-21 18:00:43:756</date><id>2</id><type>bounding_box</type><polygon><username>anonymous</username><pt><x>870</x><y>643</y><time>15-12-21 18:00:36:875</time></pt><pt><x>1184</x><y>643</y><time>15-12-21 18:00:40:217</time></pt><pt><x>1184</x><y>9</y><time>undefined</time></pt><pt><x>870</x><y>9</y><time>undefined</time></pt><closed_date>15-12-21 18:00:40:218</closed_date></polygon></object><object><name>tooth</name><deleted>0</deleted><verified>0</verified><occluded>no</occluded><attributes>14</attributes><parts><hasparts /><ispartof /></parts><date>15-12-21 18:00:54:115</date><id>3</id><type>bounding_box</type><polygon><username>anonymous</username><pt><x>1193</x><y>731</y><time>15-12-21 18:00:45:907</time></pt><pt><x>1511</x><y>731</y><time>15-12-21 18:00:50:353</time></pt><pt><x>1511</x><y>7</y><time>undefined</time></pt><pt><x>1193</x><y>7</y><time>undefined</time></pt><closed_date>15-12-21 18:00:50:354</closed_date></polygon></object><object><name>tooth</name><deleted>0</deleted><verified>0</verified><occluded>no</occluded><attributes>13</attributes><parts><hasparts /><ispartof /></parts><date>15-12-21 18:01:03:764</date><id>4</id><type>bounding_box</type><polygon><username>anonymous</username><pt><x>1602</x><y>725</y><time>15-12-21 18:00:56:082</time></pt><pt><x>1390</x><y>725</y><time>15-12-21 18:00:57:817</time></pt><pt><x>1390</x><y>2</y><time>undefined</time></pt><pt><x>1602</x><y>2</y><time>undefined</time></pt><closed_date>15-12-21 18:00:57:817</closed_date></polygon></object><object><name>tooth</name><deleted>0</deleted><verified>0</verified><occluded>no</occluded><attributes>47</attributes><parts><hasparts /><ispartof /></parts><date>15-12-21 18:01:32:983</date><id>5</id><type>bounding_box</type><polygon><username>anonymous</username><pt><x>376</x><y>1173</y><time>15-12-21 18:01:18:010</time></pt><pt><x>0</x><y>1173</y><time>15-12-21 18:01:20:185</time></pt><pt><x>0</x><y>521</y><time>undefined</time></pt><pt><x>376</x><y>521</y><time>undefined</time></pt><closed_date>15-12-21 18:01:20:186</closed_date></polygon></object><object><name>tooth</name><deleted>0</deleted><verified>0</verified><occluded>no</occluded><attributes>46</attributes><parts><hasparts>11</hasparts><ispartof /></parts><date>15-12-21 18:01:47:225</date><id>6</id><type>bounding_box</type><polygon><username>anonymous</username><pt><x>870</x><y>663</y><time>15-12-21 18:01:37:679</time></pt><pt><x>232</x><y>663</y><time>15-12-21 18:01:41:632</time></pt><pt><x>232</x><y>1233</y><time>undefined</time></pt><pt><x>870</x><y>1233</y><time>undefined</time></pt><closed_date>15-12-21 18:01:41:632</closed_date></polygon></object><object><name>tooth</name><deleted>0</deleted><verified>0</verified><occluded>no</occluded><attributes>45</attributes><parts><hasparts>12</hasparts><ispartof /></parts><date>15-12-21 18:01:58:082</date><id>7</id><type>bounding_box</type><polygon><username>anonymous</username><pt><x>1211</x><y>756</y><time>15-12-21 18:01:51:525</time></pt><pt><x>859</x><y>756</y><time>15-12-21 18:01:53:976</time></pt><pt><x>859</x><y>1237</y><time>undefined</time></pt><pt><x>1211</x><y>1237</y><time>undefined</time></pt><closed_date>15-12-21 18:01:53:976</closed_date></polygon></object><object><name>tooth</name><deleted>0</deleted><verified>0</verified><occluded>no</occluded><attributes>44</attributes><parts><hasparts /><ispartof /></parts><date>15-12-21 18:02:10:506</date><id>8</id><type>bounding_box</type><polygon><username>anonymous</username><pt><x>1529</x><y>824</y><time>15-12-21 18:02:04:328</time></pt><pt><x>1186</x><y>824</y><time>15-12-21 18:02:06:552</time></pt><pt><x>1186</x><y>1248</y><time>undefined</time></pt><pt><x>1529</x><y>1248</y><time>undefined</time></pt><closed_date>15-12-21 18:02:06:552</closed_date></polygon></object><object><name>tooth</name><deleted>0</deleted><verified>0</verified><occluded>no</occluded><attributes>43</attributes><parts><hasparts /><ispartof /></parts><date>15-12-21 18:02:16:722</date><id>9</id><type>bounding_box</type><polygon><username>anonymous</username><pt><x>1604</x><y>851</y><time>15-12-21 18:02:11:593</time></pt><pt><x>1456</x><y>851</y><time>15-12-21 18:02:12:815</time></pt><pt><x>1456</x><y>1217</y><time>undefined</time></pt><pt><x>1604</x><y>1217</y><time>undefined</time></pt><closed_date>15-12-21 18:02:12:816</closed_date></polygon></object><object><name>restoration</name><deleted>0</deleted><verified>0</verified><occluded>no</occluded><attributes /><parts><hasparts /><ispartof>1</ispartof></parts><date>15-12-21 18:03:02:029</date><id>10</id><polygon><username>anonymous</username><pt><x>488</x><y>495</y><time>15-12-21 18:02:51:075</time></pt><pt><x>501</x><y>471</y><time>15-12-21 18:02:51:674</time></pt><pt><x>515</x><y>448</y><time>15-12-21 18:02:52:074</time></pt><pt><x>530</x><y>435</y><time>15-12-21 18:02:52:451</time></pt><pt><x>559</x><y>440</y><time>15-12-21 18:02:52:787</time></pt><pt><x>568</x><y>451</y><time>15-12-21 18:02:53:027</time></pt><pt><x>579</x><y>462</y><time>15-12-21 18:02:53:243</time></pt><pt><x>583</x><y>466</y><time>15-12-21 18:02:53:451</time></pt><pt><x>603</x><y>451</y><time>15-12-21 18:02:53:754</time></pt><pt><x>614</x><y>440</y><time>15-12-21 18:02:54:082</time></pt><pt><x>632</x><y>431</y><time>15-12-21 18:02:54:356</time></pt><pt><x>661</x><y>424</y><time>15-12-21 18:02:54:635</time></pt><pt><x>698</x><y>435</y><time>15-12-21 18:02:54:915</time></pt><pt><x>711</x><y>462</y><time>15-12-21 18:02:55:147</time></pt><pt><x>729</x><y>479</y><time>15-12-21 18:02:55:347</time></pt><pt><x>742</x><y>490</y><time>15-12-21 18:02:55:554</time></pt><pt><x>760</x><y>497</y><time>15-12-21 18:02:55:755</time></pt><pt><x>780</x><y>499</y><time>15-12-21 18:02:55:947</time></pt><pt><x>804</x><y>510</y><time>15-12-21 18:02:56:275</time></pt><pt><x>817</x><y>526</y><time>15-12-21 18:02:56:539</time></pt><pt><x>817</x><y>543</y><time>15-12-21 18:02:56:811</time></pt><pt><x>782</x><y>557</y><time>15-12-21 18:02:57:090</time></pt><pt><x>703</x><y>541</y><time>15-12-21 18:02:57:523</time></pt><pt><x>658</x><y>532</y><time>15-12-21 18:02:57:851</time></pt><pt><x>592</x><y>526</y><time>15-12-21 18:02:58:115</time></pt><pt><x>539</x><y>526</y><time>15-12-21 18:02:58:347</time></pt><pt><x>497</x><y>526</y><time>15-12-21 18:02:58:586</time></pt><pt><x>493</x><y>513</y><time>15-12-21 18:02:58:819</time></pt><closed_date>15-12-21 18:02:59:203</closed_date></polygon></object><object><name>restoration</name><deleted>0</deleted><verified>0</verified><occluded>no</occluded><attributes /><parts><hasparts /><ispartof>6</ispartof></parts><date>15-12-21 18:03:19:054</date><id>11</id><polygon><username>anonymous</username><pt><x>493</x><y>733</y><time>15-12-21 18:03:10:092</time></pt><pt><x>499</x><y>793</y><time>15-12-21 18:03:10:963</time></pt><pt><x>521</x><y>809</y><time>15-12-21 18:03:11:370</time></pt><pt><x>546</x><y>817</y><time>15-12-21 18:03:11:650</time></pt><pt><x>552</x><y>817</y><time>15-12-21 18:03:11:914</time></pt><pt><x>561</x><y>815</y><time>15-12-21 18:03:12:138</time></pt><pt><x>585</x><y>831</y><time>15-12-21 18:03:12:403</time></pt><pt><x>614</x><y>846</y><time>15-12-21 18:03:12:771</time></pt><pt><x>649</x><y>851</y><time>15-12-21 18:03:13:107</time></pt><pt><x>669</x><y>853</y><time>15-12-21 18:03:13:419</time></pt><pt><x>685</x><y>846</y><time>15-12-21 18:03:13:651</time></pt><pt><x>729</x><y>839</y><time>15-12-21 18:03:14:059</time></pt><pt><x>756</x><y>817</y><time>15-12-21 18:03:14:339</time></pt><pt><x>773</x><y>793</y><time>15-12-21 18:03:14:603</time></pt><pt><x>778</x><y>767</y><time>15-12-21 18:03:14:819</time></pt><pt><x>762</x><y>738</y><time>15-12-21 18:03:15:091</time></pt><pt><x>709</x><y>738</y><time>15-12-21 18:03:15:523</time></pt><pt><x>630</x><y>725</y><time>15-12-21 18:03:15:787</time></pt><pt><x>612</x><y>727</y><time>15-12-21 18:03:16:099</time></pt><pt><x>577</x><y>714</y><time>15-12-21 18:03:16:531</time></pt><pt><x>535</x><y>707</y><time>15-12-21 18:03:16:811</time></pt><pt><x>508</x><y>709</y><time>15-12-21 18:03:17:019</time></pt><closed_date>15-12-21 18:03:17:211</closed_date></polygon></object><object><name>restoration</name><deleted>0</deleted><verified>0</verified><occluded>no</occluded><attributes /><parts><hasparts /><ispartof>7</ispartof></parts><date>15-12-21 18:03:25:391</date><id>12</id><polygon><username>anonymous</username><pt><x>985</x><y>833</y><time>15-12-21 18:03:20:172</time></pt><pt><x>1007</x><y>862</y><time>15-12-21 18:03:20:587</time></pt><pt><x>1016</x><y>875</y><time>15-12-21 18:03:20:867</time></pt><pt><x>1034</x><y>868</y><time>15-12-21 18:03:21:140</time></pt><pt><x>1054</x><y>855</y><time>15-12-21 18:03:21:371</time></pt><pt><x>1082</x><y>855</y><time>15-12-21 18:03:21:588</time></pt><pt><x>1118</x><y>864</y><time>15-12-21 18:03:21:804</time></pt><pt><x>1147</x><y>862</y><time>15-12-21 18:03:22:075</time></pt><pt><x>1151</x><y>842</y><time>15-12-21 18:03:22:507</time></pt><pt><x>1109</x><y>839</y><time>15-12-21 18:03:22:820</time></pt><pt><x>1063</x><y>833</y><time>15-12-21 18:03:23:067</time></pt><pt><x>1021</x><y>831</y><time>15-12-21 18:03:23:315</time></pt><closed_date>15-12-21 18:03:23:555</closed_date></polygon></object><imagesize><nrows /><ncols /></imagesize></annotation>