<annotation><filename>imagem-013.jpg</filename><folder>segmentation_xray</folder><source><sourceImage>The MIT-CSAIL database of objects and scenes</sourceImage><sourceAnnotation>LabelMe Webtool</sourceAnnotation></source><object><name>tooth</name><deleted>0</deleted><verified>0</verified><occluded>no</occluded><attributes>18</attributes><parts><hasparts /><ispartof /></parts><date>13-01-22 11:20:35:243</date><id>0</id><type>bounding_box</type><polygon><username>anonymous</username><pt><x>0</x><y>434</y><time>13-01-22 11:20:30:774</time></pt><pt><x>204</x><y>434</y><time>13-01-22 11:20:32:714</time></pt><pt><x>204</x><y>5</y><time>undefined</time></pt><pt><x>0</x><y>5</y><time>undefined</time></pt><closed_date>13-01-22 11:20:32:714</closed_date></polygon></object><object><name>tooth</name><deleted>0</deleted><verified>0</verified><occluded>no</occluded><attributes>17</attributes><parts><hasparts /><ispartof /></parts><date>13-01-22 11:20:58:023</date><id>1</id><type>bounding_box</type><polygon><username>anonymous</username><pt><x>402</x><y>518</y><time>13-01-22 11:20:44:994</time></pt><pt><x>109</x><y>518</y><time>13-01-22 11:20:48:961</time></pt><pt><x>109</x><y>3</y><time>undefined</time></pt><pt><x>402</x><y>3</y><time>undefined</time></pt><closed_date>13-01-22 11:20:48:961</closed_date></polygon></object><object><name>tooth</name><deleted>0</deleted><verified>0</verified><occluded>no</occluded><attributes>16</attributes><parts><hasparts>11</hasparts><ispartof /></parts><date>13-01-22 11:21:20:121</date><id>2</id><type>bounding_box</type><polygon><username>anonymous</username><pt><x>718</x><y>521</y><time>13-01-22 11:21:09:913</time></pt><pt><x>386</x><y>521</y><time>13-01-22 11:21:12:263</time></pt><pt><x>386</x><y>5</y><time>undefined</time></pt><pt><x>718</x><y>5</y><time>undefined</time></pt><closed_date>13-01-22 11:21:12:263</closed_date></polygon></object><object><name>tooth</name><deleted>0</deleted><verified>0</verified><occluded>no</occluded><attributes>15</attributes><parts><hasparts>12</hasparts><ispartof /></parts><date>13-01-22 11:21:28:885</date><id>3</id><type>bounding_box</type><polygon><username>anonymous</username><pt><x>935</x><y>529</y><time>13-01-22 11:21:22:573</time></pt><pt><x>703</x><y>529</y><time>13-01-22 11:21:24:220</time></pt><pt><x>703</x><y>3</y><time>undefined</time></pt><pt><x>935</x><y>3</y><time>undefined</time></pt><closed_date>13-01-22 11:21:24:220</closed_date></polygon></object><object><name>tooth</name><deleted>0</deleted><verified>0</verified><occluded>no</occluded><attributes>14</attributes><parts><hasparts /><ispartof /></parts><date>13-01-22 11:21:39:499</date><id>4</id><type>bounding_box</type><polygon><username>anonymous</username><pt><x>1157</x><y>531</y><time>13-01-22 11:21:31:687</time></pt><pt><x>927</x><y>531</y><time>13-01-22 11:21:35:261</time></pt><pt><x>927</x><y>7</y><time>undefined</time></pt><pt><x>1157</x><y>7</y><time>undefined</time></pt><closed_date>13-01-22 11:21:35:261</closed_date></polygon></object><object><name>tooth</name><deleted>0</deleted><verified>0</verified><occluded>no</occluded><attributes>13</attributes><parts><hasparts /><ispartof /></parts><date>13-01-22 11:21:47:986</date><id>5</id><type>bounding_box</type><polygon><username>anonymous</username><pt><x>1214</x><y>516</y><time>13-01-22 11:21:41:428</time></pt><pt><x>1094</x><y>516</y><time>13-01-22 11:21:43:073</time></pt><pt><x>1094</x><y>18</y><time>undefined</time></pt><pt><x>1214</x><y>18</y><time>undefined</time></pt><closed_date>13-01-22 11:21:43:073</closed_date></polygon></object><object><name>tooth</name><deleted>0</deleted><verified>0</verified><occluded>no</occluded><attributes>44</attributes><parts><hasparts /><ispartof /></parts><date>13-01-22 11:21:57:130</date><id>6</id><type>bounding_box</type><polygon><username>anonymous</username><pt><x>1217</x><y>621</y><time>13-01-22 11:21:49:422</time></pt><pt><x>1107</x><y>621</y><time>13-01-22 11:21:51:746</time></pt><pt><x>1107</x><y>912</y><time>undefined</time></pt><pt><x>1217</x><y>912</y><time>undefined</time></pt><closed_date>13-01-22 11:21:51:746</closed_date></polygon></object><object><name>tooth</name><deleted>0</deleted><verified>0</verified><occluded>no</occluded><attributes>45</attributes><parts><hasparts>13</hasparts><ispartof /></parts><date>13-01-22 11:22:13:664</date><id>7</id><type>bounding_box</type><polygon><username>anonymous</username><pt><x>1100</x><y>621</y><time>13-01-22 11:22:05:748</time></pt><pt><x>880</x><y>621</y><time>13-01-22 11:22:09:896</time></pt><pt><x>880</x><y>947</y><time>undefined</time></pt><pt><x>1100</x><y>947</y><time>undefined</time></pt><closed_date>13-01-22 11:22:09:896</closed_date></polygon></object><object><name>tooth</name><deleted>0</deleted><verified>0</verified><occluded>no</occluded><attributes>46</attributes><parts><hasparts>14</hasparts><ispartof /></parts><date>13-01-22 11:22:26:762</date><id>8</id><type>bounding_box</type><polygon><username>anonymous</username><pt><x>882</x><y>606</y><time>13-01-22 11:22:17:889</time></pt><pt><x>524</x><y>606</y><time>13-01-22 11:22:22:453</time></pt><pt><x>524</x><y>947</y><time>undefined</time></pt><pt><x>882</x><y>947</y><time>undefined</time></pt><closed_date>13-01-22 11:22:22:453</closed_date></polygon></object><object><name>tooth</name><deleted>0</deleted><verified>0</verified><occluded>no</occluded><attributes>47</attributes><parts><hasparts>15,16</hasparts><ispartof /></parts><date>13-01-22 11:22:37:015</date><id>9</id><type>bounding_box</type><polygon><username>anonymous</username><pt><x>134</x><y>945</y><time>13-01-22 11:22:30:648</time></pt><pt><x>573</x><y>945</y><time>13-01-22 11:22:32:792</time></pt><pt><x>573</x><y>583</y><time>undefined</time></pt><pt><x>134</x><y>583</y><time>undefined</time></pt><closed_date>13-01-22 11:22:32:792</closed_date></polygon></object><object><name>tooth</name><deleted>0</deleted><verified>0</verified><occluded>no</occluded><attributes>48</attributes><parts><hasparts /><ispartof /></parts><date>13-01-22 11:22:45:191</date><id>10</id><type>bounding_box</type><polygon><username>anonymous</username><pt><x>3</x><y>518</y><time>13-01-22 11:22:38:432</time></pt><pt><x>270</x><y>518</y><time>13-01-22 11:22:40:924</time></pt><pt><x>270</x><y>920</y><time>undefined</time></pt><pt><x>3</x><y>920</y><time>undefined</time></pt><closed_date>13-01-22 11:22:40:924</closed_date></polygon></object><object><name>restoration</name><deleted>0</deleted><verified>0</verified><occluded>no</occluded><attributes /><parts><hasparts /><ispartof>2</ispartof></parts><date>13-01-22 11:24:08:606</date><id>11</id><polygon><username>anonymous</username><pt><x>606</x><y>437</y><time>13-01-22 11:23:11:862</time></pt><pt><x>643</x><y>437</y><time>13-01-22 11:23:12:515</time></pt><pt><x>649</x><y>429</y><time>13-01-22 11:23:12:984</time></pt><pt><x>649</x><y>417</y><time>13-01-22 11:23:13:331</time></pt><pt><x>653</x><y>402</y><time>13-01-22 11:23:13:690</time></pt><pt><x>658</x><y>387</y><time>13-01-22 11:23:13:983</time></pt><pt><x>670</x><y>374</y><time>13-01-22 11:23:14:295</time></pt><pt><x>685</x><y>367</y><time>13-01-22 11:23:14:554</time></pt><pt><x>701</x><y>367</y><time>13-01-22 11:23:14:806</time></pt><pt><x>715</x><y>367</y><time>13-01-22 11:23:15:055</time></pt><pt><x>716</x><y>412</y><time>13-01-22 11:23:56:642</time></pt><pt><x>716</x><y>451</y><time>13-01-22 11:23:57:200</time></pt><pt><x>718</x><y>481</y><time>13-01-22 11:24:02:202</time></pt><pt><x>701</x><y>478</y><time>13-01-22 11:24:02:704</time></pt><pt><x>690</x><y>478</y><time>13-01-22 11:24:02:997</time></pt><pt><x>670</x><y>479</y><time>13-01-22 11:24:03:269</time></pt><pt><x>639</x><y>479</y><time>13-01-22 11:24:03:542</time></pt><pt><x>623</x><y>479</y><time>13-01-22 11:24:03:794</time></pt><pt><x>611</x><y>476</y><time>13-01-22 11:24:04:030</time></pt><pt><x>603</x><y>467</y><time>13-01-22 11:24:04:288</time></pt><pt><x>593</x><y>454</y><time>13-01-22 11:24:04:526</time></pt><pt><x>591</x><y>442</y><time>13-01-22 11:24:04:722</time></pt><closed_date>13-01-22 11:24:05:450</closed_date></polygon></object><object><name>restoration</name><deleted>0</deleted><verified>0</verified><occluded>no</occluded><attributes /><parts><hasparts /><ispartof>3</ispartof></parts><date>13-01-22 11:24:24:416</date><id>12</id><polygon><username>anonymous</username><pt><x>731</x><y>381</y><time>13-01-22 11:24:13:300</time></pt><pt><x>750</x><y>391</y><time>13-01-22 11:24:13:960</time></pt><pt><x>756</x><y>402</y><time>13-01-22 11:24:14:413</time></pt><pt><x>765</x><y>406</y><time>13-01-22 11:24:14:814</time></pt><pt><x>771</x><y>412</y><time>13-01-22 11:24:15:170</time></pt><pt><x>773</x><y>419</y><time>13-01-22 11:24:15:498</time></pt><pt><x>771</x><y>436</y><time>13-01-22 11:24:15:847</time></pt><pt><x>785</x><y>452</y><time>13-01-22 11:24:16:600</time></pt><pt><x>801</x><y>461</y><time>13-01-22 11:24:17:048</time></pt><pt><x>845</x><y>464</y><time>13-01-22 11:24:17:688</time></pt><pt><x>860</x><y>472</y><time>13-01-22 11:24:18:126</time></pt><pt><x>848</x><y>486</y><time>13-01-22 11:24:18:596</time></pt><pt><x>830</x><y>488</y><time>13-01-22 11:24:18:976</time></pt><pt><x>811</x><y>484</y><time>13-01-22 11:24:19:334</time></pt><pt><x>790</x><y>478</y><time>13-01-22 11:24:19:613</time></pt><pt><x>761</x><y>476</y><time>13-01-22 11:24:20:012</time></pt><pt><x>736</x><y>479</y><time>13-01-22 11:24:20:418</time></pt><pt><x>718</x><y>479</y><time>13-01-22 11:24:20:752</time></pt><pt><x>713</x><y>452</y><time>13-01-22 11:24:21:094</time></pt><pt><x>721</x><y>407</y><time>13-01-22 11:24:21:472</time></pt><closed_date>13-01-22 11:24:21:857</closed_date></polygon></object><object><name>restoration</name><deleted>0</deleted><verified>0</verified><occluded>no</occluded><attributes /><parts><hasparts /><ispartof>7</ispartof></parts><date>13-01-22 11:24:38:055</date><id>13</id><polygon><username>anonymous</username><pt><x>1060</x><y>676</y><time>13-01-22 11:24:26:449</time></pt><pt><x>1028</x><y>705</y><time>13-01-22 11:24:27:033</time></pt><pt><x>1003</x><y>700</y><time>13-01-22 11:24:27:454</time></pt><pt><x>987</x><y>703</y><time>13-01-22 11:24:27:942</time></pt><pt><x>978</x><y>711</y><time>13-01-22 11:24:28:221</time></pt><pt><x>963</x><y>735</y><time>13-01-22 11:24:28:738</time></pt><pt><x>952</x><y>745</y><time>13-01-22 11:24:29:057</time></pt><pt><x>938</x><y>748</y><time>13-01-22 11:24:29:408</time></pt><pt><x>927</x><y>760</y><time>13-01-22 11:24:29:741</time></pt><pt><x>913</x><y>778</y><time>13-01-22 11:24:30:110</time></pt><pt><x>900</x><y>793</y><time>13-01-22 11:24:30:448</time></pt><pt><x>888</x><y>780</y><time>13-01-22 11:24:30:922</time></pt><pt><x>887</x><y>755</y><time>13-01-22 11:24:31:257</time></pt><pt><x>893</x><y>683</y><time>13-01-22 11:24:31:889</time></pt><pt><x>900</x><y>659</y><time>13-01-22 11:24:32:248</time></pt><pt><x>920</x><y>664</y><time>13-01-22 11:24:32:588</time></pt><pt><x>953</x><y>643</y><time>13-01-22 11:24:33:277</time></pt><pt><x>975</x><y>639</y><time>13-01-22 11:24:33:601</time></pt><pt><x>997</x><y>643</y><time>13-01-22 11:24:33:904</time></pt><pt><x>1015</x><y>653</y><time>13-01-22 11:24:34:158</time></pt><pt><x>1038</x><y>658</y><time>13-01-22 11:24:34:430</time></pt><pt><x>1057</x><y>659</y><time>13-01-22 11:24:34:603</time></pt><pt><x>1070</x><y>668</y><time>13-01-22 11:24:34:904</time></pt><closed_date>13-01-22 11:24:35:461</closed_date></polygon></object><object><name>restoration</name><deleted>0</deleted><verified>0</verified><occluded>no</occluded><attributes /><parts><hasparts /><ispartof>8</ispartof></parts><date>13-01-22 11:25:09:748</date><id>14</id><polygon><username>anonymous</username><pt><x>846</x><y>691</y><time>13-01-22 11:24:41:115</time></pt><pt><x>836</x><y>708</y><time>13-01-22 11:24:41:583</time></pt><pt><x>841</x><y>741</y><time>13-01-22 11:24:42:155</time></pt><pt><x>855</x><y>758</y><time>13-01-22 11:24:42:722</time></pt><pt><x>875</x><y>761</y><time>13-01-22 11:24:43:418</time></pt><pt><x>887</x><y>741</y><time>13-01-22 11:24:43:979</time></pt><pt><x>887</x><y>683</y><time>13-01-22 11:24:44:583</time></pt><pt><x>878</x><y>654</y><time>13-01-22 11:24:44:991</time></pt><pt><x>860</x><y>633</y><time>13-01-22 11:24:45:525</time></pt><pt><x>818</x><y>621</y><time>13-01-22 11:24:53:579</time></pt><pt><x>791</x><y>628</y><time>13-01-22 11:24:54:001</time></pt><pt><x>768</x><y>638</y><time>13-01-22 11:24:54:334</time></pt><pt><x>750</x><y>649</y><time>13-01-22 11:24:54:605</time></pt><pt><x>730</x><y>653</y><time>13-01-22 11:24:54:940</time></pt><pt><x>711</x><y>641</y><time>13-01-22 11:24:55:227</time></pt><pt><x>696</x><y>631</y><time>13-01-22 11:24:55:467</time></pt><pt><x>680</x><y>623</y><time>13-01-22 11:24:55:708</time></pt><pt><x>668</x><y>621</y><time>13-01-22 11:24:55:967</time></pt><pt><x>646</x><y>623</y><time>13-01-22 11:24:56:262</time></pt><pt><x>619</x><y>631</y><time>13-01-22 11:24:56:532</time></pt><pt><x>603</x><y>641</y><time>13-01-22 11:24:56:799</time></pt><pt><x>589</x><y>651</y><time>13-01-22 11:24:57:069</time></pt><pt><x>586</x><y>671</y><time>13-01-22 11:24:57:474</time></pt><pt><x>581</x><y>700</y><time>13-01-22 11:24:57:795</time></pt><pt><x>579</x><y>730</y><time>13-01-22 11:24:58:095</time></pt><pt><x>576</x><y>766</y><time>13-01-22 11:24:58:577</time></pt><pt><x>593</x><y>760</y><time>13-01-22 11:25:01:507</time></pt><pt><x>621</x><y>771</y><time>13-01-22 11:25:02:009</time></pt><pt><x>643</x><y>756</y><time>13-01-22 11:25:02:511</time></pt><pt><x>663</x><y>720</y><time>13-01-22 11:25:02:937</time></pt><pt><x>678</x><y>703</y><time>13-01-22 11:25:03:258</time></pt><pt><x>698</x><y>701</y><time>13-01-22 11:25:03:538</time></pt><pt><x>713</x><y>706</y><time>13-01-22 11:25:03:783</time></pt><pt><x>726</x><y>708</y><time>13-01-22 11:25:04:047</time></pt><pt><x>743</x><y>703</y><time>13-01-22 11:25:04:284</time></pt><pt><x>778</x><y>695</y><time>13-01-22 11:25:04:571</time></pt><pt><x>816</x><y>698</y><time>13-01-22 11:25:04:881</time></pt><pt><x>838</x><y>703</y><time>13-01-22 11:25:05:147</time></pt><pt><x>845</x><y>705</y><time>13-01-22 11:25:05:535</time></pt><closed_date>13-01-22 11:25:06:283</closed_date></polygon></object><object><name>restoration</name><deleted>0</deleted><verified>0</verified><occluded>no</occluded><attributes /><parts><hasparts /><ispartof>9</ispartof></parts><date>13-01-22 11:25:21:333</date><id>15</id><polygon><username>anonymous</username><pt><x>287</x><y>703</y><time>13-01-22 11:25:12:280</time></pt><pt><x>304</x><y>695</y><time>13-01-22 11:25:12:706</time></pt><pt><x>321</x><y>678</y><time>13-01-22 11:25:13:010</time></pt><pt><x>339</x><y>666</y><time>13-01-22 11:25:13:390</time></pt><pt><x>349</x><y>654</y><time>13-01-22 11:25:13:647</time></pt><pt><x>351</x><y>646</y><time>13-01-22 11:25:13:898</time></pt><pt><x>347</x><y>628</y><time>13-01-22 11:25:14:174</time></pt><pt><x>341</x><y>616</y><time>13-01-22 11:25:14:433</time></pt><pt><x>332</x><y>611</y><time>13-01-22 11:25:14:656</time></pt><pt><x>324</x><y>611</y><time>13-01-22 11:25:14:861</time></pt><pt><x>317</x><y>611</y><time>13-01-22 11:25:15:070</time></pt><pt><x>306</x><y>611</y><time>13-01-22 11:25:15:280</time></pt><pt><x>289</x><y>606</y><time>13-01-22 11:25:15:507</time></pt><pt><x>274</x><y>613</y><time>13-01-22 11:25:15:733</time></pt><pt><x>264</x><y>629</y><time>13-01-22 11:25:15:956</time></pt><pt><x>255</x><y>648</y><time>13-01-22 11:25:16:192</time></pt><pt><x>260</x><y>670</y><time>13-01-22 11:25:16:408</time></pt><pt><x>275</x><y>686</y><time>13-01-22 11:25:16:673</time></pt><closed_date>13-01-22 11:25:16:924</closed_date></polygon></object><object><name>restoration</name><deleted>0</deleted><verified>0</verified><occluded>no</occluded><attributes /><parts><hasparts /><ispartof>9</ispartof></parts><date>13-01-22 11:25:36:743</date><id>16</id><polygon><username>anonymous</username><pt><x>384</x><y>666</y><time>13-01-22 11:25:22:258</time></pt><pt><x>392</x><y>695</y><time>13-01-22 11:25:22:831</time></pt><pt><x>404</x><y>706</y><time>13-01-22 11:25:23:166</time></pt><pt><x>422</x><y>711</y><time>13-01-22 11:25:23:480</time></pt><pt><x>439</x><y>711</y><time>13-01-22 11:25:23:763</time></pt><pt><x>456</x><y>711</y><time>13-01-22 11:25:24:045</time></pt><pt><x>466</x><y>713</y><time>13-01-22 11:25:24:297</time></pt><pt><x>471</x><y>723</y><time>13-01-22 11:25:24:568</time></pt><pt><x>466</x><y>740</y><time>13-01-22 11:25:24:838</time></pt><pt><x>464</x><y>761</y><time>13-01-22 11:25:25:153</time></pt><pt><x>491</x><y>788</y><time>13-01-22 11:25:26:158</time></pt><pt><x>546</x><y>786</y><time>13-01-22 11:25:27:002</time></pt><pt><x>561</x><y>765</y><time>13-01-22 11:25:27:500</time></pt><pt><x>566</x><y>735</y><time>13-01-22 11:25:27:889</time></pt><pt><x>571</x><y>700</y><time>13-01-22 11:25:28:259</time></pt><pt><x>569</x><y>666</y><time>13-01-22 11:25:28:645</time></pt><pt><x>561</x><y>654</y><time>13-01-22 11:25:28:980</time></pt><pt><x>539</x><y>638</y><time>13-01-22 11:25:29:481</time></pt><pt><x>518</x><y>628</y><time>13-01-22 11:25:29:866</time></pt><pt><x>504</x><y>628</y><time>13-01-22 11:25:30:145</time></pt><pt><x>483</x><y>631</y><time>13-01-22 11:25:30:417</time></pt><pt><x>462</x><y>636</y><time>13-01-22 11:25:30:694</time></pt><pt><x>436</x><y>641</y><time>13-01-22 11:25:30:924</time></pt><pt><x>411</x><y>646</y><time>13-01-22 11:25:31:156</time></pt><pt><x>391</x><y>651</y><time>13-01-22 11:25:31:381</time></pt><closed_date>13-01-22 11:25:31:573</closed_date></polygon></object><imagesize><nrows /><ncols /></imagesize></annotation>