<annotation><filename>imagem-038.jpg</filename><folder>segmentation_xray</folder><source><sourceImage>The MIT-CSAIL database of objects and scenes</sourceImage><sourceAnnotation>LabelMe Webtool</sourceAnnotation></source><object><name>tooth</name><deleted>0</deleted><verified>0</verified><occluded>no</occluded><attributes>27</attributes><parts><hasparts /><ispartof /></parts><date>15-12-21 18:28:54:380</date><id>0</id><type>bounding_box</type><polygon><username>anonymous</username><pt><x>1023</x><y>344</y><time>15-12-21 18:28:19:459</time></pt><pt><x>1219</x><y>344</y><time>15-12-21 18:28:22:122</time></pt><pt><x>1219</x><y>13</y><time>undefined</time></pt><pt><x>1023</x><y>13</y><time>undefined</time></pt><closed_date>15-12-21 18:28:22:122</closed_date></polygon></object><object><name>tooth</name><deleted>0</deleted><verified>0</verified><occluded>no</occluded><attributes>26</attributes><parts><hasparts>12</hasparts><ispartof /></parts><date>15-12-21 18:29:03:820</date><id>1</id><type>bounding_box</type><polygon><username>anonymous</username><pt><x>1022</x><y>361</y><time>15-12-21 18:28:56:172</time></pt><pt><x>691</x><y>361</y><time>15-12-21 18:28:58:618</time></pt><pt><x>691</x><y>3</y><time>undefined</time></pt><pt><x>1022</x><y>3</y><time>undefined</time></pt><closed_date>15-12-21 18:28:58:618</closed_date></polygon></object><object><name>tooth</name><deleted>0</deleted><verified>0</verified><occluded>no</occluded><attributes>25</attributes><parts><hasparts /><ispartof /></parts><date>15-12-21 18:29:13:295</date><id>2</id><type>bounding_box</type><polygon><username>anonymous</username><pt><x>474</x><y>349</y><time>15-12-21 18:29:08:152</time></pt><pt><x>696</x><y>349</y><time>15-12-21 18:29:10:089</time></pt><pt><x>696</x><y>10</y><time>undefined</time></pt><pt><x>474</x><y>10</y><time>undefined</time></pt><closed_date>15-12-21 18:29:10:089</closed_date></polygon></object><object><name>tooth</name><deleted>0</deleted><verified>0</verified><occluded>no</occluded><attributes>24</attributes><parts><hasparts /><ispartof /></parts><date>15-12-21 18:29:25:085</date><id>3</id><type>bounding_box</type><polygon><username>anonymous</username><pt><x>237</x><y>341</y><time>15-12-21 18:29:18:589</time></pt><pt><x>483</x><y>341</y><time>15-12-21 18:29:21:082</time></pt><pt><x>483</x><y>3</y><time>undefined</time></pt><pt><x>237</x><y>3</y><time>undefined</time></pt><closed_date>15-12-21 18:29:21:083</closed_date></polygon></object><object><name>tooth</name><deleted>0</deleted><verified>0</verified><occluded>no</occluded><attributes>23</attributes><parts><hasparts /><ispartof /></parts><date>15-12-21 18:29:32:943</date><id>4</id><type>bounding_box</type><polygon><username>anonymous</username><pt><x>8</x><y>346</y><time>15-12-21 18:29:26:596</time></pt><pt><x>289</x><y>346</y><time>15-12-21 18:29:29:018</time></pt><pt><x>289</x><y>3</y><time>undefined</time></pt><pt><x>8</x><y>3</y><time>undefined</time></pt><closed_date>15-12-21 18:29:29:019</closed_date></polygon></object><object><name>tooth</name><deleted>0</deleted><verified>0</verified><occluded>no</occluded><attributes>37</attributes><parts><hasparts>11</hasparts><ispartof /></parts><date>15-12-21 18:29:43:250</date><id>5</id><type>bounding_box</type><polygon><username>anonymous</username><pt><x>1217</x><y>352</y><time>15-12-21 18:29:34:620</time></pt><pt><x>997</x><y>352</y><time>15-12-21 18:29:37:562</time></pt><pt><x>997</x><y>867</y><time>undefined</time></pt><pt><x>1217</x><y>867</y><time>undefined</time></pt><closed_date>15-12-21 18:29:37:562</closed_date></polygon></object><object><name>tooth</name><deleted>0</deleted><verified>0</verified><occluded>no</occluded><attributes>36</attributes><parts><hasparts>10</hasparts><ispartof /></parts><date>15-12-21 18:29:51:469</date><id>6</id><type>bounding_box</type><polygon><username>anonymous</username><pt><x>664</x><y>409</y><time>15-12-21 18:29:45:027</time></pt><pt><x>1038</x><y>409</y><time>15-12-21 18:29:47:139</time></pt><pt><x>1038</x><y>945</y><time>undefined</time></pt><pt><x>664</x><y>945</y><time>undefined</time></pt><closed_date>15-12-21 18:29:47:139</closed_date></polygon></object><object><name>tooth</name><deleted>0</deleted><verified>0</verified><occluded>no</occluded><attributes>35</attributes><parts><hasparts /><ispartof /></parts><date>15-12-21 18:29:57:478</date><id>7</id><type>bounding_box</type><polygon><username>anonymous</username><pt><x>424</x><y>427</y><time>15-12-21 18:29:52:805</time></pt><pt><x>671</x><y>427</y><time>15-12-21 18:29:54:499</time></pt><pt><x>671</x><y>947</y><time>undefined</time></pt><pt><x>424</x><y>947</y><time>undefined</time></pt><closed_date>15-12-21 18:29:54:499</closed_date></polygon></object><object><name>tooth</name><deleted>0</deleted><verified>0</verified><occluded>no</occluded><attributes>34</attributes><parts><hasparts /><ispartof /></parts><date>15-12-21 18:30:07:468</date><id>8</id><type>bounding_box</type><polygon><username>anonymous</username><pt><x>197</x><y>417</y><time>15-12-21 18:30:01:317</time></pt><pt><x>436</x><y>417</y><time>15-12-21 18:30:03:618</time></pt><pt><x>436</x><y>943</y><time>undefined</time></pt><pt><x>197</x><y>943</y><time>undefined</time></pt><closed_date>15-12-21 18:30:03:618</closed_date></polygon></object><object><name>tooth</name><deleted>0</deleted><verified>0</verified><occluded>no</occluded><attributes>33</attributes><parts><hasparts /><ispartof /></parts><date>15-12-21 18:30:14:372</date><id>9</id><type>bounding_box</type><polygon><username>anonymous</username><pt><x>7</x><y>419</y><time>15-12-21 18:30:08:636</time></pt><pt><x>194</x><y>419</y><time>15-12-21 18:30:10:123</time></pt><pt><x>194</x><y>943</y><time>undefined</time></pt><pt><x>7</x><y>943</y><time>undefined</time></pt><closed_date>15-12-21 18:30:10:123</closed_date></polygon></object><object><name>restoration</name><deleted>0</deleted><verified>0</verified><occluded>no</occluded><attributes /><parts><hasparts /><ispartof>6</ispartof></parts><date>15-12-21 18:30:26:423</date><id>10</id><polygon><username>anonymous</username><pt><x>711</x><y>466</y><time>15-12-21 18:30:16:541</time></pt><pt><x>731</x><y>526</y><time>15-12-21 18:30:17:011</time></pt><pt><x>750</x><y>558</y><time>15-12-21 18:30:17:277</time></pt><pt><x>758</x><y>576</y><time>15-12-21 18:30:17:517</time></pt><pt><x>771</x><y>606</y><time>15-12-21 18:30:17:725</time></pt><pt><x>780</x><y>626</y><time>15-12-21 18:30:17:925</time></pt><pt><x>790</x><y>631</y><time>15-12-21 18:30:18:123</time></pt><pt><x>810</x><y>636</y><time>15-12-21 18:30:18:331</time></pt><pt><x>848</x><y>638</y><time>15-12-21 18:30:18:603</time></pt><pt><x>880</x><y>634</y><time>15-12-21 18:30:18:820</time></pt><pt><x>908</x><y>633</y><time>15-12-21 18:30:19:034</time></pt><pt><x>918</x><y>614</y><time>15-12-21 18:30:19:307</time></pt><pt><x>925</x><y>579</y><time>15-12-21 18:30:19:579</time></pt><pt><x>922</x><y>548</y><time>15-12-21 18:30:19:843</time></pt><pt><x>933</x><y>519</y><time>15-12-21 18:30:20:147</time></pt><pt><x>947</x><y>501</y><time>15-12-21 18:30:20:395</time></pt><pt><x>958</x><y>483</y><time>15-12-21 18:30:20:627</time></pt><pt><x>958</x><y>461</y><time>15-12-21 18:30:20:907</time></pt><pt><x>933</x><y>441</y><time>15-12-21 18:30:21:260</time></pt><pt><x>900</x><y>437</y><time>15-12-21 18:30:21:675</time></pt><pt><x>862</x><y>457</y><time>15-12-21 18:30:21:963</time></pt><pt><x>841</x><y>476</y><time>15-12-21 18:30:22:181</time></pt><pt><x>823</x><y>481</y><time>15-12-21 18:30:22:411</time></pt><pt><x>803</x><y>478</y><time>15-12-21 18:30:22:683</time></pt><pt><x>778</x><y>457</y><time>15-12-21 18:30:23:042</time></pt><pt><x>743</x><y>441</y><time>15-12-21 18:30:23:355</time></pt><pt><x>728</x><y>441</y><time>15-12-21 18:30:23:579</time></pt><pt><x>716</x><y>454</y><time>15-12-21 18:30:24:003</time></pt><closed_date>15-12-21 18:30:24:307</closed_date></polygon></object><object><name>restoration</name><deleted>0</deleted><verified>0</verified><occluded>no</occluded><attributes /><parts><hasparts /><ispartof>5</ispartof></parts><date>15-12-21 18:30:41:165</date><id>11</id><polygon><username>anonymous</username><pt><x>1050</x><y>503</y><time>15-12-21 18:30:27:942</time></pt><pt><x>1065</x><y>484</y><time>15-12-21 18:30:28:323</time></pt><pt><x>1080</x><y>494</y><time>15-12-21 18:30:28:627</time></pt><pt><x>1095</x><y>508</y><time>15-12-21 18:30:28:835</time></pt><pt><x>1115</x><y>518</y><time>15-12-21 18:30:29:051</time></pt><pt><x>1139</x><y>524</y><time>15-12-21 18:30:29:269</time></pt><pt><x>1157</x><y>526</y><time>15-12-21 18:30:29:475</time></pt><pt><x>1169</x><y>528</y><time>15-12-21 18:30:29:667</time></pt><pt><x>1182</x><y>526</y><time>15-12-21 18:30:29:891</time></pt><pt><x>1209</x><y>516</y><time>15-12-21 18:30:30:163</time></pt><pt><x>1219</x><y>508</y><time>15-12-21 18:30:30:395</time></pt><pt><x>1217</x><y>483</y><time>15-12-21 18:30:30:730</time></pt><pt><x>1215</x><y>434</y><time>15-12-21 18:30:31:115</time></pt><pt><x>1217</x><y>412</y><time>15-12-21 18:30:31:467</time></pt><pt><x>1202</x><y>414</y><time>15-12-21 18:30:31:795</time></pt><pt><x>1190</x><y>432</y><time>15-12-21 18:30:34:251</time></pt><pt><x>1170</x><y>431</y><time>15-12-21 18:30:34:667</time></pt><pt><x>1147</x><y>426</y><time>15-12-21 18:30:34:979</time></pt><pt><x>1112</x><y>414</y><time>15-12-21 18:30:35:403</time></pt><pt><x>1084</x><y>401</y><time>15-12-21 18:30:35:756</time></pt><pt><x>1060</x><y>414</y><time>15-12-21 18:30:36:044</time></pt><pt><x>1030</x><y>431</y><time>15-12-21 18:30:36:333</time></pt><pt><x>1027</x><y>457</y><time>15-12-21 18:30:36:579</time></pt><pt><x>1018</x><y>449</y><time>15-12-21 18:30:37:611</time></pt><pt><x>1018</x><y>464</y><time>15-12-21 18:30:37:893</time></pt><pt><x>1018</x><y>486</y><time>15-12-21 18:30:38:187</time></pt><closed_date>15-12-21 18:30:38:450</closed_date></polygon></object><object><name>restoration</name><deleted>0</deleted><verified>0</verified><occluded>no</occluded><attributes /><parts><hasparts /><ispartof>1</ispartof></parts><date>15-12-21 18:30:51:517</date><id>12</id><polygon><username>anonymous</username><pt><x>900</x><y>265</y><time>15-12-21 18:30:43:133</time></pt><pt><x>925</x><y>262</y><time>15-12-21 18:30:43:483</time></pt><pt><x>948</x><y>262</y><time>15-12-21 18:30:43:754</time></pt><pt><x>973</x><y>279</y><time>15-12-21 18:30:44:142</time></pt><pt><x>978</x><y>302</y><time>15-12-21 18:30:44:437</time></pt><pt><x>938</x><y>311</y><time>15-12-21 18:30:44:779</time></pt><pt><x>900</x><y>324</y><time>15-12-21 18:30:45:035</time></pt><pt><x>888</x><y>324</y><time>15-12-21 18:30:45:283</time></pt><pt><x>873</x><y>307</y><time>15-12-21 18:30:45:563</time></pt><pt><x>831</x><y>304</y><time>15-12-21 18:30:45:787</time></pt><pt><x>796</x><y>311</y><time>15-12-21 18:30:45:987</time></pt><pt><x>780</x><y>311</y><time>15-12-21 18:30:46:195</time></pt><pt><x>765</x><y>287</y><time>15-12-21 18:30:46:547</time></pt><pt><x>761</x><y>279</y><time>15-12-21 18:30:46:883</time></pt><pt><x>790</x><y>269</y><time>15-12-21 18:30:47:163</time></pt><pt><x>803</x><y>240</y><time>15-12-21 18:30:47:490</time></pt><pt><x>806</x><y>204</y><time>15-12-21 18:30:47:778</time></pt><pt><x>826</x><y>182</y><time>15-12-21 18:30:48:060</time></pt><pt><x>865</x><y>179</y><time>15-12-21 18:30:48:301</time></pt><pt><x>887</x><y>182</y><time>15-12-21 18:30:48:539</time></pt><pt><x>908</x><y>204</y><time>15-12-21 18:30:48:770</time></pt><pt><x>908</x><y>239</y><time>15-12-21 18:30:49:026</time></pt><closed_date>15-12-21 18:30:49:283</closed_date></polygon></object><imagesize><nrows /><ncols /></imagesize></annotation>