<annotation><filename>imagem-103.jpg</filename><folder>segmentation_xray</folder><source><sourceImage>The MIT-CSAIL database of objects and scenes</sourceImage><sourceAnnotation>LabelMe Webtool</sourceAnnotation></source><object><name>tooth</name><deleted>0</deleted><verified>0</verified><occluded>no</occluded><attributes>27</attributes><parts><hasparts>14</hasparts><ispartof /></parts><date>09-12-21 18:26:13:113</date><id>0</id><type>bounding_box</type><polygon><username>anonymous</username><pt><x>1187</x><y>311</y><time>09-12-21 18:25:55:245</time></pt><pt><x>883</x><y>311</y><time>09-12-21 18:26:00:496</time></pt><pt><x>883</x><y>2</y><time>undefined</time></pt><pt><x>1187</x><y>2</y><time>undefined</time></pt><closed_date>09-12-21 18:26:00:497</closed_date></polygon></object><object><name>tooth</name><deleted>0</deleted><verified>0</verified><occluded>no</occluded><attributes>26</attributes><parts><hasparts>13</hasparts><ispartof /></parts><date>09-12-21 18:26:25:325</date><id>1</id><type>bounding_box</type><polygon><username>anonymous</username><pt><x>564</x><y>349</y><time>09-12-21 18:26:15:049</time></pt><pt><x>910</x><y>349</y><time>09-12-21 18:26:18:414</time></pt><pt><x>910</x><y>17</y><time>undefined</time></pt><pt><x>564</x><y>17</y><time>undefined</time></pt><closed_date>09-12-21 18:26:18:414</closed_date></polygon></object><object><name>tooth</name><deleted>0</deleted><verified>0</verified><occluded>no</occluded><attributes>25</attributes><parts><hasparts>12</hasparts><ispartof /></parts><date>09-12-21 18:26:59:239</date><id>2</id><type>bounding_box</type><polygon><username>anonymous</username><pt><x>347</x><y>359</y><time>09-12-21 18:26:51:514</time></pt><pt><x>579</x><y>359</y><time>09-12-21 18:26:54:003</time></pt><pt><x>579</x><y>3</y><time>undefined</time></pt><pt><x>347</x><y>3</y><time>undefined</time></pt><closed_date>09-12-21 18:26:54:004</closed_date></polygon></object><object><name>tooth</name><deleted>0</deleted><verified>0</verified><occluded>no</occluded><attributes>24</attributes><parts><hasparts /><ispartof /></parts><date>09-12-21 18:27:15:280</date><id>3</id><type>bounding_box</type><polygon><username>anonymous</username><pt><x>114</x><y>312</y><time>09-12-21 18:27:04:709</time></pt><pt><x>347</x><y>312</y><time>09-12-21 18:27:10:496</time></pt><pt><x>347</x><y>0</y><time>undefined</time></pt><pt><x>114</x><y>0</y><time>undefined</time></pt><closed_date>09-12-21 18:27:10:496</closed_date></polygon></object><object><name>tooth</name><deleted>0</deleted><verified>0</verified><occluded>no</occluded><attributes>23</attributes><parts><hasparts /><ispartof /></parts><date>09-12-21 18:27:43:343</date><id>4</id><type>bounding_box</type><polygon><username>anonymous</username><pt><x>2</x><y>306</y><time>09-12-21 18:27:21:619</time></pt><pt><x>170</x><y>306</y><time>09-12-21 18:27:24:421</time></pt><pt><x>170</x><y>15</y><time>undefined</time></pt><pt><x>2</x><y>15</y><time>undefined</time></pt><closed_date>09-12-21 18:27:24:422</closed_date></polygon></object><object><name>tooth</name><deleted>0</deleted><verified>0</verified><occluded>no</occluded><attributes>34</attributes><parts><hasparts /><ispartof /></parts><date>09-12-21 18:28:04:613</date><id>5</id><type>bounding_box</type><polygon><username>anonymous</username><pt><x>3</x><y>402</y><time>09-12-21 18:27:50:650</time></pt><pt><x>314</x><y>402</y><time>09-12-21 18:27:53:563</time></pt><pt><x>314</x><y>947</y><time>undefined</time></pt><pt><x>3</x><y>947</y><time>undefined</time></pt><closed_date>09-12-21 18:27:53:564</closed_date></polygon></object><object><name>tooth</name><deleted>0</deleted><verified>0</verified><occluded>no</occluded><attributes>35</attributes><parts><hasparts /><ispartof /></parts><date>09-12-21 18:28:51:463</date><id>6</id><type>bounding_box</type><polygon><username>anonymous</username><pt><x>513</x><y>421</y><time>09-12-21 18:28:09:049</time></pt><pt><x>222</x><y>421</y><time>09-12-21 18:28:15:486</time></pt><pt><x>222</x><y>947</y><time>undefined</time></pt><pt><x>513</x><y>947</y><time>undefined</time></pt><closed_date>09-12-21 18:28:15:486</closed_date></polygon></object><object><name>tooth</name><deleted>0</deleted><verified>0</verified><occluded>no</occluded><attributes>36</attributes><parts><hasparts>10,9</hasparts><ispartof /></parts><date>09-12-21 18:29:22:113</date><id>7</id><type>bounding_box</type><polygon><username>anonymous</username><pt><x>937</x><y>945</y><time>09-12-21 18:29:05:716</time></pt><pt><x>467</x><y>945</y><time>09-12-21 18:29:09:408</time></pt><pt><x>467</x><y>379</y><time>undefined</time></pt><pt><x>937</x><y>379</y><time>undefined</time></pt><closed_date>09-12-21 18:29:09:408</closed_date></polygon></object><object><name>tooth</name><deleted>0</deleted><verified>0</verified><occluded>no</occluded><attributes>37</attributes><parts><hasparts>11</hasparts><ispartof /></parts><date>09-12-21 18:29:48:453</date><id>8</id><type>bounding_box</type><polygon><username>anonymous</username><pt><x>1217</x><y>888</y><time>09-12-21 18:29:26:686</time></pt><pt><x>815</x><y>888</y><time>09-12-21 18:29:33:043</time></pt><pt><x>815</x><y>316</y><time>undefined</time></pt><pt><x>1217</x><y>316</y><time>undefined</time></pt><closed_date>09-12-21 18:29:33:043</closed_date></polygon></object><object><name>root canal treatment</name><deleted>0</deleted><verified>0</verified><occluded>no</occluded><attributes /><parts><hasparts /><ispartof>7</ispartof></parts><date>09-12-21 18:30:32:837</date><id>9</id><polygon><username>anonymous</username><pt><x>601</x><y>646</y><time>09-12-21 18:29:57:034</time></pt><pt><x>611</x><y>681</y><time>09-12-21 18:29:57:701</time></pt><pt><x>614</x><y>708</y><time>09-12-21 18:29:58:233</time></pt><pt><x>609</x><y>735</y><time>09-12-21 18:29:58:633</time></pt><pt><x>619</x><y>773</y><time>09-12-21 18:29:59:283</time></pt><pt><x>641</x><y>835</y><time>09-12-21 18:30:00:602</time></pt><pt><x>656</x><y>865</y><time>09-12-21 18:30:01:383</time></pt><pt><x>675</x><y>908</y><time>09-12-21 18:30:02:278</time></pt><pt><x>686</x><y>925</y><time>09-12-21 18:30:02:830</time></pt><pt><x>705</x><y>937</y><time>09-12-21 18:30:03:407</time></pt><pt><x>716</x><y>943</y><time>09-12-21 18:30:03:863</time></pt><pt><x>708</x><y>918</y><time>09-12-21 18:30:04:546</time></pt><pt><x>695</x><y>895</y><time>09-12-21 18:30:05:018</time></pt><pt><x>683</x><y>872</y><time>09-12-21 18:30:05:424</time></pt><pt><x>675</x><y>853</y><time>09-12-21 18:30:05:811</time></pt><pt><x>670</x><y>836</y><time>09-12-21 18:30:06:200</time></pt><pt><x>670</x><y>821</y><time>09-12-21 18:30:06:520</time></pt><pt><x>663</x><y>783</y><time>09-12-21 18:30:07:122</time></pt><pt><x>658</x><y>760</y><time>09-12-21 18:30:07:884</time></pt><pt><x>654</x><y>741</y><time>09-12-21 18:30:08:399</time></pt><pt><x>654</x><y>730</y><time>09-12-21 18:30:08:692</time></pt><pt><x>653</x><y>713</y><time>09-12-21 18:30:08:989</time></pt><pt><x>651</x><y>698</y><time>09-12-21 18:30:09:269</time></pt><pt><x>651</x><y>688</y><time>09-12-21 18:30:09:541</time></pt><pt><x>654</x><y>678</y><time>09-12-21 18:30:09:819</time></pt><pt><x>663</x><y>675</y><time>09-12-21 18:30:10:082</time></pt><pt><x>671</x><y>675</y><time>09-12-21 18:30:10:249</time></pt><pt><x>706</x><y>666</y><time>09-12-21 18:30:11:111</time></pt><pt><x>721</x><y>668</y><time>09-12-21 18:30:11:556</time></pt><pt><x>733</x><y>668</y><time>09-12-21 18:30:11:911</time></pt><pt><x>751</x><y>693</y><time>09-12-21 18:30:12:616</time></pt><pt><x>773</x><y>733</y><time>09-12-21 18:30:13:288</time></pt><pt><x>786</x><y>756</y><time>09-12-21 18:30:14:026</time></pt><pt><x>801</x><y>788</y><time>09-12-21 18:30:14:422</time></pt><pt><x>820</x><y>820</y><time>09-12-21 18:30:14:868</time></pt><pt><x>835</x><y>850</y><time>09-12-21 18:30:15:270</time></pt><pt><x>848</x><y>887</y><time>09-12-21 18:30:15:682</time></pt><pt><x>872</x><y>913</y><time>09-12-21 18:30:16:245</time></pt><pt><x>885</x><y>918</y><time>09-12-21 18:30:16:885</time></pt><pt><x>872</x><y>883</y><time>09-12-21 18:30:17:616</time></pt><pt><x>863</x><y>863</y><time>09-12-21 18:30:18:220</time></pt><pt><x>853</x><y>850</y><time>09-12-21 18:30:18:609</time></pt><pt><x>848</x><y>821</y><time>09-12-21 18:30:19:089</time></pt><pt><x>840</x><y>806</y><time>09-12-21 18:30:19:588</time></pt><pt><x>828</x><y>781</y><time>09-12-21 18:30:20:258</time></pt><pt><x>815</x><y>755</y><time>09-12-21 18:30:20:758</time></pt><pt><x>801</x><y>725</y><time>09-12-21 18:30:21:349</time></pt><pt><x>791</x><y>701</y><time>09-12-21 18:30:21:865</time></pt><pt><x>780</x><y>678</y><time>09-12-21 18:30:22:310</time></pt><pt><x>765</x><y>646</y><time>09-12-21 18:30:22:900</time></pt><pt><x>755</x><y>623</y><time>09-12-21 18:30:23:366</time></pt><pt><x>751</x><y>618</y><time>09-12-21 18:30:24:020</time></pt><pt><x>738</x><y>621</y><time>09-12-21 18:30:24:597</time></pt><pt><x>726</x><y>629</y><time>09-12-21 18:30:24:941</time></pt><pt><x>706</x><y>631</y><time>09-12-21 18:30:25:515</time></pt><pt><x>685</x><y>631</y><time>09-12-21 18:30:25:965</time></pt><pt><x>661</x><y>639</y><time>09-12-21 18:30:26:458</time></pt><pt><x>641</x><y>643</y><time>09-12-21 18:30:26:907</time></pt><pt><x>621</x><y>651</y><time>09-12-21 18:30:27:290</time></pt><closed_date>09-12-21 18:30:27:766</closed_date></polygon></object><object><name>restoration</name><deleted>0</deleted><verified>0</verified><occluded>no</occluded><attributes /><parts><hasparts /><ispartof>7</ispartof></parts><date>09-12-21 18:30:58:201</date><id>10</id><polygon><username>anonymous</username><pt><x>541</x><y>467</y><time>09-12-21 18:30:43:347</time></pt><pt><x>553</x><y>491</y><time>09-12-21 18:30:43:923</time></pt><pt><x>568</x><y>523</y><time>09-12-21 18:30:44:278</time></pt><pt><x>579</x><y>569</y><time>09-12-21 18:30:44:903</time></pt><pt><x>593</x><y>604</y><time>09-12-21 18:30:45:375</time></pt><pt><x>601</x><y>629</y><time>09-12-21 18:30:45:753</time></pt><pt><x>613</x><y>638</y><time>09-12-21 18:30:46:141</time></pt><pt><x>628</x><y>638</y><time>09-12-21 18:30:46:489</time></pt><pt><x>649</x><y>633</y><time>09-12-21 18:30:46:811</time></pt><pt><x>668</x><y>628</y><time>09-12-21 18:30:47:109</time></pt><pt><x>686</x><y>626</y><time>09-12-21 18:30:47:401</time></pt><pt><x>703</x><y>623</y><time>09-12-21 18:30:47:660</time></pt><pt><x>731</x><y>613</y><time>09-12-21 18:30:47:909</time></pt><pt><x>753</x><y>604</y><time>09-12-21 18:30:48:159</time></pt><pt><x>763</x><y>586</y><time>09-12-21 18:30:48:675</time></pt><pt><x>743</x><y>549</y><time>09-12-21 18:30:49:086</time></pt><pt><x>728</x><y>521</y><time>09-12-21 18:30:49:377</time></pt><pt><x>726</x><y>484</y><time>09-12-21 18:30:49:658</time></pt><pt><x>731</x><y>447</y><time>09-12-21 18:30:50:072</time></pt><pt><x>730</x><y>427</y><time>09-12-21 18:30:50:427</time></pt><pt><x>721</x><y>416</y><time>09-12-21 18:30:50:833</time></pt><pt><x>705</x><y>407</y><time>09-12-21 18:30:51:181</time></pt><pt><x>691</x><y>414</y><time>09-12-21 18:30:51:508</time></pt><pt><x>675</x><y>421</y><time>09-12-21 18:30:51:821</time></pt><pt><x>656</x><y>426</y><time>09-12-21 18:30:52:098</time></pt><pt><x>634</x><y>432</y><time>09-12-21 18:30:52:375</time></pt><pt><x>608</x><y>432</y><time>09-12-21 18:30:52:660</time></pt><pt><x>583</x><y>429</y><time>09-12-21 18:30:52:939</time></pt><pt><x>561</x><y>429</y><time>09-12-21 18:30:53:192</time></pt><pt><x>539</x><y>436</y><time>09-12-21 18:30:53:469</time></pt><pt><x>529</x><y>452</y><time>09-12-21 18:30:53:724</time></pt><closed_date>09-12-21 18:30:54:323</closed_date></polygon></object><object><name>restoration</name><deleted>0</deleted><verified>0</verified><occluded>no</occluded><attributes /><parts><hasparts /><ispartof>8</ispartof></parts><date>09-12-21 18:31:17:669</date><id>11</id><polygon><username>anonymous</username><pt><x>872</x><y>429</y><time>09-12-21 18:31:02:681</time></pt><pt><x>885</x><y>439</y><time>09-12-21 18:31:03:300</time></pt><pt><x>907</x><y>444</y><time>09-12-21 18:31:03:855</time></pt><pt><x>918</x><y>436</y><time>09-12-21 18:31:04:447</time></pt><pt><x>932</x><y>436</y><time>09-12-21 18:31:04:938</time></pt><pt><x>947</x><y>436</y><time>09-12-21 18:31:05:320</time></pt><pt><x>965</x><y>436</y><time>09-12-21 18:31:05:703</time></pt><pt><x>978</x><y>451</y><time>09-12-21 18:31:06:176</time></pt><pt><x>987</x><y>451</y><time>09-12-21 18:31:06:557</time></pt><pt><x>1005</x><y>436</y><time>09-12-21 18:31:07:018</time></pt><pt><x>1022</x><y>429</y><time>09-12-21 18:31:07:373</time></pt><pt><x>1055</x><y>416</y><time>09-12-21 18:31:07:855</time></pt><pt><x>1090</x><y>399</y><time>09-12-21 18:31:08:290</time></pt><pt><x>1110</x><y>389</y><time>09-12-21 18:31:08:624</time></pt><pt><x>1114</x><y>369</y><time>09-12-21 18:31:09:150</time></pt><pt><x>1112</x><y>359</y><time>09-12-21 18:31:09:629</time></pt><pt><x>1099</x><y>347</y><time>09-12-21 18:31:10:038</time></pt><pt><x>1080</x><y>346</y><time>09-12-21 18:31:10:407</time></pt><pt><x>1060</x><y>347</y><time>09-12-21 18:31:10:714</time></pt><pt><x>1045</x><y>357</y><time>09-12-21 18:31:10:991</time></pt><pt><x>1033</x><y>364</y><time>09-12-21 18:31:11:252</time></pt><pt><x>1018</x><y>381</y><time>09-12-21 18:31:11:655</time></pt><pt><x>1010</x><y>387</y><time>09-12-21 18:31:11:986</time></pt><pt><x>997</x><y>391</y><time>09-12-21 18:31:12:334</time></pt><pt><x>977</x><y>399</y><time>09-12-21 18:31:12:724</time></pt><pt><x>963</x><y>401</y><time>09-12-21 18:31:13:024</time></pt><pt><x>945</x><y>402</y><time>09-12-21 18:31:13:343</time></pt><pt><x>918</x><y>404</y><time>09-12-21 18:31:13:643</time></pt><pt><x>895</x><y>411</y><time>09-12-21 18:31:13:914</time></pt><closed_date>09-12-21 18:31:14:216</closed_date></polygon></object><object><name>restoration</name><deleted>0</deleted><verified>0</verified><occluded>no</occluded><attributes /><parts><hasparts /><ispartof>2</ispartof></parts><date>09-12-21 18:32:09:482</date><id>12</id><polygon><username>anonymous</username><pt><x>526</x><y>232</y><time>09-12-21 18:31:56:801</time></pt><pt><x>499</x><y>222</y><time>09-12-21 18:31:57:536</time></pt><pt><x>467</x><y>219</y><time>09-12-21 18:31:58:120</time></pt><pt><x>457</x><y>219</y><time>09-12-21 18:31:58:477</time></pt><pt><x>422</x><y>232</y><time>09-12-21 18:31:59:373</time></pt><pt><x>411</x><y>242</y><time>09-12-21 18:31:59:950</time></pt><pt><x>396</x><y>252</y><time>09-12-21 18:32:00:494</time></pt><pt><x>407</x><y>270</y><time>09-12-21 18:32:01:726</time></pt><pt><x>422</x><y>280</y><time>09-12-21 18:32:02:150</time></pt><pt><x>447</x><y>287</y><time>09-12-21 18:32:02:727</time></pt><pt><x>472</x><y>287</y><time>09-12-21 18:32:03:363</time></pt><pt><x>488</x><y>275</y><time>09-12-21 18:32:03:864</time></pt><pt><x>501</x><y>267</y><time>09-12-21 18:32:04:197</time></pt><pt><x>519</x><y>264</y><time>09-12-21 18:32:04:824</time></pt><pt><x>528</x><y>254</y><time>09-12-21 18:32:05:262</time></pt><pt><x>529</x><y>247</y><time>09-12-21 18:32:05:655</time></pt><closed_date>09-12-21 18:32:06:112</closed_date></polygon></object><object><name>restoration</name><deleted>0</deleted><verified>0</verified><occluded>no</occluded><attributes /><parts><hasparts /><ispartof>1</ispartof></parts><date>09-12-21 18:32:57:482</date><id>13</id><polygon><username>anonymous</username><pt><x>863</x><y>249</y><time>09-12-21 18:32:48:815</time></pt><pt><x>843</x><y>244</y><time>09-12-21 18:32:49:338</time></pt><pt><x>828</x><y>244</y><time>09-12-21 18:32:49:693</time></pt><pt><x>811</x><y>244</y><time>09-12-21 18:32:49:965</time></pt><pt><x>791</x><y>252</y><time>09-12-21 18:32:50:244</time></pt><pt><x>775</x><y>264</y><time>09-12-21 18:32:50:523</time></pt><pt><x>765</x><y>277</y><time>09-12-21 18:32:50:772</time></pt><pt><x>763</x><y>284</y><time>09-12-21 18:32:51:065</time></pt><pt><x>778</x><y>292</y><time>09-12-21 18:32:51:393</time></pt><pt><x>805</x><y>294</y><time>09-12-21 18:32:51:695</time></pt><pt><x>831</x><y>292</y><time>09-12-21 18:32:51:956</time></pt><pt><x>857</x><y>287</y><time>09-12-21 18:32:52:233</time></pt><pt><x>873</x><y>282</y><time>09-12-21 18:32:52:510</time></pt><pt><x>878</x><y>265</y><time>09-12-21 18:32:52:810</time></pt><closed_date>09-12-21 18:32:53:235</closed_date></polygon></object><object><name>restoration</name><deleted>0</deleted><verified>0</verified><occluded>no</occluded><attributes /><parts><hasparts /><ispartof>0</ispartof></parts><date>09-12-21 18:33:14:023</date><id>14</id><polygon><username>anonymous</username><pt><x>995</x><y>217</y><time>09-12-21 18:33:00:503</time></pt><pt><x>1010</x><y>199</y><time>09-12-21 18:33:00:889</time></pt><pt><x>1027</x><y>189</y><time>09-12-21 18:33:01:258</time></pt><pt><x>1049</x><y>189</y><time>09-12-21 18:33:01:664</time></pt><pt><x>1060</x><y>190</y><time>09-12-21 18:33:01:953</time></pt><pt><x>1084</x><y>200</y><time>09-12-21 18:33:02:384</time></pt><pt><x>1104</x><y>207</y><time>09-12-21 18:33:02:711</time></pt><pt><x>1120</x><y>189</y><time>09-12-21 18:33:03:241</time></pt><pt><x>1129</x><y>177</y><time>09-12-21 18:33:03:625</time></pt><pt><x>1150</x><y>184</y><time>09-12-21 18:33:04:006</time></pt><pt><x>1157</x><y>200</y><time>09-12-21 18:33:04:436</time></pt><pt><x>1157</x><y>222</y><time>09-12-21 18:33:04:794</time></pt><pt><x>1134</x><y>234</y><time>09-12-21 18:33:05:279</time></pt><pt><x>1120</x><y>242</y><time>09-12-21 18:33:05:656</time></pt><pt><x>1104</x><y>254</y><time>09-12-21 18:33:06:043</time></pt><pt><x>1087</x><y>262</y><time>09-12-21 18:33:06:378</time></pt><pt><x>1075</x><y>264</y><time>09-12-21 18:33:06:734</time></pt><pt><x>1062</x><y>262</y><time>09-12-21 18:33:07:054</time></pt><pt><x>1043</x><y>257</y><time>09-12-21 18:33:07:436</time></pt><pt><x>1025</x><y>249</y><time>09-12-21 18:33:09:023</time></pt><pt><x>1017</x><y>244</y><time>09-12-21 18:33:09:375</time></pt><pt><x>1002</x><y>235</y><time>09-12-21 18:33:09:796</time></pt><closed_date>09-12-21 18:33:10:135</closed_date></polygon></object><imagesize><nrows /><ncols /></imagesize></annotation>