<annotation><filename>imagem-075.jpg</filename><folder>segmentation_xray</folder><source><sourceImage>The MIT-CSAIL database of objects and scenes</sourceImage><sourceAnnotation>LabelMe Webtool</sourceAnnotation></source><object><name>tooth</name><deleted>0</deleted><verified>0</verified><occluded>no</occluded><attributes>27</attributes><parts><hasparts>8</hasparts><ispartof /></parts><date>13-01-22 11:27:48:688</date><id>0</id><type>bounding_box</type><polygon><username>anonymous</username><pt><x>941</x><y>2</y><time>13-01-22 11:27:37:702</time></pt><pt><x>1404</x><y>2</y><time>13-01-22 11:27:39:879</time></pt><pt><x>1404</x><y>287</y><time>undefined</time></pt><pt><x>941</x><y>287</y><time>undefined</time></pt><closed_date>13-01-22 11:27:39:879</closed_date></polygon></object><object><name>tooth</name><deleted>0</deleted><verified>0</verified><occluded>no</occluded><attributes>26</attributes><parts><hasparts /><ispartof /></parts><date>13-01-22 11:27:58:791</date><id>1</id><type>bounding_box</type><polygon><username>anonymous</username><pt><x>542</x><y>15</y><time>13-01-22 11:27:50:263</time></pt><pt><x>1034</x><y>15</y><time>13-01-22 11:27:53:399</time></pt><pt><x>1034</x><y>490</y><time>undefined</time></pt><pt><x>542</x><y>490</y><time>undefined</time></pt><closed_date>13-01-22 11:27:53:399</closed_date></polygon></object><object><name>tooth</name><deleted>0</deleted><verified>0</verified><occluded>no</occluded><attributes>25</attributes><parts><hasparts /><ispartof /></parts><date>13-01-22 11:28:11:186</date><id>2</id><type>bounding_box</type><polygon><username>anonymous</username><pt><x>287</x><y>11</y><time>13-01-22 11:28:04:458</time></pt><pt><x>573</x><y>11</y><time>13-01-22 11:28:06:898</time></pt><pt><x>573</x><y>496</y><time>undefined</time></pt><pt><x>287</x><y>496</y><time>undefined</time></pt><closed_date>13-01-22 11:28:06:898</closed_date></polygon></object><object><name>tooth</name><deleted>0</deleted><verified>0</verified><occluded>no</occluded><attributes>24</attributes><parts><hasparts /><ispartof /></parts><date>13-01-22 11:28:18:651</date><id>3</id><type>bounding_box</type><polygon><username>anonymous</username><pt><x>20</x><y>568</y><time>13-01-22 11:28:12:524</time></pt><pt><x>287</x><y>568</y><time>13-01-22 11:28:15:358</time></pt><pt><x>287</x><y>15</y><time>undefined</time></pt><pt><x>20</x><y>15</y><time>undefined</time></pt><closed_date>13-01-22 11:28:15:358</closed_date></polygon></object><object><name>tooth</name><deleted>0</deleted><verified>0</verified><occluded>no</occluded><attributes>33</attributes><parts><hasparts /><ispartof /></parts><date>13-01-22 11:28:30:617</date><id>4</id><type>bounding_box</type><polygon><username>anonymous</username><pt><x>20</x><y>716</y><time>13-01-22 11:28:21:686</time></pt><pt><x>250</x><y>716</y><time>13-01-22 11:28:23:155</time></pt><pt><x>250</x><y>1217</y><time>undefined</time></pt><pt><x>20</x><y>1217</y><time>undefined</time></pt><closed_date>13-01-22 11:28:23:155</closed_date></polygon></object><object><name>tooth</name><deleted>0</deleted><verified>0</verified><occluded>no</occluded><attributes>34</attributes><parts><hasparts /><ispartof /></parts><date>13-01-22 11:28:39:106</date><id>5</id><type>bounding_box</type><polygon><username>anonymous</username><pt><x>35</x><y>647</y><time>13-01-22 11:28:32:856</time></pt><pt><x>466</x><y>647</y><time>13-01-22 11:28:35:094</time></pt><pt><x>466</x><y>1230</y><time>undefined</time></pt><pt><x>35</x><y>1230</y><time>undefined</time></pt><closed_date>13-01-22 11:28:35:094</closed_date></polygon></object><object><name>tooth</name><deleted>0</deleted><verified>0</verified><occluded>no</occluded><attributes>35</attributes><parts><hasparts>10</hasparts><ispartof /></parts><date>13-01-22 11:28:51:347</date><id>6</id><type>bounding_box</type><polygon><username>anonymous</username><pt><x>784</x><y>1230</y><time>13-01-22 11:28:44:966</time></pt><pt><x>318</x><y>1230</y><time>13-01-22 11:28:47:610</time></pt><pt><x>318</x><y>573</y><time>undefined</time></pt><pt><x>784</x><y>573</y><time>undefined</time></pt><closed_date>13-01-22 11:28:47:610</closed_date></polygon></object><object><name>tooth</name><deleted>0</deleted><verified>0</verified><occluded>no</occluded><attributes>37</attributes><parts><hasparts>9</hasparts><ispartof /></parts><date>13-01-22 11:29:05:328</date><id>7</id><type>bounding_box</type><polygon><username>anonymous</username><pt><x>1614</x><y>1036</y><time>13-01-22 11:28:55:305</time></pt><pt><x>976</x><y>1036</y><time>13-01-22 11:29:00:013</time></pt><pt><x>976</x><y>281</y><time>undefined</time></pt><pt><x>1614</x><y>281</y><time>undefined</time></pt><closed_date>13-01-22 11:29:00:013</closed_date></polygon></object><object><name>restoration</name><deleted>0</deleted><verified>0</verified><occluded>no</occluded><attributes /><parts><hasparts /><ispartof>0</ispartof></parts><date>13-01-22 11:29:43:060</date><id>8</id><polygon><username>anonymous</username><pt><x>1084</x><y>218</y><time>13-01-22 11:29:28:393</time></pt><pt><x>1139</x><y>198</y><time>13-01-22 11:29:29:082</time></pt><pt><x>1171</x><y>192</y><time>13-01-22 11:29:29:455</time></pt><pt><x>1195</x><y>192</y><time>13-01-22 11:29:29:753</time></pt><pt><x>1232</x><y>189</y><time>13-01-22 11:29:30:233</time></pt><pt><x>1256</x><y>179</y><time>13-01-22 11:29:30:648</time></pt><pt><x>1289</x><y>181</y><time>13-01-22 11:29:31:254</time></pt><pt><x>1302</x><y>187</y><time>13-01-22 11:29:31:576</time></pt><pt><x>1324</x><y>187</y><time>13-01-22 11:29:31:924</time></pt><pt><x>1374</x><y>152</y><time>13-01-22 11:29:32:594</time></pt><pt><x>1394</x><y>122</y><time>13-01-22 11:29:33:040</time></pt><pt><x>1391</x><y>100</y><time>13-01-22 11:29:33:512</time></pt><pt><x>1350</x><y>81</y><time>13-01-22 11:29:34:146</time></pt><pt><x>1330</x><y>81</y><time>13-01-22 11:29:34:512</time></pt><pt><x>1309</x><y>89</y><time>13-01-22 11:29:34:885</time></pt><pt><x>1283</x><y>107</y><time>13-01-22 11:29:35:186</time></pt><pt><x>1239</x><y>91</y><time>13-01-22 11:29:35:883</time></pt><pt><x>1222</x><y>85</y><time>13-01-22 11:29:36:270</time></pt><pt><x>1189</x><y>98</y><time>13-01-22 11:29:36:578</time></pt><pt><x>1154</x><y>124</y><time>13-01-22 11:29:36:881</time></pt><pt><x>1137</x><y>142</y><time>13-01-22 11:29:37:212</time></pt><pt><x>1115</x><y>155</y><time>13-01-22 11:29:37:498</time></pt><pt><x>1084</x><y>172</y><time>13-01-22 11:29:38:376</time></pt><closed_date>13-01-22 11:29:39:101</closed_date></polygon></object><object><name>restoration</name><deleted>0</deleted><verified>0</verified><occluded>no</occluded><attributes /><parts><hasparts /><ispartof>7</ispartof></parts><date>13-01-22 11:30:02:152</date><id>9</id><polygon><username>anonymous</username><pt><x>1056</x><y>675</y><time>13-01-22 11:29:47:476</time></pt><pt><x>1087</x><y>645</y><time>13-01-22 11:29:48:081</time></pt><pt><x>1097</x><y>614</y><time>13-01-22 11:29:48:452</time></pt><pt><x>1124</x><y>586</y><time>13-01-22 11:29:48:927</time></pt><pt><x>1143</x><y>579</y><time>13-01-22 11:29:49:221</time></pt><pt><x>1171</x><y>575</y><time>13-01-22 11:29:49:514</time></pt><pt><x>1209</x><y>557</y><time>13-01-22 11:29:49:822</time></pt><pt><x>1232</x><y>531</y><time>13-01-22 11:29:50:160</time></pt><pt><x>1256</x><y>492</y><time>13-01-22 11:29:50:614</time></pt><pt><x>1276</x><y>473</y><time>13-01-22 11:29:50:923</time></pt><pt><x>1302</x><y>453</y><time>13-01-22 11:29:51:217</time></pt><pt><x>1315</x><y>427</y><time>13-01-22 11:29:51:511</time></pt><pt><x>1315</x><y>398</y><time>13-01-22 11:29:51:776</time></pt><pt><x>1304</x><y>366</y><time>13-01-22 11:29:52:095</time></pt><pt><x>1291</x><y>355</y><time>13-01-22 11:29:52:395</time></pt><pt><x>1274</x><y>355</y><time>13-01-22 11:29:52:745</time></pt><pt><x>1237</x><y>353</y><time>13-01-22 11:29:53:937</time></pt><pt><x>1204</x><y>379</y><time>13-01-22 11:29:54:387</time></pt><pt><x>1174</x><y>396</y><time>13-01-22 11:29:54:850</time></pt><pt><x>1148</x><y>403</y><time>13-01-22 11:29:55:354</time></pt><pt><x>1117</x><y>420</y><time>13-01-22 11:29:55:676</time></pt><pt><x>1113</x><y>468</y><time>13-01-22 11:29:56:382</time></pt><pt><x>1087</x><y>481</y><time>13-01-22 11:29:56:847</time></pt><pt><x>1071</x><y>492</y><time>13-01-22 11:29:57:185</time></pt><pt><x>1036</x><y>516</y><time>13-01-22 11:29:57:645</time></pt><pt><x>1008</x><y>536</y><time>13-01-22 11:29:58:044</time></pt><pt><x>995</x><y>562</y><time>13-01-22 11:29:58:426</time></pt><pt><x>1002</x><y>592</y><time>13-01-22 11:29:58:804</time></pt><pt><x>1026</x><y>651</y><time>13-01-22 11:29:59:418</time></pt><closed_date>13-01-22 11:29:59:757</closed_date></polygon></object><object><name>restoration</name><deleted>0</deleted><verified>0</verified><occluded>no</occluded><attributes /><parts><hasparts /><ispartof>6</ispartof></parts><date>13-01-22 11:30:12:507</date><id>10</id><polygon><username>anonymous</username><pt><x>427</x><y>675</y><time>13-01-22 11:30:03:694</time></pt><pt><x>449</x><y>675</y><time>13-01-22 11:30:04:181</time></pt><pt><x>483</x><y>677</y><time>13-01-22 11:30:04:683</time></pt><pt><x>510</x><y>682</y><time>13-01-22 11:30:05:195</time></pt><pt><x>544</x><y>688</y><time>13-01-22 11:30:05:732</time></pt><pt><x>573</x><y>666</y><time>13-01-22 11:30:06:108</time></pt><pt><x>584</x><y>636</y><time>13-01-22 11:30:06:591</time></pt><pt><x>564</x><y>623</y><time>13-01-22 11:30:06:973</time></pt><pt><x>547</x><y>623</y><time>13-01-22 11:30:07:301</time></pt><pt><x>520</x><y>623</y><time>13-01-22 11:30:07:622</time></pt><pt><x>492</x><y>623</y><time>13-01-22 11:30:07:950</time></pt><pt><x>473</x><y>623</y><time>13-01-22 11:30:08:340</time></pt><pt><x>455</x><y>627</y><time>13-01-22 11:30:08:733</time></pt><pt><x>444</x><y>649</y><time>13-01-22 11:30:09:018</time></pt><closed_date>13-01-22 11:30:09:466</closed_date></polygon></object><imagesize><nrows /><ncols /></imagesize></annotation>