<annotation><filename>imagem-073.jpg</filename><folder>segmentation_xray</folder><source><sourceImage>The MIT-CSAIL database of objects and scenes</sourceImage><sourceAnnotation>LabelMe Webtool</sourceAnnotation></source><object><name>tooth</name><deleted>0</deleted><verified>0</verified><occluded>no</occluded><attributes>27</attributes><parts><hasparts /><ispartof /></parts><date>14-12-21 14:58:22:894</date><id>0</id><type>bounding_box</type><polygon><username>anonymous</username><pt><x>1109</x><y>602</y><time>14-12-21 14:58:08:064</time></pt><pt><x>1479</x><y>602</y><time>14-12-21 14:58:13:189</time></pt><pt><x>1479</x><y>15</y><time>undefined</time></pt><pt><x>1109</x><y>15</y><time>undefined</time></pt><closed_date>14-12-21 14:58:13:189</closed_date></polygon></object><object><name>tooth</name><deleted>0</deleted><verified>0</verified><occluded>no</occluded><attributes>26</attributes><parts><hasparts /><ispartof /></parts><date>14-12-21 14:58:34:452</date><id>1</id><type>bounding_box</type><polygon><username>anonymous</username><pt><x>1096</x><y>606</y><time>14-12-21 14:58:25:153</time></pt><pt><x>683</x><y>606</y><time>14-12-21 14:58:28:934</time></pt><pt><x>683</x><y>15</y><time>undefined</time></pt><pt><x>1096</x><y>15</y><time>undefined</time></pt><closed_date>14-12-21 14:58:28:934</closed_date></polygon></object><object><name>tooth</name><deleted>0</deleted><verified>0</verified><occluded>no</occluded><attributes>25</attributes><parts><hasparts>9</hasparts><ispartof /></parts><date>14-12-21 14:58:43:561</date><id>2</id><type>bounding_box</type><polygon><username>anonymous</username><pt><x>407</x><y>626</y><time>14-12-21 14:58:36:107</time></pt><pt><x>680</x><y>626</y><time>14-12-21 14:58:38:502</time></pt><pt><x>680</x><y>9</y><time>undefined</time></pt><pt><x>407</x><y>9</y><time>undefined</time></pt><closed_date>14-12-21 14:58:38:502</closed_date></polygon></object><object><name>tooth</name><deleted>0</deleted><verified>0</verified><occluded>no</occluded><attributes>24</attributes><parts><hasparts /><ispartof /></parts><date>14-12-21 14:58:56:113</date><id>3</id><type>bounding_box</type><polygon><username>anonymous</username><pt><x>107</x><y>641</y><time>14-12-21 14:58:45:576</time></pt><pt><x>414</x><y>641</y><time>14-12-21 14:58:51:438</time></pt><pt><x>414</x><y>0</y><time>undefined</time></pt><pt><x>107</x><y>0</y><time>undefined</time></pt><closed_date>14-12-21 14:58:51:438</closed_date></polygon></object><object><name>tooth</name><deleted>0</deleted><verified>0</verified><occluded>no</occluded><attributes>23</attributes><parts><hasparts /><ispartof /></parts><date>14-12-21 14:59:06:155</date><id>4</id><type>bounding_box</type><polygon><username>anonymous</username><pt><x>15</x><y>610</y><time>14-12-21 14:58:58:148</time></pt><pt><x>206</x><y>610</y><time>14-12-21 14:59:01:316</time></pt><pt><x>206</x><y>20</y><time>undefined</time></pt><pt><x>15</x><y>20</y><time>undefined</time></pt><closed_date>14-12-21 14:59:01:317</closed_date></polygon></object><object><name>tooth</name><deleted>0</deleted><verified>0</verified><occluded>no</occluded><attributes>37</attributes><parts><hasparts /><ispartof /></parts><date>14-12-21 14:59:19:702</date><id>5</id><type>bounding_box</type><polygon><username>anonymous</username><pt><x>1477</x><y>1234</y><time>14-12-21 14:59:10:131</time></pt><pt><x>980</x><y>1234</y><time>14-12-21 14:59:13:143</time></pt><pt><x>980</x><y>674</y><time>undefined</time></pt><pt><x>1477</x><y>674</y><time>undefined</time></pt><closed_date>14-12-21 14:59:13:143</closed_date></polygon></object><object><name>tooth</name><deleted>0</deleted><verified>0</verified><occluded>no</occluded><attributes>36</attributes><parts><hasparts /><ispartof /></parts><date>14-12-21 14:59:29:288</date><id>6</id><type>bounding_box</type><polygon><username>anonymous</username><pt><x>545</x><y>696</y><time>14-12-21 14:59:21:931</time></pt><pt><x>1026</x><y>696</y><time>14-12-21 14:59:24:283</time></pt><pt><x>1026</x><y>1232</y><time>undefined</time></pt><pt><x>545</x><y>1232</y><time>undefined</time></pt><closed_date>14-12-21 14:59:24:283</closed_date></polygon></object><object><name>tooth</name><deleted>0</deleted><verified>0</verified><occluded>no</occluded><attributes>35</attributes><parts><hasparts /><ispartof /></parts><date>14-12-21 14:59:37:450</date><id>7</id><type>bounding_box</type><polygon><username>anonymous</username><pt><x>256</x><y>700</y><time>14-12-21 14:59:30:665</time></pt><pt><x>560</x><y>700</y><time>14-12-21 14:59:32:741</time></pt><pt><x>560</x><y>1230</y><time>undefined</time></pt><pt><x>256</x><y>1230</y><time>undefined</time></pt><closed_date>14-12-21 14:59:32:741</closed_date></polygon></object><object><name>tooth</name><deleted>0</deleted><verified>0</verified><occluded>no</occluded><attributes>34</attributes><parts><hasparts /><ispartof /></parts><date>14-12-21 14:59:46:044</date><id>8</id><type>bounding_box</type><polygon><username>anonymous</username><pt><x>13</x><y>698</y><time>14-12-21 14:59:38:579</time></pt><pt><x>287</x><y>698</y><time>14-12-21 14:59:41:058</time></pt><pt><x>287</x><y>1232</y><time>undefined</time></pt><pt><x>13</x><y>1232</y><time>undefined</time></pt><closed_date>14-12-21 14:59:41:058</closed_date></polygon></object><object><name>restoration</name><deleted>0</deleted><verified>0</verified><occluded>no</occluded><attributes /><parts><hasparts /><ispartof>2</ispartof></parts><date>14-12-21 15:00:02:630</date><id>9</id><polygon><username>anonymous</username><pt><x>652</x><y>278</y><time>14-12-21 14:59:48:608</time></pt><pt><x>643</x><y>302</y><time>14-12-21 14:59:49:103</time></pt><pt><x>630</x><y>311</y><time>14-12-21 14:59:49:442</time></pt><pt><x>617</x><y>317</y><time>14-12-21 14:59:49:812</time></pt><pt><x>591</x><y>319</y><time>14-12-21 14:59:50:340</time></pt><pt><x>586</x><y>333</y><time>14-12-21 14:59:50:737</time></pt><pt><x>586</x><y>348</y><time>14-12-21 14:59:51:112</time></pt><pt><x>578</x><y>363</y><time>14-12-21 14:59:51:446</time></pt><pt><x>562</x><y>376</y><time>14-12-21 14:59:51:735</time></pt><pt><x>549</x><y>389</y><time>14-12-21 14:59:51:962</time></pt><pt><x>536</x><y>400</y><time>14-12-21 14:59:52:213</time></pt><pt><x>519</x><y>414</y><time>14-12-21 14:59:52:451</time></pt><pt><x>499</x><y>424</y><time>14-12-21 14:59:52:680</time></pt><pt><x>481</x><y>438</y><time>14-12-21 14:59:52:945</time></pt><pt><x>477</x><y>455</y><time>14-12-21 14:59:53:239</time></pt><pt><x>477</x><y>479</y><time>14-12-21 14:59:53:524</time></pt><pt><x>477</x><y>508</y><time>14-12-21 14:59:53:870</time></pt><pt><x>477</x><y>519</y><time>14-12-21 14:59:54:122</time></pt><pt><x>490</x><y>532</y><time>14-12-21 14:59:54:407</time></pt><pt><x>527</x><y>547</y><time>14-12-21 14:59:54:770</time></pt><pt><x>560</x><y>560</y><time>14-12-21 14:59:55:076</time></pt><pt><x>580</x><y>571</y><time>14-12-21 14:59:55:342</time></pt><pt><x>593</x><y>573</y><time>14-12-21 14:59:55:620</time></pt><pt><x>610</x><y>560</y><time>14-12-21 14:59:55:903</time></pt><pt><x>624</x><y>538</y><time>14-12-21 14:59:56:171</time></pt><pt><x>641</x><y>530</y><time>14-12-21 14:59:56:435</time></pt><pt><x>659</x><y>527</y><time>14-12-21 14:59:56:729</time></pt><pt><x>674</x><y>494</y><time>14-12-21 14:59:57:139</time></pt><pt><x>674</x><y>470</y><time>14-12-21 14:59:57:415</time></pt><pt><x>674</x><y>427</y><time>14-12-21 14:59:57:713</time></pt><pt><x>672</x><y>389</y><time>14-12-21 14:59:57:986</time></pt><pt><x>670</x><y>357</y><time>14-12-21 14:59:58:251</time></pt><pt><x>663</x><y>315</y><time>14-12-21 14:59:58:466</time></pt><pt><x>661</x><y>298</y><time>14-12-21 14:59:58:779</time></pt><closed_date>14-12-21 14:59:59:246</closed_date></polygon></object><imagesize><nrows /><ncols /></imagesize></annotation>