<annotation><filename>imagem-021.jpg</filename><folder>segmentation_xray</folder><source><sourceImage>The MIT-CSAIL database of objects and scenes</sourceImage><sourceAnnotation>LabelMe Webtool</sourceAnnotation></source><object><name>tooth</name><deleted>0</deleted><verified>0</verified><occluded>no</occluded><attributes>17</attributes><parts><hasparts>9</hasparts><ispartof /></parts><date>07-12-21 15:28:28:014</date><id>0</id><type>bounding_box</type><polygon><username>anonymous</username><pt><x>284</x><y>3</y><time>07-12-21 15:27:03:022</time></pt><pt><x>588</x><y>3</y><time>07-12-21 15:27:12:632</time></pt><pt><x>588</x><y>434</y><time>undefined</time></pt><pt><x>284</x><y>434</y><time>undefined</time></pt><closed_date>07-12-21 15:27:12:633</closed_date></polygon></object><object><name>tooth</name><deleted>0</deleted><verified>0</verified><occluded>no</occluded><attributes>16</attributes><parts><hasparts>10</hasparts><ispartof /></parts><date>07-12-21 15:28:47:178</date><id>1</id><type>bounding_box</type><polygon><username>anonymous</username><pt><x>885</x><y>422</y><time>07-12-21 15:28:32:982</time></pt><pt><x>536</x><y>422</y><time>07-12-21 15:28:39:536</time></pt><pt><x>536</x><y>7</y><time>undefined</time></pt><pt><x>885</x><y>7</y><time>undefined</time></pt><closed_date>07-12-21 15:28:39:537</closed_date></polygon></object><object><name>tooth</name><deleted>0</deleted><verified>0</verified><occluded>no</occluded><attributes>15</attributes><parts><hasparts>11</hasparts><ispartof /></parts><date>07-12-21 15:29:08:121</date><id>2</id><type>bounding_box</type><polygon><username>anonymous</username><pt><x>1087</x><y>406</y><time>07-12-21 15:28:49:979</time></pt><pt><x>873</x><y>406</y><time>07-12-21 15:29:01:940</time></pt><pt><x>873</x><y>8</y><time>undefined</time></pt><pt><x>1087</x><y>8</y><time>undefined</time></pt><closed_date>07-12-21 15:29:01:940</closed_date></polygon></object><object><name>tooth</name><deleted>0</deleted><verified>0</verified><occluded>no</occluded><attributes>14</attributes><parts><hasparts /><ispartof /></parts><date>07-12-21 15:29:31:786</date><id>3</id><type>bounding_box</type><polygon><username>anonymous</username><pt><x>1215</x><y>434</y><time>07-12-21 15:29:16:845</time></pt><pt><x>1084</x><y>434</y><time>07-12-21 15:29:25:707</time></pt><pt><x>1084</x><y>10</y><time>undefined</time></pt><pt><x>1215</x><y>10</y><time>undefined</time></pt><closed_date>07-12-21 15:29:25:707</closed_date></polygon></object><object><name>tooth</name><deleted>0</deleted><verified>0</verified><occluded>no</occluded><attributes>43</attributes><parts><hasparts /><ispartof /></parts><date>07-12-21 15:29:56:365</date><id>4</id><type>bounding_box</type><polygon><username>anonymous</username><pt><x>1107</x><y>528</y><time>07-12-21 15:29:38:907</time></pt><pt><x>1215</x><y>528</y><time>07-12-21 15:29:44:407</time></pt><pt><x>1215</x><y>943</y><time>undefined</time></pt><pt><x>1107</x><y>943</y><time>undefined</time></pt><closed_date>07-12-21 15:29:44:407</closed_date></polygon></object><object><name>tooth</name><deleted>0</deleted><verified>0</verified><occluded>no</occluded><attributes>44</attributes><parts><hasparts /><ispartof /></parts><date>07-12-21 15:30:32:261</date><id>5</id><type>bounding_box</type><polygon><username>anonymous</username><pt><x>945</x><y>494</y><time>07-12-21 15:30:14:375</time></pt><pt><x>1165</x><y>494</y><time>07-12-21 15:30:26:538</time></pt><pt><x>1165</x><y>945</y><time>undefined</time></pt><pt><x>945</x><y>945</y><time>undefined</time></pt><closed_date>07-12-21 15:30:26:539</closed_date></polygon></object><object><name>tooth</name><deleted>0</deleted><verified>0</verified><occluded>no</occluded><attributes>45</attributes><parts><hasparts>14</hasparts><ispartof /></parts><date>07-12-21 15:30:51:151</date><id>6</id><type>bounding_box</type><polygon><username>anonymous</username><pt><x>735</x><y>484</y><time>07-12-21 15:30:35:639</time></pt><pt><x>963</x><y>484</y><time>07-12-21 15:30:43:772</time></pt><pt><x>963</x><y>940</y><time>undefined</time></pt><pt><x>735</x><y>940</y><time>undefined</time></pt><closed_date>07-12-21 15:30:43:772</closed_date></polygon></object><object><name>tooth</name><deleted>0</deleted><verified>0</verified><occluded>no</occluded><attributes>46</attributes><parts><hasparts>13</hasparts><ispartof /></parts><date>07-12-21 15:31:54:041</date><id>7</id><type>bounding_box</type><polygon><username>anonymous</username><pt><x>374</x><y>481</y><time>07-12-21 15:31:40:159</time></pt><pt><x>773</x><y>481</y><time>07-12-21 15:31:47:423</time></pt><pt><x>773</x><y>947</y><time>undefined</time></pt><pt><x>374</x><y>947</y><time>undefined</time></pt><closed_date>07-12-21 15:31:47:423</closed_date></polygon></object><object><name>tooth</name><deleted>0</deleted><verified>0</verified><occluded>no</occluded><attributes>47</attributes><parts><hasparts>12</hasparts><ispartof /></parts><date>07-12-21 15:32:20:668</date><id>8</id><type>bounding_box</type><polygon><username>anonymous</username><pt><x>38</x><y>421</y><time>07-12-21 15:32:04:238</time></pt><pt><x>474</x><y>421</y><time>07-12-21 15:32:13:408</time></pt><pt><x>474</x><y>943</y><time>undefined</time></pt><pt><x>38</x><y>943</y><time>undefined</time></pt><closed_date>07-12-21 15:32:13:409</closed_date></polygon></object><object><name>restoration</name><deleted>0</deleted><verified>0</verified><occluded>no</occluded><attributes /><parts><hasparts /><ispartof>0</ispartof></parts><date>07-12-21 15:33:24:691</date><id>9</id><polygon><username>anonymous</username><pt><x>392</x><y>362</y><time>07-12-21 15:33:01:445</time></pt><pt><x>392</x><y>332</y><time>07-12-21 15:33:02:307</time></pt><pt><x>397</x><y>312</y><time>07-12-21 15:33:03:154</time></pt><pt><x>404</x><y>294</y><time>07-12-21 15:33:03:829</time></pt><pt><x>412</x><y>279</y><time>07-12-21 15:33:04:568</time></pt><pt><x>424</x><y>267</y><time>07-12-21 15:33:05:313</time></pt><pt><x>437</x><y>264</y><time>07-12-21 15:33:05:994</time></pt><pt><x>449</x><y>257</y><time>07-12-21 15:33:06:723</time></pt><pt><x>462</x><y>257</y><time>07-12-21 15:33:07:407</time></pt><pt><x>476</x><y>267</y><time>07-12-21 15:33:08:270</time></pt><pt><x>496</x><y>284</y><time>07-12-21 15:33:09:206</time></pt><pt><x>509</x><y>297</y><time>07-12-21 15:33:09:931</time></pt><pt><x>523</x><y>321</y><time>07-12-21 15:33:11:209</time></pt><pt><x>531</x><y>331</y><time>07-12-21 15:33:12:176</time></pt><pt><x>539</x><y>339</y><time>07-12-21 15:33:12:872</time></pt><pt><x>539</x><y>346</y><time>07-12-21 15:33:13:519</time></pt><pt><x>541</x><y>359</y><time>07-12-21 15:33:15:405</time></pt><pt><x>523</x><y>364</y><time>07-12-21 15:33:16:401</time></pt><pt><x>488</x><y>367</y><time>07-12-21 15:33:17:032</time></pt><pt><x>457</x><y>367</y><time>07-12-21 15:33:17:672</time></pt><pt><x>434</x><y>369</y><time>07-12-21 15:33:18:248</time></pt><closed_date>07-12-21 15:33:19:827</closed_date></polygon></object><object><name>restoration</name><deleted>0</deleted><verified>0</verified><occluded>no</occluded><attributes /><parts><hasparts /><ispartof>1</ispartof></parts><date>07-12-21 15:34:19:429</date><id>10</id><polygon><username>anonymous</username><pt><x>623</x><y>372</y><time>07-12-21 15:33:33:895</time></pt><pt><x>659</x><y>357</y><time>07-12-21 15:33:34:583</time></pt><pt><x>680</x><y>359</y><time>07-12-21 15:33:35:817</time></pt><pt><x>698</x><y>377</y><time>07-12-21 15:33:36:811</time></pt><pt><x>710</x><y>384</y><time>07-12-21 15:33:37:723</time></pt><pt><x>710</x><y>371</y><time>07-12-21 15:33:38:442</time></pt><pt><x>706</x><y>354</y><time>07-12-21 15:33:39:181</time></pt><pt><x>706</x><y>332</y><time>07-12-21 15:33:39:905</time></pt><pt><x>708</x><y>307</y><time>07-12-21 15:33:40:556</time></pt><pt><x>716</x><y>297</y><time>07-12-21 15:33:41:162</time></pt><pt><x>725</x><y>294</y><time>07-12-21 15:33:41:829</time></pt><pt><x>740</x><y>291</y><time>07-12-21 15:33:42:420</time></pt><pt><x>761</x><y>287</y><time>07-12-21 15:33:43:111</time></pt><pt><x>776</x><y>289</y><time>07-12-21 15:33:43:687</time></pt><pt><x>785</x><y>306</y><time>07-12-21 15:33:44:336</time></pt><pt><x>790</x><y>319</y><time>07-12-21 15:33:44:946</time></pt><pt><x>798</x><y>334</y><time>07-12-21 15:33:45:517</time></pt><pt><x>810</x><y>339</y><time>07-12-21 15:33:46:123</time></pt><pt><x>818</x><y>336</y><time>07-12-21 15:33:46:791</time></pt><pt><x>825</x><y>332</y><time>07-12-21 15:33:47:362</time></pt><pt><x>818</x><y>324</y><time>07-12-21 15:33:48:051</time></pt><pt><x>813</x><y>319</y><time>07-12-21 15:33:48:922</time></pt><pt><x>805</x><y>312</y><time>07-12-21 15:33:49:481</time></pt><pt><x>803</x><y>307</y><time>07-12-21 15:33:50:275</time></pt><pt><x>796</x><y>291</y><time>07-12-21 15:33:52:340</time></pt><pt><x>796</x><y>275</y><time>07-12-21 15:33:53:008</time></pt><pt><x>800</x><y>267</y><time>07-12-21 15:33:53:732</time></pt><pt><x>808</x><y>265</y><time>07-12-21 15:33:54:436</time></pt><pt><x>820</x><y>262</y><time>07-12-21 15:33:55:180</time></pt><pt><x>833</x><y>259</y><time>07-12-21 15:33:56:249</time></pt><pt><x>851</x><y>265</y><time>07-12-21 15:33:56:947</time></pt><pt><x>860</x><y>272</y><time>07-12-21 15:33:57:670</time></pt><pt><x>868</x><y>275</y><time>07-12-21 15:33:58:344</time></pt><pt><x>877</x><y>279</y><time>07-12-21 15:33:58:964</time></pt><pt><x>877</x><y>287</y><time>07-12-21 15:34:00:054</time></pt><pt><x>880</x><y>306</y><time>07-12-21 15:34:01:078</time></pt><pt><x>880</x><y>319</y><time>07-12-21 15:34:01:929</time></pt><pt><x>885</x><y>336</y><time>07-12-21 15:34:02:834</time></pt><pt><x>877</x><y>344</y><time>07-12-21 15:34:03:541</time></pt><pt><x>870</x><y>346</y><time>07-12-21 15:34:04:615</time></pt><pt><x>848</x><y>352</y><time>07-12-21 15:34:05:400</time></pt><pt><x>820</x><y>356</y><time>07-12-21 15:34:06:076</time></pt><pt><x>806</x><y>367</y><time>07-12-21 15:34:06:701</time></pt><pt><x>806</x><y>377</y><time>07-12-21 15:34:07:251</time></pt><pt><x>798</x><y>387</y><time>07-12-21 15:34:07:960</time></pt><pt><x>783</x><y>389</y><time>07-12-21 15:34:08:594</time></pt><pt><x>775</x><y>389</y><time>07-12-21 15:34:09:221</time></pt><pt><x>760</x><y>389</y><time>07-12-21 15:34:09:930</time></pt><pt><x>750</x><y>384</y><time>07-12-21 15:34:10:651</time></pt><pt><x>735</x><y>397</y><time>07-12-21 15:34:11:785</time></pt><pt><x>726</x><y>411</y><time>07-12-21 15:34:12:307</time></pt><pt><x>710</x><y>414</y><time>07-12-21 15:34:13:510</time></pt><pt><x>691</x><y>407</y><time>07-12-21 15:34:14:130</time></pt><pt><x>664</x><y>401</y><time>07-12-21 15:34:14:631</time></pt><closed_date>07-12-21 15:34:15:857</closed_date></polygon></object><object><name>restoration</name><deleted>0</deleted><verified>0</verified><occluded>no</occluded><attributes /><parts><hasparts /><ispartof>2</ispartof></parts><date>07-12-21 15:35:03:598</date><id>11</id><polygon><username>anonymous</username><pt><x>958</x><y>319</y><time>07-12-21 15:34:33:053</time></pt><pt><x>980</x><y>311</y><time>07-12-21 15:34:33:794</time></pt><pt><x>998</x><y>307</y><time>07-12-21 15:34:34:507</time></pt><pt><x>1005</x><y>286</y><time>07-12-21 15:34:35:516</time></pt><pt><x>1007</x><y>267</y><time>07-12-21 15:34:36:168</time></pt><pt><x>1015</x><y>252</y><time>07-12-21 15:34:36:775</time></pt><pt><x>1027</x><y>247</y><time>07-12-21 15:34:37:339</time></pt><pt><x>1049</x><y>249</y><time>07-12-21 15:34:37:921</time></pt><pt><x>1065</x><y>262</y><time>07-12-21 15:34:38:450</time></pt><pt><x>1080</x><y>270</y><time>07-12-21 15:34:38:985</time></pt><pt><x>1080</x><y>279</y><time>07-12-21 15:34:39:691</time></pt><pt><x>1084</x><y>287</y><time>07-12-21 15:34:40:372</time></pt><pt><x>1087</x><y>297</y><time>07-12-21 15:34:41:007</time></pt><pt><x>1087</x><y>319</y><time>07-12-21 15:34:41:605</time></pt><pt><x>1087</x><y>332</y><time>07-12-21 15:34:42:237</time></pt><pt><x>1084</x><y>336</y><time>07-12-21 15:34:42:856</time></pt><pt><x>1057</x><y>337</y><time>07-12-21 15:34:43:685</time></pt><pt><x>1040</x><y>337</y><time>07-12-21 15:34:44:772</time></pt><pt><x>1030</x><y>344</y><time>07-12-21 15:34:45:320</time></pt><pt><x>1015</x><y>357</y><time>07-12-21 15:34:46:085</time></pt><pt><x>997</x><y>366</y><time>07-12-21 15:34:46:810</time></pt><pt><x>967</x><y>364</y><time>07-12-21 15:34:47:326</time></pt><pt><x>940</x><y>364</y><time>07-12-21 15:34:48:033</time></pt><pt><x>923</x><y>359</y><time>07-12-21 15:34:48:544</time></pt><pt><x>902</x><y>349</y><time>07-12-21 15:34:49:490</time></pt><pt><x>892</x><y>346</y><time>07-12-21 15:34:50:448</time></pt><pt><x>882</x><y>334</y><time>07-12-21 15:34:50:970</time></pt><pt><x>882</x><y>314</y><time>07-12-21 15:34:51:533</time></pt><pt><x>878</x><y>296</y><time>07-12-21 15:34:52:103</time></pt><pt><x>878</x><y>282</y><time>07-12-21 15:34:52:764</time></pt><pt><x>883</x><y>270</y><time>07-12-21 15:34:53:328</time></pt><pt><x>895</x><y>259</y><time>07-12-21 15:34:54:041</time></pt><pt><x>903</x><y>247</y><time>07-12-21 15:34:54:616</time></pt><pt><x>922</x><y>237</y><time>07-12-21 15:34:55:230</time></pt><pt><x>940</x><y>247</y><time>07-12-21 15:34:56:232</time></pt><pt><x>945</x><y>265</y><time>07-12-21 15:34:57:468</time></pt><pt><x>947</x><y>284</y><time>07-12-21 15:34:58:069</time></pt><pt><x>950</x><y>302</y><time>07-12-21 15:34:58:638</time></pt><closed_date>07-12-21 15:34:59:406</closed_date></polygon></object><object><name>restoration</name><deleted>0</deleted><verified>0</verified><occluded>no</occluded><attributes /><parts><hasparts /><ispartof>8</ispartof></parts><date>07-12-21 15:35:52:625</date><id>12</id><polygon><username>anonymous</username><pt><x>217</x><y>483</y><time>07-12-21 15:35:28:146</time></pt><pt><x>229</x><y>513</y><time>07-12-21 15:35:29:361</time></pt><pt><x>247</x><y>513</y><time>07-12-21 15:35:29:953</time></pt><pt><x>260</x><y>516</y><time>07-12-21 15:35:30:454</time></pt><pt><x>275</x><y>524</y><time>07-12-21 15:35:30:897</time></pt><pt><x>289</x><y>534</y><time>07-12-21 15:35:31:324</time></pt><pt><x>302</x><y>546</y><time>07-12-21 15:35:31:711</time></pt><pt><x>314</x><y>556</y><time>07-12-21 15:35:32:074</time></pt><pt><x>322</x><y>556</y><time>07-12-21 15:35:32:472</time></pt><pt><x>341</x><y>554</y><time>07-12-21 15:35:33:006</time></pt><pt><x>359</x><y>551</y><time>07-12-21 15:35:33:404</time></pt><pt><x>377</x><y>548</y><time>07-12-21 15:35:33:860</time></pt><pt><x>394</x><y>553</y><time>07-12-21 15:35:34:517</time></pt><pt><x>406</x><y>561</y><time>07-12-21 15:35:35:053</time></pt><pt><x>416</x><y>561</y><time>07-12-21 15:35:35:525</time></pt><pt><x>424</x><y>549</y><time>07-12-21 15:35:36:081</time></pt><pt><x>429</x><y>541</y><time>07-12-21 15:35:36:576</time></pt><pt><x>429</x><y>533</y><time>07-12-21 15:35:37:048</time></pt><pt><x>419</x><y>523</y><time>07-12-21 15:35:37:597</time></pt><pt><x>404</x><y>513</y><time>07-12-21 15:35:38:225</time></pt><pt><x>389</x><y>504</y><time>07-12-21 15:35:38:766</time></pt><pt><x>376</x><y>504</y><time>07-12-21 15:35:39:266</time></pt><pt><x>367</x><y>511</y><time>07-12-21 15:35:40:096</time></pt><pt><x>354</x><y>508</y><time>07-12-21 15:35:40:561</time></pt><pt><x>342</x><y>508</y><time>07-12-21 15:35:40:999</time></pt><pt><x>329</x><y>508</y><time>07-12-21 15:35:41:786</time></pt><pt><x>312</x><y>508</y><time>07-12-21 15:35:42:213</time></pt><pt><x>307</x><y>506</y><time>07-12-21 15:35:42:711</time></pt><pt><x>302</x><y>496</y><time>07-12-21 15:35:43:197</time></pt><pt><x>304</x><y>486</y><time>07-12-21 15:35:43:791</time></pt><pt><x>287</x><y>481</y><time>07-12-21 15:35:44:319</time></pt><pt><x>275</x><y>476</y><time>07-12-21 15:35:44:793</time></pt><pt><x>265</x><y>479</y><time>07-12-21 15:35:45:230</time></pt><pt><x>262</x><y>488</y><time>07-12-21 15:35:45:752</time></pt><pt><x>252</x><y>484</y><time>07-12-21 15:35:46:281</time></pt><pt><x>250</x><y>474</y><time>07-12-21 15:35:46:962</time></pt><pt><x>235</x><y>467</y><time>07-12-21 15:35:47:485</time></pt><pt><x>222</x><y>467</y><time>07-12-21 15:35:47:995</time></pt><closed_date>07-12-21 15:35:48:445</closed_date></polygon></object><object><name>restoration</name><deleted>0</deleted><verified>0</verified><occluded>no</occluded><attributes /><parts><hasparts /><ispartof>7</ispartof></parts><date>07-12-21 15:36:29:527</date><id>13</id><polygon><username>anonymous</username><pt><x>491</x><y>544</y><time>07-12-21 15:35:56:553</time></pt><pt><x>519</x><y>573</y><time>07-12-21 15:35:57:593</time></pt><pt><x>551</x><y>576</y><time>07-12-21 15:35:58:097</time></pt><pt><x>579</x><y>574</y><time>07-12-21 15:35:58:630</time></pt><pt><x>598</x><y>574</y><time>07-12-21 15:35:59:087</time></pt><pt><x>613</x><y>593</y><time>07-12-21 15:35:59:615</time></pt><pt><x>623</x><y>603</y><time>07-12-21 15:36:00:082</time></pt><pt><x>648</x><y>623</y><time>07-12-21 15:36:01:266</time></pt><pt><x>654</x><y>636</y><time>07-12-21 15:36:02:013</time></pt><pt><x>673</x><y>639</y><time>07-12-21 15:36:02:525</time></pt><pt><x>681</x><y>644</y><time>07-12-21 15:36:03:046</time></pt><pt><x>708</x><y>659</y><time>07-12-21 15:36:03:547</time></pt><pt><x>723</x><y>670</y><time>07-12-21 15:36:03:945</time></pt><pt><x>738</x><y>673</y><time>07-12-21 15:36:04:421</time></pt><pt><x>756</x><y>664</y><time>07-12-21 15:36:05:462</time></pt><pt><x>761</x><y>656</y><time>07-12-21 15:36:06:035</time></pt><pt><x>763</x><y>623</y><time>07-12-21 15:36:06:675</time></pt><pt><x>763</x><y>589</y><time>07-12-21 15:36:07:218</time></pt><pt><x>765</x><y>568</y><time>07-12-21 15:36:07:761</time></pt><pt><x>765</x><y>556</y><time>07-12-21 15:36:08:309</time></pt><pt><x>756</x><y>551</y><time>07-12-21 15:36:08:997</time></pt><pt><x>725</x><y>554</y><time>07-12-21 15:36:09:506</time></pt><pt><x>698</x><y>543</y><time>07-12-21 15:36:19:512</time></pt><pt><x>661</x><y>533</y><time>07-12-21 15:36:20:353</time></pt><pt><x>636</x><y>533</y><time>07-12-21 15:36:20:962</time></pt><pt><x>613</x><y>526</y><time>07-12-21 15:36:21:610</time></pt><pt><x>588</x><y>521</y><time>07-12-21 15:36:22:333</time></pt><pt><x>561</x><y>508</y><time>07-12-21 15:36:23:079</time></pt><pt><x>543</x><y>503</y><time>07-12-21 15:36:23:629</time></pt><pt><x>533</x><y>499</y><time>07-12-21 15:36:24:124</time></pt><pt><x>516</x><y>501</y><time>07-12-21 15:36:24:555</time></pt><pt><x>493</x><y>516</y><time>07-12-21 15:36:25:131</time></pt><pt><x>484</x><y>528</y><time>07-12-21 15:36:25:583</time></pt><closed_date>07-12-21 15:36:26:079</closed_date></polygon></object><object><name>restoration</name><deleted>0</deleted><verified>0</verified><occluded>no</occluded><attributes /><parts><hasparts /><ispartof>6</ispartof></parts><date>07-12-21 15:37:02:372</date><id>14</id><polygon><username>anonymous</username><pt><x>917</x><y>573</y><time>07-12-21 15:36:34:445</time></pt><pt><x>893</x><y>571</y><time>07-12-21 15:36:35:278</time></pt><pt><x>880</x><y>563</y><time>07-12-21 15:36:35:953</time></pt><pt><x>873</x><y>553</y><time>07-12-21 15:36:36:453</time></pt><pt><x>872</x><y>553</y><time>07-12-21 15:36:36:898</time></pt><pt><x>860</x><y>566</y><time>07-12-21 15:36:37:415</time></pt><pt><x>857</x><y>576</y><time>07-12-21 15:36:37:922</time></pt><pt><x>846</x><y>576</y><time>07-12-21 15:36:38:493</time></pt><pt><x>836</x><y>578</y><time>07-12-21 15:36:38:961</time></pt><pt><x>823</x><y>584</y><time>07-12-21 15:36:39:434</time></pt><pt><x>805</x><y>586</y><time>07-12-21 15:36:40:003</time></pt><pt><x>795</x><y>586</y><time>07-12-21 15:36:40:422</time></pt><pt><x>791</x><y>603</y><time>07-12-21 15:36:40:958</time></pt><pt><x>776</x><y>618</y><time>07-12-21 15:36:41:479</time></pt><pt><x>778</x><y>636</y><time>07-12-21 15:36:42:041</time></pt><pt><x>766</x><y>656</y><time>07-12-21 15:36:42:612</time></pt><pt><x>761</x><y>666</y><time>07-12-21 15:36:43:294</time></pt><pt><x>745</x><y>661</y><time>07-12-21 15:36:43:861</time></pt><pt><x>740</x><y>644</y><time>07-12-21 15:36:44:389</time></pt><pt><x>740</x><y>628</y><time>07-12-21 15:36:45:051</time></pt><pt><x>738</x><y>593</y><time>07-12-21 15:36:46:016</time></pt><pt><x>741</x><y>561</y><time>07-12-21 15:36:46:698</time></pt><pt><x>746</x><y>554</y><time>07-12-21 15:36:47:450</time></pt><pt><x>766</x><y>559</y><time>07-12-21 15:36:48:048</time></pt><pt><x>778</x><y>564</y><time>07-12-21 15:36:48:559</time></pt><pt><x>793</x><y>556</y><time>07-12-21 15:36:49:128</time></pt><pt><x>803</x><y>554</y><time>07-12-21 15:36:49:672</time></pt><pt><x>816</x><y>553</y><time>07-12-21 15:36:50:170</time></pt><pt><x>833</x><y>556</y><time>07-12-21 15:36:50:890</time></pt><pt><x>841</x><y>548</y><time>07-12-21 15:36:51:488</time></pt><pt><x>850</x><y>541</y><time>07-12-21 15:36:52:044</time></pt><pt><x>867</x><y>534</y><time>07-12-21 15:36:52:742</time></pt><pt><x>885</x><y>534</y><time>07-12-21 15:36:53:192</time></pt><pt><x>902</x><y>534</y><time>07-12-21 15:36:53:633</time></pt><pt><x>928</x><y>538</y><time>07-12-21 15:36:54:319</time></pt><closed_date>07-12-21 15:36:57:542</closed_date></polygon></object><imagesize><nrows /><ncols /></imagesize></annotation>