<annotation><filename>imagem-004.jpg</filename><folder>segmentation_xray</folder><source><sourceImage>The MIT-CSAIL database of objects and scenes</sourceImage><sourceAnnotation>LabelMe Webtool</sourceAnnotation></source><object><name>tooth</name><deleted>0</deleted><verified>0</verified><occluded>no</occluded><attributes>17</attributes><parts><hasparts /><ispartof /></parts><date>13-01-22 11:11:34:546</date><id>0</id><type>bounding_box</type><polygon><username>anonymous</username><pt><x>97</x><y>7</y><time>13-01-22 11:11:23:201</time></pt><pt><x>434</x><y>7</y><time>13-01-22 11:11:27:614</time></pt><pt><x>434</x><y>411</y><time>undefined</time></pt><pt><x>97</x><y>411</y><time>undefined</time></pt><closed_date>13-01-22 11:11:27:615</closed_date></polygon></object><object><name>tooth</name><deleted>0</deleted><verified>0</verified><occluded>no</occluded><attributes>16</attributes><parts><hasparts /><ispartof /></parts><date>13-01-22 11:11:45:599</date><id>1</id><type>bounding_box</type><polygon><username>anonymous</username><pt><x>763</x><y>489</y><time>13-01-22 11:11:38:584</time></pt><pt><x>412</x><y>489</y><time>13-01-22 11:11:41:840</time></pt><pt><x>412</x><y>3</y><time>undefined</time></pt><pt><x>763</x><y>3</y><time>undefined</time></pt><closed_date>13-01-22 11:11:41:841</closed_date></polygon></object><object><name>tooth</name><deleted>0</deleted><verified>0</verified><occluded>no</occluded><attributes>15</attributes><parts><hasparts>8</hasparts><ispartof /></parts><date>13-01-22 11:11:54:155</date><id>2</id><type>bounding_box</type><polygon><username>anonymous</username><pt><x>993</x><y>491</y><time>13-01-22 11:11:48:069</time></pt><pt><x>748</x><y>491</y><time>13-01-22 11:11:50:958</time></pt><pt><x>748</x><y>5</y><time>undefined</time></pt><pt><x>993</x><y>5</y><time>undefined</time></pt><closed_date>13-01-22 11:11:50:958</closed_date></polygon></object><object><name>tooth</name><deleted>0</deleted><verified>0</verified><occluded>no</occluded><attributes>14</attributes><parts><hasparts /><ispartof /></parts><date>13-01-22 11:12:07:502</date><id>3</id><type>bounding_box</type><polygon><username>anonymous</username><pt><x>982</x><y>504</y><time>13-01-22 11:12:00:249</time></pt><pt><x>1214</x><y>504</y><time>13-01-22 11:12:03:672</time></pt><pt><x>1214</x><y>8</y><time>undefined</time></pt><pt><x>982</x><y>8</y><time>undefined</time></pt><closed_date>13-01-22 11:12:03:672</closed_date></polygon></object><object><name>tooth</name><deleted>0</deleted><verified>0</verified><occluded>no</occluded><attributes>44</attributes><parts><hasparts /><ispartof /></parts><date>13-01-22 11:12:25:344</date><id>4</id><type>bounding_box</type><polygon><username>anonymous</username><pt><x>1217</x><y>544</y><time>13-01-22 11:12:15:013</time></pt><pt><x>1035</x><y>544</y><time>13-01-22 11:12:17:458</time></pt><pt><x>1035</x><y>930</y><time>undefined</time></pt><pt><x>1217</x><y>930</y><time>undefined</time></pt><closed_date>13-01-22 11:12:17:458</closed_date></polygon></object><object><name>tooth</name><deleted>0</deleted><verified>0</verified><occluded>no</occluded><attributes>45</attributes><parts><hasparts /><ispartof /></parts><date>13-01-22 11:12:35:586</date><id>5</id><type>bounding_box</type><polygon><username>anonymous</username><pt><x>778</x><y>548</y><time>13-01-22 11:12:27:597</time></pt><pt><x>1023</x><y>548</y><time>13-01-22 11:12:32:423</time></pt><pt><x>1023</x><y>947</y><time>undefined</time></pt><pt><x>778</x><y>947</y><time>undefined</time></pt><closed_date>13-01-22 11:12:32:424</closed_date></polygon></object><object><name>tooth</name><deleted>0</deleted><verified>0</verified><occluded>no</occluded><attributes>46</attributes><parts><hasparts>9</hasparts><ispartof /></parts><date>13-01-22 11:12:44:523</date><id>6</id><type>bounding_box</type><polygon><username>anonymous</username><pt><x>386</x><y>526</y><time>13-01-22 11:12:38:061</time></pt><pt><x>776</x><y>526</y><time>13-01-22 11:12:40:879</time></pt><pt><x>776</x><y>947</y><time>undefined</time></pt><pt><x>386</x><y>947</y><time>undefined</time></pt><closed_date>13-01-22 11:12:40:879</closed_date></polygon></object><object><name>tooth</name><deleted>0</deleted><verified>0</verified><occluded>no</occluded><attributes>47</attributes><parts><hasparts /><ispartof /></parts><date>13-01-22 11:12:59:520</date><id>7</id><type>bounding_box</type><polygon><username>anonymous</username><pt><x>63</x><y>466</y><time>13-01-22 11:12:45:956</time></pt><pt><x>424</x><y>466</y><time>13-01-22 11:12:48:431</time></pt><pt><x>424</x><y>947</y><time>undefined</time></pt><pt><x>63</x><y>947</y><time>undefined</time></pt><closed_date>13-01-22 11:12:48:431</closed_date></polygon></object><object><name>restoration</name><deleted>0</deleted><verified>0</verified><occluded>no</occluded><attributes /><parts><hasparts /><ispartof>2</ispartof></parts><date>13-01-22 11:17:46:027</date><id>8</id><polygon><username>anonymous</username><pt><x>973</x><y>324</y><time>13-01-22 11:17:36:771</time></pt><pt><x>948</x><y>317</y><time>13-01-22 11:17:37:528</time></pt><pt><x>935</x><y>322</y><time>13-01-22 11:17:37:890</time></pt><pt><x>918</x><y>332</y><time>13-01-22 11:17:38:290</time></pt><pt><x>905</x><y>349</y><time>13-01-22 11:17:38:651</time></pt><pt><x>897</x><y>369</y><time>13-01-22 11:17:39:028</time></pt><pt><x>897</x><y>381</y><time>13-01-22 11:17:39:392</time></pt><pt><x>903</x><y>389</y><time>13-01-22 11:17:39:736</time></pt><pt><x>910</x><y>401</y><time>13-01-22 11:17:40:034</time></pt><pt><x>920</x><y>407</y><time>13-01-22 11:17:40:350</time></pt><pt><x>937</x><y>407</y><time>13-01-22 11:17:40:664</time></pt><pt><x>965</x><y>407</y><time>13-01-22 11:17:41:011</time></pt><pt><x>985</x><y>404</y><time>13-01-22 11:17:41:325</time></pt><pt><x>995</x><y>394</y><time>13-01-22 11:17:41:596</time></pt><pt><x>995</x><y>377</y><time>13-01-22 11:17:41:882</time></pt><pt><x>988</x><y>351</y><time>13-01-22 11:17:42:337</time></pt><pt><x>983</x><y>336</y><time>13-01-22 11:17:42:730</time></pt><closed_date>13-01-22 11:17:43:022</closed_date></polygon></object><object><name>restoration</name><deleted>0</deleted><verified>0</verified><occluded>no</occluded><attributes /><parts><hasparts /><ispartof>6</ispartof></parts><date>13-01-22 11:18:08:676</date><id>9</id><polygon><username>anonymous</username><pt><x>494</x><y>589</y><time>13-01-22 11:17:49:676</time></pt><pt><x>494</x><y>618</y><time>13-01-22 11:17:50:279</time></pt><pt><x>526</x><y>639</y><time>13-01-22 11:17:50:835</time></pt><pt><x>548</x><y>646</y><time>13-01-22 11:17:51:373</time></pt><pt><x>588</x><y>656</y><time>13-01-22 11:17:57:042</time></pt><pt><x>618</x><y>664</y><time>13-01-22 11:17:57:634</time></pt><pt><x>644</x><y>664</y><time>13-01-22 11:17:58:132</time></pt><pt><x>658</x><y>653</y><time>13-01-22 11:17:58:530</time></pt><pt><x>671</x><y>636</y><time>13-01-22 11:17:58:856</time></pt><pt><x>668</x><y>623</y><time>13-01-22 11:17:59:367</time></pt><pt><x>654</x><y>609</y><time>13-01-22 11:17:59:812</time></pt><pt><x>648</x><y>603</y><time>13-01-22 11:18:00:155</time></pt><pt><x>623</x><y>603</y><time>13-01-22 11:18:00:498</time></pt><pt><x>611</x><y>591</y><time>13-01-22 11:18:00:852</time></pt><pt><x>609</x><y>584</y><time>13-01-22 11:18:01:137</time></pt><pt><x>596</x><y>584</y><time>13-01-22 11:18:01:423</time></pt><pt><x>579</x><y>593</y><time>13-01-22 11:18:01:725</time></pt><pt><x>553</x><y>588</y><time>13-01-22 11:18:02:099</time></pt><pt><x>546</x><y>573</y><time>13-01-22 11:18:02:546</time></pt><pt><x>534</x><y>576</y><time>13-01-22 11:18:02:923</time></pt><pt><x>528</x><y>586</y><time>13-01-22 11:18:03:202</time></pt><pt><x>509</x><y>586</y><time>13-01-22 11:18:03:474</time></pt><closed_date>13-01-22 11:18:03:711</closed_date></polygon></object><imagesize><nrows /><ncols /></imagesize></annotation>