<annotation><filename>imagem-128.jpg</filename><folder>segmentation_xray</folder><source><sourceImage>The MIT-CSAIL database of objects and scenes</sourceImage><sourceAnnotation>LabelMe Webtool</sourceAnnotation></source><object><name>tooth 37</name><deleted>0</deleted><verified>0</verified><occluded>no</occluded><attributes /><parts><hasparts /><ispartof /></parts><date>17-01-22 20:00:23:012</date><id>0</id><type>bounding_box</type><polygon><username>anonymous</username><pt><x>1132</x><y>195.99999999999994</y><time>17-01-22 20:00:05:291</time></pt><pt><x>1602</x><y>195.99999999999994</y><time>17-01-22 20:00:09:512</time></pt><pt><x>1602</x><y>670</y><time>undefined</time></pt><pt><x>1132</x><y>670</y><time>undefined</time></pt><closed_date>17-01-22 20:00:09:513</closed_date></polygon></object><object><name>tooth 35</name><deleted>0</deleted><verified>0</verified><occluded>no</occluded><attributes /><parts><hasparts>8</hasparts><ispartof /></parts><date>17-01-22 20:00:35:216</date><id>1</id><type>bounding_box</type><polygon><username>anonymous</username><pt><x>508.00000000000006</x><y>677</y><time>17-01-22 20:00:25:369</time></pt><pt><x>989</x><y>677</y><time>17-01-22 20:00:31:055</time></pt><pt><x>989</x><y>1232</y><time>undefined</time></pt><pt><x>508.00000000000006</x><y>1232</y><time>undefined</time></pt><closed_date>17-01-22 20:00:31:056</closed_date></polygon></object><object><name>tooth 34</name><deleted>0</deleted><verified>0</verified><occluded>no</occluded><attributes /><parts><hasparts>10,9</hasparts><ispartof /></parts><date>17-01-22 20:00:41:774</date><id>2</id><type>bounding_box</type><polygon><username>anonymous</username><pt><x>236</x><y>786</y><time>17-01-22 20:00:37:210</time></pt><pt><x>592</x><y>786</y><time>17-01-22 20:00:38:783</time></pt><pt><x>592</x><y>1229</y><time>undefined</time></pt><pt><x>236</x><y>1229</y><time>undefined</time></pt><closed_date>17-01-22 20:00:38:784</closed_date></polygon></object><object><name>tooth 33</name><deleted>0</deleted><verified>0</verified><occluded>no</occluded><attributes /><parts><hasparts /><ispartof /></parts><date>17-01-22 20:00:49:052</date><id>3</id><type>bounding_box</type><polygon><username>anonymous</username><pt><x>5</x><y>853</y><time>17-01-22 20:00:43:805</time></pt><pt><x>404</x><y>853</y><time>17-01-22 20:00:45:639</time></pt><pt><x>404</x><y>1234</y><time>undefined</time></pt><pt><x>5</x><y>1234</y><time>undefined</time></pt><closed_date>17-01-22 20:00:45:639</closed_date></polygon></object><object><name>tooth 27</name><deleted>0</deleted><verified>0</verified><occluded>no</occluded><attributes /><parts><hasparts /><ispartof /></parts><date>17-01-22 20:00:57:838</date><id>4</id><type>bounding_box</type><polygon><username>anonymous</username><pt><x>753</x><y>421</y><time>17-01-22 20:00:50:678</time></pt><pt><x>1112</x><y>421</y><time>17-01-22 20:00:53:576</time></pt><pt><x>1112</x><y>2</y><time>undefined</time></pt><pt><x>753</x><y>2</y><time>undefined</time></pt><closed_date>17-01-22 20:00:53:576</closed_date></polygon></object><object><name>tooth 26</name><deleted>0</deleted><verified>0</verified><occluded>no</occluded><attributes /><parts><hasparts>11,12</hasparts><ispartof /></parts><date>17-01-22 20:01:04:132</date><id>5</id><type>bounding_box</type><polygon><username>anonymous</username><pt><x>372</x><y>619</y><time>17-01-22 20:00:59:641</time></pt><pt><x>793</x><y>619</y><time>17-01-22 20:01:01:376</time></pt><pt><x>793</x><y>5</y><time>undefined</time></pt><pt><x>372</x><y>5</y><time>undefined</time></pt><closed_date>17-01-22 20:01:01:376</closed_date></polygon></object><object><name>tooth 25</name><deleted>0</deleted><verified>0</verified><occluded>no</occluded><attributes /><parts><hasparts>13,14</hasparts><ispartof /></parts><date>17-01-22 20:01:10:999</date><id>6</id><type>bounding_box</type><polygon><username>anonymous</username><pt><x>86</x><y>684</y><time>17-01-22 20:01:05:727</time></pt><pt><x>393</x><y>684</y><time>17-01-22 20:01:07:967</time></pt><pt><x>393</x><y>2</y><time>undefined</time></pt><pt><x>86</x><y>2</y><time>undefined</time></pt><closed_date>17-01-22 20:01:07:967</closed_date></polygon></object><object><name>tooth 24</name><deleted>0</deleted><verified>0</verified><occluded>no</occluded><attributes /><parts><hasparts>15</hasparts><ispartof /></parts><date>17-01-22 20:01:22:946</date><id>7</id><type>bounding_box</type><polygon><username>anonymous</username><pt><x>2</x><y>716</y><time>17-01-22 20:01:14:766</time></pt><pt><x>83</x><y>716</y><time>17-01-22 20:01:17:168</time></pt><pt><x>83</x><y>194</y><time>undefined</time></pt><pt><x>2</x><y>194</y><time>undefined</time></pt><closed_date>17-01-22 20:01:17:168</closed_date></polygon></object><object><name>restoration</name><deleted>0</deleted><verified>0</verified><occluded>no</occluded><attributes /><parts><hasparts /><ispartof>1</ispartof></parts><date>17-01-22 20:02:03:697</date><id>8</id><polygon><username>anonymous</username><pt><x>668</x><y>797</y><time>17-01-22 20:01:52:090</time></pt><pt><x>663</x><y>834</y><time>17-01-22 20:01:52:792</time></pt><pt><x>693</x><y>846</y><time>17-01-22 20:01:53:308</time></pt><pt><x>735</x><y>846</y><time>17-01-22 20:01:54:036</time></pt><pt><x>746</x><y>818</y><time>17-01-22 20:01:54:559</time></pt><pt><x>737</x><y>788</y><time>17-01-22 20:01:55:060</time></pt><pt><x>733</x><y>774</y><time>17-01-22 20:01:55:476</time></pt><pt><x>728</x><y>751</y><time>17-01-22 20:01:56:045</time></pt><pt><x>719</x><y>742</y><time>17-01-22 20:01:56:478</time></pt><pt><x>686</x><y>749</y><time>17-01-22 20:01:56:903</time></pt><pt><x>659</x><y>751</y><time>17-01-22 20:01:57:268</time></pt><pt><x>638</x><y>753</y><time>17-01-22 20:01:57:548</time></pt><pt><x>603</x><y>774</y><time>17-01-22 20:01:58:295</time></pt><pt><x>582</x><y>776</y><time>17-01-22 20:01:58:839</time></pt><pt><x>617</x><y>797</y><time>17-01-22 20:01:59:599</time></pt><pt><x>647</x><y>807</y><time>17-01-22 20:02:00:060</time></pt><closed_date>17-01-22 20:02:00:757</closed_date></polygon></object><object><name>restoration</name><deleted>0</deleted><verified>0</verified><occluded>no</occluded><attributes /><parts><hasparts /><ispartof>2</ispartof></parts><date>17-01-22 20:02:18:537</date><id>9</id><polygon><username>anonymous</username><pt><x>409</x><y>834</y><time>17-01-22 20:02:11:073</time></pt><pt><x>423</x><y>867</y><time>17-01-22 20:02:11:677</time></pt><pt><x>432</x><y>897</y><time>17-01-22 20:02:12:149</time></pt><pt><x>451</x><y>908</y><time>17-01-22 20:02:12:511</time></pt><pt><x>469</x><y>904</y><time>17-01-22 20:02:12:934</time></pt><pt><x>490</x><y>883</y><time>17-01-22 20:02:13:341</time></pt><pt><x>478</x><y>857</y><time>17-01-22 20:02:13:943</time></pt><pt><x>471</x><y>834</y><time>17-01-22 20:02:14:364</time></pt><pt><x>481</x><y>816</y><time>17-01-22 20:02:14:789</time></pt><pt><x>444</x><y>827</y><time>17-01-22 20:02:15:442</time></pt><closed_date>17-01-22 20:02:16:101</closed_date></polygon></object><object><name>restoration</name><deleted>0</deleted><verified>0</verified><occluded>no</occluded><attributes /><parts><hasparts /><ispartof>2</ispartof></parts><date>17-01-22 20:02:29:089</date><id>10</id><polygon><username>anonymous</username><pt><x>289</x><y>871</y><time>17-01-22 20:02:21:833</time></pt><pt><x>298</x><y>899</y><time>17-01-22 20:02:22:510</time></pt><pt><x>305</x><y>929</y><time>17-01-22 20:02:23:066</time></pt><pt><x>330</x><y>934</y><time>17-01-22 20:02:23:493</time></pt><pt><x>365</x><y>915</y><time>17-01-22 20:02:23:967</time></pt><pt><x>365</x><y>892</y><time>17-01-22 20:02:24:421</time></pt><pt><x>365</x><y>867</y><time>17-01-22 20:02:24:728</time></pt><pt><x>358</x><y>857</y><time>17-01-22 20:02:25:115</time></pt><pt><x>349</x><y>855</y><time>17-01-22 20:02:25:549</time></pt><pt><x>330</x><y>857</y><time>17-01-22 20:02:25:877</time></pt><pt><x>312</x><y>864</y><time>17-01-22 20:02:26:273</time></pt><closed_date>17-01-22 20:02:26:723</closed_date></polygon></object><object><name>root canal treatment</name><deleted>0</deleted><verified>0</verified><occluded>no</occluded><attributes /><parts><hasparts /><ispartof>5</ispartof></parts><date>17-01-22 20:03:01:418</date><id>11</id><polygon><username>anonymous</username><pt><x>490</x><y>18</y><time>17-01-22 20:02:45:982</time></pt><pt><x>490</x><y>92</y><time>17-01-22 20:02:47:071</time></pt><pt><x>506</x><y>153</y><time>17-01-22 20:02:47:711</time></pt><pt><x>497</x><y>247</y><time>17-01-22 20:02:48:562</time></pt><pt><x>497</x><y>277</y><time>17-01-22 20:02:49:271</time></pt><pt><x>501</x><y>300</y><time>17-01-22 20:02:49:845</time></pt><pt><x>525</x><y>291</y><time>17-01-22 20:02:50:445</time></pt><pt><x>545</x><y>289</y><time>17-01-22 20:02:50:951</time></pt><pt><x>605</x><y>305</y><time>17-01-22 20:02:51:352</time></pt><pt><x>631</x><y>305</y><time>17-01-22 20:02:51:847</time></pt><pt><x>631</x><y>273</y><time>17-01-22 20:02:52:305</time></pt><pt><x>615</x><y>208</y><time>17-01-22 20:02:52:813</time></pt><pt><x>575</x><y>153</y><time>17-01-22 20:02:53:367</time></pt><pt><x>541</x><y>76</y><time>17-01-22 20:02:53:912</time></pt><pt><x>522</x><y>25</y><time>17-01-22 20:02:54:575</time></pt><pt><x>520</x><y>14</y><time>17-01-22 20:02:56:123</time></pt><pt><x>513</x><y>5</y><time>17-01-22 20:02:56:525</time></pt><closed_date>17-01-22 20:02:57:249</closed_date></polygon></object><object><name>restoration</name><deleted>0</deleted><verified>0</verified><occluded>no</occluded><attributes /><parts><hasparts /><ispartof>5</ispartof></parts><date>17-01-22 20:03:24:809</date><id>12</id><polygon><username>anonymous</username><pt><x>495</x><y>312</y><time>17-01-22 20:03:05:449</time></pt><pt><x>439</x><y>337</y><time>17-01-22 20:03:06:144</time></pt><pt><x>402</x><y>361</y><time>17-01-22 20:03:06:592</time></pt><pt><x>377</x><y>395</y><time>17-01-22 20:03:06:974</time></pt><pt><x>374</x><y>446</y><time>17-01-22 20:03:07:373</time></pt><pt><x>370</x><y>492</y><time>17-01-22 20:03:07:853</time></pt><pt><x>361</x><y>552</y><time>17-01-22 20:03:08:421</time></pt><pt><x>384</x><y>578</y><time>17-01-22 20:03:09:038</time></pt><pt><x>504</x><y>585</y><time>17-01-22 20:03:10:707</time></pt><pt><x>552</x><y>569</y><time>17-01-22 20:03:11:254</time></pt><pt><x>619</x><y>527</y><time>17-01-22 20:03:12:119</time></pt><pt><x>659</x><y>541</y><time>17-01-22 20:03:13:519</time></pt><pt><x>716</x><y>538</y><time>17-01-22 20:03:14:631</time></pt><pt><x>781</x><y>515</y><time>17-01-22 20:03:15:095</time></pt><pt><x>790</x><y>478</y><time>17-01-22 20:03:15:791</time></pt><pt><x>753</x><y>451</y><time>17-01-22 20:03:16:436</time></pt><pt><x>703</x><y>404</y><time>17-01-22 20:03:17:423</time></pt><pt><x>661</x><y>397</y><time>17-01-22 20:03:18:005</time></pt><pt><x>638</x><y>347</y><time>17-01-22 20:03:18:807</time></pt><pt><x>633</x><y>305</y><time>17-01-22 20:03:19:743</time></pt><pt><x>550</x><y>296</y><time>17-01-22 20:03:21:079</time></pt><closed_date>17-01-22 20:03:21:875</closed_date></polygon></object><object><name>root canal treatment</name><deleted>0</deleted><verified>0</verified><occluded>no</occluded><attributes /><parts><hasparts /><ispartof>6</ispartof></parts><date>17-01-22 20:03:40:246</date><id>13</id><polygon><username>anonymous</username><pt><x>199</x><y>379</y><time>17-01-22 20:03:29:137</time></pt><pt><x>187</x><y>296</y><time>17-01-22 20:03:30:143</time></pt><pt><x>180</x><y>180</y><time>17-01-22 20:03:30:955</time></pt><pt><x>169</x><y>88</y><time>17-01-22 20:03:31:999</time></pt><pt><x>164</x><y>37</y><time>17-01-22 20:03:33:344</time></pt><pt><x>176</x><y>35</y><time>17-01-22 20:03:33:908</time></pt><pt><x>185</x><y>97</y><time>17-01-22 20:03:34:514</time></pt><pt><x>206</x><y>192</y><time>17-01-22 20:03:35:070</time></pt><pt><x>236</x><y>330</y><time>17-01-22 20:03:35:739</time></pt><pt><x>250</x><y>372</y><time>17-01-22 20:03:36:229</time></pt><closed_date>17-01-22 20:03:37:140</closed_date></polygon></object><object><name>restoration</name><deleted>0</deleted><verified>0</verified><occluded>no</occluded><attributes /><parts><hasparts /><ispartof>6</ispartof></parts><date>17-01-22 20:03:53:929</date><id>14</id><polygon><username>anonymous</username><pt><x>192</x><y>386</y><time>17-01-22 20:03:41:446</time></pt><pt><x>176</x><y>418</y><time>17-01-22 20:03:42:199</time></pt><pt><x>190</x><y>501</y><time>17-01-22 20:03:42:654</time></pt><pt><x>229</x><y>599</y><time>17-01-22 20:03:43:543</time></pt><pt><x>213</x><y>624</y><time>17-01-22 20:03:44:077</time></pt><pt><x>222</x><y>659</y><time>17-01-22 20:03:45:567</time></pt><pt><x>259</x><y>636</y><time>17-01-22 20:03:46:058</time></pt><pt><x>342</x><y>599</y><time>17-01-22 20:03:46:445</time></pt><pt><x>388</x><y>566</y><time>17-01-22 20:03:46:846</time></pt><pt><x>381</x><y>504</y><time>17-01-22 20:03:47:370</time></pt><pt><x>361</x><y>460</y><time>17-01-22 20:03:47:814</time></pt><pt><x>340</x><y>421</y><time>17-01-22 20:03:48:224</time></pt><pt><x>305</x><y>386</y><time>17-01-22 20:03:48:803</time></pt><pt><x>263</x><y>372</y><time>17-01-22 20:03:49:339</time></pt><pt><x>236</x><y>374</y><time>17-01-22 20:03:50:331</time></pt><closed_date>17-01-22 20:03:51:152</closed_date></polygon></object><object><name>restoration</name><deleted>0</deleted><verified>0</verified><occluded>no</occluded><attributes /><parts><hasparts /><ispartof>7</ispartof></parts><date>17-01-22 20:04:05:758</date><id>15</id><polygon><username>anonymous</username><pt><x>37</x><y>599</y><time>17-01-22 20:03:57:044</time></pt><pt><x>53</x><y>571</y><time>17-01-22 20:03:57:885</time></pt><pt><x>44</x><y>559</y><time>17-01-22 20:03:58:393</time></pt><pt><x>30</x><y>555</y><time>17-01-22 20:03:58:856</time></pt><pt><x>16</x><y>562</y><time>17-01-22 20:03:59:365</time></pt><pt><x>7</x><y>564</y><time>17-01-22 20:03:59:781</time></pt><pt><x>7</x><y>582</y><time>17-01-22 20:04:00:417</time></pt><pt><x>2</x><y>612</y><time>17-01-22 20:04:00:878</time></pt><pt><x>2</x><y>629</y><time>17-01-22 20:04:01:261</time></pt><pt><x>2</x><y>629</y><time>17-01-22 20:04:01:549</time></pt><pt><x>23</x><y>622</y><time>17-01-22 20:04:02:077</time></pt><closed_date>17-01-22 20:04:02:556</closed_date></polygon></object><imagesize><nrows /><ncols /></imagesize><object><name>tooth</name><deleted>1</deleted><verified>0</verified><occluded>no</occluded><attributes /><parts><hasparts /><ispartof /></parts><date>10-02-22 11:42:03:104</date><id>16</id><type>bounding_box</type><polygon><username>anonymous</username><pt><x>901</x><y>500</y><time>10-02-22 11:41:56:468</time></pt><pt><x>995</x><y>500</y><time>10-02-22 11:41:57:602</time></pt><pt><x>995</x><y>603</y><time>undefined</time></pt><pt><x>901</x><y>603</y><time>undefined</time></pt><closed_date>10-02-22 11:41:57:603</closed_date></polygon></object><object><name>tooth</name><deleted>1</deleted><verified>0</verified><occluded>no</occluded><attributes /><parts><hasparts /><ispartof /></parts><date>10-02-22 11:42:17:416</date><id>17</id><polygon><username>anonymous</username><pt><x>1079</x><y>741</y><time>10-02-22 11:42:07:436</time></pt><pt><x>1085</x><y>932</y><time>10-02-22 11:42:08:522</time></pt><pt><x>1248</x><y>914</y><time>10-02-22 11:42:09:410</time></pt><pt><x>1226</x><y>735</y><time>10-02-22 11:42:10:866</time></pt><closed_date>10-02-22 11:42:12:402</closed_date></polygon></object></annotation>