<annotation><filename>imagem-130.jpg</filename><folder>segmentation_xray</folder><source><sourceImage>The MIT-CSAIL database of objects and scenes</sourceImage><sourceAnnotation>LabelMe Webtool</sourceAnnotation></source><object><name>tooth 17</name><deleted>0</deleted><verified>0</verified><occluded>no</occluded><attributes /><parts><hasparts /><ispartof /></parts><date>10-01-22 17:01:00:304</date><id>0</id><type>bounding_box</type><polygon><username>anonymous</username><pt><x>5</x><y>375</y><time>10-01-22 17:00:51:468</time></pt><pt><x>137</x><y>375</y><time>10-01-22 17:00:53:271</time></pt><pt><x>137</x><y>51</y><time>undefined</time></pt><pt><x>5</x><y>51</y><time>undefined</time></pt><closed_date>10-01-22 17:00:53:272</closed_date></polygon></object><object><name>tooth 16</name><deleted>0</deleted><verified>0</verified><occluded>no</occluded><attributes /><parts><hasparts>11,12,13</hasparts><ispartof /></parts><date>10-01-22 17:01:09:776</date><id>1</id><type>bounding_box</type><polygon><username>anonymous</username><pt><x>111</x><y>554</y><time>10-01-22 17:01:02:167</time></pt><pt><x>563</x><y>554</y><time>10-01-22 17:01:04:530</time></pt><pt><x>563</x><y>2</y><time>undefined</time></pt><pt><x>111</x><y>2</y><time>undefined</time></pt><closed_date>10-01-22 17:01:04:530</closed_date></polygon></object><object><name>tooth 15</name><deleted>0</deleted><verified>0</verified><occluded>no</occluded><attributes /><parts><hasparts>14</hasparts><ispartof /></parts><date>10-01-22 17:01:17:276</date><id>2</id><type>bounding_box</type><polygon><username>anonymous</username><pt><x>533</x><y>584</y><time>10-01-22 17:01:11:681</time></pt><pt><x>820</x><y>584</y><time>10-01-22 17:01:14:156</time></pt><pt><x>820</x><y>5</y><time>undefined</time></pt><pt><x>533</x><y>5</y><time>undefined</time></pt><closed_date>10-01-22 17:01:14:156</closed_date></polygon></object><object><name>tooth 14</name><deleted>0</deleted><verified>0</verified><occluded>no</occluded><attributes /><parts><hasparts /><ispartof /></parts><date>10-01-22 17:01:25:172</date><id>3</id><type>bounding_box</type><polygon><username>anonymous</username><pt><x>774</x><y>614</y><time>10-01-22 17:01:18:989</time></pt><pt><x>1096</x><y>614</y><time>10-01-22 17:01:21:863</time></pt><pt><x>1096</x><y>2</y><time>undefined</time></pt><pt><x>774</x><y>2</y><time>undefined</time></pt><closed_date>10-01-22 17:01:21:863</closed_date></polygon></object><object><name>tooth 13</name><deleted>0</deleted><verified>0</verified><occluded>no</occluded><attributes /><parts><hasparts /><ispartof /></parts><date>10-01-22 17:01:37:834</date><id>4</id><type>bounding_box</type><polygon><username>anonymous</username><pt><x>1406</x><y>588</y><time>10-01-22 17:01:31:755</time></pt><pt><x>1073</x><y>588</y><time>10-01-22 17:01:33:781</time></pt><pt><x>1073</x><y>0</y><time>undefined</time></pt><pt><x>1406</x><y>0</y><time>undefined</time></pt><closed_date>10-01-22 17:01:33:781</closed_date></polygon></object><object><name>tooth 12</name><deleted>0</deleted><verified>0</verified><occluded>no</occluded><attributes /><parts><hasparts /><ispartof /></parts><date>10-01-22 17:01:47:796</date><id>5</id><type>bounding_box</type><polygon><username>anonymous</username><pt><x>1351</x><y>619</y><time>10-01-22 17:01:42:070</time></pt><pt><x>1598</x><y>619</y><time>10-01-22 17:01:44:439</time></pt><pt><x>1598</x><y>9</y><time>undefined</time></pt><pt><x>1351</x><y>9</y><time>undefined</time></pt><closed_date>10-01-22 17:01:44:439</closed_date></polygon></object><object><name>tooth 42</name><deleted>0</deleted><verified>0</verified><occluded>no</occluded><attributes /><parts><hasparts /><ispartof /></parts><date>10-01-22 17:01:57:177</date><id>6</id><type>bounding_box</type><polygon><username>anonymous</username><pt><x>1420</x><y>707</y><time>10-01-22 17:01:51:297</time></pt><pt><x>1603</x><y>707</y><time>10-01-22 17:01:53:476</time></pt><pt><x>1603</x><y>1202</y><time>undefined</time></pt><pt><x>1420</x><y>1202</y><time>undefined</time></pt><closed_date>10-01-22 17:01:53:476</closed_date></polygon></object><object><name>tooth 43</name><deleted>0</deleted><verified>0</verified><occluded>no</occluded><attributes /><parts><hasparts /><ispartof /></parts><date>10-01-22 17:02:04:906</date><id>7</id><type>bounding_box</type><polygon><username>anonymous</username><pt><x>1172</x><y>669</y><time>10-01-22 17:01:58:826</time></pt><pt><x>1478</x><y>669</y><time>10-01-22 17:02:00:476</time></pt><pt><x>1478</x><y>1242</y><time>undefined</time></pt><pt><x>1172</x><y>1242</y><time>undefined</time></pt><closed_date>10-01-22 17:02:00:479</closed_date></polygon></object><object><name>tooth 44</name><deleted>0</deleted><verified>0</verified><occluded>no</occluded><attributes /><parts><hasparts /><ispartof /></parts><date>10-01-22 17:02:13:541</date><id>8</id><type>bounding_box</type><polygon><username>anonymous</username><pt><x>822</x><y>651</y><time>10-01-22 17:02:07:363</time></pt><pt><x>1151</x><y>651</y><time>10-01-22 17:02:09:642</time></pt><pt><x>1151</x><y>1237</y><time>undefined</time></pt><pt><x>822</x><y>1237</y><time>undefined</time></pt><closed_date>10-01-22 17:02:09:642</closed_date></polygon></object><object><name>tooth 45</name><deleted>0</deleted><verified>0</verified><occluded>no</occluded><attributes /><parts><hasparts>15</hasparts><ispartof /></parts><date>10-01-22 17:02:22:513</date><id>9</id><type>bounding_box</type><polygon><username>anonymous</username><pt><x>547</x><y>658</y><time>10-01-22 17:02:16:141</time></pt><pt><x>859</x><y>658</y><time>10-01-22 17:02:18:617</time></pt><pt><x>859</x><y>1239</y><time>undefined</time></pt><pt><x>547</x><y>1239</y><time>undefined</time></pt><closed_date>10-01-22 17:02:18:618</closed_date></polygon></object><object><name>tooth 47</name><deleted>0</deleted><verified>0</verified><occluded>no</occluded><attributes /><parts><hasparts>16</hasparts><ispartof /></parts><date>10-01-22 17:02:37:520</date><id>10</id><type>bounding_box</type><polygon><username>anonymous</username><pt><x>2</x><y>491</y><time>10-01-22 17:02:27:418</time></pt><pt><x>380</x><y>491</y><time>10-01-22 17:02:30:175</time></pt><pt><x>380</x><y>1133</y><time>undefined</time></pt><pt><x>2</x><y>1133</y><time>undefined</time></pt><closed_date>10-01-22 17:02:30:175</closed_date></polygon></object><object><name>restoration</name><deleted>0</deleted><verified>0</verified><occluded>no</occluded><attributes /><parts><hasparts /><ispartof>1</ispartof></parts><date>10-01-22 17:03:47:828</date><id>11</id><polygon><username>anonymous</username><pt><x>167</x><y>389</y><time>10-01-22 17:02:43:344</time></pt><pt><x>208</x><y>426</y><time>10-01-22 17:03:38:162</time></pt><pt><x>257</x><y>445</y><time>10-01-22 17:03:38:747</time></pt><pt><x>290</x><y>461</y><time>10-01-22 17:03:39:335</time></pt><pt><x>287</x><y>412</y><time>10-01-22 17:03:39:912</time></pt><pt><x>271</x><y>398</y><time>10-01-22 17:03:40:434</time></pt><pt><x>276</x><y>371</y><time>10-01-22 17:03:40:877</time></pt><pt><x>276</x><y>371</y><time>10-01-22 17:03:41:099</time></pt><pt><x>273</x><y>317</y><time>10-01-22 17:03:41:973</time></pt><pt><x>155</x><y>266</y><time>10-01-22 17:03:42:563</time></pt><pt><x>130</x><y>331</y><time>10-01-22 17:03:43:584</time></pt><closed_date>10-01-22 17:03:44:422</closed_date></polygon></object><object><name>restoration</name><deleted>0</deleted><verified>0</verified><occluded>no</occluded><attributes /><parts><hasparts /><ispartof>1</ispartof></parts><date>10-01-22 17:04:00:310</date><id>12</id><polygon><username>anonymous</username><pt><x>299</x><y>387</y><time>10-01-22 17:03:51:604</time></pt><pt><x>320</x><y>338</y><time>10-01-22 17:03:52:393</time></pt><pt><x>366</x><y>341</y><time>10-01-22 17:03:52:973</time></pt><pt><x>401</x><y>368</y><time>10-01-22 17:03:53:553</time></pt><pt><x>410</x><y>412</y><time>10-01-22 17:03:54:257</time></pt><pt><x>387</x><y>442</y><time>10-01-22 17:03:54:968</time></pt><pt><x>366</x><y>442</y><time>10-01-22 17:03:55:519</time></pt><pt><x>294</x><y>440</y><time>10-01-22 17:03:56:352</time></pt><closed_date>10-01-22 17:03:57:031</closed_date></polygon></object><object><name>restoration</name><deleted>0</deleted><verified>0</verified><occluded>no</occluded><attributes /><parts><hasparts /><ispartof>1</ispartof></parts><date>10-01-22 17:04:14:229</date><id>13</id><polygon><username>anonymous</username><pt><x>408</x><y>442</y><time>10-01-22 17:04:03:859</time></pt><pt><x>438</x><y>466</y><time>10-01-22 17:04:04:772</time></pt><pt><x>468</x><y>484</y><time>10-01-22 17:04:05:400</time></pt><pt><x>507</x><y>468</y><time>10-01-22 17:04:06:057</time></pt><pt><x>544</x><y>436</y><time>10-01-22 17:04:06:675</time></pt><pt><x>549</x><y>364</y><time>10-01-22 17:04:07:444</time></pt><pt><x>530</x><y>354</y><time>10-01-22 17:04:08:102</time></pt><pt><x>489</x><y>371</y><time>10-01-22 17:04:08:851</time></pt><pt><x>459</x><y>398</y><time>10-01-22 17:04:09:471</time></pt><pt><x>422</x><y>403</y><time>10-01-22 17:04:10:082</time></pt><closed_date>10-01-22 17:04:10:648</closed_date></polygon></object><object><name>restoration</name><deleted>0</deleted><verified>0</verified><occluded>no</occluded><attributes /><parts><hasparts /><ispartof>2</ispartof></parts><date>10-01-22 17:04:29:147</date><id>14</id><polygon><username>anonymous</username><pt><x>621</x><y>480</y><time>10-01-22 17:04:18:268</time></pt><pt><x>619</x><y>429</y><time>10-01-22 17:04:19:049</time></pt><pt><x>612</x><y>387</y><time>10-01-22 17:04:21:377</time></pt><pt><x>575</x><y>368</y><time>10-01-22 17:04:21:971</time></pt><pt><x>561</x><y>357</y><time>10-01-22 17:04:22:573</time></pt><pt><x>537</x><y>352</y><time>10-01-22 17:04:23:216</time></pt><pt><x>537</x><y>412</y><time>10-01-22 17:04:23:951</time></pt><pt><x>549</x><y>463</y><time>10-01-22 17:04:24:615</time></pt><pt><x>579</x><y>489</y><time>10-01-22 17:04:25:216</time></pt><closed_date>10-01-22 17:04:25:966</closed_date></polygon></object><object><name>restoration</name><deleted>0</deleted><verified>0</verified><occluded>no</occluded><attributes /><parts><hasparts /><ispartof>9</ispartof></parts><date>10-01-22 17:04:48:005</date><id>15</id><polygon><username>anonymous</username><pt><x>588</x><y>788</y><time>10-01-22 17:04:39:460</time></pt><pt><x>591</x><y>820</y><time>10-01-22 17:04:40:051</time></pt><pt><x>616</x><y>836</y><time>10-01-22 17:04:40:609</time></pt><pt><x>635</x><y>836</y><time>10-01-22 17:04:41:157</time></pt><pt><x>672</x><y>811</y><time>10-01-22 17:04:41:688</time></pt><pt><x>679</x><y>785</y><time>10-01-22 17:04:42:235</time></pt><pt><x>672</x><y>753</y><time>10-01-22 17:04:42:801</time></pt><pt><x>637</x><y>778</y><time>10-01-22 17:04:43:401</time></pt><pt><x>607</x><y>781</y><time>10-01-22 17:04:43:999</time></pt><closed_date>10-01-22 17:04:44:488</closed_date></polygon></object><object><name>restoration</name><deleted>0</deleted><verified>0</verified><occluded>no</occluded><attributes /><parts><hasparts /><ispartof>10</ispartof></parts><date>10-01-22 17:05:09:536</date><id>16</id><polygon><username>anonymous</username><pt><x>107</x><y>753</y><time>10-01-22 17:04:52:063</time></pt><pt><x>134</x><y>753</y><time>10-01-22 17:04:52:739</time></pt><pt><x>176</x><y>767</y><time>10-01-22 17:04:53:261</time></pt><pt><x>255</x><y>797</y><time>10-01-22 17:04:54:557</time></pt><pt><x>283</x><y>760</y><time>10-01-22 17:04:55:264</time></pt><pt><x>269</x><y>704</y><time>10-01-22 17:04:55:892</time></pt><pt><x>227</x><y>690</y><time>10-01-22 17:04:56:513</time></pt><pt><x>195</x><y>649</y><time>10-01-22 17:04:57:231</time></pt><pt><x>181</x><y>632</y><time>10-01-22 17:04:57:790</time></pt><pt><x>137</x><y>609</y><time>10-01-22 17:04:58:412</time></pt><pt><x>102</x><y>579</y><time>10-01-22 17:04:59:081</time></pt><pt><x>90</x><y>565</y><time>10-01-22 17:04:59:752</time></pt><pt><x>53</x><y>563</y><time>10-01-22 17:05:00:491</time></pt><pt><x>16</x><y>598</y><time>10-01-22 17:05:01:267</time></pt><pt><x>14</x><y>621</y><time>10-01-22 17:05:02:240</time></pt><pt><x>14</x><y>651</y><time>10-01-22 17:05:03:043</time></pt><pt><x>14</x><y>674</y><time>10-01-22 17:05:03:716</time></pt><pt><x>12</x><y>714</y><time>10-01-22 17:05:04:408</time></pt><pt><x>37</x><y>739</y><time>10-01-22 17:05:05:108</time></pt><closed_date>10-01-22 17:05:05:808</closed_date></polygon></object><imagesize><nrows /><ncols /></imagesize></annotation>