<annotation><filename>imagem-030.jpg</filename><folder>segmentation_xray</folder><source><sourceImage>The MIT-CSAIL database of objects and scenes</sourceImage><sourceAnnotation>LabelMe Webtool</sourceAnnotation></source><object><name>tooth 37</name><deleted>0</deleted><verified>0</verified><occluded>no</occluded><attributes /><parts><hasparts /><ispartof>10</ispartof></parts><date>10-01-22 17:06:00:916</date><id>0</id><type>bounding_box</type><polygon><username>anonymous</username><pt><x>794</x><y>336</y><time>10-01-22 17:05:47:745</time></pt><pt><x>1219</x><y>336</y><time>10-01-22 17:05:57:053</time></pt><pt><x>1219</x><y>911</y><time>undefined</time></pt><pt><x>794</x><y>911</y><time>undefined</time></pt><closed_date>10-01-22 17:05:57:053</closed_date></polygon></object><object><name>tooth 36</name><deleted>0</deleted><verified>0</verified><occluded>no</occluded><attributes /><parts><hasparts>12</hasparts><ispartof>10</ispartof></parts><date>10-01-22 17:06:08:541</date><id>1</id><type>bounding_box</type><polygon><username>anonymous</username><pt><x>471</x><y>402</y><time>10-01-22 17:06:02:494</time></pt><pt><x>911</x><y>402</y><time>10-01-22 17:06:04:488</time></pt><pt><x>911</x><y>946</y><time>undefined</time></pt><pt><x>471</x><y>946</y><time>undefined</time></pt><closed_date>10-01-22 17:06:04:489</closed_date></polygon></object><object><name>tooth 35</name><deleted>0</deleted><verified>0</verified><occluded>no</occluded><attributes /><parts><hasparts /><ispartof>10</ispartof></parts><date>10-01-22 17:06:17:264</date><id>2</id><type>bounding_box</type><polygon><username>anonymous</username><pt><x>246</x><y>430</y><time>10-01-22 17:06:10:261</time></pt><pt><x>506</x><y>430</y><time>10-01-22 17:06:12:865</time></pt><pt><x>506</x><y>945</y><time>undefined</time></pt><pt><x>246</x><y>945</y><time>undefined</time></pt><closed_date>10-01-22 17:06:12:865</closed_date></polygon></object><object><name>tooth 34</name><deleted>0</deleted><verified>0</verified><occluded>no</occluded><attributes /><parts><hasparts /><ispartof>10</ispartof></parts><date>10-01-22 17:06:26:150</date><id>3</id><type>bounding_box</type><polygon><username>anonymous</username><pt><x>32</x><y>441</y><time>10-01-22 17:06:19:154</time></pt><pt><x>262</x><y>441</y><time>10-01-22 17:06:21:596</time></pt><pt><x>262</x><y>946</y><time>undefined</time></pt><pt><x>32</x><y>946</y><time>undefined</time></pt><closed_date>10-01-22 17:06:21:596</closed_date></polygon></object><object><name>tooth 33</name><deleted>0</deleted><verified>0</verified><occluded>no</occluded><attributes /><parts><hasparts /><ispartof>10</ispartof></parts><date>10-01-22 17:06:37:568</date><id>4</id><type>bounding_box</type><polygon><username>anonymous</username><pt><x>145</x><y>469</y><time>10-01-22 17:06:29:890</time></pt><pt><x>0</x><y>469</y><time>10-01-22 17:06:33:203</time></pt><pt><x>0</x><y>929</y><time>undefined</time></pt><pt><x>145</x><y>929</y><time>undefined</time></pt><closed_date>10-01-22 17:06:33:204</closed_date></polygon></object><object><name>tooth 27</name><deleted>0</deleted><verified>0</verified><occluded>no</occluded><attributes /><parts><hasparts /><ispartof>10</ispartof></parts><date>10-01-22 17:06:48:356</date><id>5</id><type>bounding_box</type><polygon><username>anonymous</username><pt><x>761</x><y>336</y><time>10-01-22 17:06:42:657</time></pt><pt><x>1058</x><y>336</y><time>10-01-22 17:06:44:822</time></pt><pt><x>1058</x><y>1</y><time>undefined</time></pt><pt><x>761</x><y>1</y><time>undefined</time></pt><closed_date>10-01-22 17:06:44:823</closed_date></polygon></object><object><name>tooth 26</name><deleted>0</deleted><verified>0</verified><occluded>no</occluded><attributes /><parts><hasparts>10,9</hasparts><ispartof>10</ispartof></parts><date>10-01-22 17:06:58:666</date><id>6</id><type>bounding_box</type><polygon><username>anonymous</username><pt><x>455</x><y>364</y><time>10-01-22 17:06:49:766</time></pt><pt><x>787</x><y>364</y><time>10-01-22 17:06:52:280</time></pt><pt><x>787</x><y>5</y><time>undefined</time></pt><pt><x>455</x><y>5</y><time>undefined</time></pt><closed_date>10-01-22 17:06:52:281</closed_date></polygon></object><object><name>tooth 25</name><deleted>0</deleted><verified>0</verified><occluded>no</occluded><attributes /><parts><hasparts>11</hasparts><ispartof>10</ispartof></parts><date>10-01-22 17:07:09:444</date><id>7</id><type>bounding_box</type><polygon><username>anonymous</username><pt><x>258</x><y>363</y><time>10-01-22 17:07:01:063</time></pt><pt><x>467</x><y>363</y><time>10-01-22 17:07:03:234</time></pt><pt><x>467</x><y>11</y><time>undefined</time></pt><pt><x>258</x><y>11</y><time>undefined</time></pt><closed_date>10-01-22 17:07:03:234</closed_date></polygon></object><object><name>tooth 24</name><deleted>0</deleted><verified>0</verified><occluded>no</occluded><attributes /><parts><hasparts /><ispartof>10</ispartof></parts><date>10-01-22 17:07:15:786</date><id>8</id><type>bounding_box</type><polygon><username>anonymous</username><pt><x>78</x><y>387</y><time>10-01-22 17:07:11:094</time></pt><pt><x>276</x><y>387</y><time>10-01-22 17:07:12:670</time></pt><pt><x>276</x><y>4</y><time>undefined</time></pt><pt><x>78</x><y>4</y><time>undefined</time></pt><closed_date>10-01-22 17:07:12:670</closed_date></polygon></object><object><name>restoration</name><deleted>0</deleted><verified>0</verified><occluded>no</occluded><attributes /><parts><hasparts /><ispartof>6</ispartof></parts><date>10-01-22 17:07:44:246</date><id>9</id><polygon><username>anonymous</username><pt><x>644</x><y>285</y><time>10-01-22 17:07:36:288</time></pt><pt><x>662</x><y>260</y><time>10-01-22 17:07:36:990</time></pt><pt><x>678</x><y>260</y><time>10-01-22 17:07:37:502</time></pt><pt><x>711</x><y>264</y><time>10-01-22 17:07:38:033</time></pt><pt><x>711</x><y>283</y><time>10-01-22 17:07:38:561</time></pt><pt><x>713</x><y>301</y><time>10-01-22 17:07:39:123</time></pt><pt><x>690</x><y>301</y><time>10-01-22 17:07:39:577</time></pt><pt><x>674</x><y>304</y><time>10-01-22 17:07:40:102</time></pt><pt><x>640</x><y>304</y><time>10-01-22 17:07:40:632</time></pt><closed_date>10-01-22 17:07:41:162</closed_date></polygon></object><object><name>restoration</name><deleted>0</deleted><verified>0</verified><occluded>no</occluded><attributes /><parts><hasparts /><ispartof>6</ispartof></parts><date>10-01-22 17:07:57:966</date><id>10</id><polygon><username>anonymous</username><pt><x>476</x><y>209</y><time>10-01-22 17:07:48:118</time></pt><pt><x>517</x><y>209</y><time>10-01-22 17:07:48:690</time></pt><pt><x>531</x><y>214</y><time>10-01-22 17:07:49:142</time></pt><pt><x>547</x><y>225</y><time>10-01-22 17:07:49:697</time></pt><pt><x>543</x><y>248</y><time>10-01-22 17:07:50:303</time></pt><pt><x>531</x><y>290</y><time>10-01-22 17:07:50:889</time></pt><pt><x>538</x><y>326</y><time>10-01-22 17:07:51:560</time></pt><pt><x>492</x><y>336</y><time>10-01-22 17:07:52:328</time></pt><pt><x>471</x><y>315</y><time>10-01-22 17:07:52:984</time></pt><pt><x>460</x><y>295</y><time>10-01-22 17:07:53:543</time></pt><pt><x>460</x><y>264</y><time>10-01-22 17:07:54:091</time></pt><closed_date>10-01-22 17:07:54:902</closed_date></polygon></object><object><name>restoration</name><deleted>0</deleted><verified>0</verified><occluded>no</occluded><attributes /><parts><hasparts /><ispartof>7</ispartof></parts><date>10-01-22 17:08:15:119</date><id>11</id><polygon><username>anonymous</username><pt><x>412</x><y>260</y><time>10-01-22 17:08:01:729</time></pt><pt><x>409</x><y>211</y><time>10-01-22 17:08:02:385</time></pt><pt><x>423</x><y>205</y><time>10-01-22 17:08:02:921</time></pt><pt><x>439</x><y>205</y><time>10-01-22 17:08:03:462</time></pt><pt><x>471</x><y>207</y><time>10-01-22 17:08:04:058</time></pt><pt><x>465</x><y>246</y><time>10-01-22 17:08:04:616</time></pt><pt><x>464</x><y>257</y><time>10-01-22 17:08:05:071</time></pt><pt><x>449</x><y>294</y><time>10-01-22 17:08:05:685</time></pt><pt><x>439</x><y>318</y><time>10-01-22 17:08:06:704</time></pt><pt><x>419</x><y>329</y><time>10-01-22 17:08:08:246</time></pt><pt><x>403</x><y>310</y><time>10-01-22 17:08:08:737</time></pt><pt><x>403</x><y>297</y><time>10-01-22 17:08:09:080</time></pt><closed_date>10-01-22 17:08:09:671</closed_date></polygon></object><object><name>restoration</name><deleted>0</deleted><verified>0</verified><occluded>no</occluded><attributes /><parts><hasparts /><ispartof>1</ispartof></parts><date>10-01-22 17:09:09:821</date><id>12</id><polygon><username>anonymous</username><pt><x>580</x><y>568</y><time>10-01-22 17:08:59:722</time></pt><pt><x>591</x><y>534</y><time>10-01-22 17:09:00:171</time></pt><pt><x>571</x><y>520</y><time>10-01-22 17:09:00:553</time></pt><pt><x>571</x><y>504</y><time>10-01-22 17:09:00:837</time></pt><pt><x>554</x><y>495</y><time>10-01-22 17:09:01:073</time></pt><pt><x>543</x><y>488</y><time>10-01-22 17:09:01:268</time></pt><pt><x>517</x><y>492</y><time>10-01-22 17:09:01:477</time></pt><pt><x>502</x><y>495</y><time>10-01-22 17:09:01:673</time></pt><pt><x>495</x><y>497</y><time>10-01-22 17:09:01:887</time></pt><pt><x>481</x><y>501</y><time>10-01-22 17:09:02:091</time></pt><pt><x>478</x><y>504</y><time>10-01-22 17:09:02:316</time></pt><pt><x>478</x><y>504</y><time>10-01-22 17:09:02:515</time></pt><pt><x>476</x><y>531</y><time>10-01-22 17:09:02:711</time></pt><pt><x>476</x><y>545</y><time>10-01-22 17:09:02:909</time></pt><pt><x>478</x><y>563</y><time>10-01-22 17:09:03:118</time></pt><pt><x>486</x><y>573</y><time>10-01-22 17:09:03:318</time></pt><pt><x>502</x><y>600</y><time>10-01-22 17:09:03:507</time></pt><pt><x>508</x><y>617</y><time>10-01-22 17:09:03:716</time></pt><pt><x>520</x><y>626</y><time>10-01-22 17:09:03:913</time></pt><pt><x>527</x><y>630</y><time>10-01-22 17:09:04:107</time></pt><pt><x>541</x><y>637</y><time>10-01-22 17:09:04:299</time></pt><pt><x>554</x><y>637</y><time>10-01-22 17:09:04:497</time></pt><pt><x>568</x><y>637</y><time>10-01-22 17:09:04:699</time></pt><pt><x>573</x><y>639</y><time>10-01-22 17:09:04:995</time></pt><pt><x>578</x><y>628</y><time>10-01-22 17:09:05:220</time></pt><pt><x>580</x><y>621</y><time>10-01-22 17:09:05:407</time></pt><pt><x>580</x><y>598</y><time>10-01-22 17:09:05:638</time></pt><pt><x>580</x><y>586</y><time>10-01-22 17:09:05:835</time></pt><closed_date>10-01-22 17:09:06:059</closed_date></polygon></object><imagesize><nrows /><ncols /></imagesize></annotation>