<annotation><filename>imagem-093.jpg</filename><folder>segmentation_xray</folder><source><sourceImage>The MIT-CSAIL database of objects and scenes</sourceImage><sourceAnnotation>LabelMe Webtool</sourceAnnotation></source><object><name>tooth</name><deleted>0</deleted><verified>0</verified><occluded>no</occluded><attributes>27</attributes><parts><hasparts /><ispartof /></parts><date>20-01-22 11:21:36:866</date><id>0</id><type>bounding_box</type><polygon><username>anonymous</username><pt><x>887</x><y>3</y><time>20-01-22 11:21:30:813</time></pt><pt><x>1162</x><y>3</y><time>20-01-22 11:21:32:242</time></pt><pt><x>1162</x><y>376</y><time>undefined</time></pt><pt><x>887</x><y>376</y><time>undefined</time></pt><closed_date>20-01-22 11:21:32:242</closed_date></polygon></object><object><name>tooth</name><deleted>0</deleted><verified>0</verified><occluded>no</occluded><attributes>26</attributes><parts><hasparts>11,12</hasparts><ispartof /></parts><date>20-01-22 11:21:58:576</date><id>1</id><type>bounding_box</type><polygon><username>anonymous</username><pt><x>586</x><y>384</y><time>20-01-22 11:21:43:130</time></pt><pt><x>868</x><y>384</y><time>20-01-22 11:21:45:866</time></pt><pt><x>868</x><y>0</y><time>undefined</time></pt><pt><x>586</x><y>0</y><time>undefined</time></pt><closed_date>20-01-22 11:21:45:867</closed_date></polygon></object><object><name>tooth</name><deleted>0</deleted><verified>0</verified><occluded>no</occluded><attributes>25</attributes><parts><hasparts>10</hasparts><ispartof /></parts><date>20-01-22 11:22:08:993</date><id>2</id><type>bounding_box</type><polygon><username>anonymous</username><pt><x>372</x><y>5</y><time>20-01-22 11:22:04:428</time></pt><pt><x>593</x><y>5</y><time>20-01-22 11:22:05:763</time></pt><pt><x>593</x><y>387</y><time>undefined</time></pt><pt><x>372</x><y>387</y><time>undefined</time></pt><closed_date>20-01-22 11:22:05:763</closed_date></polygon></object><object><name>tooth</name><deleted>0</deleted><verified>0</verified><occluded>no</occluded><attributes>24</attributes><parts><hasparts>9</hasparts><ispartof /></parts><date>20-01-22 11:22:19:124</date><id>3</id><type>bounding_box</type><polygon><username>anonymous</username><pt><x>167</x><y>17</y><time>20-01-22 11:22:11:053</time></pt><pt><x>376</x><y>17</y><time>20-01-22 11:22:13:603</time></pt><pt><x>376</x><y>387</y><time>undefined</time></pt><pt><x>167</x><y>387</y><time>undefined</time></pt><closed_date>20-01-22 11:22:13:603</closed_date></polygon></object><object><name>tooth</name><deleted>0</deleted><verified>0</verified><occluded>no</occluded><attributes>23</attributes><parts><hasparts /><ispartof /></parts><date>20-01-22 11:22:31:092</date><id>4</id><type>bounding_box</type><polygon><username>anonymous</username><pt><x>202</x><y>8</y><time>20-01-22 11:22:20:653</time></pt><pt><x>3</x><y>8</y><time>20-01-22 11:22:27:251</time></pt><pt><x>3</x><y>374</y><time>undefined</time></pt><pt><x>202</x><y>374</y><time>undefined</time></pt><closed_date>20-01-22 11:22:27:252</closed_date></polygon></object><object><name>tooth</name><deleted>0</deleted><verified>0</verified><occluded>no</occluded><attributes>34</attributes><parts><hasparts /><ispartof /></parts><date>20-01-22 11:22:40:957</date><id>5</id><type>bounding_box</type><polygon><username>anonymous</username><pt><x>7</x><y>406</y><time>20-01-22 11:22:33:876</time></pt><pt><x>175</x><y>406</y><time>20-01-22 11:22:36:235</time></pt><pt><x>175</x><y>945</y><time>undefined</time></pt><pt><x>7</x><y>945</y><time>undefined</time></pt><closed_date>20-01-22 11:22:36:235</closed_date></polygon></object><object><name>tooth</name><deleted>0</deleted><verified>0</verified><occluded>no</occluded><attributes>35</attributes><parts><hasparts>16</hasparts><ispartof /></parts><date>20-01-22 11:22:51:684</date><id>6</id><type>bounding_box</type><polygon><username>anonymous</username><pt><x>409</x><y>432</y><time>20-01-22 11:22:45:484</time></pt><pt><x>177</x><y>432</y><time>20-01-22 11:22:47:707</time></pt><pt><x>177</x><y>935</y><time>undefined</time></pt><pt><x>409</x><y>935</y><time>undefined</time></pt><closed_date>20-01-22 11:22:47:707</closed_date></polygon></object><object><name>tooth</name><deleted>0</deleted><verified>0</verified><occluded>no</occluded><attributes>36</attributes><parts><hasparts>14,15</hasparts><ispartof /></parts><date>20-01-22 11:22:59:540</date><id>7</id><type>bounding_box</type><polygon><username>anonymous</username><pt><x>417</x><y>466</y><time>20-01-22 11:22:52:709</time></pt><pt><x>758</x><y>466</y><time>20-01-22 11:22:56:003</time></pt><pt><x>758</x><y>948</y><time>undefined</time></pt><pt><x>417</x><y>948</y><time>undefined</time></pt><closed_date>20-01-22 11:22:56:003</closed_date></polygon></object><object><name>tooth</name><deleted>0</deleted><verified>0</verified><occluded>no</occluded><attributes>37</attributes><parts><hasparts>13</hasparts><ispartof /></parts><date>20-01-22 11:23:10:116</date><id>8</id><type>bounding_box</type><polygon><username>anonymous</username><pt><x>741</x><y>424</y><time>20-01-22 11:23:01:756</time></pt><pt><x>1089</x><y>424</y><time>20-01-22 11:23:04:327</time></pt><pt><x>1089</x><y>942</y><time>undefined</time></pt><pt><x>741</x><y>942</y><time>undefined</time></pt><closed_date>20-01-22 11:23:04:327</closed_date></polygon></object><object><name>restoration</name><deleted>0</deleted><verified>0</verified><occluded>no</occluded><attributes /><parts><hasparts /><ispartof>3</ispartof></parts><date>20-01-22 11:23:25:045</date><id>9</id><polygon><username>anonymous</username><pt><x>212</x><y>245</y><time>20-01-22 11:23:14:405</time></pt><pt><x>250</x><y>277</y><time>20-01-22 11:23:14:892</time></pt><pt><x>262</x><y>277</y><time>20-01-22 11:23:15:284</time></pt><pt><x>274</x><y>264</y><time>20-01-22 11:23:15:580</time></pt><pt><x>287</x><y>244</y><time>20-01-22 11:23:15:828</time></pt><pt><x>314</x><y>225</y><time>20-01-22 11:23:16:085</time></pt><pt><x>327</x><y>214</y><time>20-01-22 11:23:16:404</time></pt><pt><x>351</x><y>212</y><time>20-01-22 11:23:16:900</time></pt><pt><x>359</x><y>222</y><time>20-01-22 11:23:17:269</time></pt><pt><x>371</x><y>260</y><time>20-01-22 11:23:17:677</time></pt><pt><x>364</x><y>314</y><time>20-01-22 11:23:18:267</time></pt><pt><x>319</x><y>324</y><time>20-01-22 11:23:18:708</time></pt><pt><x>294</x><y>337</y><time>20-01-22 11:23:19:069</time></pt><pt><x>270</x><y>356</y><time>20-01-22 11:23:19:444</time></pt><pt><x>235</x><y>357</y><time>20-01-22 11:23:20:075</time></pt><pt><x>212</x><y>329</y><time>20-01-22 11:23:20:452</time></pt><pt><x>199</x><y>302</y><time>20-01-22 11:23:20:820</time></pt><pt><x>185</x><y>291</y><time>20-01-22 11:23:21:124</time></pt><pt><x>167</x><y>277</y><time>20-01-22 11:23:21:371</time></pt><pt><x>164</x><y>249</y><time>20-01-22 11:23:21:676</time></pt><pt><x>170</x><y>225</y><time>20-01-22 11:23:22:004</time></pt><pt><x>185</x><y>224</y><time>20-01-22 11:23:22:292</time></pt><pt><x>205</x><y>234</y><time>20-01-22 11:23:22:604</time></pt><closed_date>20-01-22 11:23:22:931</closed_date></polygon></object><object><name>restoration</name><deleted>0</deleted><verified>0</verified><occluded>no</occluded><attributes /><parts><hasparts /><ispartof>2</ispartof></parts><date>20-01-22 11:23:35:903</date><id>10</id><polygon><username>anonymous</username><pt><x>397</x><y>239</y><time>20-01-22 11:23:26:229</time></pt><pt><x>427</x><y>254</y><time>20-01-22 11:23:26:827</time></pt><pt><x>434</x><y>277</y><time>20-01-22 11:23:27:213</time></pt><pt><x>424</x><y>299</y><time>20-01-22 11:23:27:515</time></pt><pt><x>431</x><y>311</y><time>20-01-22 11:23:27:811</time></pt><pt><x>452</x><y>309</y><time>20-01-22 11:23:28:037</time></pt><pt><x>469</x><y>297</y><time>20-01-22 11:23:28:829</time></pt><pt><x>503</x><y>287</y><time>20-01-22 11:23:29:188</time></pt><pt><x>533</x><y>287</y><time>20-01-22 11:23:29:404</time></pt><pt><x>554</x><y>302</y><time>20-01-22 11:23:29:779</time></pt><pt><x>571</x><y>319</y><time>20-01-22 11:23:30:060</time></pt><pt><x>574</x><y>331</y><time>20-01-22 11:23:30:331</time></pt><pt><x>548</x><y>352</y><time>20-01-22 11:23:30:779</time></pt><pt><x>523</x><y>362</y><time>20-01-22 11:23:31:092</time></pt><pt><x>498</x><y>372</y><time>20-01-22 11:23:31:348</time></pt><pt><x>466</x><y>379</y><time>20-01-22 11:23:31:613</time></pt><pt><x>429</x><y>367</y><time>20-01-22 11:23:31:940</time></pt><pt><x>404</x><y>342</y><time>20-01-22 11:23:32:292</time></pt><pt><x>391</x><y>326</y><time>20-01-22 11:23:32:588</time></pt><pt><x>376</x><y>301</y><time>20-01-22 11:23:32:868</time></pt><pt><x>384</x><y>244</y><time>20-01-22 11:23:33:276</time></pt><closed_date>20-01-22 11:23:33:764</closed_date></polygon></object><object><name>restoration</name><deleted>0</deleted><verified>0</verified><occluded>no</occluded><attributes /><parts><hasparts /><ispartof>1</ispartof></parts><date>20-01-22 11:23:46:680</date><id>11</id><polygon><username>anonymous</username><pt><x>668</x><y>264</y><time>20-01-22 11:23:36:685</time></pt><pt><x>658</x><y>229</y><time>20-01-22 11:23:37:076</time></pt><pt><x>633</x><y>219</y><time>20-01-22 11:23:37:435</time></pt><pt><x>624</x><y>217</y><time>20-01-22 11:23:37:821</time></pt><pt><x>608</x><y>230</y><time>20-01-22 11:23:38:198</time></pt><pt><x>589</x><y>287</y><time>20-01-22 11:23:38:709</time></pt><pt><x>588</x><y>339</y><time>20-01-22 11:23:39:101</time></pt><pt><x>619</x><y>369</y><time>20-01-22 11:23:39:476</time></pt><pt><x>648</x><y>374</y><time>20-01-22 11:23:39:828</time></pt><pt><x>713</x><y>367</y><time>20-01-22 11:23:40:588</time></pt><pt><x>748</x><y>357</y><time>20-01-22 11:23:40:916</time></pt><pt><x>761</x><y>357</y><time>20-01-22 11:23:41:132</time></pt><pt><x>796</x><y>357</y><time>20-01-22 11:23:41:421</time></pt><pt><x>826</x><y>347</y><time>20-01-22 11:23:41:717</time></pt><pt><x>845</x><y>337</y><time>20-01-22 11:23:41:956</time></pt><pt><x>857</x><y>314</y><time>20-01-22 11:23:42:172</time></pt><pt><x>863</x><y>294</y><time>20-01-22 11:23:42:420</time></pt><pt><x>855</x><y>220</y><time>20-01-22 11:23:42:836</time></pt><pt><x>843</x><y>195</y><time>20-01-22 11:23:43:228</time></pt><pt><x>806</x><y>205</y><time>20-01-22 11:23:43:542</time></pt><pt><x>776</x><y>219</y><time>20-01-22 11:23:43:780</time></pt><pt><x>763</x><y>242</y><time>20-01-22 11:23:43:989</time></pt><pt><x>751</x><y>260</y><time>20-01-22 11:23:44:187</time></pt><pt><x>706</x><y>260</y><time>20-01-22 11:23:44:404</time></pt><closed_date>20-01-22 11:23:44:621</closed_date></polygon></object><object><name>root canal treatment</name><deleted>0</deleted><verified>0</verified><occluded>no</occluded><attributes /><parts><hasparts /><ispartof>1</ispartof></parts><date>20-01-22 11:24:05:640</date><id>12</id><polygon><username>anonymous</username><pt><x>659</x><y>210</y><time>20-01-22 11:23:47:480</time></pt><pt><x>778</x><y>217</y><time>20-01-22 11:23:48:068</time></pt><pt><x>796</x><y>214</y><time>20-01-22 11:23:48:484</time></pt><pt><x>781</x><y>147</y><time>20-01-22 11:23:48:924</time></pt><pt><x>833</x><y>5</y><time>20-01-22 11:23:50:028</time></pt><pt><x>823</x><y>0</y><time>20-01-22 11:23:50:524</time></pt><pt><x>810</x><y>5</y><time>20-01-22 11:23:51:684</time></pt><pt><x>798</x><y>37</y><time>20-01-22 11:23:52:252</time></pt><pt><x>780</x><y>72</y><time>20-01-22 11:23:52:660</time></pt><pt><x>760</x><y>102</y><time>20-01-22 11:23:53:068</time></pt><pt><x>763</x><y>3</y><time>20-01-22 11:23:53:972</time></pt><pt><x>743</x><y>2</y><time>20-01-22 11:23:54:588</time></pt><pt><x>728</x><y>99</y><time>20-01-22 11:23:55:165</time></pt><pt><x>715</x><y>104</y><time>20-01-22 11:23:55:604</time></pt><pt><x>696</x><y>13</y><time>20-01-22 11:23:56:228</time></pt><pt><x>695</x><y>8</y><time>20-01-22 11:23:57:260</time></pt><pt><x>678</x><y>7</y><time>20-01-22 11:23:57:828</time></pt><pt><x>693</x><y>93</y><time>20-01-22 11:23:58:628</time></pt><pt><x>695</x><y>139</y><time>20-01-22 11:23:59:028</time></pt><pt><x>681</x><y>157</y><time>20-01-22 11:23:59:372</time></pt><pt><x>663</x><y>185</y><time>20-01-22 11:23:59:716</time></pt><closed_date>20-01-22 11:24:00:052</closed_date></polygon></object><object><name>restoration</name><deleted>0</deleted><verified>0</verified><occluded>no</occluded><attributes /><parts><hasparts /><ispartof>8</ispartof></parts><date>20-01-22 11:24:15:264</date><id>13</id><polygon><username>anonymous</username><pt><x>811</x><y>481</y><time>20-01-22 11:24:07:101</time></pt><pt><x>815</x><y>516</y><time>20-01-22 11:24:07:563</time></pt><pt><x>831</x><y>529</y><time>20-01-22 11:24:07:931</time></pt><pt><x>855</x><y>534</y><time>20-01-22 11:24:08:219</time></pt><pt><x>873</x><y>534</y><time>20-01-22 11:24:08:451</time></pt><pt><x>908</x><y>538</y><time>20-01-22 11:24:08:652</time></pt><pt><x>922</x><y>544</y><time>20-01-22 11:24:08:884</time></pt><pt><x>937</x><y>551</y><time>20-01-22 11:24:09:100</time></pt><pt><x>955</x><y>554</y><time>20-01-22 11:24:09:341</time></pt><pt><x>987</x><y>539</y><time>20-01-22 11:24:09:636</time></pt><pt><x>1005</x><y>494</y><time>20-01-22 11:24:10:500</time></pt><pt><x>1000</x><y>471</y><time>20-01-22 11:24:10:812</time></pt><pt><x>963</x><y>474</y><time>20-01-22 11:24:11:094</time></pt><pt><x>950</x><y>481</y><time>20-01-22 11:24:11:308</time></pt><pt><x>942</x><y>462</y><time>20-01-22 11:24:11:612</time></pt><pt><x>918</x><y>462</y><time>20-01-22 11:24:11:900</time></pt><pt><x>905</x><y>484</y><time>20-01-22 11:24:12:142</time></pt><pt><x>887</x><y>471</y><time>20-01-22 11:24:12:484</time></pt><pt><x>873</x><y>476</y><time>20-01-22 11:24:12:764</time></pt><pt><x>830</x><y>472</y><time>20-01-22 11:24:13:188</time></pt><closed_date>20-01-22 11:24:13:524</closed_date></polygon></object><object><name>crown</name><deleted>0</deleted><verified>0</verified><occluded>no</occluded><attributes /><parts><hasparts /><ispartof>7</ispartof></parts><date>20-01-22 11:24:37:348</date><id>14</id><polygon><username>anonymous</username><pt><x>556</x><y>768</y><time>20-01-22 11:24:16:125</time></pt><pt><x>613</x><y>773</y><time>20-01-22 11:24:16:517</time></pt><pt><x>673</x><y>761</y><time>20-01-22 11:24:16:876</time></pt><pt><x>685</x><y>750</y><time>20-01-22 11:24:21:628</time></pt><pt><x>691</x><y>705</y><time>20-01-22 11:24:21:996</time></pt><pt><x>716</x><y>664</y><time>20-01-22 11:24:22:284</time></pt><pt><x>735</x><y>609</y><time>20-01-22 11:24:22:725</time></pt><pt><x>738</x><y>546</y><time>20-01-22 11:24:23:172</time></pt><pt><x>741</x><y>521</y><time>20-01-22 11:24:25:788</time></pt><pt><x>740</x><y>486</y><time>20-01-22 11:24:26:100</time></pt><pt><x>735</x><y>466</y><time>20-01-22 11:24:26:388</time></pt><pt><x>683</x><y>452</y><time>20-01-22 11:24:26:757</time></pt><pt><x>656</x><y>459</y><time>20-01-22 11:24:27:093</time></pt><pt><x>628</x><y>479</y><time>20-01-22 11:24:27:443</time></pt><pt><x>608</x><y>484</y><time>20-01-22 11:24:27:708</time></pt><pt><x>596</x><y>494</y><time>20-01-22 11:24:29:172</time></pt><pt><x>566</x><y>481</y><time>20-01-22 11:24:29:556</time></pt><pt><x>538</x><y>467</y><time>20-01-22 11:24:29:915</time></pt><pt><x>474</x><y>471</y><time>20-01-22 11:24:30:292</time></pt><pt><x>437</x><y>481</y><time>20-01-22 11:24:30:700</time></pt><pt><x>424</x><y>493</y><time>20-01-22 11:24:31:027</time></pt><pt><x>419</x><y>593</y><time>20-01-22 11:24:32:381</time></pt><pt><x>446</x><y>685</y><time>20-01-22 11:24:33:091</time></pt><pt><x>466</x><y>705</y><time>20-01-22 11:24:33:532</time></pt><pt><x>499</x><y>716</y><time>20-01-22 11:24:33:867</time></pt><pt><x>523</x><y>728</y><time>20-01-22 11:24:34:147</time></pt><pt><x>541</x><y>743</y><time>20-01-22 11:24:34:484</time></pt><closed_date>20-01-22 11:24:34:803</closed_date></polygon></object><object><name>dental implant</name><deleted>0</deleted><verified>0</verified><occluded>no</occluded><attributes /><parts><hasparts /><ispartof>7</ispartof></parts><date>20-01-22 11:24:46:478</date><id>15</id><polygon><username>anonymous</username><pt><x>556</x><y>783</y><time>20-01-22 11:24:38:334</time></pt><pt><x>564</x><y>808</y><time>20-01-22 11:24:38:755</time></pt><pt><x>579</x><y>833</y><time>20-01-22 11:24:39:115</time></pt><pt><x>581</x><y>862</y><time>20-01-22 11:24:39:484</time></pt><pt><x>584</x><y>900</y><time>20-01-22 11:24:39:836</time></pt><pt><x>591</x><y>940</y><time>20-01-22 11:24:40:748</time></pt><pt><x>713</x><y>937</y><time>20-01-22 11:24:42:268</time></pt><pt><x>685</x><y>765</y><time>20-01-22 11:24:43:020</time></pt><closed_date>20-01-22 11:24:43:700</closed_date></polygon></object><object><name>restoration</name><deleted>0</deleted><verified>0</verified><occluded>no</occluded><attributes /><parts><hasparts /><ispartof>6</ispartof></parts><date>20-01-22 11:24:55:872</date><id>16</id><polygon><username>anonymous</username><pt><x>242</x><y>511</y><time>20-01-22 11:24:47:222</time></pt><pt><x>275</x><y>526</y><time>20-01-22 11:24:47:612</time></pt><pt><x>291</x><y>524</y><time>20-01-22 11:24:47:915</time></pt><pt><x>321</x><y>554</y><time>20-01-22 11:24:48:261</time></pt><pt><x>339</x><y>604</y><time>20-01-22 11:24:48:652</time></pt><pt><x>361</x><y>626</y><time>20-01-22 11:24:49:027</time></pt><pt><x>382</x><y>626</y><time>20-01-22 11:24:49:479</time></pt><pt><x>399</x><y>604</y><time>20-01-22 11:24:49:764</time></pt><pt><x>409</x><y>546</y><time>20-01-22 11:24:50:164</time></pt><pt><x>407</x><y>499</y><time>20-01-22 11:24:50:524</time></pt><pt><x>357</x><y>483</y><time>20-01-22 11:24:51:004</time></pt><pt><x>316</x><y>456</y><time>20-01-22 11:24:51:451</time></pt><pt><x>287</x><y>457</y><time>20-01-22 11:24:51:948</time></pt><pt><x>270</x><y>466</y><time>20-01-22 11:24:52:220</time></pt><pt><x>254</x><y>467</y><time>20-01-22 11:24:52:459</time></pt><pt><x>234</x><y>478</y><time>20-01-22 11:24:52:836</time></pt><pt><x>232</x><y>498</y><time>20-01-22 11:24:53:102</time></pt><closed_date>20-01-22 11:24:53:380</closed_date></polygon></object><imagesize><nrows /><ncols /></imagesize></annotation>