<annotation><filename>imagem-123.jpg</filename><folder>segmentation_xray</folder><source><sourceImage>The MIT-CSAIL database of objects and scenes</sourceImage><sourceAnnotation>LabelMe Webtool</sourceAnnotation></source><object><name>tooth</name><deleted>0</deleted><verified>0</verified><occluded>no</occluded><attributes>18</attributes><parts><hasparts /><ispartof /></parts><date>14-01-22 14:49:48:826</date><id>0</id><type>bounding_box</type><polygon><username>anonymous</username><pt><x>3</x><y>464</y><time>14-01-22 14:49:41:779</time></pt><pt><x>240</x><y>464</y><time>14-01-22 14:49:43:700</time></pt><pt><x>240</x><y>5</y><time>undefined</time></pt><pt><x>3</x><y>5</y><time>undefined</time></pt><closed_date>14-01-22 14:49:43:700</closed_date></polygon></object><object><name>tooth</name><deleted>0</deleted><verified>0</verified><occluded>no</occluded><attributes>17</attributes><parts><hasparts>12</hasparts><ispartof /></parts><date>14-01-22 14:49:55:942</date><id>1</id><type>bounding_box</type><polygon><username>anonymous</username><pt><x>534</x><y>491</y><time>14-01-22 14:49:50:397</time></pt><pt><x>222</x><y>491</y><time>14-01-22 14:49:52:460</time></pt><pt><x>222</x><y>8</y><time>undefined</time></pt><pt><x>534</x><y>8</y><time>undefined</time></pt><closed_date>14-01-22 14:49:52:460</closed_date></polygon></object><object><name>tooth</name><deleted>0</deleted><verified>0</verified><occluded>no</occluded><attributes>16</attributes><parts><hasparts>11</hasparts><ispartof /></parts><date>14-01-22 14:50:02:355</date><id>2</id><type>bounding_box</type><polygon><username>anonymous</username><pt><x>883</x><y>486</y><time>14-01-22 14:49:57:286</time></pt><pt><x>526</x><y>486</y><time>14-01-22 14:49:59:228</time></pt><pt><x>526</x><y>8</y><time>undefined</time></pt><pt><x>883</x><y>8</y><time>undefined</time></pt><closed_date>14-01-22 14:49:59:229</closed_date></polygon></object><object><name>tooth</name><deleted>0</deleted><verified>0</verified><occluded>no</occluded><attributes>15</attributes><parts><hasparts /><ispartof /></parts><date>14-01-22 14:50:09:272</date><id>3</id><type>bounding_box</type><polygon><username>anonymous</username><pt><x>1109</x><y>457</y><time>14-01-22 14:50:03:549</time></pt><pt><x>850</x><y>457</y><time>14-01-22 14:50:06:011</time></pt><pt><x>850</x><y>2</y><time>undefined</time></pt><pt><x>1109</x><y>2</y><time>undefined</time></pt><closed_date>14-01-22 14:50:06:011</closed_date></polygon></object><object><name>tooth</name><deleted>0</deleted><verified>0</verified><occluded>no</occluded><attributes>14</attributes><parts><hasparts /><ispartof /></parts><date>14-01-22 14:50:14:056</date><id>4</id><type>bounding_box</type><polygon><username>anonymous</username><pt><x>1219</x><y>429</y><time>14-01-22 14:50:10:206</time></pt><pt><x>1042</x><y>429</y><time>14-01-22 14:50:11:516</time></pt><pt><x>1042</x><y>8</y><time>undefined</time></pt><pt><x>1219</x><y>8</y><time>undefined</time></pt><closed_date>14-01-22 14:50:11:516</closed_date></polygon></object><object><name>tooth</name><deleted>0</deleted><verified>0</verified><occluded>no</occluded><attributes>44</attributes><parts><hasparts /><ispartof /></parts><date>14-01-22 14:50:19:455</date><id>5</id><type>bounding_box</type><polygon><username>anonymous</username><pt><x>1210</x><y>514</y><time>14-01-22 14:50:14:694</time></pt><pt><x>1097</x><y>514</y><time>14-01-22 14:50:16:316</time></pt><pt><x>1097</x><y>910</y><time>undefined</time></pt><pt><x>1210</x><y>910</y><time>undefined</time></pt><closed_date>14-01-22 14:50:16:316</closed_date></polygon></object><object><name>tooth</name><deleted>0</deleted><verified>0</verified><occluded>no</occluded><attributes>45</attributes><parts><hasparts /><ispartof /></parts><date>14-01-22 14:50:27:103</date><id>6</id><type>bounding_box</type><polygon><username>anonymous</username><pt><x>863</x><y>538</y><time>14-01-22 14:50:20:406</time></pt><pt><x>1097</x><y>538</y><time>14-01-22 14:50:22:884</time></pt><pt><x>1097</x><y>943</y><time>undefined</time></pt><pt><x>863</x><y>943</y><time>undefined</time></pt><closed_date>14-01-22 14:50:22:885</closed_date></polygon></object><object><name>tooth</name><deleted>0</deleted><verified>0</verified><occluded>no</occluded><attributes>46</attributes><parts><hasparts /><ispartof /></parts><date>14-01-22 14:50:35:824</date><id>7</id><type>bounding_box</type><polygon><username>anonymous</username><pt><x>489</x><y>544</y><time>14-01-22 14:50:28:438</time></pt><pt><x>868</x><y>544</y><time>14-01-22 14:50:31:372</time></pt><pt><x>868</x><y>942</y><time>undefined</time></pt><pt><x>489</x><y>942</y><time>undefined</time></pt><closed_date>14-01-22 14:50:31:372</closed_date></polygon></object><object><name>tooth</name><deleted>0</deleted><verified>0</verified><occluded>no</occluded><attributes>47</attributes><parts><hasparts /><ispartof /></parts><date>14-01-22 14:50:41:517</date><id>8</id><type>bounding_box</type><polygon><username>anonymous</username><pt><x>172</x><y>519</y><time>14-01-22 14:50:36:710</time></pt><pt><x>509</x><y>519</y><time>14-01-22 14:50:38:492</time></pt><pt><x>509</x><y>942</y><time>undefined</time></pt><pt><x>172</x><y>942</y><time>undefined</time></pt><closed_date>14-01-22 14:50:38:492</closed_date></polygon></object><object><name>tooth</name><deleted>0</deleted><verified>0</verified><occluded>no</occluded><attributes>48</attributes><parts><hasparts /><ispartof /></parts><date>14-01-22 14:50:46:808</date><id>9</id><type>bounding_box</type><polygon><username>anonymous</username><pt><x>5</x><y>516</y><time>14-01-22 14:50:42:141</time></pt><pt><x>165</x><y>516</y><time>14-01-22 14:50:43:308</time></pt><pt><x>165</x><y>945</y><time>undefined</time></pt><pt><x>5</x><y>945</y><time>undefined</time></pt><closed_date>14-01-22 14:50:43:308</closed_date></polygon></object><object><name>restoration</name><deleted>1</deleted><verified>0</verified><occluded>no</occluded><attributes /><parts><hasparts /><ispartof /></parts><date>14-01-22 14:50:57:920</date><id>10</id><polygon><username>anonymous</username><pt><x>548</x><y>275</y><time>14-01-22 14:50:50:190</time></pt><pt><x>576</x><y>277</y><time>14-01-22 14:50:50:812</time></pt><pt><x>583</x><y>306</y><time>14-01-22 14:50:51:244</time></pt><pt><x>584</x><y>379</y><time>14-01-22 14:50:51:740</time></pt><pt><x>586</x><y>424</y><time>14-01-22 14:50:52:156</time></pt><pt><x>581</x><y>451</y><time>14-01-22 14:50:52:684</time></pt><pt><x>576</x><y>459</y><time>14-01-22 14:50:53:124</time></pt><pt><x>559</x><y>447</y><time>14-01-22 14:50:53:588</time></pt><pt><x>549</x><y>444</y><time>14-01-22 14:50:53:900</time></pt><pt><x>539</x><y>439</y><time>14-01-22 14:50:54:228</time></pt><pt><x>533</x><y>417</y><time>14-01-22 14:50:54:468</time></pt><pt><x>528</x><y>379</y><time>14-01-22 14:50:54:724</time></pt><pt><x>521</x><y>342</y><time>14-01-22 14:50:54:979</time></pt><closed_date>14-01-22 14:50:55:380</closed_date></polygon></object><object><name>restoration</name><deleted>0</deleted><verified>0</verified><occluded>no</occluded><attributes /><parts><hasparts /><ispartof>2</ispartof></parts><date>14-01-22 14:51:18:327</date><id>11</id><polygon><username>anonymous</username><pt><x>578</x><y>454</y><time>14-01-22 14:51:09:798</time></pt><pt><x>581</x><y>432</y><time>14-01-22 14:51:10:286</time></pt><pt><x>581</x><y>402</y><time>14-01-22 14:51:10:756</time></pt><pt><x>579</x><y>322</y><time>14-01-22 14:51:11:716</time></pt><pt><x>579</x><y>286</y><time>14-01-22 14:51:12:108</time></pt><pt><x>564</x><y>267</y><time>14-01-22 14:51:12:764</time></pt><pt><x>549</x><y>264</y><time>14-01-22 14:51:13:124</time></pt><pt><x>539</x><y>274</y><time>14-01-22 14:51:13:414</time></pt><pt><x>536</x><y>292</y><time>14-01-22 14:51:13:670</time></pt><pt><x>534</x><y>309</y><time>14-01-22 14:51:13:884</time></pt><pt><x>529</x><y>342</y><time>14-01-22 14:51:14:108</time></pt><pt><x>529</x><y>364</y><time>14-01-22 14:51:14:326</time></pt><pt><x>534</x><y>412</y><time>14-01-22 14:51:14:860</time></pt><pt><x>534</x><y>436</y><time>14-01-22 14:51:15:180</time></pt><pt><x>541</x><y>454</y><time>14-01-22 14:51:15:516</time></pt><pt><x>558</x><y>451</y><time>14-01-22 14:51:15:844</time></pt><closed_date>14-01-22 14:51:16:092</closed_date></polygon></object><object><name>restoration</name><deleted>0</deleted><verified>0</verified><occluded>no</occluded><attributes /><parts><hasparts /><ispartof>1</ispartof></parts><date>14-01-22 14:51:29:048</date><id>12</id><polygon><username>anonymous</username><pt><x>501</x><y>382</y><time>14-01-22 14:51:18:966</time></pt><pt><x>466</x><y>374</y><time>14-01-22 14:51:19:436</time></pt><pt><x>446</x><y>387</y><time>14-01-22 14:51:19:764</time></pt><pt><x>424</x><y>386</y><time>14-01-22 14:51:20:117</time></pt><pt><x>361</x><y>386</y><time>14-01-22 14:51:20:580</time></pt><pt><x>351</x><y>391</y><time>14-01-22 14:51:20:916</time></pt><pt><x>349</x><y>406</y><time>14-01-22 14:51:21:189</time></pt><pt><x>347</x><y>421</y><time>14-01-22 14:51:21:588</time></pt><pt><x>351</x><y>441</y><time>14-01-22 14:51:24:092</time></pt><pt><x>381</x><y>441</y><time>14-01-22 14:51:24:564</time></pt><pt><x>397</x><y>442</y><time>14-01-22 14:51:24:925</time></pt><pt><x>414</x><y>421</y><time>14-01-22 14:51:25:236</time></pt><pt><x>451</x><y>429</y><time>14-01-22 14:51:25:588</time></pt><pt><x>476</x><y>432</y><time>14-01-22 14:51:25:844</time></pt><pt><x>493</x><y>432</y><time>14-01-22 14:51:26:044</time></pt><pt><x>519</x><y>431</y><time>14-01-22 14:51:26:484</time></pt><pt><x>514</x><y>397</y><time>14-01-22 14:51:26:916</time></pt><closed_date>14-01-22 14:51:27:260</closed_date></polygon></object><imagesize><nrows /><ncols /></imagesize></annotation>