<annotation><filename>imagem-028.jpg</filename><folder>segmentation_xray</folder><source><sourceImage>The MIT-CSAIL database of objects and scenes</sourceImage><sourceAnnotation>LabelMe Webtool</sourceAnnotation></source><object><name>tooth</name><deleted>0</deleted><verified>0</verified><occluded>no</occluded><attributes>13</attributes><parts><hasparts /><ispartof /></parts><date>07-12-21 15:15:22:687</date><id>0</id><type>bounding_box</type><polygon><username>anonymous</username><pt><x>1033</x><y>9</y><time>07-12-21 15:15:01:685</time></pt><pt><x>1220</x><y>9</y><time>07-12-21 15:15:12:329</time></pt><pt><x>1220</x><y>530</y><time>undefined</time></pt><pt><x>1033</x><y>530</y><time>undefined</time></pt><closed_date>07-12-21 15:15:12:330</closed_date></polygon></object><object><name>tooth</name><deleted>0</deleted><verified>0</verified><occluded>no</occluded><attributes>14</attributes><parts><hasparts /><ispartof /></parts><date>07-12-21 15:16:27:908</date><id>1</id><type>bounding_box</type><polygon><username>anonymous</username><pt><x>811</x><y>8</y><time>07-12-21 15:16:17:931</time></pt><pt><x>1067</x><y>8</y><time>07-12-21 15:16:24:699</time></pt><pt><x>1067</x><y>539</y><time>undefined</time></pt><pt><x>811</x><y>539</y><time>undefined</time></pt><closed_date>07-12-21 15:16:24:700</closed_date></polygon></object><object><name>tooth</name><deleted>0</deleted><verified>0</verified><occluded>no</occluded><attributes>16</attributes><parts><hasparts /><ispartof /></parts><date>07-12-21 15:16:56:247</date><id>2</id><type>bounding_box</type><polygon><username>anonymous</username><pt><x>656</x><y>566</y><time>07-12-21 15:16:39:459</time></pt><pt><x>262</x><y>566</y><time>07-12-21 15:16:45:707</time></pt><pt><x>262</x><y>7</y><time>undefined</time></pt><pt><x>656</x><y>7</y><time>undefined</time></pt><closed_date>07-12-21 15:16:45:707</closed_date></polygon></object><object><name>tooth</name><deleted>0</deleted><verified>0</verified><occluded>no</occluded><attributes>17</attributes><parts><hasparts /><ispartof /></parts><date>07-12-21 15:17:42:853</date><id>3</id><type>bounding_box</type><polygon><username>anonymous</username><pt><x>7</x><y>569</y><time>07-12-21 15:17:26:410</time></pt><pt><x>304</x><y>569</y><time>07-12-21 15:17:35:654</time></pt><pt><x>304</x><y>8</y><time>undefined</time></pt><pt><x>7</x><y>8</y><time>undefined</time></pt><closed_date>07-12-21 15:17:35:654</closed_date></polygon></object><object><name>tooth</name><deleted>0</deleted><verified>0</verified><occluded>no</occluded><attributes>43</attributes><parts><hasparts /><ispartof /></parts><date>07-12-21 15:18:48:499</date><id>4</id><type>bounding_box</type><polygon><username>anonymous</username><pt><x>1067</x><y>568</y><time>07-12-21 15:18:07:202</time></pt><pt><x>1214</x><y>568</y><time>07-12-21 15:18:15:459</time></pt><pt><x>1214</x><y>948</y><time>undefined</time></pt><pt><x>1067</x><y>948</y><time>undefined</time></pt><closed_date>07-12-21 15:18:15:460</closed_date></polygon></object><object><name>tooth</name><deleted>0</deleted><verified>0</verified><occluded>no</occluded><attributes>44</attributes><parts><hasparts /><ispartof /></parts><date>07-12-21 15:19:07:750</date><id>5</id><type>bounding_box</type><polygon><username>anonymous</username><pt><x>860</x><y>599</y><time>07-12-21 15:18:53:491</time></pt><pt><x>1107</x><y>599</y><time>07-12-21 15:18:58:845</time></pt><pt><x>1107</x><y>947</y><time>undefined</time></pt><pt><x>860</x><y>947</y><time>undefined</time></pt><closed_date>07-12-21 15:18:58:845</closed_date></polygon></object><object><name>tooth</name><deleted>0</deleted><verified>0</verified><occluded>no</occluded><attributes>45</attributes><parts><hasparts /><ispartof /></parts><date>07-12-21 15:21:19:843</date><id>6</id><type>bounding_box</type><polygon><username>anonymous</username><pt><x>619</x><y>584</y><time>07-12-21 15:19:11:437</time></pt><pt><x>858</x><y>584</y><time>07-12-21 15:19:16:471</time></pt><pt><x>858</x><y>938</y><time>undefined</time></pt><pt><x>619</x><y>938</y><time>undefined</time></pt><closed_date>07-12-21 15:19:16:472</closed_date></polygon></object><object><name>tooth</name><deleted>0</deleted><verified>0</verified><occluded>no</occluded><attributes>46</attributes><parts><hasparts>9</hasparts><ispartof /></parts><date>07-12-21 15:21:35:050</date><id>7</id><type>bounding_box</type><polygon><username>anonymous</username><pt><x>269</x><y>621</y><time>07-12-21 15:21:22:448</time></pt><pt><x>623</x><y>621</y><time>07-12-21 15:21:28:414</time></pt><pt><x>623</x><y>940</y><time>undefined</time></pt><pt><x>269</x><y>940</y><time>undefined</time></pt><closed_date>07-12-21 15:21:28:414</closed_date></polygon></object><object><name>tooth</name><deleted>0</deleted><verified>0</verified><occluded>no</occluded><attributes>47</attributes><parts><hasparts>10</hasparts><ispartof /></parts><date>07-12-21 15:21:48:459</date><id>8</id><type>bounding_box</type><polygon><username>anonymous</username><pt><x>3</x><y>583</y><time>07-12-21 15:21:38:215</time></pt><pt><x>274</x><y>583</y><time>07-12-21 15:21:41:809</time></pt><pt><x>274</x><y>942</y><time>undefined</time></pt><pt><x>3</x><y>942</y><time>undefined</time></pt><closed_date>07-12-21 15:21:41:809</closed_date></polygon></object><object><name>restoration</name><deleted>0</deleted><verified>0</verified><occluded>no</occluded><attributes /><parts><hasparts /><ispartof>7</ispartof></parts><date>07-12-21 15:25:01:987</date><id>9</id><polygon><username>anonymous</username><pt><x>352</x><y>680</y><time>07-12-21 15:22:01:231</time></pt><pt><x>349</x><y>720</y><time>07-12-21 15:22:02:705</time></pt><pt><x>371</x><y>740</y><time>07-12-21 15:22:03:838</time></pt><pt><x>387</x><y>740</y><time>07-12-21 15:22:06:010</time></pt><pt><x>417</x><y>723</y><time>07-12-21 15:22:06:993</time></pt><pt><x>442</x><y>736</y><time>07-12-21 15:22:07:917</time></pt><pt><x>471</x><y>746</y><time>07-12-21 15:22:09:131</time></pt><pt><x>499</x><y>741</y><time>07-12-21 15:22:10:321</time></pt><pt><x>509</x><y>723</y><time>07-12-21 15:22:11:432</time></pt><pt><x>523</x><y>736</y><time>07-12-21 15:22:12:859</time></pt><pt><x>539</x><y>750</y><time>07-12-21 15:22:13:576</time></pt><pt><x>554</x><y>765</y><time>07-12-21 15:22:14:275</time></pt><pt><x>564</x><y>773</y><time>07-12-21 15:22:15:971</time></pt><pt><x>581</x><y>776</y><time>07-12-21 15:22:16:556</time></pt><pt><x>596</x><y>778</y><time>07-12-21 15:22:17:844</time></pt><pt><x>613</x><y>778</y><time>07-12-21 15:22:18:658</time></pt><pt><x>621</x><y>770</y><time>07-12-21 15:22:19:619</time></pt><pt><x>626</x><y>753</y><time>07-12-21 15:22:20:518</time></pt><pt><x>628</x><y>726</y><time>07-12-21 15:22:21:603</time></pt><pt><x>628</x><y>713</y><time>07-12-21 15:22:22:307</time></pt><pt><x>631</x><y>698</y><time>07-12-21 15:22:23:220</time></pt><pt><x>631</x><y>686</y><time>07-12-21 15:22:23:868</time></pt><pt><x>629</x><y>678</y><time>07-12-21 15:22:25:023</time></pt><pt><x>633</x><y>676</y><time>07-12-21 15:24:13:182</time></pt><pt><x>623</x><y>670</y><time>07-12-21 15:24:14:046</time></pt><pt><x>609</x><y>670</y><time>07-12-21 15:24:14:567</time></pt><pt><x>586</x><y>675</y><time>07-12-21 15:24:15:165</time></pt><pt><x>549</x><y>676</y><time>07-12-21 15:24:15:917</time></pt><pt><x>508</x><y>680</y><time>07-12-21 15:24:16:640</time></pt><pt><x>501</x><y>681</y><time>07-12-21 15:24:23:782</time></pt><pt><x>488</x><y>681</y><time>07-12-21 15:24:24:370</time></pt><pt><x>476</x><y>681</y><time>07-12-21 15:24:24:975</time></pt><pt><x>464</x><y>681</y><time>07-12-21 15:24:25:595</time></pt><pt><x>459</x><y>675</y><time>07-12-21 15:24:26:193</time></pt><pt><x>444</x><y>668</y><time>07-12-21 15:24:26:800</time></pt><pt><x>437</x><y>664</y><time>07-12-21 15:24:27:384</time></pt><pt><x>427</x><y>671</y><time>07-12-21 15:24:27:816</time></pt><pt><x>417</x><y>680</y><time>07-12-21 15:24:28:351</time></pt><pt><x>409</x><y>681</y><time>07-12-21 15:24:28:993</time></pt><pt><x>396</x><y>685</y><time>07-12-21 15:24:30:152</time></pt><pt><x>376</x><y>683</y><time>07-12-21 15:24:30:668</time></pt><pt><x>371</x><y>681</y><time>07-12-21 15:24:33:827</time></pt><closed_date>07-12-21 15:24:34:286</closed_date></polygon></object><object><name>restoration</name><deleted>0</deleted><verified>0</verified><occluded>no</occluded><attributes /><parts><hasparts /><ispartof>8</ispartof></parts><date>07-12-21 15:26:20:786</date><id>10</id><polygon><username>anonymous</username><pt><x>264</x><y>780</y><time>07-12-21 15:25:11:266</time></pt><pt><x>244</x><y>793</y><time>07-12-21 15:25:12:017</time></pt><pt><x>229</x><y>796</y><time>07-12-21 15:25:12:659</time></pt><pt><x>215</x><y>801</y><time>07-12-21 15:25:13:282</time></pt><pt><x>199</x><y>801</y><time>07-12-21 15:25:13:827</time></pt><pt><x>187</x><y>801</y><time>07-12-21 15:25:14:326</time></pt><pt><x>177</x><y>796</y><time>07-12-21 15:25:14:814</time></pt><pt><x>162</x><y>785</y><time>07-12-21 15:25:15:454</time></pt><pt><x>150</x><y>773</y><time>07-12-21 15:25:16:031</time></pt><pt><x>142</x><y>765</y><time>07-12-21 15:25:16:607</time></pt><pt><x>135</x><y>765</y><time>07-12-21 15:25:17:130</time></pt><pt><x>119</x><y>765</y><time>07-12-21 15:25:17:672</time></pt><pt><x>100</x><y>758</y><time>07-12-21 15:25:18:169</time></pt><pt><x>88</x><y>751</y><time>07-12-21 15:25:18:788</time></pt><pt><x>82</x><y>740</y><time>07-12-21 15:25:19:398</time></pt><pt><x>75</x><y>731</y><time>07-12-21 15:25:20:005</time></pt><pt><x>72</x><y>730</y><time>07-12-21 15:25:20:622</time></pt><pt><x>53</x><y>730</y><time>07-12-21 15:25:21:188</time></pt><pt><x>37</x><y>728</y><time>07-12-21 15:25:21:675</time></pt><pt><x>25</x><y>715</y><time>07-12-21 15:25:22:238</time></pt><pt><x>17</x><y>706</y><time>07-12-21 15:25:22:750</time></pt><pt><x>12</x><y>690</y><time>07-12-21 15:25:24:546</time></pt><pt><x>12</x><y>675</y><time>07-12-21 15:25:25:193</time></pt><pt><x>10</x><y>656</y><time>07-12-21 15:25:26:091</time></pt><pt><x>12</x><y>641</y><time>07-12-21 15:25:26:925</time></pt><pt><x>10</x><y>629</y><time>07-12-21 15:25:35:205</time></pt><pt><x>10</x><y>618</y><time>07-12-21 15:25:35:733</time></pt><pt><x>20</x><y>608</y><time>07-12-21 15:25:36:263</time></pt><pt><x>30</x><y>603</y><time>07-12-21 15:25:36:819</time></pt><pt><x>43</x><y>603</y><time>07-12-21 15:25:37:441</time></pt><pt><x>67</x><y>614</y><time>07-12-21 15:25:38:467</time></pt><pt><x>77</x><y>626</y><time>07-12-21 15:25:39:136</time></pt><pt><x>92</x><y>636</y><time>07-12-21 15:25:39:754</time></pt><pt><x>107</x><y>649</y><time>07-12-21 15:25:40:466</time></pt><pt><x>115</x><y>654</y><time>07-12-21 15:25:40:926</time></pt><pt><x>125</x><y>659</y><time>07-12-21 15:25:41:357</time></pt><pt><x>134</x><y>659</y><time>07-12-21 15:25:41:956</time></pt><pt><x>147</x><y>659</y><time>07-12-21 15:25:42:533</time></pt><pt><x>164</x><y>656</y><time>07-12-21 15:25:43:000</time></pt><pt><x>180</x><y>651</y><time>07-12-21 15:25:43:451</time></pt><pt><x>200</x><y>648</y><time>07-12-21 15:25:43:908</time></pt><pt><x>215</x><y>648</y><time>07-12-21 15:25:44:391</time></pt><pt><x>234</x><y>651</y><time>07-12-21 15:25:44:847</time></pt><pt><x>245</x><y>654</y><time>07-12-21 15:25:45:320</time></pt><pt><x>252</x><y>658</y><time>07-12-21 15:25:45:836</time></pt><pt><x>259</x><y>663</y><time>07-12-21 15:25:46:318</time></pt><pt><x>262</x><y>671</y><time>07-12-21 15:25:46:859</time></pt><pt><x>264</x><y>686</y><time>07-12-21 15:25:47:292</time></pt><pt><x>269</x><y>698</y><time>07-12-21 15:25:47:769</time></pt><pt><x>270</x><y>715</y><time>07-12-21 15:25:48:236</time></pt><pt><x>270</x><y>731</y><time>07-12-21 15:25:48:640</time></pt><pt><x>272</x><y>745</y><time>07-12-21 15:25:49:066</time></pt><pt><x>274</x><y>761</y><time>07-12-21 15:25:49:469</time></pt><pt><x>262</x><y>756</y><time>07-12-21 15:25:51:242</time></pt><pt><x>264</x><y>758</y><time>07-12-21 15:25:52:653</time></pt><pt><x>262</x><y>760</y><time>07-12-21 15:25:54:894</time></pt><pt><x>262</x><y>765</y><time>07-12-21 15:25:55:241</time></pt><pt><x>264</x><y>766</y><time>07-12-21 15:25:56:773</time></pt><closed_date>07-12-21 15:25:58:611</closed_date></polygon></object><imagesize><nrows /><ncols /></imagesize></annotation>