<annotation><filename>imagem-145.jpg</filename><folder>segmentation_xray</folder><source><sourceImage>The MIT-CSAIL database of objects and scenes</sourceImage><sourceAnnotation>LabelMe Webtool</sourceAnnotation></source><object><name>tooth</name><deleted>0</deleted><verified>0</verified><occluded>no</occluded><attributes>27</attributes><parts><hasparts /><ispartof /></parts><date>11-01-22 19:56:15:102</date><id>0</id><type>bounding_box</type><polygon><username>anonymous</username><pt><x>771</x><y>8</y><time>11-01-22 19:56:07:880</time></pt><pt><x>1125</x><y>8</y><time>11-01-22 19:56:09:675</time></pt><pt><x>1125</x><y>167</y><time>undefined</time></pt><pt><x>771</x><y>167</y><time>undefined</time></pt><closed_date>11-01-22 19:56:09:675</closed_date></polygon></object><object><name>tooth</name><deleted>0</deleted><verified>0</verified><occluded>no</occluded><attributes>26</attributes><parts><hasparts /><ispartof /></parts><date>11-01-22 19:56:24:783</date><id>1</id><type>bounding_box</type><polygon><username>anonymous</username><pt><x>412</x><y>7</y><time>11-01-22 19:56:16:325</time></pt><pt><x>810</x><y>7</y><time>11-01-22 19:56:19:798</time></pt><pt><x>810</x><y>272</y><time>undefined</time></pt><pt><x>412</x><y>272</y><time>undefined</time></pt><closed_date>11-01-22 19:56:19:798</closed_date></polygon></object><object><name>tooth</name><deleted>0</deleted><verified>0</verified><occluded>no</occluded><attributes>25</attributes><parts><hasparts /><ispartof /></parts><date>11-01-22 19:56:42:069</date><id>2</id><type>bounding_box</type><polygon><username>anonymous</username><pt><x>187</x><y>5</y><time>11-01-22 19:56:34:551</time></pt><pt><x>437</x><y>5</y><time>11-01-22 19:56:37:190</time></pt><pt><x>437</x><y>341</y><time>undefined</time></pt><pt><x>187</x><y>341</y><time>undefined</time></pt><closed_date>11-01-22 19:56:37:191</closed_date></polygon></object><object><name>tooth</name><deleted>0</deleted><verified>0</verified><occluded>no</occluded><attributes>24</attributes><parts><hasparts /><ispartof /></parts><date>11-01-22 19:56:51:257</date><id>3</id><type>bounding_box</type><polygon><username>anonymous</username><pt><x>0</x><y>407</y><time>11-01-22 19:56:43:098</time></pt><pt><x>212</x><y>407</y><time>11-01-22 19:56:45:771</time></pt><pt><x>212</x><y>15</y><time>undefined</time></pt><pt><x>0</x><y>15</y><time>undefined</time></pt><closed_date>11-01-22 19:56:45:771</closed_date></polygon></object><object><name>tooth</name><deleted>0</deleted><verified>0</verified><occluded>no</occluded><attributes>37</attributes><parts><hasparts /><ispartof /></parts><date>11-01-22 19:57:06:882</date><id>4</id><type>bounding_box</type><polygon><username>anonymous</username><pt><x>1215</x><y>175</y><time>11-01-22 19:56:54:700</time></pt><pt><x>816</x><y>175</y><time>11-01-22 19:57:00:924</time></pt><pt><x>816</x><y>895</y><time>undefined</time></pt><pt><x>1215</x><y>895</y><time>undefined</time></pt><closed_date>11-01-22 19:57:00:924</closed_date></polygon></object><object><name>tooth</name><deleted>0</deleted><verified>0</verified><occluded>no</occluded><attributes>36</attributes><parts><hasparts>8</hasparts><ispartof /></parts><date>11-01-22 19:57:20:149</date><id>5</id><type>bounding_box</type><polygon><username>anonymous</username><pt><x>406</x><y>331</y><time>11-01-22 19:57:13:423</time></pt><pt><x>1023</x><y>331</y><time>11-01-22 19:57:15:688</time></pt><pt><x>1023</x><y>948</y><time>undefined</time></pt><pt><x>406</x><y>948</y><time>undefined</time></pt><closed_date>11-01-22 19:57:15:688</closed_date></polygon></object><object><name>tooth</name><deleted>0</deleted><verified>0</verified><occluded>no</occluded><attributes>35</attributes><parts><hasparts /><ispartof /></parts><date>11-01-22 19:57:34:388</date><id>6</id><type>bounding_box</type><polygon><username>anonymous</username><pt><x>135</x><y>456</y><time>11-01-22 19:57:24:005</time></pt><pt><x>531</x><y>456</y><time>11-01-22 19:57:26:515</time></pt><pt><x>531</x><y>938</y><time>undefined</time></pt><pt><x>135</x><y>938</y><time>undefined</time></pt><closed_date>11-01-22 19:57:26:516</closed_date></polygon></object><object><name>tooth</name><deleted>0</deleted><verified>0</verified><occluded>no</occluded><attributes>34</attributes><parts><hasparts /><ispartof /></parts><date>11-01-22 19:57:50:581</date><id>7</id><type>bounding_box</type><polygon><username>anonymous</username><pt><x>7</x><y>498</y><time>11-01-22 19:57:42:524</time></pt><pt><x>235</x><y>498</y><time>11-01-22 19:57:45:327</time></pt><pt><x>235</x><y>945</y><time>undefined</time></pt><pt><x>7</x><y>945</y><time>undefined</time></pt><closed_date>11-01-22 19:57:45:327</closed_date></polygon></object><object><name>restoration</name><deleted>0</deleted><verified>0</verified><occluded>no</occluded><attributes /><parts><hasparts /><ispartof>5</ispartof></parts><date>11-01-22 19:58:02:980</date><id>8</id><polygon><username>anonymous</username><pt><x>516</x><y>414</y><time>11-01-22 19:57:52:146</time></pt><pt><x>549</x><y>422</y><time>11-01-22 19:57:52:633</time></pt><pt><x>578</x><y>422</y><time>11-01-22 19:57:53:038</time></pt><pt><x>593</x><y>429</y><time>11-01-22 19:57:53:346</time></pt><pt><x>609</x><y>439</y><time>11-01-22 19:57:53:646</time></pt><pt><x>619</x><y>442</y><time>11-01-22 19:57:53:946</time></pt><pt><x>641</x><y>447</y><time>11-01-22 19:57:54:686</time></pt><pt><x>659</x><y>442</y><time>11-01-22 19:57:55:110</time></pt><pt><x>686</x><y>431</y><time>11-01-22 19:57:55:431</time></pt><pt><x>713</x><y>414</y><time>11-01-22 19:57:55:760</time></pt><pt><x>731</x><y>389</y><time>11-01-22 19:57:56:047</time></pt><pt><x>735</x><y>362</y><time>11-01-22 19:57:57:056</time></pt><pt><x>716</x><y>352</y><time>11-01-22 19:57:57:498</time></pt><pt><x>696</x><y>362</y><time>11-01-22 19:57:57:896</time></pt><pt><x>659</x><y>374</y><time>11-01-22 19:57:58:235</time></pt><pt><x>634</x><y>384</y><time>11-01-22 19:57:58:507</time></pt><pt><x>604</x><y>394</y><time>11-01-22 19:57:58:768</time></pt><pt><x>578</x><y>401</y><time>11-01-22 19:57:59:003</time></pt><pt><x>549</x><y>402</y><time>11-01-22 19:57:59:239</time></pt><pt><x>531</x><y>402</y><time>11-01-22 19:57:59:449</time></pt><closed_date>11-01-22 19:57:59:639</closed_date></polygon></object><imagesize><nrows /><ncols /></imagesize></annotation>