<annotation><filename>imagem-100.jpg</filename><folder>segmentation_xray</folder><source><sourceImage>The MIT-CSAIL database of objects and scenes</sourceImage><sourceAnnotation>LabelMe Webtool</sourceAnnotation></source><object><name>tooth</name><deleted>0</deleted><verified>0</verified><occluded>no</occluded><attributes>18</attributes><parts><hasparts /><ispartof /></parts><date>20-12-21 16:11:23:262</date><id>0</id><type>bounding_box</type><polygon><username>anonymous</username><pt><x>11</x><y>388</y><time>20-12-21 16:11:16:628</time></pt><pt><x>533</x><y>388</y><time>20-12-21 16:11:18:723</time></pt><pt><x>533</x><y>13</y><time>undefined</time></pt><pt><x>11</x><y>13</y><time>undefined</time></pt><closed_date>20-12-21 16:11:18:724</closed_date></polygon></object><object><name>tooth</name><deleted>0</deleted><verified>0</verified><occluded>no</occluded><attributes>17</attributes><parts><hasparts>10,11,9</hasparts><ispartof /></parts><date>20-12-21 16:11:33:459</date><id>1</id><type>bounding_box</type><polygon><username>anonymous</username><pt><x>390</x><y>584</y><time>20-12-21 16:11:26:260</time></pt><pt><x>834</x><y>584</y><time>20-12-21 16:11:29:423</time></pt><pt><x>834</x><y>2</y><time>undefined</time></pt><pt><x>390</x><y>2</y><time>undefined</time></pt><closed_date>20-12-21 16:11:29:423</closed_date></polygon></object><object><name>tooth</name><deleted>0</deleted><verified>0</verified><occluded>no</occluded><attributes>16</attributes><parts><hasparts>12</hasparts><ispartof /></parts><date>20-12-21 16:11:47:258</date><id>2</id><type>bounding_box</type><polygon><username>anonymous</username><pt><x>1276</x><y>553</y><time>20-12-21 16:11:36:839</time></pt><pt><x>808</x><y>553</y><time>20-12-21 16:11:42:307</time></pt><pt><x>808</x><y>17</y><time>undefined</time></pt><pt><x>1276</x><y>17</y><time>undefined</time></pt><closed_date>20-12-21 16:11:42:307</closed_date></polygon></object><object><name>tooth</name><deleted>0</deleted><verified>0</verified><occluded>no</occluded><attributes>15</attributes><parts><hasparts>13</hasparts><ispartof /></parts><date>20-12-21 16:11:54:334</date><id>3</id><type>bounding_box</type><polygon><username>anonymous</username><pt><x>1537</x><y>342</y><time>20-12-21 16:11:48:531</time></pt><pt><x>1211</x><y>342</y><time>20-12-21 16:11:49:943</time></pt><pt><x>1211</x><y>4</y><time>undefined</time></pt><pt><x>1537</x><y>4</y><time>undefined</time></pt><closed_date>20-12-21 16:11:49:944</closed_date></polygon></object><object><name>tooth</name><deleted>0</deleted><verified>0</verified><occluded>no</occluded><attributes>14</attributes><parts><hasparts /><ispartof /></parts><date>20-12-21 16:12:15:674</date><id>4</id><type>bounding_box</type><polygon><username>anonymous</username><pt><x>1611</x><y>412</y><time>20-12-21 16:12:09:835</time></pt><pt><x>1496</x><y>412</y><time>20-12-21 16:12:11:156</time></pt><pt><x>1496</x><y>37</y><time>undefined</time></pt><pt><x>1611</x><y>37</y><time>undefined</time></pt><closed_date>20-12-21 16:12:11:156</closed_date></polygon></object><object><name>tooth</name><deleted>0</deleted><verified>0</verified><occluded>no</occluded><attributes>45</attributes><parts><hasparts /><ispartof /></parts><date>20-12-21 16:12:28:197</date><id>5</id><type>bounding_box</type><polygon><username>anonymous</username><pt><x>1607</x><y>527</y><time>20-12-21 16:12:16:863</time></pt><pt><x>1372</x><y>527</y><time>20-12-21 16:12:20:023</time></pt><pt><x>1372</x><y>1176</y><time>undefined</time></pt><pt><x>1607</x><y>1176</y><time>undefined</time></pt><closed_date>20-12-21 16:12:20:024</closed_date></polygon></object><object><name>tooth</name><deleted>0</deleted><verified>0</verified><occluded>no</occluded><attributes>46</attributes><parts><hasparts>14</hasparts><ispartof /></parts><date>20-12-21 16:12:40:461</date><id>6</id><type>bounding_box</type><polygon><username>anonymous</username><pt><x>910</x><y>603</y><time>20-12-21 16:12:31:358</time></pt><pt><x>1394</x><y>603</y><time>20-12-21 16:12:34:886</time></pt><pt><x>1394</x><y>1230</y><time>undefined</time></pt><pt><x>910</x><y>1230</y><time>undefined</time></pt><closed_date>20-12-21 16:12:34:886</closed_date></polygon></object><object><name>tooth</name><deleted>0</deleted><verified>0</verified><occluded>no</occluded><attributes>47</attributes><parts><hasparts>15</hasparts><ispartof /></parts><date>20-12-21 16:12:58:937</date><id>7</id><type>bounding_box</type><polygon><username>anonymous</username><pt><x>945</x><y>586</y><time>20-12-21 16:12:49:305</time></pt><pt><x>433</x><y>586</y><time>20-12-21 16:12:53:072</time></pt><pt><x>433</x><y>1237</y><time>undefined</time></pt><pt><x>945</x><y>1237</y><time>undefined</time></pt><closed_date>20-12-21 16:12:53:072</closed_date></polygon></object><object><name>tooth</name><deleted>0</deleted><verified>0</verified><occluded>no</occluded><attributes>48</attributes><parts><hasparts /><ispartof /></parts><date>20-12-21 16:13:14:184</date><id>8</id><type>bounding_box</type><polygon><username>anonymous</username><pt><x>15</x><y>721</y><time>20-12-21 16:13:06:497</time></pt><pt><x>581</x><y>721</y><time>20-12-21 16:13:08:495</time></pt><pt><x>581</x><y>1217</y><time>undefined</time></pt><pt><x>15</x><y>1217</y><time>undefined</time></pt><closed_date>20-12-21 16:13:08:496</closed_date></polygon></object><object><name>restoration</name><deleted>0</deleted><verified>0</verified><occluded>no</occluded><attributes /><parts><hasparts /><ispartof>1</ispartof></parts><date>20-12-21 16:14:36:423</date><id>9</id><polygon><username>anonymous</username><pt><x>599</x><y>170</y><time>20-12-21 16:14:19:208</time></pt><pt><x>536</x><y>240</y><time>20-12-21 16:14:19:835</time></pt><pt><x>477</x><y>307</y><time>20-12-21 16:14:20:651</time></pt><pt><x>490</x><y>388</y><time>20-12-21 16:14:21:368</time></pt><pt><x>514</x><y>455</y><time>20-12-21 16:14:22:197</time></pt><pt><x>533</x><y>494</y><time>20-12-21 16:14:22:749</time></pt><pt><x>625</x><y>462</y><time>20-12-21 16:14:24:434</time></pt><pt><x>677</x><y>483</y><time>20-12-21 16:14:25:235</time></pt><pt><x>727</x><y>490</y><time>20-12-21 16:14:25:968</time></pt><pt><x>758</x><y>477</y><time>20-12-21 16:14:26:678</time></pt><pt><x>797</x><y>475</y><time>20-12-21 16:14:27:195</time></pt><pt><x>817</x><y>442</y><time>20-12-21 16:14:27:718</time></pt><pt><x>825</x><y>394</y><time>20-12-21 16:14:28:294</time></pt><pt><x>827</x><y>333</y><time>20-12-21 16:14:28:811</time></pt><pt><x>821</x><y>277</y><time>20-12-21 16:14:29:533</time></pt><pt><x>797</x><y>235</y><time>20-12-21 16:14:30:142</time></pt><pt><x>773</x><y>189</y><time>20-12-21 16:14:30:794</time></pt><pt><x>743</x><y>172</y><time>20-12-21 16:14:31:532</time></pt><pt><x>712</x><y>152</y><time>20-12-21 16:14:32:404</time></pt><pt><x>649</x><y>155</y><time>20-12-21 16:14:32:929</time></pt><closed_date>20-12-21 16:14:33:368</closed_date></polygon></object><object><name>root canal treatment</name><deleted>0</deleted><verified>0</verified><occluded>no</occluded><attributes /><parts><hasparts /><ispartof>1</ispartof></parts><date>20-12-21 16:14:52:912</date><id>10</id><polygon><username>anonymous</username><pt><x>601</x><y>159</y><time>20-12-21 16:14:37:186</time></pt><pt><x>586</x><y>118</y><time>20-12-21 16:14:37:947</time></pt><pt><x>571</x><y>74</y><time>20-12-21 16:14:38:417</time></pt><pt><x>529</x><y>46</y><time>20-12-21 16:14:38:913</time></pt><pt><x>533</x><y>11</y><time>20-12-21 16:14:43:073</time></pt><pt><x>605</x><y>7</y><time>20-12-21 16:14:44:002</time></pt><pt><x>627</x><y>17</y><time>20-12-21 16:14:44:894</time></pt><pt><x>616</x><y>59</y><time>20-12-21 16:14:45:715</time></pt><pt><x>636</x><y>85</y><time>20-12-21 16:14:46:614</time></pt><pt><x>653</x><y>137</y><time>20-12-21 16:14:47:169</time></pt><pt><x>653</x><y>148</y><time>20-12-21 16:14:48:026</time></pt><closed_date>20-12-21 16:14:48:862</closed_date></polygon></object><object><name>root canal treatment</name><deleted>0</deleted><verified>0</verified><occluded>no</occluded><attributes /><parts><hasparts /><ispartof>1</ispartof></parts><date>20-12-21 16:15:11:728</date><id>11</id><polygon><username>anonymous</username><pt><x>668</x><y>146</y><time>20-12-21 16:14:54:201</time></pt><pt><x>688</x><y>111</y><time>20-12-21 16:14:54:715</time></pt><pt><x>699</x><y>72</y><time>20-12-21 16:14:56:556</time></pt><pt><x>690</x><y>33</y><time>20-12-21 16:14:57:664</time></pt><pt><x>690</x><y>11</y><time>20-12-21 16:14:58:281</time></pt><pt><x>745</x><y>13</y><time>20-12-21 16:15:03:883</time></pt><pt><x>760</x><y>24</y><time>20-12-21 16:15:04:693</time></pt><pt><x>736</x><y>52</y><time>20-12-21 16:15:05:611</time></pt><pt><x>740</x><y>83</y><time>20-12-21 16:15:06:294</time></pt><pt><x>756</x><y>159</y><time>20-12-21 16:15:06:976</time></pt><pt><x>747</x><y>172</y><time>20-12-21 16:15:07:694</time></pt><closed_date>20-12-21 16:15:08:489</closed_date></polygon></object><object><name>restoration</name><deleted>0</deleted><verified>0</verified><occluded>no</occluded><attributes /><parts><hasparts /><ispartof>2</ispartof></parts><date>20-12-21 16:15:31:969</date><id>12</id><polygon><username>anonymous</username><pt><x>860</x><y>305</y><time>20-12-21 16:15:12:999</time></pt><pt><x>899</x><y>309</y><time>20-12-21 16:15:13:472</time></pt><pt><x>928</x><y>351</y><time>20-12-21 16:15:14:031</time></pt><pt><x>943</x><y>390</y><time>20-12-21 16:15:14:456</time></pt><pt><x>943</x><y>425</y><time>20-12-21 16:15:14:895</time></pt><pt><x>976</x><y>422</y><time>20-12-21 16:15:16:182</time></pt><pt><x>991</x><y>429</y><time>20-12-21 16:15:16:873</time></pt><pt><x>1010</x><y>401</y><time>20-12-21 16:15:17:500</time></pt><pt><x>1028</x><y>398</y><time>20-12-21 16:15:17:895</time></pt><pt><x>1054</x><y>407</y><time>20-12-21 16:15:18:678</time></pt><pt><x>1084</x><y>459</y><time>20-12-21 16:15:20:028</time></pt><pt><x>1067</x><y>468</y><time>20-12-21 16:15:22:117</time></pt><pt><x>1010</x><y>496</y><time>20-12-21 16:15:23:099</time></pt><pt><x>973</x><y>520</y><time>20-12-21 16:15:23:994</time></pt><pt><x>923</x><y>510</y><time>20-12-21 16:15:24:554</time></pt><pt><x>886</x><y>483</y><time>20-12-21 16:15:25:109</time></pt><pt><x>849</x><y>473</y><time>20-12-21 16:15:25:603</time></pt><pt><x>814</x><y>455</y><time>20-12-21 16:15:26:082</time></pt><pt><x>801</x><y>429</y><time>20-12-21 16:15:26:539</time></pt><pt><x>795</x><y>324</y><time>20-12-21 16:15:27:939</time></pt><pt><x>814</x><y>307</y><time>20-12-21 16:15:28:455</time></pt><closed_date>20-12-21 16:15:28:879</closed_date></polygon></object><object><name>root canal treatment</name><deleted>0</deleted><verified>0</verified><occluded>no</occluded><attributes /><parts><hasparts /><ispartof>3</ispartof></parts><date>20-12-21 16:15:41:078</date><id>13</id><polygon><username>anonymous</username><pt><x>1315</x><y>109</y><time>20-12-21 16:15:33:641</time></pt><pt><x>1296</x><y>26</y><time>20-12-21 16:15:34:295</time></pt><pt><x>1344</x><y>20</y><time>20-12-21 16:15:34:896</time></pt><pt><x>1354</x><y>89</y><time>20-12-21 16:15:35:465</time></pt><pt><x>1361</x><y>122</y><time>20-12-21 16:15:36:351</time></pt><pt><x>1322</x><y>124</y><time>20-12-21 16:15:36:865</time></pt><closed_date>20-12-21 16:15:37:892</closed_date></polygon></object><object><name>restoration</name><deleted>0</deleted><verified>0</verified><occluded>no</occluded><attributes /><parts><hasparts /><ispartof>6</ispartof></parts><date>20-12-21 16:15:59:158</date><id>14</id><polygon><username>anonymous</username><pt><x>1291</x><y>699</y><time>20-12-21 16:15:43:112</time></pt><pt><x>1254</x><y>743</y><time>20-12-21 16:15:43:949</time></pt><pt><x>1202</x><y>758</y><time>20-12-21 16:15:44:512</time></pt><pt><x>1167</x><y>777</y><time>20-12-21 16:15:48:178</time></pt><pt><x>1097</x><y>773</y><time>20-12-21 16:15:48:742</time></pt><pt><x>1067</x><y>747</y><time>20-12-21 16:15:49:232</time></pt><pt><x>1002</x><y>743</y><time>20-12-21 16:15:49:974</time></pt><pt><x>965</x><y>710</y><time>20-12-21 16:15:50:562</time></pt><pt><x>962</x><y>675</y><time>20-12-21 16:15:51:125</time></pt><pt><x>1050</x><y>653</y><time>20-12-21 16:15:51:908</time></pt><pt><x>1106</x><y>636</y><time>20-12-21 16:15:52:597</time></pt><pt><x>1158</x><y>625</y><time>20-12-21 16:15:53:313</time></pt><pt><x>1211</x><y>638</y><time>20-12-21 16:15:54:079</time></pt><pt><x>1291</x><y>645</y><time>20-12-21 16:15:54:682</time></pt><pt><x>1289</x><y>668</y><time>20-12-21 16:15:55:440</time></pt><closed_date>20-12-21 16:15:55:998</closed_date></polygon></object><object><name>restoration</name><deleted>0</deleted><verified>0</verified><occluded>no</occluded><attributes /><parts><hasparts /><ispartof>7</ispartof></parts><date>20-12-21 16:16:14:981</date><id>15</id><polygon><username>anonymous</username><pt><x>721</x><y>784</y><time>20-12-21 16:16:01:748</time></pt><pt><x>743</x><y>745</y><time>20-12-21 16:16:02:561</time></pt><pt><x>788</x><y>655</y><time>20-12-21 16:16:03:236</time></pt><pt><x>749</x><y>655</y><time>20-12-21 16:16:03:850</time></pt><pt><x>712</x><y>690</y><time>20-12-21 16:16:04:325</time></pt><pt><x>684</x><y>692</y><time>20-12-21 16:16:04:892</time></pt><pt><x>640</x><y>703</y><time>20-12-21 16:16:05:628</time></pt><pt><x>605</x><y>719</y><time>20-12-21 16:16:06:174</time></pt><pt><x>551</x><y>745</y><time>20-12-21 16:16:06:742</time></pt><pt><x>525</x><y>769</y><time>20-12-21 16:16:07:777</time></pt><pt><x>523</x><y>806</y><time>20-12-21 16:16:08:331</time></pt><pt><x>621</x><y>832</y><time>20-12-21 16:16:09:065</time></pt><pt><x>634</x><y>808</y><time>20-12-21 16:16:09:575</time></pt><pt><x>671</x><y>817</y><time>20-12-21 16:16:10:105</time></pt><pt><x>688</x><y>795</y><time>20-12-21 16:16:10:719</time></pt><pt><x>699</x><y>771</y><time>20-12-21 16:16:11:204</time></pt><closed_date>20-12-21 16:16:11:603</closed_date></polygon></object><imagesize><nrows /><ncols /></imagesize><object><name>tooth</name><deleted>1</deleted><verified>0</verified><occluded>no</occluded><attributes /><parts><hasparts /><ispartof /></parts><date>10-02-22 11:41:21:355</date><id>16</id><type>bounding_box</type><polygon><username>anonymous</username><pt><x>1358</x><y>421</y><time>10-02-22 11:41:13:246</time></pt><pt><x>1457</x><y>421</y><time>10-02-22 11:41:15:050</time></pt><pt><x>1457</x><y>474</y><time>undefined</time></pt><pt><x>1358</x><y>474</y><time>undefined</time></pt><closed_date>10-02-22 11:41:15:051</closed_date></polygon></object><object><name>tooth</name><deleted>1</deleted><verified>0</verified><occluded>no</occluded><attributes /><parts><hasparts /><ispartof /></parts><date>10-02-22 11:41:39:808</date><id>17</id><polygon><username>anonymous</username><pt><x>1350</x><y>407</y><time>10-02-22 11:41:29:556</time></pt><pt><x>1336</x><y>491</y><time>10-02-22 11:41:31:097</time></pt><pt><x>1450</x><y>489</y><time>10-02-22 11:41:31:762</time></pt><pt><x>1387</x><y>394</y><time>10-02-22 11:41:33:010</time></pt><closed_date>10-02-22 11:41:34:394</closed_date></polygon></object></annotation>