<annotation><filename>imagem-121.jpg</filename><folder>segmentation_xray</folder><source><sourceImage>The MIT-CSAIL database of objects and scenes</sourceImage><sourceAnnotation>LabelMe Webtool</sourceAnnotation></source><object><name>tooth</name><deleted>0</deleted><verified>0</verified><occluded>no</occluded><attributes>18</attributes><parts><hasparts>9</hasparts><ispartof /></parts><date>14-12-21 21:53:05:490</date><id>0</id><type>bounding_box</type><polygon><username>anonymous</username><pt><x>2</x><y>362</y><time>14-12-21 21:52:59:704</time></pt><pt><x>239</x><y>362</y><time>14-12-21 21:53:02:511</time></pt><pt><x>239</x><y>5</y><time>undefined</time></pt><pt><x>2</x><y>5</y><time>undefined</time></pt><closed_date>14-12-21 21:53:02:511</closed_date></polygon></object><object><name>tooth</name><deleted>0</deleted><verified>0</verified><occluded>no</occluded><attributes>17</attributes><parts><hasparts>10</hasparts><ispartof /></parts><date>14-12-21 21:53:17:353</date><id>1</id><type>bounding_box</type><polygon><username>anonymous</username><pt><x>499</x><y>426</y><time>14-12-21 21:53:09:896</time></pt><pt><x>212</x><y>426</y><time>14-12-21 21:53:12:791</time></pt><pt><x>212</x><y>2</y><time>undefined</time></pt><pt><x>499</x><y>2</y><time>undefined</time></pt><closed_date>14-12-21 21:53:12:791</closed_date></polygon></object><object><name>tooth</name><deleted>0</deleted><verified>0</verified><occluded>no</occluded><attributes>16</attributes><parts><hasparts /><ispartof /></parts><date>14-12-21 21:53:28:844</date><id>2</id><type>bounding_box</type><polygon><username>anonymous</username><pt><x>805</x><y>479</y><time>14-12-21 21:53:19:017</time></pt><pt><x>508</x><y>479</y><time>14-12-21 21:53:21:304</time></pt><pt><x>508</x><y>10</y><time>undefined</time></pt><pt><x>805</x><y>10</y><time>undefined</time></pt><closed_date>14-12-21 21:53:21:304</closed_date></polygon></object><object><name>tooth</name><deleted>0</deleted><verified>0</verified><occluded>no</occluded><attributes>15</attributes><parts><hasparts /><ispartof /></parts><date>14-12-21 21:54:20:760</date><id>3</id><type>bounding_box</type><polygon><username>anonymous</username><pt><x>1015</x><y>493</y><time>14-12-21 21:54:14:552</time></pt><pt><x>800</x><y>493</y><time>14-12-21 21:54:16:648</time></pt><pt><x>800</x><y>2</y><time>undefined</time></pt><pt><x>1015</x><y>2</y><time>undefined</time></pt><closed_date>14-12-21 21:54:16:648</closed_date></polygon></object><object><name>tooth</name><deleted>0</deleted><verified>0</verified><occluded>no</occluded><attributes>14</attributes><parts><hasparts>11</hasparts><ispartof /></parts><date>14-12-21 21:54:31:403</date><id>4</id><type>bounding_box</type><polygon><username>anonymous</username><pt><x>1205</x><y>491</y><time>14-12-21 21:54:22:497</time></pt><pt><x>1003</x><y>491</y><time>14-12-21 21:54:27:120</time></pt><pt><x>1003</x><y>8</y><time>undefined</time></pt><pt><x>1205</x><y>8</y><time>undefined</time></pt><closed_date>14-12-21 21:54:27:120</closed_date></polygon></object><object><name>tooth</name><deleted>0</deleted><verified>0</verified><occluded>no</occluded><attributes>44</attributes><parts><hasparts /><ispartof /></parts><date>14-12-21 21:55:55:266</date><id>5</id><type>bounding_box</type><polygon><username>anonymous</username><pt><x>1215</x><y>509</y><time>14-12-21 21:55:45:649</time></pt><pt><x>1038</x><y>509</y><time>14-12-21 21:55:47:008</time></pt><pt><x>1038</x><y>925</y><time>undefined</time></pt><pt><x>1215</x><y>925</y><time>undefined</time></pt><closed_date>14-12-21 21:55:47:009</closed_date></polygon></object><object><name>tooth</name><deleted>0</deleted><verified>0</verified><occluded>no</occluded><attributes>46</attributes><parts><hasparts>12</hasparts><ispartof /></parts><date>14-12-21 21:56:08:626</date><id>6</id><type>bounding_box</type><polygon><username>anonymous</username><pt><x>895</x><y>539</y><time>14-12-21 21:56:03:658</time></pt><pt><x>489</x><y>539</y><time>14-12-21 21:56:05:192</time></pt><pt><x>489</x><y>947</y><time>undefined</time></pt><pt><x>895</x><y>947</y><time>undefined</time></pt><closed_date>14-12-21 21:56:05:193</closed_date></polygon></object><object><name>tooth</name><deleted>0</deleted><verified>0</verified><occluded>no</occluded><attributes>47</attributes><parts><hasparts>13</hasparts><ispartof /></parts><date>14-12-21 21:56:22:989</date><id>7</id><type>bounding_box</type><polygon><username>anonymous</username><pt><x>104</x><y>945</y><time>14-12-21 21:56:15:857</time></pt><pt><x>574</x><y>945</y><time>14-12-21 21:56:19:089</time></pt><pt><x>574</x><y>439</y><time>undefined</time></pt><pt><x>104</x><y>439</y><time>undefined</time></pt><closed_date>14-12-21 21:56:19:089</closed_date></polygon></object><object><name>tooth</name><deleted>0</deleted><verified>0</verified><occluded>no</occluded><attributes>48</attributes><parts><hasparts /><ispartof /></parts><date>14-12-21 21:56:34:045</date><id>8</id><type>bounding_box</type><polygon><username>anonymous</username><pt><x>5</x><y>382</y><time>14-12-21 21:56:24:154</time></pt><pt><x>217</x><y>382</y><time>14-12-21 21:56:27:946</time></pt><pt><x>217</x><y>825</y><time>undefined</time></pt><pt><x>5</x><y>825</y><time>undefined</time></pt><closed_date>14-12-21 21:56:27:946</closed_date></polygon></object><object><name>restoration</name><deleted>0</deleted><verified>0</verified><occluded>no</occluded><attributes /><parts><hasparts /><ispartof>0</ispartof></parts><date>14-12-21 21:56:48:175</date><id>9</id><polygon><username>anonymous</username><pt><x>147</x><y>306</y><time>14-12-21 21:56:38:171</time></pt><pt><x>137</x><y>291</y><time>14-12-21 21:56:38:601</time></pt><pt><x>130</x><y>280</y><time>14-12-21 21:56:38:993</time></pt><pt><x>122</x><y>274</y><time>14-12-21 21:56:39:353</time></pt><pt><x>92</x><y>269</y><time>14-12-21 21:56:41:673</time></pt><pt><x>73</x><y>267</y><time>14-12-21 21:56:42:153</time></pt><pt><x>58</x><y>267</y><time>14-12-21 21:56:42:481</time></pt><pt><x>47</x><y>279</y><time>14-12-21 21:56:42:753</time></pt><pt><x>40</x><y>286</y><time>14-12-21 21:56:43:025</time></pt><pt><x>47</x><y>312</y><time>14-12-21 21:56:43:386</time></pt><pt><x>57</x><y>322</y><time>14-12-21 21:56:43:676</time></pt><pt><x>68</x><y>324</y><time>14-12-21 21:56:43:938</time></pt><pt><x>83</x><y>324</y><time>14-12-21 21:56:44:178</time></pt><pt><x>102</x><y>319</y><time>14-12-21 21:56:44:433</time></pt><pt><x>120</x><y>319</y><time>14-12-21 21:56:44:737</time></pt><closed_date>14-12-21 21:56:45:457</closed_date></polygon></object><object><name>restoration</name><deleted>0</deleted><verified>0</verified><occluded>no</occluded><attributes /><parts><hasparts /><ispartof>1</ispartof></parts><date>14-12-21 21:56:58:125</date><id>10</id><polygon><username>anonymous</username><pt><x>316</x><y>346</y><time>14-12-21 21:56:49:098</time></pt><pt><x>334</x><y>347</y><time>14-12-21 21:56:49:433</time></pt><pt><x>351</x><y>354</y><time>14-12-21 21:56:50:193</time></pt><pt><x>362</x><y>349</y><time>14-12-21 21:56:50:545</time></pt><pt><x>367</x><y>349</y><time>14-12-21 21:56:50:803</time></pt><pt><x>382</x><y>356</y><time>14-12-21 21:56:51:009</time></pt><pt><x>391</x><y>362</y><time>14-12-21 21:56:51:209</time></pt><pt><x>406</x><y>359</y><time>14-12-21 21:56:51:483</time></pt><pt><x>429</x><y>357</y><time>14-12-21 21:56:51:833</time></pt><pt><x>432</x><y>351</y><time>14-12-21 21:56:52:081</time></pt><pt><x>431</x><y>341</y><time>14-12-21 21:56:52:410</time></pt><pt><x>429</x><y>334</y><time>14-12-21 21:56:52:674</time></pt><pt><x>437</x><y>322</y><time>14-12-21 21:56:52:937</time></pt><pt><x>432</x><y>311</y><time>14-12-21 21:56:53:265</time></pt><pt><x>421</x><y>301</y><time>14-12-21 21:56:53:594</time></pt><pt><x>401</x><y>299</y><time>14-12-21 21:56:53:833</time></pt><pt><x>379</x><y>299</y><time>14-12-21 21:56:54:065</time></pt><pt><x>364</x><y>299</y><time>14-12-21 21:56:54:281</time></pt><pt><x>354</x><y>294</y><time>14-12-21 21:56:54:713</time></pt><pt><x>336</x><y>294</y><time>14-12-21 21:56:54:961</time></pt><pt><x>322</x><y>302</y><time>14-12-21 21:56:55:201</time></pt><pt><x>317</x><y>312</y><time>14-12-21 21:56:55:425</time></pt><pt><x>314</x><y>326</y><time>14-12-21 21:56:55:649</time></pt><closed_date>14-12-21 21:56:55:865</closed_date></polygon></object><object><name>restoration</name><deleted>0</deleted><verified>0</verified><occluded>no</occluded><attributes /><parts><hasparts /><ispartof>4</ispartof></parts><date>14-12-21 21:57:14:270</date><id>11</id><polygon><username>anonymous</username><pt><x>1104</x><y>396</y><time>14-12-21 21:57:01:433</time></pt><pt><x>1149</x><y>402</y><time>14-12-21 21:57:06:232</time></pt><pt><x>1154</x><y>389</y><time>14-12-21 21:57:06:817</time></pt><pt><x>1155</x><y>367</y><time>14-12-21 21:57:08:577</time></pt><pt><x>1150</x><y>359</y><time>14-12-21 21:57:09:009</time></pt><pt><x>1134</x><y>351</y><time>14-12-21 21:57:09:401</time></pt><pt><x>1110</x><y>351</y><time>14-12-21 21:57:09:697</time></pt><pt><x>1100</x><y>362</y><time>14-12-21 21:57:09:977</time></pt><pt><x>1099</x><y>376</y><time>14-12-21 21:57:10:265</time></pt><closed_date>14-12-21 21:57:10:522</closed_date></polygon></object><object><name>restoration</name><deleted>0</deleted><verified>0</verified><occluded>no</occluded><attributes /><parts><hasparts /><ispartof>6</ispartof></parts><date>14-12-21 21:57:28:335</date><id>12</id><polygon><username>anonymous</username><pt><x>638</x><y>606</y><time>14-12-21 21:57:15:123</time></pt><pt><x>673</x><y>614</y><time>14-12-21 21:57:15:393</time></pt><pt><x>688</x><y>628</y><time>14-12-21 21:57:15:866</time></pt><pt><x>690</x><y>646</y><time>14-12-21 21:57:16:226</time></pt><pt><x>696</x><y>658</y><time>14-12-21 21:57:16:491</time></pt><pt><x>710</x><y>670</y><time>14-12-21 21:57:16:707</time></pt><pt><x>730</x><y>666</y><time>14-12-21 21:57:16:978</time></pt><pt><x>743</x><y>648</y><time>14-12-21 21:57:17:234</time></pt><pt><x>761</x><y>638</y><time>14-12-21 21:57:17:481</time></pt><pt><x>788</x><y>638</y><time>14-12-21 21:57:17:689</time></pt><pt><x>806</x><y>639</y><time>14-12-21 21:57:17:883</time></pt><pt><x>825</x><y>641</y><time>14-12-21 21:57:18:073</time></pt><pt><x>843</x><y>641</y><time>14-12-21 21:57:18:297</time></pt><pt><x>853</x><y>634</y><time>14-12-21 21:57:18:585</time></pt><pt><x>862</x><y>628</y><time>14-12-21 21:57:18:802</time></pt><pt><x>858</x><y>621</y><time>14-12-21 21:57:19:066</time></pt><pt><x>841</x><y>614</y><time>14-12-21 21:57:19:353</time></pt><pt><x>821</x><y>611</y><time>14-12-21 21:57:19:601</time></pt><pt><x>791</x><y>609</y><time>14-12-21 21:57:19:809</time></pt><pt><x>781</x><y>609</y><time>14-12-21 21:57:20:001</time></pt><pt><x>781</x><y>599</y><time>14-12-21 21:57:20:242</time></pt><pt><x>783</x><y>588</y><time>14-12-21 21:57:20:466</time></pt><pt><x>783</x><y>583</y><time>14-12-21 21:57:20:722</time></pt><pt><x>765</x><y>576</y><time>14-12-21 21:57:20:985</time></pt><pt><x>748</x><y>574</y><time>14-12-21 21:57:21:233</time></pt><pt><x>736</x><y>573</y><time>14-12-21 21:57:21:482</time></pt><pt><x>726</x><y>573</y><time>14-12-21 21:57:21:697</time></pt><pt><x>713</x><y>586</y><time>14-12-21 21:57:21:914</time></pt><pt><x>711</x><y>589</y><time>14-12-21 21:57:22:097</time></pt><pt><x>691</x><y>589</y><time>14-12-21 21:57:22:329</time></pt><pt><x>676</x><y>578</y><time>14-12-21 21:57:22:594</time></pt><pt><x>664</x><y>578</y><time>14-12-21 21:57:22:834</time></pt><pt><x>648</x><y>568</y><time>14-12-21 21:57:23:514</time></pt><pt><x>641</x><y>566</y><time>14-12-21 21:57:23:777</time></pt><pt><x>636</x><y>583</y><time>14-12-21 21:57:24:074</time></pt><pt><x>636</x><y>593</y><time>14-12-21 21:57:24:338</time></pt><closed_date>14-12-21 21:57:24:986</closed_date></polygon></object><object><name>restoration</name><deleted>0</deleted><verified>0</verified><occluded>no</occluded><attributes /><parts><hasparts /><ispartof>7</ispartof></parts><date>14-12-21 21:59:21:735</date><id>13</id><polygon><username>anonymous</username><pt><x>316</x><y>509</y><time>14-12-21 21:59:06:531</time></pt><pt><x>317</x><y>531</y><time>14-12-21 21:59:07:235</time></pt><pt><x>334</x><y>549</y><time>14-12-21 21:59:07:619</time></pt><pt><x>354</x><y>554</y><time>14-12-21 21:59:07:899</time></pt><pt><x>359</x><y>563</y><time>14-12-21 21:59:08:147</time></pt><pt><x>369</x><y>576</y><time>14-12-21 21:59:08:427</time></pt><pt><x>377</x><y>583</y><time>14-12-21 21:59:08:722</time></pt><pt><x>402</x><y>586</y><time>14-12-21 21:59:08:995</time></pt><pt><x>416</x><y>601</y><time>14-12-21 21:59:09:259</time></pt><pt><x>422</x><y>616</y><time>14-12-21 21:59:09:516</time></pt><pt><x>439</x><y>621</y><time>14-12-21 21:59:09:811</time></pt><pt><x>452</x><y>611</y><time>14-12-21 21:59:10:107</time></pt><pt><x>461</x><y>608</y><time>14-12-21 21:59:10:338</time></pt><pt><x>481</x><y>616</y><time>14-12-21 21:59:10:635</time></pt><pt><x>501</x><y>618</y><time>14-12-21 21:59:10:850</time></pt><pt><x>518</x><y>611</y><time>14-12-21 21:59:11:298</time></pt><pt><x>534</x><y>601</y><time>14-12-21 21:59:11:611</time></pt><pt><x>539</x><y>591</y><time>14-12-21 21:59:11:858</time></pt><pt><x>539</x><y>576</y><time>14-12-21 21:59:12:090</time></pt><pt><x>536</x><y>561</y><time>14-12-21 21:59:12:427</time></pt><pt><x>524</x><y>543</y><time>14-12-21 21:59:12:731</time></pt><pt><x>521</x><y>539</y><time>14-12-21 21:59:12:962</time></pt><pt><x>504</x><y>541</y><time>14-12-21 21:59:13:202</time></pt><pt><x>486</x><y>544</y><time>14-12-21 21:59:13:524</time></pt><pt><x>471</x><y>546</y><time>14-12-21 21:59:13:770</time></pt><pt><x>464</x><y>546</y><time>14-12-21 21:59:14:043</time></pt><pt><x>456</x><y>539</y><time>14-12-21 21:59:14:411</time></pt><pt><x>446</x><y>529</y><time>14-12-21 21:59:14:658</time></pt><pt><x>441</x><y>518</y><time>14-12-21 21:59:14:970</time></pt><pt><x>441</x><y>509</y><time>14-12-21 21:59:15:259</time></pt><pt><x>422</x><y>498</y><time>14-12-21 21:59:15:491</time></pt><pt><x>422</x><y>498</y><time>14-12-21 21:59:15:755</time></pt><pt><x>414</x><y>498</y><time>14-12-21 21:59:16:003</time></pt><pt><x>406</x><y>511</y><time>14-12-21 21:59:16:267</time></pt><pt><x>391</x><y>514</y><time>14-12-21 21:59:16:547</time></pt><pt><x>377</x><y>506</y><time>14-12-21 21:59:16:907</time></pt><pt><x>364</x><y>499</y><time>14-12-21 21:59:17:138</time></pt><pt><x>351</x><y>498</y><time>14-12-21 21:59:17:347</time></pt><pt><x>342</x><y>498</y><time>14-12-21 21:59:17:539</time></pt><pt><x>336</x><y>489</y><time>14-12-21 21:59:17:819</time></pt><pt><x>327</x><y>486</y><time>14-12-21 21:59:18:211</time></pt><pt><x>316</x><y>494</y><time>14-12-21 21:59:18:445</time></pt><closed_date>14-12-21 21:59:18:627</closed_date></polygon></object><imagesize><nrows /><ncols /></imagesize></annotation>