<annotation><filename>imagem-029.jpg</filename><folder>segmentation_xray</folder><source><sourceImage>The MIT-CSAIL database of objects and scenes</sourceImage><sourceAnnotation>LabelMe Webtool</sourceAnnotation></source><object><name>tooth</name><deleted>0</deleted><verified>0</verified><occluded>no</occluded><attributes>27</attributes><parts><hasparts>8,9</hasparts><ispartof /></parts><date>13-01-22 19:03:59:717</date><id>0</id><type>bounding_box</type><polygon><username>anonymous</username><pt><x>978</x><y>2</y><time>13-01-22 19:03:50:756</time></pt><pt><x>651</x><y>2</y><time>13-01-22 19:03:54:089</time></pt><pt><x>651</x><y>359</y><time>undefined</time></pt><pt><x>978</x><y>359</y><time>undefined</time></pt><closed_date>13-01-22 19:03:54:089</closed_date></polygon></object><object><name>tooth</name><deleted>0</deleted><verified>0</verified><occluded>no</occluded><attributes>26</attributes><parts><hasparts /><ispartof /></parts><date>13-01-22 19:04:09:054</date><id>1</id><type>bounding_box</type><polygon><username>anonymous</username><pt><x>287</x><y>0</y><time>13-01-22 19:04:01:711</time></pt><pt><x>659</x><y>0</y><time>13-01-22 19:04:03:702</time></pt><pt><x>659</x><y>361</y><time>undefined</time></pt><pt><x>287</x><y>361</y><time>undefined</time></pt><closed_date>13-01-22 19:04:03:702</closed_date></polygon></object><object><name>tooth</name><deleted>0</deleted><verified>0</verified><occluded>no</occluded><attributes>25</attributes><parts><hasparts /><ispartof /></parts><date>13-01-22 19:04:17:722</date><id>2</id><type>bounding_box</type><polygon><username>anonymous</username><pt><x>60</x><y>394</y><time>13-01-22 19:04:11:478</time></pt><pt><x>292</x><y>394</y><time>13-01-22 19:04:13:417</time></pt><pt><x>292</x><y>10</y><time>undefined</time></pt><pt><x>60</x><y>10</y><time>undefined</time></pt><closed_date>13-01-22 19:04:13:418</closed_date></polygon></object><object><name>tooth</name><deleted>0</deleted><verified>0</verified><occluded>no</occluded><attributes>24</attributes><parts><hasparts /><ispartof /></parts><date>13-01-22 19:04:25:505</date><id>3</id><type>bounding_box</type><polygon><username>anonymous</username><pt><x>7</x><y>382</y><time>13-01-22 19:04:18:991</time></pt><pt><x>57</x><y>382</y><time>13-01-22 19:04:20:646</time></pt><pt><x>57</x><y>88</y><time>undefined</time></pt><pt><x>7</x><y>88</y><time>undefined</time></pt><closed_date>13-01-22 19:04:20:646</closed_date></polygon></object><object><name>tooth</name><deleted>0</deleted><verified>0</verified><occluded>no</occluded><attributes>37</attributes><parts><hasparts>10</hasparts><ispartof /></parts><date>13-01-22 19:04:37:147</date><id>4</id><type>bounding_box</type><polygon><username>anonymous</username><pt><x>1070</x><y>947</y><time>13-01-22 19:04:28:251</time></pt><pt><x>671</x><y>947</y><time>13-01-22 19:04:32:424</time></pt><pt><x>671</x><y>411</y><time>undefined</time></pt><pt><x>1070</x><y>411</y><time>undefined</time></pt><closed_date>13-01-22 19:04:32:424</closed_date></polygon></object><object><name>tooth</name><deleted>0</deleted><verified>0</verified><occluded>no</occluded><attributes>36</attributes><parts><hasparts>11</hasparts><ispartof /></parts><date>13-01-22 19:04:49:040</date><id>5</id><type>bounding_box</type><polygon><username>anonymous</username><pt><x>309</x><y>437</y><time>13-01-22 19:04:39:378</time></pt><pt><x>733</x><y>437</y><time>13-01-22 19:04:41:385</time></pt><pt><x>733</x><y>947</y><time>undefined</time></pt><pt><x>309</x><y>947</y><time>undefined</time></pt><closed_date>13-01-22 19:04:41:385</closed_date></polygon></object><object><name>tooth</name><deleted>0</deleted><verified>0</verified><occluded>no</occluded><attributes>35</attributes><parts><hasparts /><ispartof /></parts><date>13-01-22 19:05:00:512</date><id>6</id><type>bounding_box</type><polygon><username>anonymous</username><pt><x>85</x><y>436</y><time>13-01-22 19:04:50:993</time></pt><pt><x>304</x><y>436</y><time>13-01-22 19:04:55:715</time></pt><pt><x>304</x><y>948</y><time>undefined</time></pt><pt><x>85</x><y>948</y><time>undefined</time></pt><closed_date>13-01-22 19:04:55:715</closed_date></polygon></object><object><name>tooth</name><deleted>0</deleted><verified>0</verified><occluded>no</occluded><attributes>34</attributes><parts><hasparts /><ispartof /></parts><date>13-01-22 19:05:08:444</date><id>7</id><type>bounding_box</type><polygon><username>anonymous</username><pt><x>7</x><y>414</y><time>13-01-22 19:05:01:995</time></pt><pt><x>90</x><y>414</y><time>13-01-22 19:05:04:057</time></pt><pt><x>90</x><y>890</y><time>undefined</time></pt><pt><x>7</x><y>890</y><time>undefined</time></pt><closed_date>13-01-22 19:05:04:057</closed_date></polygon></object><object><name>root canal treatment</name><deleted>0</deleted><verified>0</verified><occluded>no</occluded><attributes /><parts><hasparts /><ispartof>0</ispartof></parts><date>13-01-22 19:05:27:734</date><id>8</id><polygon><username>anonymous</username><pt><x>718</x><y>129</y><time>13-01-22 19:05:12:159</time></pt><pt><x>706</x><y>85</y><time>13-01-22 19:05:12:906</time></pt><pt><x>698</x><y>30</y><time>13-01-22 19:05:13:656</time></pt><pt><x>693</x><y>7</y><time>13-01-22 19:05:14:148</time></pt><pt><x>738</x><y>3</y><time>13-01-22 19:05:14:927</time></pt><pt><x>763</x><y>67</y><time>13-01-22 19:05:15:521</time></pt><pt><x>776</x><y>90</y><time>13-01-22 19:05:16:120</time></pt><pt><x>788</x><y>99</y><time>13-01-22 19:05:16:574</time></pt><pt><x>801</x><y>88</y><time>13-01-22 19:05:16:998</time></pt><pt><x>815</x><y>35</y><time>13-01-22 19:05:17:422</time></pt><pt><x>835</x><y>5</y><time>13-01-22 19:05:18:609</time></pt><pt><x>863</x><y>5</y><time>13-01-22 19:05:19:313</time></pt><pt><x>848</x><y>65</y><time>13-01-22 19:05:20:018</time></pt><pt><x>851</x><y>90</y><time>13-01-22 19:05:20:422</time></pt><pt><x>870</x><y>115</y><time>13-01-22 19:05:20:893</time></pt><pt><x>872</x><y>139</y><time>13-01-22 19:05:21:284</time></pt><pt><x>865</x><y>167</y><time>13-01-22 19:05:21:764</time></pt><pt><x>846</x><y>177</y><time>13-01-22 19:05:22:079</time></pt><pt><x>815</x><y>187</y><time>13-01-22 19:05:22:402</time></pt><pt><x>785</x><y>190</y><time>13-01-22 19:05:22:665</time></pt><pt><x>763</x><y>195</y><time>13-01-22 19:05:22:942</time></pt><pt><x>741</x><y>199</y><time>13-01-22 19:05:23:208</time></pt><pt><x>726</x><y>185</y><time>13-01-22 19:05:23:493</time></pt><pt><x>713</x><y>145</y><time>13-01-22 19:05:24:024</time></pt><closed_date>13-01-22 19:05:24:476</closed_date></polygon></object><object><name>restoration</name><deleted>0</deleted><verified>0</verified><occluded>no</occluded><attributes /><parts><hasparts /><ispartof>0</ispartof></parts><date>13-01-22 19:05:40:176</date><id>9</id><polygon><username>anonymous</username><pt><x>725</x><y>212</y><time>13-01-22 19:05:29:185</time></pt><pt><x>686</x><y>244</y><time>13-01-22 19:05:29:599</time></pt><pt><x>678</x><y>262</y><time>13-01-22 19:05:29:955</time></pt><pt><x>680</x><y>277</y><time>13-01-22 19:05:30:299</time></pt><pt><x>696</x><y>287</y><time>13-01-22 19:05:30:575</time></pt><pt><x>730</x><y>289</y><time>13-01-22 19:05:30:860</time></pt><pt><x>755</x><y>289</y><time>13-01-22 19:05:31:156</time></pt><pt><x>771</x><y>301</y><time>13-01-22 19:05:31:421</time></pt><pt><x>776</x><y>319</y><time>13-01-22 19:05:31:676</time></pt><pt><x>783</x><y>329</y><time>13-01-22 19:05:31:958</time></pt><pt><x>791</x><y>336</y><time>13-01-22 19:05:32:248</time></pt><pt><x>813</x><y>336</y><time>13-01-22 19:05:32:534</time></pt><pt><x>855</x><y>341</y><time>13-01-22 19:05:32:840</time></pt><pt><x>887</x><y>351</y><time>13-01-22 19:05:33:141</time></pt><pt><x>915</x><y>341</y><time>13-01-22 19:05:33:474</time></pt><pt><x>942</x><y>319</y><time>13-01-22 19:05:33:794</time></pt><pt><x>932</x><y>270</y><time>13-01-22 19:05:34:234</time></pt><pt><x>915</x><y>250</y><time>13-01-22 19:05:34:533</time></pt><pt><x>902</x><y>234</y><time>13-01-22 19:05:34:857</time></pt><pt><x>890</x><y>215</y><time>13-01-22 19:05:35:123</time></pt><pt><x>872</x><y>192</y><time>13-01-22 19:05:35:407</time></pt><pt><x>853</x><y>177</y><time>13-01-22 19:05:35:699</time></pt><pt><x>830</x><y>177</y><time>13-01-22 19:05:35:949</time></pt><pt><x>801</x><y>189</y><time>13-01-22 19:05:36:174</time></pt><pt><x>748</x><y>202</y><time>13-01-22 19:05:36:542</time></pt><closed_date>13-01-22 19:05:36:788</closed_date></polygon></object><object><name>restoration</name><deleted>0</deleted><verified>0</verified><occluded>no</occluded><attributes /><parts><hasparts /><ispartof>4</ispartof></parts><date>13-01-22 19:05:49:099</date><id>10</id><polygon><username>anonymous</username><pt><x>768</x><y>503</y><time>13-01-22 19:05:41:573</time></pt><pt><x>800</x><y>549</y><time>13-01-22 19:05:42:372</time></pt><pt><x>823</x><y>568</y><time>13-01-22 19:05:42:850</time></pt><pt><x>843</x><y>573</y><time>13-01-22 19:05:43:186</time></pt><pt><x>853</x><y>566</y><time>13-01-22 19:05:43:480</time></pt><pt><x>867</x><y>551</y><time>13-01-22 19:05:43:771</time></pt><pt><x>875</x><y>536</y><time>13-01-22 19:05:44:053</time></pt><pt><x>877</x><y>521</y><time>13-01-22 19:05:44:345</time></pt><pt><x>877</x><y>506</y><time>13-01-22 19:05:44:608</time></pt><pt><x>868</x><y>493</y><time>13-01-22 19:05:44:859</time></pt><pt><x>853</x><y>484</y><time>13-01-22 19:05:45:085</time></pt><pt><x>833</x><y>476</y><time>13-01-22 19:05:45:307</time></pt><pt><x>815</x><y>457</y><time>13-01-22 19:05:45:548</time></pt><pt><x>783</x><y>436</y><time>13-01-22 19:05:45:903</time></pt><pt><x>775</x><y>442</y><time>13-01-22 19:05:46:190</time></pt><pt><x>775</x><y>469</y><time>13-01-22 19:05:46:471</time></pt><closed_date>13-01-22 19:05:46:687</closed_date></polygon></object><object><name>restoration</name><deleted>0</deleted><verified>0</verified><occluded>no</occluded><attributes /><parts><hasparts /><ispartof>5</ispartof></parts><date>13-01-22 19:05:56:726</date><id>11</id><polygon><username>anonymous</username><pt><x>417</x><y>516</y><time>13-01-22 19:05:50:375</time></pt><pt><x>437</x><y>546</y><time>13-01-22 19:05:50:826</time></pt><pt><x>449</x><y>573</y><time>13-01-22 19:05:51:198</time></pt><pt><x>459</x><y>588</y><time>13-01-22 19:05:51:481</time></pt><pt><x>478</x><y>593</y><time>13-01-22 19:05:51:774</time></pt><pt><x>494</x><y>588</y><time>13-01-22 19:05:52:074</time></pt><pt><x>494</x><y>564</y><time>13-01-22 19:05:52:367</time></pt><pt><x>493</x><y>539</y><time>13-01-22 19:05:52:620</time></pt><pt><x>493</x><y>518</y><time>13-01-22 19:05:52:879</time></pt><pt><x>478</x><y>503</y><time>13-01-22 19:05:53:134</time></pt><pt><x>461</x><y>496</y><time>13-01-22 19:05:53:385</time></pt><pt><x>446</x><y>494</y><time>13-01-22 19:05:53:652</time></pt><pt><x>432</x><y>503</y><time>13-01-22 19:05:53:881</time></pt><closed_date>13-01-22 19:05:54:251</closed_date></polygon></object><imagesize><nrows /><ncols /></imagesize></annotation>