<annotation><filename>imagem-117.jpg</filename><folder>segmentation_xray</folder><source><sourceImage>The MIT-CSAIL database of objects and scenes</sourceImage><sourceAnnotation>LabelMe Webtool</sourceAnnotation></source><object><name>tooth</name><deleted>0</deleted><verified>0</verified><occluded>no</occluded><attributes>17</attributes><parts><hasparts>10</hasparts><ispartof /></parts><date>21-01-22 19:12:26:017</date><id>0</id><type>bounding_box</type><polygon><username>anonymous</username><pt><x>67</x><y>5</y><time>21-01-22 19:12:04:790</time></pt><pt><x>379</x><y>5</y><time>21-01-22 19:12:11:226</time></pt><pt><x>379</x><y>543</y><time>undefined</time></pt><pt><x>67</x><y>543</y><time>undefined</time></pt><closed_date>21-01-22 19:12:11:228</closed_date></polygon></object><object><name>tooth</name><deleted>0</deleted><verified>0</verified><occluded>no</occluded><attributes>16</attributes><parts><hasparts>11,12</hasparts><ispartof /></parts><date>21-01-22 19:13:29:866</date><id>1</id><type>bounding_box</type><polygon><username>anonymous</username><pt><x>671</x><y>3</y><time>21-01-22 19:13:15:675</time></pt><pt><x>372</x><y>3</y><time>21-01-22 19:13:20:084</time></pt><pt><x>372</x><y>558</y><time>undefined</time></pt><pt><x>671</x><y>558</y><time>undefined</time></pt><closed_date>21-01-22 19:13:20:085</closed_date></polygon></object><object><name>tooth</name><deleted>0</deleted><verified>0</verified><occluded>no</occluded><attributes>15</attributes><parts><hasparts>13,14</hasparts><ispartof /></parts><date>21-01-22 19:13:58:668</date><id>2</id><type>bounding_box</type><polygon><username>anonymous</username><pt><x>867</x><y>3</y><time>21-01-22 19:13:45:221</time></pt><pt><x>668</x><y>3</y><time>21-01-22 19:13:51:066</time></pt><pt><x>668</x><y>548</y><time>undefined</time></pt><pt><x>867</x><y>548</y><time>undefined</time></pt><closed_date>21-01-22 19:13:51:067</closed_date></polygon></object><object><name>tooth</name><deleted>0</deleted><verified>0</verified><occluded>no</occluded><attributes>14</attributes><parts><hasparts>15</hasparts><ispartof /></parts><date>21-01-22 19:14:20:073</date><id>3</id><type>bounding_box</type><polygon><username>anonymous</username><pt><x>1087</x><y>3</y><time>21-01-22 19:14:09:686</time></pt><pt><x>852</x><y>3</y><time>21-01-22 19:14:13:990</time></pt><pt><x>852</x><y>600</y><time>undefined</time></pt><pt><x>1087</x><y>600</y><time>undefined</time></pt><closed_date>21-01-22 19:14:13:991</closed_date></polygon></object><object><name>tooth</name><deleted>0</deleted><verified>0</verified><occluded>no</occluded><attributes>14</attributes><parts><hasparts /><ispartof /></parts><date>21-01-22 19:16:04:713</date><id>4</id><type>bounding_box</type><polygon><username>anonymous</username><pt><x>1094</x><y>21</y><time>21-01-22 19:15:45:919</time></pt><pt><x>1214</x><y>21</y><time>21-01-22 19:15:49:553</time></pt><pt><x>1214</x><y>611</y><time>undefined</time></pt><pt><x>1094</x><y>611</y><time>undefined</time></pt><closed_date>21-01-22 19:15:49:554</closed_date></polygon></object><object><name>tooth</name><deleted>0</deleted><verified>0</verified><occluded>no</occluded><attributes>47</attributes><parts><hasparts>16</hasparts><ispartof /></parts><date>21-01-22 19:16:26:348</date><id>5</id><type>bounding_box</type><polygon><username>anonymous</username><pt><x>6</x><y>557</y><time>21-01-22 19:16:08:290</time></pt><pt><x>365</x><y>557</y><time>21-01-22 19:16:12:823</time></pt><pt><x>365</x><y>949</y><time>undefined</time></pt><pt><x>6</x><y>949</y><time>undefined</time></pt><closed_date>21-01-22 19:16:12:824</closed_date></polygon></object><object><name>tooth</name><deleted>0</deleted><verified>0</verified><occluded>no</occluded><attributes>46</attributes><parts><hasparts>17</hasparts><ispartof /></parts><date>21-01-22 19:16:49:501</date><id>6</id><type>bounding_box</type><polygon><username>anonymous</username><pt><x>370</x><y>623</y><time>21-01-22 19:16:33:885</time></pt><pt><x>707</x><y>623</y><time>21-01-22 19:16:42:262</time></pt><pt><x>707</x><y>947</y><time>undefined</time></pt><pt><x>370</x><y>947</y><time>undefined</time></pt><closed_date>21-01-22 19:16:42:262</closed_date></polygon></object><object><name>tooth</name><deleted>0</deleted><verified>0</verified><occluded>no</occluded><attributes>45</attributes><parts><hasparts /><ispartof /></parts><date>21-01-22 19:17:22:101</date><id>7</id><type>bounding_box</type><polygon><username>anonymous</username><pt><x>714</x><y>644</y><time>21-01-22 19:17:13:248</time></pt><pt><x>931</x><y>644</y><time>21-01-22 19:17:16:154</time></pt><pt><x>931</x><y>947</y><time>undefined</time></pt><pt><x>714</x><y>947</y><time>undefined</time></pt><closed_date>21-01-22 19:17:16:155</closed_date></polygon></object><object><name>tooth</name><deleted>0</deleted><verified>0</verified><occluded>no</occluded><attributes>44</attributes><parts><hasparts /><ispartof /></parts><date>21-01-22 19:17:32:980</date><id>8</id><type>bounding_box</type><polygon><username>anonymous</username><pt><x>937</x><y>660</y><time>21-01-22 19:17:24:047</time></pt><pt><x>1145</x><y>660</y><time>21-01-22 19:17:27:577</time></pt><pt><x>1145</x><y>947</y><time>undefined</time></pt><pt><x>937</x><y>947</y><time>undefined</time></pt><closed_date>21-01-22 19:17:27:578</closed_date></polygon></object><object><name>tooth</name><deleted>0</deleted><verified>0</verified><occluded>no</occluded><attributes>43</attributes><parts><hasparts /><ispartof /></parts><date>21-01-22 19:17:43:953</date><id>9</id><type>bounding_box</type><polygon><username>anonymous</username><pt><x>1217</x><y>707</y><time>21-01-22 19:17:34:925</time></pt><pt><x>1105</x><y>707</y><time>21-01-22 19:17:37:687</time></pt><pt><x>1105</x><y>941</y><time>undefined</time></pt><pt><x>1217</x><y>941</y><time>undefined</time></pt><closed_date>21-01-22 19:17:37:688</closed_date></polygon></object><object><name>restoration</name><deleted>0</deleted><verified>0</verified><occluded>no</occluded><attributes>17</attributes><parts><hasparts /><ispartof>0</ispartof></parts><date>21-01-22 19:18:25:867</date><id>10</id><polygon><username>anonymous</username><pt><x>82</x><y>448</y><time>21-01-22 19:17:47:624</time></pt><pt><x>95</x><y>436</y><time>21-01-22 19:17:48:628</time></pt><pt><x>94</x><y>421</y><time>21-01-22 19:17:49:403</time></pt><pt><x>100</x><y>416</y><time>21-01-22 19:17:51:089</time></pt><pt><x>105</x><y>415</y><time>21-01-22 19:17:51:696</time></pt><pt><x>109</x><y>415</y><time>21-01-22 19:17:52:174</time></pt><pt><x>119</x><y>420</y><time>21-01-22 19:17:52:909</time></pt><pt><x>131</x><y>420</y><time>21-01-22 19:17:53:460</time></pt><pt><x>157</x><y>408</y><time>21-01-22 19:17:54:164</time></pt><pt><x>180</x><y>402</y><time>21-01-22 19:17:55:155</time></pt><pt><x>193</x><y>404</y><time>21-01-22 19:17:55:873</time></pt><pt><x>207</x><y>416</y><time>21-01-22 19:17:56:808</time></pt><pt><x>213</x><y>416</y><time>21-01-22 19:17:57:446</time></pt><pt><x>222</x><y>416</y><time>21-01-22 19:17:58:077</time></pt><pt><x>240</x><y>416</y><time>21-01-22 19:17:58:652</time></pt><pt><x>254</x><y>420</y><time>21-01-22 19:17:59:242</time></pt><pt><x>266</x><y>433</y><time>21-01-22 19:17:59:723</time></pt><pt><x>284</x><y>448</y><time>21-01-22 19:18:00:625</time></pt><pt><x>309</x><y>461</y><time>21-01-22 19:18:04:171</time></pt><pt><x>327</x><y>472</y><time>21-01-22 19:18:04:742</time></pt><pt><x>352</x><y>480</y><time>21-01-22 19:18:05:256</time></pt><pt><x>359</x><y>489</y><time>21-01-22 19:18:05:920</time></pt><pt><x>359</x><y>497</y><time>21-01-22 19:18:06:439</time></pt><pt><x>338</x><y>508</y><time>21-01-22 19:18:07:237</time></pt><pt><x>321</x><y>510</y><time>21-01-22 19:18:07:797</time></pt><pt><x>303</x><y>528</y><time>21-01-22 19:18:08:523</time></pt><pt><x>275</x><y>538</y><time>21-01-22 19:18:09:275</time></pt><pt><x>262</x><y>538</y><time>21-01-22 19:18:09:770</time></pt><pt><x>245</x><y>534</y><time>21-01-22 19:18:10:329</time></pt><pt><x>225</x><y>528</y><time>21-01-22 19:18:10:815</time></pt><pt><x>216</x><y>521</y><time>21-01-22 19:18:11:319</time></pt><pt><x>203</x><y>505</y><time>21-01-22 19:18:11:989</time></pt><pt><x>193</x><y>494</y><time>21-01-22 19:18:12:485</time></pt><pt><x>169</x><y>494</y><time>21-01-22 19:18:12:901</time></pt><pt><x>157</x><y>497</y><time>21-01-22 19:18:13:364</time></pt><pt><x>145</x><y>497</y><time>21-01-22 19:18:13:716</time></pt><pt><x>121</x><y>508</y><time>21-01-22 19:18:14:354</time></pt><pt><x>101</x><y>490</y><time>21-01-22 19:18:14:786</time></pt><pt><x>99</x><y>487</y><time>21-01-22 19:18:15:298</time></pt><pt><x>83</x><y>467</y><time>21-01-22 19:18:16:055</time></pt><pt><x>83</x><y>458</y><time>21-01-22 19:18:16:655</time></pt><closed_date>21-01-22 19:18:17:167</closed_date></polygon></object><object><name>root canal treatment</name><deleted>0</deleted><verified>0</verified><occluded>no</occluded><attributes>16</attributes><parts><hasparts /><ispartof>1</ispartof></parts><date>21-01-22 19:22:47:491</date><id>11</id><polygon><username>anonymous</username><pt><x>429</x><y>122</y><time>21-01-22 19:18:30:840</time></pt><pt><x>448</x><y>151</y><time>21-01-22 19:18:31:670</time></pt><pt><x>461</x><y>185</y><time>21-01-22 19:18:32:293</time></pt><pt><x>465</x><y>207</y><time>21-01-22 19:18:32:892</time></pt><pt><x>469</x><y>214</y><time>21-01-22 19:18:33:482</time></pt><pt><x>474</x><y>213</y><time>21-01-22 19:18:33:969</time></pt><pt><x>474</x><y>193</y><time>21-01-22 19:18:34:448</time></pt><pt><x>474</x><y>153</y><time>21-01-22 19:18:35:015</time></pt><pt><x>461</x><y>100</y><time>21-01-22 19:18:35:958</time></pt><pt><x>457</x><y>58</y><time>21-01-22 19:18:36:869</time></pt><pt><x>451</x><y>26</y><time>21-01-22 19:18:37:652</time></pt><pt><x>449</x><y>10</y><time>21-01-22 19:18:38:482</time></pt><pt><x>462</x><y>8</y><time>21-01-22 19:18:39:241</time></pt><pt><x>476</x><y>15</y><time>21-01-22 19:18:39:862</time></pt><pt><x>480</x><y>36</y><time>21-01-22 19:18:40:726</time></pt><pt><x>489</x><y>85</y><time>21-01-22 19:18:41:597</time></pt><pt><x>501</x><y>131</y><time>21-01-22 19:18:42:524</time></pt><pt><x>512</x><y>169</y><time>21-01-22 19:18:43:578</time></pt><pt><x>514</x><y>191</y><time>21-01-22 19:18:44:145</time></pt><pt><x>520</x><y>204</y><time>21-01-22 19:18:44:760</time></pt><pt><x>523</x><y>204</y><time>21-01-22 19:18:45:240</time></pt><pt><x>530</x><y>191</y><time>21-01-22 19:18:46:597</time></pt><pt><x>526</x><y>172</y><time>21-01-22 19:18:47:332</time></pt><pt><x>526</x><y>164</y><time>21-01-22 19:18:47:883</time></pt><pt><x>526</x><y>159</y><time>21-01-22 19:18:48:474</time></pt><pt><x>533</x><y>159</y><time>21-01-22 19:18:49:089</time></pt><pt><x>551</x><y>159</y><time>21-01-22 19:18:49:560</time></pt><pt><x>565</x><y>163</y><time>21-01-22 19:18:50:055</time></pt><pt><x>565</x><y>182</y><time>21-01-22 19:18:50:520</time></pt><pt><x>566</x><y>207</y><time>21-01-22 19:18:50:989</time></pt><pt><x>573</x><y>230</y><time>21-01-22 19:18:51:452</time></pt><pt><x>579</x><y>235</y><time>21-01-22 19:18:51:892</time></pt><pt><x>594</x><y>252</y><time>21-01-22 19:18:52:707</time></pt><pt><x>594</x><y>262</y><time>21-01-22 19:18:53:187</time></pt><pt><x>584</x><y>263</y><time>21-01-22 19:18:53:744</time></pt><pt><x>553</x><y>257</y><time>21-01-22 19:18:54:400</time></pt><pt><x>538</x><y>257</y><time>21-01-22 19:18:54:864</time></pt><pt><x>496</x><y>261</y><time>21-01-22 19:18:55:470</time></pt><pt><x>487</x><y>275</y><time>21-01-22 19:18:56:253</time></pt><pt><x>471</x><y>291</y><time>21-01-22 19:18:56:909</time></pt><pt><x>466</x><y>309</y><time>21-01-22 19:18:57:420</time></pt><pt><x>457</x><y>307</y><time>21-01-22 19:18:57:963</time></pt><pt><x>452</x><y>306</y><time>21-01-22 19:18:58:434</time></pt><pt><x>443</x><y>281</y><time>21-01-22 19:18:59:192</time></pt><pt><x>435</x><y>231</y><time>21-01-22 19:18:59:871</time></pt><pt><x>431</x><y>198</y><time>21-01-22 19:19:00:479</time></pt><pt><x>420</x><y>167</y><time>21-01-22 19:19:01:205</time></pt><pt><x>408</x><y>141</y><time>21-01-22 19:19:02:028</time></pt><pt><x>407</x><y>126</y><time>21-01-22 19:19:02:779</time></pt><pt><x>416</x><y>121</y><time>21-01-22 19:19:04:217</time></pt><closed_date>21-01-22 19:19:04:873</closed_date></polygon></object><object><name>restoration</name><deleted>0</deleted><verified>0</verified><occluded>no</occluded><attributes /><parts><hasparts /><ispartof>1</ispartof></parts><date>21-01-22 19:23:33:644</date><id>12</id><polygon><username>anonymous</username><pt><x>601</x><y>306</y><time>21-01-22 19:22:52:821</time></pt><pt><x>621</x><y>320</y><time>21-01-22 19:22:53:610</time></pt><pt><x>639</x><y>339</y><time>21-01-22 19:22:54:089</time></pt><pt><x>641</x><y>353</y><time>21-01-22 19:22:54:609</time></pt><pt><x>652</x><y>375</y><time>21-01-22 19:22:55:463</time></pt><pt><x>656</x><y>398</y><time>21-01-22 19:22:56:143</time></pt><pt><x>647</x><y>408</y><time>21-01-22 19:22:56:710</time></pt><pt><x>630</x><y>416</y><time>21-01-22 19:22:57:301</time></pt><pt><x>615</x><y>411</y><time>21-01-22 19:22:57:805</time></pt><pt><x>602</x><y>415</y><time>21-01-22 19:22:58:252</time></pt><pt><x>593</x><y>415</y><time>21-01-22 19:22:58:763</time></pt><pt><x>593</x><y>442</y><time>21-01-22 19:22:59:122</time></pt><pt><x>628</x><y>460</y><time>21-01-22 19:22:59:537</time></pt><pt><x>628</x><y>483</y><time>21-01-22 19:22:59:999</time></pt><pt><x>596</x><y>483</y><time>21-01-22 19:23:00:376</time></pt><pt><x>561</x><y>483</y><time>21-01-22 19:23:00:807</time></pt><pt><x>543</x><y>481</y><time>21-01-22 19:23:01:437</time></pt><pt><x>533</x><y>481</y><time>21-01-22 19:23:01:870</time></pt><pt><x>501</x><y>507</y><time>21-01-22 19:23:02:324</time></pt><pt><x>460</x><y>523</y><time>21-01-22 19:23:02:922</time></pt><pt><x>406</x><y>520</y><time>21-01-22 19:23:03:506</time></pt><pt><x>390</x><y>497</y><time>21-01-22 19:23:04:250</time></pt><pt><x>384</x><y>470</y><time>21-01-22 19:23:04:848</time></pt><pt><x>384</x><y>428</y><time>21-01-22 19:23:05:328</time></pt><pt><x>384</x><y>416</y><time>21-01-22 19:23:05:784</time></pt><pt><x>408</x><y>430</y><time>21-01-22 19:23:06:245</time></pt><pt><x>415</x><y>449</y><time>21-01-22 19:23:06:662</time></pt><pt><x>424</x><y>454</y><time>21-01-22 19:23:07:147</time></pt><pt><x>425</x><y>454</y><time>21-01-22 19:23:07:564</time></pt><pt><x>438</x><y>448</y><time>21-01-22 19:23:23:360</time></pt><pt><x>460</x><y>447</y><time>21-01-22 19:23:23:816</time></pt><pt><x>460</x><y>417</y><time>21-01-22 19:23:24:223</time></pt><pt><x>460</x><y>385</y><time>21-01-22 19:23:24:647</time></pt><pt><x>469</x><y>370</y><time>21-01-22 19:23:25:110</time></pt><pt><x>515</x><y>370</y><time>21-01-22 19:23:25:501</time></pt><pt><x>562</x><y>375</y><time>21-01-22 19:23:25:924</time></pt><pt><x>583</x><y>375</y><time>21-01-22 19:23:26:467</time></pt><pt><x>583</x><y>347</y><time>21-01-22 19:23:26:891</time></pt><pt><x>583</x><y>329</y><time>21-01-22 19:23:27:330</time></pt><pt><x>583</x><y>315</y><time>21-01-22 19:23:27:738</time></pt><closed_date>21-01-22 19:23:28:344</closed_date></polygon></object><object><name>root canal treatment</name><deleted>0</deleted><verified>0</verified><occluded>no</occluded><attributes>15</attributes><parts><hasparts /><ispartof>2</ispartof></parts><date>21-01-22 19:24:05:597</date><id>13</id><polygon><username>anonymous</username><pt><x>793</x><y>325</y><time>21-01-22 19:23:39:145</time></pt><pt><x>761</x><y>322</y><time>21-01-22 19:23:40:429</time></pt><pt><x>734</x><y>322</y><time>21-01-22 19:23:40:917</time></pt><pt><x>723</x><y>320</y><time>21-01-22 19:23:41:378</time></pt><pt><x>716</x><y>315</y><time>21-01-22 19:23:41:890</time></pt><pt><x>718</x><y>295</y><time>21-01-22 19:23:42:577</time></pt><pt><x>730</x><y>246</y><time>21-01-22 19:23:43:360</time></pt><pt><x>741</x><y>208</y><time>21-01-22 19:23:44:136</time></pt><pt><x>750</x><y>160</y><time>21-01-22 19:23:44:925</time></pt><pt><x>757</x><y>107</y><time>21-01-22 19:23:45:827</time></pt><pt><x>766</x><y>54</y><time>21-01-22 19:23:48:478</time></pt><pt><x>766</x><y>14</y><time>21-01-22 19:23:48:998</time></pt><pt><x>768</x><y>5</y><time>21-01-22 19:23:49:526</time></pt><pt><x>797</x><y>5</y><time>21-01-22 19:23:50:253</time></pt><pt><x>805</x><y>5</y><time>21-01-22 19:23:50:780</time></pt><pt><x>802</x><y>36</y><time>21-01-22 19:23:51:544</time></pt><pt><x>796</x><y>81</y><time>21-01-22 19:23:52:432</time></pt><pt><x>787</x><y>123</y><time>21-01-22 19:23:53:159</time></pt><pt><x>787</x><y>159</y><time>21-01-22 19:23:53:733</time></pt><pt><x>787</x><y>195</y><time>21-01-22 19:23:54:300</time></pt><pt><x>786</x><y>241</y><time>21-01-22 19:23:55:044</time></pt><pt><x>786</x><y>275</y><time>21-01-22 19:23:55:531</time></pt><pt><x>786</x><y>302</y><time>21-01-22 19:23:55:962</time></pt><closed_date>21-01-22 19:23:56:657</closed_date></polygon></object><object><name>restoration</name><deleted>0</deleted><verified>0</verified><occluded>no</occluded><attributes>15</attributes><parts><hasparts /><ispartof>2</ispartof></parts><date>21-01-22 19:24:35:845</date><id>14</id><polygon><username>anonymous</username><pt><x>792</x><y>339</y><time>21-01-22 19:24:06:864</time></pt><pt><x>792</x><y>361</y><time>21-01-22 19:24:07:349</time></pt><pt><x>793</x><y>407</y><time>21-01-22 19:24:07:780</time></pt><pt><x>800</x><y>421</y><time>21-01-22 19:24:08:499</time></pt><pt><x>808</x><y>425</y><time>21-01-22 19:24:09:009</time></pt><pt><x>828</x><y>428</y><time>21-01-22 19:24:09:497</time></pt><pt><x>832</x><y>449</y><time>21-01-22 19:24:10:001</time></pt><pt><x>843</x><y>466</y><time>21-01-22 19:24:10:759</time></pt><pt><x>843</x><y>494</y><time>21-01-22 19:24:11:182</time></pt><pt><x>823</x><y>503</y><time>21-01-22 19:24:11:702</time></pt><pt><x>799</x><y>517</y><time>21-01-22 19:24:12:469</time></pt><pt><x>759</x><y>517</y><time>21-01-22 19:24:12:916</time></pt><pt><x>716</x><y>516</y><time>21-01-22 19:24:13:459</time></pt><pt><x>693</x><y>505</y><time>21-01-22 19:24:13:986</time></pt><pt><x>688</x><y>466</y><time>21-01-22 19:24:14:521</time></pt><pt><x>680</x><y>453</y><time>21-01-22 19:24:15:855</time></pt><pt><x>680</x><y>424</y><time>21-01-22 19:24:16:399</time></pt><pt><x>680</x><y>412</y><time>21-01-22 19:24:16:895</time></pt><pt><x>680</x><y>381</y><time>21-01-22 19:24:17:380</time></pt><pt><x>686</x><y>365</y><time>21-01-22 19:24:18:004</time></pt><pt><x>695</x><y>354</y><time>21-01-22 19:24:18:379</time></pt><pt><x>695</x><y>340</y><time>21-01-22 19:24:18:819</time></pt><pt><x>706</x><y>321</y><time>21-01-22 19:24:19:449</time></pt><pt><x>727</x><y>321</y><time>21-01-22 19:24:19:865</time></pt><pt><x>768</x><y>325</y><time>21-01-22 19:24:20:974</time></pt><pt><x>787</x><y>326</y><time>21-01-22 19:24:21:550</time></pt><closed_date>21-01-22 19:24:22:189</closed_date></polygon></object><object><name>restoration</name><deleted>0</deleted><verified>0</verified><occluded>no</occluded><attributes /><parts><hasparts /><ispartof>3</ispartof></parts><date>21-01-22 19:25:01:685</date><id>15</id><polygon><username>anonymous</username><pt><x>1068</x><y>399</y><time>21-01-22 19:24:38:237</time></pt><pt><x>1039</x><y>394</y><time>21-01-22 19:24:38:954</time></pt><pt><x>1015</x><y>393</y><time>21-01-22 19:24:39:593</time></pt><pt><x>1009</x><y>410</y><time>21-01-22 19:24:40:160</time></pt><pt><x>1000</x><y>435</y><time>21-01-22 19:24:41:174</time></pt><pt><x>1000</x><y>454</y><time>21-01-22 19:24:41:790</time></pt><pt><x>999</x><y>478</y><time>21-01-22 19:24:42:308</time></pt><pt><x>978</x><y>478</y><time>21-01-22 19:24:42:772</time></pt><pt><x>942</x><y>478</y><time>21-01-22 19:24:43:380</time></pt><pt><x>942</x><y>471</y><time>21-01-22 19:24:43:898</time></pt><pt><x>927</x><y>463</y><time>21-01-22 19:24:44:649</time></pt><pt><x>924</x><y>435</y><time>21-01-22 19:24:45:120</time></pt><pt><x>908</x><y>410</y><time>21-01-22 19:24:45:576</time></pt><pt><x>891</x><y>410</y><time>21-01-22 19:24:46:071</time></pt><pt><x>876</x><y>416</y><time>21-01-22 19:24:46:718</time></pt><pt><x>873</x><y>463</y><time>21-01-22 19:24:47:381</time></pt><pt><x>873</x><y>511</y><time>21-01-22 19:24:48:004</time></pt><pt><x>874</x><y>537</y><time>21-01-22 19:24:48:603</time></pt><pt><x>885</x><y>555</y><time>21-01-22 19:24:49:178</time></pt><pt><x>919</x><y>574</y><time>21-01-22 19:24:49:664</time></pt><pt><x>956</x><y>578</y><time>21-01-22 19:24:50:343</time></pt><pt><x>1000</x><y>578</y><time>21-01-22 19:24:50:806</time></pt><pt><x>1023</x><y>547</y><time>21-01-22 19:24:51:238</time></pt><pt><x>1060</x><y>526</y><time>21-01-22 19:24:52:046</time></pt><pt><x>1078</x><y>520</y><time>21-01-22 19:24:52:541</time></pt><pt><x>1078</x><y>496</y><time>21-01-22 19:24:52:972</time></pt><pt><x>1076</x><y>424</y><time>21-01-22 19:24:53:555</time></pt><closed_date>21-01-22 19:24:54:137</closed_date></polygon></object><object><name>restoration</name><deleted>0</deleted><verified>0</verified><occluded>no</occluded><attributes>47</attributes><parts><hasparts /><ispartof>5</ispartof></parts><date>21-01-22 19:25:36:844</date><id>16</id><polygon><username>anonymous</username><pt><x>261</x><y>647</y><time>21-01-22 19:25:20:329</time></pt><pt><x>236</x><y>679</y><time>21-01-22 19:25:21:120</time></pt><pt><x>212</x><y>674</y><time>21-01-22 19:25:21:655</time></pt><pt><x>202</x><y>665</y><time>21-01-22 19:25:22:168</time></pt><pt><x>184</x><y>683</y><time>21-01-22 19:25:22:694</time></pt><pt><x>158</x><y>686</y><time>21-01-22 19:25:23:324</time></pt><pt><x>150</x><y>668</y><time>21-01-22 19:25:23:828</time></pt><pt><x>123</x><y>668</y><time>21-01-22 19:25:24:251</time></pt><pt><x>98</x><y>665</y><time>21-01-22 19:25:24:707</time></pt><pt><x>81</x><y>652</y><time>21-01-22 19:25:25:329</time></pt><pt><x>85</x><y>611</y><time>21-01-22 19:25:25:753</time></pt><pt><x>118</x><y>598</y><time>21-01-22 19:25:26:207</time></pt><pt><x>148</x><y>593</y><time>21-01-22 19:25:26:750</time></pt><pt><x>199</x><y>593</y><time>21-01-22 19:25:27:245</time></pt><pt><x>227</x><y>610</y><time>21-01-22 19:25:27:678</time></pt><pt><x>243</x><y>628</y><time>21-01-22 19:25:28:140</time></pt><pt><x>255</x><y>633</y><time>21-01-22 19:25:28:587</time></pt><closed_date>21-01-22 19:25:29:298</closed_date></polygon></object><object><name>restoration</name><deleted>0</deleted><verified>0</verified><occluded>no</occluded><attributes>46</attributes><parts><hasparts /><ispartof>6</ispartof></parts><date>21-01-22 19:25:57:931</date><id>17</id><polygon><username>anonymous</username><pt><x>624</x><y>707</y><time>21-01-22 19:25:41:760</time></pt><pt><x>574</x><y>736</y><time>21-01-22 19:25:42:573</time></pt><pt><x>553</x><y>737</y><time>21-01-22 19:25:43:173</time></pt><pt><x>534</x><y>716</y><time>21-01-22 19:25:43:651</time></pt><pt><x>512</x><y>719</y><time>21-01-22 19:25:44:202</time></pt><pt><x>469</x><y>719</y><time>21-01-22 19:25:44:697</time></pt><pt><x>435</x><y>709</y><time>21-01-22 19:25:45:233</time></pt><pt><x>426</x><y>689</y><time>21-01-22 19:25:45:880</time></pt><pt><x>436</x><y>669</y><time>21-01-22 19:25:46:398</time></pt><pt><x>454</x><y>678</y><time>21-01-22 19:25:47:572</time></pt><pt><x>479</x><y>689</y><time>21-01-22 19:25:48:092</time></pt><pt><x>524</x><y>689</y><time>21-01-22 19:25:48:507</time></pt><pt><x>565</x><y>689</y><time>21-01-22 19:25:48:986</time></pt><pt><x>602</x><y>689</y><time>21-01-22 19:25:49:377</time></pt><pt><x>619</x><y>695</y><time>21-01-22 19:25:49:792</time></pt><closed_date>21-01-22 19:25:50:431</closed_date></polygon></object><imagesize><nrows /><ncols /></imagesize></annotation>