<annotation><filename>imagem-011.jpg</filename><folder>segmentation_xray</folder><source><sourceImage>The MIT-CSAIL database of objects and scenes</sourceImage><sourceAnnotation>LabelMe Webtool</sourceAnnotation></source><object><name>tooth</name><deleted>0</deleted><verified>0</verified><occluded>no</occluded><attributes>13</attributes><parts><hasparts /><ispartof /></parts><date>11-01-22 16:48:50:172</date><id>0</id><type>bounding_box</type><polygon><username>anonymous</username><pt><x>985</x><y>5</y><time>11-01-22 16:48:27:255</time></pt><pt><x>1217</x><y>5</y><time>11-01-22 16:48:34:356</time></pt><pt><x>1217</x><y>483</y><time>undefined</time></pt><pt><x>985</x><y>483</y><time>undefined</time></pt><closed_date>11-01-22 16:48:34:357</closed_date></polygon></object><object><name>tooth</name><deleted>0</deleted><verified>0</verified><occluded>no</occluded><attributes>14</attributes><parts><hasparts>13</hasparts><ispartof /></parts><date>11-01-22 16:49:07:579</date><id>1</id><type>bounding_box</type><polygon><username>anonymous</username><pt><x>818</x><y>12</y><time>11-01-22 16:49:00:220</time></pt><pt><x>1085</x><y>12</y><time>11-01-22 16:49:03:130</time></pt><pt><x>1085</x><y>511</y><time>undefined</time></pt><pt><x>818</x><y>511</y><time>undefined</time></pt><closed_date>11-01-22 16:49:03:130</closed_date></polygon></object><object><name>tooth</name><deleted>0</deleted><verified>0</verified><occluded>no</occluded><attributes>15</attributes><parts><hasparts>12</hasparts><ispartof /></parts><date>11-01-22 16:49:19:173</date><id>2</id><type>bounding_box</type><polygon><username>anonymous</username><pt><x>858</x><y>521</y><time>11-01-22 16:49:10:611</time></pt><pt><x>626</x><y>521</y><time>11-01-22 16:49:14:293</time></pt><pt><x>626</x><y>7</y><time>undefined</time></pt><pt><x>858</x><y>7</y><time>undefined</time></pt><closed_date>11-01-22 16:49:14:293</closed_date></polygon></object><object><name>tooth</name><deleted>0</deleted><verified>0</verified><occluded>no</occluded><attributes>17</attributes><parts><hasparts>11</hasparts><ispartof /></parts><date>11-01-22 16:49:37:546</date><id>3</id><type>bounding_box</type><polygon><username>anonymous</username><pt><x>411</x><y>563</y><time>11-01-22 16:49:29:486</time></pt><pt><x>110</x><y>563</y><time>11-01-22 16:49:32:687</time></pt><pt><x>110</x><y>3</y><time>undefined</time></pt><pt><x>411</x><y>3</y><time>undefined</time></pt><closed_date>11-01-22 16:49:32:687</closed_date></polygon></object><object><name>tooth</name><deleted>0</deleted><verified>0</verified><occluded>no</occluded><attributes>18</attributes><parts><hasparts /><ispartof /></parts><date>11-01-22 16:49:45:487</date><id>4</id><type>bounding_box</type><polygon><username>anonymous</username><pt><x>8</x><y>329</y><time>11-01-22 16:49:38:688</time></pt><pt><x>162</x><y>329</y><time>11-01-22 16:49:40:776</time></pt><pt><x>162</x><y>45</y><time>undefined</time></pt><pt><x>8</x><y>45</y><time>undefined</time></pt><closed_date>11-01-22 16:49:40:776</closed_date></polygon></object><object><name>tooth</name><deleted>0</deleted><verified>0</verified><occluded>no</occluded><attributes>47</attributes><parts><hasparts /><ispartof /></parts><date>11-01-22 16:51:20:487</date><id>5</id><type>bounding_box</type><polygon><username>anonymous</username><pt><x>37</x><y>559</y><time>11-01-22 16:51:09:274</time></pt><pt><x>396</x><y>559</y><time>11-01-22 16:51:13:633</time></pt><pt><x>396</x><y>947</y><time>undefined</time></pt><pt><x>37</x><y>947</y><time>undefined</time></pt><closed_date>11-01-22 16:51:13:633</closed_date></polygon></object><object><name>tooth</name><deleted>0</deleted><verified>0</verified><occluded>no</occluded><attributes>46</attributes><parts><hasparts /><ispartof /></parts><date>11-01-22 16:51:33:698</date><id>6</id><type>bounding_box</type><polygon><username>anonymous</username><pt><x>731</x><y>589</y><time>11-01-22 16:51:23:360</time></pt><pt><x>387</x><y>589</y><time>11-01-22 16:51:26:921</time></pt><pt><x>387</x><y>942</y><time>undefined</time></pt><pt><x>731</x><y>942</y><time>undefined</time></pt><closed_date>11-01-22 16:51:26:921</closed_date></polygon></object><object><name>tooth</name><deleted>0</deleted><verified>0</verified><occluded>no</occluded><attributes>45</attributes><parts><hasparts /><ispartof /></parts><date>11-01-22 16:51:51:121</date><id>7</id><type>bounding_box</type><polygon><username>anonymous</username><pt><x>983</x><y>588</y><time>11-01-22 16:51:42:774</time></pt><pt><x>733</x><y>588</y><time>11-01-22 16:51:45:998</time></pt><pt><x>733</x><y>947</y><time>undefined</time></pt><pt><x>983</x><y>947</y><time>undefined</time></pt><closed_date>11-01-22 16:51:45:999</closed_date></polygon></object><object><name>tooth</name><deleted>0</deleted><verified>0</verified><occluded>no</occluded><attributes>44</attributes><parts><hasparts /><ispartof /></parts><date>11-01-22 16:52:03:706</date><id>8</id><type>bounding_box</type><polygon><username>anonymous</username><pt><x>1204</x><y>559</y><time>11-01-22 16:51:52:943</time></pt><pt><x>983</x><y>559</y><time>11-01-22 16:51:56:605</time></pt><pt><x>983</x><y>943</y><time>undefined</time></pt><pt><x>1204</x><y>943</y><time>undefined</time></pt><closed_date>11-01-22 16:51:56:606</closed_date></polygon></object><object><name>dental implant</name><deleted>0</deleted><verified>0</verified><occluded>no</occluded><attributes /><parts><hasparts /><ispartof>14</ispartof></parts><date>11-01-22 16:53:50:878</date><id>9</id><polygon><username>anonymous</username><pt><x>416</x><y>250</y><time>11-01-22 16:53:39:602</time></pt><pt><x>531</x><y>220</y><time>11-01-22 16:53:40:740</time></pt><pt><x>484</x><y>7</y><time>11-01-22 16:53:42:280</time></pt><pt><x>372</x><y>7</y><time>11-01-22 16:53:44:304</time></pt><closed_date>11-01-22 16:53:46:059</closed_date></polygon></object><object><name>crown</name><deleted>0</deleted><verified>0</verified><occluded>no</occluded><attributes /><parts><hasparts /><ispartof>14</ispartof></parts><date>11-01-22 16:54:07:586</date><id>10</id><polygon><username>anonymous</username><pt><x>548</x><y>225</y><time>11-01-22 16:53:52:592</time></pt><pt><x>571</x><y>294</y><time>11-01-22 16:53:53:592</time></pt><pt><x>609</x><y>339</y><time>11-01-22 16:53:54:421</time></pt><pt><x>624</x><y>387</y><time>11-01-22 16:53:55:236</time></pt><pt><x>631</x><y>442</y><time>11-01-22 16:53:56:121</time></pt><pt><x>621</x><y>478</y><time>11-01-22 16:53:56:754</time></pt><pt><x>591</x><y>494</y><time>11-01-22 16:53:57:353</time></pt><pt><x>533</x><y>504</y><time>11-01-22 16:53:58:030</time></pt><pt><x>483</x><y>508</y><time>11-01-22 16:53:58:606</time></pt><pt><x>434</x><y>499</y><time>11-01-22 16:53:59:245</time></pt><pt><x>416</x><y>489</y><time>11-01-22 16:53:59:818</time></pt><pt><x>412</x><y>454</y><time>11-01-22 16:54:00:393</time></pt><pt><x>412</x><y>406</y><time>11-01-22 16:54:00:990</time></pt><pt><x>406</x><y>364</y><time>11-01-22 16:54:01:498</time></pt><pt><x>402</x><y>319</y><time>11-01-22 16:54:02:026</time></pt><pt><x>396</x><y>274</y><time>11-01-22 16:54:02:647</time></pt><pt><x>406</x><y>254</y><time>11-01-22 16:54:03:113</time></pt><closed_date>11-01-22 16:54:04:353</closed_date></polygon></object><object><name>restoration</name><deleted>0</deleted><verified>0</verified><occluded>no</occluded><attributes /><parts><hasparts /><ispartof>3</ispartof></parts><date>11-01-22 16:54:25:355</date><id>11</id><polygon><username>anonymous</username><pt><x>372</x><y>339</y><time>11-01-22 16:54:09:363</time></pt><pt><x>341</x><y>421</y><time>11-01-22 16:54:10:059</time></pt><pt><x>282</x><y>409</y><time>11-01-22 16:54:10:728</time></pt><pt><x>275</x><y>382</y><time>11-01-22 16:54:11:277</time></pt><pt><x>229</x><y>379</y><time>11-01-22 16:54:12:030</time></pt><pt><x>190</x><y>394</y><time>11-01-22 16:54:12:601</time></pt><pt><x>162</x><y>372</y><time>11-01-22 16:54:13:096</time></pt><pt><x>145</x><y>394</y><time>11-01-22 16:54:13:848</time></pt><pt><x>160</x><y>459</y><time>11-01-22 16:54:14:642</time></pt><pt><x>179</x><y>488</y><time>11-01-22 16:54:15:108</time></pt><pt><x>202</x><y>466</y><time>11-01-22 16:54:15:750</time></pt><pt><x>229</x><y>472</y><time>11-01-22 16:54:16:321</time></pt><pt><x>240</x><y>486</y><time>11-01-22 16:54:16:745</time></pt><pt><x>264</x><y>489</y><time>11-01-22 16:54:17:275</time></pt><pt><x>280</x><y>494</y><time>11-01-22 16:54:17:701</time></pt><pt><x>297</x><y>513</y><time>11-01-22 16:54:18:075</time></pt><pt><x>324</x><y>508</y><time>11-01-22 16:54:18:480</time></pt><pt><x>367</x><y>472</y><time>11-01-22 16:54:19:002</time></pt><pt><x>399</x><y>441</y><time>11-01-22 16:54:20:202</time></pt><pt><x>406</x><y>397</y><time>11-01-22 16:54:21:084</time></pt><pt><x>396</x><y>374</y><time>11-01-22 16:54:21:538</time></pt><pt><x>386</x><y>347</y><time>11-01-22 16:54:21:990</time></pt><closed_date>11-01-22 16:54:22:325</closed_date></polygon></object><object><name>restoration</name><deleted>0</deleted><verified>0</verified><occluded>no</occluded><attributes /><parts><hasparts /><ispartof>2</ispartof></parts><date>11-01-22 16:54:52:712</date><id>12</id><polygon><username>anonymous</username><pt><x>733</x><y>419</y><time>11-01-22 16:54:27:250</time></pt><pt><x>716</x><y>384</y><time>11-01-22 16:54:28:139</time></pt><pt><x>693</x><y>374</y><time>11-01-22 16:54:28:682</time></pt><pt><x>670</x><y>374</y><time>11-01-22 16:54:29:219</time></pt><pt><x>641</x><y>377</y><time>11-01-22 16:54:29:692</time></pt><pt><x>631</x><y>391</y><time>11-01-22 16:54:30:096</time></pt><pt><x>639</x><y>424</y><time>11-01-22 16:54:30:689</time></pt><pt><x>658</x><y>447</y><time>11-01-22 16:54:31:428</time></pt><pt><x>690</x><y>459</y><time>11-01-22 16:54:43:234</time></pt><pt><x>721</x><y>464</y><time>11-01-22 16:54:43:825</time></pt><pt><x>748</x><y>447</y><time>11-01-22 16:54:44:251</time></pt><pt><x>773</x><y>449</y><time>11-01-22 16:54:44:732</time></pt><pt><x>795</x><y>459</y><time>11-01-22 16:54:45:127</time></pt><pt><x>818</x><y>459</y><time>11-01-22 16:54:45:518</time></pt><pt><x>848</x><y>422</y><time>11-01-22 16:54:46:584</time></pt><pt><x>823</x><y>421</y><time>11-01-22 16:54:47:274</time></pt><pt><x>796</x><y>419</y><time>11-01-22 16:54:47:663</time></pt><pt><x>771</x><y>417</y><time>11-01-22 16:54:48:081</time></pt><pt><x>755</x><y>427</y><time>11-01-22 16:54:48:401</time></pt><closed_date>11-01-22 16:54:48:763</closed_date></polygon></object><object><name>restoration</name><deleted>0</deleted><verified>0</verified><occluded>no</occluded><attributes /><parts><hasparts /><ispartof>1</ispartof></parts><date>11-01-22 16:55:47:671</date><id>13</id><polygon><username>anonymous</username><pt><x>890</x><y>402</y><time>11-01-22 16:55:25:119</time></pt><pt><x>910</x><y>392</y><time>11-01-22 16:55:25:675</time></pt><pt><x>922</x><y>392</y><time>11-01-22 16:55:26:085</time></pt><pt><x>933</x><y>402</y><time>11-01-22 16:55:26:511</time></pt><pt><x>938</x><y>411</y><time>11-01-22 16:55:27:053</time></pt><pt><x>948</x><y>416</y><time>11-01-22 16:55:27:522</time></pt><pt><x>957</x><y>402</y><time>11-01-22 16:55:27:966</time></pt><pt><x>975</x><y>396</y><time>11-01-22 16:55:28:356</time></pt><pt><x>990</x><y>396</y><time>11-01-22 16:55:28:698</time></pt><pt><x>1000</x><y>402</y><time>11-01-22 16:55:29:033</time></pt><pt><x>1020</x><y>392</y><time>11-01-22 16:55:29:492</time></pt><pt><x>1028</x><y>392</y><time>11-01-22 16:55:29:806</time></pt><pt><x>1045</x><y>396</y><time>11-01-22 16:55:30:098</time></pt><pt><x>1054</x><y>399</y><time>11-01-22 16:55:30:418</time></pt><pt><x>1057</x><y>409</y><time>11-01-22 16:55:30:774</time></pt><pt><x>1055</x><y>424</y><time>11-01-22 16:55:31:382</time></pt><pt><x>1022</x><y>432</y><time>11-01-22 16:55:41:121</time></pt><pt><x>1000</x><y>441</y><time>11-01-22 16:55:41:517</time></pt><pt><x>977</x><y>444</y><time>11-01-22 16:55:41:892</time></pt><pt><x>955</x><y>444</y><time>11-01-22 16:55:42:262</time></pt><pt><x>928</x><y>444</y><time>11-01-22 16:55:42:619</time></pt><pt><x>898</x><y>446</y><time>11-01-22 16:55:42:980</time></pt><pt><x>870</x><y>446</y><time>11-01-22 16:55:43:329</time></pt><pt><x>865</x><y>436</y><time>11-01-22 16:55:43:634</time></pt><pt><x>873</x><y>421</y><time>11-01-22 16:55:44:018</time></pt><closed_date>11-01-22 16:55:44:302</closed_date></polygon></object><object><name>tooth</name><deleted>0</deleted><verified>0</verified><occluded>no</occluded><attributes>16</attributes><parts><hasparts>10,9</hasparts><ispartof /></parts><date>11-01-22 16:57:59:484</date><id>14</id><type>bounding_box</type><polygon><username>anonymous</username><pt><x>352</x><y>10</y><time>11-01-22 16:57:49:520</time></pt><pt><x>646</x><y>10</y><time>11-01-22 16:57:51:107</time></pt><pt><x>646</x><y>513</y><time>undefined</time></pt><pt><x>352</x><y>513</y><time>undefined</time></pt><closed_date>11-01-22 16:57:51:108</closed_date></polygon></object><imagesize><nrows /><ncols /></imagesize></annotation>