<annotation><filename>imagem-104.jpg</filename><folder>segmentation_xray</folder><source><sourceImage>The MIT-CSAIL database of objects and scenes</sourceImage><sourceAnnotation>LabelMe Webtool</sourceAnnotation></source><object><name>tooth</name><deleted>0</deleted><verified>0</verified><occluded>no</occluded><attributes>27</attributes><parts><hasparts>10</hasparts><ispartof /></parts><date>13-12-21 21:50:05:011</date><id>0</id><type>bounding_box</type><polygon><username>anonymous</username><pt><x>1219</x><y>312</y><time>13-12-21 21:49:52:867</time></pt><pt><x>968</x><y>312</y><time>13-12-21 21:49:56:169</time></pt><pt><x>968</x><y>3</y><time>undefined</time></pt><pt><x>1219</x><y>3</y><time>undefined</time></pt><closed_date>13-12-21 21:49:56:169</closed_date></polygon></object><object><name>tooth</name><deleted>0</deleted><verified>0</verified><occluded>no</occluded><attributes>26</attributes><parts><hasparts /><ispartof /></parts><date>13-12-21 21:50:12:829</date><id>1</id><type>bounding_box</type><polygon><username>anonymous</username><pt><x>668</x><y>8</y><time>13-12-21 21:50:06:410</time></pt><pt><x>983</x><y>8</y><time>13-12-21 21:50:08:753</time></pt><pt><x>983</x><y>324</y><time>undefined</time></pt><pt><x>668</x><y>324</y><time>undefined</time></pt><closed_date>13-12-21 21:50:08:753</closed_date></polygon></object><object><name>tooth</name><deleted>0</deleted><verified>0</verified><occluded>no</occluded><attributes>25</attributes><parts><hasparts /><ispartof /></parts><date>13-12-21 21:50:20:070</date><id>2</id><type>bounding_box</type><polygon><username>anonymous</username><pt><x>471</x><y>10</y><time>13-12-21 21:50:14:011</time></pt><pt><x>678</x><y>10</y><time>13-12-21 21:50:16:649</time></pt><pt><x>678</x><y>334</y><time>undefined</time></pt><pt><x>471</x><y>334</y><time>undefined</time></pt><closed_date>13-12-21 21:50:16:650</closed_date></polygon></object><object><name>tooth</name><deleted>0</deleted><verified>0</verified><occluded>no</occluded><attributes>24</attributes><parts><hasparts /><ispartof /></parts><date>13-12-21 21:50:57:887</date><id>3</id><type>bounding_box</type><polygon><username>anonymous</username><pt><x>247</x><y>5</y><time>13-12-21 21:50:51:531</time></pt><pt><x>476</x><y>5</y><time>13-12-21 21:50:53:555</time></pt><pt><x>476</x><y>319</y><time>undefined</time></pt><pt><x>247</x><y>319</y><time>undefined</time></pt><closed_date>13-12-21 21:50:53:555</closed_date></polygon></object><object><name>tooth</name><deleted>0</deleted><verified>0</verified><occluded>no</occluded><attributes>23</attributes><parts><hasparts /><ispartof /></parts><date>13-12-21 21:51:05:812</date><id>4</id><type>bounding_box</type><polygon><username>anonymous</username><pt><x>8</x><y>314</y><time>13-12-21 21:50:59:924</time></pt><pt><x>272</x><y>314</y><time>13-12-21 21:51:02:554</time></pt><pt><x>272</x><y>5</y><time>undefined</time></pt><pt><x>8</x><y>5</y><time>undefined</time></pt><closed_date>13-12-21 21:51:02:554</closed_date></polygon></object><object><name>tooth</name><deleted>0</deleted><verified>0</verified><occluded>no</occluded><attributes>37</attributes><parts><hasparts>11</hasparts><ispartof /></parts><date>13-12-21 21:51:54:928</date><id>5</id><type>bounding_box</type><polygon><username>anonymous</username><pt><x>1215</x><y>389</y><time>13-12-21 21:51:38:163</time></pt><pt><x>831</x><y>389</y><time>13-12-21 21:51:41:059</time></pt><pt><x>831</x><y>913</y><time>undefined</time></pt><pt><x>1215</x><y>913</y><time>undefined</time></pt><closed_date>13-12-21 21:51:41:059</closed_date></polygon></object><object><name>tooth</name><deleted>0</deleted><verified>0</verified><occluded>no</occluded><attributes>36</attributes><parts><hasparts>12</hasparts><ispartof /></parts><date>13-12-21 21:55:03:968</date><id>6</id><type>bounding_box</type><polygon><username>anonymous</username><pt><x>496</x><y>444</y><time>13-12-21 21:54:57:607</time></pt><pt><x>937</x><y>444</y><time>13-12-21 21:54:59:844</time></pt><pt><x>937</x><y>947</y><time>undefined</time></pt><pt><x>496</x><y>947</y><time>undefined</time></pt><closed_date>13-12-21 21:54:59:844</closed_date></polygon></object><object><name>tooth</name><deleted>0</deleted><verified>0</verified><occluded>no</occluded><attributes>35</attributes><parts><hasparts /><ispartof /></parts><date>13-12-21 21:55:15:056</date><id>7</id><type>bounding_box</type><polygon><username>anonymous</username><pt><x>267</x><y>439</y><time>13-12-21 21:55:06:212</time></pt><pt><x>503</x><y>439</y><time>13-12-21 21:55:09:933</time></pt><pt><x>503</x><y>948</y><time>undefined</time></pt><pt><x>267</x><y>948</y><time>undefined</time></pt><closed_date>13-12-21 21:55:09:933</closed_date></polygon></object><object><name>tooth</name><deleted>0</deleted><verified>0</verified><occluded>no</occluded><attributes>34</attributes><parts><hasparts /><ispartof /></parts><date>13-12-21 21:55:24:496</date><id>8</id><type>bounding_box</type><polygon><username>anonymous</username><pt><x>35</x><y>397</y><time>13-12-21 21:55:15:918</time></pt><pt><x>264</x><y>397</y><time>13-12-21 21:55:19:244</time></pt><pt><x>264</x><y>940</y><time>undefined</time></pt><pt><x>35</x><y>940</y><time>undefined</time></pt><closed_date>13-12-21 21:55:19:244</closed_date></polygon></object><object><name>tooth</name><deleted>0</deleted><verified>0</verified><occluded>no</occluded><attributes>33</attributes><parts><hasparts /><ispartof /></parts><date>13-12-21 21:55:32:472</date><id>9</id><type>bounding_box</type><polygon><username>anonymous</username><pt><x>0</x><y>401</y><time>13-12-21 21:55:26:390</time></pt><pt><x>132</x><y>401</y><time>13-12-21 21:55:28:668</time></pt><pt><x>132</x><y>943</y><time>undefined</time></pt><pt><x>0</x><y>943</y><time>undefined</time></pt><closed_date>13-12-21 21:55:28:668</closed_date></polygon></object><object><name>restoration</name><deleted>0</deleted><verified>0</verified><occluded>no</occluded><attributes /><parts><hasparts /><ispartof>0</ispartof></parts><date>13-12-21 21:55:53:458</date><id>10</id><polygon><username>anonymous</username><pt><x>1062</x><y>260</y><time>13-12-21 21:55:36:382</time></pt><pt><x>1042</x><y>257</y><time>13-12-21 21:55:36:924</time></pt><pt><x>1027</x><y>260</y><time>13-12-21 21:55:37:428</time></pt><pt><x>1015</x><y>260</y><time>13-12-21 21:55:37:796</time></pt><pt><x>1005</x><y>249</y><time>13-12-21 21:55:38:156</time></pt><pt><x>1005</x><y>235</y><time>13-12-21 21:55:38:476</time></pt><pt><x>1010</x><y>229</y><time>13-12-21 21:55:38:764</time></pt><pt><x>1008</x><y>212</y><time>13-12-21 21:55:39:108</time></pt><pt><x>1013</x><y>199</y><time>13-12-21 21:55:39:412</time></pt><pt><x>1022</x><y>194</y><time>13-12-21 21:55:39:772</time></pt><pt><x>1035</x><y>190</y><time>13-12-21 21:55:40:140</time></pt><pt><x>1045</x><y>190</y><time>13-12-21 21:55:40:596</time></pt><pt><x>1065</x><y>199</y><time>13-12-21 21:55:41:052</time></pt><pt><x>1074</x><y>204</y><time>13-12-21 21:55:41:389</time></pt><pt><x>1089</x><y>205</y><time>13-12-21 21:55:41:692</time></pt><pt><x>1095</x><y>199</y><time>13-12-21 21:55:42:044</time></pt><pt><x>1104</x><y>189</y><time>13-12-21 21:55:42:308</time></pt><pt><x>1124</x><y>185</y><time>13-12-21 21:55:42:548</time></pt><pt><x>1127</x><y>175</y><time>13-12-21 21:55:42:916</time></pt><pt><x>1147</x><y>174</y><time>13-12-21 21:55:43:180</time></pt><pt><x>1160</x><y>174</y><time>13-12-21 21:55:43:468</time></pt><pt><x>1170</x><y>180</y><time>13-12-21 21:55:43:756</time></pt><pt><x>1177</x><y>192</y><time>13-12-21 21:55:44:028</time></pt><pt><x>1195</x><y>192</y><time>13-12-21 21:55:44:340</time></pt><pt><x>1205</x><y>190</y><time>13-12-21 21:55:44:587</time></pt><pt><x>1209</x><y>195</y><time>13-12-21 21:55:44:887</time></pt><pt><x>1215</x><y>205</y><time>13-12-21 21:55:45:132</time></pt><pt><x>1217</x><y>224</y><time>13-12-21 21:55:45:428</time></pt><pt><x>1210</x><y>240</y><time>13-12-21 21:55:45:883</time></pt><pt><x>1199</x><y>252</y><time>13-12-21 21:55:46:204</time></pt><pt><x>1194</x><y>259</y><time>13-12-21 21:55:46:516</time></pt><pt><x>1185</x><y>262</y><time>13-12-21 21:55:46:764</time></pt><pt><x>1160</x><y>255</y><time>13-12-21 21:55:47:044</time></pt><pt><x>1159</x><y>252</y><time>13-12-21 21:55:47:348</time></pt><pt><x>1147</x><y>247</y><time>13-12-21 21:55:47:708</time></pt><pt><x>1117</x><y>237</y><time>13-12-21 21:55:48:204</time></pt><pt><x>1109</x><y>230</y><time>13-12-21 21:55:48:572</time></pt><pt><x>1089</x><y>240</y><time>13-12-21 21:55:48:828</time></pt><pt><x>1077</x><y>244</y><time>13-12-21 21:55:49:092</time></pt><closed_date>13-12-21 21:55:49:454</closed_date></polygon></object><object><name>restoration</name><deleted>0</deleted><verified>0</verified><occluded>no</occluded><attributes /><parts><hasparts /><ispartof>5</ispartof></parts><date>13-12-21 21:56:18:739</date><id>11</id><polygon><username>anonymous</username><pt><x>1099</x><y>489</y><time>13-12-21 21:55:54:639</time></pt><pt><x>1100</x><y>518</y><time>13-12-21 21:55:55:045</time></pt><pt><x>1090</x><y>529</y><time>13-12-21 21:55:55:397</time></pt><pt><x>1084</x><y>534</y><time>13-12-21 21:55:55:781</time></pt><pt><x>1057</x><y>531</y><time>13-12-21 21:55:56:133</time></pt><pt><x>1043</x><y>533</y><time>13-12-21 21:56:02:108</time></pt><pt><x>1033</x><y>543</y><time>13-12-21 21:56:02:708</time></pt><pt><x>1023</x><y>554</y><time>13-12-21 21:56:03:453</time></pt><pt><x>1022</x><y>568</y><time>13-12-21 21:56:03:773</time></pt><pt><x>1023</x><y>579</y><time>13-12-21 21:56:04:125</time></pt><pt><x>998</x><y>581</y><time>13-12-21 21:56:04:501</time></pt><pt><x>977</x><y>569</y><time>13-12-21 21:56:04:996</time></pt><pt><x>970</x><y>579</y><time>13-12-21 21:56:05:589</time></pt><pt><x>953</x><y>588</y><time>13-12-21 21:56:06:036</time></pt><pt><x>925</x><y>576</y><time>13-12-21 21:56:06:540</time></pt><pt><x>908</x><y>573</y><time>13-12-21 21:56:06:836</time></pt><pt><x>902</x><y>573</y><time>13-12-21 21:56:07:163</time></pt><pt><x>883</x><y>546</y><time>13-12-21 21:56:07:565</time></pt><pt><x>872</x><y>533</y><time>13-12-21 21:56:08:013</time></pt><pt><x>877</x><y>516</y><time>13-12-21 21:56:08:341</time></pt><pt><x>885</x><y>508</y><time>13-12-21 21:56:08:669</time></pt><pt><x>895</x><y>506</y><time>13-12-21 21:56:08:949</time></pt><pt><x>910</x><y>503</y><time>13-12-21 21:56:09:237</time></pt><pt><x>940</x><y>494</y><time>13-12-21 21:56:09:692</time></pt><pt><x>958</x><y>493</y><time>13-12-21 21:56:09:989</time></pt><pt><x>963</x><y>489</y><time>13-12-21 21:56:10:396</time></pt><pt><x>962</x><y>471</y><time>13-12-21 21:56:10:741</time></pt><pt><x>960</x><y>451</y><time>13-12-21 21:56:11:189</time></pt><pt><x>967</x><y>439</y><time>13-12-21 21:56:11:549</time></pt><pt><x>982</x><y>444</y><time>13-12-21 21:56:11:853</time></pt><pt><x>993</x><y>444</y><time>13-12-21 21:56:12:231</time></pt><pt><x>998</x><y>459</y><time>13-12-21 21:56:12:599</time></pt><pt><x>1008</x><y>471</y><time>13-12-21 21:56:12:957</time></pt><pt><x>1022</x><y>471</y><time>13-12-21 21:56:13:205</time></pt><pt><x>1025</x><y>469</y><time>13-12-21 21:56:13:413</time></pt><pt><x>1033</x><y>471</y><time>13-12-21 21:56:13:885</time></pt><pt><x>1052</x><y>456</y><time>13-12-21 21:56:14:381</time></pt><pt><x>1062</x><y>451</y><time>13-12-21 21:56:14:709</time></pt><pt><x>1089</x><y>454</y><time>13-12-21 21:56:14:981</time></pt><pt><x>1097</x><y>476</y><time>13-12-21 21:56:15:293</time></pt><closed_date>13-12-21 21:56:15:813</closed_date></polygon></object><object><name>restoration</name><deleted>0</deleted><verified>0</verified><occluded>no</occluded><attributes /><parts><hasparts /><ispartof>6</ispartof></parts><date>13-12-21 21:56:33:985</date><id>12</id><polygon><username>anonymous</username><pt><x>683</x><y>599</y><time>13-12-21 21:56:20:127</time></pt><pt><x>695</x><y>576</y><time>13-12-21 21:56:20:549</time></pt><pt><x>718</x><y>571</y><time>13-12-21 21:56:20:949</time></pt><pt><x>738</x><y>568</y><time>13-12-21 21:56:21:245</time></pt><pt><x>750</x><y>554</y><time>13-12-21 21:56:21:549</time></pt><pt><x>758</x><y>541</y><time>13-12-21 21:56:21:909</time></pt><pt><x>758</x><y>516</y><time>13-12-21 21:56:22:269</time></pt><pt><x>758</x><y>504</y><time>13-12-21 21:56:22:629</time></pt><pt><x>753</x><y>494</y><time>13-12-21 21:56:23:117</time></pt><pt><x>735</x><y>496</y><time>13-12-21 21:56:23:421</time></pt><pt><x>716</x><y>503</y><time>13-12-21 21:56:23:677</time></pt><pt><x>703</x><y>504</y><time>13-12-21 21:56:23:973</time></pt><pt><x>695</x><y>496</y><time>13-12-21 21:56:24:421</time></pt><pt><x>683</x><y>486</y><time>13-12-21 21:56:24:837</time></pt><pt><x>673</x><y>486</y><time>13-12-21 21:56:25:108</time></pt><pt><x>659</x><y>491</y><time>13-12-21 21:56:25:525</time></pt><pt><x>641</x><y>491</y><time>13-12-21 21:56:25:861</time></pt><pt><x>623</x><y>489</y><time>13-12-21 21:56:26:237</time></pt><pt><x>623</x><y>511</y><time>13-12-21 21:56:26:540</time></pt><pt><x>604</x><y>494</y><time>13-12-21 21:56:27:060</time></pt><pt><x>599</x><y>489</y><time>13-12-21 21:56:27:359</time></pt><pt><x>566</x><y>501</y><time>13-12-21 21:56:27:709</time></pt><pt><x>548</x><y>509</y><time>13-12-21 21:56:27:989</time></pt><pt><x>533</x><y>521</y><time>13-12-21 21:56:28:245</time></pt><pt><x>534</x><y>538</y><time>13-12-21 21:56:28:471</time></pt><pt><x>536</x><y>544</y><time>13-12-21 21:56:28:669</time></pt><pt><x>531</x><y>559</y><time>13-12-21 21:56:28:959</time></pt><pt><x>538</x><y>583</y><time>13-12-21 21:56:29:341</time></pt><pt><x>549</x><y>594</y><time>13-12-21 21:56:29:661</time></pt><pt><x>566</x><y>598</y><time>13-12-21 21:56:29:941</time></pt><pt><x>581</x><y>596</y><time>13-12-21 21:56:30:199</time></pt><pt><x>603</x><y>589</y><time>13-12-21 21:56:30:429</time></pt><pt><x>616</x><y>578</y><time>13-12-21 21:56:30:677</time></pt><pt><x>628</x><y>568</y><time>13-12-21 21:56:30:933</time></pt><pt><x>636</x><y>569</y><time>13-12-21 21:56:31:165</time></pt><pt><x>643</x><y>589</y><time>13-12-21 21:56:31:405</time></pt><pt><x>663</x><y>599</y><time>13-12-21 21:56:31:671</time></pt><closed_date>13-12-21 21:56:31:904</closed_date></polygon></object><imagesize><nrows /><ncols /></imagesize></annotation>