<annotation><filename>imagem-082.jpg</filename><folder>segmentation_xray</folder><source><sourceImage>The MIT-CSAIL database of objects and scenes</sourceImage><sourceAnnotation>LabelMe Webtool</sourceAnnotation></source><object><name>tooth 27</name><deleted>0</deleted><verified>0</verified><occluded>no</occluded><attributes /><parts><hasparts>10,11,12</hasparts><ispartof /></parts><date>13-01-22 11:02:16:142</date><id>0</id><type>bounding_box</type><polygon><username>anonymous</username><pt><x>1068</x><y>512</y><time>13-01-22 11:02:06:187</time></pt><pt><x>1451</x><y>512</y><time>13-01-22 11:02:09:491</time></pt><pt><x>1451</x><y>1</y><time>undefined</time></pt><pt><x>1068</x><y>1</y><time>undefined</time></pt><closed_date>13-01-22 11:02:09:492</closed_date></polygon></object><object><name>tooth 26</name><deleted>0</deleted><verified>0</verified><occluded>no</occluded><attributes /><parts><hasparts>13,14,15</hasparts><ispartof /></parts><date>13-01-22 11:02:23:732</date><id>1</id><type>bounding_box</type><polygon><username>anonymous</username><pt><x>715</x><y>554</y><time>13-01-22 11:02:17:934</time></pt><pt><x>1117</x><y>554</y><time>13-01-22 11:02:20:128</time></pt><pt><x>1117</x><y>7</y><time>undefined</time></pt><pt><x>715</x><y>7</y><time>undefined</time></pt><closed_date>13-01-22 11:02:20:128</closed_date></polygon></object><object><name>tooth 25</name><deleted>0</deleted><verified>0</verified><occluded>no</occluded><attributes /><parts><hasparts>16,17</hasparts><ispartof /></parts><date>13-01-22 11:02:30:309</date><id>2</id><type>bounding_box</type><polygon><username>anonymous</username><pt><x>450</x><y>565</y><time>13-01-22 11:02:25:665</time></pt><pt><x>731</x><y>565</y><time>13-01-22 11:02:27:341</time></pt><pt><x>731</x><y>7</y><time>undefined</time></pt><pt><x>450</x><y>7</y><time>undefined</time></pt><closed_date>13-01-22 11:02:27:342</closed_date></polygon></object><object><name>tooth 24</name><deleted>0</deleted><verified>0</verified><occluded>no</occluded><attributes /><parts><hasparts>18,19</hasparts><ispartof /></parts><date>13-01-22 11:02:39:045</date><id>3</id><type>bounding_box</type><polygon><username>anonymous</username><pt><x>198</x><y>568</y><time>13-01-22 11:02:32:279</time></pt><pt><x>487</x><y>568</y><time>13-01-22 11:02:35:040</time></pt><pt><x>487</x><y>2</y><time>undefined</time></pt><pt><x>198</x><y>2</y><time>undefined</time></pt><closed_date>13-01-22 11:02:35:041</closed_date></polygon></object><object><name>tooth 23</name><deleted>0</deleted><verified>0</verified><occluded>no</occluded><attributes /><parts><hasparts>20</hasparts><ispartof /></parts><date>13-01-22 11:02:48:790</date><id>4</id><type>bounding_box</type><polygon><username>anonymous</username><pt><x>277</x><y>588</y><time>13-01-22 11:02:42:353</time></pt><pt><x>2</x><y>588</y><time>13-01-22 11:02:45:345</time></pt><pt><x>2</x><y>5</y><time>undefined</time></pt><pt><x>277</x><y>5</y><time>undefined</time></pt><closed_date>13-01-22 11:02:45:345</closed_date></polygon></object><object><name>tooth 37</name><deleted>0</deleted><verified>0</verified><occluded>no</occluded><attributes /><parts><hasparts>21</hasparts><ispartof /></parts><date>13-01-22 11:02:57:708</date><id>5</id><type>bounding_box</type><polygon><username>anonymous</username><pt><x>1098</x><y>519</y><time>13-01-22 11:02:51:224</time></pt><pt><x>1592</x><y>519</y><time>13-01-22 11:02:53:645</time></pt><pt><x>1592</x><y>1124</y><time>undefined</time></pt><pt><x>1098</x><y>1124</y><time>undefined</time></pt><closed_date>13-01-22 11:02:53:645</closed_date></polygon></object><object><name>tooth 36</name><deleted>0</deleted><verified>0</verified><occluded>no</occluded><attributes /><parts><hasparts>22,23,24</hasparts><ispartof /></parts><date>13-01-22 11:03:04:204</date><id>6</id><type>bounding_box</type><polygon><username>anonymous</username><pt><x>697</x><y>621</y><time>13-01-22 11:02:59:179</time></pt><pt><x>1257</x><y>621</y><time>13-01-22 11:03:01:095</time></pt><pt><x>1257</x><y>1237</y><time>undefined</time></pt><pt><x>697</x><y>1237</y><time>undefined</time></pt><closed_date>13-01-22 11:03:01:095</closed_date></polygon></object><object><name>tooth 35</name><deleted>0</deleted><verified>0</verified><occluded>no</occluded><attributes /><parts><hasparts>25,26</hasparts><ispartof /></parts><date>13-01-22 11:03:11:043</date><id>7</id><type>bounding_box</type><polygon><username>anonymous</username><pt><x>392</x><y>644</y><time>13-01-22 11:03:06:054</time></pt><pt><x>715</x><y>644</y><time>13-01-22 11:03:08:054</time></pt><pt><x>715</x><y>1230</y><time>undefined</time></pt><pt><x>392</x><y>1230</y><time>undefined</time></pt><closed_date>13-01-22 11:03:08:055</closed_date></polygon></object><object><name>tooth 34</name><deleted>0</deleted><verified>0</verified><occluded>no</occluded><attributes /><parts><hasparts>27</hasparts><ispartof /></parts><date>13-01-22 11:03:18:326</date><id>8</id><type>bounding_box</type><polygon><username>anonymous</username><pt><x>122</x><y>595</y><time>13-01-22 11:03:13:622</time></pt><pt><x>443</x><y>595</y><time>13-01-22 11:03:15:180</time></pt><pt><x>443</x><y>1232</y><time>undefined</time></pt><pt><x>122</x><y>1232</y><time>undefined</time></pt><closed_date>13-01-22 11:03:15:180</closed_date></polygon></object><object><name>tooth 33</name><deleted>0</deleted><verified>0</verified><occluded>no</occluded><attributes /><parts><hasparts /><ispartof /></parts><date>13-01-22 11:03:27:376</date><id>9</id><type>bounding_box</type><polygon><username>anonymous</username><pt><x>14</x><y>503</y><time>13-01-22 11:03:20:309</time></pt><pt><x>189</x><y>503</y><time>13-01-22 11:03:22:631</time></pt><pt><x>189</x><y>1225</y><time>undefined</time></pt><pt><x>14</x><y>1225</y><time>undefined</time></pt><closed_date>13-01-22 11:03:22:632</closed_date></polygon></object><object><name>root canal treatment</name><deleted>0</deleted><verified>0</verified><occluded>no</occluded><attributes /><parts><hasparts /><ispartof>0</ispartof></parts><date>13-01-22 11:04:03:256</date><id>10</id><polygon><username>anonymous</username><pt><x>1179</x><y>240</y><time>13-01-22 11:03:44:496</time></pt><pt><x>1184</x><y>37</y><time>13-01-22 11:03:46:267</time></pt><pt><x>1193</x><y>16</y><time>13-01-22 11:03:47:061</time></pt><pt><x>1202</x><y>5</y><time>13-01-22 11:03:47:655</time></pt><pt><x>1244</x><y>16</y><time>13-01-22 11:03:50:770</time></pt><pt><x>1209</x><y>39</y><time>13-01-22 11:03:51:902</time></pt><pt><x>1204</x><y>72</y><time>13-01-22 11:03:52:936</time></pt><pt><x>1214</x><y>118</y><time>13-01-22 11:03:53:883</time></pt><pt><x>1221</x><y>189</y><time>13-01-22 11:03:54:934</time></pt><pt><x>1221</x><y>212</y><time>13-01-22 11:03:55:938</time></pt><closed_date>13-01-22 11:03:56:880</closed_date></polygon></object><object><name>root canal treatment</name><deleted>0</deleted><verified>0</verified><occluded>no</occluded><attributes /><parts><hasparts /><ispartof>0</ispartof></parts><date>13-01-22 11:04:15:084</date><id>11</id><polygon><username>anonymous</username><pt><x>1244</x><y>198</y><time>13-01-22 11:04:05:095</time></pt><pt><x>1251</x><y>76</y><time>13-01-22 11:04:06:047</time></pt><pt><x>1255</x><y>0</y><time>13-01-22 11:04:07:294</time></pt><pt><x>1297</x><y>9</y><time>13-01-22 11:04:08:473</time></pt><pt><x>1301</x><y>76</y><time>13-01-22 11:04:09:437</time></pt><pt><x>1285</x><y>189</y><time>13-01-22 11:04:10:587</time></pt><pt><x>1294</x><y>217</y><time>13-01-22 11:04:11:592</time></pt><closed_date>13-01-22 11:04:12:524</closed_date></polygon></object><object><name>crown</name><deleted>0</deleted><verified>0</verified><occluded>no</occluded><attributes /><parts><hasparts /><ispartof>0</ispartof></parts><date>13-01-22 11:04:43:377</date><id>12</id><polygon><username>anonymous</username><pt><x>1167</x><y>238</y><time>13-01-22 11:04:17:596</time></pt><pt><x>1098</x><y>258</y><time>13-01-22 11:04:19:023</time></pt><pt><x>1077</x><y>369</y><time>13-01-22 11:04:22:755</time></pt><pt><x>1082</x><y>436</y><time>13-01-22 11:04:25:192</time></pt><pt><x>1103</x><y>485</y><time>13-01-22 11:04:29:621</time></pt><pt><x>1184</x><y>498</y><time>13-01-22 11:04:30:639</time></pt><pt><x>1276</x><y>496</y><time>13-01-22 11:04:31:411</time></pt><pt><x>1308</x><y>471</y><time>13-01-22 11:04:32:048</time></pt><pt><x>1361</x><y>482</y><time>13-01-22 11:04:32:775</time></pt><pt><x>1419</x><y>455</y><time>13-01-22 11:04:33:462</time></pt><pt><x>1447</x><y>404</y><time>13-01-22 11:04:34:210</time></pt><pt><x>1447</x><y>335</y><time>13-01-22 11:04:34:966</time></pt><pt><x>1401</x><y>258</y><time>13-01-22 11:04:37:395</time></pt><pt><x>1329</x><y>226</y><time>13-01-22 11:04:38:129</time></pt><pt><x>1287</x><y>210</y><time>13-01-22 11:04:38:813</time></pt><pt><x>1237</x><y>198</y><time>13-01-22 11:04:39:582</time></pt><closed_date>13-01-22 11:04:40:660</closed_date></polygon></object><object><name>root canal treatment</name><deleted>0</deleted><verified>0</verified><occluded>no</occluded><attributes /><parts><hasparts /><ispartof>1</ispartof></parts><date>13-01-22 11:05:13:783</date><id>13</id><polygon><username>anonymous</username><pt><x>817</x><y>205</y><time>13-01-22 11:04:59:275</time></pt><pt><x>812</x><y>122</y><time>13-01-22 11:04:59:972</time></pt><pt><x>838</x><y>51</y><time>13-01-22 11:05:00:728</time></pt><pt><x>838</x><y>16</y><time>13-01-22 11:05:01:504</time></pt><pt><x>838</x><y>0</y><time>13-01-22 11:05:02:840</time></pt><pt><x>861</x><y>7</y><time>13-01-22 11:05:03:940</time></pt><pt><x>858</x><y>51</y><time>13-01-22 11:05:04:826</time></pt><pt><x>858</x><y>127</y><time>13-01-22 11:05:05:631</time></pt><pt><x>877</x><y>187</y><time>13-01-22 11:05:06:569</time></pt><pt><x>879</x><y>215</y><time>13-01-22 11:05:07:227</time></pt><closed_date>13-01-22 11:05:11:540</closed_date></polygon></object><object><name>root canal treatment</name><deleted>0</deleted><verified>0</verified><occluded>no</occluded><attributes /><parts><hasparts /><ispartof>1</ispartof></parts><date>13-01-22 11:05:25:136</date><id>14</id><polygon><username>anonymous</username><pt><x>997</x><y>106</y><time>13-01-22 11:05:16:398</time></pt><pt><x>1011</x><y>25</y><time>13-01-22 11:05:17:133</time></pt><pt><x>1022</x><y>5</y><time>13-01-22 11:05:17:881</time></pt><pt><x>1061</x><y>5</y><time>13-01-22 11:05:18:454</time></pt><pt><x>1015</x><y>217</y><time>13-01-22 11:05:20:302</time></pt><pt><x>962</x><y>224</y><time>13-01-22 11:05:21:362</time></pt><closed_date>13-01-22 11:05:22:235</closed_date></polygon></object><object><name>crown</name><deleted>0</deleted><verified>0</verified><occluded>no</occluded><attributes /><parts><hasparts /><ispartof>1</ispartof></parts><date>13-01-22 11:05:47:815</date><id>15</id><polygon><username>anonymous</username><pt><x>911</x><y>217</y><time>13-01-22 11:05:27:407</time></pt><pt><x>812</x><y>201</y><time>13-01-22 11:05:28:355</time></pt><pt><x>750</x><y>263</y><time>13-01-22 11:05:30:274</time></pt><pt><x>727</x><y>330</y><time>13-01-22 11:05:31:348</time></pt><pt><x>724</x><y>503</y><time>13-01-22 11:05:33:383</time></pt><pt><x>780</x><y>531</y><time>13-01-22 11:05:34:278</time></pt><pt><x>828</x><y>538</y><time>13-01-22 11:05:35:020</time></pt><pt><x>907</x><y>538</y><time>13-01-22 11:05:35:731</time></pt><pt><x>1001</x><y>542</y><time>13-01-22 11:05:36:419</time></pt><pt><x>1052</x><y>521</y><time>13-01-22 11:05:37:101</time></pt><pt><x>1066</x><y>448</y><time>13-01-22 11:05:37:943</time></pt><pt><x>1080</x><y>330</y><time>13-01-22 11:05:38:699</time></pt><pt><x>1080</x><y>300</y><time>13-01-22 11:05:39:266</time></pt><pt><x>1073</x><y>268</y><time>13-01-22 11:05:39:929</time></pt><pt><x>1098</x><y>226</y><time>13-01-22 11:05:40:733</time></pt><pt><x>1043</x><y>201</y><time>13-01-22 11:05:41:755</time></pt><pt><x>1008</x><y>217</y><time>13-01-22 11:05:42:802</time></pt><pt><x>958</x><y>217</y><time>13-01-22 11:05:43:632</time></pt><pt><x>955</x><y>194</y><time>13-01-22 11:05:44:213</time></pt><closed_date>13-01-22 11:05:44:787</closed_date></polygon></object><object><name>root canal treatment</name><deleted>0</deleted><verified>0</verified><occluded>no</occluded><attributes /><parts><hasparts /><ispartof>2</ispartof></parts><date>13-01-22 11:06:11:097</date><id>16</id><polygon><username>anonymous</username><pt><x>625</x><y>16</y><time>13-01-22 11:06:03:927</time></pt><pt><x>621</x><y>48</y><time>13-01-22 11:06:05:282</time></pt><pt><x>653</x><y>55</y><time>13-01-22 11:06:06:209</time></pt><pt><x>660</x><y>14</y><time>13-01-22 11:06:06:978</time></pt><pt><x>660</x><y>5</y><time>13-01-22 11:06:07:658</time></pt><closed_date>13-01-22 11:06:08:313</closed_date></polygon></object><object><name>crown</name><deleted>0</deleted><verified>0</verified><occluded>no</occluded><attributes /><parts><hasparts /><ispartof>2</ispartof></parts><date>13-01-22 11:06:33:016</date><id>17</id><polygon><username>anonymous</username><pt><x>618</x><y>62</y><time>13-01-22 11:06:17:081</time></pt><pt><x>584</x><y>231</y><time>13-01-22 11:06:18:871</time></pt><pt><x>538</x><y>249</y><time>13-01-22 11:06:19:874</time></pt><pt><x>515</x><y>275</y><time>13-01-22 11:06:20:438</time></pt><pt><x>496</x><y>358</y><time>13-01-22 11:06:21:060</time></pt><pt><x>475</x><y>489</y><time>13-01-22 11:06:22:038</time></pt><pt><x>570</x><y>517</y><time>13-01-22 11:06:23:686</time></pt><pt><x>690</x><y>540</y><time>13-01-22 11:06:24:444</time></pt><pt><x>722</x><y>445</y><time>13-01-22 11:06:25:061</time></pt><pt><x>722</x><y>291</y><time>13-01-22 11:06:26:011</time></pt><pt><x>711</x><y>263</y><time>13-01-22 11:06:26:695</time></pt><pt><x>664</x><y>247</y><time>13-01-22 11:06:27:355</time></pt><pt><x>660</x><y>69</y><time>13-01-22 11:06:28:522</time></pt><pt><x>655</x><y>39</y><time>13-01-22 11:06:29:176</time></pt><closed_date>13-01-22 11:06:30:079</closed_date></polygon></object><object><name>root canal treatment</name><deleted>0</deleted><verified>0</verified><occluded>no</occluded><attributes /><parts><hasparts /><ispartof>3</ispartof></parts><date>13-01-22 11:06:53:533</date><id>18</id><polygon><username>anonymous</username><pt><x>360</x><y>171</y><time>13-01-22 11:06:46:961</time></pt><pt><x>378</x><y>12</y><time>13-01-22 11:06:48:421</time></pt><pt><x>406</x><y>12</y><time>13-01-22 11:06:49:043</time></pt><pt><x>390</x><y>178</y><time>13-01-22 11:06:50:484</time></pt><closed_date>13-01-22 11:06:51:170</closed_date></polygon></object><object><name>crown</name><deleted>0</deleted><verified>0</verified><occluded>no</occluded><attributes /><parts><hasparts /><ispartof>3</ispartof></parts><date>13-01-22 11:07:14:073</date><id>19</id><polygon><username>anonymous</username><pt><x>365</x><y>189</y><time>13-01-22 11:06:54:961</time></pt><pt><x>291</x><y>189</y><time>13-01-22 11:06:55:798</time></pt><pt><x>270</x><y>208</y><time>13-01-22 11:07:00:003</time></pt><pt><x>242</x><y>256</y><time>13-01-22 11:07:00:766</time></pt><pt><x>228</x><y>311</y><time>13-01-22 11:07:01:361</time></pt><pt><x>238</x><y>411</y><time>13-01-22 11:07:01:990</time></pt><pt><x>247</x><y>450</y><time>13-01-22 11:07:02:871</time></pt><pt><x>275</x><y>531</y><time>13-01-22 11:07:03:564</time></pt><pt><x>316</x><y>526</y><time>13-01-22 11:07:04:220</time></pt><pt><x>413</x><y>487</y><time>13-01-22 11:07:04:918</time></pt><pt><x>468</x><y>392</y><time>13-01-22 11:07:05:962</time></pt><pt><x>478</x><y>335</y><time>13-01-22 11:07:06:563</time></pt><pt><x>473</x><y>288</y><time>13-01-22 11:07:07:164</time></pt><pt><x>436</x><y>275</y><time>13-01-22 11:07:07:724</time></pt><pt><x>434</x><y>256</y><time>13-01-22 11:07:08:143</time></pt><pt><x>422</x><y>166</y><time>13-01-22 11:07:09:805</time></pt><closed_date>13-01-22 11:07:10:407</closed_date></polygon></object><object><name>restoration</name><deleted>0</deleted><verified>0</verified><occluded>no</occluded><attributes /><parts><hasparts /><ispartof>4</ispartof></parts><date>13-01-22 11:07:40:847</date><id>20</id><polygon><username>anonymous</username><pt><x>182</x><y>316</y><time>13-01-22 11:07:26:882</time></pt><pt><x>155</x><y>335</y><time>13-01-22 11:07:27:677</time></pt><pt><x>125</x><y>353</y><time>13-01-22 11:07:28:384</time></pt><pt><x>108</x><y>457</y><time>13-01-22 11:07:29:682</time></pt><pt><x>150</x><y>498</y><time>13-01-22 11:07:32:549</time></pt><pt><x>180</x><y>457</y><time>13-01-22 11:07:33:925</time></pt><pt><x>185</x><y>406</y><time>13-01-22 11:07:34:599</time></pt><pt><x>205</x><y>323</y><time>13-01-22 11:07:35:461</time></pt><closed_date>13-01-22 11:07:36:095</closed_date></polygon></object><object><name>restoration</name><deleted>0</deleted><verified>0</verified><occluded>no</occluded><attributes /><parts><hasparts /><ispartof>5</ispartof></parts><date>13-01-22 11:08:29:790</date><id>21</id><polygon><username>anonymous</username><pt><x>1500</x><y>581</y><time>13-01-22 11:07:55:422</time></pt><pt><x>1444</x><y>634</y><time>13-01-22 11:07:56:407</time></pt><pt><x>1373</x><y>609</y><time>13-01-22 11:07:57:281</time></pt><pt><x>1396</x><y>625</y><time>13-01-22 11:08:01:994</time></pt><pt><x>1396</x><y>658</y><time>13-01-22 11:08:02:911</time></pt><pt><x>1366</x><y>697</y><time>13-01-22 11:08:03:701</time></pt><pt><x>1299</x><y>690</y><time>13-01-22 11:08:04:325</time></pt><pt><x>1262</x><y>651</y><time>13-01-22 11:08:05:508</time></pt><pt><x>1221</x><y>664</y><time>13-01-22 11:08:06:327</time></pt><pt><x>1177</x><y>674</y><time>13-01-22 11:08:07:336</time></pt><pt><x>1165</x><y>729</y><time>13-01-22 11:08:08:196</time></pt><pt><x>1191</x><y>718</y><time>13-01-22 11:08:08:944</time></pt><pt><x>1214</x><y>722</y><time>13-01-22 11:08:09:505</time></pt><pt><x>1232</x><y>754</y><time>13-01-22 11:08:10:121</time></pt><pt><x>1211</x><y>780</y><time>13-01-22 11:08:10:842</time></pt><pt><x>1184</x><y>789</y><time>13-01-22 11:08:11:675</time></pt><pt><x>1149</x><y>789</y><time>13-01-22 11:08:12:417</time></pt><pt><x>1133</x><y>784</y><time>13-01-22 11:08:13:045</time></pt><pt><x>1105</x><y>688</y><time>13-01-22 11:08:14:178</time></pt><pt><x>1098</x><y>632</y><time>13-01-22 11:08:14:859</time></pt><pt><x>1135</x><y>581</y><time>13-01-22 11:08:15:850</time></pt><pt><x>1167</x><y>581</y><time>13-01-22 11:08:16:450</time></pt><pt><x>1221</x><y>545</y><time>13-01-22 11:08:17:180</time></pt><pt><x>1301</x><y>545</y><time>13-01-22 11:08:18:922</time></pt><pt><x>1354</x><y>538</y><time>13-01-22 11:08:24:601</time></pt><pt><x>1414</x><y>512</y><time>13-01-22 11:08:25:339</time></pt><pt><x>1463</x><y>521</y><time>13-01-22 11:08:26:076</time></pt><pt><x>1500</x><y>549</y><time>13-01-22 11:08:26:920</time></pt><closed_date>13-01-22 11:08:27:507</closed_date></polygon></object><object><name>root canal treatment</name><deleted>0</deleted><verified>0</verified><occluded>no</occluded><attributes /><parts><hasparts /><ispartof>6</ispartof></parts><date>13-01-22 11:09:01:347</date><id>22</id><polygon><username>anonymous</username><pt><x>877</x><y>962</y><time>13-01-22 11:08:48:581</time></pt><pt><x>893</x><y>1036</y><time>13-01-22 11:08:49:398</time></pt><pt><x>939</x><y>1167</y><time>13-01-22 11:08:50:168</time></pt><pt><x>997</x><y>1223</y><time>13-01-22 11:08:51:338</time></pt><pt><x>1008</x><y>1234</y><time>13-01-22 11:08:52:886</time></pt><pt><x>1029</x><y>1227</y><time>13-01-22 11:08:53:635</time></pt><pt><x>992</x><y>1202</y><time>13-01-22 11:08:54:315</time></pt><pt><x>955</x><y>1147</y><time>13-01-22 11:08:55:265</time></pt><pt><x>941</x><y>1087</y><time>13-01-22 11:08:56:475</time></pt><pt><x>925</x><y>1024</y><time>13-01-22 11:08:57:286</time></pt><pt><x>930</x><y>934</y><time>13-01-22 11:08:58:274</time></pt><closed_date>13-01-22 11:08:59:134</closed_date></polygon></object><object><name>root canal treatment</name><deleted>0</deleted><verified>0</verified><occluded>no</occluded><attributes /><parts><hasparts /><ispartof>6</ispartof></parts><date>13-01-22 11:09:14:178</date><id>23</id><polygon><username>anonymous</username><pt><x>1047</x><y>981</y><time>13-01-22 11:09:04:030</time></pt><pt><x>1119</x><y>1107</y><time>13-01-22 11:09:05:018</time></pt><pt><x>1154</x><y>1207</y><time>13-01-22 11:09:05:774</time></pt><pt><x>1172</x><y>1234</y><time>13-01-22 11:09:06:727</time></pt><pt><x>1202</x><y>1227</y><time>13-01-22 11:09:07:467</time></pt><pt><x>1186</x><y>1193</y><time>13-01-22 11:09:08:134</time></pt><pt><x>1147</x><y>1101</y><time>13-01-22 11:09:09:163</time></pt><pt><x>1103</x><y>1022</y><time>13-01-22 11:09:10:353</time></pt><pt><x>1075</x><y>967</y><time>13-01-22 11:09:11:327</time></pt><closed_date>13-01-22 11:09:12:115</closed_date></polygon></object><object><name>crown</name><deleted>0</deleted><verified>0</verified><occluded>no</occluded><attributes /><parts><hasparts /><ispartof>6</ispartof></parts><date>13-01-22 11:09:38:171</date><id>24</id><polygon><username>anonymous</username><pt><x>1038</x><y>958</y><time>13-01-22 11:09:15:756</time></pt><pt><x>1068</x><y>944</y><time>13-01-22 11:09:16:495</time></pt><pt><x>1054</x><y>858</y><time>13-01-22 11:09:17:279</time></pt><pt><x>1094</x><y>819</y><time>13-01-22 11:09:17:971</time></pt><pt><x>1112</x><y>778</y><time>13-01-22 11:09:19:332</time></pt><pt><x>1101</x><y>662</y><time>13-01-22 11:09:22:117</time></pt><pt><x>1077</x><y>621</y><time>13-01-22 11:09:22:831</time></pt><pt><x>1043</x><y>628</y><time>13-01-22 11:09:23:707</time></pt><pt><x>1004</x><y>639</y><time>13-01-22 11:09:24:386</time></pt><pt><x>967</x><y>644</y><time>13-01-22 11:09:25:143</time></pt><pt><x>863</x><y>655</y><time>13-01-22 11:09:25:851</time></pt><pt><x>780</x><y>644</y><time>13-01-22 11:09:26:738</time></pt><pt><x>771</x><y>667</y><time>13-01-22 11:09:27:675</time></pt><pt><x>715</x><y>676</y><time>13-01-22 11:09:28:487</time></pt><pt><x>690</x><y>731</y><time>13-01-22 11:09:29:159</time></pt><pt><x>704</x><y>838</y><time>13-01-22 11:09:29:922</time></pt><pt><x>724</x><y>930</y><time>13-01-22 11:09:30:769</time></pt><pt><x>745</x><y>960</y><time>13-01-22 11:09:31:391</time></pt><pt><x>879</x><y>953</y><time>13-01-22 11:09:32:509</time></pt><pt><x>941</x><y>941</y><time>13-01-22 11:09:33:266</time></pt><pt><x>985</x><y>923</y><time>13-01-22 11:09:34:022</time></pt><pt><x>1015</x><y>925</y><time>13-01-22 11:09:35:304</time></pt><closed_date>13-01-22 11:09:35:970</closed_date></polygon></object><object><name>root canal treatment</name><deleted>0</deleted><verified>0</verified><occluded>no</occluded><attributes /><parts><hasparts /><ispartof>7</ispartof></parts><date>13-01-22 11:10:00:538</date><id>25</id><polygon><username>anonymous</username><pt><x>625</x><y>1179</y><time>13-01-22 11:09:53:801</time></pt><pt><x>646</x><y>1170</y><time>13-01-22 11:09:54:518</time></pt><pt><x>664</x><y>1211</y><time>13-01-22 11:09:55:336</time></pt><pt><x>669</x><y>1221</y><time>13-01-22 11:09:56:058</time></pt><pt><x>671</x><y>1230</y><time>13-01-22 11:09:56:759</time></pt><pt><x>623</x><y>1230</y><time>13-01-22 11:09:57:459</time></pt><closed_date>13-01-22 11:09:58:173</closed_date></polygon></object><object><name>crown</name><deleted>0</deleted><verified>0</verified><occluded>no</occluded><attributes /><parts><hasparts /><ispartof>7</ispartof></parts><date>13-01-22 11:10:23:148</date><id>26</id><polygon><username>anonymous</username><pt><x>547</x><y>1001</y><time>13-01-22 11:10:04:249</time></pt><pt><x>558</x><y>1082</y><time>13-01-22 11:10:04:955</time></pt><pt><x>595</x><y>1110</y><time>13-01-22 11:10:05:498</time></pt><pt><x>630</x><y>1186</y><time>13-01-22 11:10:06:104</time></pt><pt><x>658</x><y>1172</y><time>13-01-22 11:10:06:789</time></pt><pt><x>641</x><y>1110</y><time>13-01-22 11:10:07:433</time></pt><pt><x>637</x><y>1029</y><time>13-01-22 11:10:08:154</time></pt><pt><x>639</x><y>964</y><time>13-01-22 11:10:08:868</time></pt><pt><x>676</x><y>932</y><time>13-01-22 11:10:09:498</time></pt><pt><x>694</x><y>849</y><time>13-01-22 11:10:10:682</time></pt><pt><x>699</x><y>701</y><time>13-01-22 11:10:11:576</time></pt><pt><x>692</x><y>664</y><time>13-01-22 11:10:12:340</time></pt><pt><x>644</x><y>651</y><time>13-01-22 11:10:13:140</time></pt><pt><x>607</x><y>660</y><time>13-01-22 11:10:13:801</time></pt><pt><x>575</x><y>662</y><time>13-01-22 11:10:14:578</time></pt><pt><x>538</x><y>641</y><time>13-01-22 11:10:15:180</time></pt><pt><x>461</x><y>653</y><time>13-01-22 11:10:15:881</time></pt><pt><x>434</x><y>641</y><time>13-01-22 11:10:16:804</time></pt><pt><x>418</x><y>685</y><time>13-01-22 11:10:17:467</time></pt><pt><x>436</x><y>851</y><time>13-01-22 11:10:18:455</time></pt><pt><x>450</x><y>953</y><time>13-01-22 11:10:19:181</time></pt><pt><x>528</x><y>1001</y><time>13-01-22 11:10:20:064</time></pt><closed_date>13-01-22 11:10:20:736</closed_date></polygon></object><object><name>restoration</name><deleted>0</deleted><verified>0</verified><occluded>no</occluded><attributes /><parts><hasparts /><ispartof>8</ispartof></parts><date>13-01-22 11:10:58:258</date><id>27</id><polygon><username>anonymous</username><pt><x>353</x><y>844</y><time>13-01-22 11:10:38:654</time></pt><pt><x>335</x><y>909</y><time>13-01-22 11:10:40:352</time></pt><pt><x>286</x><y>971</y><time>13-01-22 11:10:41:444</time></pt><pt><x>164</x><y>981</y><time>13-01-22 11:10:44:047</time></pt><pt><x>138</x><y>911</y><time>13-01-22 11:10:45:076</time></pt><pt><x>132</x><y>699</y><time>13-01-22 11:10:46:090</time></pt><pt><x>155</x><y>623</y><time>13-01-22 11:10:46:819</time></pt><pt><x>208</x><y>598</y><time>13-01-22 11:10:47:497</time></pt><pt><x>295</x><y>618</y><time>13-01-22 11:10:48:071</time></pt><pt><x>371</x><y>641</y><time>13-01-22 11:10:48:602</time></pt><pt><x>395</x><y>651</y><time>13-01-22 11:10:49:338</time></pt><pt><x>434</x><y>768</y><time>13-01-22 11:10:50:238</time></pt><pt><x>422</x><y>863</y><time>13-01-22 11:10:53:723</time></pt><pt><x>385</x><y>872</y><time>13-01-22 11:10:54:956</time></pt><closed_date>13-01-22 11:10:55:634</closed_date></polygon></object><imagesize><nrows /><ncols /></imagesize></annotation>