<annotation><filename>imagem-115.jpg</filename><folder>segmentation_xray</folder><source><sourceImage>The MIT-CSAIL database of objects and scenes</sourceImage><sourceAnnotation>LabelMe Webtool</sourceAnnotation></source><object><name>tooth</name><deleted>0</deleted><verified>0</verified><occluded>no</occluded><attributes>27</attributes><parts><hasparts>12</hasparts><ispartof /></parts><date>13-01-22 19:08:29:904</date><id>0</id><type>bounding_box</type><polygon><username>anonymous</username><pt><x>1303</x><y>455</y><time>13-01-22 19:08:15:806</time></pt><pt><x>1589</x><y>455</y><time>13-01-22 19:08:18:622</time></pt><pt><x>1589</x><y>33</y><time>undefined</time></pt><pt><x>1303</x><y>33</y><time>undefined</time></pt><closed_date>13-01-22 19:08:18:623</closed_date></polygon></object><object><name>tooth</name><deleted>0</deleted><verified>0</verified><occluded>no</occluded><attributes>26</attributes><parts><hasparts>11</hasparts><ispartof /></parts><date>13-01-22 19:08:39:280</date><id>1</id><type>bounding_box</type><polygon><username>anonymous</username><pt><x>916</x><y>479</y><time>13-01-22 19:08:31:885</time></pt><pt><x>1312</x><y>479</y><time>13-01-22 19:08:34:224</time></pt><pt><x>1312</x><y>15</y><time>undefined</time></pt><pt><x>916</x><y>15</y><time>undefined</time></pt><closed_date>13-01-22 19:08:34:224</closed_date></polygon></object><object><name>tooth</name><deleted>0</deleted><verified>0</verified><occluded>no</occluded><attributes>25</attributes><parts><hasparts /><ispartof /></parts><date>13-01-22 19:08:50:735</date><id>2</id><type>bounding_box</type><polygon><username>anonymous</username><pt><x>632</x><y>520</y><time>13-01-22 19:08:41:687</time></pt><pt><x>929</x><y>520</y><time>13-01-22 19:08:43:659</time></pt><pt><x>929</x><y>15</y><time>undefined</time></pt><pt><x>632</x><y>15</y><time>undefined</time></pt><closed_date>13-01-22 19:08:43:659</closed_date></polygon></object><object><name>tooth</name><deleted>0</deleted><verified>0</verified><occluded>no</occluded><attributes>24</attributes><parts><hasparts>10</hasparts><ispartof /></parts><date>13-01-22 19:08:59:414</date><id>3</id><type>bounding_box</type><polygon><username>anonymous</username><pt><x>332</x><y>520</y><time>13-01-22 19:08:52:717</time></pt><pt><x>658</x><y>520</y><time>13-01-22 19:08:55:072</time></pt><pt><x>658</x><y>7</y><time>undefined</time></pt><pt><x>332</x><y>7</y><time>undefined</time></pt><closed_date>13-01-22 19:08:55:073</closed_date></polygon></object><object><name>tooth</name><deleted>0</deleted><verified>0</verified><occluded>no</occluded><attributes>23</attributes><parts><hasparts /><ispartof /></parts><date>13-01-22 19:09:06:949</date><id>4</id><type>bounding_box</type><polygon><username>anonymous</username><pt><x>39</x><y>490</y><time>13-01-22 19:09:00:337</time></pt><pt><x>455</x><y>490</y><time>13-01-22 19:09:02:178</time></pt><pt><x>455</x><y>4</y><time>undefined</time></pt><pt><x>39</x><y>4</y><time>undefined</time></pt><closed_date>13-01-22 19:09:02:178</closed_date></polygon></object><object><name>tooth</name><deleted>0</deleted><verified>0</verified><occluded>no</occluded><attributes>37</attributes><parts><hasparts>13</hasparts><ispartof /></parts><date>13-01-22 19:09:33:715</date><id>5</id><type>bounding_box</type><polygon><username>anonymous</username><pt><x>1078</x><y>544</y><time>13-01-22 19:09:12:067</time></pt><pt><x>1589</x><y>544</y><time>13-01-22 19:09:15:436</time></pt><pt><x>1589</x><y>1202</y><time>undefined</time></pt><pt><x>1078</x><y>1202</y><time>undefined</time></pt><closed_date>13-01-22 19:09:15:437</closed_date></polygon></object><object><name>tooth</name><deleted>0</deleted><verified>0</verified><occluded>no</occluded><attributes>36</attributes><parts><hasparts>14</hasparts><ispartof /></parts><date>13-01-22 19:09:46:595</date><id>6</id><type>bounding_box</type><polygon><username>anonymous</username><pt><x>632</x><y>627</y><time>13-01-22 19:09:35:870</time></pt><pt><x>1211</x><y>627</y><time>13-01-22 19:09:38:395</time></pt><pt><x>1211</x><y>1242</y><time>undefined</time></pt><pt><x>632</x><y>1242</y><time>undefined</time></pt><closed_date>13-01-22 19:09:38:395</closed_date></polygon></object><object><name>tooth</name><deleted>0</deleted><verified>0</verified><occluded>no</occluded><attributes>35</attributes><parts><hasparts>15</hasparts><ispartof /></parts><date>13-01-22 19:09:56:210</date><id>7</id><type>bounding_box</type><polygon><username>anonymous</username><pt><x>367</x><y>643</y><time>13-01-22 19:09:47:815</time></pt><pt><x>667</x><y>643</y><time>13-01-22 19:09:51:410</time></pt><pt><x>667</x><y>1235</y><time>undefined</time></pt><pt><x>367</x><y>1235</y><time>undefined</time></pt><closed_date>13-01-22 19:09:51:410</closed_date></polygon></object><object><name>tooth</name><deleted>0</deleted><verified>0</verified><occluded>no</occluded><attributes>34</attributes><parts><hasparts /><ispartof /></parts><date>13-01-22 19:10:07:316</date><id>8</id><type>bounding_box</type><polygon><username>anonymous</username><pt><x>70</x><y>617</y><time>13-01-22 19:09:58:055</time></pt><pt><x>426</x><y>617</y><time>13-01-22 19:10:00:233</time></pt><pt><x>426</x><y>1233</y><time>undefined</time></pt><pt><x>70</x><y>1233</y><time>undefined</time></pt><closed_date>13-01-22 19:10:00:233</closed_date></polygon></object><object><name>tooth</name><deleted>0</deleted><verified>0</verified><occluded>no</occluded><attributes>33</attributes><parts><hasparts /><ispartof /></parts><date>13-01-22 19:10:15:026</date><id>9</id><type>bounding_box</type><polygon><username>anonymous</username><pt><x>9</x><y>610</y><time>13-01-22 19:10:08:592</time></pt><pt><x>164</x><y>610</y><time>13-01-22 19:10:10:238</time></pt><pt><x>164</x><y>1213</y><time>undefined</time></pt><pt><x>9</x><y>1213</y><time>undefined</time></pt><closed_date>13-01-22 19:10:10:238</closed_date></polygon></object><object><name>restoration</name><deleted>0</deleted><verified>0</verified><occluded>no</occluded><attributes /><parts><hasparts /><ispartof>3</ispartof></parts><date>13-01-22 19:10:27:716</date><id>10</id><polygon><username>anonymous</username><pt><x>396</x><y>389</y><time>13-01-22 19:10:17:931</time></pt><pt><x>418</x><y>369</y><time>13-01-22 19:10:18:424</time></pt><pt><x>431</x><y>369</y><time>13-01-22 19:10:18:710</time></pt><pt><x>442</x><y>369</y><time>13-01-22 19:10:18:985</time></pt><pt><x>459</x><y>383</y><time>13-01-22 19:10:19:247</time></pt><pt><x>477</x><y>391</y><time>13-01-22 19:10:19:519</time></pt><pt><x>503</x><y>391</y><time>13-01-22 19:10:19:799</time></pt><pt><x>538</x><y>374</y><time>13-01-22 19:10:20:245</time></pt><pt><x>560</x><y>367</y><time>13-01-22 19:10:20:552</time></pt><pt><x>588</x><y>376</y><time>13-01-22 19:10:20:867</time></pt><pt><x>606</x><y>400</y><time>13-01-22 19:10:21:143</time></pt><pt><x>619</x><y>415</y><time>13-01-22 19:10:21:445</time></pt><pt><x>542</x><y>444</y><time>13-01-22 19:10:22:789</time></pt><pt><x>494</x><y>444</y><time>13-01-22 19:10:23:236</time></pt><pt><x>466</x><y>439</y><time>13-01-22 19:10:23:578</time></pt><pt><x>433</x><y>431</y><time>13-01-22 19:10:23:904</time></pt><pt><x>407</x><y>420</y><time>13-01-22 19:10:24:169</time></pt><closed_date>13-01-22 19:10:24:401</closed_date></polygon></object><object><name>restoration</name><deleted>0</deleted><verified>0</verified><occluded>no</occluded><attributes /><parts><hasparts /><ispartof>1</ispartof></parts><date>13-01-22 19:10:45:427</date><id>11</id><polygon><username>anonymous</username><pt><x>949</x><y>378</y><time>13-01-22 19:10:36:489</time></pt><pt><x>977</x><y>363</y><time>13-01-22 19:10:37:041</time></pt><pt><x>1014</x><y>367</y><time>13-01-22 19:10:37:368</time></pt><pt><x>1049</x><y>372</y><time>13-01-22 19:10:37:659</time></pt><pt><x>1117</x><y>372</y><time>13-01-22 19:10:37:981</time></pt><pt><x>1174</x><y>369</y><time>13-01-22 19:10:38:275</time></pt><pt><x>1213</x><y>383</y><time>13-01-22 19:10:38:593</time></pt><pt><x>1233</x><y>407</y><time>13-01-22 19:10:39:045</time></pt><pt><x>1224</x><y>450</y><time>13-01-22 19:10:39:781</time></pt><pt><x>1209</x><y>439</y><time>13-01-22 19:10:40:215</time></pt><pt><x>1176</x><y>444</y><time>13-01-22 19:10:40:556</time></pt><pt><x>1124</x><y>444</y><time>13-01-22 19:10:40:849</time></pt><pt><x>1082</x><y>448</y><time>13-01-22 19:10:41:080</time></pt><pt><x>1034</x><y>437</y><time>13-01-22 19:10:41:380</time></pt><pt><x>995</x><y>437</y><time>13-01-22 19:10:41:685</time></pt><pt><x>949</x><y>411</y><time>13-01-22 19:10:41:964</time></pt><pt><x>944</x><y>398</y><time>13-01-22 19:10:42:206</time></pt><closed_date>13-01-22 19:10:42:920</closed_date></polygon></object><object><name>restoration</name><deleted>0</deleted><verified>0</verified><occluded>no</occluded><attributes /><parts><hasparts /><ispartof>0</ispartof></parts><date>13-01-22 19:10:54:758</date><id>12</id><polygon><username>anonymous</username><pt><x>1353</x><y>359</y><time>13-01-22 19:10:46:673</time></pt><pt><x>1404</x><y>339</y><time>13-01-22 19:10:47:451</time></pt><pt><x>1423</x><y>317</y><time>13-01-22 19:10:47:903</time></pt><pt><x>1458</x><y>310</y><time>13-01-22 19:10:48:234</time></pt><pt><x>1506</x><y>310</y><time>13-01-22 19:10:48:546</time></pt><pt><x>1526</x><y>315</y><time>13-01-22 19:10:48:818</time></pt><pt><x>1544</x><y>330</y><time>13-01-22 19:10:49:151</time></pt><pt><x>1550</x><y>359</y><time>13-01-22 19:10:49:634</time></pt><pt><x>1552</x><y>376</y><time>13-01-22 19:10:50:047</time></pt><pt><x>1530</x><y>383</y><time>13-01-22 19:10:50:358</time></pt><pt><x>1502</x><y>387</y><time>13-01-22 19:10:50:612</time></pt><pt><x>1467</x><y>391</y><time>13-01-22 19:10:50:860</time></pt><pt><x>1421</x><y>394</y><time>13-01-22 19:10:51:113</time></pt><pt><x>1380</x><y>394</y><time>13-01-22 19:10:51:392</time></pt><pt><x>1342</x><y>383</y><time>13-01-22 19:10:51:776</time></pt><closed_date>13-01-22 19:10:52:046</closed_date></polygon></object><object><name>restoration</name><deleted>0</deleted><verified>0</verified><occluded>no</occluded><attributes /><parts><hasparts /><ispartof>5</ispartof></parts><date>13-01-22 19:11:05:628</date><id>13</id><polygon><username>anonymous</username><pt><x>1161</x><y>693</y><time>13-01-22 19:10:56:149</time></pt><pt><x>1192</x><y>717</y><time>13-01-22 19:10:56:529</time></pt><pt><x>1224</x><y>724</y><time>13-01-22 19:10:56:844</time></pt><pt><x>1270</x><y>743</y><time>13-01-22 19:10:57:115</time></pt><pt><x>1323</x><y>756</y><time>13-01-22 19:10:57:401</time></pt><pt><x>1377</x><y>750</y><time>13-01-22 19:10:57:951</time></pt><pt><x>1380</x><y>717</y><time>13-01-22 19:10:58:301</time></pt><pt><x>1395</x><y>673</y><time>13-01-22 19:10:58:741</time></pt><pt><x>1417</x><y>660</y><time>13-01-22 19:10:59:020</time></pt><pt><x>1443</x><y>632</y><time>13-01-22 19:10:59:318</time></pt><pt><x>1467</x><y>595</y><time>13-01-22 19:10:59:576</time></pt><pt><x>1467</x><y>573</y><time>13-01-22 19:10:59:996</time></pt><pt><x>1362</x><y>588</y><time>13-01-22 19:11:00:879</time></pt><pt><x>1321</x><y>608</y><time>13-01-22 19:11:01:334</time></pt><pt><x>1288</x><y>617</y><time>13-01-22 19:11:01:613</time></pt><pt><x>1259</x><y>617</y><time>13-01-22 19:11:01:835</time></pt><pt><x>1222</x><y>621</y><time>13-01-22 19:11:02:060</time></pt><pt><x>1172</x><y>652</y><time>13-01-22 19:11:02:421</time></pt><closed_date>13-01-22 19:11:02:694</closed_date></polygon></object><object><name>restoration</name><deleted>0</deleted><verified>0</verified><occluded>no</occluded><attributes /><parts><hasparts /><ispartof>6</ispartof></parts><date>13-01-22 19:11:23:414</date><id>14</id><polygon><username>anonymous</username><pt><x>719</x><y>859</y><time>13-01-22 19:11:13:285</time></pt><pt><x>778</x><y>868</y><time>13-01-22 19:11:13:899</time></pt><pt><x>794</x><y>848</y><time>13-01-22 19:11:14:208</time></pt><pt><x>822</x><y>818</y><time>13-01-22 19:11:14:483</time></pt><pt><x>853</x><y>800</y><time>13-01-22 19:11:14:721</time></pt><pt><x>916</x><y>781</y><time>13-01-22 19:11:14:994</time></pt><pt><x>958</x><y>767</y><time>13-01-22 19:11:15:256</time></pt><pt><x>984</x><y>739</y><time>13-01-22 19:11:15:495</time></pt><pt><x>1010</x><y>686</y><time>13-01-22 19:11:15:751</time></pt><pt><x>1028</x><y>647</y><time>13-01-22 19:11:16:011</time></pt><pt><x>1001</x><y>652</y><time>13-01-22 19:11:16:323</time></pt><pt><x>982</x><y>647</y><time>13-01-22 19:11:16:589</time></pt><pt><x>962</x><y>630</y><time>13-01-22 19:11:16:831</time></pt><pt><x>905</x><y>660</y><time>13-01-22 19:11:17:097</time></pt><pt><x>864</x><y>667</y><time>13-01-22 19:11:17:500</time></pt><pt><x>833</x><y>665</y><time>13-01-22 19:11:17:822</time></pt><pt><x>789</x><y>676</y><time>13-01-22 19:11:18:058</time></pt><pt><x>739</x><y>691</y><time>13-01-22 19:11:18:283</time></pt><pt><x>702</x><y>719</y><time>13-01-22 19:11:18:531</time></pt><pt><x>665</x><y>741</y><time>13-01-22 19:11:18:772</time></pt><pt><x>649</x><y>763</y><time>13-01-22 19:11:19:047</time></pt><pt><x>649</x><y>800</y><time>13-01-22 19:11:19:292</time></pt><pt><x>654</x><y>835</y><time>13-01-22 19:11:19:536</time></pt><pt><x>684</x><y>853</y><time>13-01-22 19:11:19:789</time></pt><closed_date>13-01-22 19:11:20:010</closed_date></polygon></object><object><name>restoration</name><deleted>0</deleted><verified>0</verified><occluded>no</occluded><attributes /><parts><hasparts /><ispartof>7</ispartof></parts><date>13-01-22 19:11:31:468</date><id>15</id><polygon><username>anonymous</username><pt><x>442</x><y>715</y><time>13-01-22 19:11:24:144</time></pt><pt><x>468</x><y>739</y><time>13-01-22 19:11:24:540</time></pt><pt><x>509</x><y>737</y><time>13-01-22 19:11:24:888</time></pt><pt><x>536</x><y>743</y><time>13-01-22 19:11:25:198</time></pt><pt><x>555</x><y>756</y><time>13-01-22 19:11:25:470</time></pt><pt><x>575</x><y>767</y><time>13-01-22 19:11:25:782</time></pt><pt><x>595</x><y>763</y><time>13-01-22 19:11:26:096</time></pt><pt><x>608</x><y>739</y><time>13-01-22 19:11:26:383</time></pt><pt><x>619</x><y>711</y><time>13-01-22 19:11:26:694</time></pt><pt><x>592</x><y>708</y><time>13-01-22 19:11:27:288</time></pt><pt><x>568</x><y>702</y><time>13-01-22 19:11:27:602</time></pt><pt><x>536</x><y>697</y><time>13-01-22 19:11:27:847</time></pt><pt><x>501</x><y>702</y><time>13-01-22 19:11:28:089</time></pt><pt><x>470</x><y>704</y><time>13-01-22 19:11:28:328</time></pt><closed_date>13-01-22 19:11:28:548</closed_date></polygon></object><imagesize><nrows /><ncols /></imagesize></annotation>