<annotation><filename>imagem-148.jpg</filename><folder>segmentation_xray</folder><source><sourceImage>The MIT-CSAIL database of objects and scenes</sourceImage><sourceAnnotation>LabelMe Webtool</sourceAnnotation></source><object><name>tooth</name><deleted>0</deleted><verified>0</verified><occluded>no</occluded><attributes>28</attributes><parts><hasparts /><ispartof /></parts><date>14-12-21 14:53:32:223</date><id>0</id><type>bounding_box</type><polygon><username>anonymous</username><pt><x>820</x><y>397</y><time>14-12-21 14:53:21:084</time></pt><pt><x>1124</x><y>397</y><time>14-12-21 14:53:25:206</time></pt><pt><x>1124</x><y>22</y><time>undefined</time></pt><pt><x>820</x><y>22</y><time>undefined</time></pt><closed_date>14-12-21 14:53:25:207</closed_date></polygon></object><object><name>tooth</name><deleted>0</deleted><verified>0</verified><occluded>no</occluded><attributes>27</attributes><parts><hasparts /><ispartof /></parts><date>14-12-21 14:53:47:481</date><id>1</id><type>bounding_box</type><polygon><username>anonymous</username><pt><x>534</x><y>372</y><time>14-12-21 14:53:36:669</time></pt><pt><x>846</x><y>372</y><time>14-12-21 14:53:43:489</time></pt><pt><x>846</x><y>2</y><time>undefined</time></pt><pt><x>534</x><y>2</y><time>undefined</time></pt><closed_date>14-12-21 14:53:43:490</closed_date></polygon></object><object><name>tooth</name><deleted>0</deleted><verified>0</verified><occluded>no</occluded><attributes>26</attributes><parts><hasparts>9</hasparts><ispartof /></parts><date>14-12-21 14:53:59:100</date><id>2</id><type>bounding_box</type><polygon><username>anonymous</username><pt><x>209</x><y>357</y><time>14-12-21 14:53:50:430</time></pt><pt><x>564</x><y>357</y><time>14-12-21 14:53:54:074</time></pt><pt><x>564</x><y>0</y><time>undefined</time></pt><pt><x>209</x><y>0</y><time>undefined</time></pt><closed_date>14-12-21 14:53:54:074</closed_date></polygon></object><imagesize><nrows /><ncols /></imagesize><object><name>tooth</name><deleted>0</deleted><verified>0</verified><occluded>no</occluded><attributes>25</attributes><parts><hasparts /><ispartof /></parts><date>14-12-21 14:55:05:601</date><id>3</id><type>bounding_box</type><polygon><username>anonymous</username><pt><x>8</x><y>362</y><time>14-12-21 14:54:16:666</time></pt><pt><x>222</x><y>362</y><time>14-12-21 14:54:19:872</time></pt><pt><x>222</x><y>8</y><time>undefined</time></pt><pt><x>8</x><y>8</y><time>undefined</time></pt><closed_date>14-12-21 14:54:19:873</closed_date></polygon></object><object><name>tooth</name><deleted>0</deleted><verified>0</verified><occluded>no</occluded><attributes>34</attributes><parts><hasparts /><ispartof /></parts><date>14-12-21 14:55:23:576</date><id>4</id><type>bounding_box</type><polygon><username>anonymous</username><pt><x>3</x><y>417</y><time>14-12-21 14:55:12:067</time></pt><pt><x>137</x><y>417</y><time>14-12-21 14:55:14:700</time></pt><pt><x>137</x><y>917</y><time>undefined</time></pt><pt><x>3</x><y>917</y><time>undefined</time></pt><closed_date>14-12-21 14:55:14:701</closed_date></polygon></object><object><name>tooth</name><deleted>0</deleted><verified>0</verified><occluded>no</occluded><attributes>35</attributes><parts><hasparts /><ispartof /></parts><date>14-12-21 14:55:38:967</date><id>5</id><type>bounding_box</type><polygon><username>anonymous</username><pt><x>369</x><y>432</y><time>14-12-21 14:55:27:829</time></pt><pt><x>142</x><y>432</y><time>14-12-21 14:55:32:270</time></pt><pt><x>142</x><y>943</y><time>undefined</time></pt><pt><x>369</x><y>943</y><time>undefined</time></pt><closed_date>14-12-21 14:55:32:271</closed_date></polygon></object><object><name>tooth</name><deleted>0</deleted><verified>0</verified><occluded>no</occluded><attributes>36</attributes><parts><hasparts>10</hasparts><ispartof /></parts><date>14-12-21 14:55:50:635</date><id>6</id><type>bounding_box</type><polygon><username>anonymous</username><pt><x>374</x><y>444</y><time>14-12-21 14:55:40:167</time></pt><pt><x>710</x><y>444</y><time>14-12-21 14:55:45:865</time></pt><pt><x>710</x><y>947</y><time>undefined</time></pt><pt><x>374</x><y>947</y><time>undefined</time></pt><closed_date>14-12-21 14:55:45:865</closed_date></polygon></object><object><name>tooth</name><deleted>0</deleted><verified>0</verified><occluded>no</occluded><attributes>37</attributes><parts><hasparts /><ispartof /></parts><date>14-12-21 14:56:07:224</date><id>7</id><type>bounding_box</type><polygon><username>anonymous</username><pt><x>700</x><y>416</y><time>14-12-21 14:55:54:327</time></pt><pt><x>1062</x><y>416</y><time>14-12-21 14:56:01:397</time></pt><pt><x>1062</x><y>942</y><time>undefined</time></pt><pt><x>700</x><y>942</y><time>undefined</time></pt><closed_date>14-12-21 14:56:01:397</closed_date></polygon></object><object><name>tooth</name><deleted>0</deleted><verified>0</verified><occluded>no</occluded><attributes>38</attributes><parts><hasparts /><ispartof /></parts><date>14-12-21 14:56:20:652</date><id>8</id><type>bounding_box</type><polygon><username>anonymous</username><pt><x>938</x><y>534</y><time>14-12-21 14:56:12:439</time></pt><pt><x>1217</x><y>534</y><time>14-12-21 14:56:15:609</time></pt><pt><x>1217</x><y>918</y><time>undefined</time></pt><pt><x>938</x><y>918</y><time>undefined</time></pt><closed_date>14-12-21 14:56:15:610</closed_date></polygon></object><object><name>restoration</name><deleted>0</deleted><verified>0</verified><occluded>no</occluded><attributes /><parts><hasparts /><ispartof>2</ispartof></parts><date>14-12-21 14:57:03:082</date><id>9</id><polygon><username>anonymous</username><pt><x>311</x><y>294</y><time>14-12-21 14:56:23:927</time></pt><pt><x>316</x><y>265</y><time>14-12-21 14:56:24:481</time></pt><pt><x>327</x><y>255</y><time>14-12-21 14:56:25:200</time></pt><pt><x>332</x><y>254</y><time>14-12-21 14:56:27:413</time></pt><pt><x>342</x><y>217</y><time>14-12-21 14:56:28:556</time></pt><pt><x>356</x><y>215</y><time>14-12-21 14:56:29:162</time></pt><pt><x>371</x><y>210</y><time>14-12-21 14:56:29:887</time></pt><pt><x>387</x><y>217</y><time>14-12-21 14:56:30:464</time></pt><pt><x>404</x><y>234</y><time>14-12-21 14:56:31:036</time></pt><pt><x>416</x><y>247</y><time>14-12-21 14:56:31:725</time></pt><pt><x>417</x><y>224</y><time>14-12-21 14:56:33:618</time></pt><pt><x>444</x><y>207</y><time>14-12-21 14:56:34:531</time></pt><pt><x>474</x><y>200</y><time>14-12-21 14:56:41:146</time></pt><pt><x>513</x><y>215</y><time>14-12-21 14:56:44:988</time></pt><pt><x>518</x><y>234</y><time>14-12-21 14:56:45:859</time></pt><pt><x>529</x><y>250</y><time>14-12-21 14:56:46:579</time></pt><pt><x>531</x><y>275</y><time>14-12-21 14:56:47:261</time></pt><pt><x>531</x><y>294</y><time>14-12-21 14:56:47:692</time></pt><pt><x>518</x><y>311</y><time>14-12-21 14:56:48:528</time></pt><pt><x>503</x><y>327</y><time>14-12-21 14:56:49:034</time></pt><pt><x>481</x><y>324</y><time>14-12-21 14:56:54:801</time></pt><pt><x>451</x><y>316</y><time>14-12-21 14:56:55:502</time></pt><pt><x>427</x><y>316</y><time>14-12-21 14:56:56:026</time></pt><pt><x>411</x><y>316</y><time>14-12-21 14:56:56:383</time></pt><pt><x>392</x><y>311</y><time>14-12-21 14:56:56:766</time></pt><pt><x>367</x><y>307</y><time>14-12-21 14:56:57:585</time></pt><pt><x>352</x><y>307</y><time>14-12-21 14:56:58:018</time></pt><pt><x>339</x><y>309</y><time>14-12-21 14:56:58:310</time></pt><pt><x>324</x><y>307</y><time>14-12-21 14:56:58:635</time></pt><closed_date>14-12-21 14:56:58:943</closed_date></polygon></object><object><name>restoration</name><deleted>0</deleted><verified>0</verified><occluded>no</occluded><attributes /><parts><hasparts /><ispartof>6</ispartof></parts><date>14-12-21 14:57:25:526</date><id>10</id><polygon><username>anonymous</username><pt><x>431</x><y>513</y><time>14-12-21 14:57:05:747</time></pt><pt><x>462</x><y>543</y><time>14-12-21 14:57:06:746</time></pt><pt><x>489</x><y>544</y><time>14-12-21 14:57:07:298</time></pt><pt><x>506</x><y>544</y><time>14-12-21 14:57:07:709</time></pt><pt><x>513</x><y>544</y><time>14-12-21 14:57:08:008</time></pt><pt><x>521</x><y>548</y><time>14-12-21 14:57:08:329</time></pt><pt><x>533</x><y>548</y><time>14-12-21 14:57:08:601</time></pt><pt><x>551</x><y>543</y><time>14-12-21 14:57:08:901</time></pt><pt><x>563</x><y>534</y><time>14-12-21 14:57:09:227</time></pt><pt><x>576</x><y>534</y><time>14-12-21 14:57:09:524</time></pt><pt><x>588</x><y>538</y><time>14-12-21 14:57:09:798</time></pt><pt><x>603</x><y>536</y><time>14-12-21 14:57:10:101</time></pt><pt><x>621</x><y>531</y><time>14-12-21 14:57:10:387</time></pt><pt><x>643</x><y>534</y><time>14-12-21 14:57:14:122</time></pt><pt><x>656</x><y>513</y><time>14-12-21 14:57:14:657</time></pt><pt><x>656</x><y>498</y><time>14-12-21 14:57:15:173</time></pt><pt><x>656</x><y>474</y><time>14-12-21 14:57:15:588</time></pt><pt><x>646</x><y>469</y><time>14-12-21 14:57:16:266</time></pt><pt><x>626</x><y>471</y><time>14-12-21 14:57:16:676</time></pt><pt><x>614</x><y>472</y><time>14-12-21 14:57:16:991</time></pt><pt><x>604</x><y>474</y><time>14-12-21 14:57:17:240</time></pt><pt><x>591</x><y>479</y><time>14-12-21 14:57:17:573</time></pt><pt><x>578</x><y>483</y><time>14-12-21 14:57:17:902</time></pt><pt><x>564</x><y>486</y><time>14-12-21 14:57:18:144</time></pt><pt><x>546</x><y>488</y><time>14-12-21 14:57:18:697</time></pt><pt><x>541</x><y>481</y><time>14-12-21 14:57:19:025</time></pt><pt><x>533</x><y>474</y><time>14-12-21 14:57:19:302</time></pt><pt><x>528</x><y>472</y><time>14-12-21 14:57:19:532</time></pt><pt><x>521</x><y>472</y><time>14-12-21 14:57:19:783</time></pt><pt><x>506</x><y>474</y><time>14-12-21 14:57:20:263</time></pt><pt><x>494</x><y>481</y><time>14-12-21 14:57:20:583</time></pt><pt><x>491</x><y>488</y><time>14-12-21 14:57:20:862</time></pt><pt><x>479</x><y>491</y><time>14-12-21 14:57:21:114</time></pt><pt><x>461</x><y>491</y><time>14-12-21 14:57:21:398</time></pt><pt><x>444</x><y>491</y><time>14-12-21 14:57:21:699</time></pt><pt><x>434</x><y>496</y><time>14-12-21 14:57:21:995</time></pt><closed_date>14-12-21 14:57:22:277</closed_date></polygon></object></annotation>