<annotation><filename>imagem-054.jpg</filename><folder>segmentation_xray</folder><source><sourceImage>The MIT-CSAIL database of objects and scenes</sourceImage><sourceAnnotation>LabelMe Webtool</sourceAnnotation></source><object><name>tooth</name><deleted>0</deleted><verified>0</verified><occluded>no</occluded><attributes>17</attributes><parts><hasparts /><ispartof /></parts><date>14-01-22 14:41:34:637</date><id>0</id><type>bounding_box</type><polygon><username>anonymous</username><pt><x>125</x><y>526</y><time>14-01-22 14:41:23:288</time></pt><pt><x>547</x><y>526</y><time>14-01-22 14:41:26:623</time></pt><pt><x>547</x><y>13</y><time>undefined</time></pt><pt><x>125</x><y>13</y><time>undefined</time></pt><closed_date>14-01-22 14:41:26:624</closed_date></polygon></object><object><name>tooth</name><deleted>0</deleted><verified>0</verified><occluded>no</occluded><attributes>16</attributes><parts><hasparts /><ispartof /></parts><date>14-01-22 14:41:44:052</date><id>1</id><type>bounding_box</type><polygon><username>anonymous</username><pt><x>1014</x><y>523</y><time>14-01-22 14:41:37:337</time></pt><pt><x>552</x><y>523</y><time>14-01-22 14:41:39:592</time></pt><pt><x>552</x><y>11</y><time>undefined</time></pt><pt><x>1014</x><y>11</y><time>undefined</time></pt><closed_date>14-01-22 14:41:39:592</closed_date></polygon></object><object><name>tooth</name><deleted>0</deleted><verified>0</verified><occluded>no</occluded><attributes>15</attributes><parts><hasparts /><ispartof /></parts><date>14-01-22 14:41:53:723</date><id>2</id><type>bounding_box</type><polygon><username>anonymous</username><pt><x>1277</x><y>532</y><time>14-01-22 14:41:46:976</time></pt><pt><x>983</x><y>532</y><time>14-01-22 14:41:48:767</time></pt><pt><x>983</x><y>22</y><time>undefined</time></pt><pt><x>1277</x><y>22</y><time>undefined</time></pt><closed_date>14-01-22 14:41:48:767</closed_date></polygon></object><object><name>tooth</name><deleted>0</deleted><verified>0</verified><occluded>no</occluded><attributes>14</attributes><parts><hasparts /><ispartof /></parts><date>14-01-22 14:42:01:282</date><id>3</id><type>bounding_box</type><polygon><username>anonymous</username><pt><x>1566</x><y>543</y><time>14-01-22 14:41:56:921</time></pt><pt><x>1246</x><y>543</y><time>14-01-22 14:41:58:407</time></pt><pt><x>1246</x><y>9</y><time>undefined</time></pt><pt><x>1566</x><y>9</y><time>undefined</time></pt><closed_date>14-01-22 14:41:58:408</closed_date></polygon></object><object><name>tooth</name><deleted>0</deleted><verified>0</verified><occluded>no</occluded><attributes>44</attributes><parts><hasparts /><ispartof /></parts><date>14-01-22 14:42:08:867</date><id>4</id><type>bounding_box</type><polygon><username>anonymous</username><pt><x>1603</x><y>683</y><time>14-01-22 14:42:02:463</time></pt><pt><x>1417</x><y>683</y><time>14-01-22 14:42:03:607</time></pt><pt><x>1417</x><y>1207</y><time>undefined</time></pt><pt><x>1603</x><y>1207</y><time>undefined</time></pt><closed_date>14-01-22 14:42:03:607</closed_date></polygon></object><object><name>tooth</name><deleted>0</deleted><verified>0</verified><occluded>no</occluded><attributes>45</attributes><parts><hasparts /><ispartof /></parts><date>14-01-22 14:42:15:538</date><id>5</id><type>bounding_box</type><polygon><username>anonymous</username><pt><x>1130</x><y>664</y><time>14-01-22 14:42:10:450</time></pt><pt><x>1419</x><y>664</y><time>14-01-22 14:42:12:367</time></pt><pt><x>1419</x><y>1239</y><time>undefined</time></pt><pt><x>1130</x><y>1239</y><time>undefined</time></pt><closed_date>14-01-22 14:42:12:368</closed_date></polygon></object><object><name>tooth</name><deleted>0</deleted><verified>0</verified><occluded>no</occluded><attributes>46</attributes><parts><hasparts /><ispartof /></parts><date>14-01-22 14:42:23:284</date><id>6</id><type>bounding_box</type><polygon><username>anonymous</username><pt><x>561</x><y>1226</y><time>14-01-22 14:42:17:386</time></pt><pt><x>1137</x><y>1226</y><time>14-01-22 14:42:19:759</time></pt><pt><x>1137</x><y>620</y><time>undefined</time></pt><pt><x>561</x><y>620</y><time>undefined</time></pt><closed_date>14-01-22 14:42:19:760</closed_date></polygon></object><object><name>tooth</name><deleted>0</deleted><verified>0</verified><occluded>no</occluded><attributes>47</attributes><parts><hasparts>8</hasparts><ispartof /></parts><date>14-01-22 14:42:33:027</date><id>7</id><type>bounding_box</type><polygon><username>anonymous</username><pt><x>129</x><y>1235</y><time>14-01-22 14:42:26:752</time></pt><pt><x>655</x><y>1235</y><time>14-01-22 14:42:28:984</time></pt><pt><x>655</x><y>558</y><time>undefined</time></pt><pt><x>129</x><y>558</y><time>undefined</time></pt><closed_date>14-01-22 14:42:28:984</closed_date></polygon></object><object><name>restoration</name><deleted>0</deleted><verified>0</verified><occluded>no</occluded><attributes /><parts><hasparts /><ispartof>7</ispartof></parts><date>14-01-22 14:44:24:124</date><id>8</id><polygon><username>anonymous</username><pt><x>403</x><y>664</y><time>14-01-22 14:44:17:050</time></pt><pt><x>401</x><y>694</y><time>14-01-22 14:44:20:025</time></pt><pt><x>429</x><y>712</y><time>14-01-22 14:44:20:400</time></pt><pt><x>440</x><y>705</y><time>14-01-22 14:44:20:728</time></pt><pt><x>455</x><y>683</y><time>14-01-22 14:44:21:089</time></pt><pt><x>458</x><y>657</y><time>14-01-22 14:44:21:417</time></pt><pt><x>431</x><y>657</y><time>14-01-22 14:44:21:768</time></pt><closed_date>14-01-22 14:44:22:016</closed_date></polygon></object><imagesize><nrows /><ncols /></imagesize></annotation>