<annotation><filename>imagem-064.jpg</filename><folder>segmentation_xray</folder><source><sourceImage>The MIT-CSAIL database of objects and scenes</sourceImage><sourceAnnotation>LabelMe Webtool</sourceAnnotation></source><object><name>tooth</name><deleted>0</deleted><verified>0</verified><occluded>no</occluded><attributes>38</attributes><parts><hasparts /><ispartof /></parts><date>13-12-21 18:03:04:862</date><id>0</id><type>bounding_box</type><polygon><username>anonymous</username><pt><x>1607</x><y>384</y><time>13-12-21 18:02:58:416</time></pt><pt><x>1354</x><y>384</y><time>13-12-21 18:03:00:994</time></pt><pt><x>1354</x><y>1082</y><time>undefined</time></pt><pt><x>1607</x><y>1082</y><time>undefined</time></pt><closed_date>13-12-21 18:03:00:994</closed_date></polygon></object><object><name>tooth</name><deleted>0</deleted><verified>0</verified><occluded>no</occluded><attributes>37</attributes><parts><hasparts>13,14</hasparts><ispartof /></parts><date>13-12-21 18:03:13:806</date><id>1</id><type>bounding_box</type><polygon><username>anonymous</username><pt><x>898</x><y>562</y><time>13-12-21 18:03:08:463</time></pt><pt><x>1484</x><y>562</y><time>13-12-21 18:03:10:178</time></pt><pt><x>1484</x><y>1220</y><time>undefined</time></pt><pt><x>898</x><y>1220</y><time>undefined</time></pt><closed_date>13-12-21 18:03:10:178</closed_date></polygon></object><object><name>tooth</name><deleted>0</deleted><verified>0</verified><occluded>no</occluded><attributes>36</attributes><parts><hasparts>15,16</hasparts><ispartof /></parts><date>13-12-21 18:03:22:463</date><id>2</id><type>bounding_box</type><polygon><username>anonymous</username><pt><x>443</x><y>648</y><time>13-12-21 18:03:14:922</time></pt><pt><x>939</x><y>648</y><time>13-12-21 18:03:16:922</time></pt><pt><x>939</x><y>1231</y><time>undefined</time></pt><pt><x>443</x><y>1231</y><time>undefined</time></pt><closed_date>13-12-21 18:03:16:923</closed_date></polygon></object><object><name>tooth</name><deleted>0</deleted><verified>0</verified><occluded>no</occluded><attributes>35</attributes><parts><hasparts /><ispartof /></parts><date>13-12-21 18:03:37:657</date><id>3</id><type>bounding_box</type><polygon><username>anonymous</username><pt><x>138</x><y>634</y><time>13-12-21 18:03:30:979</time></pt><pt><x>483</x><y>634</y><time>13-12-21 18:03:32:547</time></pt><pt><x>483</x><y>1238</y><time>undefined</time></pt><pt><x>138</x><y>1238</y><time>undefined</time></pt><closed_date>13-12-21 18:03:32:547</closed_date></polygon></object><object><name>tooth</name><deleted>0</deleted><verified>0</verified><occluded>no</occluded><attributes>34</attributes><parts><hasparts /><ispartof /></parts><date>13-12-21 18:03:46:918</date><id>4</id><type>bounding_box</type><polygon><username>anonymous</username><pt><x>2</x><y>632</y><time>13-12-21 18:03:39:212</time></pt><pt><x>167</x><y>632</y><time>13-12-21 18:03:42:779</time></pt><pt><x>167</x><y>1212</y><time>undefined</time></pt><pt><x>2</x><y>1212</y><time>undefined</time></pt><closed_date>13-12-21 18:03:42:779</closed_date></polygon></object><object><name>tooth</name><deleted>0</deleted><verified>0</verified><occluded>no</occluded><attributes>28</attributes><parts><hasparts /><ispartof /></parts><date>13-12-21 18:03:59:752</date><id>5</id><type>bounding_box</type><polygon><username>anonymous</username><pt><x>1326</x><y>9</y><time>13-12-21 18:03:50:749</time></pt><pt><x>1609</x><y>9</y><time>13-12-21 18:03:53:244</time></pt><pt><x>1609</x><y>448</y><time>undefined</time></pt><pt><x>1326</x><y>448</y><time>undefined</time></pt><closed_date>13-12-21 18:03:53:244</closed_date></polygon></object><object><name>tooth</name><deleted>0</deleted><verified>0</verified><occluded>no</occluded><attributes>27</attributes><parts><hasparts>12</hasparts><ispartof /></parts><date>13-12-21 18:04:19:908</date><id>6</id><type>bounding_box</type><polygon><username>anonymous</username><pt><x>900</x><y>22</y><time>13-12-21 18:04:05:091</time></pt><pt><x>1339</x><y>22</y><time>13-12-21 18:04:07:339</time></pt><pt><x>1339</x><y>516</y><time>undefined</time></pt><pt><x>900</x><y>516</y><time>undefined</time></pt><closed_date>13-12-21 18:04:07:339</closed_date></polygon></object><object><name>tooth</name><deleted>0</deleted><verified>0</verified><occluded>no</occluded><attributes>26</attributes><parts><hasparts /><ispartof /></parts><date>13-12-21 18:04:32:457</date><id>7</id><type>bounding_box</type><polygon><username>anonymous</username><pt><x>465</x><y>553</y><time>13-12-21 18:04:21:261</time></pt><pt><x>915</x><y>553</y><time>13-12-21 18:04:24:900</time></pt><pt><x>915</x><y>26</y><time>undefined</time></pt><pt><x>465</x><y>26</y><time>undefined</time></pt><closed_date>13-12-21 18:04:24:900</closed_date></polygon></object><object><name>tooth</name><deleted>0</deleted><verified>0</verified><occluded>no</occluded><attributes>25</attributes><parts><hasparts>10,11</hasparts><ispartof /></parts><date>13-12-21 18:04:46:912</date><id>8</id><type>bounding_box</type><polygon><username>anonymous</username><pt><x>187</x><y>553</y><time>13-12-21 18:04:39:981</time></pt><pt><x>527</x><y>553</y><time>13-12-21 18:04:41:740</time></pt><pt><x>527</x><y>9</y><time>undefined</time></pt><pt><x>187</x><y>9</y><time>undefined</time></pt><closed_date>13-12-21 18:04:41:740</closed_date></polygon></object><object><name>tooth</name><deleted>0</deleted><verified>0</verified><occluded>no</occluded><attributes>24</attributes><parts><hasparts /><ispartof /></parts><date>13-12-21 18:04:58:418</date><id>9</id><type>bounding_box</type><polygon><username>anonymous</username><pt><x>7</x><y>544</y><time>13-12-21 18:04:48:052</time></pt><pt><x>268</x><y>544</y><time>13-12-21 18:04:49:692</time></pt><pt><x>268</x><y>13</y><time>undefined</time></pt><pt><x>7</x><y>13</y><time>undefined</time></pt><closed_date>13-12-21 18:04:49:692</closed_date></polygon></object><object><name>root canal treatment</name><deleted>0</deleted><verified>0</verified><occluded>no</occluded><attributes /><parts><hasparts /><ispartof>8</ispartof></parts><date>13-12-21 20:25:58:947</date><id>10</id><polygon><username>anonymous</username><pt><x>331</x><y>307</y><time>13-12-21 20:25:36:201</time></pt><pt><x>331</x><y>263</y><time>13-12-21 20:25:36:687</time></pt><pt><x>338</x><y>230</y><time>13-12-21 20:25:37:087</time></pt><pt><x>349</x><y>209</y><time>13-12-21 20:25:37:415</time></pt><pt><x>358</x><y>180</y><time>13-12-21 20:25:37:727</time></pt><pt><x>367</x><y>147</y><time>13-12-21 20:25:38:031</time></pt><pt><x>378</x><y>108</y><time>13-12-21 20:25:38:351</time></pt><pt><x>384</x><y>81</y><time>13-12-21 20:25:38:647</time></pt><pt><x>393</x><y>40</y><time>13-12-21 20:25:39:015</time></pt><pt><x>402</x><y>26</y><time>13-12-21 20:25:39:374</time></pt><pt><x>415</x><y>11</y><time>13-12-21 20:25:39:887</time></pt><pt><x>413</x><y>37</y><time>13-12-21 20:25:40:951</time></pt><pt><x>402</x><y>68</y><time>13-12-21 20:25:41:231</time></pt><pt><x>402</x><y>94</y><time>13-12-21 20:25:41:542</time></pt><pt><x>400</x><y>114</y><time>13-12-21 20:25:41:823</time></pt><pt><x>404</x><y>136</y><time>13-12-21 20:25:42:257</time></pt><pt><x>406</x><y>143</y><time>13-12-21 20:25:42:560</time></pt><pt><x>413</x><y>97</y><time>13-12-21 20:25:42:991</time></pt><pt><x>426</x><y>66</y><time>13-12-21 20:25:43:255</time></pt><pt><x>432</x><y>48</y><time>13-12-21 20:25:43:535</time></pt><pt><x>443</x><y>31</y><time>13-12-21 20:25:43:847</time></pt><pt><x>474</x><y>26</y><time>13-12-21 20:25:44:945</time></pt><pt><x>470</x><y>53</y><time>13-12-21 20:25:45:233</time></pt><pt><x>463</x><y>81</y><time>13-12-21 20:25:45:535</time></pt><pt><x>452</x><y>140</y><time>13-12-21 20:25:50:151</time></pt><pt><x>437</x><y>173</y><time>13-12-21 20:25:50:671</time></pt><pt><x>435</x><y>200</y><time>13-12-21 20:25:51:174</time></pt><pt><x>428</x><y>248</y><time>13-12-21 20:25:51:751</time></pt><pt><x>421</x><y>279</y><time>13-12-21 20:25:52:111</time></pt><pt><x>419</x><y>294</y><time>13-12-21 20:25:52:399</time></pt><pt><x>413</x><y>303</y><time>13-12-21 20:25:52:678</time></pt><pt><x>408</x><y>312</y><time>13-12-21 20:25:52:991</time></pt><pt><x>373</x><y>316</y><time>13-12-21 20:25:53:239</time></pt><pt><x>364</x><y>316</y><time>13-12-21 20:25:53:647</time></pt><closed_date>13-12-21 20:25:53:991</closed_date></polygon></object><object><name>restoration</name><deleted>0</deleted><verified>0</verified><occluded>no</occluded><attributes /><parts><hasparts /><ispartof>8</ispartof></parts><date>13-12-21 20:26:18:324</date><id>11</id><polygon><username>anonymous</username><pt><x>329</x><y>314</y><time>13-12-21 20:26:00:281</time></pt><pt><x>310</x><y>329</y><time>13-12-21 20:26:00:655</time></pt><pt><x>290</x><y>342</y><time>13-12-21 20:26:00:975</time></pt><pt><x>283</x><y>360</y><time>13-12-21 20:26:01:255</time></pt><pt><x>270</x><y>373</y><time>13-12-21 20:26:01:511</time></pt><pt><x>255</x><y>369</y><time>13-12-21 20:26:01:791</time></pt><pt><x>239</x><y>360</y><time>13-12-21 20:26:02:007</time></pt><pt><x>220</x><y>367</y><time>13-12-21 20:26:02:263</time></pt><pt><x>217</x><y>367</y><time>13-12-21 20:26:02:487</time></pt><pt><x>211</x><y>353</y><time>13-12-21 20:26:02:791</time></pt><pt><x>193</x><y>371</y><time>13-12-21 20:26:03:111</time></pt><pt><x>193</x><y>406</y><time>13-12-21 20:26:03:481</time></pt><pt><x>195</x><y>430</y><time>13-12-21 20:26:03:761</time></pt><pt><x>198</x><y>461</y><time>13-12-21 20:26:04:014</time></pt><pt><x>222</x><y>485</y><time>13-12-21 20:26:04:294</time></pt><pt><x>235</x><y>500</y><time>13-12-21 20:26:04:558</time></pt><pt><x>248</x><y>527</y><time>13-12-21 20:26:04:831</time></pt><pt><x>270</x><y>542</y><time>13-12-21 20:26:05:242</time></pt><pt><x>294</x><y>558</y><time>13-12-21 20:26:05:631</time></pt><pt><x>299</x><y>558</y><time>13-12-21 20:26:05:903</time></pt><pt><x>318</x><y>558</y><time>13-12-21 20:26:06:134</time></pt><pt><x>331</x><y>551</y><time>13-12-21 20:26:06:375</time></pt><pt><x>356</x><y>544</y><time>13-12-21 20:26:06:686</time></pt><pt><x>369</x><y>536</y><time>13-12-21 20:26:07:063</time></pt><pt><x>389</x><y>531</y><time>13-12-21 20:26:07:297</time></pt><pt><x>402</x><y>522</y><time>13-12-21 20:26:07:503</time></pt><pt><x>413</x><y>496</y><time>13-12-21 20:26:07:919</time></pt><pt><x>421</x><y>485</y><time>13-12-21 20:26:08:159</time></pt><pt><x>452</x><y>498</y><time>13-12-21 20:26:08:610</time></pt><pt><x>468</x><y>500</y><time>13-12-21 20:26:08:879</time></pt><pt><x>470</x><y>496</y><time>13-12-21 20:26:10:159</time></pt><pt><x>474</x><y>470</y><time>13-12-21 20:26:10:431</time></pt><pt><x>476</x><y>448</y><time>13-12-21 20:26:10:719</time></pt><pt><x>479</x><y>417</y><time>13-12-21 20:26:10:975</time></pt><pt><x>479</x><y>380</y><time>13-12-21 20:26:11:295</time></pt><pt><x>474</x><y>358</y><time>13-12-21 20:26:11:607</time></pt><pt><x>465</x><y>336</y><time>13-12-21 20:26:11:879</time></pt><pt><x>439</x><y>316</y><time>13-12-21 20:26:12:143</time></pt><pt><x>421</x><y>314</y><time>13-12-21 20:26:12:415</time></pt><pt><x>400</x><y>312</y><time>13-12-21 20:26:12:783</time></pt><pt><x>362</x><y>312</y><time>13-12-21 20:26:13:127</time></pt><closed_date>13-12-21 20:26:13:399</closed_date></polygon></object><object><name>restoration</name><deleted>0</deleted><verified>0</verified><occluded>no</occluded><attributes /><parts><hasparts /><ispartof>6</ispartof></parts><date>13-12-21 20:27:48:697</date><id>12</id><polygon><username>anonymous</username><pt><x>1040</x><y>417</y><time>13-12-21 20:26:21:145</time></pt><pt><x>1049</x><y>391</y><time>13-12-21 20:26:27:991</time></pt><pt><x>1054</x><y>364</y><time>13-12-21 20:26:28:471</time></pt><pt><x>1062</x><y>351</y><time>13-12-21 20:27:25:492</time></pt><pt><x>1062</x><y>323</y><time>13-12-21 20:27:26:013</time></pt><pt><x>1065</x><y>307</y><time>13-12-21 20:27:26:309</time></pt><pt><x>1084</x><y>288</y><time>13-12-21 20:27:26:629</time></pt><pt><x>1093</x><y>285</y><time>13-12-21 20:27:27:037</time></pt><pt><x>1109</x><y>292</y><time>13-12-21 20:27:27:501</time></pt><pt><x>1122</x><y>312</y><time>13-12-21 20:27:29:230</time></pt><pt><x>1126</x><y>342</y><time>13-12-21 20:27:29:861</time></pt><pt><x>1124</x><y>380</y><time>13-12-21 20:27:30:261</time></pt><pt><x>1124</x><y>404</y><time>13-12-21 20:27:30:661</time></pt><pt><x>1130</x><y>415</y><time>13-12-21 20:27:31:309</time></pt><pt><x>1152</x><y>397</y><time>13-12-21 20:27:31:781</time></pt><pt><x>1152</x><y>375</y><time>13-12-21 20:27:32:189</time></pt><pt><x>1161</x><y>367</y><time>13-12-21 20:27:32:525</time></pt><pt><x>1183</x><y>373</y><time>13-12-21 20:27:32:829</time></pt><pt><x>1194</x><y>378</y><time>13-12-21 20:27:33:212</time></pt><pt><x>1203</x><y>389</y><time>13-12-21 20:27:33:493</time></pt><pt><x>1223</x><y>391</y><time>13-12-21 20:27:33:797</time></pt><pt><x>1251</x><y>391</y><time>13-12-21 20:27:34:053</time></pt><pt><x>1262</x><y>393</y><time>13-12-21 20:27:34:317</time></pt><pt><x>1267</x><y>393</y><time>13-12-21 20:27:34:612</time></pt><pt><x>1278</x><y>402</y><time>13-12-21 20:27:35:023</time></pt><pt><x>1284</x><y>410</y><time>13-12-21 20:27:35:342</time></pt><pt><x>1286</x><y>428</y><time>13-12-21 20:27:35:679</time></pt><pt><x>1260</x><y>446</y><time>13-12-21 20:27:36:021</time></pt><pt><x>1242</x><y>452</y><time>13-12-21 20:27:36:348</time></pt><pt><x>1231</x><y>454</y><time>13-12-21 20:27:36:645</time></pt><pt><x>1220</x><y>465</y><time>13-12-21 20:27:36:981</time></pt><pt><x>1209</x><y>474</y><time>13-12-21 20:27:37:276</time></pt><pt><x>1194</x><y>487</y><time>13-12-21 20:27:37:661</time></pt><pt><x>1166</x><y>481</y><time>13-12-21 20:27:38:004</time></pt><pt><x>1146</x><y>476</y><time>13-12-21 20:27:38:445</time></pt><pt><x>1135</x><y>465</y><time>13-12-21 20:27:38:908</time></pt><pt><x>1130</x><y>448</y><time>13-12-21 20:27:39:245</time></pt><pt><x>1122</x><y>428</y><time>13-12-21 20:27:39:693</time></pt><pt><x>1113</x><y>421</y><time>13-12-21 20:27:40:005</time></pt><pt><x>1104</x><y>421</y><time>13-12-21 20:27:40:324</time></pt><pt><x>1087</x><y>435</y><time>13-12-21 20:27:40:637</time></pt><pt><x>1076</x><y>441</y><time>13-12-21 20:27:41:077</time></pt><pt><x>1054</x><y>439</y><time>13-12-21 20:27:42:069</time></pt><pt><x>1051</x><y>435</y><time>13-12-21 20:27:42:365</time></pt><closed_date>13-12-21 20:27:42:644</closed_date></polygon></object><object><name>restoration</name><deleted>0</deleted><verified>0</verified><occluded>no</occluded><attributes /><parts><hasparts /><ispartof>1</ispartof></parts><date>13-12-21 20:28:03:825</date><id>13</id><polygon><username>anonymous</username><pt><x>1104</x><y>595</y><time>13-12-21 20:27:55:502</time></pt><pt><x>1109</x><y>621</y><time>13-12-21 20:27:56:036</time></pt><pt><x>1113</x><y>659</y><time>13-12-21 20:27:56:447</time></pt><pt><x>1113</x><y>674</y><time>13-12-21 20:27:56:813</time></pt><pt><x>1111</x><y>691</y><time>13-12-21 20:27:57:173</time></pt><pt><x>1095</x><y>702</y><time>13-12-21 20:27:57:557</time></pt><pt><x>1073</x><y>700</y><time>13-12-21 20:27:57:949</time></pt><pt><x>1067</x><y>680</y><time>13-12-21 20:27:58:269</time></pt><pt><x>1062</x><y>654</y><time>13-12-21 20:27:58:628</time></pt><pt><x>1062</x><y>637</y><time>13-12-21 20:27:58:925</time></pt><pt><x>1058</x><y>615</y><time>13-12-21 20:27:59:269</time></pt><pt><x>1058</x><y>608</y><time>13-12-21 20:27:59:613</time></pt><pt><x>1058</x><y>597</y><time>13-12-21 20:27:59:965</time></pt><pt><x>1062</x><y>590</y><time>13-12-21 20:28:00:380</time></pt><closed_date>13-12-21 20:28:00:757</closed_date></polygon></object><object><name>restoration</name><deleted>0</deleted><verified>0</verified><occluded>no</occluded><attributes /><parts><hasparts /><ispartof>1</ispartof></parts><date>13-12-21 20:28:19:921</date><id>14</id><polygon><username>anonymous</username><pt><x>1293</x><y>588</y><time>13-12-21 20:28:05:447</time></pt><pt><x>1299</x><y>615</y><time>13-12-21 20:28:05:949</time></pt><pt><x>1297</x><y>639</y><time>13-12-21 20:28:06:237</time></pt><pt><x>1291</x><y>663</y><time>13-12-21 20:28:06:527</time></pt><pt><x>1258</x><y>676</y><time>13-12-21 20:28:06:845</time></pt><pt><x>1236</x><y>680</y><time>13-12-21 20:28:07:173</time></pt><pt><x>1234</x><y>700</y><time>13-12-21 20:28:07:500</time></pt><pt><x>1234</x><y>727</y><time>13-12-21 20:28:07:773</time></pt><pt><x>1227</x><y>764</y><time>13-12-21 20:28:08:191</time></pt><pt><x>1207</x><y>781</y><time>13-12-21 20:28:08:549</time></pt><pt><x>1181</x><y>790</y><time>13-12-21 20:28:08:869</time></pt><pt><x>1161</x><y>790</y><time>13-12-21 20:28:09:149</time></pt><pt><x>1128</x><y>788</y><time>13-12-21 20:28:09:532</time></pt><pt><x>1109</x><y>781</y><time>13-12-21 20:28:09:781</time></pt><pt><x>1087</x><y>770</y><time>13-12-21 20:28:10:036</time></pt><pt><x>1067</x><y>753</y><time>13-12-21 20:28:10:284</time></pt><pt><x>1049</x><y>729</y><time>13-12-21 20:28:10:533</time></pt><pt><x>1032</x><y>716</y><time>13-12-21 20:28:10:764</time></pt><pt><x>1019</x><y>705</y><time>13-12-21 20:28:10:989</time></pt><pt><x>986</x><y>691</y><time>13-12-21 20:28:11:221</time></pt><pt><x>977</x><y>661</y><time>13-12-21 20:28:11:549</time></pt><pt><x>983</x><y>634</y><time>13-12-21 20:28:11:861</time></pt><pt><x>1010</x><y>626</y><time>13-12-21 20:28:12:180</time></pt><pt><x>1040</x><y>619</y><time>13-12-21 20:28:12:493</time></pt><pt><x>1069</x><y>628</y><time>13-12-21 20:28:12:831</time></pt><pt><x>1111</x><y>637</y><time>13-12-21 20:28:13:166</time></pt><pt><x>1150</x><y>639</y><time>13-12-21 20:28:13:428</time></pt><pt><x>1161</x><y>639</y><time>13-12-21 20:28:13:653</time></pt><pt><x>1181</x><y>628</y><time>13-12-21 20:28:13:909</time></pt><pt><x>1205</x><y>612</y><time>13-12-21 20:28:14:173</time></pt><pt><x>1242</x><y>604</y><time>13-12-21 20:28:14:453</time></pt><pt><x>1271</x><y>597</y><time>13-12-21 20:28:14:727</time></pt><closed_date>13-12-21 20:28:14:949</closed_date></polygon></object><object><name>restoration</name><deleted>0</deleted><verified>0</verified><occluded>no</occluded><attributes /><parts><hasparts /><ispartof>2</ispartof></parts><date>13-12-21 20:28:36:881</date><id>15</id><polygon><username>anonymous</username><pt><x>849</x><y>707</y><time>13-12-21 20:28:21:727</time></pt><pt><x>849</x><y>731</y><time>13-12-21 20:28:22:167</time></pt><pt><x>836</x><y>746</y><time>13-12-21 20:28:22:541</time></pt><pt><x>819</x><y>749</y><time>13-12-21 20:28:22:869</time></pt><pt><x>801</x><y>749</y><time>13-12-21 20:28:23:285</time></pt><pt><x>786</x><y>735</y><time>13-12-21 20:28:23:725</time></pt><pt><x>775</x><y>744</y><time>13-12-21 20:28:24:061</time></pt><pt><x>751</x><y>742</y><time>13-12-21 20:28:24:397</time></pt><pt><x>742</x><y>729</y><time>13-12-21 20:28:24:701</time></pt><pt><x>735</x><y>720</y><time>13-12-21 20:28:25:005</time></pt><pt><x>722</x><y>740</y><time>13-12-21 20:28:25:373</time></pt><pt><x>718</x><y>755</y><time>13-12-21 20:28:25:725</time></pt><pt><x>702</x><y>762</y><time>13-12-21 20:28:26:133</time></pt><pt><x>667</x><y>764</y><time>13-12-21 20:28:26:429</time></pt><pt><x>656</x><y>735</y><time>13-12-21 20:28:26:949</time></pt><pt><x>650</x><y>727</y><time>13-12-21 20:28:27:325</time></pt><pt><x>643</x><y>718</y><time>13-12-21 20:28:27:797</time></pt><pt><x>687</x><y>716</y><time>13-12-21 20:28:30:285</time></pt><pt><x>727</x><y>716</y><time>13-12-21 20:28:30:573</time></pt><pt><x>729</x><y>707</y><time>13-12-21 20:28:30:901</time></pt><pt><x>738</x><y>689</y><time>13-12-21 20:28:31:125</time></pt><pt><x>757</x><y>676</y><time>13-12-21 20:28:31:333</time></pt><pt><x>770</x><y>667</y><time>13-12-21 20:28:31:582</time></pt><pt><x>786</x><y>663</y><time>13-12-21 20:28:31:808</time></pt><pt><x>803</x><y>685</y><time>13-12-21 20:28:32:060</time></pt><pt><x>808</x><y>705</y><time>13-12-21 20:28:32:317</time></pt><closed_date>13-12-21 20:28:32:573</closed_date></polygon></object><object><name>restoration</name><deleted>0</deleted><verified>0</verified><occluded>no</occluded><attributes /><parts><hasparts /><ispartof>2</ispartof></parts><date>13-12-21 20:28:43:289</date><id>16</id><polygon><username>anonymous</username><pt><x>621</x><y>680</y><time>13-12-21 20:28:37:710</time></pt><pt><x>619</x><y>707</y><time>13-12-21 20:28:38:013</time></pt><pt><x>621</x><y>729</y><time>13-12-21 20:28:38:349</time></pt><pt><x>608</x><y>738</y><time>13-12-21 20:28:38:631</time></pt><pt><x>599</x><y>740</y><time>13-12-21 20:28:38:893</time></pt><pt><x>588</x><y>733</y><time>13-12-21 20:28:39:165</time></pt><pt><x>580</x><y>720</y><time>13-12-21 20:28:39:445</time></pt><pt><x>577</x><y>698</y><time>13-12-21 20:28:39:717</time></pt><pt><x>580</x><y>676</y><time>13-12-21 20:28:40:013</time></pt><pt><x>590</x><y>665</y><time>13-12-21 20:28:40:301</time></pt><pt><x>610</x><y>661</y><time>13-12-21 20:28:40:573</time></pt><closed_date>13-12-21 20:28:40:853</closed_date></polygon></object><imagesize><nrows /><ncols /></imagesize></annotation>