<annotation><filename>imagem-074.jpg</filename><folder>segmentation_xray</folder><source><sourceImage>The MIT-CSAIL database of objects and scenes</sourceImage><sourceAnnotation>LabelMe Webtool</sourceAnnotation></source><object><name>tooth</name><deleted>0</deleted><verified>0</verified><occluded>no</occluded><attributes>17</attributes><parts><hasparts>11</hasparts><ispartof /></parts><date>16-01-22 20:54:24:321</date><id>0</id><type>bounding_box</type><polygon><username>anonymous</username><pt><x>136</x><y>5</y><time>16-01-22 20:54:18:615</time></pt><pt><x>513</x><y>5</y><time>16-01-22 20:54:20:846</time></pt><pt><x>513</x><y>559</y><time>undefined</time></pt><pt><x>136</x><y>559</y><time>undefined</time></pt><closed_date>16-01-22 20:54:20:846</closed_date></polygon></object><object><name>tooth</name><deleted>0</deleted><verified>0</verified><occluded>no</occluded><attributes>16</attributes><parts><hasparts /><ispartof /></parts><date>16-01-22 20:54:31:820</date><id>1</id><type>bounding_box</type><polygon><username>anonymous</username><pt><x>927</x><y>562</y><time>16-01-22 20:54:26:455</time></pt><pt><x>499</x><y>562</y><time>16-01-22 20:54:28:774</time></pt><pt><x>499</x><y>9</y><time>undefined</time></pt><pt><x>927</x><y>9</y><time>undefined</time></pt><closed_date>16-01-22 20:54:28:775</closed_date></polygon></object><object><name>tooth</name><deleted>0</deleted><verified>0</verified><occluded>no</occluded><attributes>14</attributes><parts><hasparts /><ispartof /></parts><date>16-01-22 20:54:44:596</date><id>2</id><type>bounding_box</type><polygon><username>anonymous</username><pt><x>1192</x><y>557</y><time>16-01-22 20:54:33:408</time></pt><pt><x>1431</x><y>557</y><time>16-01-22 20:54:39:670</time></pt><pt><x>1431</x><y>7</y><time>undefined</time></pt><pt><x>1192</x><y>7</y><time>undefined</time></pt><closed_date>16-01-22 20:54:39:671</closed_date></polygon></object><object><name>tooth</name><deleted>0</deleted><verified>0</verified><occluded>no</occluded><attributes>15</attributes><parts><hasparts /><ispartof /></parts><date>16-01-22 20:54:52:173</date><id>3</id><type>bounding_box</type><polygon><username>anonymous</username><pt><x>1183</x><y>562</y><time>16-01-22 20:54:46:462</time></pt><pt><x>922</x><y>562</y><time>16-01-22 20:54:48:438</time></pt><pt><x>922</x><y>14</y><time>undefined</time></pt><pt><x>1183</x><y>14</y><time>undefined</time></pt><closed_date>16-01-22 20:54:48:438</closed_date></polygon></object><object><name>tooth</name><deleted>0</deleted><verified>0</verified><occluded>no</occluded><attributes>13</attributes><parts><hasparts /><ispartof /></parts><date>16-01-22 20:54:58:352</date><id>4</id><type>bounding_box</type><polygon><username>anonymous</username><pt><x>1608</x><y>555</y><time>16-01-22 20:54:53:712</time></pt><pt><x>1398</x><y>555</y><time>16-01-22 20:54:55:006</time></pt><pt><x>1398</x><y>5</y><time>undefined</time></pt><pt><x>1608</x><y>5</y><time>undefined</time></pt><closed_date>16-01-22 20:54:55:006</closed_date></polygon></object><object><name>tooth</name><deleted>0</deleted><verified>0</verified><occluded>no</occluded><attributes>43</attributes><parts><hasparts /><ispartof /></parts><date>16-01-22 20:55:08:424</date><id>5</id><type>bounding_box</type><polygon><username>anonymous</username><pt><x>1613</x><y>663</y><time>16-01-22 20:55:01:250</time></pt><pt><x>1442</x><y>663</y><time>16-01-22 20:55:02:472</time></pt><pt><x>1442</x><y>1236</y><time>undefined</time></pt><pt><x>1613</x><y>1236</y><time>undefined</time></pt><closed_date>16-01-22 20:55:02:472</closed_date></polygon></object><object><name>tooth</name><deleted>0</deleted><verified>0</verified><occluded>no</occluded><attributes>44</attributes><parts><hasparts /><ispartof /></parts><date>16-01-22 20:55:17:717</date><id>6</id><type>bounding_box</type><polygon><username>anonymous</username><pt><x>1218</x><y>679</y><time>16-01-22 20:55:09:946</time></pt><pt><x>1479</x><y>679</y><time>16-01-22 20:55:15:033</time></pt><pt><x>1479</x><y>1229</y><time>undefined</time></pt><pt><x>1218</x><y>1229</y><time>undefined</time></pt><closed_date>16-01-22 20:55:15:033</closed_date></polygon></object><object><name>tooth</name><deleted>0</deleted><verified>0</verified><occluded>no</occluded><attributes>46</attributes><parts><hasparts>12</hasparts><ispartof /></parts><date>16-01-22 21:06:36:556</date><id>7</id><type>bounding_box</type><polygon><username>anonymous</username><pt><x>948</x><y>675</y><time>16-01-22 21:06:27:999</time></pt><pt><x>421</x><y>675</y><time>16-01-22 21:06:31:060</time></pt><pt><x>421</x><y>1227</y><time>undefined</time></pt><pt><x>948</x><y>1227</y><time>undefined</time></pt><closed_date>16-01-22 21:06:31:061</closed_date></polygon></object><object><name>tooth</name><deleted>0</deleted><verified>0</verified><occluded>no</occluded><attributes>45</attributes><parts><hasparts /><ispartof /></parts><date>16-01-22 21:06:49:528</date><id>8</id><type>bounding_box</type><polygon><username>anonymous</username><pt><x>1204</x><y>677</y><time>16-01-22 21:06:40:965</time></pt><pt><x>927</x><y>677</y><time>16-01-22 21:06:43:388</time></pt><pt><x>927</x><y>1232</y><time>undefined</time></pt><pt><x>1204</x><y>1232</y><time>undefined</time></pt><closed_date>16-01-22 21:06:43:388</closed_date></polygon></object><object><name>tooth</name><deleted>0</deleted><verified>0</verified><occluded>no</occluded><attributes>47</attributes><parts><hasparts /><ispartof /></parts><date>16-01-22 21:07:15:635</date><id>9</id><type>bounding_box</type><polygon><username>anonymous</username><pt><x>28</x><y>1239</y><time>16-01-22 21:06:59:164</time></pt><pt><x>541</x><y>1239</y><time>16-01-22 21:07:05:988</time></pt><pt><x>541</x><y>596</y><time>undefined</time></pt><pt><x>28</x><y>596</y><time>undefined</time></pt><closed_date>16-01-22 21:07:05:988</closed_date></polygon></object><object><name>tooth</name><deleted>0</deleted><verified>0</verified><occluded>no</occluded><attributes>48</attributes><parts><hasparts /><ispartof /></parts><date>16-01-22 21:07:21:166</date><id>10</id><type>bounding_box</type><polygon><username>anonymous</username><pt><x>12</x><y>483</y><time>16-01-22 21:07:16:573</time></pt><pt><x>180</x><y>483</y><time>16-01-22 21:07:18:035</time></pt><pt><x>180</x><y>890</y><time>undefined</time></pt><pt><x>12</x><y>890</y><time>undefined</time></pt><closed_date>16-01-22 21:07:18:035</closed_date></polygon></object><object><name>restoration</name><deleted>0</deleted><verified>0</verified><occluded>no</occluded><attributes /><parts><hasparts /><ispartof>0</ispartof></parts><date>16-01-22 21:07:41:519</date><id>11</id><polygon><username>anonymous</username><pt><x>217</x><y>402</y><time>16-01-22 21:07:24:010</time></pt><pt><x>245</x><y>409</y><time>16-01-22 21:07:24:408</time></pt><pt><x>252</x><y>421</y><time>16-01-22 21:07:24:704</time></pt><pt><x>287</x><y>423</y><time>16-01-22 21:07:25:064</time></pt><pt><x>293</x><y>423</y><time>16-01-22 21:07:25:280</time></pt><pt><x>317</x><y>416</y><time>16-01-22 21:07:25:529</time></pt><pt><x>347</x><y>414</y><time>16-01-22 21:07:25:880</time></pt><pt><x>363</x><y>418</y><time>16-01-22 21:07:26:154</time></pt><pt><x>370</x><y>428</y><time>16-01-22 21:07:26:401</time></pt><pt><x>402</x><y>423</y><time>16-01-22 21:07:26:706</time></pt><pt><x>425</x><y>421</y><time>16-01-22 21:07:26:936</time></pt><pt><x>448</x><y>430</y><time>16-01-22 21:07:27:172</time></pt><pt><x>465</x><y>460</y><time>16-01-22 21:07:30:816</time></pt><pt><x>448</x><y>490</y><time>16-01-22 21:07:31:360</time></pt><pt><x>393</x><y>499</y><time>16-01-22 21:07:32:849</time></pt><pt><x>354</x><y>488</y><time>16-01-22 21:07:33:504</time></pt><pt><x>347</x><y>460</y><time>16-01-22 21:07:33:977</time></pt><pt><x>347</x><y>453</y><time>16-01-22 21:07:34:448</time></pt><pt><x>314</x><y>446</y><time>16-01-22 21:07:36:408</time></pt><pt><x>291</x><y>471</y><time>16-01-22 21:07:37:208</time></pt><pt><x>282</x><y>492</y><time>16-01-22 21:07:37:688</time></pt><pt><x>263</x><y>501</y><time>16-01-22 21:07:37:992</time></pt><pt><x>243</x><y>497</y><time>16-01-22 21:07:38:376</time></pt><pt><x>240</x><y>465</y><time>16-01-22 21:07:38:680</time></pt><pt><x>233</x><y>418</y><time>16-01-22 21:07:39:009</time></pt><closed_date>16-01-22 21:07:39:225</closed_date></polygon></object><object><name>restoration</name><deleted>0</deleted><verified>0</verified><occluded>no</occluded><attributes /><parts><hasparts /><ispartof>7</ispartof></parts><date>16-01-22 21:07:47:919</date><id>12</id><polygon><username>anonymous</username><pt><x>897</x><y>818</y><time>16-01-22 21:07:42:850</time></pt><pt><x>874</x><y>779</y><time>16-01-22 21:07:43:257</time></pt><pt><x>894</x><y>749</y><time>16-01-22 21:07:43:617</time></pt><pt><x>913</x><y>749</y><time>16-01-22 21:07:43:880</time></pt><pt><x>922</x><y>749</y><time>16-01-22 21:07:44:152</time></pt><pt><x>927</x><y>749</y><time>16-01-22 21:07:44:392</time></pt><pt><x>941</x><y>756</y><time>16-01-22 21:07:44:643</time></pt><pt><x>941</x><y>779</y><time>16-01-22 21:07:44:962</time></pt><pt><x>941</x><y>795</y><time>16-01-22 21:07:45:194</time></pt><pt><x>922</x><y>807</y><time>16-01-22 21:07:45:417</time></pt><closed_date>16-01-22 21:07:45:713</closed_date></polygon></object><imagesize><nrows /><ncols /></imagesize></annotation>